[[-0.8883988  -0.24570895 -0.38778175]
 [ 0.13616978 -0.94773316  0.28854749]
 [-0.43841232  0.20354108  0.87542313]]
[[-0.88858329 -0.24652751 -0.38683838]
 [ 0.1374837  -0.94766957  0.28813299]
 [-0.43762767  0.20284619  0.87597685]]
[[-0.88816873 -0.24777244 -0.38699499]
 [ 0.13629142 -0.94632201  0.29308582]
 [-0.43884047  0.20756556  0.87426288]]
[[-0.88689348 -0.24731732 -0.39019752]
 [ 0.13454913 -0.94629805  0.29396688]
 [-0.44194626  0.20821657  0.8725419 ]]
[[-0.88714664 -0.24432351 -0.3915059 ]
 [ 0.13440597 -0.94837016  0.28727873]
 [-0.44148146  0.20223762  0.87418194]]
[[-0.8874888  -0.24862854 -0.38800447]
 [ 0.13857485 -0.94698599  0.28985263]
 [-0.43950044  0.20347331  0.87489312]]
[[-0.889683   -0.24790294 -0.38341661]
 [ 0.14083424 -0.94781492  0.28602903]
 [-0.43431542  0.20047698  0.87816804]]
[[-0.88519378 -0.2447655  -0.3956284 ]
 [ 0.13093872 -0.94710854  0.29298544]
 [-0.44641576  0.20754581  0.87042387]]
[[-0.88995018 -0.24514341 -0.38456908]
 [ 0.13635473 -0.94770082  0.28856636]
 [-0.43519657  0.20437187  0.87683298]]
[[-0.88426283 -0.24881758 -0.39518231]
 [ 0.13692587 -0.94718469  0.28998701]
 [-0.4464645   0.20231405  0.87162978]]
[[-0.88753688 -0.24762165 -0.38853804]
 [ 0.13550224 -0.94628901  0.29355792]
 [-0.44036058  0.20789571  0.87341968]]
[[-0.88321498 -0.24907309 -0.39735866]
 [ 0.13319302 -0.94563782  0.29669637]
 [-0.44965645  0.20912128  0.86837628]]
[[-0.88683193 -0.24778572 -0.39004021]
 [ 0.13828466 -0.94770227  0.28764171]
 [-0.4409155   0.20115327  0.8747176 ]]
[[-0.88683899 -0.24695048 -0.39055353]
 [ 0.13352194 -0.946109    0.29504179]
 [-0.44236692  0.2095071   0.87201966]]
[[-0.8858174  -0.24817031 -0.39209568]
 [ 0.13553205 -0.94649592  0.2928763 ]
 [-0.44380017  0.20629339  0.87205759]]
[[-0.89075184 -0.24672069 -0.38169368]
 [ 0.13879869 -0.94737883  0.28845846]
 [-0.43277718  0.20396632  0.87812394]]
[[-0.88200921 -0.25088055 -0.39889685]
 [ 0.1334838  -0.94484073  0.29909541]
 [-0.45193122  0.21055864  0.86684672]]
[[-0.88913048 -0.24754916 -0.38492389]
 [ 0.13788138 -0.94689775  0.29047095]
 [-0.4363894   0.20519274  0.87604807]]
[[-0.88737154 -0.24542294 -0.39030671]
 [ 0.13675129 -0.94855932  0.28554213]
 [-0.44030765  0.20000701  0.87528645]]
[[-0.8882375  -0.24779384 -0.38682341]
 [ 0.13909557 -0.94759087  0.28761773]
 [-0.43782023  0.20166743  0.87615278]]
[[-0.889485   -0.24763538 -0.38404839]
 [ 0.13962878 -0.94752516  0.28757586]
 [-0.43510946  0.20217021  0.87738644]]
[[-0.88803543 -0.24874582 -0.38667633]
 [ 0.13847214 -0.94665968  0.29096549]
 [-0.43842734  0.20484377  0.87511171]]
[[-0.8846916  -0.25067745 -0.39304145]
 [ 0.13704875 -0.94571559  0.2946857 ]
 [-0.44557649  0.20684013  0.87102167]]
[[-0.88621202 -0.24793802 -0.39135023]
 [ 0.13839315 -0.94784686  0.28711265]
 [-0.44212623  0.20028249  0.8743062 ]]
[[-0.88599578 -0.24791834 -0.39185197]
 [ 0.13525136 -0.94649158  0.29302006]
 [-0.44352964  0.20661603  0.87211884]]
[[-0.88845444 -0.25112029 -0.38417095]
 [ 0.14074286 -0.94577863  0.29273578]
 [-0.43685256  0.20601308  0.8756246 ]]
[[-0.887665   -0.24753164 -0.38830263]
 [ 0.13649295 -0.94677707  0.29151818]
 [-0.439796    0.20576992  0.87420719]]
[[-0.8886454  -0.24716648 -0.38628756]
 [ 0.13700334 -0.94694539  0.290731  ]
 [-0.43765219  0.20543408  0.8753613 ]]
[[-0.88849135 -0.24413223 -0.38856475]
 [ 0.13464634 -0.94816503  0.28784273]
 [-0.4386952   0.20342696  0.87530794]]
[[-0.8883273  -0.24978042 -0.38533666]
 [ 0.14034221 -0.94665082  0.29009702]
 [-0.43723982  0.2036221   0.87599051]]
[[-0.88622882 -0.24756493 -0.39154832]
 [ 0.13601699 -0.94702961  0.29091975]
 [-0.44282938  0.20456424  0.87295797]]
[[-0.8871576  -0.24595429 -0.39045855]
 [ 0.13696266 -0.9483375   0.28617689]
 [-0.44067292  0.20040576  0.87501137]]
[[-0.88911705 -0.24804548 -0.3846353 ]
 [ 0.13632894 -0.94578767  0.29478824]
 [-0.43690421  0.20966433  0.87473172]]
[[-0.8848265  -0.24707086 -0.39501651]
 [ 0.13454935 -0.9471973   0.29105626]
 [-0.4460701   0.20438508  0.8713485 ]]
[[-0.8844579  -0.24554058 -0.3967922 ]
 [ 0.13419641 -0.94827786  0.28768111]
 [-0.44690664  0.20119375  0.87166251]]
[[-0.88312135 -0.2493151  -0.39741499]
 [ 0.13376433 -0.94575492  0.29606543]
 [-0.44967076  0.20830175  0.86856582]]
[[-0.88834682 -0.24677405 -0.38722409]
 [ 0.13790643 -0.94776304  0.28762307]
 [-0.43797459  0.20210835  0.87597401]]
[[-0.88533619 -0.24674293 -0.39407836]
 [ 0.13526193 -0.94759291  0.28943373]
 [-0.44484159  0.20294236  0.87231322]]
[[-0.88930687 -0.24560294 -0.38576221]
 [ 0.13587482 -0.94735724  0.28991774]
 [-0.43665927  0.20541046  0.87586256]]
[[-0.88754993 -0.24821189 -0.38813141]
 [ 0.14041154 -0.94811494  0.2852414 ]
 [-0.43879349  0.19866785  0.87635116]]
[[-0.88209042 -0.25093438 -0.39868337]
 [ 0.13639726 -0.94611301  0.29371068]
 [-0.45090163  0.20470006  0.86878398]]
[[-0.88829927 -0.24002317 -0.39155241]
 [ 0.12077678 -0.94464116  0.3050673 ]
 [-0.44309974  0.22370062  0.86811327]]
[[-0.88265487 -0.24349869 -0.40203081]
 [ 0.13020396 -0.94854197  0.28864348]
 [-0.45162741  0.20242657  0.86893968]]
[[-0.89215601 -0.2298755  -0.3888636 ]
 [ 0.11736392 -0.9492299   0.29187037]
 [-0.4362148   0.21475535  0.87384025]]
[[-0.89784812 -0.22586124 -0.37796223]
 [ 0.12066898 -0.95176504  0.28210337]
 [-0.42344745  0.20767767  0.8817949 ]]
[[-0.89270039 -0.22250321 -0.39189073]
 [ 0.11543885 -0.95350092  0.27840594]
 [-0.43561439  0.20329367  0.87687615]]
[[-0.8960014  -0.21773954 -0.38700256]
 [ 0.11321547 -0.95474163  0.27504669]
 [-0.429376    0.20262754  0.88010132]]
[[-0.89881379 -0.20831648 -0.38566567]
 [ 0.10351442 -0.95584118  0.27504983]
 [-0.42593254  0.20729663  0.88068699]]
[[-0.89878841 -0.21044765 -0.38456622]
 [ 0.10829232 -0.95663585  0.27040826]
 [-0.42479662  0.20139425  0.88260308]]
[[-0.90097407 -0.20646881 -0.3815971 ]
 [ 0.10764151 -0.95838679  0.26440132]
 [-0.42030825  0.19714305  0.88570627]]
[[-0.90047639 -0.20668889 -0.38265125]
 [ 0.11411765 -0.96131375  0.2507051 ]
 [-0.41966587  0.18208676  0.88922718]]
[[-0.90018734 -0.20260196 -0.38550641]
 [ 0.10736879 -0.96112046  0.25440008]
 [-0.42206006  0.18761637  0.8869416 ]]
[[-0.90217982 -0.20709853 -0.37839369]
 [ 0.11383175 -0.96041774  0.25424417]
 [-0.4160696   0.18630074  0.89004389]]
[[-0.90663132 -0.19809937 -0.3725269 ]
 [ 0.0959122  -0.95657491  0.27525496]
 [-0.41087772  0.21382489  0.88626092]]
[[-0.90348863 -0.20005576 -0.37905934]
 [ 0.09820784 -0.95748494  0.27125229]
 [-0.41720919  0.20784676  0.88472381]]
[[-0.89941966 -0.21240519 -0.38200564]
 [ 0.11595463 -0.95861945  0.26000629]
 [-0.42142472  0.18955945  0.88683055]]
[[-0.90300325 -0.20309851 -0.37859759]
 [ 0.10875386 -0.96056553  0.25590323]
 [-0.41564135  0.1899075   0.88948154]]
[[-0.90362647 -0.19483374 -0.38144334]
 [ 0.09210909 -0.95811108  0.2711809 ]
 [-0.41830028  0.20991184  0.88372049]]
[[-0.90468407 -0.20865203 -0.37149841]
 [ 0.11360764 -0.95845219  0.2616538 ]
 [-0.41065806  0.19450896  0.89080089]]
[[-0.90330197 -0.20655347 -0.37600693]
 [ 0.11776869 -0.96218138  0.24563698]
 [-0.41252404  0.17760252  0.89346587]]
[[-0.90463998 -0.2013179  -0.37562962]
 [ 0.11367339 -0.96344526  0.24259345]
 [-0.41073699  0.17676064  0.89445559]]
[[-0.90458837 -0.19709392 -0.37798659]
 [ 0.10384848 -0.96187087  0.2530216 ]
 [-0.41344331  0.18962706  0.8905651 ]]
[[-0.90049054 -0.20128649 -0.3854874 ]
 [ 0.09369636 -0.95541448  0.28000743]
 [-0.42466196  0.21602527  0.87920151]]
[[-0.90489835 -0.20771146 -0.37150361]
 [ 0.11428565 -0.95935814  0.25801306]
 [-0.40999729  0.19101806  0.89186004]]
[[-0.90477446 -0.20141525 -0.37525335]
 [ 0.10670139 -0.96020356  0.25811614]
 [-0.41230813  0.19349683  0.89025894]]
[[-0.90813098 -0.20327958 -0.36602668]
 [ 0.1112747  -0.95996838  0.25705767]
 [-0.40362862  0.19271252  0.8943969 ]]
[[-0.90176814 -0.20955581 -0.37802194]
 [ 0.11517852 -0.95948765  0.25713294]
 [-0.41659108  0.18833429  0.88937172]]
[[-0.90528405 -0.20747641 -0.37069439]
 [ 0.11813652 -0.96115468  0.24945027]
 [-0.4080497   0.1820308   0.89462854]]
[[-0.90900225 -0.20322673 -0.36388707]
 [ 0.11003221 -0.95910579  0.26078533]
 [-0.40200475  0.19701515  0.89419082]]
[[-0.90644749 -0.19436557 -0.3749333 ]
 [ 0.09304415 -0.95789432  0.27162707]
 [-0.41194143  0.21133032  0.88636548]]
[[-0.90223999 -0.20364435 -0.380121  ]
 [ 0.10983619 -0.96092176  0.25409719]
 [-0.417012    0.1875056   0.88934956]]
[[-0.89945501 -0.19443404 -0.39137716]
 [ 0.09027259 -0.95892155  0.26892437]
 [-0.42758805  0.20655474  0.88005886]]
[[-0.9077237  -0.19734751 -0.37025889]
 [ 0.10033269 -0.95897125  0.26515561]
 [-0.40739543  0.20353896  0.89028133]]
[[-0.91146793 -0.1972453  -0.36099932]
 [ 0.0982334  -0.95652514  0.27460855]
 [-0.39947017  0.21483469  0.89121807]]
[[-0.90728119 -0.19963916 -0.3701149 ]
 [ 0.09924248 -0.95691556  0.27288008]
 [-0.40864626  0.21084785  0.88800418]]
[[-0.90585181 -0.19721524 -0.37488486]
 [ 0.09901544 -0.95907299  0.26528278]
 [-0.41185975  0.20318749  0.88830535]]
[[-0.90752853 -0.19658631 -0.37114121]
 [ 0.09936385 -0.95910152  0.26504926]
 [-0.40806715  0.20366174  0.88994556]]
[[-0.9080827  -0.19122529 -0.37258382]
 [ 0.09183753 -0.95893815  0.26833466]
 [-0.40859721  0.20945289  0.8883568 ]]
[[-0.90854369 -0.19944021 -0.36711302]
 [ 0.09516754 -0.95439635  0.28296775]
 [-0.40680647  0.22215132  0.88609102]]
[[-0.91258936 -0.19668313 -0.35846396]
 [ 0.09857599 -0.95667736  0.27395474]
 [-0.39681663  0.21467225  0.89244181]]
[[-0.91169891 -0.18781364 -0.36541913]
 [ 0.0924744  -0.96038437  0.26288848]
 [-0.40031686  0.20588323  0.89294933]]
[[-0.90776278 -0.18449531 -0.37673362]
 [ 0.08804455 -0.96188112  0.25890706]
 [-0.4101401   0.20185685  0.88940368]]
[[-0.90810946 -0.18602061 -0.37514469]
 [ 0.09569146 -0.96439002  0.24656648]
 [-0.40765224  0.18801121  0.89357229]]
[[-0.91371897 -0.17859815 -0.36499362]
 [ 0.09050481 -0.9651164   0.24568111]
 [-0.39613952  0.19144982  0.89800916]]
[[-0.92159565 -0.16973489 -0.34907238]
 [ 0.08687821 -0.96670669  0.24068725]
 [-0.37830363  0.19148954  0.90565894]]
[[-0.9072487  -0.17599604 -0.38200156]
 [ 0.08779076 -0.96747732  0.23723496]
 [-0.41133026  0.1816949   0.89319336]]
[[-0.91881996 -0.16462337 -0.35870465]
 [ 0.08758034 -0.97124155  0.22140357]
 [-0.38483706  0.17201454  0.90681389]]
[[-0.92262178 -0.16308523 -0.34953148]
 [ 0.0834274  -0.96913902  0.23196857]
 [-0.37657525  0.18485876  0.90775455]]
[[-0.91622557 -0.16358005 -0.36574893]
 [ 0.07580841 -0.96714773  0.24264862]
 [-0.39342572  0.19459402  0.89852622]]
[[-0.91649168 -0.15874177 -0.36721118]
 [ 0.07329542 -0.96899578  0.23595541]
 [-0.39328207  0.18933627  0.89971162]]
[[-0.9071488  -0.16309951 -0.38791701]
 [ 0.0733245  -0.96899642  0.23594377]
 [-0.41437251  0.18559229  0.89098312]]
[[-0.91859543 -0.15652191 -0.36288199]
 [ 0.06641685 -0.96630822  0.24867092]
 [-0.38957829  0.20432649  0.898042  ]]
[[-0.91793612 -0.15297866 -0.36604755]
 [ 0.05650698 -0.96367369  0.26103634]
 [-0.39268338  0.21893045  0.89323526]]
[[-0.92407984 -0.1416323  -0.35498836]
 [ 0.05585636 -0.96887695  0.24115871]
 [-0.3780959   0.20302154  0.90323073]]
[[-0.9179681  -0.14459708 -0.36935925]
 [ 0.05384227 -0.96799234  0.24513635]
 [-0.39298293  0.20514021  0.89637152]]
[[-0.93035526 -0.1444841  -0.33699174]
 [ 0.05853102 -0.96582406  0.25250346]
 [-0.36195747  0.21519346  0.9070163 ]]
[[-0.91980938 -0.14022325 -0.36645346]
 [ 0.04989241 -0.96817742  0.24524118]
 [-0.38918048  0.20729189  0.89753475]]
[[-0.91952411 -0.14458097 -0.36547469]
 [ 0.05204987 -0.96648687  0.25138405]
 [-0.38957184  0.21213078  0.8962334 ]]
[[-0.92231585 -0.14282961 -0.35907267]
 [ 0.05245594 -0.96686175  0.24985343]
 [-0.3828601   0.21160828  0.89924417]]
[[-0.91586068 -0.14347311 -0.37498623]
 [ 0.05304566 -0.96902471  0.24119965]
 [-0.39797659  0.20101389  0.89510226]]
[[-0.92676513 -0.14437931 -0.34678669]
 [ 0.0566146  -0.96632589  0.25101605]
 [-0.37135048  0.21299973  0.90373112]]
[[-0.92975093 -0.14102192 -0.34011178]
 [ 0.05471363 -0.96640436  0.2511355 ]
 [-0.36410112  0.21488472  0.90623117]]
[[-0.92808638 -0.14338138 -0.34365309]
 [ 0.05583589 -0.96604536  0.25226717]
 [-0.36815488  0.21493755  0.90457937]]
[[-0.93112374 -0.1379704  -0.33759852]
 [ 0.05484525 -0.96812533  0.24438771]
 [-0.36055594  0.20903952  0.90901149]]
[[-0.92724783 -0.14296908 -0.3460799 ]
 [ 0.05486681 -0.96613981  0.25211805]
 [-0.37040665  0.21478761  0.9036953 ]]
[[-0.91680574 -0.1425164  -0.37303662]
 [ 0.05163282 -0.96861216  0.24315536]
 [-0.39598143  0.2036653   0.89538771]]
[[-0.91815547 -0.14215792 -0.36984005]
 [ 0.04995827 -0.96750642  0.24786184]
 [-0.39305815  0.20909914  0.89542327]]
[[-0.91389478 -0.13515957 -0.38279006]
 [ 0.04380615 -0.97027445  0.23800949]
 [-0.40358067  0.20074707  0.89264957]]
[[-0.9261493  -0.12754827 -0.35493509]
 [ 0.03815303 -0.96793669  0.2482799 ]
 [-0.37522237  0.21640241  0.90132024]]
[[-0.92294871 -0.12662306 -0.36350004]
 [ 0.04081906 -0.9712164   0.23467532]
 [-0.3827525   0.20175556  0.90155156]]
[[-0.91607741 -0.1205607  -0.38244907]
 [ 0.02780214 -0.97053503  0.23935076]
 [-0.40003652  0.20863093  0.89243707]]
[[-0.93599603 -0.11765847 -0.33176486]
 [ 0.04192773 -0.9730399   0.22679377]
 [-0.34950466  0.19836792  0.91569463]]
[[-0.92778683 -0.11793401 -0.35398187]
 [ 0.03134872 -0.97001634  0.24100947]
 [-0.37179141  0.21250853  0.90366546]]
[[-0.92535422 -0.10865426 -0.36319941]
 [ 0.03153213 -0.97678745  0.21187735]
 [-0.37779     0.18460915  0.90730049]]
[[-0.93085175 -0.10326163 -0.35050256]
 [ 0.02030731 -0.97237477  0.23254013]
 [-0.36483232  0.20934262  0.90723373]]
[[-0.9291115  -0.10403652 -0.35486368]
 [ 0.0207837  -0.97278443  0.23077802]
 [-0.3692152   0.20704313  0.90598746]]
[[-0.92544345 -0.09554084 -0.36664202]
 [ 0.02524648 -0.98108394  0.19192944]
 [-0.3780437   0.16836343  0.91034978]]
[[-0.93955225 -0.09127009 -0.33001719]
 [ 0.00578787 -0.96791524  0.25121024]
 [-0.34235665  0.23411505  0.9099352 ]]
[[-0.9404128  -0.09686281 -0.32594686]
 [ 0.01857577 -0.97177174  0.23519063]
 [-0.33952717  0.21512157  0.91566588]]
[[-0.93882645 -0.09867783 -0.32995086]
 [ 0.02372979 -0.97432974  0.2238715 ]
 [-0.3435721   0.20234682  0.91706814]]
[[-0.93943969 -0.09380905 -0.32962543]
 [ 0.021173   -0.97585769  0.21737862]
 [-0.34205959  0.19723495  0.91874567]]
[[-0.93656933 -0.09030661 -0.33864822]
 [ 0.01312988 -0.97459679  0.22358153]
 [-0.35023636  0.20495319  0.91396317]]
[[-0.93548798 -0.08035902 -0.34409978]
 [-0.00627071 -0.96986923  0.24354539]
 [-0.35330286  0.22999153  0.9067971 ]]
[[-0.93581086 -0.08053616 -0.34317919]
 [-0.00216663 -0.97221849  0.2340652 ]
 [-0.35249586  0.2197843   0.90963813]]
[[-0.93928027 -0.08025328 -0.33363451]
 [-0.00158446 -0.97124281  0.2380859 ]
 [-0.34314729  0.22415802  0.91214205]]
[[-0.92720996 -0.09392708 -0.36257329]
 [ 0.02474457 -0.98129155  0.19093087]
 [-0.37372368  0.16806129  0.91218749]]
[[-0.92661338 -0.09412391 -0.36404441]
 [ 0.02690611 -0.98227888  0.18548386]
 [-0.3750516   0.16207681  0.91272526]]
[[-0.92285005 -0.10033361 -0.37186146]
 [ 0.03229487 -0.98223146  0.18487399]
 [-0.3838031   0.15860175  0.90969262]]
[[-0.92968877 -0.09240567 -0.35656695]
 [ 0.02221776 -0.9803269   0.19612633]
 [-0.36767535  0.17441433  0.91345196]]
[[-0.92503995 -0.09746567 -0.36715328]
 [ 0.03010412 -0.98229322  0.18491556]
 [-0.3786751   0.16000145  0.91159459]]
[[-0.92676442 -0.08779506 -0.36523929]
 [ 0.01330637 -0.97936659  0.20165321]
 [-0.37540732  0.18202501  0.90881034]]
[[-0.93230832 -0.08293424 -0.35202714]
 [ 0.0055537  -0.976521    0.21535063]
 [-0.36162184  0.19881813  0.91087924]]
[[-0.93040213 -0.08049367 -0.35759284]
 [ 0.00673269 -0.97917753  0.20289413]
 [-0.36647857  0.18636557  0.91157081]]
[[-0.93672523 -0.06593747 -0.34379949]
 [-0.00776922 -0.9779428   0.20872834]
 [-0.34997925  0.19819216  0.91555141]]
[[-0.93393772 -0.06047801 -0.3522822 ]
 [-0.01147577 -0.98000028  0.19866494]
 [-0.35725152  0.18958339  0.91456519]]
[[-0.93857567 -0.05761645 -0.34022943]
 [-0.01261102 -0.97957635  0.20067668]
 [-0.34484298  0.19264089  0.91867993]]
[[-0.93893229 -0.05854232 -0.33908545]
 [-0.01439384 -0.97787699  0.20868496]
 [-0.34380076  0.20082179  0.91731764]]
[[-0.94177954 -0.06097153 -0.33065657]
 [-0.00588029 -0.98028363  0.19750806]
 [-0.33617959  0.18795341  0.92285253]]
[[-0.9434644  -0.04705262 -0.32811733]
 [-0.02267962 -0.97839098  0.20551576]
 [-0.33069709  0.20133838  0.92200992]]
[[-0.94162188 -0.0570494  -0.33180357]
 [-0.00891886 -0.98096586  0.19397534]
 [-0.33655415  0.18561073  0.9231901 ]]
[[-0.94545021 -0.05062621 -0.32180876]
 [-0.01943176 -0.97732744  0.21083996]
 [-0.32518656  0.20559199  0.92303068]]
[[-0.94048055 -0.05514414 -0.33534381]
 [-0.01017899 -0.98173437  0.18998425]
 [-0.33969506  0.18208995  0.92274076]]
[[-0.94857635 -0.05553902 -0.31163813]
 [-0.00155629 -0.98365787  0.18004106]
 [-0.3165446   0.17126769  0.93298815]]
[[-0.9420663  -0.05270667 -0.33125985]
 [-0.01243121 -0.98141284  0.19150535]
 [-0.33519628  0.1845287   0.92390076]]
[[-0.9395498  -0.06600837 -0.33598969]
 [-0.00136225 -0.98051474  0.1964408 ]
 [-0.34240958  0.18502362  0.92115251]]
[[-0.94045831 -0.0643015  -0.3337716 ]
 [ 0.00338137 -0.98366507  0.17997666]
 [-0.33989224  0.16813194  0.92531342]]
[[-0.93242033 -0.06856516 -0.35481141]
 [-0.00178716 -0.98094866  0.19425893]
 [-0.36137117  0.18176508  0.91453394]]
[[-9.41301999e-01 -6.63849859e-02 -3.30973686e-01]
 [-7.89552652e-05 -9.80428819e-01  1.96873881e-01]
 [-3.37565610e-01  1.85343910e-01  9.22874365e-01]]
[[-0.93796417 -0.0734279  -0.33886805]
 [ 0.00462395 -0.9798813   0.19952758]
 [-0.34670136  0.18558281  0.91943308]]
[[-0.9402637  -0.08087573 -0.33070122]
 [ 0.01706395 -0.98134819  0.19147991]
 [-0.34001912  0.17439854  0.92410613]]
[[-0.93858879 -0.08720451 -0.33383597]
 [ 0.02187644 -0.98062816  0.19465311]
 [-0.34434358  0.17539609  0.92231432]]
[[-0.93638115 -0.08941427 -0.33940452]
 [ 0.02261579 -0.98036747  0.19587791]
 [-0.35025543  0.17574048  0.92001979]]
[[-0.93784016 -0.08953974 -0.33531845]
 [ 0.02257297 -0.97983853  0.19851174]
 [-0.34633263  0.17860315  0.92095311]]
[[-0.93565927 -0.08826568 -0.3416883 ]
 [ 0.02215463 -0.9809984   0.19274674]
 [-0.3522086   0.1727753   0.91983575]]
[[-0.93908536 -0.08360783 -0.3333593 ]
 [ 0.01385787 -0.97838142  0.2063438 ]
 [-0.3434045   0.18915479  0.91994229]]
[[-0.938514   -0.08099741 -0.33560527]
 [ 0.0079383  -0.97689515  0.21357166]
 [-0.34514991  0.19777586  0.91747275]]
[[-0.93192181 -0.08286873 -0.35306446]
 [ 0.00909023 -0.97857495  0.20569016]
 [-0.36254532  0.18847771  0.91270863]]
[[-0.93606532 -0.08310142 -0.34187114]
 [ 0.02107632 -0.98320432  0.1812872 ]
 [-0.3511944   0.16249127  0.92209494]]
[[-0.94307009 -0.08295592 -0.32208248]
 [ 0.02072494 -0.98117059  0.19202797]
 [-0.33194771  0.1744207   0.9270319 ]]
[[-0.94353108 -0.08307812 -0.32069787]
 [ 0.01949697 -0.98029262  0.19658648]
 [-0.33070979  0.17923282  0.92655633]]
[[-0.93785106 -0.07949243 -0.3378111 ]
 [ 0.00943456 -0.97889279  0.20415656]
 [-0.34690975  0.18828135  0.91880562]]
[[-0.92701853 -0.08206257 -0.36592674]
 [ 0.00657288 -0.97916977  0.20293682]
 [-0.37495792  0.185721    0.90824791]]
[[-0.9267068  -0.08180151 -0.36677381]
 [ 0.00402914 -0.97812664  0.20797124]
 [-0.37576359  0.19125058  0.9067662 ]]
[[-0.92865297 -0.0820316  -0.36176577]
 [ 0.00821576 -0.97955131  0.20102669]
 [-0.37085868  0.18371185  0.91033719]]
[[-0.93023245 -0.08870231 -0.35608916]
 [ 0.01730732 -0.97987211  0.19887458]
 [-0.36656247  0.17883664  0.91304404]]
[[-0.9377096  -0.0778638  -0.33858223]
 [ 0.00524117 -0.9776211   0.21030816]
 [-0.34738053  0.19543342  0.91713279]]
[[-0.92901427 -0.08679971 -0.35971974]
 [ 0.01677701 -0.98098041  0.19338036]
 [-0.36966338  0.1736181   0.91280104]]
[[-0.93979675 -0.0770732  -0.3329291 ]
 [ 0.00748695 -0.97864478  0.20542233]
 [-0.34165188  0.19056261  0.92030423]]
[[-0.93489562 -0.08519446 -0.34454621]
 [ 0.02087543 -0.98228228  0.18624109]
 [-0.35430834  0.16692343  0.92010987]]
[[-0.93244905 -0.09184662 -0.34943234]
 [ 0.02328551 -0.9804151   0.19556077]
 [-0.36055034  0.17421375  0.91632583]]
[[-0.92636898 -0.08368421 -0.36720222]
 [ 0.01059219 -0.98040463  0.19670935]
 [-0.37646822  0.17833596  0.90910283]]
[[-0.92869099 -0.08270141 -0.36151558]
 [ 0.00800292 -0.97906006  0.20341423]
 [-0.37076811  0.18601578  0.90990612]]
[[-0.93087345 -0.08057782 -0.3563451 ]
 [ 0.00677726 -0.97901535  0.20367378]
 [-0.36527891  0.18717947  0.9118855 ]]
[[-0.92944736 -0.08194736 -0.35973911]
 [ 0.0064868  -0.97850111  0.20613951]
 [-0.36889771  0.18926227  0.90999685]]
[[-0.92935896 -0.08116482 -0.36014468]
 [ 0.00691206 -0.97918748  0.20284011]
 [-0.36911264  0.18602193  0.91057767]]
[[-0.92903853 -0.08088997 -0.36103216]
 [ 0.00557762 -0.97875864  0.20494001]
 [-0.36994094  0.18838347  0.90975566]]
[[-0.93197846 -0.08201196 -0.35311498]
 [ 0.00805332 -0.97851712  0.20600822]
 [-0.36242419  0.18915147  0.91261735]]
[[-0.93223265 -0.08097165 -0.35268382]
 [ 0.00631187 -0.97813335  0.20788291]
 [-0.36180443  0.19156914  0.91235893]]
[[-0.93043364 -0.08474728 -0.3565265 ]
 [ 0.00991265 -0.97835655  0.20668867]
 [-0.36632634  0.18877597  0.91113591]]
[[-0.92732191 -0.08284656 -0.36498016]
 [ 0.01325598 -0.98185111  0.18918953]
 [-0.37402988  0.17060142  0.91159026]]
[[-0.94115836 -0.08558315 -0.32695024]
 [ 0.02234469 -0.9810466   0.19247932]
 [-0.33722641  0.17384792  0.92523254]]
[[-0.93503289 -0.08712051 -0.34369102]
 [ 0.01196739 -0.97654481  0.21498141]
 [-0.35435897  0.19690161  0.91414412]]
[[-0.93485742 -0.08602578 -0.34444328]
 [ 0.01292536 -0.97780276  0.20912843]
 [-0.35478802  0.19105321  0.91521808]]
[[-0.93656974 -0.08585837 -0.33980208]
 [ 0.01344234 -0.97761629  0.20996592]
 [-0.35022339  0.19207999  0.91675998]]
[[-0.93374737 -0.07858519 -0.34919941]
 [ 0.00800807 -0.97994303  0.19911687]
 [-0.35784316  0.18312844  0.91564854]]
[[-0.93219656 -0.07454561 -0.35419277]
 [ 0.00339757 -0.98032069  0.19738235]
 [-0.36193649  0.18279575  0.91410486]]
[[-0.93239084 -0.07816277 -0.35289929]
 [ 0.00941704 -0.98126037  0.19245624]
 [-0.361329    0.17612117  0.91565424]]
[[-0.93008239 -0.07359707 -0.35990307]
 [ 0.00375159 -0.98157722  0.191029  ]
 [-0.36733183  0.1763225   0.91322379]]
[[-0.94656114 -0.06882244 -0.315096  ]
 [ 0.00239813 -0.97844265  0.20650481]
 [-0.32251553  0.19471378  0.92632083]]
[[-0.93969413 -0.07208106 -0.33433407]
 [ 0.00410407 -0.97984532  0.19971558]
 [-0.34199138  0.18629943  0.92105071]]
[[-0.92825682 -0.08415555 -0.36229426]
 [ 0.01207382 -0.98037121  0.19679054]
 [-0.37174387  0.17829788  0.91105233]]
[[-0.92759789 -0.0854682  -0.36367203]
 [ 0.01056343 -0.97908927  0.20315663]
 [-0.37343081  0.18460604  0.90910398]]
[[-0.9430727  -0.07910393 -0.32304249]
 [ 0.00735172 -0.97602408  0.21753839]
 [-0.33250539  0.2027796   0.92104321]]
[[-0.93380592 -0.07888366 -0.34897545]
 [ 0.01086309 -0.9811928   0.19272435]
 [-0.357615    0.17617619  0.91710057]]
[[-0.93584568 -0.07554391 -0.34421792]
 [ 0.01230778 -0.98316433  0.1823086 ]
 [-0.35219508  0.16637616  0.92101987]]
[[-0.93434189 -0.06971922 -0.34949173]
 [ 0.00101841 -0.98119556  0.19301357]
 [-0.35637649  0.17998474  0.91684311]]
[[-0.92929044 -0.07095008 -0.36247119]
 [-0.00328455 -0.97975015  0.20019703]
 [-0.3693352   0.18723175  0.91023941]]
[[-0.93160885 -0.08447775 -0.35350879]
 [ 0.00634566 -0.97624645  0.21657008]
 [-0.36340706  0.19951535  0.9100159 ]]
[[-0.93788805 -0.06103588 -0.34152691]
 [-0.0108313  -0.97877206  0.20466544]
 [-0.34676893  0.19565245  0.91731752]]
[[-0.93880694 -0.07821982 -0.33544477]
 [ 0.00561602 -0.97722031  0.21215305]
 [-0.34439802  0.19728689  0.91786049]]
[[-0.9338264  -0.07885378 -0.34892741]
 [ 0.01094717 -0.98124512  0.19245302]
 [-0.35755897  0.17589795  0.91717583]]
[[-0.93354152 -0.07085875 -0.35139616]
 [-0.00286723 -0.97876119  0.20498367]
 [-0.35845781  0.19236831  0.91351105]]
[[-0.94062588 -0.07211103 -0.33169708]
 [ 0.00218304 -0.97843945  0.20652233]
 [-0.33943804  0.19353614  0.92050289]]
[[-0.93476795 -0.07771496 -0.34665438]
 [ 0.00760199 -0.97993188  0.19918763]
 [-0.35517754  0.18355895  0.91659971]]
[[-0.94373232 -0.0716268  -0.32286052]
 [ 0.00260393 -0.97784294  0.20932367]
 [-0.33070006  0.1967048   0.9230085 ]]
[[-0.9269402  -0.08422937 -0.36563272]
 [ 0.01060743 -0.97997044  0.19886032]
 [-0.37505914  0.1804532   0.90926744]]
[[-0.93824821 -0.0712583  -0.33854475]
 [ 0.0022402  -0.97978894  0.20002153]
 [-0.3459556   0.18691144  0.91944485]]
[[-0.92541334 -0.08439532 -0.36944225]
 [ 0.0184963  -0.98378345  0.17840406]
 [-0.37850764  0.15826418  0.91196733]]
[[-0.93153705 -0.06482014 -0.35782268]
 [-0.00721608 -0.98049642  0.19640442]
 [-0.36357482  0.18554007  0.912901  ]]
[[-0.94149453 -0.05864513 -0.33188674]
 [-0.01071028 -0.97904097  0.20338159]
 [-0.33685805  0.19503726  0.92113361]]
[[-0.92959772 -0.07862611 -0.36009166]
 [ 0.01144727 -0.98266916  0.18501426]
 [-0.36839792  0.16786677  0.91438707]]
[[-0.92276347 -0.06429032 -0.37996622]
 [ 0.00167682 -0.98664637  0.16286844]
 [-0.38536315  0.14965192  0.91054903]]
[[-0.92761653 -0.05610735 -0.36929599]
 [-0.01285152 -0.98327544  0.1816707 ]
 [-0.37331274  0.17326676  0.91138149]]
[[-0.93388473 -0.05507162 -0.35330784]
 [-0.00286663 -0.98688375  0.16140709]
 [-0.35756271  0.15174842  0.92147779]]
[[-0.92391692 -0.06755889 -0.37658111]
 [-0.01274066 -0.97830719  0.20676732]
 [-0.38238097  0.19583372  0.90301381]]
[[-0.92484592 -0.06612416 -0.37454988]
 [-0.00942949 -0.98048237  0.19638079]
 [-0.38022507  0.18515378  0.9061716 ]]
[[-0.93385019 -0.05714566 -0.35306968]
 [-0.01467127 -0.98020233  0.19745415]
 [-0.35736337  0.18957258  0.91452373]]
[[-0.93773994 -0.05308594 -0.34325746]
 [-0.00873142 -0.98433638  0.1760842 ]
 [-0.3472284   0.16811832  0.92258803]]
[[-0.94116504 -0.04869519 -0.33442062]
 [-0.01190966 -0.98417057  0.17682319]
 [-0.33773737  0.17040264  0.92568699]]
[[-0.94259653 -0.04862651 -0.33037439]
 [-0.01151886 -0.98401759  0.17769833]
 [-0.33373506  0.17130336  0.92697145]]
[[-0.93815609 -0.05486085 -0.34183832]
 [-0.00741658 -0.98395421  0.17826697]
 [-0.34613313  0.16977751  0.92269575]]
[[-0.93846356 -0.05532512 -0.34091829]
 [-0.00202444 -0.98618857  0.16561405]
 [-0.34537234  0.15611291  0.92539003]]
[[-9.37259535e-01 -6.90945356e-02 -3.41717003e-01]
 [-7.40238099e-04 -9.79767545e-01  2.00137477e-01]
 [-3.48631635e-01  1.87833710e-01  9.18245327e-01]]
[[-0.92765228 -0.05751845 -0.36898899]
 [-0.00720767 -0.98512588  0.17168297]
 [-0.37337554  0.16192165  0.9134397 ]]
[[-0.93334038 -0.06803897 -0.35248607]
 [-0.00728814 -0.97808182  0.20809333]
 [-0.35891867  0.19679088  0.91238738]]
[[-9.34766978e-01 -5.79686762e-02 -3.50500112e-01]
 [ 1.17652704e-04 -9.86648117e-01  1.62866445e-01]
 [-3.55261428e-01  1.52200938e-01  9.22292899e-01]]
[[-0.92988455 -0.05681798 -0.36343698]
 [-0.00297532 -0.98680515  0.16188494]
 [-0.36783946  0.15161565  0.91744582]]
[[-0.92359498 -0.0580149  -0.3789546 ]
 [-0.0070874  -0.98573066  0.16818099]
 [-0.38330417  0.15801692  0.91000471]]
[[-0.91606242 -0.05976794 -0.39655698]
 [-0.0135909  -0.98363734  0.17964653]
 [-0.40080536  0.169957    0.9002609 ]]
[[-0.9485427  -0.05177123 -0.31238834]
 [-0.01691213 -0.97685272  0.21324338]
 [-0.31619728  0.2075536   0.92571096]]
[[-0.92731473 -0.05831136 -0.36971229]
 [-0.01452056 -0.9814409   0.19121429]
 [-0.37400073  0.18268426  0.90925789]]
[[-0.93845495 -0.05246401 -0.34139395]
 [-0.02381637 -0.9762157   0.21548942]
 [-0.34457958  0.21035788  0.91488495]]
[[-0.927491   -0.0619413  -0.36867834]
 [-0.01097098 -0.98124393  0.19245776]
 [-0.37368447  0.1825476   0.90941536]]
[[-0.91619997 -0.05916734 -0.39632921]
 [-0.01599674 -0.98285067  0.18370808]
 [-0.40040195  0.17465331  0.89954127]]
[[-0.93258551 -0.05229649 -0.35714051]
 [-0.01314793 -0.98386987  0.1784018 ]
 [-0.36070957  0.17107059  0.9168552 ]]
[[-0.93499195 -0.05186354 -0.35085643]
 [-0.01634013 -0.98190094  0.188689  ]
 [-0.35429234  0.18215573  0.91722202]]
[[-0.94216568 -0.04116526 -0.33260975]
 [-0.02875031 -0.97884248  0.20258534]
 [-0.33391203  0.20043159  0.92104828]]
[[-0.92764278 -0.04930393 -0.37019994]
 [-0.0194022  -0.98354682  0.17960847]
 [-0.37296438  0.17379519  0.9114235 ]]
[[-0.9307327  -0.05602389 -0.3613834 ]
 [-0.01264013 -0.982677    0.18489497]
 [-0.36548169  0.17665572  0.91390147]]
[[-0.92621802 -0.06435486 -0.37145474]
 [-0.00386193 -0.98365025  0.18004795]
 [-0.37696851  0.16819819  0.91082606]]
[[-0.93482818 -0.05334189 -0.35107109]
 [-0.02050559 -0.97889434  0.20333569]
 [-0.35450781  0.19728285  0.91400421]]
[[-0.94034157 -0.04565282 -0.33715508]
 [-0.02438487 -0.9793651   0.20062246]
 [-0.3393569   0.19687512  0.91982449]]
[[-0.93737563 -0.05290779 -0.34427852]
 [-0.02061552 -0.97823716  0.20646321]
 [-0.34770955  0.20063106  0.91588495]]
[[-0.93823012 -0.04812485 -0.34264886]
 [-0.02356928 -0.97909166  0.20204954]
 [-0.34520825  0.19764495  0.91747901]]
[[-0.93810695 -0.04636288 -0.34322855]
 [-0.02436986 -0.97970761  0.19894499]
 [-0.34548728  0.1949961   0.91794066]]
[[-0.93661855 -0.05078741 -0.34665016]
 [-0.02276188 -0.97852583  0.20486359]
 [-0.34961063  0.19976945  0.91534943]]
[[-0.93114718 -0.05046621 -0.36113446]
 [-0.02270326 -0.98043152  0.19554693]
 [-0.36393611  0.1902819   0.91178029]]
[[-0.9335356  -0.06216373 -0.35305375]
 [-0.01518668 -0.97710825  0.21219999]
 [-0.35816287  0.20345796  0.91122128]]
[[-0.9220471  -0.06076648 -0.38227816]
 [-0.00767392 -0.98453673  0.17501012]
 [-0.38700163  0.16430115  0.90732291]]
[[-0.94037102 -0.05293341 -0.33600654]
 [-0.01977074 -0.97764167  0.20934633]
 [-0.33957541  0.20350632  0.91829936]]
[[-0.92497298 -0.06086953 -0.37512651]
 [-0.00938885 -0.98312815  0.18267699]
 [-0.37991689  0.17249328  0.90879548]]
[[-0.92504078 -0.05441113 -0.37595077]
 [-0.00905047 -0.98625063  0.16500846]
 [-0.37975998  0.15604209  0.9118296 ]]
[[-0.92365387 -0.05219865 -0.3796562 ]
 [-0.02145433 -0.98208341  0.1872215 ]
 [-0.38262677  0.18107313  0.90598525]]
[[-0.9279071  -0.05459346 -0.36879259]
 [-0.01494216 -0.9829791   0.18310878]
 [-0.37251195  0.17541849  0.91129754]]
[[-0.92534598 -0.05442008 -0.37519766]
 [-0.02262503 -0.97995379  0.19793606]
 [-0.37844806  0.19164819  0.90556504]]
[[-0.91661013 -0.05517681 -0.3959563 ]
 [-0.00882457 -0.98739606  0.15802263]
 [-0.39968487  0.14833929  0.90457032]]
[[-0.93674547 -0.05678312 -0.34537458]
 [-0.00531077 -0.98433315  0.17623863]
 [-0.34997102  0.16692494  0.92176806]]
[[-0.93944627 -0.04996811 -0.33903377]
 [-0.02305487 -0.97785619  0.20800419]
 [-0.34191985  0.20322514  0.91749134]]
[[-0.93846583 -0.04336962 -0.34263823]
 [-0.03197341 -0.97691401  0.21122669]
 [-0.34388891  0.20918434  0.91541375]]
[[-0.94114436 -0.05588667 -0.33335263]
 [-0.0040436  -0.98430399  0.17643501]
 [-0.33798068  0.16739876  0.92614616]]
[[-0.9291761  -0.05235023 -0.3659115 ]
 [-0.01728215 -0.98268503  0.18447617]
 [-0.36923312  0.17773459  0.91218272]]
[[-0.93507398 -0.0534002  -0.35040701]
 [-0.0104444  -0.98400604  0.17782865]
 [-0.3542987   0.16994273  0.91956071]]
[[-0.93438122 -0.05205185 -0.35245191]
 [-0.01434693 -0.98297006  0.18320489]
 [-0.35598583  0.17623981  0.91772197]]
[[-0.93553834 -0.05094071 -0.34953263]
 [-0.01666117 -0.98208083  0.18772226]
 [-0.352832    0.18144499  0.91792554]]
[[-0.93699095 -0.05017223 -0.34573214]
 [-0.01638117 -0.98223542  0.18693647]
 [-0.34896937  0.18082128  0.91952381]]
[[-0.93506802 -0.05392889 -0.35034194]
 [-0.0161905  -0.98082954  0.1941939 ]
 [-0.35409838  0.18725672  0.91626921]]
[[-0.93620917 -0.05122949 -0.34768942]
 [-0.01616859 -0.98199265  0.18822594]
 [-0.35107117  0.1818405   0.91852222]]
[[-0.92803751 -0.05891548 -0.36779797]
 [-0.01144083 -0.98243786  0.18623897]
 [-0.37231101  0.17704466  0.91106514]]
[[-0.92783117 -0.05525196 -0.36888555]
 [-0.02425983 -0.97793524  0.20749487]
 [-0.37221067  0.20146931  0.90601839]]
[[-0.93633582 -0.05101493 -0.34737977]
 [-0.02029509 -0.97986967  0.19860395]
 [-0.35051867  0.1930101   0.91645172]]
[[-0.93968956 -0.05163649 -0.33810827]
 [-0.01122352 -0.9833505   0.18137206]
 [-0.34184436  0.1742282   0.92346466]]
[[-0.92041479 -0.06037147 -0.38625368]
 [-0.00696128 -0.98531694  0.17059331]
 [-0.39088126  0.15970542  0.90648002]]
[[-0.94137727 -0.05578756 -0.33271096]
 [-0.00569474 -0.9834637   0.18101578]
 [-0.33730758  0.17229885  0.92549268]]
[[-0.93588403 -0.04813427 -0.34900455]
 [-0.01794157 -0.98282573  0.18366187]
 [-0.35185108  0.1781479   0.9189473 ]]
[[-0.9356936  -0.05227865 -0.34891893]
 [-0.02235759 -0.97818726  0.20651834]
 [-0.35210456  0.20103887  0.91411474]]
[[-0.93566349 -0.057479   -0.34818098]
 [-0.01197595 -0.98090579  0.19411441]
 [-0.35269024  0.18579556  0.91710937]]
[[-0.93474545 -0.05414906 -0.3511678 ]
 [-0.00888905 -0.98444645  0.17545986]
 [-0.35520689  0.16713186  0.91972551]]
[[-0.93534717 -0.04115476 -0.35132886]
 [-0.02455743 -0.98325761  0.18055861]
 [-0.35287762  0.17751272  0.91867656]]
[[-0.92287527 -0.06181189 -0.38010594]
 [-0.01060382 -0.98258131  0.18553039]
 [-0.38495298  0.17525199  0.90614455]]
[[-0.93192481 -0.04103861 -0.36032206]
 [-0.02192068 -0.98538518  0.16892462]
 [-0.36198845  0.16532355  0.9174053 ]]
[[-0.92900372 -0.05789513 -0.36551367]
 [-0.00944821 -0.98365438  0.17981877]
 [-0.36994976  0.17050576  0.91327157]]
[[-0.93172644 -0.05684287 -0.35868471]
 [-0.00643608 -0.9849347   0.17280687]
 [-0.36310386  0.16331726  0.91732386]]
[[-0.92904898 -0.0419408  -0.3675717 ]
 [-0.02123098 -0.98587153  0.16615223]
 [-0.36934703  0.16216747  0.9150325 ]]
[[-0.92568755 -0.06732776 -0.37224928]
 [-0.0029242  -0.9827312   0.18501576]
 [-0.37827768  0.17235532  0.90950516]]
[[-0.92116115 -0.0584016  -0.38477447]
 [-0.01044776 -0.98460926  0.1744576 ]
 [-0.38904111  0.16472359  0.90637363]]
[[-0.93217905 -0.0475279  -0.35886393]
 [-0.01758181 -0.98422931  0.17602144]
 [-0.36157033  0.17039297  0.91664232]]
[[-0.93947463 -0.0410982  -0.34014461]
 [-0.0160721  -0.98640024  0.16357338]
 [-0.3422413   0.15913988  0.92603747]]
[[-0.93351644 -0.05513638 -0.35426971]
 [-0.00459057 -0.98618563  0.16558028]
 [-0.3585052   0.15619821  0.9203674 ]]
[[-0.9189021  -0.05996525 -0.3899014 ]
 [-0.00658537 -0.98590965  0.167149  ]
 [-0.39443069  0.15616121  0.90555956]]
[[-0.93752631 -0.04446418 -0.34506137]
 [-0.0206633  -0.9829327   0.18280137]
 [-0.34730021  0.1785112   0.92060649]]
[[-0.9370922  -0.0568556  -0.34442074]
 [-0.01793821 -0.97750075  0.2101678 ]
 [-0.34862075  0.2031249   0.91498844]]
[[-0.92846598 -0.05395751 -0.36747722]
 [-0.00917967 -0.9857555   0.167934  ]
 [-0.37130399  0.15929432  0.91474514]]
[[-0.92617866 -0.05244957 -0.37341951]
 [-0.00487985 -0.9885294   0.15094968]
 [-0.37705341  0.1416286   0.9152989 ]]
[[-0.92096688 -0.05607555 -0.38558467]
 [ 0.00317856 -0.99063821  0.13647647]
 [-0.3896279   0.1244647   0.91252322]]
[[-0.92253731 -0.0578861  -0.38154175]
 [ 0.00626121 -0.99080106  0.13518158]
 [-0.3858571   0.12232114  0.91441338]]
[[-0.93383596 -0.05844019 -0.35289536]
 [-0.01215072 -0.98081182  0.19457783]
 [-0.35749511  0.18599171  0.91520726]]
[[-0.93582924 -0.05622716 -0.34793986]
 [-0.01759517 -0.97850906  0.20545179]
 [-0.35201427  0.19838985  0.91472806]]
[[-0.92483176 -0.05154566 -0.37686769]
 [-0.01228459 -0.98621132  0.16503429]
 [-0.38017798  0.15725862  0.91144634]]
[[-0.92106127 -0.06682199 -0.38364171]
 [ 0.00791504 -0.98817652  0.15311601]
 [-0.38933725  0.13799269  0.91070002]]
[[-0.91824189 -0.06492226 -0.39066217]
 [-0.00488672 -0.98453821  0.17510176]
 [-0.39598984  0.16269483  0.90372697]]
[[-0.93463193 -0.06105684 -0.35033587]
 [-0.00585208 -0.98237641  0.18682169]
 [-0.35556844  0.17665971  0.91780305]]
[[-0.92793973 -0.06061328 -0.36776879]
 [-0.00925858 -0.98263601  0.18531259]
 [-0.37261526  0.17536393  0.9112658 ]]
[[-0.9372279  -0.04736695 -0.3454855 ]
 [-0.01957042 -0.98202594  0.18772864]
 [-0.34816786  0.18270582  0.91945513]]
[[-9.31159756e-01 -5.90477561e-02 -3.59798376e-01]
 [ 7.52795966e-04 -9.87108689e-01  1.60049582e-01]
 [-3.64610672e-01  1.48760875e-01  9.19200337e-01]]
[[-0.91966207 -0.05836232 -0.38834974]
 [-0.0065516  -0.9864775   0.16376572]
 [-0.39265603  0.15315344  0.90684357]]
[[-0.92994891 -0.059402   -0.36285868]
 [-0.01289039 -0.98099002  0.19362957]
 [-0.36746273  0.184743    0.91150489]]
[[-0.91917059 -0.06850751 -0.38785583]
 [ 0.00659429 -0.98729524  0.15875965]
 [-0.39380444  0.14336957  0.90794451]]
[[-0.91540822 -0.0661466  -0.39705468]
 [-0.00550894 -0.98425455  0.17667095]
 [-0.40248906  0.16391339  0.90063031]]
[[-0.93266639 -0.06070051 -0.35559648]
 [-0.00567406 -0.98315113  0.18270648]
 [-0.36069545  0.17242186  0.9166076 ]]
[[-0.93308926 -0.06260019 -0.35415484]
 [ 0.00468783 -0.9867682   0.16206955]
 [-0.35961432  0.14956514  0.92103627]]
[[-0.92930089 -0.05581127 -0.36508213]
 [ 0.00115021 -0.98894837  0.14825588]
 [-0.36932172  0.1373544   0.91909479]]
[[-0.93019544 -0.05123133 -0.36347187]
 [-0.00927886 -0.98661388  0.16280955]
 [-0.36694734  0.15481731  0.91726836]]
[[-0.94068086 -0.04406098 -0.3364196 ]
 [-0.02218002 -0.98142565  0.19055638]
 [-0.33856692  0.18671453  0.92223106]]
[[-0.939198   -0.05116116 -0.3395433 ]
 [-0.00536945 -0.98652891  0.16349886]
 [-0.34333408  0.15538097  0.92627127]]
[[-0.92890516 -0.06164228 -0.36515126]
 [ 0.00899101 -0.98951204  0.14417035]
 [-0.37020855  0.1306375   0.91971706]]
[[-0.92520963 -0.06489622 -0.37386578]
 [ 0.00560054 -0.98749493  0.15755124]
 [-0.37941505  0.14367407  0.91400327]]
[[-0.92341749 -0.07168862 -0.37704228]
 [ 0.01258496 -0.98752782  0.15694083]
 [-0.38359061  0.14017685  0.91280266]]
[[-0.92307651 -0.0717353  -0.37786744]
 [ 0.01242462 -0.98750165  0.15711818]
 [-0.38441564  0.14033724  0.91243086]]
[[-0.91655935 -0.07114712 -0.39351881]
 [ 0.00744624 -0.98691201  0.16108766]
 [-0.39982936  0.14471617  0.90509321]]
[[-0.93265905 -0.05325312 -0.35680695]
 [-0.01643915 -0.9817441   0.1894948 ]
 [-0.36038431  0.18259964  0.91475708]]
[[-0.92402066 -0.07008532 -0.37586416]
 [ 0.01230798 -0.98799903  0.15396894]
 [-0.38214438  0.13764435  0.91379412]]
[[-0.92614244 -0.05280412 -0.37345938]
 [-0.00879587 -0.9868586   0.16134665]
 [-0.37707137  0.15271488  0.91350717]]
[[-0.93299346 -0.05262323 -0.35602527]
 [-0.0148983  -0.9827569   0.18430114]
 [-0.35958482  0.17725593  0.91612177]]
[[-0.92883028 -0.06565094 -0.36464264]
 [ 0.00461964 -0.98615172  0.16578129]
 [-0.37047667  0.15229817  0.91627087]]
[[-0.92020883 -0.05571084 -0.38744292]
 [-0.00272835 -0.98888271  0.14867258]
 [-0.39141828  0.1378669   0.9098266 ]]
[[-9.29437192e-01 -5.84952074e-02 -3.64314173e-01]
 [-7.08902088e-04 -9.87068925e-01  1.60294838e-01]
 [-3.68979679e-01  1.49242248e-01  9.17377102e-01]]
[[-0.93521604 -0.0630581  -0.34841734]
 [-0.00630158 -0.98089396  0.19444109]
 [-0.35402155  0.18404001  0.91695039]]
[[-0.93765768 -0.0592345  -0.34247532]
 [-0.00811804 -0.98136846  0.19196365]
 [-0.34746535  0.18277642  0.91970681]]
[[-0.92123232 -0.05919676 -0.38448246]
 [ 0.00569206 -0.99029947  0.13883288]
 [-0.38897123  0.12570884  0.91263282]]
[[-0.93224873 -0.06804884 -0.3553613 ]
 [ 0.00105713 -0.9826628   0.18539879]
 [-0.3618165   0.17246213  0.91615808]]
[[-0.93197221 -0.06492268 -0.35666909]
 [-0.00149044 -0.9831396   0.18285047]
 [-0.36252665  0.17094316  0.91616203]]
[[-0.93597596 -0.06345534 -0.34629817]
 [-0.00912709 -0.97891898  0.2040449 ]
 [-0.35194559  0.19414182  0.91566547]]
[[-0.92826548 -0.06072492 -0.36692736]
 [-0.00712715 -0.98349502  0.18079477]
 [-0.37184998  0.17044069  0.91251168]]
[[-0.92434537 -0.06449828 -0.37606597]
 [ 0.00429027 -0.98730383  0.15878518]
 [-0.38153275  0.14515892  0.91288644]]
[[-0.92862916 -0.06079527 -0.36599428]
 [-0.00409905 -0.98474141  0.17397573]
 [-0.37098663  0.16305916  0.91421039]]
[[-9.25751607e-01 -5.72912113e-02 -3.73766877e-01]
 [ 6.89201963e-04 -9.88709568e-01  1.49842970e-01]
 [-3.78131573e-01  1.38459770e-01  9.15338957e-01]]
[[-0.92205792 -0.05637347 -0.38292456]
 [ 0.0022238  -0.99009169  0.14040476]
 [-0.38704553  0.12860978  0.91304725]]
[[-0.92641847 -0.06157941 -0.37142534]
 [-0.00391301 -0.98490535  0.17304953]
 [-0.3764751   0.16176967  0.91219355]]
[[-0.92226698 -0.06593353 -0.38088896]
 [-0.00589855 -0.98283082  0.18441473]
 [-0.38650852  0.17232631  0.90604349]]
[[-0.93118323 -0.06324103 -0.3590242 ]
 [-0.00471803 -0.98266494  0.18533038]
 [-0.36452097  0.17427043  0.91474274]]
[[-0.93492672 -0.04664094 -0.35176222]
 [-0.01261592 -0.98632799  0.1643105 ]
 [-0.35461652  0.15805608  0.92155597]]
[[-0.92522123 -0.05140125 -0.37593029]
 [-0.00533402 -0.98892146  0.14834386]
 [-0.3793906   0.13925611  0.91469695]]
[[-0.92498234 -0.05159274 -0.37649152]
 [-0.00931714 -0.98736396  0.1581948 ]
 [-0.37989586  0.14983522  0.91281353]]
[[-0.9239532  -0.05825915 -0.3780428 ]
 [ 0.00364891 -0.98963037  0.14359117]
 [-0.38248813  0.13129208  0.91458473]]
[[-0.917954   -0.06919085 -0.39060605]
 [ 0.00166924 -0.98533604  0.17061682]
 [-0.39668334  0.15596638  0.90460866]]
[[-0.93369395 -0.05608935 -0.35365179]
 [-0.00226424 -0.98671076  0.16247075]
 [-0.35806491  0.15249871  0.92115887]]
[[-0.91587612 -0.05537508 -0.39762361]
 [-0.00879946 -0.98743451  0.15778359]
 [-0.40136455  0.1480091   0.90388041]]
[[-0.92927091 -0.06390898 -0.36382856]
 [-0.00794223 -0.98123609  0.19264645]
 [-0.36931355  0.18191035  0.91132657]]
[[-0.9379216  -0.05535357 -0.34240189]
 [-0.00885677 -0.98303922  0.18318149]
 [-0.34673423  0.17484245  0.92152346]]
[[-0.94013158 -0.04400878 -0.33795834]
 [-0.01444068 -0.98559338  0.16851458]
 [-0.34050562  0.16330623  0.92595194]]
[[-0.93548909 -0.04916644 -0.3499183 ]
 [-0.004879   -0.98838083  0.15191951]
 [-0.35332188  0.14382629  0.9243796 ]]
[[-0.92529216 -0.04891487 -0.37608743]
 [-0.0151513  -0.98608835  0.16553005]
 [-0.37895231  0.15886187  0.9116787 ]]
[[-0.92698201 -0.06521168 -0.36939382]
 [-0.00747027 -0.98136765  0.19199411]
 [-0.37503141  0.18073455  0.909223  ]]
[[-0.93270419 -0.06002215 -0.35561249]
 [-0.00774821 -0.98249041  0.18615198]
 [-0.3605591   0.17638009  0.91590785]]
[[-9.16015875e-01 -5.52002219e-02 -3.97325876e-01]
 [-7.24519007e-04 -9.90257532e-01  1.39246170e-01]
 [-4.01141361e-01  1.27839572e-01  9.07051626e-01]]
[[-0.92363276 -0.05236233 -0.37968502]
 [-0.01565423 -0.98464364  0.17387305]
 [-0.38295884  0.16653852  0.90862943]]
[[-0.91728041 -0.06445522 -0.39299131]
 [-0.00760026 -0.98380243  0.17909499]
 [-0.39816942  0.16726717  0.90193282]]
[[-0.91534734 -0.07153907 -0.39625927]
 [ 0.00780172 -0.98705737  0.16017767]
 [-0.40258959  0.1435267   0.90405846]]
[[-0.91611655 -0.06968294 -0.39480977]
 [ 0.00600209 -0.98705252  0.16028506]
 [-0.40086711  0.14447011  0.90467339]]
[[-0.92963296 -0.04875502 -0.36524719]
 [-0.01778842 -0.98411478  0.17663994]
 [-0.36805724  0.17070748  0.91399826]]
[[-0.92801277 -0.04651272 -0.36963342]
 [-0.01977879 -0.98462515  0.17355726]
 [-0.37202298  0.16837426  0.91282474]]
[[-0.91804189 -0.06605711 -0.39094188]
 [-0.00224003 -0.98514341  0.17171907]
 [-0.39647708  0.15852102  0.90425495]]
[[-0.91937263 -0.064106   -0.38812934]
 [-0.01720571 -0.97913602  0.20247621]
 [-0.39301136  0.19282913  0.89908787]]
[[-0.91599311 -0.0691234  -0.39519435]
 [ 0.00394298 -0.98654904  0.16341802]
 [-0.40117462  0.14813153  0.90394467]]
[[-0.934789   -0.04433599 -0.35242566]
 [-0.02379166 -0.98213624  0.18666111]
 [-0.35440581  0.18287354  0.91703532]]
[[-0.93351928 -0.05604626 -0.35411942]
 [-0.00670353 -0.9848047   0.17353607]
 [-0.35846452  0.16437312  0.91895847]]
[[-0.93678909 -0.04973022 -0.34634247]
 [-0.02329276 -0.97878877  0.2035436 ]
 [-0.34911839  0.19874469  0.91576028]]
[[-0.91931365 -0.06303028 -0.3884451 ]
 [-0.0036664  -0.98567505  0.16861571]
 [-0.39350854  0.15643492  0.90591343]]
[[-0.92865369 -0.05236364 -0.36723341]
 [-0.01268608 -0.98492428  0.17252025]
 [-0.37073089  0.16487032  0.91398927]]
[[-0.93609942 -0.06281315 -0.34608148]
 [-0.00960918 -0.97899109  0.20367649]
 [-0.35160425  0.193987    0.9158294 ]]
[[-0.943211   -0.05585576 -0.32746471]
 [-0.01226599 -0.97923467  0.20235863]
 [-0.33196769  0.19488356  0.92293979]]
[[-0.92618541 -0.06691723 -0.3710831 ]
 [-0.00397449 -0.98233955  0.18706472]
 [-0.37704746  0.17473148  0.9095626 ]]
[[-9.13927277e-01 -7.44668262e-02 -3.98988251e-01]
 [ 4.43038454e-04 -9.83207574e-01  1.82490192e-01]
 [-4.05877736e-01  1.66605997e-01  8.98613212e-01]]
[[-0.92829411 -0.06773997 -0.36562458]
 [-0.00840502 -0.97919307  0.2027567 ]
 [-0.37175179  0.19129094  0.90840981]]
[[-0.92520953 -0.06380287 -0.37405415]
 [-0.00879483 -0.9818922   0.18923626]
 [-0.37935467  0.17837293  0.90789489]]
[[-0.926399   -0.05960841 -0.37179528]
 [-0.00220597 -0.98651428  0.16366037]
 [-0.37653689  0.15243498  0.91377434]]
[[-0.91603172 -0.06832187 -0.39524424]
 [-0.00291531 -0.98422633  0.17688988]
 [-0.40109524  0.163189    0.90138336]]
[[-0.92586777 -0.069534   -0.37139453]
 [-0.00135542 -0.98230375  0.18728992]
 [-0.37784525  0.1739091   0.90938913]]
[[-0.92663232 -0.06482466 -0.3703381 ]
 [-0.01014893 -0.98035167  0.19699645]
 [-0.37583181  0.18630181  0.90776764]]
[[-0.92217523 -0.06960745 -0.38045716]
 [ 0.00404505 -0.98535402  0.17047316]
 [-0.38675119  0.15566715  0.90895063]]
[[-0.92213597 -0.06931984 -0.38060479]
 [-0.00263451 -0.98266773  0.18535695]
 [-0.38685696  0.17192702  0.90597064]]
[[-0.92071018 -0.07456756 -0.38305672]
 [ 0.00804176 -0.98499177  0.17241388]
 [-0.39016419  0.15566276  0.9074916 ]]
[[-0.9370804  -0.05859317 -0.34416155]
 [-0.00825021 -0.98182326  0.18961809]
 [-0.34901614  0.1805268   0.91956392]]
[[-0.9223809  -0.07192526 -0.37952633]
 [ 0.00447063 -0.98443395  0.17569809]
 [-0.38625574  0.16036384  0.90834462]]
[[-0.93055181 -0.067808   -0.35982692]
 [ 0.003441   -0.9842794   0.17658486]
 [-0.36614409  0.1630832   0.9161563 ]]
[[-0.93061802 -0.06554466 -0.36007498]
 [-0.01183633 -0.97792856  0.20860403]
 [-0.36580048  0.19839264  0.90930213]]
[[-0.92425567 -0.07267875 -0.37479229]
 [ 0.00435467 -0.98365531  0.18000907]
 [-0.38174926  0.16474231  0.90946549]]
[[-0.93593286 -0.05256359 -0.34823375]
 [-0.0161191  -0.98136925  0.19145383]
 [-0.3518094   0.18480114  0.91764846]]
[[-0.93100616 -0.06854219 -0.35851012]
 [-0.01453124 -0.97447131  0.2240413 ]
 [-0.36471411  0.21379342  0.90624279]]
[[-0.93253207 -0.05344488 -0.35711005]
 [-0.01408639 -0.98284838  0.18387671]
 [-0.3608123   0.17650132  0.91578478]]
[[-0.93017743 -0.0580319  -0.36249447]
 [-0.00384898 -0.98583078  0.16769873]
 [-0.36709009  0.1573848   0.91677418]]
[[-0.93241622 -0.05887015 -0.35655896]
 [-0.00188292 -0.98583764  0.16769199]
 [-0.3613813   0.15703011  0.91910016]]
[[-0.93663416 -0.05305953 -0.34626744]
 [-0.0176216  -0.9800749   0.19784506]
 [-0.34986559  0.19141023  0.91703664]]
[[-0.91941375 -0.07357223 -0.38634891]
 [-0.00406646 -0.98051616  0.19639636]
 [-0.39327066  0.18214059  0.90120086]]
[[-0.92749569 -0.06454718 -0.36821923]
 [-0.00359893 -0.98339363  0.18144974]
 [-0.37381652  0.16961905  0.91186106]]
[[-0.92974958 -0.06231911 -0.3628802 ]
 [-0.01282073 -0.97949468  0.20106167]
 [-0.36796921  0.19158939  0.9098858 ]]
[[-0.9341021  -0.06165956 -0.35164097]
 [-0.01506863 -0.97728488  0.21139345]
 [-0.35668783  0.20276181  0.91195473]]
[[-0.93124056 -0.07017962 -0.35758333]
 [-0.0119216  -0.97488736  0.22237922]
 [-0.36420996  0.21135152  0.90701799]]
[[-0.93496831 -0.05823652 -0.34991824]
 [-0.01518999 -0.97895432  0.20351341]
 [-0.35440588  0.19559385  0.91440665]]
[[-0.93229319 -0.06259662 -0.3562458 ]
 [-0.01456391 -0.97761601  0.20989241]
 [-0.36141015  0.2008696   0.9105131 ]]
[[-0.92704079 -0.06714636 -0.36889935]
 [-0.00816139 -0.97998881  0.1988852 ]
 [-0.37487165  0.18738543  0.9079416 ]]
[[-0.93231739 -0.05966912 -0.35668457]
 [-0.00203404 -0.98541353  0.17016472]
 [-0.36163538  0.15937304  0.9185968 ]]
[[-9.30268420e-01 -6.48922510e-02 -3.61095088e-01]
 [ 8.55600694e-04 -9.84614172e-01  1.74740377e-01]
 [-3.66878637e-01  1.62246501e-01  9.16010993e-01]]
[[-0.9367692  -0.06549581 -0.34376411]
 [ 0.00322952 -0.98390584  0.17865855]
 [-0.3499329   0.16625163  0.9219042 ]]
[[-0.93755652 -0.05925329 -0.34274891]
 [-0.00741445 -0.9817553   0.19000411]
 [-0.34775393  0.18068089  0.92001175]]
[[-0.91598301 -0.06407729 -0.39606719]
 [-0.00413248 -0.98560529  0.16901221]
 [-0.40119576  0.15644905  0.90253291]]
[[-0.92973071 -0.05131979 -0.36464651]
 [-0.02113785 -0.98117056  0.19198312]
 [-0.36763296  0.18620045  0.91113962]]
[[-0.92108125 -0.06514143 -0.3838827 ]
 [-0.00637502 -0.98325103  0.18214494]
 [-0.38931824  0.17021755  0.9052388 ]]
[[-0.91818906 -0.06101931 -0.39141473]
 [-0.00418062 -0.98651798  0.1635995 ]
 [-0.3961204   0.15185163  0.90555492]]
[[-0.93164613 -0.05670632 -0.35891488]
 [-0.01670893 -0.98001745  0.19820852]
 [-0.36298252  0.19065728  0.91208195]]
[[-0.93192451 -0.05654589 -0.35821679]
 [-0.00572145 -0.98535377  0.17042657]
 [-0.36260718  0.16087422  0.91795181]]
[[-0.91931217 -0.0660856  -0.3879405 ]
 [-0.00435715 -0.98402908  0.17795444]
 [-0.39350496  0.16528599  0.90434196]]
[[-0.92324603 -0.06218393 -0.37914368]
 [-0.01134031 -0.9819751   0.18866982]
 [-0.38404188  0.17848827  0.90589943]]
[[-0.93208526 -0.06230707 -0.35684016]
 [-0.00896425 -0.98082682  0.19467509]
 [-0.36212804  0.18465258  0.91365568]]
[[-0.92878989 -0.06349603 -0.36512683]
 [-0.0011089  -0.98473317  0.17406712]
 [-0.37060507  0.16207667  0.91453979]]
[[-0.91872242 -0.06718281 -0.38914726]
 [-0.00277288 -0.98430083  0.17647715]
 [-0.3948942   0.16321257  0.90411295]]
[[-0.92291961 -0.06747101 -0.37903438]
 [-0.00204441 -0.9836507   0.18007532]
 [-0.38498729  0.16696995  0.90769258]]
[[-0.92840041 -0.06471103 -0.36590321]
 [-0.00315823 -0.9833093   0.18191438]
 [-0.3715679   0.17004499  0.91270039]]
[[-0.93037607 -0.05826    -0.3619477 ]
 [-0.00644365 -0.98454071  0.17503733]
 [-0.36654992  0.16518281  0.91561771]]
[[-0.92117859 -0.06663119 -0.38339312]
 [ 0.00099684 -0.98563247  0.16890129]
 [-0.3891388   0.15520607  0.90800995]]
[[-0.91851656 -0.07268196 -0.38864464]
 [ 0.00143084 -0.98356323  0.18055838]
 [-0.39537992  0.16528977  0.90352311]]
[[-0.93427379 -0.05237593 -0.3526886 ]
 [-0.01015859 -0.98484067  0.17316369]
 [-0.35641168  0.16536511  0.91957876]]
[[-0.92080778 -0.07374136 -0.38298204]
 [ 0.00696314 -0.98491493  0.1728991 ]
 [-0.38995454  0.15654008  0.9074308 ]]
[[-0.93854757 -0.06043913 -0.33981697]
 [-0.00321342 -0.98297612  0.18370527]
 [-0.34513496  0.17350811  0.92237563]]
[[-0.92620227 -0.06286501 -0.37174904]
 [-0.00557089 -0.98361158  0.18021437]
 [-0.37698584  0.16898593  0.91067306]]
[[-0.92614873 -0.07270024 -0.37008541]
 [-0.00269556 -0.9799454   0.19924795]
 [-0.37714886  0.18553082  0.90737922]]
[[-0.93112075 -0.05457876 -0.36060409]
 [-0.00740497 -0.98570617  0.16831074]
 [-0.36463587  0.15938788  0.91740732]]
[[-0.92675758 -0.06100349 -0.37067367]
 [ 0.00326729 -0.98799824  0.15443059]
 [-0.37564573  0.14190862  0.91583417]]
[[-0.92733469 -0.06249736 -0.36897758]
 [ 0.00211766 -0.98681725  0.16182471]
 [-0.37422705  0.1492843   0.91524221]]
[[-0.92487621 -0.07395841 -0.3730069 ]
 [ 0.00996246 -0.98528037  0.17065561]
 [-0.38013779  0.15411925  0.91199919]]
[[-0.9319306  -0.06636591 -0.35651216]
 [ 0.00162652 -0.98386625  0.17889816]
 [-0.36263302  0.16614079  0.91700302]]
[[-0.92895235 -0.06564749 -0.36433218]
 [ 0.00747067 -0.98727531  0.15884474]
 [-0.37012393  0.14483739  0.91762215]]
[[-0.92961361 -0.06239502 -0.36321536]
 [-0.00138557 -0.98496497  0.17274862]
 [-0.36853306  0.16109273  0.91555039]]
[[-0.93304699 -0.06237433 -0.35430603]
 [-0.00554587 -0.9822441   0.18752539]
 [-0.35971178  0.17693493  0.91613398]]
[[-0.93313066 -0.05596282 -0.35515538]
 [-0.02019242 -0.97809558  0.20717456]
 [-0.35896998  0.20049238  0.91156095]]
[[-0.92769861 -0.05826431 -0.36875542]
 [-0.01968974 -0.97873588  0.20417737]
 [-0.37281041  0.19667576  0.9068247 ]]
[[-0.92815773 -0.06831845 -0.36586311]
 [-0.0079956  -0.97912169  0.20311765]
 [-0.37210119  0.19145051  0.90823312]]
[[-0.93341133 -0.0567768  -0.35428758]
 [-0.01703143 -0.9792773   0.20180657]
 [-0.35840372  0.19440256  0.91310154]]
[[-0.93090191 -0.06448303 -0.35953243]
 [-0.00831293 -0.98029927  0.19734295]
 [-0.36517465  0.1866957   0.91202642]]
[[-0.92659206 -0.06574289 -0.37027696]
 [-0.00814007 -0.98086419  0.19452297]
 [-0.37597991  0.18325752  0.90832582]]
[[-0.92457457 -0.0713294  -0.37426459]
 [ 0.00366165 -0.98393701  0.17847846]
 [-0.38098354  0.16364622  0.90998432]]
[[-0.93207059 -0.06865542 -0.35571174]
 [ 0.0078097  -0.98545825  0.16973815]
 [-0.36219251  0.15542993  0.91905284]]
[[-0.92903517 -0.07523066 -0.36226234]
 [ 0.00588984 -0.98199312  0.18882482]
 [-0.36994454  0.17329123  0.91274925]]
[[-0.93671147 -0.06558368 -0.34390464]
 [ 0.00546452 -0.98491673  0.17294269]
 [-0.35005965  0.16011813  0.92294118]]
[[-0.92493174 -0.07393015 -0.3728748 ]
 [ 0.00537848 -0.98335252  0.18162845]
 [-0.38009519  0.16598842  0.90993159]]
[[-0.90618603 -0.06780955 -0.41740716]
 [-0.00415737 -0.98558364  0.16913781]
 [-0.42285883  0.15500564  0.89284022]]
[[-0.93867651 -0.0681935  -0.33798824]
 [-0.00207388 -0.97911257  0.2033083 ]
 [-0.34479284  0.19154168  0.91892855]]
[[-9.34960660e-01 -6.30317481e-02 -3.49106807e-01]
 [-7.75253687e-04 -9.83723179e-01  1.79688915e-01]
 [-3.54750564e-01  1.68272713e-01  9.19693607e-01]]
[[-0.93447486 -0.06941729 -0.34919619]
 [ 0.00669969 -0.98406287  0.17769461]
 [-0.35596609  0.16371164  0.92004709]]
[[-0.92003373 -0.06622672 -0.38620197]
 [-0.00131474 -0.98508617  0.17205668]
 [-0.39183697  0.1588057   0.90622543]]
[[-0.93579134 -0.07103548 -0.34532379]
 [ 0.00683555 -0.9829626   0.18367855]
 [-0.35248807  0.16952432  0.92033345]]
[[-0.92292261 -0.07455394 -0.37769772]
 [ 0.00348446 -0.98264737  0.18545079]
 [-0.38496976  0.16984066  0.90716726]]
[[-0.94399236 -0.06935628 -0.32259591]
 [ 0.00750072 -0.98191804  0.18915787]
 [-0.32988203  0.17614389  0.92744335]]
[[-0.92069693 -0.07042375 -0.38387192]
 [-0.00211459 -0.9826705   0.18534888]
 [-0.39027258  0.17146188  0.9045928 ]]
[[-9.31415095e-01 -6.44467317e-02 -3.58207398e-01]
 [-2.65610894e-05 -9.84185941e-01  1.77138459e-01]
 [-3.63958680e-01  1.64998949e-01  9.16683929e-01]]
[[-0.94116564 -0.06620508 -0.33139723]
 [ 0.00563295 -0.98356     0.18049375]
 [-0.33789866  0.16800777  0.92606581]]
[[-0.93336824 -0.06571393 -0.35285323]
 [-0.00477524 -0.98073597  0.1952797 ]
 [-0.35888845  0.18395283  0.915074  ]]
[[-0.93851723 -0.06891832 -0.33828343]
 [ 0.00510954 -0.98253719  0.18599616]
 [-0.3451946   0.17283213  0.92248022]]
[[-0.93184163 -0.07120761 -0.35580984]
 [ 0.00629379 -0.98358066  0.18035928]
 [-0.36281063  0.16582689  0.91698958]]
[[-0.93499178 -0.07381964 -0.34690205]
 [ 0.00917995 -0.98280911  0.18439624]
 [-0.35455056  0.16922443  0.9195961 ]]
[[-0.92717754 -0.06986513 -0.36804983]
 [-0.00322008 -0.98093335  0.19431775]
 [-0.37460839  0.1813522   0.9092744 ]]
[[-0.94156198 -0.06917413 -0.3296604 ]
 [ 0.00764613 -0.9828231   0.18439167]
 [-0.33675299  0.17109556  0.92591778]]
[[-0.93616381 -0.07212863 -0.34408543]
 [ 0.00592218 -0.98182397  0.18970139]
 [-0.35151423  0.17555384  0.91957523]]
[[-9.31796236e-01 -7.06914172e-02 -3.56031598e-01]
 [ 6.51985982e-04 -9.81176894e-01  1.93110015e-01]
 [-3.62981198e-01  1.79707057e-01  9.14303026e-01]]
[[-0.94054166 -0.06616344 -0.3331723 ]
 [ 0.00581232 -0.98383763  0.17896851]
 [-0.33962862  0.16639084  0.92572484]]
[[-9.32087725e-01 -6.65094803e-02 -3.56074377e-01]
 [-2.70847085e-05 -9.82986397e-01  1.83678366e-01]
 [-3.62232622e-01  1.71213994e-01  9.16227753e-01]]
[[-0.93249907 -0.06777542 -0.35475624]
 [ 0.00210916 -0.98324034  0.18230189]
 [-0.36116623  0.16924811  0.91701365]]
[[-0.94766108 -0.07041743 -0.31141589]
 [ 0.00806239 -0.98034205  0.19714073]
 [-0.31917623  0.18431184  0.92959974]]
[[-0.92924175 -0.07871603 -0.3609897 ]
 [ 0.008169   -0.98117969  0.19292404]
 [-0.36938197  0.17632415  0.91239616]]
[[-0.91870599 -0.09205816 -0.38406327]
 [ 0.02566246 -0.98431401  0.17454905]
 [-0.39410752  0.15050325  0.90665762]]
[[-0.92268042 -0.08724803 -0.37556442]
 [ 0.0186797  -0.98303247  0.18247803]
 [-0.38511286  0.16135347  0.90865458]]
[[-0.91958782 -0.09610854 -0.38094802]
 [ 0.02689785 -0.98274407  0.18300437]
 [-0.39196269  0.15804191  0.90630459]]
[[-0.92553303 -0.08527077 -0.36894107]
 [ 0.01265033 -0.98073449  0.19493543]
 [-0.37845553  0.17575195  0.90878087]]
[[-0.91554036 -0.09668352 -0.39043327]
 [ 0.0267446  -0.98316569  0.18074832]
 [-0.40133598  0.1550404   0.90271363]]
[[-0.92803855 -0.09757086 -0.35947792]
 [ 0.0294117  -0.98126429  0.19040839]
 [-0.37132116  0.16613347  0.91352081]]
[[-0.91928584 -0.10544538 -0.37920288]
 [ 0.03003059 -0.97942764  0.19954866]
 [-0.39244327  0.17205458  0.90354054]]
[[-0.92263107 -0.10976143 -0.3697355 ]
 [ 0.0384104  -0.98003318  0.1950887 ]
 [-0.38376627  0.16579321  0.90842504]]
[[-0.92093433 -0.11386865 -0.37271153]
 [ 0.03569024 -0.97698609  0.21029593]
 [-0.38808009  0.18036658  0.90380404]]
[[-0.91816311 -0.11557241 -0.37897166]
 [ 0.03547355 -0.97664793  0.21189724]
 [-0.39461136  0.18111276  0.90082187]]
[[-0.91544386 -0.11828917 -0.38466895]
 [ 0.04089983 -0.97822475  0.20347861]
 [-0.400362    0.17054035  0.90034785]]
[[-0.92010099 -0.11491625 -0.37444415]
 [ 0.03555913 -0.976552    0.2123246 ]
 [-0.39006373  0.18204517  0.90261279]]
[[-0.91757236 -0.11709814 -0.37993287]
 [ 0.03854228 -0.97733933  0.20814015]
 [-0.39569616  0.17634017  0.90129279]]
[[-0.91633257 -0.11798997 -0.38263951]
 [ 0.04241512 -0.97882539  0.20025436]
 [-0.39816527  0.16726989  0.90193414]]
[[-0.91686193 -0.11973619 -0.38082469]
 [ 0.04505361 -0.97890041  0.1993092 ]
 [-0.39665397  0.16558149  0.90291107]]
[[-0.92168836 -0.11997109 -0.36891396]
 [ 0.04478332 -0.97752542  0.20600611]
 [-0.38533755  0.17335224  0.9063465 ]]
[[-0.91792858 -0.11730334 -0.37900798]
 [ 0.04441387 -0.97966922  0.19564156]
 [-0.39425186  0.16275176  0.90447627]]
[[-0.92211918 -0.11174295 -0.37041832]
 [ 0.03257079 -0.97640697  0.21346798]
 [-0.38553257  0.1847781   0.90400315]]
[[-0.9185354  -0.11543168 -0.37811142]
 [ 0.04196534 -0.97948925  0.19707797]
 [-0.39310511  0.16515551  0.90453968]]
[[-0.91843662 -0.12087282 -0.37664829]
 [ 0.04447773 -0.9776879   0.20530004]
 [-0.39305967  0.17180261  0.90332052]]
[[-0.92437914 -0.11589701 -0.36344338]
 [ 0.04509692 -0.97925087  0.19757025]
 [-0.37880005  0.16623964  0.91042567]]
[[-0.91301465 -0.115676   -0.39118195]
 [ 0.03320398 -0.97684336  0.21136355]
 [-0.40657318  0.17998921  0.8957132 ]]
[[-0.9198913  -0.12204707 -0.37269894]
 [ 0.04512985 -0.97697237  0.20853847]
 [-0.38956808  0.17501288  0.90421635]]
[[-0.92249888 -0.12426764 -0.36544955]
 [ 0.05262129 -0.97840891  0.19986749]
 [-0.38239616  0.16514711  0.90912024]]
[[-0.91143584 -0.12404513 -0.39229775]
 [ 0.04070558 -0.97597787  0.21403329]
 [-0.40942371  0.1791089   0.89459054]]
[[-0.91235153 -0.12836667 -0.38876301]
 [ 0.05377095 -0.97891939  0.19704193]
 [-0.40586126  0.15886735  0.900021  ]]
[[-0.91079228 -0.13637928 -0.38968977]
 [ 0.0620784  -0.97837382  0.19730923]
 [-0.40817116  0.15551641  0.89956153]]
[[-0.9109418  -0.13549795 -0.38964772]
 [ 0.06513698 -0.9799147   0.18847907]
 [-0.40736005  0.14631299  0.90147118]]
[[-0.90623901 -0.14157388 -0.39835624]
 [ 0.06777461 -0.97872664  0.19365113]
 [-0.4172978   0.14849577  0.89655538]]
[[-0.91784915 -0.1402349  -0.37133154]
 [ 0.07339479 -0.97933913  0.18843585]
 [-0.39008479  0.14570189  0.9091781 ]]
[[-0.91441066 -0.14101922 -0.37942947]
 [ 0.07122817 -0.97878342  0.19211864]
 [-0.39847169  0.14864926  0.90505453]]
[[-0.90303407 -0.14364291 -0.40484094]
 [ 0.07371796 -0.98027422  0.18337971]
 [-0.42319633  0.13575408  0.89581008]]
[[-0.90763425 -0.1453659  -0.39378779]
 [ 0.0794074  -0.98064338  0.17897771]
 [-0.41218265  0.13117664  0.90160865]]
[[-0.91406703 -0.14334115 -0.37938737]
 [ 0.07959058 -0.98066838  0.17875926]
 [-0.39767676  0.13320229  0.90780524]]
[[-0.91386563 -0.14195372 -0.3803929 ]
 [ 0.07491922 -0.9797585   0.18563508]
 [-0.39904477  0.14114678  0.90600268]]
[[-0.91504669 -0.14038757 -0.37812814]
 [ 0.08379053 -0.98318424  0.16225875]
 [-0.39454873  0.11679077  0.91142263]]
[[-0.91169817 -0.14373619 -0.38489786]
 [ 0.08832276 -0.98347155  0.15805948]
 [-0.40125496  0.1101073   0.90932439]]
[[-0.90846181 -0.14246062 -0.39294034]
 [ 0.08497275 -0.98343791  0.16009218]
 [-0.40923926  0.11204841  0.90552105]]
[[-0.90623466 -0.14643923 -0.39660344]
 [ 0.08703106 -0.98262172  0.1639517 ]
 [-0.41372011  0.11406189  0.90323062]]
[[-0.91246835 -0.13884773 -0.38486727]
 [ 0.08103935 -0.98335366  0.16262902]
 [-0.40104131  0.11720444  0.90853122]]
[[-0.91327948 -0.14192943 -0.38180706]
 [ 0.08319239 -0.98256721  0.16625492]
 [-0.39874757  0.12007376  0.90916592]]
[[-0.91040696 -0.15009812 -0.38552526]
 [ 0.09457417 -0.98269583  0.15926277]
 [-0.40275911  0.1085332   0.90884853]]
[[-0.91171421 -0.14415454 -0.38470336]
 [ 0.08317546 -0.98179314  0.17077492]
 [-0.4023171   0.12370004  0.90710488]]
[[-0.91105072 -0.15433038 -0.38232018]
 [ 0.09875109 -0.98198881  0.16107822]
 [-0.4002934   0.10899589  0.90988191]]
[[-0.90720895 -0.14718694 -0.39409126]
 [ 0.08000579 -0.98006374  0.18186298]
 [-0.41300241  0.13345814  0.9008984 ]]
[[-0.90648576 -0.15212131 -0.39388155]
 [ 0.09295193 -0.98185625  0.16528233]
 [-0.41187802  0.11321403  0.90417868]]
[[-0.9108359  -0.14885375 -0.3849942 ]
 [ 0.09332815 -0.98282532  0.15919877]
 [-0.40207938  0.10907316  0.90908483]]
[[-0.90828999 -0.15039392 -0.39037285]
 [ 0.08541499 -0.98015707  0.17887535]
 [-0.40952847  0.129127    0.90311276]]
[[-0.90918628 -0.1507691  -0.38813527]
 [ 0.09299626 -0.98212346  0.16366186]
 [-0.40587191  0.11270399  0.90695414]]
[[-0.90601332 -0.15402277 -0.39422944]
 [ 0.09036536 -0.98035192  0.1753403 ]
 [-0.41348998  0.12323596  0.90213022]]
[[-0.91070243 -0.15623348 -0.38237701]
 [ 0.10487807 -0.98283372  0.15178428]
 [-0.39952681  0.09812734  0.91145453]]
[[-0.90403998 -0.14955311 -0.40043174]
 [ 0.08997518 -0.98238715  0.16376797]
 [-0.417871    0.11202387  0.90157333]]
[[-0.90865937 -0.15254147 -0.38867627]
 [ 0.1083057  -0.98512316  0.13342505]
 [-0.40324684  0.07914207  0.9116625 ]]
[[-0.90734334 -0.15496343 -0.3907869 ]
 [ 0.10713129 -0.98412358  0.141505  ]
 [-0.4065107   0.08652811  0.90953941]]
[[-0.90719868 -0.15586263 -0.39076514]
 [ 0.1003062  -0.98218767  0.15889007]
 [-0.40856972  0.10494869  0.90667334]]
[[-0.9022759  -0.14708863 -0.40529389]
 [ 0.08835658 -0.98313881  0.16009746]
 [-0.42200867  0.10864169  0.9000587 ]]
[[-0.907347   -0.15210407 -0.39190021]
 [ 0.09412528 -0.98208563  0.16324291]
 [-0.40970947  0.11123025  0.90540929]]
[[-0.90384199 -0.14967819 -0.40083175]
 [ 0.0929305  -0.98312585  0.1575674 ]
 [-0.41765246  0.10516654  0.9025001 ]]
[[-0.90092573 -0.15105352 -0.40683616]
 [ 0.09638294 -0.98370076  0.15179967]
 [-0.42313491  0.09754816  0.90080031]]
[[-0.90541217 -0.15215572 -0.39632995]
 [ 0.09663122 -0.98292321  0.15660259]
 [-0.41338989  0.10349205  0.90465363]]
[[-0.90651226 -0.15396789 -0.39310229]
 [ 0.09781104 -0.98238617  0.15921814]
 [-0.41069274  0.10588345  0.90560486]]
[[-0.90623549 -0.15800761 -0.39213624]
 [ 0.10547237 -0.98270246  0.15222175]
 [-0.40940544  0.09658921  0.90722528]]
[[-0.90668467 -0.15398425 -0.39269805]
 [ 0.10281911 -0.98358485  0.14828713]
 [-0.40908573  0.09407281  0.90763383]]
[[-0.90260594 -0.15454053 -0.40177076]
 [ 0.087371   -0.97967811  0.18054672]
 [-0.4215078   0.12785943  0.89776564]]
[[-0.90087846 -0.16504659 -0.40146934]
 [ 0.10454038 -0.980165    0.16836831]
 [-0.42129481  0.10970963  0.90026356]]
[[-0.89797589 -0.15956097 -0.41009705]
 [ 0.08894932 -0.97852365  0.1859556 ]
 [-0.43096092  0.1305058   0.89288349]]
[[-0.90062409 -0.15177928 -0.40723371]
 [ 0.09524645 -0.98318625  0.15579764]
 [-0.42403343  0.10152755  0.89993767]]
[[-0.89874501 -0.15775433 -0.40910998]
 [ 0.10341624 -0.98297813  0.15185214]
 [-0.42610149  0.09416774  0.89976105]]
[[-0.89586823 -0.16312309 -0.41329285]
 [ 0.10390204 -0.98129134  0.1620854 ]
 [-0.43200056  0.10226519  0.89605655]]
[[-0.90134813 -0.16387848 -0.40089323]
 [ 0.10454262 -0.98060158  0.16580526]
 [-0.42028845  0.10753784  0.90099569]]
[[-0.89074075 -0.16162575 -0.42480353]
 [ 0.1007224  -0.98159224  0.16227038]
 [-0.44321092  0.1017536   0.89062354]]
[[-0.89248446 -0.16785438 -0.41868413]
 [ 0.10423563 -0.97980782  0.17062111]
 [-0.43886948  0.10863488  0.89195966]]
[[-0.89463309 -0.16506754 -0.41519194]
 [ 0.10374427 -0.98060022  0.16631396]
 [-0.43459034  0.10571618  0.89440222]]
[[-0.8885017  -0.16175723 -0.42941742]
 [ 0.09644529 -0.98073412  0.16987907]
 [-0.44862348  0.10952256  0.88698466]]
[[-0.89197781 -0.1663783  -0.42034967]
 [ 0.10214557 -0.97994128  0.17111798]
 [-0.44038831  0.10969658  0.89108069]]
[[-0.88973375 -0.16422594 -0.42591514]
 [ 0.10321012 -0.98125428  0.16275045]
 [-0.4446589   0.10084581  0.89000482]]
[[-0.89057678 -0.16879407 -0.42235242]
 [ 0.09981187 -0.97848128  0.18058784]
 [-0.44374609  0.11867155  0.88826036]]
[[-0.89091218 -0.16235387 -0.42416589]
 [ 0.09410148 -0.97964418  0.17731947]
 [-0.44432015  0.11806144  0.88805467]]
[[-0.88344209 -0.16666179 -0.43789716]
 [ 0.09786638 -0.97962126  0.17539769]
 [-0.45820547  0.1120983   0.88174924]]
[[-0.88934044 -0.16749209 -0.42546443]
 [ 0.10092968 -0.97945149  0.17460807]
 [-0.44596724  0.11234403  0.88797074]]
[[-0.88251382 -0.16010039 -0.4421959 ]
 [ 0.09819079 -0.98227409  0.15967524]
 [-0.45992165  0.09749605  0.88259084]]
[[-0.8831458  -0.16361818 -0.43963916]
 [ 0.09731439 -0.98071349  0.1695021 ]
 [-0.45889368  0.10691185  0.8820354 ]]
[[-0.88293267 -0.15970882 -0.44150084]
 [ 0.09559758 -0.98181992  0.16398401]
 [-0.45966401  0.10258043  0.88214866]]
[[-0.8757666  -0.1656323  -0.45343004]
 [ 0.09019894 -0.97889779  0.1833665 ]
 [-0.47423308  0.11968735  0.87222584]]
[[-0.89445163 -0.16119936 -0.41709836]
 [ 0.10004923 -0.98125917  0.16468333]
 [-0.43582843  0.10557091  0.89381674]]
[[-0.89487833 -0.1605418  -0.4164362 ]
 [ 0.10077083 -0.98164956  0.16189311]
 [-0.43478503  0.10291001  0.89463485]]
[[-0.89464553 -0.15743766 -0.41811812]
 [ 0.09411985 -0.98126694  0.16809716]
 [-0.4367503   0.11103415  0.89270409]]
[[-0.89416168 -0.15914386 -0.41850701]
 [ 0.08988432 -0.97947442  0.18041806]
 [-0.43862934  0.1237057   0.89011303]]
[[-0.9009005  -0.1544013  -0.4056335 ]
 [ 0.09373672 -0.98174384  0.1655067 ]
 [-0.42378263  0.11108232  0.89892658]]
[[-0.90555685 -0.15332926 -0.39554636]
 [ 0.09089713 -0.98087221  0.1721262 ]
 [-0.41437242  0.11991603  0.90217274]]
[[-0.90135051 -0.15459927 -0.40455695]
 [ 0.08867698 -0.98020625  0.17700877]
 [-0.42391468  0.12367206  0.89721879]]
[[-0.89555359 -0.1635106  -0.41382129]
 [ 0.08703599 -0.97643974  0.19745929]
 [-0.43635824  0.14081803  0.88868542]]
[[-0.89746073 -0.16271435 -0.40998571]
 [ 0.08439088 -0.9756435   0.2024795 ]
 [-0.43294621  0.14711834  0.88933333]]
[[-0.90246107 -0.16185634 -0.3992074 ]
 [ 0.08018796 -0.97364981  0.21348521]
 [-0.42324215  0.16065046  0.89165998]]
[[-0.90887772 -0.1543202  -0.38746171]
 [ 0.08487204 -0.97802215  0.1904453 ]
 [-0.40833569  0.14020682  0.90200001]]
[[-0.90647319 -0.1573433  -0.39185384]
 [ 0.08903752 -0.97834159  0.18686908]
 [-0.41276951  0.13450211  0.90084988]]
[[-0.90159553 -0.16449079 -0.40008534]
 [ 0.09067502 -0.97619801  0.19701645]
 [-0.4229699   0.1413514   0.89505097]]
[[-0.90303911 -0.15972874 -0.39875693]
 [ 0.0864707  -0.97688734  0.19548389]
 [-0.42076499  0.14204881  0.89597933]]
[[-0.90978848 -0.15815389 -0.38376068]
 [ 0.09104837 -0.97808653  0.18723498]
 [-0.40496309  0.13540345  0.90425151]]
[[-0.91159924 -0.1597073  -0.37878808]
 [ 0.09318388 -0.97774166  0.18798408]
 [-0.40037932  0.1360692   0.90619069]]
[[-0.9041951  -0.15457825 -0.39816678]
 [ 0.07553953 -0.97539284  0.20712939]
 [-0.42038673  0.15720805  0.8936222 ]]
[[-0.90678113 -0.15743672 -0.39110314]
 [ 0.08513806 -0.97692836  0.19586344]
 [-0.41291584  0.14430751  0.89926406]]
[[-0.90295446 -0.15321315 -0.40149592]
 [ 0.07270822 -0.97528293  0.20865457]
 [-0.42354074  0.15921353  0.89177592]]
[[-0.90954852 -0.15635477 -0.3850645 ]
 [ 0.08125405 -0.97555249  0.2041938 ]
 [-0.40757731  0.15443612  0.90001679]]
[[-0.90613928 -0.15421136 -0.39386605]
 [ 0.07814946 -0.97617721  0.20241226]
 [-0.41569733  0.15263328  0.89660404]]
[[-0.91014068 -0.15429522 -0.38449568]
 [ 0.08545194 -0.97801969  0.19019843]
 [-0.40539106  0.14025143  0.90332033]]
[[-0.90609465 -0.152101   -0.39478827]
 [ 0.08716547 -0.98023482  0.17760033]
 [-0.41399839  0.1265108   0.90144348]]
[[-0.90415847 -0.1495451  -0.40016713]
 [ 0.07638102 -0.97822342  0.19298931]
 [-0.42031346  0.14392775  0.8958914 ]]
[[-0.91207013 -0.15280238 -0.38049902]
 [ 0.08374062 -0.97782552  0.19194989]
 [-0.40139205  0.14320854  0.90464122]]
[[-0.90793036 -0.15168973 -0.39070794]
 [ 0.08422978 -0.97922704  0.18444443]
 [-0.41057011  0.13455345  0.90184675]]
[[-0.9033493  -0.15062603 -0.40158666]
 [ 0.08508465 -0.98063095  0.17641867]
 [-0.42038156  0.12519882  0.89866824]]
[[-0.90735415 -0.15391624 -0.39117545]
 [ 0.08764755 -0.97937477  0.18205209]
 [-0.41112814  0.13090015  0.90213015]]
[[-0.90362728 -0.15123076 -0.40073307]
 [ 0.08691146 -0.98086982  0.17418607]
 [-0.41940926  0.12257099  0.89948442]]
[[-0.89983997 -0.15496641 -0.4077664 ]
 [ 0.08338989 -0.97864189  0.18789941]
 [-0.42817537  0.1350758   0.89354372]]
[[-0.90239203 -0.1614666  -0.39952117]
 [ 0.0830371  -0.97492484  0.20646161]
 [-0.42283976  0.15313423  0.89317212]]
[[-0.88602285 -0.16093128 -0.43481563]
 [ 0.07959775 -0.97670152  0.19929459]
 [-0.45675783  0.14196922  0.87818963]]
[[-0.89497614 -0.15725183 -0.41748002]
 [ 0.08460269 -0.97865974  0.1872632 ]
 [-0.43801837  0.13227616  0.88918104]]
[[-0.89068886 -0.16038993 -0.42538033]
 [ 0.09131954 -0.97974704  0.17820349]
 [-0.44534717  0.11987833  0.88729651]]
[[-0.88971085 -0.15764391 -0.42844253]
 [ 0.0904196  -0.98074583  0.1730951 ]
 [-0.44748061  0.11526499  0.8868343 ]]
[[-0.89051693 -0.15147644 -0.42899241]
 [ 0.08452276 -0.98161267  0.17115045]
 [-0.44702964  0.11615275  0.8869459 ]]
[[-0.88262553 -0.15580792 -0.44350429]
 [ 0.07150427 -0.97699318  0.20092653]
 [-0.46460661  0.14563043  0.87346006]]
[[-0.89878562 -0.14892151 -0.4123188 ]
 [ 0.08074014 -0.98067599  0.17820113]
 [-0.43088912  0.12687393  0.89344142]]
[[-0.8895094  -0.15617057 -0.42939933]
 [ 0.08434456 -0.97974716  0.18160811]
 [-0.44906461  0.12532463  0.88466644]]
[[-0.87621317 -0.16426499 -0.45306456]
 [ 0.08375915 -0.97771632  0.19249727]
 [-0.47458918  0.13072034  0.87044661]]
[[-0.8909299  -0.15237974 -0.42781343]
 [ 0.08013767 -0.97999606  0.18216936]
 [-0.4470144   0.12801616  0.88531915]]
[[-0.89338007 -0.15326805 -0.4223517 ]
 [ 0.08008079 -0.97928406  0.18598334]
 [-0.44210759  0.13233155  0.88714668]]
[[-0.89461793 -0.1533732  -0.41968492]
 [ 0.08379463 -0.98016796  0.17958071]
 [-0.43890458  0.12548878  0.88972768]]
[[-0.89044924 -0.15503388 -0.42786054]
 [ 0.08642496 -0.98068178  0.17548209]
 [-0.44680071  0.11928006  0.88664615]]
[[-0.88718545 -0.15385716 -0.43500568]
 [ 0.08075858 -0.97999356  0.1819084 ]
 [-0.45429068  0.12625605  0.88186132]]
[[-0.89321895 -0.15220651 -0.42307574]
 [ 0.0834649  -0.98073469  0.1766156 ]
 [-0.4418071   0.12244442  0.88871472]]
[[-0.90048132 -0.14856927 -0.40873043]
 [ 0.08327658 -0.98135204  0.17324315]
 [-0.42684705  0.12196455  0.89606152]]
[[-0.88555525 -0.15430295 -0.43815808]
 [ 0.08100779 -0.98006385  0.18141826]
 [-0.45741627  0.12516167  0.88040043]]
[[-0.88181886 -0.15689916 -0.44472255]
 [ 0.07548432 -0.97783286  0.19530751]
 [-0.46550791  0.13865626  0.87411488]]
[[-0.89503713 -0.15730172 -0.41733045]
 [ 0.08264658 -0.97802793  0.19139201]
 [-0.43826713  0.13681202  0.88837177]]
[[-0.89263526 -0.15847377 -0.42200516]
 [ 0.08659326 -0.97901402  0.18448079]
 [-0.44238434  0.12813126  0.88762519]]
[[-0.89396127 -0.15945007 -0.41881848]
 [ 0.08513044 -0.97796644  0.190616  ]
 [-0.43998415  0.13474912  0.88783817]]
[[-0.893094   -0.15885972 -0.42088799]
 [ 0.08607735 -0.97863396  0.18672508]
 [-0.44155837  0.13053413  0.88768634]]
[[-0.88962077 -0.1622427  -0.42691004]
 [ 0.08771941 -0.9780687   0.18890982]
 [-0.44819659  0.13060981  0.88434207]]
[[-0.88785054 -0.15398885 -0.43359989]
 [ 0.08228238 -0.98028256  0.17965441]
 [-0.45271518  0.12382864  0.88301497]]
[[-0.89241699 -0.15219571 -0.42476862]
 [ 0.08072507 -0.98006107  0.18155925]
 [-0.44393172  0.12773708  0.88690916]]
[[-0.89173295 -0.16125047 -0.42286007]
 [ 0.08860259 -0.97849244  0.18628507]
 [-0.44380393  0.12865004  0.88684116]]
[[-0.89557873 -0.14510065 -0.42057643]
 [ 0.07735337 -0.98170705  0.17397622]
 [-0.43812691  0.1232764   0.89041998]]
[[-0.90030909 -0.15224527 -0.40775597]
 [ 0.08662568 -0.98076359  0.17492503]
 [-0.42654371  0.12216446  0.89617872]]
[[-0.89883026 -0.1512869  -0.41135925]
 [ 0.07461344 -0.97765606  0.19652343]
 [-0.43189928  0.14594828  0.89003489]]
[[-0.89682629 -0.15214371 -0.41539728]
 [ 0.07433296 -0.97747482  0.1975287 ]
 [-0.43609313  0.14627122  0.88793441]]
[[-0.89043219 -0.15121582 -0.42926016]
 [ 0.06772929 -0.97671404  0.20357414]
 [-0.45004806  0.15219549  0.87993936]]
[[-0.89333646 -0.1528704  -0.42258799]
 [ 0.08393815 -0.98057466  0.17727867]
 [-0.44147974  0.12289824  0.88881475]]
[[-0.89391945 -0.1478549  -0.42313939]
 [ 0.06975506 -0.97841559  0.19451778]
 [-0.44276658  0.14436711  0.88493835]]
[[-0.89743674 -0.15085415 -0.41454834]
 [ 0.08040527 -0.97990834  0.18252297]
 [-0.43375373  0.13047095  0.89153521]]
[[-0.89526433 -0.14714249 -0.42053641]
 [ 0.06661043 -0.97748598  0.20021043]
 [-0.44052791  0.15122915  0.88490955]]
[[-0.89345284 -0.15156644 -0.42281157]
 [ 0.08020043 -0.98005059  0.18184809]
 [-0.4419388   0.12856303  0.88778468]]
[[-0.89421506 -0.14775084 -0.42255071]
 [ 0.06800184 -0.97783882  0.19800756]
 [-0.44244228  0.14832712  0.88444553]]
[[-0.90008746 -0.14703204 -0.41015136]
 [ 0.06596071 -0.97647454  0.20529649]
 [-0.43068753  0.15773092  0.88861083]]
[[-0.89225732 -0.14929026 -0.42613294]
 [ 0.07026787 -0.97817117  0.19555967]
 [-0.44602612  0.14454609  0.8832707 ]]
[[-0.89119378 -0.1459796  -0.42949227]
 [ 0.06435149 -0.97791427  0.19885313]
 [-0.44903512  0.14957821  0.88090512]]
[[-0.89153162 -0.14650687 -0.42861067]
 [ 0.06263183 -0.97703017  0.20368923]
 [-0.44860742  0.15475072  0.88022929]]
[[-0.89470305 -0.14819316 -0.42136119]
 [ 0.0723671  -0.97898719  0.19064912]
 [-0.4407601   0.14008166  0.88662713]]
[[-0.89312107 -0.14668578 -0.42522703]
 [ 0.06629614 -0.97793654  0.19810337]
 [-0.444904    0.14873938  0.88314043]]
[[-0.89050738 -0.1481389  -0.4301761 ]
 [ 0.06261962 -0.97641588  0.20661757]
 [-0.45063887  0.15705701  0.87878194]]
[[-0.89589378 -0.14992494 -0.41820671]
 [ 0.0701589  -0.97727052  0.20005014]
 [-0.43869359  0.14988276  0.88604915]]
[[-0.89013607 -0.14987401 -0.43034353]
 [ 0.06747647 -0.97730719  0.20079238]
 [-0.45067139  0.14969448  0.88004935]]
[[-0.89208043 -0.15145594 -0.42573889]
 [ 0.06497609 -0.97536003  0.21083386]
 [-0.44718074  0.16041791  0.87994061]]
[[-0.89563488 -0.14520531 -0.42042071]
 [ 0.06117039 -0.97644134  0.20693113]
 [-0.44056366  0.15961744  0.88341719]]
[[-0.90120684 -0.14353096 -0.40893166]
 [ 0.06463647 -0.97752714  0.20065596]
 [-0.42854213  0.15440063  0.89023148]]
[[-0.90320189 -0.1428851  -0.40473473]
 [ 0.06509695 -0.97765633  0.19987619]
 [-0.4242508   0.15418155  0.89232242]]
[[-0.89869064 -0.14325361 -0.41452808]
 [ 0.06708616 -0.9789304   0.19285933]
 [-0.43342194  0.14551178  0.88936592]]
[[-0.89910776 -0.14825393 -0.41185678]
 [ 0.06578957 -0.97597866  0.20769541]
 [-0.43275509  0.15964467  0.88726355]]
[[-0.90345855 -0.1489464  -0.40196719]
 [ 0.06281365 -0.97357218  0.21957151]
 [-0.42404847  0.17312474  0.88893798]]
[[-0.9013436  -0.14970954 -0.40640714]
 [ 0.07049989 -0.97655823  0.20338091]
 [-0.4273283   0.15466442  0.89076902]]
[[-0.90208139 -0.14749345 -0.40557965]
 [ 0.07630069 -0.97948849  0.1864953 ]
 [-0.42476743  0.13728793  0.89483219]]
[[-0.89586717 -0.14619344 -0.41958252]
 [ 0.07248304 -0.97975634  0.18661116]
 [-0.43836996  0.1367662   0.88832809]]
[[-0.89767287 -0.15086506 -0.41403279]
 [ 0.07740424 -0.97894377  0.18888534]
 [-0.43381102  0.13750935  0.89044886]]
[[-0.89265579 -0.14995817 -0.42506257]
 [ 0.07187056 -0.97832338  0.1942112 ]
 [-0.44497221  0.14281426  0.8840836 ]]
[[-0.89286417 -0.14585809 -0.42605046]
 [ 0.07106698 -0.97987619  0.18652651]
 [-0.4446831   0.13626472  0.88526203]]
[[-0.89779904 -0.14920552 -0.41436047]
 [ 0.08014974 -0.98050488  0.1794051 ]
 [-0.43305069  0.12785885  0.89225513]]
[[-0.89980104 -0.14909199 -0.41003617]
 [ 0.07600446 -0.97899611  0.1891823 ]
 [-0.42962938  0.13906185  0.89223338]]
[[-0.9063457  -0.14390773 -0.39727577]
 [ 0.0777449  -0.9809596   0.17797187]
 [-0.41532301  0.13041787  0.90027661]]
[[-0.90024159 -0.14401053 -0.41088446]
 [ 0.064656   -0.97746915  0.200932  ]
 [-0.43056321  0.1543212   0.88926953]]
[[-0.89712857 -0.14493252 -0.41731868]
 [ 0.05826471 -0.97521854  0.21343388]
 [-0.43791043  0.16716268  0.88334087]]
[[-0.88457051 -0.14886623 -0.44201116]
 [ 0.06765068 -0.97862475  0.19420862]
 [-0.46147416  0.14188886  0.87573349]]
[[-0.89327874 -0.15055963 -0.42353854]
 [ 0.07718664 -0.97961903  0.18544214]
 [-0.44282651  0.13296     0.88669404]]
[[-0.90427552 -0.14260177 -0.40243076]
 [ 0.07405564 -0.98067305  0.18109702]
 [-0.42047776  0.13395933  0.8973591 ]]
[[-0.9025622  -0.13960031 -0.40729992]
 [ 0.06185689 -0.97820706  0.19820363]
 [-0.42609295  0.1536968   0.89152796]]
[[-0.8953376  -0.14387074 -0.42151133]
 [ 0.05784199 -0.97593619  0.21024477]
 [-0.44161623  0.16385899  0.88211413]]
[[-0.89829021 -0.14722044 -0.41400585]
 [ 0.06288705 -0.97557647  0.21046559]
 [-0.43487921  0.16302357  0.88560905]]
[[-0.89294369 -0.14658795 -0.4256331 ]
 [ 0.06829143 -0.9786648   0.19378207]
 [-0.44495825  0.14396938  0.88390326]]
[[-0.89377579 -0.14404381 -0.4247543 ]
 [ 0.06279829 -0.97788709  0.19948236]
 [-0.44409594  0.15161866  0.88305751]]
[[-0.8969194  -0.14303307 -0.4184222 ]
 [ 0.059276   -0.97659134  0.20677456]
 [-0.43820309  0.16065772  0.88440214]]
[[-0.90161379 -0.14232307 -0.40845651]
 [ 0.07187255 -0.98048373  0.18299176]
 [-0.42652891  0.13563108  0.89424678]]
[[-0.89426561 -0.15112028 -0.42125015]
 [ 0.07691849 -0.97915707  0.18797603]
 [-0.44087705  0.13569857  0.88725043]]
[[-0.88804359 -0.14679839 -0.4356935 ]
 [ 0.06121585 -0.97697159  0.20439945]
 [-0.45566568  0.15484428  0.87657974]]
[[-0.88633981 -0.14601393 -0.43941061]
 [ 0.06328859 -0.97827481  0.1974157 ]
 [-0.45868977  0.14716771  0.87632492]]
[[-0.9088527  -0.1390471  -0.39325905]
 [ 0.07183139 -0.98089108  0.18081188]
 [-0.41088566  0.13608302  0.90147345]]
[[-0.88827797 -0.14628505 -0.43538826]
 [ 0.06557196 -0.97860501  0.19501937]
 [-0.45460155  0.14468215  0.87886546]]
[[-0.90111505 -0.14068131 -0.41012247]
 [ 0.06688033 -0.97967703  0.18910297]
 [-0.42839082  0.14297441  0.89221053]]
[[-0.89488915 -0.14963877 -0.4204541 ]
 [ 0.06921133 -0.97724755  0.20049193]
 [-0.44088911  0.15031787  0.88488492]]
[[-0.89168194 -0.14279822 -0.42954859]
 [ 0.06636252 -0.97992362  0.18800454]
 [-0.44777153  0.13913433  0.88325664]]
[[-0.90242865 -0.13920499 -0.40773091]
 [ 0.0689789  -0.98083872  0.18220131]
 [-0.4252816   0.13629885  0.89473917]]
[[-0.89479146 -0.14543307 -0.42213441]
 [ 0.06988331 -0.97942918  0.18930084]
 [-0.44098136  0.13988463  0.88654821]]
[[-0.88893933 -0.14372278 -0.43489151]
 [ 0.06731964 -0.98017917  0.18632462]
 [-0.45305069  0.13635454  0.88099518]]
[[-0.89322843 -0.14269658 -0.42635742]
 [ 0.06533265 -0.97942729  0.19092887]
 [-0.44483099  0.14268803  0.88417505]]
[[-0.89862357 -0.14669793 -0.41346753]
 [ 0.07246562 -0.97912598  0.18989748]
 [-0.43269437  0.14068417  0.89049624]]
[[-0.89352035 -0.14002617 -0.42663105]
 [ 0.06490263 -0.98043019  0.18586097]
 [-0.44430736  0.13838108  0.88512239]]
[[-0.89613109 -0.14518012 -0.41937071]
 [ 0.0749108  -0.98090149  0.17950111]
 [-0.43742135  0.12944113  0.88989188]]
[[-0.88695156 -0.14404353 -0.43882615]
 [ 0.06550538 -0.97975086  0.18920176]
 [-0.45719359  0.13906732  0.87842718]]
[[-0.89659148 -0.14348649 -0.41896938]
 [ 0.06747168 -0.97927096  0.1909868 ]
 [-0.43768857  0.14296857  0.88768728]]
[[-0.89072322 -0.14589979 -0.43049436]
 [ 0.0690966  -0.97954067  0.18901255]
 [-0.44926362  0.13861217  0.8825808 ]]
[[-0.8905867  -0.14646583 -0.43058459]
 [ 0.06433141 -0.97777603  0.19953821]
 [-0.45024082  0.15000596  0.88021669]]
[[-0.89914398 -0.14517355 -0.41287376]
 [ 0.07359588 -0.98010214  0.18434599]
 [-0.43142062  0.13536778  0.89193711]]
[[-0.89142468 -0.14526707 -0.42925462]
 [ 0.07442731 -0.98129764  0.1775261 ]
 [-0.44701524  0.12630288  0.88556477]]
[[-0.89016293 -0.14260418 -0.43275168]
 [ 0.06257072 -0.97902204  0.19390912]
 [-0.45132568  0.14553313  0.88041197]]
[[-0.90292791 -0.14644771 -0.4040721 ]
 [ 0.07869734 -0.98059733  0.17954274]
 [-0.42252565  0.13031475  0.89693375]]
[[-0.89062746 -0.15063053 -0.4290608 ]
 [ 0.07681527 -0.97981941  0.18453544]
 [-0.44819877  0.13139391  0.8842248 ]]
[[-0.89060915 -0.14319499 -0.43163705]
 [ 0.06762491 -0.9802815   0.18567459]
 [-0.44971348  0.13617407  0.88273122]]
[[-0.88985408 -0.14181352 -0.43364576]
 [ 0.0665895  -0.98065736  0.18405698]
 [-0.45135968  0.1349076   0.88208525]]
[[-0.89412598 -0.14321442 -0.42429748]
 [ 0.07652954 -0.98241164  0.17032498]
 [-0.44122778  0.1198207   0.88935991]]
[[-0.89159289 -0.14120945 -0.43025808]
 [ 0.06574643 -0.98043578  0.18553458]
 [-0.44803965  0.13713338  0.88343359]]
[[-0.89447445 -0.14998811 -0.42121137]
 [ 0.06998517 -0.97741075  0.19942491]
 [-0.44160789  0.14890194  0.88476589]]
[[-0.88982026 -0.14443937 -0.43284774]
 [ 0.06588778 -0.97930921  0.19134332]
 [-0.45152929  0.14174179  0.88092597]]
[[-0.89811896 -0.14206711 -0.41617216]
 [ 0.07349376 -0.98155881  0.17646804]
 [-0.43356776  0.12790324  0.89199762]]
[[-0.89989291 -0.14326578 -0.41190735]
 [ 0.08545816 -0.98411872  0.15558681]
 [-0.427656    0.10481062  0.89784468]]
[[-0.88640953 -0.14573941 -0.4393611 ]
 [ 0.07727633 -0.98241472  0.16996969]
 [-0.45640609  0.11671054  0.88208397]]
[[-0.89076957 -0.14484316 -0.43075519]
 [ 0.07759576 -0.9824058   0.16987566]
 [-0.44778172  0.11789529  0.88633641]]
[[-0.89941436 -0.1408283  -0.41378883]
 [ 0.073826   -0.98201865  0.17375011]
 [-0.43081728  0.12572496  0.89363846]]
[[-0.88579389 -0.14488457 -0.44088281]
 [ 0.07231479 -0.9815045   0.17725541]
 [-0.45841004  0.12512942  0.87988798]]
[[-0.8807604  -0.14827866 -0.44974943]
 [ 0.07450943 -0.98127722  0.17760449]
 [-0.46766383  0.12291643  0.87531828]]
[[-0.88919225 -0.13903678 -0.43589668]
 [ 0.07658694 -0.98449794  0.15779178]
 [-0.45107824  0.10692323  0.88605634]]
[[-0.89847139 -0.14136937 -0.41564872]
 [ 0.07837825 -0.98317893  0.16497288]
 [-0.43197917  0.11564559  0.89443842]]
[[-0.90214956 -0.14131677 -0.40762206]
 [ 0.08736903 -0.98509747  0.14815404]
 [-0.42248411  0.09804356  0.90105196]]
[[-0.89440092 -0.14050836 -0.42462264]
 [ 0.07601712 -0.98331563  0.16526272]
 [-0.44075888  0.11553254  0.89015945]]
[[-0.88713099 -0.14022054 -0.43970082]
 [ 0.07644852 -0.9842132   0.15962456]
 [-0.45514199  0.10799342  0.88384568]]
[[-0.88989175 -0.14245632 -0.43335768]
 [ 0.0793232  -0.98383908  0.16052566]
 [-0.44922212  0.10847514  0.88681037]]
[[-0.8877157  -0.13833493 -0.43911762]
 [ 0.07990069 -0.98560848  0.14896917]
 [-0.45340569  0.09715647  0.88599317]]
[[-0.88741403 -0.14218037 -0.43849866]
 [ 0.08526515 -0.9854587   0.14697283]
 [-0.45301897  0.09303709  0.88663291]]
[[-0.90022675 -0.13950951 -0.41246685]
 [ 0.07764795 -0.98353391  0.16319268]
 [-0.42844206  0.11488321  0.89623616]]
[[-0.88671628 -0.1370663  -0.44152811]
 [ 0.07440435 -0.98489955  0.15632297]
 [-0.45628745  0.10576251  0.88352479]]
[[-0.89497043 -0.14874967 -0.42059657]
 [ 0.08966576 -0.98351384  0.15703684]
 [-0.43702172  0.10283022  0.89355356]]
[[-0.89710983 -0.14697631 -0.41664363]
 [ 0.08228603 -0.98212679  0.16928079]
 [-0.43407713  0.11757951  0.89316969]]
[[-0.89163726 -0.14908897 -0.42749909]
 [ 0.09190527 -0.98416942  0.15153867]
 [-0.44332427  0.09582811  0.89122419]]
[[-0.89978164 -0.14041455 -0.41313043]
 [ 0.08920475 -0.98600557  0.14083867]
 [-0.4271247   0.08987085  0.89971535]]
[[-0.89947737 -0.13766667 -0.41471477]
 [ 0.07598064 -0.983892    0.16181307]
 [-0.43031081  0.1140369   0.8954486 ]]
[[-0.89199009 -0.13849694 -0.43031648]
 [ 0.0871416  -0.98673793  0.13694743]
 [-0.4435764   0.08465728  0.8922293 ]]
[[-0.89267743 -0.14054224 -0.42822294]
 [ 0.08480373 -0.9855434   0.14667149]
 [-0.44264584  0.09461543  0.89169086]]
[[-0.8917787  -0.14047422 -0.43011364]
 [ 0.08093292 -0.98477821  0.15382376]
 [-0.44517482  0.1023664   0.88957321]]
[[-0.88690636 -0.14297884 -0.43926547]
 [ 0.08563881 -0.98530245  0.14780082]
 [-0.45394174  0.09346732  0.88611555]]
[[-0.89475875 -0.1394584  -0.42421473]
 [ 0.08794897 -0.98641098  0.13877448]
 [-0.43780334  0.08686043  0.89486508]]
[[-0.89758932 -0.13516745 -0.41959883]
 [ 0.0743303  -0.98460976  0.15817278]
 [-0.43452092  0.11078529  0.89382224]]
[[-0.8973006  -0.13965619 -0.41874549]
 [ 0.07939599 -0.98422318  0.15811705]
 [-0.43422104  0.10863181  0.89423219]]
[[-0.89771134 -0.13379732 -0.41977688]
 [ 0.08062673 -0.98657313  0.14203094]
 [-0.43314395  0.09365755  0.89644553]]
[[-0.89336578 -0.13268057 -0.42929412]
 [ 0.0797681  -0.98706455  0.1390706 ]
 [-0.44219297  0.08999694  0.89239337]]
[[-0.90296512 -0.13769545 -0.40705523]
 [ 0.08877423 -0.98661059  0.1368162 ]
 [-0.42044397  0.08740424  0.90309876]]
[[-0.89916938 -0.13910699 -0.414902  ]
 [ 0.09246238 -0.98711753  0.13057448]
 [-0.42772086  0.07904575  0.90044802]]
[[-0.8989514  -0.14370645 -0.41380532]
 [ 0.08813648 -0.98467487  0.15049038]
 [-0.42909014  0.09881219  0.89784063]]
[[-0.89398977 -0.13943338 -0.42584107]
 [ 0.08470108 -0.98580464  0.14496531]
 [-0.4400091   0.0935283   0.89310943]]
[[-0.89676074 -0.13481453 -0.42147979]
 [ 0.08919347 -0.98798134  0.12624341]
 [-0.43343362  0.07561689  0.89800745]]
[[-0.89100637 -0.14250983 -0.43104361]
 [ 0.09397869 -0.98678672  0.13198478]
 [-0.44415723  0.07709037  0.89262614]]
[[-0.89793021 -0.13835331 -0.41782735]
 [ 0.09490979 -0.98784116  0.12313393]
 [-0.42978304  0.07090977  0.90014351]]
[[-0.89328119 -0.14075413 -0.42689225]
 [ 0.09799375 -0.98784573  0.12065666]
 [-0.43868662  0.06594755  0.89621704]]
[[-0.89801952 -0.13654309 -0.4182307 ]
 [ 0.09327961 -0.98809952  0.12230391]
 [-0.42995331  0.0708189   0.90006935]]
[[-0.90472671 -0.13390813 -0.40439856]
 [ 0.08263364 -0.98644443  0.1417712 ]
 [-0.41790103  0.09484726  0.90352794]]
[[-0.89939219 -0.12942348 -0.4175443 ]
 [ 0.07408131 -0.98647726  0.14620044]
 [-0.43081973  0.10055931  0.89681781]]
[[-0.89617615 -0.13100459 -0.42391757]
 [ 0.07946316 -0.98735936  0.13713897]
 [-0.43652481  0.08921484  0.89525795]]
[[-0.90201224 -0.13171106 -0.41112785]
 [ 0.08003463 -0.98683319  0.14055147]
 [-0.42422679  0.09387468  0.90067706]]
[[-0.8945756  -0.1314483  -0.4271485 ]
 [ 0.08456338 -0.9882877   0.12702936]
 [-0.4388434   0.07751625  0.89521378]]
[[-0.90030011 -0.13254985 -0.41459649]
 [ 0.07959659 -0.98657867  0.14257246]
 [-0.42793001  0.09535753  0.8987674 ]]
[[-0.89869601 -0.13175852 -0.41831229]
 [ 0.07591438 -0.98614169  0.14751808]
 [-0.43195195  0.10081799  0.89624397]]
[[-0.90736843 -0.12586538 -0.40104918]
 [ 0.0780751  -0.98797894  0.1334237 ]
 [-0.41302157  0.08975249  0.90628785]]
[[-0.90344642 -0.13286668 -0.40759173]
 [ 0.08474703 -0.98734958  0.13401024]
 [-0.42024102  0.08652889  0.9032775 ]]
[[-0.89888935 -0.13083292 -0.41818738]
 [ 0.07879508 -0.98708934  0.13944879]
 [-0.4310328   0.09239792  0.89759309]]
[[-0.89775749 -0.12931462 -0.421081  ]
 [ 0.0738346  -0.98658964  0.14556556]
 [-0.43425791  0.09959222  0.89526614]]
[[-0.90663064 -0.1342102  -0.40001062]
 [ 0.08883824 -0.98752885  0.12997897]
 [-0.41246654  0.08230668  0.90724692]]
[[-0.89600182 -0.13218924 -0.42391832]
 [ 0.080824   -0.98726475  0.13702481]
 [-0.43663282  0.0885117   0.89527507]]
[[-0.90657509 -0.13046606 -0.40137292]
 [ 0.0809074  -0.98710613  0.13811399]
 [-0.41421686  0.09273666  0.9054415 ]]
[[-0.90057754 -0.13260598 -0.41397554]
 [ 0.07951423 -0.98651953  0.14302696]
 [-0.42736119  0.09588992  0.89898139]]
[[-0.89881533 -0.13261676 -0.41778439]
 [ 0.08388812 -0.98755899  0.13300387]
 [-0.43022527  0.08449877  0.89875813]]
[[-0.90432191 -0.12842496 -0.4070736 ]
 [ 0.07041469 -0.98548407  0.15447626]
 [-0.42100316  0.11103231  0.90023784]]
[[-0.89786082 -0.13106634 -0.42031841]
 [ 0.08239733 -0.98781718  0.13201478]
 [-0.43250044  0.08389778  0.89772186]]
[[-0.90640881 -0.13028619 -0.40180665]
 [ 0.06760667 -0.98372696  0.16646502]
 [-0.41695613  0.12372055  0.900467  ]]
[[-0.89819902 -0.13497352 -0.41835473]
 [ 0.07920987 -0.98581175  0.14798985]
 [-0.43239372  0.09978652  0.89614638]]
[[-0.89973696 -0.13186845 -0.41603378]
 [ 0.07559625 -0.98594017  0.14902074]
 [-0.42983555  0.10262887  0.89705558]]
[[-0.90139287 -0.13249485 -0.41223295]
 [ 0.07674145 -0.98584651  0.14905502]
 [-0.42614744  0.10272178  0.89880287]]
[[-0.90507873 -0.12699744 -0.40583759]
 [ 0.0761621  -0.98734333  0.13911323]
 [-0.41836806  0.09499898  0.90329583]]
[[-0.90314381 -0.13076555 -0.40893965]
 [ 0.07368388 -0.98556514  0.15242061]
 [-0.42296803  0.10752547  0.89974236]]
[[-0.89874009 -0.13377589 -0.41757666]
 [ 0.07808113 -0.98592985  0.14780281]
 [-0.43147374  0.10023146  0.89654005]]
[[-0.90133435 -0.13366115 -0.41198432]
 [ 0.07383354 -0.98468578  0.15793205]
 [-0.42678448  0.11193132  0.89739979]]
[[-0.90181354 -0.13376234 -0.41090141]
 [ 0.07975209 -0.98606979  0.14596564]
 [-0.42470218  0.09886355  0.89991892]]
[[-0.90120351 -0.13398277 -0.41216604]
 [ 0.07772108 -0.98555963  0.15043817]
 [-0.42637034  0.10354142  0.89860309]]
[[-0.9015141  -0.1350103  -0.41115028]
 [ 0.07528284 -0.98452946  0.15822214]
 [-0.42615118  0.11168693  0.89773114]]
[[-0.9098216  -0.13120555 -0.3937128 ]
 [ 0.07563925 -0.98524302  0.15354119]
 [-0.40804824  0.10991495  0.90631967]]
[[-0.90444208 -0.12933085 -0.40651943]
 [ 0.07404094 -0.98606451  0.14897891]
 [-0.42012196  0.10464372  0.90141402]]
[[-0.89845155 -0.13232487 -0.4186585 ]
 [ 0.07355147 -0.98539068  0.15360792]
 [-0.43286833  0.10721632  0.89505847]]
[[-0.90081887 -0.13251392 -0.41347966]
 [ 0.07010922 -0.9841858   0.16267453]
 [-0.42849745  0.11755155  0.89586359]]
[[-0.90996936 -0.12997047 -0.39378095]
 [ 0.06799955 -0.98352693  0.16748384]
 [-0.40906212  0.12562823  0.90381731]]
[[-0.89890024 -0.13230616 -0.41770018]
 [ 0.07543416 -0.98581619  0.14992037]
 [-0.43161099  0.1032546   0.89613081]]
[[-0.90372362 -0.13255502 -0.40707835]
 [ 0.07304053 -0.98465726  0.15847764]
 [-0.42183966  0.11348677  0.89953991]]
[[-0.90265548 -0.13372972 -0.40905921]
 [ 0.07520214 -0.98488493  0.15603306]
 [-0.42374251  0.11008197  0.89906854]]
[[-0.90478492 -0.1313818  -0.40509638]
 [ 0.07440944 -0.98536163  0.1533809 ]
 [-0.41931789  0.10863373  0.90131638]]
[[-0.90397957 -0.12704074 -0.40826655]
 [ 0.07027204 -0.98599934  0.15121884]
 [-0.42176151  0.10800902  0.90025068]]
[[-0.90578951 -0.13181886 -0.40270231]
 [ 0.07387366 -0.98495149  0.15624741]
 [-0.41723859  0.11177817  0.90189667]]
[[-0.89971062 -0.1330032  -0.41572942]
 [ 0.06635319 -0.98305073  0.17090497]
 [-0.43141402  0.12618004  0.89328637]]
[[-0.90510363 -0.13377609 -0.40359805]
 [ 0.078501   -0.98547334  0.15059842]
 [-0.41788159  0.10462433  0.90245705]]
[[-0.89903641 -0.13171449 -0.4175941 ]
 [ 0.06518099 -0.98331667  0.16982274]
 [-0.43299536  0.12545763  0.89262277]]
[[-0.89852545 -0.13043166 -0.41909378]
 [ 0.06252326 -0.9831243   0.17192283]
 [-0.43444546  0.12827393  0.89151721]]
[[-0.89933441 -0.13177503 -0.41693281]
 [ 0.069331   -0.98442032  0.16158542]
 [-0.43173005  0.11641296  0.89445916]]
[[-0.90903988 -0.12807511 -0.39653912]
 [ 0.07732632 -0.98691493  0.14149053]
 [-0.40947179  0.09795762  0.9070486 ]]
[[-0.8998766  -0.13569401 -0.41449879]
 [ 0.07532225 -0.98444132  0.1587509 ]
 [-0.42959128  0.11163524  0.89609648]]
[[-0.90607585 -0.13631398 -0.40055592]
 [ 0.07769229 -0.98418667  0.159187  ]
 [-0.41592122  0.11311539  0.90233832]]
[[-0.90848373 -0.12708139 -0.39813017]
 [ 0.06957588 -0.98534261  0.15575345]
 [-0.41208798  0.11379922  0.90400953]]
[[-0.898906   -0.1326372  -0.41758279]
 [ 0.07568044 -0.98575572  0.15019362]
 [-0.43155589  0.10340709  0.89613977]]
[[-0.89931361 -0.13407205 -0.41624478]
 [ 0.06804055 -0.98314979  0.16966726]
 [-0.4319786   0.12426255  0.89328232]]
[[-0.90410528 -0.12976001 -0.4071314 ]
 [ 0.07352607 -0.98580824  0.15091732]
 [-0.42093652  0.10651037  0.90081518]]
[[-0.90076253 -0.13584583 -0.41252003]
 [ 0.07393428 -0.98392265  0.16257286]
 [-0.42797264  0.11594017  0.89632432]]
[[-0.89476362 -0.13496023 -0.42565691]
 [ 0.07313723 -0.98465333  0.15845745]
 [-0.44050995  0.11065059  0.89090259]]
[[-0.90173787 -0.13033829 -0.41216591]
 [ 0.07625911 -0.98647232  0.14510997]
 [-0.42550365  0.09941975  0.89947894]]
[[-0.89683688 -0.13448968 -0.42142156]
 [ 0.07815216 -0.98584955  0.14830006]
 [-0.43540308  0.10006595  0.8946569 ]]
[[-0.89663783 -0.13176611 -0.42270356]
 [ 0.0739834  -0.98585615  0.15037988]
 [-0.43653987  0.10356325  0.89370442]]
[[-0.90986915 -0.13025725 -0.39391772]
 [ 0.07192469 -0.98458368  0.1594422 ]
 [-0.40861346  0.11673913  0.90521103]]
[[-0.89782193 -0.13029935 -0.42063983]
 [ 0.06915687 -0.98508871  0.15753587]
 [-0.43489437  0.11234903  0.89344535]]
[[-0.89356075 -0.13119746 -0.42934417]
 [ 0.07468681 -0.98646137  0.14599949]
 [-0.4426862   0.09839307  0.89126188]]
[[-0.89653694 -0.13263064 -0.42264717]
 [ 0.07313477 -0.98534875  0.15407512]
 [-0.43688994  0.10722383  0.89310147]]
[[-0.90282948 -0.13128097 -0.40946823]
 [ 0.07244102 -0.98508032  0.1561059 ]
 [-0.42385283  0.11127471  0.89886969]]
[[-0.89706279 -0.13617227 -0.42039917]
 [ 0.07985234 -0.98562815  0.14886486]
 [-0.43462852  0.09997127  0.89504402]]
[[-0.8989012  -0.13284075 -0.4175284 ]
 [ 0.08152993 -0.98700118  0.13849747]
 [-0.43049913  0.09045448  0.89804704]]
[[-0.90151142 -0.13058734 -0.41258225]
 [ 0.07760783 -0.98671427  0.14273045]
 [-0.42573958  0.09665352  0.89966878]]
[[-0.89153685 -0.1390722  -0.43106956]
 [ 0.07653025 -0.98426507  0.15926519]
 [-0.44643607  0.10900093  0.88815181]]
[[-0.90366294 -0.12761065 -0.40878945]
 [ 0.07278318 -0.98644857  0.14704362]
 [-0.4220141   0.10312488  0.90070492]]
[[-0.90325382 -0.13565777 -0.40709889]
 [ 0.08115072 -0.98559571  0.14837676]
 [-0.42136338  0.10098551  0.90125181]]
[[-0.89363561 -0.12967272 -0.42965147]
 [ 0.07063866 -0.98605584  0.15067869]
 [-0.44319925  0.10430184  0.89033451]]
[[-0.8916713  -0.13474194 -0.43216537]
 [ 0.07712544 -0.98593523  0.14826797]
 [-0.44606498  0.09887535  0.88952218]]
[[-0.8909782  -0.13423024 -0.43375119]
 [ 0.07999374 -0.98676522  0.14105104]
 [-0.44694391  0.09097602  0.88992388]]
[[-0.89056334 -0.13582256 -0.43410732]
 [ 0.08642094 -0.98751781  0.13168143]
 [-0.44657402  0.07975469  0.89118507]]
[[-0.89112555 -0.13681634 -0.43263905]
 [ 0.08036614 -0.98597515  0.14626788]
 [-0.44658319  0.09557352  0.88962304]]
[[-0.90298116 -0.13295194 -0.4085937 ]
 [ 0.08467971 -0.98733916  0.13412953]
 [-0.42125334  0.08651684  0.90280699]]
[[-0.90269252 -0.13203403 -0.40952805]
 [ 0.08463464 -0.98764749  0.13186891]
 [-0.42188054  0.08437682  0.90271666]]
[[-0.90362964 -0.12689704 -0.40908509]
 [ 0.07253371 -0.98664636  0.14583491]
 [-0.42212833  0.10210829  0.90076721]]
[[-0.90251575 -0.13534493 -0.40883623]
 [ 0.07729216 -0.98482311  0.15540067]
 [-0.42366406  0.10865171  0.89927947]]
[[-0.90442886 -0.12257246 -0.40863729]
 [ 0.07103122 -0.98773284  0.13906257]
 [-0.42066971  0.0967462   0.90204056]]
[[-0.90098615 -0.131545   -0.41342457]
 [ 0.07386114 -0.98552257  0.15260994]
 [-0.42751432  0.10696343  0.89765825]]
[[-0.89265159 -0.13243864 -0.43085166]
 [ 0.08401988 -0.98799717  0.12962353]
 [-0.44284739  0.07950855  0.89306471]]
[[-0.89573729 -0.13020397 -0.42509015]
 [ 0.06979341 -0.98548009  0.15478331]
 [-0.43907128  0.10897669  0.89181864]]
[[-0.90223884 -0.13412961 -0.4098467 ]
 [ 0.08093756 -0.98617906  0.1445682 ]
 [-0.42357312  0.09726305  0.90062518]]
[[-0.90398033 -0.12505301 -0.4088781 ]
 [ 0.07454629 -0.98772363  0.13727668]
 [-0.42102542  0.09361507  0.90220497]]
[[-0.89996885 -0.12336153 -0.41813635]
 [ 0.08227767 -0.98995517  0.11497456]
 [-0.42811968  0.06907024  0.90107871]]
[[-0.90731229 -0.13079382 -0.39959653]
 [ 0.07952738 -0.98661479  0.14236097]
 [-0.41286778  0.09738699  0.90556942]]
[[-0.89715848 -0.12370464 -0.42403281]
 [ 0.06808406 -0.9872386   0.14396011]
 [-0.43643009  0.10028516  0.89413179]]
[[-0.89286216 -0.11948883 -0.43418841]
 [ 0.06877828 -0.98902738  0.13074554]
 [-0.44504685  0.08687502  0.89128336]]
[[-0.89628538 -0.11782227 -0.42753997]
 [ 0.06594258 -0.98875213  0.1342416 ]
 [-0.43854771  0.09212569  0.89397358]]
[[-0.90672856 -0.12111881 -0.40394745]
 [ 0.06245816 -0.98587441  0.15540472]
 [-0.41706389  0.11568008  0.90148535]]
[[-0.89945709 -0.11707208 -0.4210357 ]
 [ 0.06596123 -0.98878028  0.1340249 ]
 [-0.43200237  0.09277761  0.89708766]]
[[-0.89989997 -0.11435203 -0.42083686]
 [ 0.05620273 -0.98737224  0.14811247]
 [-0.4324596   0.10963423  0.89496315]]
[[-0.90877191 -0.10441267 -0.40401932]
 [ 0.04924721 -0.98825986  0.14462768]
 [-0.41437704  0.11153675  0.90324483]]
[[-0.90365568 -0.11195696 -0.41336672]
 [ 0.05707038 -0.98809658  0.14285696]
 [-0.42444008  0.10550251  0.89928852]]
[[-0.91043489 -0.10723296 -0.39951145]
 [ 0.05636521 -0.98896616  0.13699962]
 [-0.40979418  0.10221069  0.90643351]]
[[-0.90505168 -0.10773669 -0.41142953]
 [ 0.04979985 -0.98757377  0.14905709]
 [-0.42237593  0.11441524  0.89917058]]
[[-0.90352226 -0.10859541 -0.41455344]
 [ 0.0576985  -0.98937847  0.13342088]
 [-0.42463914  0.09662962  0.90019127]]
[[-0.90861614 -0.10584461 -0.40399705]
 [ 0.04783742 -0.98736141  0.15109278]
 [-0.41488346  0.11795917  0.90219585]]
[[-0.91463099 -0.09953999 -0.39184429]
 [ 0.04649949 -0.98868502  0.14261743]
 [-0.40160671  0.11222176  0.90891051]]
[[-0.90195873 -0.10468938 -0.41893982]
 [ 0.060675   -0.99126746  0.11707845]
 [-0.42753829  0.08018075  0.90043437]]
[[-0.91943294 -0.10244098 -0.37966948]
 [ 0.04770057 -0.98739737  0.15090093]
 [-0.39034308  0.12063284  0.91273216]]
[[-0.91720129 -0.10409869 -0.38458454]
 [ 0.05622031 -0.98942126  0.13373424]
 [-0.39443768  0.10103975  0.91335091]]
[[-0.91848765 -0.09960596 -0.38269975]
 [ 0.04878066 -0.98890529  0.14030955]
 [-0.39242947  0.11020425  0.91315614]]
[[-0.91738568 -0.09567071 -0.38632969]
 [ 0.04469802 -0.9893041   0.13885059]
 [-0.39548148  0.11011137  0.9118497 ]]
[[-0.91359794 -0.09975776 -0.39419182]
 [ 0.05378693 -0.99056811  0.12602296]
 [-0.40304562  0.09393194  0.91034665]]
[[-0.90840313 -0.09763581 -0.40653535]
 [ 0.04329251 -0.98908988  0.14080828]
 [-0.41584793  0.11031075  0.90271924]]
[[-0.90629787 -0.09414468 -0.41202057]
 [ 0.05074305 -0.99206113  0.11506454]
 [-0.41958231  0.08337557  0.90388008]]
[[-0.90485672 -0.09602096 -0.41474605]
 [ 0.05060153 -0.99158347  0.11917091]
 [-0.42269823  0.08684581  0.90209978]]
[[-0.90125279 -0.09920032 -0.42178515]
 [ 0.05124159 -0.99100995  0.12358632]
 [-0.43025308  0.08976957  0.89823366]]
[[-0.9191483  -0.08660116 -0.38427417]
 [ 0.04009181 -0.99103481  0.12744664]
 [-0.39186611  0.10173612  0.91437996]]
[[-0.91404476 -0.0990465  -0.39333443]
 [ 0.04870067 -0.98951127  0.13599885]
 [-0.40267906  0.10515339  0.90928122]]
[[-0.91094364 -0.09488179 -0.40147122]
 [ 0.05249362 -0.99194019  0.11532167]
 [-0.40917736  0.08397687  0.90858229]]
[[-0.91849907 -0.08886322 -0.38530868]
 [ 0.03353195 -0.98841524  0.14802338]
 [-0.39399881  0.12303918  0.91083824]]
[[-0.92030348 -0.09219229 -0.3801869 ]
 [ 0.04203838 -0.98951338  0.13818844]
 [-0.38893994  0.11119286  0.91452822]]
[[-0.9215851  -0.09897605 -0.37534604]
 [ 0.04397749 -0.98734342  0.15237768]
 [-0.38567718  0.12392222  0.9142737 ]]
[[-0.92276704 -0.08374764 -0.37614801]
 [ 0.04319852 -0.99242752  0.11498477]
 [-0.38292935  0.08985512  0.91939718]]
[[-0.92511469 -0.09674578 -0.36715537]
 [ 0.0480716  -0.98905567  0.13949196]
 [-0.37663235  0.11139632  0.91964065]]
[[-0.91217449 -0.09002886 -0.39979059]
 [ 0.04320696 -0.99126086  0.12463974]
 [-0.40751793  0.09641945  0.90809274]]
[[-0.91894129 -0.09251222 -0.38339065]
 [ 0.04811215 -0.9911349   0.12384195]
 [-0.39144875  0.09535773  0.91524575]]
[[-0.90805717 -0.09588196 -0.40772396]
 [ 0.04625498 -0.99044744  0.1299013 ]
 [-0.41628434  0.09909854  0.90381792]]
[[-0.90073909 -0.09935582 -0.42284455]
 [ 0.04894034 -0.99050295  0.12848636]
 [-0.43159464  0.09503853  0.89704724]]
[[-0.89128738 -0.10087999 -0.4420747 ]
 [ 0.05205309 -0.99125566  0.12125463]
 [-0.45044122  0.08506137  0.88874477]]
[[-0.8984225  -0.09873026 -0.4278894 ]
 [ 0.05066163 -0.99119514  0.12233397]
 [-0.43619996  0.08823002  0.89551385]]
[[-0.90248443 -0.0966148  -0.41974687]
 [ 0.05127377 -0.99168678  0.11801837]
 [-0.42765974  0.08498774  0.89993568]]
[[-0.89995824 -0.09742242 -0.42495182]
 [ 0.04921574 -0.99118485  0.12300574]
 [-0.43318932  0.08978571  0.89681968]]
[[-0.90509481 -0.09656861 -0.41409888]
 [ 0.05096906 -0.99148718  0.11981368]
 [-0.42214397  0.08733651  0.90231192]]
[[-0.90665406 -0.09522174 -0.41098811]
 [ 0.05124057 -0.99183743  0.11676009]
 [-0.41875149  0.08480174  0.90413265]]
[[-0.90208359 -0.09380704 -0.42124272]
 [ 0.04737511 -0.99171608  0.1193935 ]
 [-0.42895313  0.0877465   0.89905493]]
[[-0.90125977 -0.09385893 -0.42299094]
 [ 0.04740295 -0.99175447  0.11906316]
 [-0.4306783   0.08725582  0.89827759]]
[[-0.90050306 -0.09994589 -0.42320805]
 [ 0.0512638  -0.99084151  0.12492044]
 [-0.43181739  0.09079599  0.89737942]]
[[-0.90235314 -0.09688795 -0.41996612]
 [ 0.04653257 -0.99060989  0.12855645]
 [-0.42847816  0.09646122  0.89838839]]
[[-0.92564439 -0.09082069 -0.36733374]
 [ 0.05057982 -0.99175452  0.11774826]
 [-0.37499887  0.09041334  0.9226057 ]]
[[-0.91780991 -0.09241525 -0.38611447]
 [ 0.04957558 -0.99159662  0.11949227]
 [-0.39391271  0.09052934  0.91467875]]
[[-0.90656217 -0.0960595  -0.41099587]
 [ 0.04951751 -0.99123841  0.12245175]
 [-0.41915754  0.09065863  0.90337587]]
[[-0.91495719 -0.08655525 -0.39415928]
 [ 0.04278984 -0.99202964  0.1185168 ]
 [-0.40127594  0.09157178  0.91136833]]
[[-0.92253902 -0.09056176 -0.37512707]
 [ 0.04816933 -0.9914951   0.12090158]
 [-0.38288571  0.09346681  0.91905521]]
[[-0.91025366 -0.08741812 -0.40471761]
 [ 0.04066479 -0.9916072   0.12272549]
 [-0.41204933  0.09525357  0.90616892]]
[[-0.91259146 -0.08194958 -0.40057594]
 [ 0.04862121 -0.99450747  0.09268696]
 [-0.40597143  0.06510884  0.91156351]]
[[-0.91247665 -0.09078126 -0.39892997]
 [ 0.04508863 -0.9914458   0.1224836 ]
 [-0.40663666  0.09377622  0.90876435]]
[[-0.91834203 -0.08515987 -0.38651742]
 [ 0.04019787 -0.99159634  0.12296682]
 [-0.3937411   0.09738842  0.91404783]]
[[-0.90679612 -0.07975582 -0.41395629]
 [ 0.04489932 -0.99462725  0.09327744]
 [-0.41917162  0.06599726  0.90550511]]
[[-0.92126241 -0.07422225 -0.38179395]
 [ 0.03602578 -0.99368693  0.10624705]
 [-0.38726955  0.08412699  0.91812033]]
[[-0.89972716 -0.07894514 -0.42925366]
 [ 0.03943627 -0.99418708  0.10018402]
 [-0.43466748  0.07321012  0.89761041]]
[[-0.93146707 -0.07985454 -0.35495401]
 [ 0.03733725 -0.99144551  0.12506693]
 [-0.36190472  0.10324272  0.92648039]]
[[-0.91788498 -0.08044247 -0.38860799]
 [ 0.0379388  -0.99254224  0.11584708]
 [-0.39502887  0.09159097  0.91409151]]
[[-0.9187474  -0.07299269 -0.3880403 ]
 [ 0.04209666 -0.99527062  0.08754575]
 [-0.39259531  0.06409723  0.91747505]]
[[-0.91826864 -0.07634957 -0.38852727]
 [ 0.03646246 -0.99336953  0.10902967]
 [-0.39427552  0.08595186  0.91496398]]
[[-0.91321479 -0.07642813 -0.40024678]
 [ 0.03954556 -0.994239    0.09962412]
 [-0.40555505  0.07515023  0.91097615]]
[[-0.92774685 -0.07245515 -0.36610932]
 [ 0.03448264 -0.9934191   0.10922196]
 [-0.37161368  0.08870592  0.92413989]]
[[-0.93018318 -0.0725529  -0.35985458]
 [ 0.03420692 -0.99314031  0.11181326]
 [-0.36549847  0.09169729  0.92628423]]
[[-0.90819683 -0.07433764 -0.41188885]
 [ 0.04099557 -0.9951684   0.08921443]
 [-0.41653076  0.06413865  0.9068563 ]]
[[-0.93433403 -0.07002226 -0.34945214]
 [ 0.03703942 -0.99427785  0.10019797]
 [-0.35446862  0.08067487  0.93158122]]
[[-0.91690061 -0.07480375 -0.39204295]
 [ 0.04253408 -0.99499927  0.09037314]
 [-0.3968427   0.06618801  0.91549714]]
[[-0.9430753  -0.07340688 -0.32437697]
 [ 0.03846065 -0.99286532  0.11286824]
 [-0.33034795  0.0939675   0.93917003]]
[[-0.92973706 -0.0750179  -0.36050147]
 [ 0.04139746 -0.99411539  0.10010417]
 [-0.36588966  0.07814671  0.92737147]]
[[-0.9232179  -0.08051618 -0.37574706]
 [ 0.04540295 -0.99380911  0.10140036]
 [-0.38158522  0.0765546   0.92115803]]
[[-0.91503087 -0.08311962 -0.3947273 ]
 [ 0.04747654 -0.99393031  0.09923969]
 [-0.4005802   0.0720671   0.91342314]]
[[-0.91934269 -0.07418699 -0.38640046]
 [ 0.04674019 -0.99570138  0.07996325]
 [-0.39067171  0.0554532   0.91885829]]
[[-0.92082654 -0.08376129 -0.38087075]
 [ 0.04792459 -0.99356359  0.10263831]
 [-0.38701643  0.076259    0.91891395]]
[[-0.9216099  -0.08201418 -0.37935322]
 [ 0.05114398 -0.99455794  0.09076778]
 [-0.38473301  0.06425085  0.92078898]]
[[-0.93137749 -0.08063787 -0.35501199]
 [ 0.04659177 -0.99354376  0.1034408 ]
 [-0.36106119  0.0798018   0.92912135]]
[[-0.91789154 -0.07948543 -0.38878939]
 [ 0.04822764 -0.99481641  0.0895232 ]
 [-0.39388986  0.0634222   0.91696696]]
[[-0.92139385 -0.07971322 -0.38036716]
 [ 0.04510225 -0.9940579   0.09906908]
 [-0.38600409  0.07412622  0.91951408]]
[[-0.92015294 -0.08659897 -0.38186279]
 [ 0.05343737 -0.99388499  0.09662858]
 [-0.38789563  0.06850733  0.91915381]]
[[-0.92245757 -0.07098171 -0.37951763]
 [ 0.04529095 -0.99606259  0.07621056]
 [-0.38343287  0.05311229  0.9220403 ]]
[[-0.92227421 -0.07628434 -0.37893401]
 [ 0.04258255 -0.99441694  0.09654886]
 [-0.38418356  0.07290854  0.92037347]]
[[-0.92887214 -0.06688967 -0.36431074]
 [ 0.03826826 -0.99562599  0.08523157]
 [-0.36841835  0.06522769  0.927369  ]]
[[-0.92311769 -0.0708232  -0.37793889]
 [ 0.04680452 -0.99627863  0.0723756 ]
 [-0.38165831  0.04912195  0.92299727]]
[[-0.92621585 -0.06825097 -0.37076408]
 [ 0.03850206 -0.99545851  0.08706289]
 [-0.37502239  0.06636385  0.92463725]]
[[-0.91982514 -0.0780957  -0.38447728]
 [ 0.04783306 -0.99500047  0.08767022]
 [-0.38940174  0.06225055  0.918962  ]]
[[-0.92360512 -0.07329378 -0.37627331]
 [ 0.03975562 -0.99457291  0.0961469 ]
 [-0.38127821  0.07384279  0.92150647]]
[[-0.92783619 -0.07900056 -0.36452562]
 [ 0.04944416 -0.99473808  0.08972971]
 [-0.36969621  0.06523081  0.9268601 ]]
[[-0.92472656 -0.08201944 -0.3716902 ]
 [ 0.05354129 -0.99482775  0.08631965]
 [-0.37684761  0.0599213   0.92433507]]
[[-0.92380644 -0.07322238 -0.37579269]
 [ 0.04175098 -0.99495436  0.09122876]
 [-0.38057656  0.068588    0.92220235]]
[[-0.92801412 -0.07306612 -0.36530964]
 [ 0.04663292 -0.99564881  0.08067727]
 [-0.36961488  0.05783419  0.92738344]]
[[-0.92057571 -0.08022733 -0.38223546]
 [ 0.0437493  -0.99369789  0.10320128]
 [-0.38810613  0.07828206  0.91828402]]
[[-0.92828375 -0.06955996 -0.36530903]
 [ 0.03927496 -0.99519435  0.08969768]
 [-0.36979286  0.0689174   0.92655471]]
[[-0.92837444 -0.08338391 -0.36217127]
 [ 0.05288178 -0.99422803  0.09334956]
 [-0.36786468  0.06751109  0.92742538]]
[[-0.92421355 -0.06851864 -0.37567873]
 [ 0.03740519 -0.99528374  0.08950494]
 [-0.38003969  0.06866934  0.92241767]]
[[-0.92338948 -0.07053077 -0.37732913]
 [ 0.03731178 -0.99481181  0.09464295]
 [-0.38204672  0.07331348  0.92123039]]
[[-0.92892256 -0.08029806 -0.36146245]
 [ 0.04950519 -0.99437138  0.09367391]
 [-0.36694975  0.06912154  0.92766917]]
[[-0.9220475  -0.08394189 -0.37786527]
 [ 0.04499792 -0.99282877  0.11075298]
 [-0.38445233  0.08511635  0.9192125 ]]
[[-0.93088025 -0.06416448 -0.3596455 ]
 [ 0.03604503 -0.99578304  0.08436166]
 [-0.36354191  0.06556717  0.92926757]]
[[-0.9343281  -0.06850597 -0.3497684 ]
 [ 0.04513967 -0.99619621  0.0745354 ]
 [-0.35354407  0.05385209  0.93386645]]
[[-0.92372492 -0.07305687 -0.37602522]
 [ 0.0374055  -0.99415621  0.10126328]
 [-0.38122578  0.07947401  0.9210596 ]]
[[-0.92682106 -0.07634828 -0.3676597 ]
 [ 0.04590716 -0.9948054   0.09085562]
 [-0.37268653  0.06732869  0.92551153]]
[[-0.92890689 -0.08335975 -0.36080901]
 [ 0.05079036 -0.99380589  0.09884424]
 [-0.36681375  0.07349147  0.92738701]]
[[-0.92607076 -0.08088452 -0.36857922]
 [ 0.04144715 -0.99265034  0.11369889]
 [-0.37506677  0.09001666  0.92261689]]
[[-0.93227528 -0.07343845 -0.35421687]
 [ 0.03657427 -0.99329438  0.10967495]
 [-0.35989599  0.08929202  0.92870976]]
[[-0.91814531 -0.08478709 -0.38706632]
 [ 0.04041947 -0.99178364  0.12137327]
 [-0.39417693  0.09579329  0.91402855]]
[[-0.9205028  -0.08273652 -0.38187597]
 [ 0.03976383 -0.99208644  0.1190938 ]
 [-0.38870738  0.09444133  0.91650827]]
[[-0.91600293 -0.07854813 -0.39340669]
 [ 0.04092885 -0.99382542  0.10313036]
 [-0.39907826  0.07836603  0.91356188]]
[[-0.91826131 -0.08522653 -0.38669447]
 [ 0.03853327 -0.9911608   0.1269467 ]
 [-0.39409562  0.10166964  0.91342866]]
[[-0.92313724 -0.09328283 -0.37298249]
 [ 0.05153856 -0.99138826  0.12038725]
 [-0.38100053  0.09191098  0.91999509]]
[[-0.92691938 -0.09116452 -0.36401854]
 [ 0.04931192 -0.99122104  0.12267512]
 [-0.37200645  0.09575949  0.92327749]]
[[-0.92711099 -0.08864105 -0.36415378]
 [ 0.04903938 -0.99196635  0.11661007]
 [-0.37156473  0.0902526   0.92400981]]
[[-0.91135795 -0.08433957 -0.40288153]
 [ 0.04226791 -0.99278445  0.11221615]
 [-0.40943877  0.08524012  0.90834686]]
[[-0.92873375 -0.08227542 -0.36150295]
 [ 0.04348522 -0.99250903  0.11417031]
 [-0.36818836  0.09031378  0.92535439]]
[[-0.91363174 -0.09257182 -0.39586298]
 [ 0.0568775  -0.99325911  0.10100139]
 [-0.40254439  0.06976238  0.91273831]]
[[-0.91725911 -0.08019719 -0.39013348]
 [ 0.05225644 -0.99528348  0.08173162]
 [-0.39484805  0.05458208  0.91712366]]
[[-0.92080871 -0.09552092 -0.37813631]
 [ 0.05735534 -0.99216801  0.11096395]
 [-0.38577413  0.08048843  0.91907558]]
[[-0.91885078 -0.09641002 -0.38264651]
 [ 0.05684803 -0.99192051  0.11341073]
 [-0.39048885  0.08245484  0.91690766]]
[[-0.91715012 -0.08820196 -0.38865932]
 [ 0.05462173 -0.99381938  0.09664116]
 [-0.39478111  0.0674052   0.91629931]]
[[-0.91360882 -0.09258814 -0.39591206]
 [ 0.05315948 -0.99256961  0.10945157]
 [-0.40310419  0.07894944  0.91174229]]
[[-0.91361788 -0.08953663 -0.39659245]
 [ 0.05462336 -0.99363735  0.09849421]
 [-0.40288791  0.06832286  0.91269563]]
[[-0.91379827 -0.08893667 -0.39631174]
 [ 0.05384047 -0.99364555  0.09884188]
 [-0.40258407  0.06898393  0.91277998]]
[[-0.9191355  -0.09399633 -0.38256322]
 [ 0.05931969 -0.99306763  0.10147832]
 [-0.38944974  0.0705788   0.91833955]]
[[-0.91204655 -0.08463951 -0.40125707]
 [ 0.05152665 -0.99436658  0.0926289 ]
 [-0.40683668  0.06380644  0.9112698 ]]
[[-0.91717298 -0.09198477 -0.38772738]
 [ 0.05532803 -0.99296437  0.1046927 ]
 [-0.39462961  0.07456913  0.91580943]]
[[-0.91457572 -0.09023353 -0.39421968]
 [ 0.05398769 -0.99330704  0.10211   ]
 [-0.40079493  0.07210431  0.913326  ]]
[[-0.91405989 -0.08558466 -0.39644643]
 [ 0.05389915 -0.99444515  0.09040867]
 [-0.40198183  0.06127082  0.91359537]]
[[-0.91892185 -0.08760514 -0.38458805]
 [ 0.04911478 -0.99284878  0.10880734]
 [-0.39136986  0.08109648  0.91665315]]
[[-0.91692449 -0.08574703 -0.38973957]
 [ 0.05027264 -0.99368165  0.10034658]
 [-0.39588148  0.072417    0.91544177]]
[[-0.92030768 -0.08356384 -0.382166  ]
 [ 0.05528275 -0.99489602  0.08441406]
 [-0.38726939  0.05655972  0.92023009]]
[[-0.90900601 -0.08845229 -0.40728892]
 [ 0.05099078 -0.9934814   0.1019541 ]
 [-0.41365204  0.07190891  0.90759082]]
[[-0.9255803  -0.09418726 -0.3666468 ]
 [ 0.05664472 -0.99210774  0.11186425]
 [-0.37428932  0.08277074  0.92361058]]
[[-0.91765611 -0.08545554 -0.38807811]
 [ 0.05438547 -0.99442193  0.09037281]
 [-0.39363624  0.06182535  0.9171849 ]]
[[-0.92362168 -0.08294345 -0.37422371]
 [ 0.05442848 -0.99479409  0.08615255]
 [-0.37942132  0.05920393  0.92332787]]
[[-0.9227929  -0.08871497 -0.37494388]
 [ 0.05333354 -0.99317433  0.10373183]
 [-0.3815872   0.07572591  0.9212257 ]]
[[-0.92085747 -0.08576676 -0.38034928]
 [ 0.05651089 -0.99456461  0.08745148]
 [-0.38578236  0.05903648  0.92069901]]
[[-0.91644519 -0.08818156 -0.39032322]
 [ 0.05264028 -0.99350729  0.10085767]
 [-0.39668276  0.0718838   0.91513688]]
[[-0.92030295 -0.08733967 -0.38133222]
 [ 0.05673237 -0.99425148  0.09080435]
 [-0.38707095  0.06193363  0.91996756]]
[[-0.92697009 -0.08809898 -0.36464369]
 [ 0.04930939 -0.99221361  0.11437105]
 [-0.37188041  0.08803819  0.92409645]]
[[-0.92558573 -0.08735877 -0.36831984]
 [ 0.04806026 -0.99225206  0.11456898]
 [-0.37547472  0.08834186  0.92261284]]
[[-0.92127148 -0.08453994 -0.37962068]
 [ 0.04818931 -0.99338037  0.10427483]
 [-0.38592312  0.07777177  0.91924692]]
[[-0.92261137 -0.08764187 -0.37564233]
 [ 0.0502242  -0.99284998  0.10828869]
 [-0.38244711  0.08104204  0.92041642]]
[[-0.92849814 -0.08889725 -0.36053917]
 [ 0.05299166 -0.99270498  0.10829916]
 [-0.36753652  0.08145     0.92643553]]
[[-0.92580923 -0.09322815 -0.36631376]
 [ 0.06118009 -0.99328724  0.09817059]
 [-0.37300705  0.06847613  0.9252982 ]]
[[-0.92210259 -0.09160998 -0.37594471]
 [ 0.05733698 -0.99319342  0.10138685]
 [-0.38267386  0.07193354  0.92107887]]
[[-0.9198047  -0.09391426 -0.38097168]
 [ 0.05517426 -0.99224399  0.11138969]
 [-0.38847794  0.08143693  0.91785234]]
[[-0.92135825 -0.08840463 -0.3785282 ]
 [ 0.05147362 -0.992967    0.10661619]
 [-0.38529137  0.07874749  0.91942884]]
[[-0.9124698  -0.09107627 -0.3988784 ]
 [ 0.06338656 -0.99460657  0.08209702]
 [-0.40420416  0.04962752  0.91332147]]
[[-0.92187147 -0.08904309 -0.37712641]
 [ 0.05768235 -0.99393055  0.09367399]
 [-0.38317848  0.06460184  0.92141242]]
[[-0.92058177 -0.09093283 -0.37981631]
 [ 0.06486207 -0.99460854  0.08091209]
 [-0.38512611  0.04985052  0.92151658]]
[[-0.92367368 -0.08487201 -0.37366251]
 [ 0.05190195 -0.99388635  0.09744802]
 [-0.37964868  0.07061636  0.92243168]]
[[-0.92493331 -0.08296935 -0.37096423]
 [ 0.05032353 -0.99402599  0.09684972]
 [-0.37678364  0.07091131  0.92358306]]
[[-0.92246718 -0.08556089 -0.37647527]
 [ 0.06048934 -0.99512098  0.07794403]
 [-0.3813074   0.04912807  0.92314197]]
[[-0.92346278 -0.08687305 -0.37372392]
 [ 0.05944428 -0.99466346  0.0843266 ]
 [-0.37905524  0.05565672  0.92369879]]
[[-0.92271521 -0.08013221 -0.37706162]
 [ 0.05679569 -0.99574075  0.07262648]
 [-0.38127535  0.04559808  0.9233363 ]]
[[-0.91920544 -0.07872404 -0.38582882]
 [ 0.05890199 -0.996277    0.06295   ]
 [-0.38934806  0.0351379   0.92042024]]
[[-0.92176117 -0.08576192 -0.37815505]
 [ 0.05801879 -0.99476005  0.08417991]
 [-0.38339296  0.05565368  0.92190699]]
[[-0.91997055 -0.09524554 -0.38024001]
 [ 0.06636473 -0.99387294  0.08838725]
 [-0.38632875  0.05607915  0.92065478]]
[[-0.92082491 -0.07304576 -0.38307414]
 [ 0.04834243 -0.99610542  0.07373602]
 [-0.38696833  0.04937923  0.9207699 ]]
[[-0.9224352  -0.07848051 -0.37809274]
 [ 0.06168306 -0.99650353  0.05635517]
 [-0.38119353  0.02866207  0.92405085]]
[[-0.9256964  -0.09121751 -0.36710426]
 [ 0.05613512 -0.99287016  0.1051556 ]
 [-0.3740789   0.07673472  0.92421684]]
[[-0.92360468 -0.09452201 -0.37151042]
 [ 0.06702496 -0.99401432  0.08627394]
 [-0.37744146  0.05478254  0.92441161]]
[[-0.92586593 -0.08124766 -0.36901367]
 [ 0.05717835 -0.9954884   0.07571975]
 [-0.37350088  0.04900675  0.9263344 ]]
[[-0.92439217 -0.08514693 -0.37181865]
 [ 0.06100356 -0.99522131  0.0762437 ]
 [-0.37653376  0.04779682  0.92516906]]
[[-0.9274893  -0.08438938 -0.36420052]
 [ 0.05170154 -0.99378265  0.09860525]
 [-0.3702574   0.07262559  0.92608584]]
[[-0.9279055  -0.08125925 -0.36385205]
 [ 0.05954586 -0.99573138  0.07052165]
 [-0.36802944  0.04377155  0.92878328]]
[[-0.93108088 -0.08305844 -0.35523189]
 [ 0.06094774 -0.99546735  0.07300777]
 [-0.35968565  0.04632556  0.93192284]]
[[-0.92532224 -0.08002884 -0.37064017]
 [ 0.05599661 -0.99559712  0.0751715 ]
 [-0.37502417  0.04880327  0.9257295 ]]
[[-0.93302691 -0.07903097 -0.35101978]
 [ 0.05914247 -0.99599577  0.06704179]
 [-0.35491259  0.04179161  0.93396494]]
[[-0.92951733 -0.08497432 -0.35885498]
 [ 0.06037154 -0.99502587  0.07923886]
 [-0.36380326  0.05198927  0.93002382]]
[[-0.92473214 -0.08006599 -0.37210201]
 [ 0.05339215 -0.99524537  0.08146117]
 [-0.37685507  0.05546243  0.92461028]]
[[-0.9289811  -0.08234491 -0.36085098]
 [ 0.05604044 -0.99499077  0.08278186]
 [-0.36586006  0.05668054  0.92894227]]
[[-0.92442893 -0.07719673 -0.37345927]
 [ 0.05184028 -0.99564477  0.077486  ]
 [-0.37781443  0.05227007  0.92440472]]
[[-0.92279606 -0.08830486 -0.37503292]
 [ 0.05532533 -0.99366364  0.09783496]
 [-0.38129588  0.0695329   0.92183438]]
[[-0.92693727 -0.09277982 -0.36356459]
 [ 0.06542217 -0.99406814  0.08688199]
 [-0.36946887  0.05674897  0.92750866]]
[[-0.92274753 -0.09082286 -0.37455067]
 [ 0.06242229 -0.9942244   0.08730004]
 [-0.38031626  0.05717559  0.92308748]]
[[-0.93175384 -0.0878478  -0.35230319]
 [ 0.06312349 -0.99470615  0.08108698]
 [-0.35756146  0.0533145   0.93236654]]
[[-0.92759273 -0.08521752 -0.36374401]
 [ 0.06367017 -0.99545309  0.07084668]
 [-0.36812748  0.04255722  0.92880086]]
[[-0.92189074 -0.07632777 -0.37985727]
 [ 0.04932073 -0.99554618  0.08034464]
 [-0.38429798  0.05533415  0.92154935]]
[[-0.92034361 -0.07302938 -0.38423214]
 [ 0.05199396 -0.99653841  0.06486777]
 [-0.38763934  0.03972289  0.92095485]]
[[-0.91934929 -0.07198535 -0.38680096]
 [ 0.04991441 -0.9965158   0.06681929]
 [-0.39026328  0.04212332  0.9197392 ]]
[[-0.9243573  -0.08644633 -0.37160544]
 [ 0.06228242 -0.99511721  0.07656782]
 [-0.37640998  0.04763153  0.92522795]]
[[-0.92113316 -0.07674347 -0.38160732]
 [ 0.04663043 -0.99506759  0.08755627]
 [-0.38644445  0.06285647  0.92016833]]
[[-0.91973152 -0.08072149 -0.38415878]
 [ 0.06279667 -0.9962809   0.05899954]
 [-0.38749259  0.03013985  0.92137999]]
[[-0.91787397 -0.0819749  -0.38831364]
 [ 0.06603422 -0.99634181  0.05424464]
 [-0.39133982  0.02414775  0.91992936]]
[[-0.92136177 -0.07324597 -0.38174274]
 [ 0.04383574 -0.99540001  0.08518948]
 [-0.38622651  0.06175635  0.92033431]]
[[-0.92684969 -0.07297799 -0.36827145]
 [ 0.04274152 -0.995059    0.08961447]
 [-0.37299171  0.06731866  0.92538931]]
[[-0.9245421  -0.0863941  -0.37115761]
 [ 0.0612139  -0.99498388  0.07911979]
 [-0.37613132  0.05042957  0.925193  ]]
[[-0.92249748 -0.07781416 -0.3780785 ]
 [ 0.04888794 -0.99513556  0.08552889]
 [-0.38289471  0.06041671  0.92181422]]
[[-0.92543637 -0.07941909 -0.37048635]
 [ 0.04214544 -0.99329491  0.10765218]
 [-0.37655184  0.08401093  0.92257839]]
[[-0.91833997 -0.07834986 -0.38796005]
 [ 0.0601939  -0.99645612  0.0587528 ]
 [-0.39118844  0.03060221  0.91980167]]
[[-0.92050562 -0.07716317 -0.38303427]
 [ 0.04811196 -0.99522986  0.08486907]
 [-0.38775591  0.05969393  0.91982715]]
[[-0.92660239 -0.07165094 -0.3691533 ]
 [ 0.03118411 -0.9929394   0.11445046]
 [-0.37474734  0.09453835  0.92229438]]
[[-0.91816883 -0.07768295 -0.38849886]
 [ 0.0558788  -0.99617826  0.06712991]
 [-0.39222897  0.03992774  0.91900066]]
[[-0.93213931 -0.06801936 -0.35565386]
 [ 0.02773615 -0.99272495  0.11716607]
 [-0.36103602  0.09935063  0.92724454]]
[[-0.91617962 -0.06853527 -0.39486432]
 [ 0.03126259 -0.9944888   0.1000734 ]
 [-0.3995467   0.07934073  0.91327295]]
[[-0.91798406 -0.06619156 -0.39105492]
 [ 0.0280997  -0.99435198  0.10234528]
 [-0.39562062  0.08296281  0.91465922]]
[[-0.92940763 -0.06652621 -0.36300925]
 [ 0.0307117  -0.99414893  0.10356009]
 [-0.36777472  0.08510091  0.92601274]]
[[-0.93356249 -0.06499783 -0.35247177]
 [ 0.02378351 -0.99248573  0.12002673]
 [-0.35762468  0.10366944  0.92809333]]
[[-0.92919134 -0.06395293 -0.36402401]
 [ 0.02268359 -0.99292698  0.11653954]
 [-0.36890231  0.10003016  0.92406983]]
[[-0.91615609 -0.06334193 -0.39578507]
 [ 0.02164901 -0.99381274  0.10893828]
 [-0.40023661  0.09123611  0.91185889]]
[[-0.9283978  -0.06317727 -0.36617778]
 [ 0.02240967 -0.99316633  0.11453578]
 [-0.3709115   0.09812884  0.92346921]]
[[-0.92571279 -0.06539105 -0.37253166]
 [ 0.0254699  -0.99348315  0.11109686]
 [-0.37736867  0.09335544  0.92134556]]
[[-0.93260456 -0.06285855 -0.35538365]
 [ 0.02302891 -0.99307335  0.11521713]
 [-0.36016442  0.09926792  0.9275923 ]]
[[-0.93221682 -0.06185104 -0.35657573]
 [ 0.02227405 -0.99322519  0.11405086]
 [-0.36121416  0.09837774  0.9272789 ]]
[[-0.92698232 -0.06558442 -0.36932705]
 [ 0.02624816 -0.99352419  0.11054734]
 [-0.37418554  0.09278127  0.92270083]]
[[-0.93225306 -0.06385003 -0.35612835]
 [ 0.02287663 -0.9927379   0.11810218]
 [-0.36108294  0.1019541   0.92694362]]
[[-0.92811504 -0.06824828 -0.36598449]
 [ 0.02860064 -0.9932191   0.11268459]
 [-0.37119332  0.09411687  0.92377353]]
[[-0.9276035  -0.06360505 -0.3681116 ]
 [ 0.02275049 -0.99318788  0.11428146]
 [-0.37287286  0.09763316  0.92273159]]
[[-0.93240588 -0.06398399 -0.35570399]
 [ 0.02306039 -0.99273103  0.11812418]
 [-0.36067645  0.101937    0.92710374]]
[[-0.92520422 -0.06461408 -0.37392803]
 [ 0.0241002  -0.99341263  0.11202913]
 [-0.37870349  0.09463809  0.92066677]]
[[-0.93204213 -0.06321535 -0.35679307]
 [ 0.0239504  -0.99325875  0.11341705]
 [-0.36155753  0.09716414  0.92727303]]
[[-0.9304463  -0.06934145 -0.3598075 ]
 [ 0.02695689 -0.99222406  0.12151028]
 [-0.36543536  0.1033595   0.92508044]]
[[-0.91101633 -0.06785265 -0.40674964]
 [ 0.03006772 -0.99467436  0.09858425]
 [-0.41127264  0.07758183  0.90820475]]
[[-0.92499893 -0.07329615 -0.37283329]
 [ 0.0407484  -0.99469506  0.09445264]
 [-0.37777845  0.07217623  0.92307856]]
[[-0.91841766 -0.07103801 -0.38918196]
 [ 0.03744186 -0.99493847  0.0932499 ]
 [-0.39383639  0.07107066  0.91642886]]
[[-0.92288144 -0.0806347  -0.37654732]
 [ 0.03310558 -0.99082434  0.13103876]
 [-0.38365852  0.10846742  0.91708285]]
[[-0.91283468 -0.06722514 -0.40275752]
 [ 0.02969659 -0.99467237  0.09871673]
 [-0.40724803  0.07815152  0.90996779]]
[[-0.91721756 -0.07020271 -0.39215243]
 [ 0.03549056 -0.99483634  0.09508458]
 [-0.39680268  0.07329554  0.91497289]]
[[-0.91800883 -0.07104462 -0.39014415]
 [ 0.03205594 -0.9938962   0.10555929]
 [-0.39526221  0.08439792  0.91468288]]
[[-0.91774974 -0.06744878 -0.39138993]
 [ 0.02005529 -0.99208688  0.12394114]
 [-0.3966525   0.10589751  0.91184018]]
[[-0.91644606 -0.07269201 -0.39350031]
 [ 0.029649   -0.99299382  0.11438621]
 [-0.39905834  0.0931619   0.91218052]]
[[-0.917681   -0.07085605 -0.39094884]
 [ 0.02761167 -0.99296398  0.11515266]
 [-0.39635738  0.09487866  0.91318063]]
[[-0.90772684 -0.07049298 -0.4135973 ]
 [ 0.0274672  -0.99365402  0.10907449]
 [-0.41866161  0.08764948  0.90390266]]
[[-0.90923712 -0.06670859 -0.4108988 ]
 [ 0.03037834 -0.99507761  0.09432764]
 [-0.41516867  0.07328377  0.906788  ]]
[[-0.91679976 -0.06681592 -0.39371796]
 [ 0.02271644 -0.99303304  0.11562587]
 [-0.3987006   0.0970619   0.91193027]]
[[-0.92007304 -0.06742567 -0.38590073]
 [ 0.011312   -0.98923876  0.14587227]
 [-0.3915835   0.12984783  0.91093463]]
[[-0.91594305 -0.06832227 -0.3954496 ]
 [ 0.02217717 -0.99251277  0.12011064]
 [-0.40069501  0.10124455  0.91060038]]
[[-0.92174944 -0.0592815  -0.38322795]
 [ 0.01830685 -0.99379634  0.10969816]
 [-0.38735361  0.09409852  0.91711649]]
[[-0.9224695  -0.06007702 -0.38136698]
 [ 0.01088988 -0.99147428  0.12984669]
 [-0.38591636  0.11562657  0.91525901]]
[[-0.92491274 -0.06436545 -0.37469123]
 [ 0.01548286 -0.99112361  0.13203891]
 [-0.37986406  0.11632318  0.91769941]]
[[-0.90683765 -0.06295724 -0.41675155]
 [ 0.01392981 -0.99271772  0.11965568]
 [-0.42124984  0.102703    0.90111079]]
[[-0.90774859 -0.06570707 -0.41433691]
 [ 0.02221    -0.99379998  0.10894176]
 [-0.41892626  0.08968931  0.90357989]]
[[-0.91749187 -0.06013768 -0.39318205]
 [ 0.01640183 -0.99338368  0.11366551]
 [-0.39741621  0.09783828  0.91240782]]
[[-0.90943256 -0.0653351  -0.41068691]
 [ 0.01765669 -0.99275692  0.11883579]
 [-0.41547642  0.10082177  0.90399907]]
[[-0.9076762  -0.06443861 -0.41469456]
 [ 0.01693243 -0.9929601   0.11723281]
 [-0.41932947  0.09938764  0.90237736]]
[[-0.91180696 -0.06321182 -0.40572445]
 [ 0.02349425 -0.99449236  0.10214186]
 [-0.40994644  0.08360146  0.90827018]]
[[-0.91455361 -0.06106694 -0.39982811]
 [ 0.02336995 -0.99486332  0.09849279]
 [-0.40378898  0.08073297  0.91128297]]
[[-0.92167117 -0.06923329 -0.38174468]
 [ 0.02042977 -0.99124472  0.1304474 ]
 [-0.3874337   0.11243065  0.91501611]]
[[-0.91341082 -0.06165428 -0.40234242]
 [ 0.01659484 -0.99328065  0.11453452]
 [-0.40670049  0.09794026  0.90829644]]
[[-0.90734557 -0.06448007 -0.41541104]
 [ 0.01309687 -0.99202293  0.12537538]
 [-0.42018149  0.10831822  0.9009521 ]]
[[-0.90533049 -0.05836323 -0.42067854]
 [ 0.01002254 -0.99317298  0.11621954]
 [-0.42458951  0.10100083  0.89973473]]
[[-0.90898067 -0.06380891 -0.41192544]
 [ 0.01952312 -0.99364661  0.11083892]
 [-0.41638083  0.09270837  0.90445131]]
[[-0.9138488  -0.06059518 -0.40150791]
 [ 0.01868676 -0.99403093  0.10748632]
 [-0.40562444  0.09072337  0.9095263 ]]
[[-0.90962207 -0.05844281 -0.4113054 ]
 [ 0.01425359 -0.99386292  0.1096965 ]
 [-0.41519216  0.09391978  0.90487267]]
[[-0.90747429 -0.05956834 -0.41586298]
 [ 0.01195067 -0.99315606  0.11618187]
 [-0.4199376   0.10046222  0.90197547]]
[[-0.91381201 -0.06134185 -0.40147825]
 [ 0.02226738 -0.99460842  0.101283  ]
 [-0.40552654  0.08361375  0.91025105]]
[[-0.90740808 -0.06531574 -0.41514387]
 [ 0.00814384 -0.99039579  0.13802118]
 [-0.4201717   0.12186067  0.89922506]]
[[-0.9095516  -0.05847346 -0.41145685]
 [ 0.00915879 -0.99263217  0.12082007]
 [-0.41549007  0.10612364  0.90338573]]
[[-0.91931551 -0.06716644 -0.38774692]
 [ 0.01756661 -0.99134856  0.13007478]
 [-0.39312901  0.11276836  0.91254199]]
[[-0.91161196 -0.06410561 -0.4060223 ]
 [ 0.00255882 -0.98863004  0.15034661]
 [-0.4110439   0.13601883  0.901411  ]]
[[-0.91864692 -0.06579267 -0.38956278]
 [ 0.00964244 -0.98947638  0.14437287]
 [-0.39496185  0.12887136  0.90961383]]
[[-0.91013916 -0.06215312 -0.40961409]
 [ 0.00396208 -0.9899437   0.14140638]
 [-0.41428374  0.12707656  0.90123279]]
[[-9.16576021e-01 -6.10351407e-02 -3.95174782e-01]
 [ 8.67189974e-04 -9.88582785e-01  1.50676224e-01]
 [-3.99859531e-01  1.37763522e-01  9.06164205e-01]]
[[-0.92012987 -0.06761166 -0.38573266]
 [ 0.01645856 -0.99078961  0.13440634]
 [-0.39126735  0.11732268  0.9127679 ]]
[[-0.9145952  -0.05929993 -0.39999893]
 [ 0.00999216 -0.99220101  0.124247  ]
 [-0.40424718  0.10963886  0.90805481]]
[[-0.90870325 -0.05479499 -0.41383077]
 [ 0.00315136 -0.99221973  0.12445914]
 [-0.41743079  0.11179229  0.90180598]]
[[-0.91050003 -0.06153451 -0.40890489]
 [ 0.00148421 -0.98934567  0.14557793]
 [-0.41350635  0.13194181  0.90089059]]
[[-0.91253491 -0.05431025 -0.4053769 ]
 [ 0.00159293 -0.99160885  0.12926468]
 [-0.40899572  0.1173128   0.9049642 ]]
[[-9.06236196e-01 -5.51217719e-02 -4.19162913e-01]
 [ 8.07062579e-04 -9.91687603e-01  1.28666413e-01]
 [-4.22770985e-01  1.16263870e-01  8.98747688e-01]]
[[-9.08930112e-01 -5.21761095e-02 -4.13671010e-01]
 [ 2.54840737e-04 -9.92208677e-01  1.24586821e-01]
 [-4.16948421e-01  1.13135293e-01  9.01861641e-01]]
[[-9.06133961e-01 -5.44884959e-02 -4.19466624e-01]
 [ 2.58775030e-04 -9.91739580e-01  1.28267448e-01]
 [-4.22990754e-01  1.16118943e-01  8.98663014e-01]]
[[-0.9112961  -0.05487807 -0.4080782 ]
 [ 0.00486498 -0.99244436  0.12259902]
 [-0.41172291  0.10973872  0.90467766]]
[[-0.90958475 -0.05656819 -0.41164989]
 [ 0.00626393 -0.99244393  0.12253903]
 [-0.41547124  0.10888109  0.9030662 ]]
[[-0.91468191 -0.06444533 -0.39900352]
 [ 0.00942961 -0.99034006  0.13833888]
 [-0.40406446  0.12277362  0.90645383]]
[[-0.91469767 -0.06624069 -0.39867322]
 [ 0.00818162 -0.98930898  0.14560497]
 [-0.40405597  0.12992274  0.90546058]]
[[-0.91650204 -0.05697564 -0.39595174]
 [ 0.00329812 -0.99084769  0.13494435]
 [-0.40001641  0.12237087  0.90830185]]
[[-9.11424291e-01 -6.27482326e-02 -4.06655162e-01]
 [ 6.32339497e-04 -9.88516132e-01  1.51114055e-01]
 [-4.11467328e-01  1.37471877e-01  9.00997293e-01]]
[[-0.91024445 -0.05454982 -0.41046237]
 [ 0.00351813 -0.99226736  0.12406898]
 [-0.41405635  0.11148904  0.90339777]]
[[-0.90828355 -0.05420416 -0.41482876]
 [ 0.00102184 -0.99185542  0.12736478]
 [-0.41835385  0.11525945  0.90094135]]
[[-0.91493862 -0.05304949 -0.40009133]
 [ 0.00762466 -0.9934188   0.11428455]
 [-0.40352098  0.10151279  0.90932171]]
[[-0.91515432 -0.06482539 -0.39785707]
 [ 0.01698946 -0.99231023  0.12260414]
 [-0.4027455   0.10544233  0.90921833]]
[[-9.07425307e-01 -6.47320962e-02 -4.15197626e-01]
 [ 8.14709075e-04 -9.88332872e-01  1.52307159e-01]
 [-4.20212623e-01  1.37869105e-01  8.96890997e-01]]
[[-0.91635244 -0.07171704 -0.39389703]
 [ 0.02321405 -0.99168823  0.12655259]
 [-0.39969903  0.10682283  0.91040077]]
[[-0.9124055  -0.06399076 -0.40425411]
 [ 0.00115027 -0.98809924  0.1538134 ]
 [-0.40928581  0.13987519  0.90162079]]
[[-0.90571921 -0.06110303 -0.41945099]
 [ 0.00207671 -0.99018329  0.13975957]
 [-0.42387309  0.12571185  0.89695492]]
[[-0.91634121 -0.06949351 -0.3943215 ]
 [ 0.02001772 -0.99154278  0.12822717]
 [-0.39989759  0.10960642  0.90998261]]
[[-0.90591163 -0.05998055 -0.41919739]
 [ 0.00147198 -0.99035804  0.13852362]
 [-0.42346422  0.12487311  0.89726516]]
[[-9.04458837e-01 -6.46714753e-02 -4.21629948e-01]
 [ 3.85256640e-04 -9.88563630e-01  1.50803850e-01]
 [-4.26560739e-01  1.36233439e-01  8.94140026e-01]]
[[-0.9144177  -0.06907485 -0.39883446]
 [ 0.01807651 -0.99131724  0.13024353]
 [-0.40436803  0.11188745  0.90772666]]
[[-0.90765888 -0.06364683 -0.41485472]
 [ 0.01238817 -0.99206699  0.12509848]
 [-0.41952579  0.10840745  0.90124688]]
[[-0.9104252  -0.06875699 -0.40791965]
 [ 0.01583926 -0.99116118  0.13171418]
 [-0.41337039  0.11345476  0.90346718]]
[[-0.91058405 -0.06928049 -0.40747626]
 [ 0.01748267 -0.99142566  0.12949715]
 [-0.41295405  0.11079427  0.9039876 ]]
[[-0.91114218 -0.06054478 -0.40762023]
 [ 0.01330612 -0.99295494  0.11774311]
 [-0.41187725  0.10185688  0.90552875]]
[[-0.90363059 -0.0553176  -0.42472546]
 [ 0.00246884 -0.99228099  0.12398524]
 [-0.42830556  0.11098828  0.89679203]]
[[-0.91331229 -0.06532469 -0.40198675]
 [ 0.00134779 -0.98753143  0.15741621]
 [-0.40725772  0.14322837  0.90201263]]
[[-0.91908249 -0.06051209 -0.38939139]
 [-0.00107941 -0.98774925  0.15604566]
 [-0.39406371  0.14383915  0.90775773]]
[[-0.91422483 -0.06485917 -0.39998281]
 [ 0.00404165 -0.98851709  0.15105505]
 [-0.40518715  0.13648169  0.90398901]]
[[-0.91285729 -0.06310445 -0.40337252]
 [ 0.00897761 -0.99084667  0.13469324]
 [-0.40818006  0.11933439  0.90506814]]
[[-0.91185726 -0.06531601 -0.40527787]
 [ 0.00499918 -0.98895445  0.14813544]
 [-0.41047697  0.13305232  0.90211182]]
[[-0.90782976 -0.06241903 -0.41466732]
 [ 0.01561025 -0.99320461  0.1153296 ]
 [-0.41904826  0.09822658  0.90263509]]
[[-0.90907967 -0.05776639 -0.4125981 ]
 [ 0.0097023  -0.99300769  0.11765032]
 [-0.41650932  0.10295036  0.90328357]]
[[-0.91402864 -0.0686322  -0.39980152]
 [ 0.02343428 -0.99287114  0.11686632]
 [-0.40497219  0.0974501   0.90912101]]
[[-0.91882088 -0.07176958 -0.38809447]
 [ 0.02278651 -0.99133351  0.12937795]
 [-0.39401645  0.11003185  0.9124933 ]]
[[-0.91847423 -0.06954814 -0.38931754]
 [ 0.01961309 -0.99121466  0.13080074]
 [-0.3949942   0.11250139  0.91176917]]
[[-0.91724573 -0.06927654 -0.39225124]
 [ 0.01968677 -0.99144068  0.12906516]
 [-0.39783503  0.11066231  0.91075855]]
[[-0.91997856 -0.07160671 -0.38537246]
 [ 0.02180457 -0.99099838  0.13208624]
 [-0.39136174  0.11311363  0.91325861]]
[[-0.91989979 -0.06789735 -0.38623093]
 [ 0.02034762 -0.99183467  0.12589664]
 [-0.39162528  0.10795341  0.91377005]]
[[-0.91426801 -0.06462163 -0.39992257]
 [ 0.00830775 -0.9899785   0.14097357]
 [-0.40502469  0.12556517  0.90564253]]
[[-0.90735997 -0.06289685 -0.41562226]
 [ 0.0037626  -0.98991798  0.14159177]
 [-0.42033763  0.12691088  0.89844861]]
[[-0.91632272 -0.0649364  -0.3951404 ]
 [ 0.02029742 -0.9930275   0.11612238]
 [-0.39992585  0.09838524  0.9112517 ]]
[[-0.91217326 -0.06367417 -0.4048278 ]
 [ 0.0118414  -0.99153813  0.12927461]
 [-0.40963365  0.11312711  0.90520855]]
[[-0.9228261  -0.06292525 -0.38004264]
 [ 0.01612297 -0.99201292  0.12510166]
 [-0.38487926  0.10931966  0.91646995]]
[[-0.91026579 -0.06359388 -0.40911125]
 [ 0.00949514 -0.99107983  0.13293086]
 [-0.4139155   0.11711784  0.90274989]]
[[-0.91830346 -0.06420364 -0.3906362 ]
 [ 0.01601993 -0.99197958  0.1253789 ]
 [-0.39555292  0.10887791  0.91196682]]
[[-0.91596105 -0.06222921 -0.39641252]
 [ 0.00703606 -0.99024053  0.13919119]
 [-0.4012055   0.12470452  0.9074596 ]]
[[-0.92444442 -0.06672934 -0.3754327 ]
 [ 0.01491135 -0.99014206  0.13927078]
 [-0.38102515  0.12314989  0.91632633]]
[[-0.92195567 -0.06471622 -0.38185017]
 [ 0.0125407  -0.99041171  0.13757683]
 [-0.38709233  0.12205107  0.91392728]]
[[-0.91853074 -0.06326112 -0.39025544]
 [ 0.00802618 -0.9898953   0.14157289]
 [-0.39526808  0.12690679  0.90975701]]
[[-0.91164745 -0.06319127 -0.40608594]
 [ 0.00435123 -0.98953695  0.14421408]
 [-0.41095011  0.12970542  0.90238379]]
[[-0.91791803 -0.07053733 -0.39044972]
 [ 0.01546747 -0.989684    0.14243012]
 [-0.39646848  0.12469991  0.90953982]]
[[-0.92475827 -0.0643365  -0.37507728]
 [ 0.01813982 -0.99193767  0.12542175]
 [-0.38012247  0.10918097  0.91846961]]
[[-0.92461422 -0.0628149  -0.37568982]
 [ 0.01655505 -0.99200373  0.12511807]
 [-0.38054498  0.10946639  0.91826065]]
[[-0.92608266 -0.06568978 -0.37155855]
 [ 0.0177757  -0.99123089  0.13094027]
 [-0.37690175  0.1146568   0.91912942]]
[[-0.922899   -0.06278953 -0.37988802]
 [ 0.01574833 -0.99194407  0.12569385]
 [-0.38471993  0.11002012  0.91645303]]
[[-0.92419503 -0.06572086 -0.37622377]
 [ 0.01606886 -0.99090195  0.13362305]
 [-0.38158268  0.11744827  0.91684271]]
[[-0.9203741  -0.05885793 -0.3865841 ]
 [ 0.00595641 -0.99060291  0.13663964]
 [-0.39099366  0.12345693  0.91207584]]
[[-0.92146796 -0.07317062 -0.38150081]
 [ 0.0212557  -0.99012558  0.13856235]
 [-0.3878724   0.1195717   0.91392429]]
[[-0.91467889 -0.06385651 -0.39910509]
 [ 0.00420091 -0.98888939  0.1485938 ]
 [-0.40415947  0.13423901  0.90478451]]
[[-0.91976527 -0.05791045 -0.38817295]
 [-0.00267326 -0.98810661  0.15374712]
 [-0.39245982  0.14244895  0.90867133]]
[[-0.91063251 -0.06477501 -0.40810859]
 [ 0.00916977 -0.99056163  0.13676102]
 [-0.41311541  0.12079677  0.9026316 ]]
[[-9.14639393e-01 -5.91188503e-02 -3.99924671e-01]
 [ 9.50190147e-04 -9.89561398e-01  1.44108766e-01]
 [-4.04269561e-01  1.31427550e-01  9.05148010e-01]]
[[-0.91082574 -0.07422067 -0.40606375]
 [ 0.00924962 -0.98712547  0.15968016]
 [-0.41268743  0.14168486  0.8997858 ]]
[[-0.9135907  -0.06753996 -0.40098677]
 [ 0.00556668 -0.98809469  0.15374623]
 [-0.40659691  0.13822896  0.90309009]]
[[-0.91059237 -0.06676252 -0.40787781]
 [ 0.00565718 -0.98878818  0.14921773]
 [-0.41326691  0.13356909  0.90076066]]
[[-0.91460881 -0.07953237 -0.39644082]
 [ 0.02306439 -0.98912985  0.14522456]
 [-0.4036815   0.12367999  0.90650124]]
[[-0.91849636 -0.07821711 -0.38761647]
 [ 0.01676193 -0.98706206  0.1594601 ]
 [-0.39507402  0.13996632  0.90792398]]
[[-0.90908406 -0.06939908 -0.41079184]
 [ 0.00964449 -0.98926948  0.14578367]
 [-0.41650108  0.12856774  0.89999844]]
[[-0.90755806 -0.08415204 -0.41140833]
 [ 0.02352323 -0.98836442  0.15027451]
 [-0.41926726  0.12670519  0.89897762]]
[[-0.91233961 -0.0764943  -0.40222513]
 [ 0.00776733 -0.98544923  0.16979249]
 [-0.4093606   0.15178419  0.89965852]]
[[-0.91507412 -0.08286641 -0.39468026]
 [ 0.0147699  -0.98489144  0.17254186]
 [-0.40301514  0.15205921  0.9024726 ]]
[[-0.9114958  -0.07829011 -0.40378964]
 [ 0.00767543 -0.98478421  0.17361205]
 [-0.41123777  0.1551474   0.89822758]]
[[-0.90299171 -0.0859295  -0.42097755]
 [ 0.02114611 -0.98749766  0.15620885]
 [-0.42913729  0.13215326  0.89351928]]
[[-0.91547585 -0.08058735 -0.39422031]
 [ 0.0155562  -0.98609476  0.16545429]
 [-0.40207211  0.14533684  0.90399957]]
[[-0.9014202  -0.07312044 -0.42672595]
 [ 0.00553154 -0.98749945  0.15752533]
 [-0.43290996  0.13963606  0.89055642]]
[[-0.90294734 -0.08831899 -0.420578  ]
 [ 0.01268655 -0.98370614  0.17933569]
 [-0.42956391  0.156595    0.8893553 ]]
[[-0.89890205 -0.08318616 -0.4301804 ]
 [ 0.00655521 -0.98425502  0.17663264]
 [-0.43810061  0.15595552  0.88529415]]
[[-0.90012806 -0.08395345 -0.42745911]
 [ 0.02351827 -0.98918818  0.14475374]
 [-0.43499008  0.1202438   0.89237047]]
[[-0.9008464  -0.08453759 -0.42582761]
 [ 0.02647616 -0.98973006  0.14047571]
 [-0.43332987  0.11527276  0.89383299]]
[[-0.89838329 -0.08231957 -0.43142897]
 [ 0.01445078 -0.98728698  0.15828957]
 [-0.43897453  0.13597022  0.88815171]]
[[-0.90321545 -0.08050582 -0.42156928]
 [ 0.00927935 -0.98568328  0.1683519 ]
 [-0.4290871   0.14814615  0.89103141]]
[[-0.90020134 -0.09046167 -0.42597445]
 [ 0.00533332 -0.98040273  0.19693155]
 [-0.43544127  0.17500619  0.88304232]]
[[-0.90043335 -0.08490462 -0.42662746]
 [ 0.02082685 -0.98805625  0.15267971]
 [-0.43449515  0.1285926   0.89144709]]
[[-0.89707211 -0.09867576 -0.43072582]
 [ 0.03018936 -0.98615663  0.16304507]
 [-0.44085172  0.13325985  0.88763257]]
[[-0.89811454 -0.08690845 -0.43108839]
 [ 0.02562105 -0.98895316  0.14599732]
 [-0.43901462  0.12007738  0.89041989]]
[[-0.89825395 -0.08899303 -0.43037202]
 [ 0.01977382 -0.98647513  0.16271388]
 [-0.43903169  0.13764829  0.88786492]]
[[-0.8927731  -0.09047047 -0.441329  ]
 [ 0.02699123 -0.98861006  0.14805955]
 [-0.44969731  0.12027157  0.88504637]]
[[-0.89365969 -0.10042553 -0.43736377]
 [ 0.01342258 -0.98018296  0.19763908]
 [-0.44854452  0.17075153  0.87729797]]
[[-0.89692824 -0.10360922 -0.4298661 ]
 [ 0.02153964 -0.98124395  0.19156293]
 [-0.4416512   0.16255903  0.88233711]]
[[-0.89710111 -0.09543271 -0.43139563]
 [ 0.02218632 -0.98489257  0.17173933]
 [-0.4412679   0.14449646  0.88566552]]
[[-0.8945816  -0.09883445 -0.43583886]
 [ 0.02478912 -0.98471148  0.17242044]
 [-0.4462166   0.14344009  0.88335479]]
[[-0.90030635 -0.09980631 -0.42365927]
 [ 0.01947726 -0.98161786  0.1898605 ]
 [-0.43482078  0.16268089  0.88570075]]
[[-0.89786481 -0.08966136 -0.43104481]
 [ 0.00881227 -0.98250742  0.18601482]
 [-0.44018306  0.16321767  0.88294896]]
[[-0.9024887  -0.09316429 -0.42051702]
 [ 0.00659903 -0.97920271  0.20277699]
 [-0.43066297  0.18022894  0.88433417]]
[[-0.90727857 -0.09207991 -0.41032535]
 [ 0.01240973 -0.98117094  0.19274228]
 [-0.420347    0.16977891  0.89133805]]
[[-0.90440299 -0.08617644 -0.41788617]
 [ 0.00830848 -0.98276288  0.18468378]
 [-0.42659841  0.16355656  0.88952968]]
[[-0.88929171 -0.09836181 -0.44663766]
 [ 0.01029842 -0.9806571   0.19546251]
 [-0.45722444  0.16922353  0.87310321]]
[[-0.89894891 -0.09655894 -0.42727887]
 [ 0.01528588 -0.98172392  0.18969576]
 [-0.43778671  0.16399547  0.88399564]]
[[-0.89255696 -0.09619171 -0.44055559]
 [ 0.00832119 -0.98033027  0.19718852]
 [-0.45085788  0.17233604  0.87580104]]
[[-0.89232775 -0.08275553 -0.4437372 ]
 [ 0.01011686 -0.98647006  0.16362906]
 [-0.45127468  0.14152153  0.88109184]]
[[-8.93313719e-01 -8.00146722e-02 -4.42253606e-01]
 [-9.16592835e-04 -9.83697855e-01  1.79826835e-01]
 [-4.49432708e-01  1.61047146e-01  8.78677448e-01]]
[[-0.89996258 -0.08153564 -0.4282748 ]
 [ 0.00330093 -0.98360187  0.18032322]
 [-0.43595466  0.16087044  0.88547402]]
[[-0.90088752 -0.07921189 -0.42676357]
 [ 0.00358391 -0.98453098  0.17517395]
 [-0.43403782  0.15628254  0.88723556]]
[[-0.8986363  -0.09363774 -0.42858462]
 [ 0.00420732 -0.97874942  0.20501677]
 [-0.43867426  0.18243232  0.87993372]]
[[-8.99723885e-01 -7.90075562e-02 -4.29249039e-01]
 [ 1.53195571e-04 -9.83536668e-01  1.80708605e-01]
 [-4.36459514e-01  1.62522089e-01  8.84923535e-01]]
[[-0.89593927 -0.08227897 -0.43648941]
 [-0.00290206 -0.98158813  0.19098774]
 [-0.4441671   0.17238013  0.87920457]]
[[-0.89915626 -0.08141433 -0.42998806]
 [-0.01044128 -0.97827233  0.20706093]
 [-0.43750315  0.19066976  0.87876962]]
[[-0.89876494 -0.0857968  -0.42995405]
 [-0.00600335 -0.97816545  0.20774098]
 [-0.43838971  0.18929147  0.87862575]]
[[-9.02158618e-01 -7.84881060e-02 -4.24204485e-01]
 [ 6.29487196e-04 -9.83548784e-01  1.80641616e-01]
 [-4.31404024e-01  1.62700360e-01  8.87366419e-01]]
[[-0.8977422  -0.07934288 -0.43331704]
 [ 0.00482243 -0.98535736  0.1704336 ]
 [-0.44049483  0.1509158   0.88497951]]
[[-8.99791010e-01 -7.79324461e-02 -4.29304870e-01]
 [-2.81872175e-04 -9.83815451e-01  1.79184482e-01]
 [-4.36321050e-01  1.61349595e-01  8.85206332e-01]]
[[-0.90859916 -0.06892416 -0.41194298]
 [-0.00822778 -0.98314501  0.18264225]
 [-0.41758815  0.16933797  0.89271764]]
[[-0.90340211 -0.07262861 -0.42259875]
 [ 0.00608771 -0.98762415  0.15672105]
 [-0.42875116  0.13900946  0.89266388]]
[[-0.90737561 -0.07304916 -0.4139243 ]
 [ 0.0062035  -0.98700223  0.1605868 ]
 [-0.42027494  0.14314477  0.8960349 ]]
[[-0.90273339 -0.0775581  -0.42315148]
 [ 0.00719612 -0.98619939  0.16540547]
 [-0.43014026  0.14627199  0.89083324]]
[[-0.90803518 -0.07022969 -0.41296477]
 [ 0.00125711 -0.98629814  0.16496786]
 [-0.41889203  0.14927748  0.8956817 ]]
[[-0.90647371 -0.07464612 -0.41561203]
 [ 0.007043   -0.9867868   0.16187093]
 [-0.42220351  0.14380458  0.89502203]]
[[-0.90961903 -0.07150032 -0.40924434]
 [ 0.01817706 -0.99098471  0.13273617]
 [-0.41504556  0.11330049  0.90271822]]
[[-0.90658506 -0.07250173 -0.41574876]
 [ 0.01930913 -0.99122695  0.13075277]
 [-0.42158118  0.11051076  0.90003149]]
[[-0.90651421 -0.06767852 -0.41671526]
 [ 0.00686381 -0.98929909  0.1457402 ]
 [-0.42211951  0.1292553   0.89727821]]
[[-0.90794509 -0.0735297  -0.41258828]
 [ 0.01342995 -0.98908736  0.14671682]
 [-0.4188739   0.12766977  0.89902452]]
[[-0.91015373 -0.07276645 -0.40782991]
 [ 0.01148153 -0.98850535  0.15074929]
 [-0.41411154  0.13252252  0.9005273 ]]
[[-0.90680022 -0.06988099 -0.41572829]
 [ 0.01579983 -0.99110583  0.13213479]
 [-0.42126444  0.11325142  0.89983909]]
[[-0.92141568 -0.06183016 -0.38362765]
 [ 0.00921432 -0.99045848  0.13750308]
 [-0.38846909  0.12316262  0.9131937 ]]
[[-0.91379616 -0.06786771 -0.40046293]
 [ 0.01702292 -0.99147444  0.12918455]
 [-0.40581622  0.11123129  0.90716084]]
[[-0.92074163 -0.06304884 -0.38504506]
 [ 0.01131165 -0.9907563   0.1351814 ]
 [-0.39000885  0.12011164  0.91294375]]
[[-0.91466692 -0.06607177 -0.3987718 ]
 [ 0.01330644 -0.99093717  0.13366546]
 [-0.40398932  0.11695314  0.90725663]]
[[-0.91393922 -0.06412218 -0.4007536 ]
 [ 0.00803719 -0.99010592  0.14009168]
 [-0.40577149  0.12481435  0.90541199]]
[[-0.91226299 -0.06716012 -0.40406157]
 [ 0.01227253 -0.9905052   0.13692636]
 [-0.40942108  0.11995399  0.90442546]]
[[-9.16809790e-01 -5.89926914e-02 -3.94942619e-01]
 [-3.04077147e-04 -9.88924108e-01  1.48421752e-01]
 [-3.99324075e-01  1.36194609e-01  9.06637365e-01]]
[[-0.91175762 -0.06527187 -0.4055091 ]
 [ 0.00739381 -0.98974026  0.14268691]
 [-0.41066212  0.12709762  0.90288583]]
[[-0.91448511 -0.061905   -0.39985592]
 [ 0.00102481 -0.98857807  0.15070615]
 [-0.40461826  0.13740875  0.90410337]]
[[-9.13936199e-01 -5.90285114e-02 -4.01542351e-01]
 [-5.89567374e-04 -9.89172743e-01  1.46754686e-01]
 [-4.05857459e-01  1.34361156e-01  9.04005975e-01]]
[[-9.12884190e-01 -5.89126114e-02 -4.03945243e-01]
 [-9.01087030e-04 -9.89238388e-01  1.46309942e-01]
 [-4.08217642e-01  1.33928022e-01  9.03007000e-01]]
[[-9.12379372e-01 -6.15904087e-02 -4.04685685e-01]
 [-6.21653384e-05 -9.88595143e-01  1.50597611e-01]
 [-4.09345671e-01  1.37427311e-01  9.01969986e-01]]
[[-9.14039846e-01 -6.05954336e-02 -4.01072753e-01]
 [ 8.60425490e-04 -9.89066071e-01  1.47470562e-01]
 [-4.05623495e-01  1.34448877e-01  9.04097937e-01]]
[[-9.13691408e-01 -6.00758420e-02 -4.01943906e-01]
 [-2.22032544e-04 -9.88940156e-01  1.48314929e-01]
 [-4.06408614e-01  1.35603321e-01  9.03572785e-01]]
[[-9.13343967e-01 -6.06414440e-02 -4.02648001e-01]
 [-1.99742434e-04 -9.88781341e-01  1.49370075e-01]
 [-4.07188847e-01  1.36506682e-01  9.03085361e-01]]
[[-0.91005602 -0.0700809  -0.4085177 ]
 [ 0.00721734 -0.98813234  0.15343526]
 [-0.41442244  0.13668627  0.89976158]]
[[-0.90315928 -0.07370915 -0.42293059]
 [ 0.00405139 -0.98656986  0.16328963]
 [-0.42928651  0.14576309  0.89132834]]
[[-0.91691887 -0.06170468 -0.39427443]
 [ 0.00233729 -0.98878745  0.1493115 ]
 [-0.39906682  0.13598499  0.90678209]]
[[-0.91133071 -0.07812045 -0.40419491]
 [ 0.01571545 -0.98771612  0.15546672]
 [-0.41137496  0.13532949  0.90136373]]
[[-0.90288392 -0.07461972 -0.42335863]
 [ 0.00814136 -0.98761109  0.15671008]
 [-0.42980734  0.13804429  0.89230568]]
[[-9.11749983e-01 -6.64902940e-02 -4.05328274e-01]
 [ 6.80086560e-04 -9.87053953e-01  1.60387130e-01]
 [-4.10745063e-01  1.45957305e-01  8.99991644e-01]]
[[-0.90866483 -0.06919574 -0.41175257]
 [-0.00669941 -0.98362827  0.18008485]
 [-0.41747257  0.16639527  0.89332484]]
[[-0.89672651 -0.07342897 -0.43645131]
 [ 0.0061374  -0.98810929  0.15363061]
 [-0.44254253  0.13508596  0.88651446]]
[[-9.05084296e-01 -7.93585470e-02 -4.17761460e-01]
 [-1.89571407e-04 -9.82356008e-01  1.87020420e-01]
 [-4.25232149e-01  1.69348441e-01  8.89099952e-01]]
[[-0.90260128 -0.06951646 -0.42482749]
 [-0.01842794 -0.97973057  0.19947035]
 [-0.43008295  0.18787089  0.88302502]]
[[-0.90634634 -0.08399263 -0.4141033 ]
 [ 0.00258808 -0.9811288   0.19333798]
 [-0.42252764  0.17415944  0.88945988]]
[[-0.90791546 -0.07814244 -0.41180491]
 [-0.01516325 -0.9757021   0.21857605]
 [-0.41887898  0.20469288  0.88467012]]
[[-0.90816898 -0.07428311 -0.4119601 ]
 [-0.00453296 -0.98232616  0.18712234]
 [-0.41857921  0.1718061   0.89178142]]
[[-0.8898444  -0.08569424 -0.44814444]
 [-0.00351462 -0.98088747  0.19454414]
 [-0.45625058  0.17468908  0.87253604]]
[[-0.90547565 -0.07183449 -0.41827461]
 [-0.01553953 -0.97929842  0.2018245 ]
 [-0.42411363  0.18924696  0.8856146 ]]
[[-0.91175637 -0.07112174 -0.40452691]
 [-0.01058339 -0.98049883  0.19623974]
 [-0.41059507  0.1832041   0.89322334]]
[[-0.90338869 -0.0811554  -0.42107324]
 [-0.0066031  -0.9791796   0.20288841]
 [-0.42877182  0.18606749  0.8840439 ]]
[[-0.89759367 -0.0752481  -0.43435392]
 [-0.00299827 -0.98425834  0.17671027]
 [-0.44081358  0.15991634  0.88323845]]
[[-0.90649995 -0.08127814 -0.4143087 ]
 [-0.00287672 -0.98008354  0.1985648 ]
 [-0.42219612  0.18119083  0.88821187]]
[[-0.89766944 -0.07942779 -0.43345219]
 [-0.01261322 -0.97858787  0.20544266]
 [-0.44048891  0.18988683  0.87744659]]
[[-0.90057086 -0.07995251 -0.42729348]
 [-0.00853925 -0.97949756  0.20127498]
 [-0.43462536  0.18491115  0.88142422]]
[[-0.90263209 -0.07403056 -0.42399856]
 [-0.01839763 -0.97756071  0.20984896]
 [-0.43001957  0.19721698  0.88101568]]
[[-0.90433245 -0.08157317 -0.41896138]
 [-0.006179   -0.9789629   0.20394477]
 [-0.42678407  0.18702263  0.88480387]]
[[-0.90319096 -0.08164395 -0.42140284]
 [-0.0102347  -0.97736884  0.2112946 ]
 [-0.42911693  0.1951523   0.8819151 ]]
[[-0.89650027 -0.08563775 -0.43468776]
 [-0.01415167 -0.97510499  0.22129165]
 [-0.44281712  0.20453958  0.87296996]]
[[-0.8984247  -0.08514415 -0.43079408]
 [-0.01148517 -0.97613083  0.21687946]
 [-0.4389774   0.1997976   0.87600215]]
[[-0.89719964 -0.0746298  -0.4352737 ]
 [-0.01631114 -0.97934557  0.2015346 ]
 [-0.44132386  0.18791658  0.8774512 ]]
[[-0.89953568 -0.09209657 -0.42702902]
 [-0.00521658 -0.97519041  0.22130625]
 [-0.43681615  0.2013005   0.87673814]]
[[-0.89727518 -0.08344109 -0.43351451]
 [-0.00411891 -0.98035079  0.19721908]
 [-0.44145247  0.17874539  0.87930074]]
[[-0.90748906 -0.08767491 -0.41082444]
 [-0.00456127 -0.97586288  0.21833654]
 [-0.42005096  0.2000119   0.88518497]]
[[-0.91140196 -0.08095989 -0.40347486]
 [-0.01101937 -0.97530379  0.22059259]
 [-0.41136971  0.20549456  0.88800166]]
[[-0.90150186 -0.0850543  -0.42433496]
 [-0.00472349 -0.9785052   0.20616805]
 [-0.43274944  0.18786523  0.88172251]]
[[-0.90165243 -0.09032217 -0.42292411]
 [-0.00456194 -0.97590549  0.21814596]
 [-0.43243737  0.19862119  0.87951552]]
[[-0.89580428 -0.08813093 -0.43562326]
 [-0.0087672  -0.97644818  0.21557385]
 [-0.44436226  0.19693117  0.8739338 ]]
[[-9.08858436e-01 -8.64564014e-02 -4.08046118e-01]
 [ 6.62379438e-04 -9.78580129e-01  2.05865228e-01]
 [-4.17104190e-01  1.86832068e-01  8.89448072e-01]]
[[-9.07953590e-01 -9.11460591e-02 -4.09038720e-01]
 [ 7.36436089e-04 -9.76406810e-01  2.15937951e-01]
 [-4.19070085e-01  1.95760407e-01  8.86599192e-01]]
[[-0.9120381  -0.08367092 -0.40147936]
 [-0.00577795 -0.97624732  0.21658205]
 [-0.41006477  0.19985081  0.8898913 ]]
[[-0.90271466 -0.0872384  -0.42130238]
 [ 0.00307724 -0.98051115  0.19643933]
 [-0.43022874  0.17603221  0.88539025]]
[[-0.90688231 -0.0988667  -0.40962159]
 [ 0.01066086 -0.97715826  0.21224534]
 [-0.42124912  0.18811463  0.88722154]]
[[-0.90081586 -0.09257131 -0.42421851]
 [ 0.00649216 -0.97977114  0.20001591]
 [-0.43415279  0.17742341  0.88319437]]
[[-0.90319957 -0.09243955 -0.41914851]
 [-0.00180617 -0.97570624  0.21907551]
 [-0.42921705  0.19862596  0.88109049]]
[[-0.89960031 -0.09168307 -0.42698185]
 [ 0.00193805 -0.97854312  0.20603303]
 [-0.43670989  0.18451986  0.88047538]]
[[-0.90473191 -0.09691839 -0.41480959]
 [ 0.00183517 -0.97465166  0.22372032]
 [-0.42597746  0.20164566  0.88197632]]
[[-9.01531186e-01 -9.60354148e-02 -4.21922647e-01]
 [ 2.62193706e-04 -9.75181992e-01  2.21404639e-01]
 [-4.32714054e-01  1.99492561e-01  8.79182157e-01]]
[[-0.90123913 -0.09290826 -0.42324472]
 [-0.00127094 -0.97617296  0.21699019]
 [-0.43332023  0.19609796  0.87964718]]
[[-0.90339001 -0.09122569 -0.41900401]
 [-0.0050142  -0.97479557  0.22304363]
 [-0.42879057  0.20359636  0.88016315]]
[[-0.90301113 -0.09467741 -0.419055  ]
 [-0.00318616 -0.97391226  0.22690251]
 [-0.42960534  0.20623067  0.87915195]]
[[-0.90443756 -0.09673568 -0.41549357]
 [ 0.00505391 -0.97631276  0.21630499]
 [-0.42657608  0.19353449  0.88350283]]
[[-0.90654057 -0.0943278  -0.41144436]
 [ 0.00180629 -0.9755704   0.2196796 ]
 [-0.42211483  0.19840528  0.88456453]]
[[-0.90428546 -0.0923648  -0.41681718]
 [-0.00387879 -0.97449871  0.22435956]
 [-0.42691073  0.20450183  0.88086675]]
[[-9.00022409e-01 -9.21538058e-02 -4.25989834e-01]
 [-6.44040303e-04 -9.77109192e-01  2.12737427e-01]
 [-4.35843146e-01  1.91742807e-01  8.79360818e-01]]
[[-0.89220464 -0.09617785 -0.44127169]
 [-0.00295349 -0.97579825  0.2186528 ]
 [-0.4516217   0.19638633  0.87032767]]
[[-0.90068036 -0.09050702 -0.42495103]
 [-0.00480102 -0.97592993  0.21803146]
 [-0.43445581  0.19841685  0.87856639]]
[[-0.89324504 -0.09642465 -0.43910771]
 [-0.00465497 -0.97469188  0.22350406]
 [-0.44954602  0.20168792  0.87018984]]
[[-0.89212502 -0.09085411 -0.44255902]
 [-0.0058455  -0.97716774  0.2123889 ]
 [-0.4517508   0.19206443  0.87122469]]
[[-0.89024649 -0.09253398 -0.44598054]
 [-0.00530967 -0.9769712   0.21330514]
 [-0.45544812  0.19226216  0.86925386]]
[[-0.90384649 -0.09429376 -0.41733704]
 [-0.00591514 -0.97256559  0.23255363]
 [-0.427816    0.21266139  0.87849223]]
[[-0.89937008 -0.09414089 -0.42693202]
 [-0.00769759 -0.97297952  0.23076306]
 [-0.43712036  0.21082774  0.87434401]]
[[-0.90363126 -0.09440477 -0.41777779]
 [-0.00514735 -0.97294292  0.23098826]
 [-0.42828034  0.21087866  0.87869571]]
[[-0.89658792 -0.09714404 -0.43208001]
 [-0.00166624 -0.97489865  0.22264286]
 [-0.44286264  0.20033885  0.87392049]]
[[-0.90394509 -0.09745687 -0.41639577]
 [ 0.00447035 -0.97578705  0.21867705]
 [-0.42762518  0.19581061  0.88249357]]
[[-0.90223171 -0.10176626 -0.41907227]
 [ 0.01061383 -0.97670385  0.21432906]
 [-0.43112096  0.18892651  0.88229331]]
[[-0.89197509 -0.10118528 -0.44061546]
 [-0.00248406 -0.97351897  0.22859277]
 [-0.45207773  0.20499357  0.86810332]]
[[-0.89651355 -0.10749257 -0.42977762]
 [ 0.00860473 -0.97415897  0.2256995 ]
 [-0.44293275  0.19864454  0.87427166]]
[[-8.96896559e-01 -9.84754406e-02 -4.31137043e-01]
 [ 5.25300431e-04 -9.75129499e-01  2.21635251e-01]
 [-4.42240078e-01  1.98557418e-01  8.74642021e-01]]
[[-0.90343524 -0.09808405 -0.41735391]
 [-0.01321014 -0.96664705  0.25577133]
 [-0.42852101  0.23658614  0.8720073 ]]
[[-0.90100495 -0.10339167 -0.42130777]
 [ 0.00696086 -0.97450377  0.22426314]
 [-0.43375295  0.19912954  0.87875242]]
[[-0.89499592 -0.1071683  -0.43300953]
 [-0.00942233 -0.96595322  0.25854514]
 [-0.4459748   0.23547681  0.86351442]]
[[-0.89658518 -0.09850245 -0.43177804]
 [-0.01091795 -0.969739    0.2438997 ]
 [-0.44273672  0.22339099  0.86837818]]
[[-0.89913865 -0.09762418 -0.42663709]
 [-0.00474967 -0.97257137  0.23255617]
 [-0.43763812  0.21112663  0.87401283]]
[[-0.90430662 -0.09591839 -0.41596778]
 [ 0.00262623 -0.97566087  0.21926915]
 [-0.42687543  0.19719412  0.88254849]]
[[-0.89957566 -0.10076478 -0.42498246]
 [ 0.00299973 -0.97442568  0.22468998]
 [-0.43675466  0.20085081  0.87687189]]
[[-0.89777726 -0.1012529  -0.42865353]
 [ 0.00122109 -0.97378618  0.22746204]
 [-0.44044807  0.20368683  0.87436673]]
[[-9.05377602e-01 -1.02531175e-01 -4.12042177e-01]
 [ 2.83339010e-04 -9.70553230e-01  2.40886588e-01]
 [-4.24607250e-01  2.17976574e-01  8.78746207e-01]]
[[-0.89920291 -0.11054282 -0.42333724]
 [ 0.00404931 -0.96961863  0.24458806]
 [-0.43751313  0.21822007  0.87233151]]
[[-0.89402315 -0.10020875 -0.43667015]
 [-0.01322391 -0.96833804  0.24929212]
 [-0.44782557  0.22864742  0.86439147]]
[[-0.89676357 -0.10086237 -0.43086178]
 [-0.01341725 -0.96703167  0.25430245]
 [-0.44230653  0.23383015  0.86584548]]
[[-0.90265571 -0.09971653 -0.41865175]
 [-0.00870403 -0.96835759  0.24941494]
 [-0.43027539  0.22877978  0.87322557]]
[[-0.90287421 -0.09896846 -0.41835798]
 [-0.01349772 -0.96613527  0.25768284]
 [-0.42969288  0.23830207  0.87096278]]
[[-0.90115096 -0.09863319 -0.42213557]
 [-0.00810112 -0.96977069  0.24388353]
 [-0.43342971  0.22319565  0.87311075]]
[[-0.89464803 -0.09821427 -0.43584269]
 [-0.01470463 -0.96853637  0.24843725]
 [-0.44652958  0.22867281  0.86505496]]
[[-0.89191757 -0.0919147  -0.4427581 ]
 [-0.01417462 -0.97296041  0.23053661]
 [-0.45197581  0.21189557  0.86649763]]
[[-0.89809968 -0.10068695 -0.42811108]
 [-0.00666835 -0.9702105   0.24217168]
 [-0.43974139  0.2203491   0.87067433]]
[[-0.89567216 -0.10765655 -0.43148749]
 [ 0.00386859 -0.97210576  0.23451102]
 [-0.44469812  0.20837574  0.87110455]]
[[-0.89225614 -0.09525677 -0.44136734]
 [-0.01161528 -0.97232802  0.23333088]
 [-0.45138018  0.21331751  0.86645922]]
[[-0.8930236  -0.09342412 -0.44020538]
 [-0.01365432 -0.97213709  0.23401504]
 [-0.44980263  0.21499165  0.86686572]]
[[-0.89813378 -0.10921621 -0.42594311]
 [ 0.00727313 -0.97222105  0.23395155]
 [-0.43966216  0.20702185  0.87397891]]
[[-0.89858437 -0.10192216 -0.42679972]
 [-0.01079847 -0.96721939  0.25371252]
 [-0.4386679   0.23259089  0.86802762]]
[[-0.90331801 -0.10461767 -0.41601888]
 [ 0.00354315 -0.97159189  0.23663609]
 [-0.42895689  0.21228363  0.87802713]]
[[-0.90186011 -0.09678698 -0.42104706]
 [-0.01422466 -0.96740167  0.25284711]
 [-0.43179394  0.23402197  0.87108422]]
[[-0.90038376 -0.1035108  -0.42260453]
 [ 0.00508797 -0.97372738  0.22766007]
 [-0.43506688  0.20283123  0.87725498]]
[[-0.90447534 -0.09934715 -0.41479453]
 [-0.01386698 -0.96513214  0.26139559]
 [-0.42630044  0.24217781  0.87156058]]
[[-8.94456518e-01 -9.77769583e-02 -4.36333823e-01]
 [ 6.69922909e-04 -9.76092007e-01  2.17356725e-01]
 [-4.47154436e-01  1.94123829e-01  8.73137360e-01]]
[[-0.89894139 -0.10056721 -0.4263691 ]
 [-0.00147173 -0.97259349  0.2325075 ]
 [-0.43806644  0.20963811  0.87415654]]
[[-8.97267044e-01 -9.79805438e-02 -4.30478414e-01]
 [ 2.74195973e-04 -9.75185541e-01  2.21388993e-01]
 [-4.41488139e-01  1.98527012e-01  8.75028713e-01]]
[[-0.89974559 -0.09973689 -0.42486518]
 [-0.00394507 -0.97163668  0.23644577]
 [-0.43639696  0.21441717  0.87383235]]
[[-0.89275808 -0.10943922 -0.43704241]
 [-0.00459017 -0.96778939  0.25171934]
 [-0.45051297  0.22673057  0.86349945]]
[[-0.89788012 -0.1054582  -0.42742235]
 [-0.00363157 -0.96907748  0.2467299 ]
 [-0.44022507  0.22308609  0.86973242]]
[[-0.90344366 -0.10847269 -0.41475683]
 [ 0.00280439 -0.9689349   0.24730001]
 [-0.42869767  0.22225848  0.87568229]]
[[-0.90451869 -0.10830793 -0.4124504 ]
 [ 0.00404855 -0.9693456   0.24566791]
 [-0.42641477  0.22054139  0.8772297 ]]
[[-9.08261145e-01 -1.04446396e-01 -4.05157554e-01]
 [ 5.52922724e-04 -9.68639908e-01  2.48468153e-01]
 [-4.18403379e-01  2.25449948e-01  8.79835742e-01]]
[[-0.8931289  -0.10000064 -0.43854378]
 [-0.01119612 -0.96972874  0.2439279 ]
 [-0.44966145  0.22276905  0.86497314]]
[[-0.8972635  -0.09958187 -0.4301182 ]
 [ 0.00536646 -0.97661827  0.21491381]
 [-0.44146281  0.19052611  0.87681833]]
[[-0.88250402 -0.10652232 -0.45808258]
 [-0.00259127 -0.97289592  0.23122893]
 [-0.47029771  0.20524748  0.85830853]]
[[-0.89880737 -0.10072273 -0.42661488]
 [ 0.00291532 -0.9745946   0.2239573 ]
 [-0.43833414  0.20005075  0.87626644]]
[[-8.93145849e-01 -1.07475066e-01 -4.36737453e-01]
 [ 9.30557950e-04 -9.71469610e-01  2.37162248e-01]
 [-4.49766191e-01  2.11414068e-01  8.67764061e-01]]
[[-0.88943559 -0.11681955 -0.44187954]
 [ 0.00717591 -0.97023553  0.24205685]
 [-0.45700421  0.21212309  0.86380029]]
[[-0.88246456 -0.12477443 -0.45352799]
 [ 0.01142618 -0.96957768  0.24451699]
 [-0.47024009  0.21059549  0.85704364]]
[[-0.89407408 -0.11377736 -0.43322771]
 [ 0.00514927 -0.96974766  0.24405526]
 [-0.44788952  0.21597268  0.86761212]]
[[-8.96323276e-01 -1.13243142e-01 -4.28696369e-01]
 [ 6.77362938e-04 -9.67184958e-01  2.54072428e-01]
 [-4.43400639e-01  2.27440648e-01  8.66987096e-01]]
[[-8.95582876e-01 -1.04764673e-01 -4.32383713e-01]
 [-6.10772647e-04 -9.71588284e-01  2.36676645e-01]
 [-4.44894301e-01  2.12227639e-01  8.70073842e-01]]
[[-0.90044644 -0.10522529 -0.42204721]
 [-0.0024623  -0.96904862  0.24685767]
 [-0.43495994  0.22332131  0.87231728]]
[[-0.8917353  -0.11575076 -0.43750418]
 [ 0.00340128 -0.96842443  0.24928407]
 [-0.45254456  0.22080733  0.86397196]]
[[-0.88582347 -0.12180257 -0.44775094]
 [ 0.01528281 -0.97206867  0.23419849]
 [-0.46377064  0.20061562  0.86294273]]
[[-0.88707885 -0.11724452 -0.4464805 ]
 [ 0.01635268 -0.9745822   0.22343261]
 [-0.4613282   0.19090119  0.86644852]]
[[-0.89362436 -0.11594555 -0.43358059]
 [ 0.00194641 -0.96704703  0.25459036]
 [-0.44881144  0.22666422  0.86440247]]
[[-0.88947562 -0.11153459 -0.44316269]
 [ 0.00453859 -0.97186651  0.23548861]
 [-0.4569601   0.20745005  0.86495777]]
[[-0.88409633 -0.11799569 -0.45216224]
 [ 0.01261128 -0.97326832  0.22932451]
 [-0.46713449  0.19704261  0.86195103]]
[[-0.88758705 -0.1241933  -0.4435823 ]
 [ 0.01576795 -0.97059663  0.24019483]
 [-0.46037007  0.20619943  0.86344727]]
[[-0.88341239 -0.11667856 -0.45383771]
 [ 0.01388449 -0.9745969   0.22353548]
 [-0.46839062  0.19117271  0.86259099]]
[[-0.88104586 -0.11982672 -0.45760217]
 [ 0.01268634 -0.973021    0.23036749]
 [-0.4728607   0.19715903  0.8587963 ]]
[[-0.88429784 -0.11673147 -0.45209633]
 [ 0.01231075 -0.97373769  0.22733974]
 [-0.46676093  0.1954704   0.86251119]]
[[-0.88706118 -0.12587801 -0.44415897]
 [ 0.01790232 -0.9707639   0.23936784]
 [-0.46130464  0.20438245  0.86338047]]
[[-0.8832829  -0.12595612 -0.45160422]
 [ 0.01478434 -0.97024047  0.24169164]
 [-0.46860723  0.20680543  0.858859  ]]
[[-0.88398231 -0.11605174 -0.45288769]
 [ 0.00922032 -0.97284071  0.2312919 ]
 [-0.46742941  0.20028218  0.86104401]]
[[-0.88769015 -0.11326868 -0.44629183]
 [ 0.00271012 -0.97053829  0.24093168]
 [-0.46043333  0.21266317  0.86184426]]
[[-8.94265993e-01 -1.09853535e-01 -4.33843906e-01]
 [-4.35176192e-04 -9.69192030e-01  2.46305946e-01]
 [-4.47535635e-01  2.20451830e-01  8.66667668e-01]]
[[-0.89343671 -0.10844054 -0.43590308]
 [ 0.00512116 -0.97281819  0.2315136 ]
 [-0.4491599   0.20461042  0.86970682]]
[[-0.88180496 -0.12574566 -0.45454158]
 [ 0.0199586  -0.97288598  0.23042247]
 [-0.47119176  0.19411566  0.86040539]]
[[-0.8779418  -0.12543266 -0.46204421]
 [ 0.01576783 -0.97212213  0.23394433]
 [-0.47850766  0.19810407  0.85544445]]
[[-0.88367457 -0.1230469  -0.45164003]
 [ 0.00308593 -0.96634337  0.25723717]
 [-0.46809158  0.22592022  0.85431278]]
[[-0.89553423 -0.12252738 -0.42779139]
 [ 0.00747861 -0.96535324  0.26083941]
 [-0.44492978  0.23039134  0.86542321]]
[[-0.87594196 -0.12209103 -0.46671133]
 [ 0.02008303 -0.97583487  0.21758443]
 [-0.48199829  0.18121836  0.85722666]]
[[-0.87461219 -0.1245618  -0.4685487 ]
 [ 0.02401355 -0.97637579  0.21474092]
 [-0.48422812  0.17656351  0.85694134]]
[[-0.87671884 -0.12179952 -0.46532672]
 [ 0.02060955 -0.9760325   0.21664674]
 [-0.48056147  0.1803481   0.85821631]]
[[-0.87099018 -0.12281141 -0.47570312]
 [ 0.00744398 -0.97144074  0.23716552]
 [-0.49124402  0.20302772  0.84702955]]
[[-0.8793998  -0.12596315 -0.45911794]
 [ 0.01620036 -0.97172225  0.23557041]
 [-0.47580831  0.1997227   0.856573  ]]
[[-0.8727895  -0.12788591 -0.47104531]
 [ 0.02041403 -0.97378512  0.22655198]
 [-0.48766972  0.18811626  0.8525201 ]]
[[-0.87253956 -0.12786081 -0.47151493]
 [ 0.02417925 -0.97526359  0.21971868]
 [-0.48794475  0.18031236  0.85404764]]
[[-0.89162961 -0.12041048 -0.43646072]
 [ 0.02224795 -0.97447564  0.22338814]
 [-0.45221861  0.18946912  0.87155022]]
[[-0.8945102  -0.11974803 -0.43071094]
 [ 0.01570992 -0.97128175  0.23741304]
 [-0.44677143  0.20560196  0.87070266]]
[[-0.89075956 -0.12138165 -0.43796563]
 [ 0.00370411 -0.96558104  0.26007601]
 [-0.45445977  0.23004292  0.86055016]]
[[-0.88351878 -0.117445   -0.45343273]
 [ 0.00344703 -0.96965886  0.24443774]
 [-0.46838306  0.21440234  0.85711665]]
[[-0.88027777 -0.11690987 -0.45982946]
 [ 0.00421884 -0.97105688  0.2388111 ]
 [-0.47443993  0.20828016  0.85529301]]
[[-0.87397573 -0.11991429 -0.47094266]
 [ 0.01839638 -0.97654755  0.21451448]
 [-0.48562125  0.1788168   0.85568484]]
[[-0.88859697 -0.11496677 -0.44404737]
 [ 0.02034423 -0.97700543  0.21224162]
 [-0.45823742  0.17956346  0.87050297]]
[[-0.88771897 -0.11748856 -0.44514207]
 [ 0.01871096 -0.97529761  0.22010104]
 [-0.46000535  0.18705884  0.86798852]]
[[-0.88387383 -0.12779261 -0.449929  ]
 [ 0.02031615 -0.9715328   0.23603235]
 [-0.46728397  0.19948199  0.86130867]]
[[-0.8804599  -0.12507878 -0.45732447]
 [ 0.01553238 -0.97166578  0.23584815]
 [-0.47386613  0.2005515   0.85745553]]
[[-0.87743977 -0.12654658 -0.46269365]
 [ 0.01342246 -0.9706739   0.24002505]
 [-0.479499    0.20439704  0.85340645]]
[[-0.88069248 -0.12671395 -0.45642561]
 [ 0.01452543 -0.97032763  0.24135721]
 [-0.47346571  0.2059317   0.85640082]]
[[-0.87970367 -0.12425558 -0.45900109]
 [ 0.01193518 -0.97072216  0.2399084 ]
 [-0.47537249  0.20557004  0.85543086]]
[[-0.8804926  -0.12346462 -0.45769998]
 [ 0.00991608 -0.97007522  0.24260201]
 [-0.47395617  0.20907069  0.85536834]]
[[-0.88095011 -0.11751328 -0.4583858 ]
 [ 0.00686582 -0.97174698  0.23592514]
 [-0.47315935  0.20469108  0.85686743]]
[[-0.8839207  -0.11435658 -0.45343882]
 [ 0.00451318 -0.97167981  0.2362583 ]
 [-0.46761504  0.20678715  0.85940401]]
[[-0.88822252 -0.11278201 -0.44535488]
 [ 0.00299904 -0.97080157  0.2398652 ]
 [-0.4594037   0.21171803  0.86262606]]
[[-0.89630128 -0.12014917 -0.42685853]
 [ 0.00844017 -0.96704275  0.25447412]
 [-0.4433653   0.22448272  0.86777573]]
[[-0.89619727 -0.1223205  -0.42646002]
 [ 0.01787656 -0.97041633  0.24077494]
 [-0.44329548  0.2081582   0.87187114]]
[[-0.88901614 -0.1271701  -0.43986142]
 [ 0.01956291 -0.9703288   0.24099651]
 [-0.45745776  0.20564482  0.86512578]]
[[-0.88909965 -0.12561911 -0.44013821]
 [ 0.02313397 -0.97270561  0.23088658]
 [-0.45712867  0.19509903  0.86773829]]
[[-0.88262982 -0.12613678 -0.45282901]
 [ 0.02443718 -0.97433509  0.22377211]
 [-0.46943308  0.18644207  0.86305963]]
[[-0.87062549 -0.12207275 -0.47656008]
 [ 0.01643289 -0.97539949  0.21983127]
 [-0.49167187  0.18355945  0.85121367]]
[[-0.87416986 -0.12164155 -0.47013869]
 [ 0.01529436 -0.974536    0.22370889]
 [-0.48537937  0.1883691   0.85377043]]
[[-0.88254954 -0.11828687 -0.45509836]
 [ 0.01346261 -0.97380209  0.22699836]
 [-0.47002666  0.19421048  0.86102104]]
[[-0.88416623 -0.12209934 -0.45093439]
 [ 0.01529201 -0.97228874  0.23328256]
 [-0.46692207  0.19936487  0.86153202]]
[[-0.87867883 -0.12613152 -0.46045016]
 [ 0.01835461 -0.97268052  0.23142106]
 [-0.47706039  0.19489341  0.85698888]]
[[-0.88410133 -0.12489505 -0.45029552]
 [ 0.02743612 -0.97583228  0.21679166]
 [-0.46648911  0.17931144  0.86616125]]
[[-0.88664668 -0.12985035 -0.44384293]
 [ 0.022841   -0.97089457  0.23841564]
 [-0.46188305  0.20125262  0.86380636]]
[[-0.89385843 -0.12469208 -0.43066112]
 [ 0.02657224 -0.97359309  0.22673866]
 [-0.4475612   0.19122863  0.87356773]]
[[-0.89235414 -0.11833724 -0.43554608]
 [ 0.00732984 -0.96868784  0.2481736 ]
 [-0.45127637  0.21826625  0.86528   ]]
[[-0.88667257 -0.11961355 -0.4466591 ]
 [ 0.00739198 -0.96950603  0.24495594]
 [-0.46233874  0.21389402  0.86051859]]
[[-0.8780728  -0.12240602 -0.46260667]
 [ 0.01440539 -0.97305378  0.23012783]
 [-0.4783102   0.19540496  0.85617536]]
[[-0.88737156 -0.12215457 -0.44457842]
 [ 0.01788507 -0.97265765  0.23155392]
 [-0.46070798  0.19752305  0.86529348]]
[[-0.88501618 -0.12500402 -0.44846444]
 [ 0.02497166 -0.97463826  0.22238859]
 [-0.46489007  0.1856186   0.86569218]]
[[-0.89229261 -0.12689938 -0.43325562]
 [ 0.02413745 -0.97171916  0.23490265]
 [-0.45081179  0.19914422  0.87012086]]
[[-0.89164152 -0.12674756 -0.4346383 ]
 [ 0.02565053 -0.97261346  0.23100888]
 [-0.45201487  0.1948284   0.87047369]]
[[-0.88722508 -0.12608438 -0.44377289]
 [ 0.01759705 -0.97047727  0.2405498 ]
 [-0.46100108  0.20561272  0.86325049]]
[[-0.88561479 -0.12308327 -0.44781352]
 [ 0.01414208 -0.97094143  0.23889901]
 [-0.46420517  0.20523948  0.86162075]]
[[-0.88515879 -0.12106045 -0.44926416]
 [ 0.01262393 -0.97145224  0.23689908]
 [-0.46511778  0.20402183  0.86141775]]
[[-0.88538038 -0.12023812 -0.4490483 ]
 [ 0.01255727 -0.9718045   0.23545347]
 [-0.46469764  0.20282706  0.8619265 ]]
[[-0.88316839 -0.1224574  -0.4527889 ]
 [ 0.01458327 -0.97202126  0.23443973]
 [-0.46882931  0.20044662  0.86024428]]
[[-0.88456588 -0.12385325 -0.44967053]
 [ 0.01011102 -0.96896447  0.24699315]
 [-0.46630567  0.21393508  0.85836519]]
[[-0.88334137 -0.12507956 -0.45173348]
 [ 0.01863866 -0.97234961  0.23278495]
 [-0.46835951  0.19720887  0.86124795]]
[[-0.88879496 -0.12053464 -0.44217069]
 [ 0.01716438 -0.97287324  0.23070121]
 [-0.45798352  0.19745649  0.86675373]]
[[-0.88684703 -0.12296267 -0.44540154]
 [ 0.01759967 -0.97223061  0.23336215]
 [-0.46172784  0.19911761  0.86438393]]
[[-0.89100881 -0.11946059 -0.43798684]
 [ 0.00911308 -0.96927042  0.2458288 ]
 [-0.45389454  0.21504421  0.86471714]]
[[-0.89742884 -0.11848298 -0.42495089]
 [ 0.01977377 -0.9730948   0.22955503]
 [-0.44071586  0.19760643  0.87562619]]
[[-0.8908505  -0.11689488 -0.43899997]
 [ 0.01850136 -0.97486256  0.22203759]
 [-0.4539197   0.18968021  0.87061951]]
[[-0.90007988 -0.10725115 -0.42231907]
 [ 0.00399905 -0.97122577  0.2381271 ]
 [-0.43570657  0.21264454  0.87460968]]
[[-0.89111578 -0.11205397 -0.4397233 ]
 [ 0.01689211 -0.97655143  0.21462049]
 [-0.4534615   0.18382385  0.87211322]]
[[-0.88443402 -0.11520068 -0.45222259]
 [ 0.00978441 -0.97341597  0.22883535]
 [-0.46656268  0.19796504  0.86204937]]
[[-0.90527791 -0.10414268 -0.41185701]
 [ 0.00457871 -0.97182189  0.23567191]
 [-0.42479517  0.2114628   0.88024573]]
[[-0.90934561 -0.10084074 -0.40363561]
 [ 0.01072815 -0.97554194  0.21955143]
 [-0.4159032   0.19531786  0.88818662]]
[[-0.89688702 -0.10431471 -0.42978148]
 [ 0.01262297 -0.97742726  0.21089477]
 [-0.44207956  0.18372366  0.87795859]]
[[-0.8986704  -0.09550861 -0.42810001]
 [-0.00371526 -0.97431305  0.22516721]
 [-0.43860883  0.20394161  0.87523146]]
[[-0.89896943 -0.09345094 -0.42792627]
 [ 0.00703169 -0.97992838  0.19922581]
 [-0.43795493  0.17608887  0.88158277]]
[[-0.89937316 -0.09994666 -0.42560379]
 [ 0.0160125  -0.98039436  0.19639375]
 [-0.43688845  0.16981629  0.88334076]]
[[-0.90302087 -0.0941227  -0.41915896]
 [ 0.01310615 -0.9812852   0.19211346]
 [-0.42939672  0.1679889   0.8873546 ]]
[[-0.90075129 -0.09696771 -0.42337261]
 [ 0.01058594 -0.97937171  0.20178946]
 [-0.43420622  0.17728032  0.88319683]]
[[-0.9037935  -0.0868269  -0.41906848]
 [ 0.00151134 -0.97984475  0.19975481]
 [-0.42796614  0.17990375  0.88570854]]
[[-0.9022698  -0.08956273 -0.42176739]
 [-0.0035316  -0.97662057  0.21494138]
 [-0.43115744  0.19542463  0.88085894]]
[[-0.8998852  -0.09393776 -0.42589004]
 [ 0.00446099 -0.97845941  0.20639108]
 [-0.43610403  0.18382839  0.8809202 ]]
[[-0.90607885 -0.09227343 -0.4129246 ]
 [ 0.01610525 -0.98274419  0.18426743]
 [-0.42280224  0.16031057  0.89192981]]
[[-0.90288121 -0.07415453 -0.42344613]
 [-0.00521205 -0.98304948  0.18326637]
 [-0.42985853  0.16767478  0.8871904 ]]
[[-0.90843979 -0.08522016 -0.4092367 ]
 [-0.00179618 -0.97819349  0.20768792]
 [-0.41801187  0.18940704  0.88847682]]
[[-0.89953617 -0.08064792 -0.42933739]
 [-0.00501758 -0.98083885  0.19475617]
 [-0.43681747  0.17734446  0.88189537]]
[[-9.04366416e-01 -7.71733878e-02 -4.19720925e-01]
 [-9.81152749e-04 -9.83134497e-01  1.82881379e-01]
 [-4.26755695e-01  1.65803587e-01  8.89038102e-01]]
[[-0.89202595 -0.08056901 -0.44474525]
 [ 0.00449689 -0.98551741  0.16951463]
 [-0.45196181  0.14921148  0.87946942]]
[[-0.90228385 -0.07503257 -0.42456327]
 [-0.00646731 -0.98227375  0.18734046]
 [-0.43109399  0.17178005  0.88580448]]
[[-0.90822997 -0.08049781 -0.41065609]
 [-0.00120284 -0.98081789  0.19492259]
 [-0.41846968  0.17752849  0.89071138]]
[[-0.89487607 -0.08370035 -0.43839602]
 [ 0.00124242 -0.98272098  0.18508899]
 [-0.44631298  0.16508704  0.87951748]]
[[-0.89768056 -0.082563   -0.43284289]
 [ 0.00768183 -0.98507274  0.17196708]
 [-0.44057986  0.15104648  0.88491488]]
[[-0.89728325 -0.08448199 -0.43329615]
 [ 0.01220199 -0.98588891  0.16695559]
 [-0.44128661  0.14451938  0.88565246]]
[[-8.94985569e-01 -7.98089621e-02 -4.38897894e-01]
 [-3.60262636e-04 -9.83736592e-01  1.79616780e-01]
 [-4.46094947e-01  1.60912544e-01  8.80401301e-01]]
[[-0.90800668 -0.08304374 -0.41064293]
 [-0.00460862 -0.97811921  0.20799417]
 [-0.41893035  0.1907526   0.88775605]]
[[-0.91145185 -0.08090961 -0.40337224]
 [-0.00101161 -0.98002687  0.19886252]
 [-0.41140552  0.18166167  0.89316546]]
[[-0.90105107 -0.08298453 -0.42570006]
 [ 0.00143874 -0.98209127  0.18840027]
 [-0.43371062  0.1691458   0.88503378]]
[[-0.91732023 -0.08376048 -0.38924001]
 [ 0.00770935 -0.98117435  0.19297012]
 [-0.39807558  0.17401461  0.90069681]]
[[-0.90722879 -0.08860313 -0.41119996]
 [ 0.00317265 -0.97897723  0.20394487]
 [-0.42062555  0.18372007  0.88843744]]
[[-0.9158041  -0.0876286  -0.39194908]
 [ 0.00727803 -0.97936811  0.2019533 ]
 [-0.40155931  0.18209705  0.89754709]]
[[-0.90395301 -0.08510747 -0.41907717]
 [ 0.0105043  -0.98411881  0.17719998]
 [-0.42750276  0.15577834  0.89049115]]
[[-0.90972826 -0.08978079 -0.40538118]
 [ 0.00814767 -0.98001397  0.19876174]
 [-0.41512421  0.17751626  0.89227791]]
[[-0.90290062 -0.09158904 -0.41997847]
 [ 0.01064832 -0.98150234  0.19115381]
 [-0.42971744  0.16812083  0.88717434]]
[[-0.90366071 -0.09035592 -0.41860856]
 [ 0.01154345 -0.98227254  0.18710266]
 [-0.42809352  0.16424514  0.88868412]]
[[-0.90966973 -0.08852485 -0.40578854]
 [ 0.00498439 -0.97927769  0.20246077]
 [-0.41530247  0.18214983  0.89126051]]
[[-0.90405505 -0.08929847 -0.41798355]
 [ 0.01313827 -0.98327524  0.18165129]
 [-0.42721406  0.15873119  0.89010817]]
[[-0.90837495 -0.09197963 -0.40791506]
 [ 0.01645469 -0.98261495  0.1849246 ]
 [-0.41783273  0.16126875  0.8940963 ]]
[[-0.91050657 -0.08523117 -0.40461516]
 [ 0.005516   -0.98094241  0.1942204 ]
 [-0.4134578   0.17460709  0.89362465]]
[[-0.90435474 -0.0864949  -0.4179248 ]
 [ 0.00484455 -0.98126497  0.19260216]
 [-0.42675407  0.17215602  0.88783066]]
[[-0.89733041 -0.09094374 -0.43188815]
 [ 0.01272924 -0.98346627  0.18064345]
 [-0.44117582  0.15659925  0.88365184]]
[[-0.91354296 -0.08664352 -0.39740678]
 [ 0.00585401 -0.9797478   0.20014987]
 [-0.40670011  0.18051908  0.89554893]]
[[-0.90113004 -0.08878633 -0.42436026]
 [ 0.01149958 -0.98335648  0.18132234]
 [-0.43339636  0.15851505  0.88715307]]
[[-0.91041739 -0.08660723 -0.40452362]
 [ 0.00663095 -0.98076966  0.19505614]
 [-0.41363777  0.17490012  0.89348405]]
[[-0.91125142 -0.08917808 -0.40207975]
 [ 0.01491713 -0.98278198  0.18416584]
 [-0.41158029  0.1618235   0.89689175]]
[[-0.91798402 -0.08984553 -0.38630703]
 [ 0.01397291 -0.98072581  0.19488881]
 [-0.39637116  0.17350698  0.90154602]]
[[-0.90261293 -0.09081828 -0.42076352]
 [ 0.00792426 -0.98082984  0.19470496]
 [-0.43038019  0.17240898  0.88602937]]
[[-0.90887468 -0.08582109 -0.40814403]
 [ 0.01218294 -0.98364545  0.17970313]
 [-0.41689133  0.15835523  0.895056  ]]
[[-0.90594243 -0.08807651 -0.41413867]
 [ 0.00797593 -0.98150076  0.19129204]
 [-0.42332575  0.16999643  0.88988568]]
[[-0.90627981 -0.08966978 -0.41305719]
 [ 0.00607856 -0.97990174  0.19938812]
 [-0.42263455  0.17819064  0.88861023]]
[[-0.90942227 -0.08380679 -0.40734207]
 [ 0.00115887 -0.97999135  0.19903673]
 [-0.41587234  0.18053638  0.89132307]]
[[-0.90922233 -0.08775223 -0.40695737]
 [ 0.00620371 -0.98027974  0.19751745]
 [-0.41626466  0.17706263  0.89183662]]
[[-0.90738908 -0.0928484  -0.4099076 ]
 [ 0.01588186 -0.98217142  0.18731542]
 [-0.41999147  0.16345788  0.89268622]]
[[-0.90628876 -0.08997963 -0.41297015]
 [ 0.00409506 -0.97889979  0.20429984]
 [-0.42263922  0.18346352  0.88753435]]
[[-0.90578612 -0.0864826  -0.41481594]
 [ 0.00114685 -0.97944767  0.20169519]
 [-0.42373363  0.18221697  0.88726929]]
[[-0.91212241 -0.08286467 -0.40145505]
 [ 0.00499288 -0.98152789  0.19125395]
 [-0.40988752  0.1724426   0.89568732]]
[[-0.90517939 -0.08716265 -0.41599632]
 [ 0.01339269 -0.98410958  0.17705641]
 [-0.42481867  0.1546965   0.89196305]]
[[-0.90597299 -0.09428779 -0.41270177]
 [ 0.00953703 -0.97917953  0.20277204]
 [-0.42322805  0.17977005  0.88800943]]
[[-0.91035725 -0.08683125 -0.40461094]
 [ 0.00522537 -0.98007259  0.19857094]
 [-0.41379025  0.17865625  0.89266991]]
[[-0.91370998 -0.08554826 -0.39726007]
 [ 0.00566056 -0.98017418  0.19805688]
 [-0.40632749  0.17871783  0.89607918]]
[[-0.91151549 -0.08435929 -0.40252082]
 [ 0.00778245 -0.98209943  0.18820241]
 [-0.41119209  0.16841681  0.89585537]]
[[-0.9100157  -0.08590889 -0.405575  ]
 [ 0.00548499 -0.98070321  0.19542551]
 [-0.4145375   0.17561571  0.89292653]]
[[-0.90074628 -0.08521965 -0.42590346]
 [ 0.00342655 -0.98192712  0.18922841]
 [-0.43433213  0.1689874   0.88475921]]
[[-0.90147491 -0.08193992 -0.42500451]
 [ 0.00263564 -0.98293809  0.18391783]
 [-0.43282333  0.16467715  0.88630999]]
[[-0.90331379 -0.07797174 -0.42183481]
 [-0.00230324 -0.9824471   0.18652718]
 [-0.42897424  0.16946416  0.88727842]]
[[-0.9064869  -0.0863288  -0.41331446]
 [ 0.00823603 -0.98230442  0.18711009]
 [-0.42215362  0.16620878  0.89115709]]
[[-0.90821433 -0.07990502 -0.41080642]
 [-0.00110625 -0.98114195  0.19328539]
 [-0.41850388  0.17599901  0.89099879]]
[[-0.91116454 -0.08367439 -0.40345729]
 [ 0.00212447 -0.98010478  0.1984694 ]
 [-0.41203722  0.17998115  0.89321448]]
[[-0.91016984 -0.08483465 -0.40545523]
 [ 0.00376744 -0.98045903  0.19668729]
 [-0.41421814  0.17749131  0.89270385]]
[[-0.90613978 -0.07293247 -0.4166432 ]
 [-0.00217424 -0.98420633  0.1770118 ]
 [-0.42297278  0.16130331  0.89166993]]
[[-0.91351627 -0.07554763 -0.39972562]
 [ 0.00206055 -0.98345113  0.18116191]
 [-0.40679697  0.1646707   0.89855428]]
[[-0.90734487 -0.07212336 -0.41415397]
 [-0.00181274 -0.98449253  0.17541712]
 [-0.42038316  0.15991457  0.89314351]]
[[-0.90804393 -0.07120997 -0.41277761]
 [-0.00251418 -0.98449924  0.17537082]
 [-0.4188674   0.16028221  0.89378953]]
[[-9.12418588e-01 -7.54700504e-02 -4.02239471e-01]
 [ 5.70365454e-04 -9.83083521e-01  1.83156941e-01]
 [-4.09257859e-01  1.66886374e-01  8.97026724e-01]]
[[-9.07835617e-01 -7.17135906e-02 -4.13148465e-01]
 [-7.29533361e-04 -9.84995778e-01  1.72576897e-01]
 [-4.19325603e-01  1.56972860e-01  8.94161932e-01]]
[[-0.91123571 -0.08241222 -0.40355633]
 [ 0.00284863 -0.98101601  0.19390585]
 [-0.41187543  0.17554435  0.89417158]]
[[-0.90804208 -0.07246088 -0.41256394]
 [-0.00157048 -0.98432814  0.17633956]
 [-0.41887601  0.16077166  0.89369758]]
[[-0.90704586 -0.07684768 -0.41395924]
 [ 0.00174552 -0.98387964  0.17882339]
 [-0.42102823  0.16147844  0.89255809]]
[[-9.03899409e-01 -8.16382904e-02 -4.19882184e-01]
 [ 9.76708546e-04 -9.82009146e-01  1.88830831e-01]
 [-4.27743971e-01  1.70273974e-01  8.87717224e-01]]
[[-9.13473568e-01 -7.61974222e-02 -3.99699880e-01]
 [ 7.61116892e-04 -9.82627850e-01  1.85585367e-01]
 [-4.06897360e-01  1.69223109e-01  8.97662563e-01]]
[[-0.90899259 -0.07511046 -0.4099889 ]
 [ 0.00714156 -0.98629176  0.16485616]
 [-0.4167511   0.14692507  0.89706831]]
[[-0.91356231 -0.07237987 -0.40020626]
 [ 0.00259359 -0.98505288  0.17223268]
 [-0.40669051  0.15630731  0.90009491]]
[[-9.09446421e-01 -7.92898120e-02 -4.08191540e-01]
 [ 6.82563512e-04 -9.81935099e-01  1.89216794e-01]
 [-4.15820564e-01  1.71803919e-01  8.93071482e-01]]
[[-0.91190845 -0.07273626 -0.40389653]
 [-0.00653201 -0.98147138  0.19149744]
 [-0.41034169  0.17726639  0.89453693]]
[[-0.91196319 -0.072246   -0.40386094]
 [-0.00872754 -0.98073463  0.19514971]
 [-0.4101792   0.18149407  0.89376335]]
[[-0.90514059 -0.07409967 -0.41860453]
 [ 0.00391643 -0.98610323  0.16608756]
 [-0.42509431  0.14869316  0.89285227]]
[[-0.90813885 -0.06917667 -0.41291453]
 [-0.01153295 -0.98174738  0.18983959]
 [-0.41851023  0.17716283  0.89076513]]
[[-0.9059619  -0.07698884 -0.41630007]
 [-0.00140006 -0.98277565  0.18479736]
 [-0.42335691  0.16800221  0.89024951]]
[[-0.91029855 -0.06722319 -0.40845757]
 [-0.00797614 -0.98369452  0.17967044]
 [-0.41387549  0.16681166  0.89491952]]
[[-0.91022911 -0.0643655  -0.40907217]
 [-0.00530085 -0.98595449  0.16693007]
 [-0.41407108  0.15411305  0.89710329]]
[[-0.91125041 -0.06752312 -0.40627985]
 [-0.00892316 -0.98300028  0.18338708]
 [-0.41175607  0.17073685  0.89515689]]
[[-0.90119573 -0.06260352 -0.42886718]
 [-0.00988023 -0.98628849  0.16473434]
 [-0.43329971  0.15269519  0.88822043]]
[[-0.89634249 -0.0620226  -0.43900267]
 [-0.01128426 -0.9866547   0.16243512]
 [-0.4432187   0.15055132  0.88368065]]
[[-0.8951037  -0.06488348 -0.44111166]
 [-0.01254058 -0.98529935  0.17037583]
 [-0.4456816   0.15803584  0.88113142]]
[[-0.89818144 -0.06286597 -0.43510684]
 [-0.00730679 -0.98745139  0.15775415]
 [-0.43956422  0.14487109  0.88645116]]
[[-0.89614864 -0.07096211 -0.43804338]
 [-0.00687593 -0.98479206  0.17360104]
 [-0.44370074  0.15858429  0.88203213]]
[[-0.90547821 -0.06465074 -0.41943949]
 [-0.01170161 -0.98414954  0.17695413]
 [-0.42423139  0.16513623  0.89036945]]
[[-0.90419279 -0.07349708 -0.42075357]
 [-0.00757264 -0.9821707   0.18783871]
 [-0.42705743  0.17302862  0.8875151 ]]
[[-0.89964946 -0.07361315 -0.43036258]
 [-0.00784747 -0.982799    0.18451162]
 [-0.4365424   0.16937304  0.88359692]]
[[-0.90299893 -0.06544917 -0.42462848]
 [-0.00770866 -0.98570194  0.16832192]
 [-0.42957364  0.15526783  0.88958327]]
[[-0.90689102 -0.07495759 -0.41464447]
 [-0.00900602 -0.98037704  0.19692575]
 [-0.42126899  0.18232449  0.88842007]]
[[-0.90878887 -0.07557076 -0.41035575]
 [-0.00526182 -0.98130838  0.19236991]
 [-0.41722308  0.17698286  0.89140449]]
[[-0.90303417 -0.07629253 -0.42273956]
 [-0.00415126 -0.98250644  0.18618232]
 [-0.42954866  0.1698839   0.88692018]]
[[-0.91060975 -0.07262649 -0.4068357 ]
 [-0.00872973 -0.98083706  0.19463417]
 [-0.41317512  0.18078734  0.89252577]]
[[-0.90710392 -0.07523661 -0.41412792]
 [ 0.00370784 -0.9852849   0.17087982]
 [-0.4208904   0.15347023  0.89403476]]
[[-0.90809694 -0.07007573 -0.41285511]
 [-0.00656766 -0.98339451  0.18136182]
 [-0.41870851  0.16740561  0.89255731]]
[[-0.9052758  -0.07192153 -0.41869204]
 [-0.00344427 -0.98429011  0.17652512]
 [-0.42481039  0.16124601  0.8908063 ]]
[[-0.8978192  -0.06677651 -0.43527184]
 [-0.00305026 -0.98746916  0.15778262]
 [-0.4403537   0.14298796  0.88636509]]
[[-0.90109355 -0.07135017 -0.42771436]
 [ 0.00301198 -0.9873759   0.15836588]
 [-0.43361429  0.14141421  0.88993296]]
[[-9.08589100e-01 -7.04629292e-02 -4.11704777e-01]
 [ 7.10228574e-04 -9.85927282e-01  1.67173232e-01]
 [-4.17690487e-01  1.51599372e-01  8.95852827e-01]]
[[-0.90323743 -0.07544445 -0.42245742]
 [ 0.00593807 -0.98652828  0.16348299]
 [-0.42910008  0.14515537  0.89151727]]
[[-0.90785816 -0.07368001 -0.41275274]
 [ 0.00728007 -0.98705996  0.16018626]
 [-0.41921423  0.14242154  0.89664683]]
[[-0.902203   -0.07558461 -0.42463716]
 [ 0.007143   -0.98700848  0.16050929]
 [-0.43125251  0.14177878  0.89102191]]
[[-9.08083984e-01 -7.11478104e-02 -4.12700214e-01]
 [-4.51651699e-04 -9.85296120e-01  1.70854768e-01]
 [-4.18787862e-01  1.55336875e-01  8.94699492e-01]]
[[-0.90130405 -0.08094814 -0.42555659]
 [ 0.00934175 -0.98578894  0.16772863]
 [-0.43308631  0.14719905  0.88925176]]
[[-0.90551268 -0.08051859 -0.41660958]
 [ 0.00744842 -0.98469559  0.17412386]
 [-0.42425382  0.15456828  0.89225408]]
[[-0.90216595 -0.07093466 -0.42551717]
 [-0.00173917 -0.98578216  0.16801939]
 [-0.43138563  0.15232142  0.88921573]]
[[-0.90835301 -0.06551007 -0.41304145]
 [-0.00655051 -0.98530489  0.17067916]
 [-0.41815296  0.15774256  0.89457554]]
[[-0.90182715 -0.07191506 -0.42607044]
 [-0.00407886 -0.98459205  0.17481951]
 [-0.43207773  0.15939487  0.8876385 ]]
[[-9.05746207e-01 -7.28604583e-02 -4.17510673e-01]
 [-6.03901948e-04 -9.84889180e-01  1.73184696e-01]
 [-4.23820061e-01  1.57113517e-01  8.92015638e-01]]
[[-0.91170374 -0.07517504 -0.40391212]
 [ 0.00175509 -0.98382119  0.17914458]
 [-0.41084451  0.16261788  0.8970854 ]]
[[-0.90880025 -0.07773924 -0.40992525]
 [ 0.00507825 -0.98447699  0.17544023]
 [-0.41720057  0.15735843  0.89508771]]
[[-0.90298311 -0.0703148  -0.42388362]
 [ 0.00601064 -0.9884897   0.15116872]
 [-0.42963399  0.13395499  0.89301215]]
[[-0.90590126 -0.06961536 -0.41772792]
 [-0.00168286 -0.98579665  0.16793489]
 [-0.42348563  0.1528354   0.89291727]]
[[-0.91280721 -0.07185388 -0.40201992]
 [ 0.00341497 -0.98570873  0.16842396]
 [-0.40837646  0.15236572  0.90000742]]
[[-0.9057503  -0.06889503 -0.41817445]
 [-0.00432034 -0.98514636  0.17166243]
 [-0.42378973  0.15728995  0.89199896]]
[[-0.90962217 -0.07273995 -0.40901884]
 [-0.00355923 -0.98315127  0.18275914]
 [-0.41542129  0.16769756  0.89403729]]
[[-0.91034005 -0.07190123 -0.40756742]
 [-0.00360313 -0.98337858  0.1815312 ]
 [-0.41384539  0.16672364  0.89494984]]
[[-9.11893276e-01 -7.22918638e-02 -4.04010569e-01]
 [ 2.36162888e-04 -9.84457741e-01  1.75621469e-01]
 [-4.10427336e-01  1.60052624e-01  8.97737467e-01]]
[[-0.9059135  -0.07643153 -0.41650804]
 [ 0.00221475 -0.98441822  0.17582906]
 [-0.42345699  0.15836345  0.89196704]]
[[-0.90951479 -0.07964403 -0.4079702 ]
 [ 0.01091343 -0.98570947  0.1681004 ]
 [-0.41552828  0.14843744  0.89738652]]
[[-0.91352709 -0.0762864  -0.39956056]
 [ 0.01051106 -0.98635624  0.16428906]
 [-0.40664207  0.1458827   0.90186499]]
[[-0.90544674 -0.07946623 -0.41695482]
 [ 0.00576868 -0.98453162  0.17511198]
 [-0.42442069  0.15614929  0.89189936]]
[[-0.91026374 -0.07805382 -0.40660488]
 [ 0.00591544 -0.98442042  0.1757312 ]
 [-0.41398664  0.15755649  0.89654393]]
[[-0.9112873  -0.08370407 -0.40317376]
 [ 0.01121241 -0.98380214  0.17890678]
 [-0.41161843  0.15851492  0.89746492]]
[[-0.90988221 -0.07993191 -0.40709366]
 [ 0.00714864 -0.98413887  0.17725571]
 [-0.41480508  0.15837165  0.89602186]]
[[-0.90945763 -0.08281946 -0.40746504]
 [ 0.01436016 -0.985634    0.1682837 ]
 [-0.41554856  0.14719564  0.89758166]]
[[-0.91076514 -0.07293201 -0.406433  ]
 [ 0.00769627 -0.98710581  0.15988396]
 [-0.41285303  0.14248872  0.89958287]]
[[-0.91103465 -0.07790823 -0.40490268]
 [ 0.01338348 -0.98705723  0.15980895]
 [-0.41211255  0.14017248  0.90028602]]
[[-0.9038873  -0.07884614 -0.42044147]
 [ 0.00603787 -0.98512018  0.17176082]
 [-0.42772805  0.15271385  0.89091369]]
[[-0.90873508 -0.07684269 -0.41023865]
 [ 0.00243231 -0.98386393  0.17890179]
 [-0.4173663   0.1615765   0.89425858]]
[[-0.91222982 -0.07897375 -0.40199489]
 [ 0.01204865 -0.98599129  0.16636105]
 [-0.40950162  0.14691601  0.90040219]]
[[-0.90223496 -0.08051954 -0.42366105]
 [ 0.00511164 -0.98434205  0.1761948 ]
 [-0.43121451  0.15680351  0.88851939]]
[[-0.91605738 -0.07642418 -0.39369814]
 [ 0.00472275 -0.98366287  0.17995847]
 [-0.40101943  0.16299295  0.90145256]]
[[-0.91412309 -0.07896159 -0.39767328]
 [ 0.00984274 -0.98488452  0.17293235]
 [-0.40531727  0.15416726  0.90108289]]
[[-0.90367319 -0.07079583 -0.4223301 ]
 [ 0.00676897 -0.98847754  0.15121619]
 [-0.4281693   0.13379128  0.89373986]]
[[-0.90544411 -0.06934378 -0.41876293]
 [ 0.00358629 -0.98777987  0.15581418]
 [-0.42445034  0.13957923  0.89462816]]
[[-0.90319704 -0.06924089 -0.42360453]
 [ 0.00232901 -0.98767891  0.15647665]
 [-0.42921985  0.14034267  0.89222994]]
[[-0.91036873 -0.07009375 -0.40781815]
 [ 0.00717784 -0.98807554  0.15380246]
 [-0.41373573  0.1370897   0.9000162 ]]
[[-0.90833417 -0.07635935 -0.41121562]
 [ 0.0083785  -0.98631751  0.16464375]
 [-0.41816126  0.14610618  0.89654568]]
[[-0.9096545  -0.07581605 -0.40838783]
 [ 0.00998125 -0.98690656  0.16098391]
 [-0.41524579  0.14236352  0.89850073]]
[[-0.90632361 -0.07221811 -0.4163677 ]
 [ 0.00536331 -0.98717544  0.159549  ]
 [-0.4225503   0.14236992  0.89508773]]
[[-0.90283814 -0.07426396 -0.42351877]
 [ 0.01449576 -0.98966893  0.14263692]
 [-0.42973615  0.12263883  0.89458737]]
[[-0.90924036 -0.07559664 -0.40934962]
 [ 0.01008592 -0.98708379  0.15988702]
 [-0.4161493   0.14124706  0.89825889]]
[[-0.90432501 -0.07147244 -0.42081822]
 [ 0.00670499 -0.9881386   0.15341825]
 [-0.4267919   0.13591838  0.89407766]]
[[-0.91362744 -0.07488021 -0.39959711]
 [ 0.01170422 -0.98732896  0.15825466]
 [-0.40638395  0.13990883  0.90292724]]
[[-0.90539428 -0.07421908 -0.41803437]
 [ 0.01527473 -0.989659    0.14262446]
 [-0.42429693  0.12274601  0.89716528]]
[[-0.90674658 -0.07817528 -0.41436609]
 [ 0.0105118  -0.98654988  0.16312213]
 [-0.42154494  0.1435547   0.8953725 ]]
[[-0.905416   -0.0754394  -0.4177688 ]
 [ 0.00989086 -0.98756569  0.15689545]
 [-0.42441023  0.13792355  0.89490393]]
[[-0.90500604 -0.07644489 -0.41847372]
 [ 0.01295194 -0.98821665  0.15251264]
 [-0.4252015   0.13260481  0.89533214]]
[[-0.9038462  -0.07837799 -0.42061732]
 [ 0.0135386  -0.98782497  0.15497917]
 [-0.42764325  0.13438276  0.89390297]]
[[-0.90571577 -0.07538665 -0.41712804]
 [ 0.01033862 -0.98769419  0.15605544]
 [-0.42375944  0.13702935  0.8953496 ]]
[[-0.91079958 -0.07862834 -0.40529214]
 [ 0.01108814 -0.98600101  0.16637024]
 [-0.41269987  0.14703601  0.89892115]]
[[-0.90544144 -0.07475245 -0.41783712]
 [ 0.01151162 -0.98833332  0.15187077]
 [-0.42431506  0.13270011  0.89573847]]
[[-0.90876056 -0.07715611 -0.41012337]
 [ 0.01334486 -0.98763022  0.15623207]
 [-0.41710449  0.13650451  0.89854903]]
[[-0.90940543 -0.07928922 -0.40828298]
 [ 0.01537157 -0.98739686  0.1575156 ]
 [-0.41562662  0.13696959  0.89916286]]
[[-0.90037036 -0.08108027 -0.42750345]
 [ 0.0154233  -0.98781513  0.15486573]
 [-0.43485093  0.13284299  0.89064999]]
[[-0.90294041 -0.0763465  -0.42293005]
 [ 0.01431732 -0.98889182  0.14794586]
 [-0.42952721  0.12753107  0.89400347]]
[[-0.90844033 -0.08081476 -0.41012819]
 [ 0.02553707 -0.9900306   0.13851811]
 [-0.41723377  0.11536196  0.9014475 ]]
[[-0.90765597 -0.08001508 -0.41201727]
 [ 0.02037492 -0.98890238  0.14716296]
 [-0.41922012  0.12517852  0.89921345]]
[[-0.9049873  -0.0787146  -0.41809329]
 [ 0.01923257 -0.98929949  0.14462581]
 [-0.42500364  0.12284352  0.89681736]]
[[-0.90735857 -0.07310996 -0.41395091]
 [ 0.01764633 -0.99051591  0.13626018]
 [-0.41998694  0.11633212  0.90004323]]
[[-0.90427971 -0.08089614 -0.41920641]
 [ 0.02025512 -0.98890808  0.14714123]
 [-0.42645976  0.12456576  0.89588808]]
[[-0.91126524 -0.07467851 -0.40499233]
 [ 0.01692335 -0.98938082  0.14435785]
 [-0.41147208  0.12469446  0.90285216]]
[[-0.91311464 -0.07687168 -0.4003903 ]
 [ 0.02243374 -0.99004948  0.13891992]
 [-0.40708522  0.11786757  0.9057532 ]]
[[-0.90581498 -0.07586981 -0.4168249 ]
 [ 0.02079782 -0.99061186  0.13511323]
 [-0.42316271  0.11371854  0.89888899]]
[[-0.90983983 -0.08273309 -0.40662849]
 [ 0.02453133 -0.98893309  0.14632007]
 [-0.41423388  0.1231527   0.90180026]]
[[-0.90506347 -0.0823154  -0.4172341 ]
 [ 0.02616948 -0.99000956  0.13855049]
 [-0.42447059  0.11447819  0.89817563]]
[[-0.90747187 -0.07959267 -0.41250433]
 [ 0.01824033 -0.98842801  0.15059004]
 [-0.41971669  0.12913201  0.89842241]]
[[-0.90840804 -0.07410557 -0.41146471]
 [ 0.01601013 -0.98960989  0.14288436]
 [-0.41777807  0.12320969  0.90015602]]
[[-0.90253684 -0.07911825 -0.42328189]
 [ 0.01812892 -0.98908581  0.14622105]
 [-0.43023087  0.12429625  0.89412071]]
[[-0.91353363 -0.07441299 -0.39989876]
 [ 0.01739395 -0.98937135  0.14436684]
 [-0.40639115  0.12492814  0.90511833]]
[[-0.9120311  -0.07470694 -0.4032594 ]
 [ 0.016636   -0.98919895  0.14563199]
 [-0.4097835   0.12611228  0.90342303]]
[[-0.89968629 -0.07142602 -0.43065405]
 [ 0.01654869 -0.99139483  0.12985541]
 [-0.43622325  0.10970237  0.89312634]]
[[-0.90147362 -0.07970863 -0.42543137]
 [ 0.01974278 -0.98944641  0.14354799]
 [-0.43238355  0.12100553  0.89353351]]
[[-0.89498267 -0.07308113 -0.44007405]
 [ 0.0155758  -0.99100765  0.13289557]
 [-0.44582891  0.11208472  0.88807297]]
[[-0.90808566 -0.06846694 -0.41314974]
 [ 0.01189301 -0.99036331  0.13798211]
 [-0.41861556  0.12038598  0.900149  ]]
[[-0.90585863 -0.07316646 -0.41721315]
 [ 0.01198309 -0.98900098  0.14742276]
 [-0.42341061  0.12854467  0.89677183]]
[[-0.89958473 -0.06713261 -0.43155594]
 [ 0.00816774 -0.99052902  0.13706038]
 [-0.4366699   0.11977258  0.8916131 ]]
[[-0.89325592 -0.07168933 -0.44379556]
 [ 0.00548712 -0.98886798  0.14869432]
 [-0.44951502  0.13038692  0.88370555]]
[[-9.02733014e-01 -6.77541645e-02 -4.24832295e-01]
 [ 6.58258566e-04 -9.87736314e-01  1.56129884e-01]
 [-4.30200735e-01  1.40663951e-01  8.91706780e-01]]
[[-0.89843854 -0.07201423 -0.43315371]
 [-0.00104499 -0.98610614  0.16611317]
 [-0.43909805  0.14969511  0.88588051]]
[[-0.89244755 -0.0734114  -0.44513833]
 [ 0.01286906 -0.99041313  0.13753625]
 [-0.45096757  0.11701538  0.88483651]]
[[-0.89333881 -0.06546946 -0.44458916]
 [ 0.0019941  -0.98989848  0.14176395]
 [-0.44937934  0.12575668  0.88444529]]
[[-8.97292275e-01 -6.47447742e-02 -4.36663128e-01]
 [-5.15717134e-04 -9.89031317e-01  1.47705071e-01]
 [-4.41436640e-01  1.32759814e-01  8.87416771e-01]]
[[-0.90175179 -0.06854559 -0.42678474]
 [-0.00128044 -0.98691869  0.16121373]
 [-0.43225233  0.14592125  0.88986792]]
[[-0.90271685 -0.06403763 -0.42544268]
 [-0.00335008 -0.98778458  0.15578963]
 [-0.43022211  0.14205919  0.89147525]]
[[-0.8891403  -0.07506038 -0.4514371 ]
 [ 0.00174897 -0.98700747  0.16066485]
 [-0.45763136  0.14206404  0.8777194 ]]
[[-0.88620925 -0.06813032 -0.45824821]
 [-0.00330256 -0.98817354  0.15330413]
 [-0.46327341  0.13737293  0.87550352]]
[[-0.90438893 -0.06889352 -0.42111085]
 [-0.01025015 -0.98308809  0.18284621]
 [-0.42658599  0.16968054  0.88838782]]
[[-0.89747221 -0.06460562 -0.43631382]
 [-0.01788898 -0.98306889  0.18236103]
 [-0.44070809  0.17146917  0.88112128]]
[[-0.8978079  -0.06500171 -0.43556372]
 [-0.01143247 -0.98527346  0.17060335]
 [-0.44023889  0.1581486   0.88384317]]
[[-0.89360782 -0.06294436 -0.44441317]
 [-0.01311664 -0.98603329  0.16603102]
 [-0.4486569   0.15419582  0.88030144]]
[[-0.89751047 -0.0598557  -0.43691219]
 [-0.01485152 -0.98608143  0.16559846]
 [-0.44074301  0.15511516  0.88412945]]
[[-0.89903802 -0.06554034 -0.43293776]
 [-0.01368221 -0.98404687  0.17738252]
 [-0.43765675  0.16539718  0.88379881]]
[[-0.91196736 -0.05828561 -0.40610137]
 [-0.01669357 -0.9837651   0.17868282]
 [-0.40992299  0.16973219  0.89618867]]
[[-0.89983407 -0.06184619 -0.43182601]
 [-0.01618015 -0.98448622  0.1747143 ]
 [-0.43593217  0.16420089  0.88487356]]
[[-0.90862688 -0.06344131 -0.41276192]
 [-0.01383876 -0.98327642  0.18159286]
 [-0.41737955  0.17071227  0.89255343]]
[[-0.9058782  -0.06246296 -0.41890699]
 [-0.01604345 -0.98329473  0.18131211]
 [-0.42323432  0.17096741  0.88974314]]
[[-0.89415499 -0.05926801 -0.44381772]
 [-0.01378086 -0.9870886   0.15958128]
 [-0.44754547  0.14880659  0.88179343]]
[[-0.91379693 -0.05940951 -0.40180304]
 [-0.01484928 -0.98369737  0.17921767]
 [-0.40589983  0.16973504  0.89801745]]
[[-0.91048374 -0.05921357 -0.40928366]
 [-0.00910324 -0.98658632  0.16298636]
 [-0.41344467  0.15212224  0.89773177]]
[[-0.89656831 -0.064215   -0.43822562]
 [-0.00770029 -0.98702421  0.16038678]
 [-0.44283853  0.14717217  0.88444016]]
[[-0.8939337  -0.06442461 -0.44354481]
 [-0.0130404  -0.98545781  0.16941915]
 [-0.44800946  0.15723349  0.88009383]]
[[-0.89280934 -0.05499438 -0.44706499]
 [-0.01579802 -0.98808508  0.15309573]
 [-0.45015765  0.14374804  0.88130278]]
[[-0.89239695 -0.06074737 -0.44714365]
 [-0.01295239 -0.9870408   0.15994594]
 [-0.45106532  0.14852685  0.88004537]]
[[-0.89318656 -0.05653283 -0.4461186 ]
 [-0.01381385 -0.9881487   0.15287681]
 [-0.44947407  0.14271012  0.88182021]]
[[-0.89613645 -0.05485886 -0.4403748 ]
 [-0.01826354 -0.98693018  0.16011018]
 [-0.44340264  0.15152337  0.88342219]]
[[-0.90437045 -0.05893325 -0.4226594 ]
 [-0.01735146 -0.98452141  0.1744033 ]
 [-0.42639538  0.16505895  0.88934949]]
[[-0.90016873 -0.07010626 -0.42986204]
 [-0.00790383 -0.98416842  0.17705947]
 [-0.43546962  0.16278095  0.88536352]]
[[-0.90760248 -0.05418323 -0.41631948]
 [-0.00833651 -0.98911537  0.1469057 ]
 [-0.41974782  0.13680263  0.89727187]]
[[-0.90042175 -0.06478138 -0.43016747]
 [-0.00879733 -0.9859359   0.1668922 ]
 [-0.43492906  0.15405769  0.88718822]]
[[-0.89689738 -0.0566709  -0.43859263]
 [-0.02243426 -0.98464802  0.17310396]
 [-0.44166933  0.16509599  0.88185686]]
[[-0.89712387 -0.0491192  -0.43903993]
 [-0.02122455 -0.98785997  0.1538902 ]
 [-0.44126894  0.14737699  0.88519023]]
[[-0.89921114 -0.06284145 -0.43297837]
 [-0.01369067 -0.98510489  0.17140862]
 [-0.43730068  0.16006031  0.88495696]]
[[-0.89914822 -0.06019289 -0.43348506]
 [-0.00559749 -0.9888337   0.14891801]
 [-0.43760845  0.1363258   0.88877113]]
[[-0.90228421 -0.04972102 -0.42826514]
 [-0.01584776 -0.98883182  0.14819069]
 [-0.43085039  0.14049716  0.89141937]]
[[-0.90183073 -0.04984085 -0.42920534]
 [-0.02469757 -0.98575523  0.16636304]
 [-0.43138309  0.16063163  0.88775341]]
[[-0.90058287 -0.05011298 -0.43178604]
 [-0.01202552 -0.99007985  0.13999024]
 [-0.43451799  0.13126527  0.89104632]]
[[-0.8930561  -0.05699273 -0.44632123]
 [-0.01530131 -0.98752482  0.15671822]
 [-0.44968509  0.14678746  0.881043  ]]
[[-0.91095123 -0.05023595 -0.40944378]
 [-0.01110866 -0.98920976  0.14608436]
 [-0.41236447  0.1376241   0.90056379]]
[[-0.89718315 -0.05406384 -0.4383372 ]
 [-0.01960948 -0.98662459  0.16182519]
 [-0.44122315  0.1537824   0.88412279]]
[[-0.90087336 -0.04704381 -0.43152528]
 [-0.00820041 -0.99208822  0.12527457]
 [-0.43400454  0.11639521  0.89336007]]
[[-0.9090932  -0.04696815 -0.41393665]
 [-0.01398097 -0.98962467  0.14299494]
 [-0.41635813  0.13578296  0.89900439]]
[[-0.89047421 -0.05044622 -0.45222877]
 [-0.01976145 -0.98861082  0.14919161]
 [-0.45460441  0.14178797  0.87933555]]
[[-0.89903342 -0.04249152 -0.43581348]
 [-0.01142085 -0.99266652  0.12034423]
 [-0.43773106  0.11317085  0.89195509]]
[[-0.90475195 -0.05285506 -0.42264672]
 [-0.01128732 -0.98894723  0.14783762]
 [-0.42578927  0.13852693  0.89415535]]
[[-0.8948831  -0.04592962 -0.44393097]
 [-0.0151202  -0.99099942  0.1330095 ]
 [-0.44604441  0.12574028  0.88613417]]
[[-0.89822696 -0.04127643 -0.43758951]
 [-0.0172348  -0.99150741  0.12890312]
 [-0.4391939   0.12332602  0.8898873 ]]
[[-0.90258196 -0.04636946 -0.42801364]
 [-0.00818009 -0.99215618  0.12473654]
 [-0.43044034  0.11608614  0.89512296]]
[[-0.89958801 -0.0408983  -0.43482036]
 [-0.02070958 -0.99049112  0.13600901]
 [-0.43624824  0.13135702  0.89018695]]
[[-0.8967811  -0.03845025 -0.44080068]
 [-0.02099032 -0.99139879  0.12918141]
 [-0.44197632  0.12509999  0.88826062]]
[[-0.89582034 -0.04167561 -0.44245797]
 [-0.01450195 -0.99232186  0.12282919]
 [-0.4441797   0.11644939  0.88833773]]
[[-0.90526986 -0.04445581 -0.42250462]
 [-0.00963193 -0.99210661  0.12502679]
 [-0.42472779  0.11725252  0.89769602]]
[[-0.89793469 -0.04731412 -0.43757818]
 [-0.00774759 -0.99235177  0.12319874]
 [-0.44006052  0.1140146   0.89070052]]
[[-0.90146032 -0.03698216 -0.43127904]
 [-0.01078322 -0.9941158   0.1077845 ]
 [-0.43272742  0.10181403  0.89575716]]
[[-0.90020794 -0.04729548 -0.43288428]
 [-0.00882448 -0.99189895  0.12672257]
 [-0.43537086  0.11789665  0.89249795]]
[[-0.91177857 -0.03723205 -0.40899096]
 [-0.01326006 -0.9926938   0.11992995]
 [-0.41046803  0.1147728   0.90462324]]
[[-0.90760559 -0.03734626 -0.41815948]
 [-0.00963611 -0.99391991  0.10968297]
 [-0.41971328  0.10357831  0.9017274 ]]
[[-0.90727859 -0.03701267 -0.41889809]
 [-0.01280192 -0.9932266   0.11548605]
 [-0.42033518  0.11014072  0.9006594 ]]
[[-0.90475296 -0.03707966 -0.42431967]
 [-0.00859822 -0.99441061  0.10523122]
 [-0.42584992  0.09885665  0.89937712]]
[[-0.90640268 -0.0379139  -0.42070978]
 [-0.00809736 -0.99422136  0.10704358]
 [-0.42233709  0.10043123  0.9008579 ]]
[[-0.90718482 -0.04001377 -0.41882525]
 [-0.01235746 -0.99250367  0.12158847]
 [-0.42055081  0.11547883  0.8998898 ]]
[[-0.90166513 -0.03812609 -0.43075097]
 [-0.0078208  -0.99450514  0.10439521]
 [-0.43236424  0.09749834  0.89641243]]
[[-0.90183324 -0.04176015 -0.43006151]
 [-0.00873508 -0.99335315  0.11477466]
 [-0.43199596  0.10726423  0.89547411]]
[[-0.89605745 -0.04084159 -0.44205545]
 [-0.01793397 -0.99161611  0.12796822]
 [-0.44357573  0.12259469  0.88781255]]
[[-0.89224033 -0.03794595 -0.44996367]
 [-0.01334563 -0.99381178  0.11027255]
 [-0.45136359  0.10439467  0.88621254]]
[[-0.88713679 -0.03918563 -0.45983998]
 [-0.0114782  -0.99420715  0.10686624]
 [-0.46136382  0.10008311  0.88154796]]
[[-0.9047979  -0.03512502 -0.42439015]
 [-0.0230322  -0.99109712  0.13113356]
 [-0.42521792  0.12842401  0.89593359]]
[[-0.90127786 -0.02881376 -0.43228231]
 [-0.01738086 -0.99457791  0.10253142]
 [-0.43289275  0.09992273  0.89589024]]
[[-0.90749044 -0.02746375 -0.41917399]
 [-0.02269505 -0.99319775  0.11420669]
 [-0.41945921  0.11315465  0.90069418]]
[[-0.9007727  -0.04032289 -0.43241487]
 [-0.01739421 -0.99153166  0.12869504]
 [-0.43394238  0.12344649  0.89244326]]
[[-0.89118216 -0.03730128 -0.45210946]
 [-0.01271206 -0.99416898  0.10708146]
 [-0.45346748  0.10117633  0.88551149]]
[[-0.89394703 -0.03807014 -0.44655276]
 [-0.02256173 -0.99129949  0.12967764]
 [-0.44760437  0.12599994  0.88531031]]
[[-0.91098581 -0.02508584 -0.41167409]
 [-0.02737466 -0.99226985  0.121042  ]
 [-0.41152823  0.12153698  0.90325704]]
[[-0.89258619 -0.03771739 -0.44929644]
 [-0.01777835 -0.99277574  0.11866024]
 [-0.45052616  0.11390224  0.88546737]]
[[-0.90540199 -0.02961348 -0.42352128]
 [-0.02169505 -0.99303389  0.11581456]
 [-0.42400065  0.11404705  0.8984524 ]]
[[-0.91020364 -0.02968424 -0.41309586]
 [-0.02160658 -0.99266652  0.11893835]
 [-0.41359702  0.11718371  0.9028873 ]]
[[-0.91119812 -0.02532895 -0.41118904]
 [-0.02527476 -0.99279087  0.11716428]
 [-0.41119238  0.11715258  0.90398899]]
[[-0.89175864 -0.04147915 -0.45060627]
 [-0.02072223 -0.99100199  0.13223328]
 [-0.45203663  0.12725774  0.88287505]]
[[-0.89131233 -0.03432127 -0.45208891]
 [-0.02087297 -0.99296721  0.11653511]
 [-0.4529091   0.11330562  0.88432753]]
[[-0.90142203 -0.03339642 -0.43165148]
 [-0.01897594 -0.99301454  0.11645613]
 [-0.43252542  0.11316711  0.89449146]]
[[-0.89998774 -0.02285851 -0.43531547]
 [-0.01958154 -0.99549618  0.09275735]
 [-0.43547518  0.09200463  0.89548675]]
[[-0.89080756 -0.03512613 -0.45302103]
 [-0.01990945 -0.99303251  0.11614666]
 [-0.45394439  0.11248373  0.88390152]]
[[-0.89732753 -0.02420984 -0.44070079]
 [-0.02932028 -0.99301909  0.11425151]
 [-0.44039031  0.1154425   0.89035353]]
[[-0.90620932 -0.02457786 -0.42211444]
 [-0.02718516 -0.99285704  0.11617169]
 [-0.42195454  0.11675111  0.89906815]]
[[-0.88240833 -0.03408106 -0.46924836]
 [-0.01577355 -0.99466922  0.10190358]
 [-0.47021989  0.09732228  0.87716682]]
[[-0.89336656 -0.03255126 -0.44814798]
 [-0.0200559  -0.99348967  0.11214289]
 [-0.44888078  0.10917272  0.8868976 ]]
[[-0.88274562 -0.03591233 -0.46847676]
 [-0.01702227 -0.9939757   0.10827073]
 [-0.46954277  0.10355005  0.87681638]]
[[-0.90185142 -0.02625242 -0.43124798]
 [-0.02523174 -0.99324831  0.11323056]
 [-0.4313089   0.11299828  0.89510001]]
[[-0.90816936 -0.03791675 -0.41688215]
 [-0.02001826 -0.99081598  0.13372722]
 [-0.418124    0.12979222  0.89906969]]
[[-0.89777941 -0.03272066 -0.43922829]
 [-0.02013214 -0.99314581  0.11513514]
 [-0.43998503  0.11220856  0.89096712]]
[[-0.88594903 -0.03278205 -0.46262259]
 [-0.0186354  -0.99417692  0.10613657]
 [-0.46340808  0.10265275  0.88017917]]
[[-0.8973268  -0.03330126 -0.44010867]
 [-0.03142203 -0.98979939  0.13895976]
 [-0.44024683  0.13852142  0.88712713]]
[[-0.90301863 -0.02804687 -0.42868489]
 [-0.02542828 -0.99262753  0.11850733]
 [-0.42884818  0.11791505  0.89564797]]
[[-0.89608589 -0.03057771 -0.44282624]
 [-0.02037068 -0.99374048  0.10984035]
 [-0.44341303  0.10744706  0.88985393]]
[[-0.88109816 -0.04073714 -0.47117567]
 [-0.0222504  -0.99160936  0.12734128]
 [-0.47240972  0.12268402  0.87279877]]
[[-0.89069646 -0.03885299 -0.45293516]
 [-0.03234854 -0.98839841  0.14839864]
 [-0.45344612  0.14682993  0.87910613]]
[[-0.88447787 -0.0374525  -0.46507656]
 [-0.02024734 -0.99275328  0.11845236]
 [-0.46614262  0.11418505  0.87731   ]]
[[-0.89024958 -0.02315248 -0.45488422]
 [-0.03808075 -0.9914271   0.12498865]
 [-0.45387834  0.12859343  0.88173589]]
[[-0.90845978 -0.02743374 -0.417071  ]
 [-0.02553836 -0.99233607  0.12090044]
 [-0.41719135  0.1204845   0.9007968 ]]
[[-0.89360604 -0.02719706 -0.44802742]
 [-0.0274402  -0.99298543  0.11500861]
 [-0.44801259  0.11506635  0.88659148]]
[[-0.89218848 -0.02516055 -0.45096193]
 [-0.03459349 -0.99170769  0.12377058]
 [-0.45033654  0.12602703  0.88391978]]
[[-0.89992989 -0.04154623 -0.43405081]
 [-0.02374781 -0.98930281  0.14393053]
 [-0.43538745  0.13983515  0.88931654]]
[[-0.91016353 -0.03756135 -0.41254273]
 [-0.0227948  -0.98983058  0.14041301]
 [-0.41362151  0.13720263  0.90005149]]
[[-0.90455582 -0.02821319 -0.42542072]
 [-0.02317685 -0.99307893  0.11513939]
 [-0.42572481  0.11400991  0.89764143]]
[[-0.8858916  -0.02956276 -0.46294937]
 [-0.02994554 -0.99224148  0.12066525]
 [-0.46292476  0.1207596   0.87813312]]
[[-0.90166619 -0.02807718 -0.43152029]
 [-0.02740986 -0.99217249  0.12182961]
 [-0.43156319  0.12167755  0.89383879]]
[[-0.89507425 -0.03124848 -0.44482089]
 [-0.03244449 -0.99033392  0.13485575]
 [-0.44473526  0.1351379   0.88540855]]
[[-0.90110856 -0.0317135  -0.4324322 ]
 [-0.02409679 -0.99211747  0.12297267]
 [-0.43292344  0.12123195  0.89324135]]
[[-0.89439995 -0.02949753 -0.44629433]
 [-0.03338053 -0.99063786  0.1323721 ]
 [-0.44602071  0.13329114  0.88504181]]
[[-0.89588669 -0.02850729 -0.44336708]
 [-0.03449502 -0.99046363  0.13338624]
 [-0.44294145  0.13479291  0.88635983]]
[[-0.90001868 -0.03256518 -0.43463304]
 [-0.01767564 -0.99365735  0.11105239]
 [-0.43549276  0.10763164  0.89373457]]
[[-0.89947106 -0.02560538 -0.4362295 ]
 [-0.01744258 -0.99538236  0.09439124]
 [-0.43663207  0.09251116  0.89487101]]
[[-0.90025204 -0.02051772 -0.43488537]
 [-0.03266704 -0.99288971  0.11446787]
 [-0.43414183  0.11725635  0.89318073]]
[[-0.8897706  -0.03145448 -0.45532284]
 [-0.02894523 -0.99172516  0.12507349]
 [-0.45548924  0.12446614  0.88149744]]
[[-0.89560509 -0.02965485 -0.44386047]
 [-0.01474864 -0.99524763  0.09625295]
 [-0.44460545  0.09275097  0.89091147]]
[[-0.89266211 -0.03721244 -0.44918771]
 [-0.01799238 -0.9928497   0.1180074 ]
 [-0.45036722  0.11342269  0.88560977]]
[[-0.89129155 -0.02373808 -0.45280888]
 [-0.03024596 -0.99329199  0.11160737]
 [-0.45242078  0.11317035  0.88459477]]
[[-0.89151492 -0.02885199 -0.45207157]
 [-0.02466968 -0.99339624  0.1120505 ]
 [-0.45231908  0.11104716  0.88491581]]
[[-0.89500982 -0.02162273 -0.44552203]
 [-0.0333049  -0.99279658  0.11509012]
 [-0.44480131  0.11784485  0.88784255]]
[[-0.89216861 -0.02717822 -0.45088415]
 [-0.02588076 -0.99347278  0.11109467]
 [-0.45096048  0.11078441  0.88564184]]
[[-0.90060421 -0.02932589 -0.43364968]
 [-0.03118861 -0.99078883  0.1317754 ]
 [-0.43351969  0.13220241  0.89139396]]
[[-0.9035041  -0.0209677  -0.42806623]
 [-0.02774047 -0.99384697  0.10723181]
 [-0.42768073  0.10875914  0.89736316]]
[[-0.90331038 -0.02650553 -0.42816797]
 [-0.0254729  -0.99301421  0.1152125 ]
 [-0.42823065  0.11497932  0.89632487]]
[[-0.89386445 -0.02042486 -0.44787182]
 [-0.01906445 -0.9963266   0.08348563]
 [-0.44793179  0.08316326  0.89019154]]
[[-0.8891789  -0.02010097 -0.45711796]
 [-0.03118415 -0.99404947  0.10437053]
 [-0.45649581  0.10705891  0.88326098]]
[[-0.89005188 -0.0204424  -0.45540066]
 [-0.02393341 -0.99552072  0.09146409]
 [-0.45523054  0.09230708  0.88557583]]
[[-0.895749   -0.02352285 -0.44393738]
 [-0.01729975 -0.99599836  0.08768118]
 [-0.44422342  0.08622034  0.8917576 ]]
[[-0.89948577 -0.02834843 -0.43602949]
 [-0.01512398 -0.99527539  0.09590704]
 [-0.43668824  0.09286152  0.89480731]]
[[-0.89586834 -0.03640984 -0.4428253 ]
 [-0.01477273 -0.99364503  0.11158548]
 [-0.44407397  0.10650764  0.88963725]]
[[-0.89431972 -0.0342437  -0.44611613]
 [-0.01655321 -0.99385208  0.10947157]
 [-0.44712216  0.10528724  0.88825468]]
[[-0.9027548  -0.02667805 -0.42932744]
 [-0.01207952 -0.99610907  0.08729722]
 [-0.42998587  0.08399405  0.89891999]]
[[-0.8993674  -0.02606036 -0.43641623]
 [-0.01231021 -0.99631655  0.0848634 ]
 [-0.43702029  0.08169575  0.89573382]]
[[-0.89894126 -0.02380592 -0.43742187]
 [-0.01455884 -0.99634723  0.08414418]
 [-0.4378272   0.08200903  0.89531104]]
[[-0.90130185 -0.03274937 -0.43195191]
 [-0.02082623 -0.99270934  0.11872   ]
 [-0.4326907   0.11599848  0.89404872]]
[[-0.89310039 -0.02967314 -0.4488777 ]
 [-0.01803361 -0.99465857  0.1016323 ]
 [-0.4494958   0.09886273  0.88779484]]
[[-0.8971146  -0.02610456 -0.44102601]
 [-0.03122398 -0.99201029  0.12223198]
 [-0.44069315  0.12342668  0.88913183]]
[[-0.89330878 -0.02991916 -0.4484465 ]
 [-0.03408139 -0.99039954  0.13396721]
 [-0.44814939  0.13495776  0.88371292]]
[[-0.89989045 -0.02819412 -0.43520371]
 [-0.01728893 -0.99481739  0.1001971 ]
 [-0.43577318  0.09769062  0.89473922]]
[[-0.89777704 -0.02368196 -0.43981309]
 [-0.03359698 -0.99196215  0.1219932 ]
 [-0.43916697  0.12429908  0.8897652 ]]
[[-0.89741293 -0.03357373 -0.4399123 ]
 [-0.01818639 -0.99343783  0.11291822]
 [-0.44081661  0.10933469  0.89091337]]
[[-0.90292253 -0.02985984 -0.42876484]
 [-0.02690372 -0.99170099  0.12571928]
 [-0.42896048  0.12505014  0.89462583]]
[[-0.89497836 -0.02991042 -0.44510572]
 [-0.02923902 -0.99167152  0.12542998]
 [-0.44515033  0.12527157  0.88665   ]]
[[-0.90378829 -0.03260452 -0.42673606]
 [-0.01566252 -0.99390621  0.10911061]
 [-0.42769312  0.10529666  0.89777013]]
[[-0.89360362 -0.03053902 -0.44781687]
 [-0.02857177 -0.99178938  0.12464943]
 [-0.44794669  0.1241821   0.88539402]]
[[-0.9010116  -0.03151984 -0.43264835]
 [-0.02173229 -0.99282452  0.11758907]
 [-0.43325028  0.11535156  0.89386141]]
[[-0.8962078  -0.03040711 -0.44259123]
 [-0.03484116 -0.98974266  0.13854802]
 [-0.44226426  0.1395882   0.88595567]]
[[-0.89564514 -0.02674635 -0.44396442]
 [-0.02681282 -0.99312781  0.11392202]
 [-0.44396041  0.11393765  0.88877295]]
[[-0.89720577 -0.03085104 -0.4405338 ]
 [-0.02432335 -0.9925903   0.11904986]
 [-0.44094239  0.11752748  0.88980734]]
[[-0.89388937 -0.03161335 -0.44717155]
 [-0.02361762 -0.99280397  0.11739879]
 [-0.44766507  0.11550266  0.88671028]]
[[-0.89353879 -0.03009077 -0.44797654]
 [-0.02533737 -0.99278225  0.11722379]
 [-0.44827051  0.11609455  0.88632703]]
[[-0.8937463  -0.03290321 -0.44736443]
 [-0.02339101 -0.99253087  0.11973029]
 [-0.44796252  0.11747281  0.88630115]]
[[-0.89390474 -0.03262118 -0.44706843]
 [-0.02467391 -0.99225569  0.12173681]
 [-0.44757739  0.11985204  0.88617717]]
[[-0.8964765  -0.0329398  -0.44186519]
 [-0.02185047 -0.99273309  0.11833668]
 [-0.44255219  0.11574102  0.88924214]]
[[-0.9020453  -0.03021719 -0.43058239]
 [-0.0196397  -0.99364026  0.11087521]
 [-0.43119434  0.10847097  0.89571507]]
[[-0.90148117 -0.0296502  -0.43180154]
 [-0.02052858 -0.9935989   0.11108467]
 [-0.43233122  0.10900501  0.89510202]]
[[-0.9027886  -0.02322826 -0.42945686]
 [-0.02419496 -0.99421618  0.10463646]
 [-0.42940348  0.1048553   0.89700503]]
[[-0.89781341 -0.03435692 -0.43903381]
 [-0.02397738 -0.9916594   0.1266362 ]
 [-0.43972283  0.12422256  0.88950131]]
[[-0.90609978 -0.02368093 -0.42240076]
 [-0.0295979  -0.99243744  0.11912975]
 [-0.42202743  0.12044561  0.89854644]]
[[-0.9059361  -0.03771056 -0.42173179]
 [-0.01996917 -0.99111236  0.13152005]
 [-0.42294328  0.1275704   0.89713141]]
[[-0.91288862 -0.0179537  -0.40781372]
 [-0.03283722 -0.99256496  0.11720288]
 [-0.40688584  0.12038465  0.90551171]]
[[-0.90546979 -0.03633968 -0.42285209]
 [-0.02101773 -0.99126563  0.13019491]
 [-0.42388999  0.12677495  0.8967973 ]]
[[-0.90234917 -0.03683265 -0.42942908]
 [-0.02164285 -0.9912127   0.13049512]
 [-0.43046204  0.12704624  0.89362279]]
[[-0.91060094 -0.02362665 -0.41261085]
 [-0.02663794 -0.9929334   0.1156446 ]
 [-0.41242739  0.11629719  0.90353672]]
[[-0.90420695 -0.02790641 -0.42618192]
 [-0.02985949 -0.99129084  0.12826102]
 [-0.42604954  0.12870009  0.89549879]]
[[-0.90185079 -0.0266856  -0.43122272]
 [-0.02624998 -0.99286243  0.11634057]
 [-0.43124946  0.11624142  0.89471327]]
[[-0.90668579 -0.02358403 -0.42114686]
 [-0.02525233 -0.99360993  0.11000736]
 [-0.42105012  0.11037705  0.90029645]]
[[-0.90659186 -0.03162568 -0.42082184]
 [-0.02913339 -0.99011863  0.13717269]
 [-0.42100172  0.13661961  0.89671212]]
[[-0.90157592 -0.02357455 -0.43197813]
 [-0.02927937 -0.99289973  0.11529458]
 [-0.43162899  0.11659486  0.89448424]]
[[-0.90240151 -0.02743299 -0.43002203]
 [-0.02773051 -0.99220527  0.12148962]
 [-0.43000295  0.12155715  0.8946068 ]]
[[-0.90400993 -0.03758665 -0.42585594]
 [-0.0247841  -0.98984453  0.13997696]
 [-0.42679244  0.13709502  0.89389774]]
[[-0.89972057 -0.03648252 -0.43493898]
 [-0.02696178 -0.9899519   0.13881031]
 [-0.43563282  0.13661722  0.88969645]]
[[-0.89775788 -0.034649   -0.43912439]
 [-0.02619458 -0.9909378   0.13174263]
 [-0.43970971  0.12977566  0.88871461]]
[[-0.89681723 -0.0415274  -0.44044788]
 [-0.01430029 -0.99234323  0.1226801 ]
 [-0.44217006  0.11632016  0.88935665]]
[[-0.90179432 -0.04141969 -0.43017602]
 [-0.01674314 -0.99130072  0.13054713]
 [-0.43184102  0.12492916  0.89325587]]
[[-0.89493613 -0.04518212 -0.44390078]
 [-0.01688429 -0.99071815  0.13487948]
 [-0.4458747   0.12820347  0.88586659]]
[[-0.89899309 -0.04046806 -0.43608917]
 [-0.02223255 -0.99022132  0.13772238]
 [-0.43739816  0.13350684  0.88930241]]
[[-0.89718976 -0.03891017 -0.43992788]
 [-0.01871168 -0.99186797  0.12588809]
 [-0.44124869  0.12117729  0.88916571]]
[[-0.9090377  -0.03308027 -0.41539878]
 [-0.02554065 -0.99054713  0.13477408]
 [-0.41593044  0.13312427  0.8995998 ]]
[[-0.90253028 -0.03582098 -0.42913396]
 [-0.02408711 -0.99077473  0.1333613 ]
 [-0.42995221  0.13069921  0.89334137]]
[[-0.89212166 -0.03635294 -0.45033033]
 [-0.03062785 -0.98959827  0.14056032]
 [-0.45075589  0.13918956  0.88172864]]
[[-0.89934248 -0.03662831 -0.43570801]
 [-0.01748345 -0.99267568  0.11953796]
 [-0.43689522  0.11512324  0.89211502]]
[[-0.8949419  -0.03747749 -0.44460594]
 [-0.0311432  -0.98878888  0.14603646]
 [-0.44509449  0.1445406   0.88374143]]
[[-0.91533213 -0.03351561 -0.40130263]
 [-0.01947192 -0.99168134  0.12723586]
 [-0.40222872  0.1242772   0.90706518]]
[[-0.90352642 -0.03615546 -0.42700444]
 [-0.01710127 -0.9925986   0.12023132]
 [-0.42819103  0.11593449  0.89622075]]
[[-0.89122002 -0.04005876 -0.45179883]
 [-0.03109731 -0.98835187  0.14897493]
 [-0.45250397  0.14681917  0.87959325]]
[[-0.89209697 -0.03972285 -0.45009453]
 [-0.0226187  -0.99095338  0.13228681]
 [-0.4512775   0.12819321  0.88312803]]
[[-0.88914632 -0.04017788 -0.45585586]
 [-0.03070062 -0.98865711  0.14701904]
 [-0.45659204  0.1447165   0.87782734]]
[[-0.89439482 -0.04221058 -0.44528213]
 [-0.02255557 -0.99001389  0.13915367]
 [-0.44670925  0.13450192  0.88451121]]
[[-0.90963585 -0.04064695 -0.41341317]
 [-0.01797142 -0.99041893  0.13692103]
 [-0.41501765  0.1319779   0.90019008]]
[[-0.9043387  -0.02892181 -0.42583453]
 [-0.03286088 -0.99002218  0.13702647]
 [-0.42554868  0.13791163  0.89436497]]
[[-0.90284466 -0.03787042 -0.42829587]
 [-0.02144585 -0.99090747  0.1328249 ]
 [-0.42943171  0.12910542  0.89382336]]
[[-0.89386629 -0.03480246 -0.4469808 ]
 [-0.02730255 -0.99090658  0.13175246]
 [-0.44750153  0.1299728   0.8847878 ]]
[[-0.89833747 -0.04099353 -0.43738922]
 [-0.02283597 -0.9899331   0.13968167]
 [-0.43871211  0.13546948  0.88835787]]
[[-0.8937     -0.04310081 -0.44659001]
 [-0.01624112 -0.99161498  0.12820283]
 [-0.44837099  0.12182799  0.8855063 ]]
[[-0.90128389 -0.02985754 -0.43219889]
 [-0.02483139 -0.99242196  0.12034137]
 [-0.43251677  0.11919384  0.89371252]]
[[-0.91028068 -0.02972355 -0.41292323]
 [-0.02400013 -0.99195291  0.12431178]
 [-0.41329538  0.12306882  0.9022422 ]]
[[-0.89600999 -0.03835375 -0.44237437]
 [-0.01424573 -0.9932668   0.11497009]
 [-0.44380531  0.1093163   0.8894306 ]]
[[-0.88834223 -0.04296334 -0.45716762]
 [-0.02107499 -0.99074915  0.13405956]
 [-0.45869807  0.12872557  0.87921886]]
[[-0.90737699 -0.03029369 -0.41922463]
 [-0.01486517 -0.99446249  0.10403553]
 [-0.42005478  0.10063129  0.90190206]]
[[-0.89962509 -0.02846416 -0.43573442]
 [-0.02160941 -0.99374842  0.10953137]
 [-0.43612811  0.10795313  0.89338592]]
[[-0.90271131 -0.03450944 -0.42886058]
 [-0.0193371  -0.99251667  0.12056835]
 [-0.42981202  0.11713134  0.89528871]]
[[-0.90192306 -0.02452844 -0.43119966]
 [-0.03165595 -0.99194629  0.12263954]
 [-0.43073506  0.12426146  0.89388276]]
[[-0.90506562 -0.03074933 -0.42415882]
 [-0.01550651 -0.99433318  0.10517167]
 [-0.42498914  0.10176448  0.89945996]]
[[-0.9071241  -0.02928268 -0.4198433 ]
 [-0.01363686 -0.99500765  0.09886262]
 [-0.42064225  0.09540601  0.90219609]]
[[-0.90343276 -0.02884698 -0.42775823]
 [-0.01425837 -0.99516028  0.09722512]
 [-0.42849265  0.09393549  0.89864908]]
[[-0.90418004 -0.02911122 -0.4261584 ]
 [-0.01680933 -0.99447721  0.10359787]
 [-0.42682068  0.10083456  0.89869711]]
[[-0.89356719 -0.03120733 -0.44784347]
 [-0.0261297  -0.99227424  0.12128093]
 [-0.4481684   0.12007468  0.88584827]]
[[-0.89660581 -0.03949135 -0.44106515]
 [-0.01078108 -0.99377367  0.11089484]
 [-0.44269831  0.10418412  0.89059748]]
[[-0.90344918 -0.03905925 -0.42691211]
 [-0.01470367 -0.99243144  0.12191652]
 [-0.42844297  0.11642255  0.89603706]]
[[-0.89633047 -0.03129029 -0.44228114]
 [-0.01807584 -0.99409872  0.10696265]
 [-0.443018    0.10386849  0.89047537]]
[[-0.89696288 -0.03409651 -0.44078908]
 [-0.01245773 -0.99467642  0.10229182]
 [-0.4419303   0.0972432   0.89176307]]
[[-0.91313624 -0.02787165 -0.40670059]
 [-0.02013411 -0.99335888  0.11328172]
 [-0.40715699  0.1116302   0.90651083]]
[[-0.91046059 -0.025717   -0.41279554]
 [-0.02641162 -0.99241279  0.12008031]
 [-0.41275167  0.12023099  0.9028735 ]]
[[-0.91360558 -0.02877135 -0.40558235]
 [-0.01418152 -0.99463165  0.10250252]
 [-0.40635418  0.09939865  0.90829301]]
[[-0.89928908 -0.02887192 -0.43640068]
 [-0.02229771 -0.9934943   0.11167759]
 [-0.43678594  0.11016117  0.8927948 ]]
[[-0.89883061 -0.03027315 -0.43724944]
 [-0.02834777 -0.99150774  0.12692048]
 [-0.43737848  0.12647506  0.89033933]]
[[-0.9032647  -0.02802181 -0.42816779]
 [-0.02875072 -0.99167018  0.12555336]
 [-0.42811946  0.12571806  0.89493502]]
[[-0.91029249 -0.03227017 -0.41270598]
 [-0.01537916 -0.9936325   0.11161511]
 [-0.41367991  0.10794946  0.90399991]]
[[-0.90973861 -0.03111994 -0.41401354]
 [-0.01353322 -0.99443432  0.10448555]
 [-0.41496085  0.10065748  0.90425415]]
[[-0.89843202 -0.02674335 -0.43829749]
 [-0.02369476 -0.99373687  0.10920433]
 [-0.43847287  0.10849802  0.89217135]]
[[-0.90689805 -0.02872342 -0.42036995]
 [-0.02503863 -0.99223679  0.12181632]
 [-0.42060551  0.12100047  0.89913842]]
[[-0.90842701 -0.02959477 -0.41699463]
 [-0.01976565 -0.99333471  0.1135582 ]
 [-0.41757597  0.11140151  0.90178712]]
[[-0.9069181  -0.03035128 -0.42021227]
 [-0.02173042 -0.99270419  0.1186009 ]
 [-0.42074617  0.11669269  0.89964186]]
[[-0.90058696 -0.02649903 -0.43386742]
 [-0.02397329 -0.99359287  0.11044681]
 [-0.4340143   0.10986819  0.89418151]]
[[-0.90670605 -0.02435091 -0.42105958]
 [-0.01916114 -0.99492279  0.09880027]
 [-0.42132764  0.09765079  0.90163592]]
[[-0.90528419 -0.0314258  -0.42364249]
 [-0.020124   -0.99296784  0.11666146]
 [-0.42432955  0.11413715  0.89828567]]
[[-0.9082224  -0.02695052 -0.41761912]
 [-0.02243774 -0.9933528   0.11290153]
 [-0.41788588  0.11191013  0.90158056]]
[[-0.89574811 -0.02528565 -0.44384227]
 [-0.02248649 -0.99452616  0.10203957]
 [-0.44399288  0.1013822   0.89027634]]
[[-0.90648418 -0.02681472 -0.42138746]
 [-0.026783   -0.99232024  0.12076098]
 [-0.42138948  0.12075394  0.89880442]]
[[-0.90936879 -0.02347588 -0.41532792]
 [-0.01547448 -0.99580631  0.09016838]
 [-0.41570295  0.0884233   0.9051919 ]]
[[-0.89511634 -0.03326479 -0.44458992]
 [-0.01742121 -0.99384122  0.10943553]
 [-0.44549213  0.10570283  0.889024  ]]
[[-0.90152261 -0.0338792  -0.43140374]
 [-0.02134173 -0.99223637  0.12252148]
 [-0.43220541  0.11966278  0.89380048]]
[[-0.91356137 -0.03216416 -0.40542704]
 [-0.02396927 -0.99087696  0.13262096]
 [-0.40599396  0.13087517  0.90445597]]
[[-0.91064791 -0.03348268 -0.41182436]
 [-0.02385412 -0.99078837  0.13330186]
 [-0.41249409  0.13121476  0.90146066]]
[[-0.9102925  -0.03284048 -0.41266096]
 [-0.02011869 -0.99216072  0.12333836]
 [-0.41347649  0.12057619  0.90249575]]
[[-0.9055238  -0.02866208 -0.42332626]
 [-0.02040173 -0.9936204   0.11091556]
 [-0.42380468  0.10907327  0.89916217]]
[[-0.9022623  -0.02508758 -0.43045714]
 [-0.02167491 -0.99440501  0.10338698]
 [-0.43064247  0.10261229  0.89667039]]
[[-0.90850156 -0.01819395 -0.41748521]
 [-0.02092866 -0.99581699  0.08894103]
 [-0.41735706  0.08954047  0.90432051]]
[[-0.91461133 -0.0298604  -0.40323004]
 [-0.02587143 -0.99090387  0.13206131]
 [-0.40350561  0.13121691  0.90551938]]
[[-0.90928735 -0.03032921 -0.41506222]
 [-0.0293893  -0.99017131  0.13673717]
 [-0.41512983  0.13653177  0.89945889]]
[[-0.90573367 -0.02804228 -0.4229186 ]
 [-0.02822919 -0.99160231  0.12620611]
 [-0.42290616  0.12624777  0.89733599]]
[[-0.9079261  -0.02777873 -0.41820873]
 [-0.02118771 -0.99348359  0.11198854]
 [-0.41859441  0.11053821  0.90142112]]
[[-0.90530208 -0.02630198 -0.42395325]
 [-0.02318114 -0.99353445  0.11113928]
 [-0.42413534  0.11044234  0.89883909]]
[[-0.91086035 -0.02099171 -0.41218051]
 [-0.02603057 -0.99379523  0.10813628]
 [-0.41189299  0.10922635  0.90466224]]
[[-0.91880073 -0.0191253  -0.3942581 ]
 [-0.02723967 -0.99337206  0.1116689 ]
 [-0.39378068  0.11334093  0.91219001]]
[[-0.91277849 -0.02898324 -0.40742533]
 [-0.02362389 -0.99206347  0.12349894]
 [-0.40777119  0.12235214  0.9048495 ]]
[[-0.89688732 -0.02704499 -0.44143144]
 [-0.01676658 -0.99533164  0.09504639]
 [-0.4419412   0.0926472   0.89224687]]
[[-0.9033931  -0.03144188 -0.42765912]
 [-0.01534886 -0.99429821  0.10552484]
 [-0.4285386   0.10189449  0.89775954]]
[[-0.90576045 -0.02858198 -0.42282512]
 [-0.01101719 -0.99579779  0.09091419]
 [-0.42364683  0.08700482  0.90163935]]
[[-0.89667099 -0.02675167 -0.44188855]
 [-0.01713213 -0.99532786  0.09502071]
 [-0.44236595  0.09277281  0.8920233 ]]
[[-0.90009333 -0.0288677  -0.43473976]
 [-0.01688622 -0.99474162  0.10101463]
 [-0.43536979  0.0982637   0.89487283]]
[[-0.89961542 -0.02566328 -0.4359283 ]
 [-0.01883128 -0.99506308  0.09744147]
 [-0.43627683  0.09586894  0.89469083]]
[[-0.89892345 -0.02667193 -0.43729309]
 [-0.02203921 -0.99412825  0.1059401 ]
 [-0.43755104  0.10486964  0.89305736]]
[[-0.90442655 -0.02507109 -0.42589207]
 [-0.02189868 -0.99422775  0.10503159]
 [-0.42606697  0.10431983  0.89865695]]
[[-0.91252249 -0.03187556 -0.4077826 ]
 [-0.02256101 -0.99151864  0.12799133]
 [-0.40840384  0.12599496  0.90406392]]
[[-0.91383536 -0.02496047 -0.40531705]
 [-0.00774542 -0.99685625  0.07885195]
 [-0.40601102  0.07519705  0.91076916]]
[[-0.90804616 -0.01891959 -0.41844262]
 [-0.01723244 -0.99644628  0.08244909]
 [-0.41851549  0.08207836  0.90449319]]
[[-0.92283343 -0.02513215 -0.3843785 ]
 [-0.02023011 -0.99333006  0.11351714]
 [-0.38466765  0.11253343  0.91616976]]
[[-0.90169352 -0.02731067 -0.43151237]
 [-0.01588792 -0.99523631  0.09618867]
 [-0.43208375  0.09358853  0.89696422]]
[[-0.90268904 -0.02682927 -0.42945626]
 [-0.02070911 -0.9941889   0.10563882]
 [-0.42979486  0.10425266  0.89688782]]
[[-0.91013984 -0.0277598  -0.41337013]
 [-0.02889721 -0.99106922  0.13017967]
 [-0.41329218  0.13042695  0.9012094 ]]
[[-0.91558698 -0.02344874 -0.40143572]
 [-0.01672274 -0.99521442  0.09627357]
 [-0.40177211  0.09485994  0.91081324]]
[[-0.90325328 -0.0309466  -0.42799044]
 [-0.01296702 -0.9949721   0.09930948]
 [-0.42891184  0.09525137  0.89831053]]
[[-0.9029032  -0.02781296 -0.42894318]
 [-0.01304765 -0.99567125  0.09202461]
 [-0.42964587  0.08868601  0.89863186]]
[[-0.90997252 -0.02306948 -0.41402634]
 [-0.01223855 -0.99652215  0.08242469]
 [-0.41448792  0.08007128  0.90652543]]
[[-0.91537396 -0.01537772 -0.40231088]
 [-0.0137668  -0.99749037  0.06945102]
 [-0.40236922  0.06911219  0.912865  ]]
[[-0.9150634  -0.01500527 -0.40303079]
 [-0.01738553 -0.99691115  0.07658914]
 [-0.40293513  0.07709082  0.91197604]]
[[-0.91769295 -0.01678896 -0.3969355 ]
 [-0.02170689 -0.99549544  0.09229104]
 [-0.39669695  0.09331107  0.91319471]]
[[-0.91785171 -0.02840237 -0.39590597]
 [-0.02164228 -0.99237168  0.12136749]
 [-0.396333    0.11996566  0.91023535]]
[[-0.92634625 -0.01586095 -0.37633901]
 [-0.02138171 -0.99528789  0.09457717]
 [-0.37606574  0.09565798  0.92164207]]
[[-0.92183766 -0.01811146 -0.38715282]
 [-0.02439222 -0.99421623  0.10459018]
 [-0.3868079   0.10585868  0.91606419]]
[[-0.9076445  -0.01604235 -0.41943307]
 [-0.01584124 -0.99724823  0.07242257]
 [-0.41944071  0.07237829  0.90489274]]
[[-0.9104118  -0.02884149 -0.41269665]
 [-0.02057294 -0.99317642  0.11479264]
 [-0.41319138  0.11299896  0.90360618]]
[[-0.91427598 -0.01898292 -0.40464685]
 [-0.0205052  -0.99545221  0.09302926]
 [-0.40457257  0.09335178  0.9097288 ]]
[[-0.9091904  -0.01604426 -0.41607138]
 [-0.02309606 -0.99577565  0.08886746]
 [-0.41573956  0.09040705  0.90497911]]
[[-0.91342331 -0.02075465 -0.40648138]
 [-0.02869211 -0.9929309   0.11517373]
 [-0.40599831  0.11686518  0.90637073]]
[[-0.90830075 -0.02099204 -0.41779071]
 [-0.02951338 -0.99303548  0.1140592 ]
 [-0.41727534  0.11593047  0.90135532]]
[[-0.90328125 -0.01766261 -0.42868521]
 [-0.02446408 -0.99540646  0.09256072]
 [-0.4283509   0.09409575  0.89869989]]
[[-0.90921701 -0.00878775 -0.41622976]
 [-0.02141907 -0.99746577  0.06784728]
 [-0.41577116  0.07060316  0.90672462]]
[[-0.89536361 -0.01793596 -0.44497449]
 [-0.02841986 -0.99485063  0.09728583]
 [-0.44442807  0.0997523   0.89024332]]
[[-0.90434042 -0.01966647 -0.42635858]
 [-0.02777925 -0.99410771  0.10477678]
 [-0.42590694  0.1065978   0.89846546]]
[[-0.90687009 -0.00987281 -0.42129464]
 [-0.0367878  -0.99405419  0.10248378]
 [-0.4198015   0.10843798  0.90111481]]
[[-0.90354749 -0.01240988 -0.42830821]
 [-0.0328137  -0.99464117  0.09804182]
 [-0.42722967  0.10263982  0.89829832]]
[[-0.91390048 -0.0092519  -0.40583286]
 [-0.02691686 -0.9961589   0.08332419]
 [-0.40504492  0.08707377  0.91014107]]
[[-0.91321101 -0.00717382 -0.40742383]
 [-0.03227964 -0.99542938  0.08987975]
 [-0.40620644  0.09523067  0.90880551]]
[[-0.91127061 -0.00592617 -0.41176542]
 [-0.03734948 -0.9945861   0.09697164]
 [-0.41011084  0.10374663  0.90611574]]
[[-0.90582765 -0.00451834 -0.4236223 ]
 [-0.04126409 -0.9942475   0.09883923]
 [-0.421632    0.10701169  0.90043043]]
[[-0.91557105 -0.004612   -0.40212981]
 [-0.03033617 -0.99629319  0.08049596]
 [-0.40101044  0.08589885  0.91203729]]
[[-0.91010611 -0.00835858 -0.41429096]
 [-0.02866898 -0.99613066  0.08307701]
 [-0.41338233  0.08748619  0.90634497]]
[[-0.90070295  0.00236879 -0.43442903]
 [-0.04317819 -0.99552196  0.08409321]
 [-0.43228444  0.09450086  0.89677185]]
[[-0.90558184  0.00303853 -0.42416071]
 [-0.04510855 -0.99499364  0.08917885]
 [-0.42176623  0.09989202  0.90118524]]
[[-0.91485402 -0.0029334  -0.40377408]
 [-0.02959941 -0.99679606  0.07430674]
 [-0.40269838  0.0799313   0.91183606]]
[[-0.91274989 -0.00689384 -0.40846067]
 [-0.0298518  -0.99605902  0.0835182 ]
 [-0.4074267   0.08842451  0.90894697]]
[[-0.91487543 -0.00785303 -0.40365985]
 [-0.02748507 -0.9962799   0.08167579]
 [-0.4027996   0.08581779  0.91125616]]
[[-0.91360462 -0.0079259  -0.40652648]
 [-0.0294941  -0.99588436  0.08569976]
 [-0.40553261  0.09028583  0.90961078]]
[[-0.91699752 -0.0096722  -0.39877563]
 [-0.02795426 -0.99568989  0.08843194]
 [-0.39791219  0.09223934  0.91277477]]
[[-0.90217897 -0.00617459 -0.43131772]
 [-0.04095265 -0.99415517  0.09989183]
 [-0.42941353  0.10778391  0.89665303]]
[[-0.89744572 -0.01683734 -0.44080345]
 [-0.03306767 -0.99389192  0.10528716]
 [-0.43988374  0.10906585  0.89140728]]
[[-0.91500382 -0.00114786 -0.40344354]
 [-0.03388786 -0.99624337  0.07969162]
 [-0.40201943  0.08658998  0.91152759]]
[[-0.91531451 -0.00990917 -0.40261787]
 [-0.02649747 -0.9960495   0.08475417]
 [-0.40186717  0.08824508  0.911436  ]]
[[-0.90718362 -0.01065385 -0.42060002]
 [-0.02531022 -0.99648693  0.07983225]
 [-0.41997295  0.08306799  0.90372697]]
[[-0.90470121 -0.00838923 -0.42596401]
 [-0.03826605 -0.9941652   0.10085269]
 [-0.42432467  0.10754151  0.89910144]]
[[-0.91303185 -0.00817352 -0.40780638]
 [-0.02695524 -0.99640457  0.08032029]
 [-0.40699664  0.08432751  0.90952878]]
[[-0.90365007 -0.00801611 -0.42819656]
 [-0.03217671 -0.99572817  0.08654518]
 [-0.42706113  0.09198451  0.8995319 ]]
[[-0.8947496  -0.00198872 -0.44656377]
 [-0.04268818 -0.99502987  0.08996266]
 [-0.4445232   0.09955705  0.89021768]]
[[-0.91387386  0.0020138  -0.40599325]
 [-0.0422588  -0.99502786  0.09018728]
 [-0.40379298  0.09957658  0.90941505]]
[[-9.03439000e-01 -8.83113371e-04 -4.28715749e-01]
 [-4.93922608e-02 -9.93124696e-01  1.06130779e-01]
 [-4.25861924e-01  1.17057925e-01  8.97183963e-01]]
[[-0.90714304  0.00863539 -0.4207338 ]
 [-0.04828253 -0.99532285  0.08367325]
 [-0.41804342  0.0962177   0.90331714]]
[[-0.90564385  0.0057275  -0.42400048]
 [-0.04784754 -0.9949031   0.08876057]
 [-0.42133102  0.10067284  0.90130192]]
[[-0.91778871  0.00433391 -0.39704546]
 [-0.04636469 -0.99426985  0.09632125]
 [-0.39435288  0.10681144  0.91273058]]
[[-0.910345    0.00203057 -0.4138452 ]
 [-0.03958935 -0.99582927  0.0821995 ]
 [-0.41195225  0.09121377  0.90662858]]
[[-0.90476828  0.00537581 -0.42587024]
 [-0.03768346 -0.99700915  0.06747376]
 [-0.4242338   0.07709638  0.90226483]]
[[-0.89844474  0.00915955 -0.43899107]
 [-0.04047161 -0.99725389  0.06202201]
 [-0.43721746  0.07349002  0.89634821]]
[[-0.89419649  0.00413998 -0.44765556]
 [-0.04664949 -0.99537511  0.08397747]
 [-0.44523754  0.09597527  0.89025406]]
[[-0.91078274  0.00859818 -0.41279641]
 [-0.05031932 -0.99464207  0.09030568]
 [-0.40980821  0.10302049  0.90633548]]
[[-0.90713983  0.00468412 -0.42080326]
 [-0.04907695 -0.99429265  0.09472898]
 [-0.41795786  0.10658417  0.90219235]]
[[-0.91555671  0.01175248 -0.40201716]
 [-0.0490174  -0.99538207  0.08253379]
 [-0.39919069  0.0952702   0.91190481]]
[[-0.91699443  0.01212083 -0.39871582]
 [-0.04279492 -0.99675877  0.0681216 ]
 [-0.3965978   0.07953014  0.91454095]]
[[-0.90572788  0.01230281 -0.42368107]
 [-0.04129833 -0.99738414  0.05932393]
 [-0.42184292  0.07122866  0.90386671]]
[[-0.89832308  0.01091686 -0.43919981]
 [-0.04138934 -0.99734798  0.05986591]
 [-0.43738149  0.07195712  0.89639255]]
[[-0.89760964  0.00954947 -0.4406878 ]
 [-0.04318844 -0.9968602   0.06636642]
 [-0.43867036  0.07860376  0.89520375]]
[[-0.9018272   0.01205845 -0.43192858]
 [-0.04088438 -0.99750716  0.05751472]
 [-0.43015831  0.06952747  0.90007208]]
[[-0.91386448  0.01359071 -0.40579182]
 [-0.05055359 -0.99547105  0.0805092 ]
 [-0.40285983  0.09408874  0.91041269]]
[[-0.8997445   0.01423383 -0.43618486]
 [-0.04211536 -0.9976351   0.05431847]
 [-0.43438017  0.06724283  0.89821616]]
[[-0.90139887  0.0036855  -0.432974  ]
 [-0.03835103 -0.99671321  0.07135807]
 [-0.43128792  0.08092709  0.89857751]]
[[-0.90584416  0.00743114 -0.42354592]
 [-0.05153889 -0.99435176  0.09278105]
 [-0.42046416  0.10587426  0.90111072]]
[[-0.90167938  0.01370616 -0.43218797]
 [-0.05023465 -0.99605007  0.07321704]
 [-0.42947733  0.08772911  0.89880633]]
[[-0.89744109  0.01317963 -0.4409374 ]
 [-0.04699559 -0.99672168  0.06585822]
 [-0.43862388  0.07982599  0.89511838]]
[[-0.89135552  0.00619359 -0.45326258]
 [-0.04043945 -0.99700631  0.06590192]
 [-0.45149749  0.07707173  0.88893755]]
[[-0.9003497   0.01120666 -0.4350228 ]
 [-0.03989664 -0.9975839   0.05687368]
 [-0.43333438  0.06856215  0.89862147]]
[[-0.8992615   0.00685471 -0.43735771]
 [-0.03886922 -0.99717392  0.06429121]
 [-0.43568101  0.07481436  0.89698655]]
[[-0.89775753  0.0089057  -0.44039994]
 [-0.03879696 -0.99750873  0.05891634]
 [-0.43877809  0.06997877  0.89586649]]
[[-0.89381792  0.01101404 -0.44829478]
 [-0.04150087 -0.99743965  0.05823931]
 [-0.44650554  0.07065997  0.89198653]]
[[-0.89368364  0.01116797 -0.44855862]
 [-0.04023229 -0.99765793  0.05531746]
 [-0.44689028  0.06748285  0.89203988]]
[[-0.89202967  0.01068478 -0.45185054]
 [-0.04253604 -0.99726806  0.06039126]
 [-0.44997085  0.07309072  0.89004718]]
[[-0.89486058  0.01215272 -0.44618029]
 [-0.0437027  -0.99721169  0.06048897]
 [-0.4442011   0.07362847  0.89289654]]
[[-0.89659021  0.01087867 -0.4427275 ]
 [-0.04611603 -0.99655681  0.06890461]
 [-0.44045352  0.08219603  0.89400476]]
[[-0.90132155  0.01240238 -0.43297304]
 [-0.05154045 -0.99555922  0.07877445]
 [-0.43007331  0.09331673  0.8979582 ]]
[[-0.90501254  0.01472869 -0.42512982]
 [-0.04862706 -0.99643116  0.06899533]
 [-0.42259639  0.08311445  0.90249891]]
[[-0.90091115  0.01270517 -0.43381756]
 [-0.0486764  -0.99622263  0.07191028]
 [-0.43126524  0.08590145  0.89812652]]
[[-0.89510554  0.01410547 -0.44563114]
 [-0.0496068  -0.99644438  0.06810117]
 [-0.44308604  0.08306407  0.89262261]]
[[-0.90473947  0.01825915 -0.42557385]
 [-0.04472684 -0.99763019  0.05228297]
 [-0.42361068  0.06633704  0.90341208]]
[[-0.89554222  0.014685   -0.44473418]
 [-0.0406676  -0.99797357  0.0489378 ]
 [-0.4431143   0.06191214  0.89432466]]
[[-0.89460525  0.01467895 -0.44661613]
 [-0.04053035 -0.99800616  0.04838379]
 [-0.44501543  0.0613859   0.8934165 ]]
[[-0.89783958  0.01589488 -0.44003572]
 [-0.04076435 -0.99805695  0.0471231 ]
 [-0.4384317   0.06024676  0.89674298]]
[[-0.89562997  0.01377868 -0.44458644]
 [-0.04031269 -0.99792108  0.05028317]
 [-0.44296935  0.06295759  0.89432349]]
[[-0.89436381  0.01312223 -0.44714782]
 [-0.03981872 -0.99793717  0.05035753]
 [-0.44556463  0.06284281  0.8930414 ]]
[[-0.89253268  0.01431496 -0.45075546]
 [-0.04044007 -0.99801     0.04838015]
 [-0.4491659   0.06140945  0.89133544]]
[[-0.90777681  0.01739797 -0.41909256]
 [-0.03954262 -0.99823933  0.04421107]
 [-0.4175855   0.0567058   0.90686648]]
[[-0.90142547  0.00769478 -0.43286593]
 [-0.04538961 -0.99601155  0.07681653]
 [-0.43054838  0.08889199  0.89817944]]
[[-0.89509487  0.01208869 -0.44571183]
 [-0.0420459  -0.99746636  0.05738462]
 [-0.44388885  0.07010504  0.89333531]]
[[-0.89957779  0.00827872 -0.4366821 ]
 [-0.03724336 -0.99763272  0.05780906]
 [-0.43516977  0.06826725  0.89775657]]
[[-0.9042066   0.01960515 -0.42664512]
 [-0.04280373 -0.99807621  0.04485224]
 [-0.42494501  0.0588177   0.90330627]]
[[-0.90630955  0.01579657 -0.42231915]
 [-0.03977372 -0.99805398  0.04802402]
 [-0.42073869  0.06032183  0.90517414]]
[[-0.91151257  0.01947673 -0.41081077]
 [-0.03577012 -0.99884722  0.03201141]
 [-0.40971371  0.04387355  0.91115848]]
[[-0.91503529  0.01775322 -0.40298293]
 [-0.03629603 -0.99860217  0.03842282]
 [-0.4017375   0.04978491  0.91440059]]
[[-0.90574345  0.016884   -0.42348995]
 [-0.04451548 -0.99746918  0.05544011]
 [-0.42148212  0.06906637  0.90420277]]
[[-0.91474863  0.01681602 -0.40367334]
 [-0.04061919 -0.99789894  0.05047562]
 [-0.4019764   0.06256939  0.91350974]]
[[-0.90287346  0.01655716 -0.42958745]
 [-0.03842603 -0.99836651  0.04228178]
 [-0.42818566  0.05468243  0.90203485]]
[[-0.91800879  0.02510672 -0.39576448]
 [-0.04310068 -0.99839869  0.0366387 ]
 [-0.39421086  0.05069237  0.91762088]]
[[-0.90105518  0.02183298 -0.43315458]
 [-0.04351535 -0.99824343  0.04020527]
 [-0.43151591  0.05507604  0.90042248]]
[[-0.90753304  0.02434439 -0.41927454]
 [-0.0428821  -0.9984723   0.03484524]
 [-0.41778573  0.04960258  0.90719054]]
[[-0.91041067  0.02208589 -0.41311574]
 [-0.03525754 -0.99908311  0.02428665]
 [-0.41220057  0.03667627  0.91035462]]
[[-0.91151796  0.02833693 -0.41028287]
 [-0.03917321 -0.9990698   0.01802784]
 [-0.40939036  0.0325048   0.91178011]]
[[-0.91025311  0.02070117 -0.41353446]
 [-0.03460596 -0.99905857  0.02616106]
 [-0.41260358  0.03812394  0.91011255]]
[[-0.89617185  0.02937991 -0.44273337]
 [-0.04483201 -0.9986947   0.02447439]
 [-0.44143641  0.04178188  0.89631923]]
[[-0.90610856  0.02962156 -0.42200693]
 [-0.05560793 -0.99722984  0.04940041]
 [-0.41937458  0.06822907  0.90524569]]
[[-0.8975185   0.03558339 -0.43953881]
 [-0.05518986 -0.99796605  0.03190367]
 [-0.43750957  0.05289222  0.89765683]]
[[-0.90204678  0.02616597 -0.43084446]
 [-0.05163097 -0.99753519  0.04751616]
 [-0.42853921  0.06510672  0.90117438]]
[[-0.88894834  0.03373821 -0.45676316]
 [-0.04513084 -0.99888225  0.0140521 ]
 [-0.45577852  0.0331057   0.88947735]]
[[-0.89784644  0.02951751 -0.4393182 ]
 [-0.03704292 -0.99927697  0.00856482]
 [-0.43874775  0.02396352  0.89829069]]
[[-0.90713281  0.02486133 -0.42010948]
 [-0.03629002 -0.99915623  0.01923192]
 [-0.41927687  0.03269169  0.90726962]]
[[-0.90592249  0.02827137 -0.42249872]
 [-0.0378172  -0.99918338  0.01422767]
 [-0.42175147  0.02886689  0.90625184]]
[[-0.90608231  0.03710366 -0.42147144]
 [-0.04550027 -0.99891548  0.00987865]
 [-0.42064781  0.02812794  0.90678787]]
[[-0.89974206  0.03612833 -0.4349241 ]
 [-0.04071423 -0.99917008  0.00122771]
 [-0.43451879  0.01881222  0.90046628]]
[[-0.90564714  0.03443855 -0.42263133]
 [-0.03990278 -0.99919521  0.00408632]
 [-0.42215048  0.02056493  0.90629248]]
[[-0.90205763  0.04356096 -0.42941178]
 [-0.04412815 -0.9989885  -0.00864151]
 [-0.42935386  0.01115401  0.90306747]]
[[-0.90832771  0.03877891 -0.41645764]
 [-0.05948524 -0.99754863  0.03685427]
 [-0.41400758  0.05824883  0.90840784]]
[[-0.9112212   0.03586455 -0.41035308]
 [-0.05400346 -0.99800537  0.03269401]
 [-0.40836203  0.05195197  0.91134047]]
[[-0.90957175  0.03352246 -0.41419256]
 [-0.04429603 -0.99888333  0.0164305 ]
 [-0.41317925  0.0332918   0.91004097]]
[[-0.8961425   0.04462901 -0.44151655]
 [-0.05461115 -0.99845844  0.00991845]
 [-0.44039327  0.03300007  0.89719828]]
[[-0.91517324  0.03770619 -0.40129314]
 [-0.04391122 -0.99901574  0.00627297]
 [-0.40066164  0.02336212  0.9159282 ]]
[[-9.03897989e-01  4.93522716e-02 -4.24891491e-01]
 [-4.43574402e-02 -9.98781175e-01 -2.16467475e-02]
 [-4.25441939e-01 -7.19352582e-04  9.04985436e-01]]
[[-0.89944364  0.04413625 -0.4348024 ]
 [-0.05389036 -0.99849555  0.01012297]
 [-0.43370147  0.0325367   0.90046899]]
[[-0.91012065  0.03368673 -0.41297168]
 [-0.05013525 -0.99831971  0.02905526]
 [-0.41129899  0.04714823  0.91028028]]
[[-0.90977041  0.03451309 -0.41367457]
 [-0.05256671 -0.99809376  0.0323354 ]
 [-0.41177001  0.0511633   0.90985041]]
[[-0.90426782  0.04819164 -0.42423729]
 [-0.05557538 -0.99844177  0.00504076]
 [-0.42333331  0.02813534  0.90553703]]
[[-0.90197452  0.04548195 -0.42938718]
 [-0.0578393  -0.99820142  0.01576533]
 [-0.42789785  0.03905538  0.90298289]]
[[-0.90339163  0.04959141 -0.42593927]
 [-0.06161214 -0.99799512  0.01448073]
 [-0.42436719  0.0393248   0.90463587]]
[[-0.90498732  0.04975827 -0.42251872]
 [-0.06518228 -0.99762803  0.02212658]
 [-0.42041554  0.047565    0.90608407]]
[[-0.90661249  0.04712094 -0.41932494]
 [-0.0580566  -0.99822404  0.01334903]
 [-0.41795122  0.03644698  0.90773807]]
[[-0.90389278  0.04416676 -0.42547285]
 [-0.05505369 -0.99839456  0.01331879]
 [-0.42420153  0.03546261  0.90487318]]
[[-0.90203941  0.0458328  -0.42921354]
 [-0.05630685 -0.99834462  0.0117286 ]
 [-0.42796548  0.03474732  0.90312689]]
[[-0.89223264  0.04967742 -0.44883524]
 [-0.05863287 -0.99826118  0.00606708]
 [-0.4477534   0.03172975  0.89359393]]
[[-0.89285245  0.05395975 -0.44710496]
 [-0.05857017 -0.9982771  -0.00351655]
 [-0.4465244   0.02304725  0.89447459]]
[[-0.90777008  0.05737554 -0.41552561]
 [-0.06007686 -0.99817206 -0.00658126]
 [-0.41514365  0.01898921  0.90955767]]
[[-0.91327224  0.04603266 -0.40474043]
 [-0.06505583 -0.99732367  0.03336513]
 [-0.40212133  0.05680218  0.91382271]]
[[-0.90638655  0.05124531 -0.41932963]
 [-0.06321961 -0.99789137  0.01470001]
 [-0.41769211  0.03983375  0.90771503]]
[[-0.91370944  0.05856001 -0.40212658]
 [-0.06565866 -0.9978346   0.00387869]
 [-0.40102868  0.02994709  0.91557587]]
[[-0.90672143  0.04549487 -0.41926896]
 [-0.06637184 -0.99716912  0.03533458]
 [-0.41647451  0.05986627  0.90717419]]
[[-0.91659268  0.04821558 -0.39690442]
 [-0.07179124 -0.9964154   0.04474776]
 [-0.39332414  0.06950973  0.91676852]]
[[-0.9174848   0.0425968  -0.39548345]
 [-0.06575377 -0.99681263  0.04517776]
 [-0.39229847  0.06745444  0.91736133]]
[[-0.91631998  0.04797457 -0.39756274]
 [-0.06741974 -0.99710818  0.03506923]
 [-0.39473063  0.05893821  0.91690458]]
[[-0.91283895  0.04647405 -0.40566639]
 [-0.06903803 -0.9967646   0.04115924]
 [-0.40244106  0.06557816  0.91309403]]
[[-0.90758213  0.04675733 -0.41726303]
 [-0.05989825 -0.99803402  0.01844682]
 [-0.41558018  0.04173533  0.90859853]]
[[-0.91478532  0.04395888 -0.40154132]
 [-0.05694353 -0.99816787  0.02045311]
 [-0.39990655  0.04157539  0.91561249]]
[[-0.90741231  0.04478656 -0.41784814]
 [-0.05892433 -0.9980418   0.020988  ]
 [-0.41608993  0.04366619  0.90827443]]
[[-0.90367588  0.04615746 -0.4257222 ]
 [-0.05869538 -0.99814168  0.01637197]
 [-0.42417538  0.03978288  0.90470579]]
[[-0.90400965  0.04123357 -0.42551891]
 [-0.05985651 -0.99774149  0.03048142]
 [-0.42330101  0.05302557  0.90443604]]
[[-0.90031052  0.03791977 -0.4335932 ]
 [-0.06074979 -0.9973942   0.0389137 ]
 [-0.43098774  0.06137511  0.90026811]]
[[-0.90901091  0.04389485 -0.41445435]
 [-0.0618788  -0.99763096  0.03005794]
 [-0.4121531   0.05296894  0.90957359]]
[[-0.90030771  0.03820863 -0.43357367]
 [-0.06063693 -0.99743582  0.03801254]
 [-0.4310095   0.06051356  0.90031601]]
[[-0.90849997  0.04408826 -0.41555267]
 [-0.06269256 -0.99754426  0.03122636]
 [-0.41315547  0.05442121  0.90903294]]
[[-0.90299116  0.03853018 -0.42792802]
 [-0.06058643 -0.99743791  0.03803806]
 [-0.42536602  0.06027466  0.90301202]]
[[-0.90729279  0.03987957 -0.41860413]
 [-0.06375923 -0.99702949  0.04320832]
 [-0.41563754  0.06589247  0.90714035]]
[[-0.90416467  0.04118523 -0.42519411]
 [-0.06108025 -0.99757862  0.03325799]
 [-0.42279481  0.05604166  0.90449095]]
[[-0.91190402  0.04072656 -0.40837776]
 [-0.05501419 -0.99821376  0.02329667]
 [-0.40669951  0.0437109   0.91251568]]
[[-0.90402822  0.04441626 -0.425159  ]
 [-0.05641221 -0.99828474  0.01566039]
 [-0.42373416  0.03814159  0.90498319]]
[[-0.90262798  0.05247933 -0.42721032]
 [-0.05307872 -0.99853497 -0.01051498]
 [-0.42713626  0.01318467  0.90409113]]
[[-0.90148794  0.04446024 -0.43051456]
 [-0.05606139 -0.99832503  0.01429195]
 [-0.42915804  0.03701927  0.90247047]]
[[-0.89809368  0.05115675 -0.43681887]
 [-0.05197076 -0.99859757 -0.01009662]
 [-0.43672278  0.01363409  0.89949282]]
[[-0.89648818  0.05091237 -0.44013279]
 [-0.05297058 -0.99856703 -0.0076157 ]
 [-0.43988982  0.01648671  0.8979004 ]]
[[-0.90715274  0.04002245 -0.41889391]
 [-0.05839442 -0.99780827  0.03112464]
 [-0.41673013  0.05269587  0.9075016 ]]
[[-0.90161295  0.04256443 -0.43044438]
 [-0.05723741 -0.9981357   0.02118951]
 [-0.42873998  0.04374226  0.90236835]]
[[-0.91300737  0.04616974 -0.40532198]
 [-0.05944244 -0.99802707  0.0202129 ]
 [-0.40358908  0.04254785  0.91395051]]
[[-0.89073549  0.05261799 -0.45146609]
 [-0.06282856 -0.99799506  0.00764428]
 [-0.4501587   0.03517399  0.89225553]]
[[-0.89772862  0.04920352 -0.43779257]
 [-0.05975961 -0.99815905  0.01035872]
 [-0.43647693  0.03546163  0.89901633]]
[[-0.91147465  0.04891798 -0.40843726]
 [-0.05683574 -0.99835712  0.00726359]
 [-0.40741092  0.02983441  0.9127575 ]]
[[-0.90134512  0.05194539 -0.42997517]
 [-0.06672924 -0.99758319  0.01936444]
 [-0.42793011  0.04614596  0.90263302]]
[[-0.89858792  0.04413997 -0.43656777]
 [-0.06818526 -0.9968883   0.03955361]
 [-0.4334634   0.06530989  0.89880148]]
[[-0.91367984  0.04746144 -0.40365401]
 [-0.06367529 -0.9976099   0.02683196]
 [-0.40141576  0.0502186   0.91451817]]
[[-0.89825321  0.05288852 -0.43628428]
 [-0.06640934 -0.99766758  0.01578613]
 [-0.43443178  0.04315329  0.8996704 ]]
[[-0.90995389  0.06154363 -0.41011742]
 [-0.06489706 -0.99787538 -0.00575334]
 [-0.40960016  0.02138014  0.91201458]]
[[-0.90831573  0.04954238 -0.41534093]
 [-0.0721551  -0.99663387  0.03891743]
 [-0.41201478  0.06531828  0.90883296]]
[[-0.92344647  0.05137784 -0.38027219]
 [-0.06338452 -0.99780619  0.01911021]
 [-0.37845611  0.04175063  0.92467717]]
[[-0.91868959  0.05540375 -0.39107526]
 [-0.06852985 -0.99745501  0.01967631]
 [-0.38898984  0.04487675  0.92014835]]
[[-0.91215237  0.06140568 -0.40522511]
 [-0.07532294 -0.99698809  0.01847187]
 [-0.40287033  0.04737191  0.91403031]]
[[-0.90763241  0.06269793 -0.41505708]
 [-0.07680667 -0.99689471  0.01736867]
 [-0.41267923  0.04764352  0.90962957]]
[[-0.90722631  0.06345461 -0.41582921]
 [-0.07590124 -0.99702459  0.01345216]
 [-0.41373835  0.04376611  0.90934323]]
[[-0.90614591  0.06163426 -0.41845049]
 [-0.06647445 -0.99778357 -0.00301612]
 [-0.41770892  0.02508322  0.9082346 ]]
[[-0.91580114  0.0569884  -0.39756835]
 [-0.06990284 -0.99739043  0.01805328]
 [-0.39550204  0.04432437  0.91739495]]
[[-0.91003029  0.05489403 -0.41089112]
 [-0.07181775 -0.99708268  0.02585221]
 [-0.40827329  0.05303557  0.91131781]]
[[-0.91430713  0.06168369 -0.40029688]
 [-0.07488325 -0.99704049  0.01739998]
 [-0.3980389   0.04588445  0.91622031]]
[[-0.91373555  0.05777477 -0.40218083]
 [-0.07142747 -0.99726445  0.01901906]
 [-0.39998182  0.04610515  0.91536269]]
[[-0.91970293  0.04989869 -0.38943119]
 [-0.06802602 -0.99714133  0.0328882 ]
 [-0.38667685  0.05673883  0.9204682 ]]
[[-0.91445167  0.05995582 -0.40022925]
 [-0.06826374 -0.99764601  0.00651928]
 [-0.39889624  0.03328271  0.91639186]]
[[-0.91839895  0.05073682 -0.39238903]
 [-0.06555416 -0.99754952  0.0244461 ]
 [-0.39018717  0.04817401  0.91947444]]
[[-0.91238218  0.05776869 -0.40524256]
 [-0.07284673 -0.99710333  0.02187013]
 [-0.40280529  0.04947452  0.91394757]]
[[-0.9147873   0.05640397 -0.39997848]
 [-0.0653625  -0.99782296  0.00877951]
 [-0.39861252  0.03417498  0.91648248]]
[[-0.91784914  0.04685248 -0.39415455]
 [-0.06332179 -0.99757537  0.02887438]
 [-0.39184603  0.05146089  0.91859048]]
[[-0.90880048  0.0540119  -0.4137202 ]
 [-0.06665833 -0.99764465  0.01618106]
 [-0.41187177  0.04228326  0.91026028]]
[[-0.91493267  0.05696244 -0.39956663]
 [-0.06540988 -0.99783011  0.00752515]
 [-0.39827097  0.03302061  0.91667327]]
[[-0.91594112  0.04984656 -0.39820496]
 [-0.06362253 -0.99774355  0.02144728]
 [-0.39623736  0.04497925  0.9170457 ]]
[[-0.91256375  0.0465404  -0.40627748]
 [-0.06295836 -0.99764732  0.02713073]
 [-0.40405896  0.05033708  0.91334689]]
[[-0.91196415  0.05242632 -0.40690647]
 [-0.05996994 -0.99818334  0.00579826]
 [-0.40586327  0.02968996  0.91345143]]
[[-0.91874716  0.04846268 -0.39186099]
 [-0.0540927  -0.99853036  0.00333297]
 [-0.39112357  0.02425897  0.9200184 ]]
[[-0.91841676  0.05448235 -0.39184478]
 [-0.06225201 -0.99803492  0.00714058]
 [-0.39068574  0.03095116  0.92000363]]
[[-0.9204472   0.04551159 -0.38820826]
 [-0.05666295 -0.99824313  0.01731964]
 [-0.38673798  0.03793884  0.92140891]]
[[-0.93238653  0.04534162 -0.35860773]
 [-0.05591935 -0.99825115  0.01917449]
 [-0.35711118  0.03793115  0.9332914 ]]
[[-0.92623522  0.04571366 -0.37416383]
 [-0.05157207 -0.99865327  0.00565465]
 [-0.37340144  0.02453394  0.92734538]]
[[-0.9224755   0.04561482 -0.38335132]
 [-0.05073809 -0.99870668  0.00325764]
 [-0.38270693  0.02245561  0.92359686]]
[[-0.92865805  0.04610829 -0.36806012]
 [-0.06194921 -0.99758734  0.03133344]
 [-0.36572738  0.05189908  0.92927389]]
[[-9.31201110e-01  5.03659351e-02 -3.61009370e-01]
 [-5.37958463e-02 -9.98551804e-01 -5.49136803e-04]
 [-3.60514216e-01  1.89094478e-02  9.32562026e-01]]
[[-0.92472558  0.05142721 -0.37714434]
 [-0.0623652  -0.99791133  0.01683943]
 [-0.3754906   0.03909253  0.92600139]]
[[-0.93028584  0.05003509 -0.36340715]
 [-0.05764846 -0.99828558  0.01012703]
 [-0.36227741  0.03037089  0.93157538]]
[[-0.90917019  0.04591695 -0.41388549]
 [-0.0530064  -0.99857817  0.00565416]
 [-0.41303739  0.02707917  0.91031139]]
[[-0.91424544  0.04799975 -0.40230747]
 [-0.06060058 -0.99798796  0.01864402]
 [-0.40060311  0.04142527  0.91531475]]
[[-0.9177365   0.0446695  -0.39466993]
 [-0.04791471 -0.99885009 -0.00163442]
 [-0.39428911  0.01741053  0.91882151]]
[[-0.92956206  0.04237502 -0.36622225]
 [-0.06133703 -0.99730353  0.04029199]
 [-0.36352737  0.05991689  0.92965468]]
[[-0.9147655   0.04990543 -0.40089091]
 [-0.05794753 -0.99828795  0.00795332]
 [-0.39980765  0.03050606  0.91609127]]
[[-0.92004411  0.04222851 -0.38953253]
 [-0.0478073  -0.99884583  0.00463391]
 [-0.38888726  0.0228859   0.92100105]]
[[-0.91958137  0.04085268 -0.39076997]
 [-0.0501304  -0.99865053  0.01356663]
 [-0.38968841  0.03206507  0.92038838]]
[[-0.92112063  0.03953491 -0.38726448]
 [-0.05063837 -0.99854559  0.01850579]
 [-0.38596961  0.03665651  0.92178292]]
[[-0.92111397  0.04246463 -0.38697003]
 [-0.05146432 -0.99859126  0.01292011]
 [-0.38587624  0.03181604  0.92200177]]
[[-0.91568196  0.0443307  -0.3994513 ]
 [-0.06503102 -0.99714367  0.03841183]
 [-0.39660751  0.06114975  0.91594934]]
[[-0.9266399   0.04155799 -0.37364612]
 [-0.05890556 -0.99764543  0.03512442]
 [-0.37130665  0.05455752  0.92690606]]
[[-0.92361255  0.04415356 -0.38077593]
 [-0.04987448 -0.99874214  0.00516492]
 [-0.38006892  0.02376139  0.92465291]]
[[-0.91437897  0.04038057 -0.40284054]
 [-0.05499083 -0.99817975  0.02476264]
 [-0.40110734  0.04479498  0.91493514]]
[[-0.92416885  0.04598253 -0.37920647]
 [-0.06092156 -0.9977641   0.02748393]
 [-0.37709483  0.04850164  0.92490382]]
[[-0.91442355  0.04168963 -0.40260594]
 [-0.05353984 -0.99839949  0.01821926]
 [-0.40120201  0.03821558  0.91519207]]
[[-0.91806389  0.047131   -0.39362084]
 [-0.05999881 -0.99798911  0.02044231]
 [-0.39186585  0.04238413  0.91904556]]
[[-0.93446503  0.05275138 -0.35212555]
 [-0.06192575 -0.99797053  0.01483314]
 [-0.35062845  0.03566669  0.93583523]]
[[-0.92714598  0.04865226 -0.37152833]
 [-0.06160252 -0.99783433  0.0230605 ]
 [-0.36960177  0.04426753  0.92813518]]
[[-0.92496961  0.04251678 -0.37765533]
 [-0.04466095 -0.99899745 -0.00308254]
 [-0.37740777  0.01401519  0.92594112]]
[[-0.91708941  0.04347664 -0.39630392]
 [-0.04985902 -0.99873935  0.00581206]
 [-0.39555163  0.0250895   0.91810099]]
[[-0.92799619  0.04303528 -0.37009599]
 [-0.05714736 -0.99799391  0.02724586]
 [-0.36818101  0.04643407  0.9285939 ]]
[[-0.92533277  0.04195397 -0.37682772]
 [-0.05236665 -0.99847588  0.01742587]
 [-0.37552231  0.03585794  0.92611943]]
[[-0.92603528  0.0464771  -0.37456446]
 [-0.05753047 -0.99817462  0.01837596]
 [-0.37302668  0.03856566  0.92701876]]
[[-0.92017215  0.04852794 -0.38849485]
 [-0.04731472 -0.99879936 -0.01269512]
 [-0.38864448  0.00669983  0.92136344]]
[[-0.92711601  0.04860919 -0.37160874]
 [-0.05890965 -0.99812844  0.01640935]
 [-0.37011561  0.03710471  0.92824441]]
[[-0.92875988  0.04595998 -0.36782165]
 [-0.04802718 -0.99883977 -0.00353688]
 [-0.36755744  0.01438053  0.92988963]]
[[-0.93278466  0.05108836 -0.35679512]
 [-0.05702741 -0.99835374  0.00613809]
 [-0.35589416  0.02607262  0.93416249]]
[[-0.92021696  0.04579491 -0.38872043]
 [-0.0574879  -0.99817484  0.01849662]
 [-0.3871639   0.03936763  0.92117007]]
[[-0.92090723  0.03919415 -0.38780625]
 [-0.04511127 -0.99896296  0.00616232]
 [-0.38716255  0.02316936  0.92172031]]
[[-0.92168188  0.05099421 -0.38458044]
 [-0.05868305 -0.99824237  0.0082753 ]
 [-0.38348249  0.03019555  0.92305439]]
[[-0.91801253  0.04513665 -0.39397421]
 [-0.0483693  -0.99882803 -0.00172633]
 [-0.3935904   0.01747147  0.91911987]]
[[-0.92350241  0.04514374 -0.38092694]
 [-0.04576742 -0.99892452 -0.00742626]
 [-0.38085251  0.01057587  0.92457532]]
[[-0.91346743  0.04756708 -0.40412205]
 [-0.05479226 -0.99847774  0.0063255 ]
 [-0.40320598  0.0279209   0.9146832 ]]
[[-0.93219205  0.05295411 -0.35806961]
 [-0.06089575 -0.99808428  0.01093047]
 [-0.35680484  0.03199421  0.93363091]]
[[-0.92577632  0.04769968 -0.37505058]
 [-0.0452262  -0.99885806 -0.01540022]
 [-0.37535689  0.00270495  0.92687642]]
[[-0.92592505  0.0527572  -0.37400464]
 [-0.05962827 -0.99819738  0.00681599]
 [-0.37297086  0.02861235  0.92740178]]
[[-0.93331337  0.05217573 -0.3552518 ]
 [-0.05805182 -0.99829617  0.00589358]
 [-0.35433901  0.02612357  0.93475207]]
[[-0.91614816  0.04860604 -0.39788189]
 [-0.05430267 -0.99851985  0.00305416]
 [-0.39714452  0.02440411  0.91743156]]
[[-0.91182768  0.04938323 -0.40759242]
 [-0.05913838 -0.99818515  0.01136036]
 [-0.40629169  0.03446305  0.91309329]]
[[-0.91914592  0.04802074 -0.39097926]
 [-0.05688568 -0.99831881  0.01111627]
 [-0.38978814  0.0324586   0.92033236]]
[[-0.91866731  0.05029361 -0.39181746]
 [-0.0591269  -0.99819522  0.01050262]
 [-0.3905821   0.03281537  0.91998303]]
[[-0.91495883  0.04925411 -0.40053012]
 [-0.06125812 -0.99797352  0.01721308]
 [-0.39887064  0.04028498  0.9161219 ]]
[[-0.91456994  0.04907934 -0.40143871]
 [-0.05811093 -0.99825653  0.01034463]
 [-0.40023111  0.03278886  0.91582747]]
[[-0.90966947  0.05052272 -0.4122486 ]
 [-0.05870326 -0.99824954  0.00719537]
 [-0.41116345  0.03074574  0.91104298]]
[[-0.9189569   0.04993893 -0.39118322]
 [-0.05818474 -0.99826301  0.00924652]
 [-0.39004198  0.03125805  0.92026637]]
[[-0.92376101  0.04319947 -0.38052517]
 [-0.04607758 -0.99893667 -0.00154748]
 [-0.38018739  0.01610418  0.92476927]]
[[-0.92206412  0.04976541 -0.38382439]
 [-0.05100651 -0.99867413 -0.0069515 ]
 [-0.38366143  0.01316781  0.92337994]]
[[-0.93092189  0.04884419 -0.3619374 ]
 [-0.04917245 -0.99875573 -0.00831002]
 [-0.36189295  0.01006137  0.93216536]]
[[-9.19746174e-01  5.05677497e-02 -3.89242697e-01]
 [-5.52287899e-02 -9.98473416e-01  7.85921862e-04]
 [-3.88608743e-01  2.22202518e-02  9.21134901e-01]]
[[-0.92342432  0.03867842 -0.38182654]
 [-0.04927756 -0.99862263  0.0180159 ]
 [-0.3806038   0.0354518   0.9240584 ]]
[[-0.92426311  0.04400911 -0.37921089]
 [-0.04491195 -0.99897    -0.00646955]
 [-0.37910503  0.01105153  0.92528765]]
[[-0.92672135  0.04570293 -0.37295949]
 [-0.05174488 -0.99864109  0.00619976]
 [-0.37216932  0.0250442   0.92782691]]
[[-0.92123474  0.04684068 -0.38617677]
 [-0.04617807 -0.99887268 -0.01099765]
 [-0.38625656  0.00770148  0.92235923]]
[[-0.92452336  0.0491163  -0.37794728]
 [-0.05052689 -0.99870352 -0.00618958]
 [-0.37776129  0.01337408  0.92580643]]
[[-0.9219812   0.0480817  -0.38423796]
 [-0.05075392 -0.9987061  -0.00318898]
 [-0.38389413  0.0165614   0.92322858]]
[[-0.9249386   0.04450742 -0.37750189]
 [-0.05349173 -0.99847915  0.01334254]
 [-0.37633392  0.03253426  0.92591268]]
[[-0.91848802  0.05292167 -0.39189162]
 [-0.05491284 -0.99847231 -0.00613445]
 [-0.39161758  0.01588547  0.91999094]]
[[-0.91835296  0.05006352 -0.39258309]
 [-0.05394591 -0.9985432  -0.00114422]
 [-0.39206846  0.02012746  0.91971583]]
[[-0.92484767  0.04075184 -0.37814821]
 [-0.05246666 -0.99840762  0.02072395]
 [-0.37670151  0.03900667  0.92551307]]
[[-0.92410711  0.04193562 -0.37982556]
 [-0.04995109 -0.99868811  0.01126717]
 [-0.37885477  0.02938477  0.92498951]]
[[-0.92467414  0.04044673 -0.37860507]
 [-0.05289922 -0.99834538  0.02254257]
 [-0.37706686  0.04087244  0.92528376]]
[[-0.92097611  0.04550138 -0.386953  ]
 [-0.05838224 -0.99806075  0.02159308]
 [-0.38522009  0.04247789  0.92184658]]
[[-0.93121999  0.0506433  -0.36092185]
 [-0.05171904 -0.9986393  -0.00668452]
 [-0.36076927  0.01244178  0.93257211]]
[[-0.91607417  0.04990251 -0.39789176]
 [-0.059335   -0.9981728   0.01142002]
 [-0.39659484  0.0340705   0.91736129]]
[[-0.92724125  0.04736253 -0.3714572 ]
 [-0.05532722 -0.99840979  0.01080735]
 [-0.37035464  0.03057271  0.92838718]]
[[-0.91884001  0.0499372  -0.39145794]
 [-0.05532783 -0.99846512  0.00249549]
 [-0.39073248  0.02395147  0.92019262]]
[[-0.92163799  0.05240225 -0.38449633]
 [-0.05610334 -0.9984237  -0.00159347]
 [-0.38397374  0.02010293  0.92312515]]
[[-0.91710552  0.05277815 -0.39513534]
 [-0.05371554 -0.99851839 -0.00869862]
 [-0.395009    0.01324736  0.91858173]]
[[-0.91676773  0.0492818  -0.39636882]
 [-0.06623561 -0.99737694  0.02919035]
 [-0.39389057  0.0530145   0.9176272 ]]
[[-0.92115124  0.05234539 -0.38566871]
 [-0.06574229 -0.99760236  0.02162141]
 [-0.38361223  0.04527133  0.92238395]]
[[-0.92514073  0.05125966 -0.37614767]
 [-0.069515   -0.9969628   0.03511171]
 [-0.37320543  0.05863118  0.92589421]]
[[-0.91513054  0.05443752 -0.39946545]
 [-0.07010865 -0.99723321  0.0247122 ]
 [-0.39701495  0.05062087  0.91641511]]
[[-0.92296573  0.05497683 -0.38093544]
 [-0.07194423 -0.99694424  0.03043358]
 [-0.37809826  0.05549526  0.92410064]]
[[-0.92211036  0.05455739 -0.38306131]
 [-0.06750695 -0.99750954  0.02043366]
 [-0.3809925   0.04470139  0.92349689]]
[[-0.91754994  0.05645417 -0.39359247]
 [-0.06778273 -0.9975884   0.01492919]
 [-0.39180047  0.04037705  0.9191638 ]]
[[-0.92551602  0.05497195 -0.37469744]
 [-0.06543269 -0.99774057  0.0152423 ]
 [-0.37301294  0.03862446  0.92702184]]
[[-9.26225411e-01  5.39700906e-02 -3.73086742e-01]
 [-5.78348327e-02 -9.98325816e-01 -8.35309722e-04]
 [-3.72507207e-01  2.08037242e-02  9.27796090e-01]]
[[-0.91394074  0.04873753 -0.40291064]
 [-0.06726714 -0.99722307  0.03195745]
 [-0.40023426  0.05630986  0.91468122]]
[[-0.92252788  0.04595432 -0.38318469]
 [-0.06402129 -0.9973512   0.03452339]
 [-0.38058321  0.05638077  0.92302634]]
[[-0.92697784  0.04263836 -0.37268493]
 [-0.05065001 -0.9986476   0.0117277 ]
 [-0.37168086  0.02974781  0.92788383]]
[[-0.91697749  0.04772536 -0.39607395]
 [-0.06008492 -0.99801528  0.01884971]
 [-0.39438824  0.04108283  0.91802512]]
[[-0.91270674  0.05249707 -0.4052289 ]
 [-0.06767475 -0.99743747  0.02320825]
 [-0.40297212  0.04860609  0.91392063]]
[[-0.92011778  0.0432781  -0.38924321]
 [-0.0572032  -0.998068    0.02425011]
 [-0.38744169  0.04457891  0.92081575]]
[[-0.92808659  0.04650151 -0.36944944]
 [-0.06019839 -0.99785744  0.0256258 ]
 [-0.36746623  0.04602322  0.92889743]]
[[-0.9259945   0.04330959 -0.37504462]
 [-0.05299968 -0.99847337  0.01555533]
 [-0.37379837  0.0342814   0.92687624]]
[[-0.91832029  0.05455605 -0.39206055]
 [-0.06190854 -0.99806303  0.0061253 ]
 [-0.39096697  0.02989688  0.91991902]]
[[-0.92619175  0.05063655 -0.37363723]
 [-0.06095065 -0.99801519  0.01583338]
 [-0.37209389  0.03743818  0.92743977]]
[[-0.91996371  0.04327767 -0.38960725]
 [-0.06190159 -0.99745541  0.0353681 ]
 [-0.38708521  0.05665468  0.92030174]]
[[-0.91293062  0.04937749 -0.4051167 ]
 [-0.04567033 -0.99877931 -0.01881773]
 [-0.40555135  0.00132253  0.9140713 ]]
[[-0.91400905  0.04723495 -0.40293463]
 [-0.06033539 -0.99798031  0.01987305]
 [-0.40118213  0.04247537  0.91501298]]
[[-0.9159307   0.0486576  -0.39837594]
 [-0.05406077 -0.99853492  0.0023335 ]
 [-0.39767875  0.02367383  0.91721926]]
[[-0.91407316  0.05063599 -0.40237576]
 [-0.05686363 -0.99837568  0.00353843]
 [-0.401543    0.02611493  0.91546776]]
[[-0.91051382  0.04926319 -0.41053345]
 [-0.05482328 -0.9984945   0.00177412]
 [-0.409828    0.02412215  0.91184381]]
[[-9.10184284e-01  5.19103722e-02 -4.10937809e-01]
 [-5.72495497e-02 -9.98359663e-01  6.87253976e-04]
 [-4.10228057e-01  2.41515323e-02  9.11663120e-01]]
[[-9.11503203e-01  4.63583743e-02 -4.08672010e-01]
 [-5.04923321e-02 -9.98724221e-01 -6.73666882e-04]
 [-4.08181865e-01  2.00207533e-02  9.12681069e-01]]
[[-0.90504447  0.04650314 -0.42276704]
 [-0.0619146  -0.99782129  0.02278713]
 [-0.42078628  0.04679882  0.90595186]]
[[-0.90579877  0.04890456 -0.42087639]
 [-0.05602137 -0.99841918  0.0045544 ]
 [-0.41998833  0.02770344  0.90710656]]
[[-0.91319564  0.04595346 -0.40492223]
 [-0.04762862 -0.99884744 -0.0059425 ]
 [-0.40472861  0.01385922  0.91433182]]
[[-0.9070519   0.04870094 -0.41819261]
 [-0.05676479 -0.99836404  0.00685652]
 [-0.41717455  0.02995784  0.9083325 ]]
[[-0.9113672   0.03982779 -0.40966276]
 [-0.05800167 -0.9978026   0.03202766]
 [-0.40748697  0.05295008  0.91167464]]
[[-0.91021598  0.03696165 -0.41248115]
 [-0.05726966 -0.99767376  0.03697646]
 [-0.41015491  0.05727922  0.91021538]]
[[-0.90700133  0.03911536 -0.41930727]
 [-0.04590544 -0.99892709  0.00611222]
 [-0.41861831  0.02479228  0.9078238 ]]
[[-0.91049189  0.0458586  -0.41097628]
 [-0.05239224 -0.9986158   0.00464161]
 [-0.41019455  0.02575811  0.91163422]]
[[-0.89990856  0.03768028 -0.43444768]
 [-0.04626881 -0.99888661  0.00920566]
 [-0.43361709  0.02838563  0.90065003]]
[[-0.9046413   0.04866359 -0.42338632]
 [-0.04076871 -0.99878486 -0.02768959]
 [-0.42421933 -0.00778823  0.90552598]]
[[-0.90157647  0.04864017 -0.42987673]
 [-0.0617952  -0.99794937  0.01668542]
 [-0.42818363  0.0416075   0.9027334 ]]
[[-0.89800054  0.05054328 -0.43708169]
 [-0.05480447 -0.99849299 -0.00286598]
 [-0.43656786  0.02138038  0.89941725]]
[[-0.90628502  0.03867306 -0.42089411]
 [-0.05275577 -0.9983681   0.02186254]
 [-0.41936176  0.04201828  0.90684628]]
[[-0.898477    0.04957096 -0.43621302]
 [-0.05258918 -0.99860289 -0.00516155]
 [-0.43585945  0.01830255  0.89982863]]
[[-0.90132342  0.04389635 -0.43091669]
 [-0.05594681 -0.99831613  0.01532485]
 [-0.42951838  0.03792106  0.90226158]]
[[-0.90046102  0.05373887 -0.43160409]
 [-0.05485451 -0.99844555 -0.00987245]
 [-0.43146372  0.01478567  0.90200911]]
[[-0.89515569  0.06083178 -0.44158327]
 [-0.0652138  -0.99785742 -0.00526499]
 [-0.44095742  0.02408433  0.89720482]]
[[-0.90491094  0.0585277  -0.42155747]
 [-0.06626148 -0.99779541  0.00370546]
 [-0.42041124  0.03128613  0.90679411]]
[[-0.90527185  0.05947653 -0.42064882]
 [-0.06488207 -0.99789187 -0.00146258]
 [-0.41984903  0.02596853  0.90722237]]
[[-0.90137098  0.06213729 -0.42856659]
 [-0.06310775 -0.99793506 -0.01195961]
 [-0.42842476  0.01626583  0.90343104]]
[[-0.91233639  0.06228342 -0.40467652]
 [-0.07543062 -0.99701274  0.01660767]
 [-0.40243326  0.04567678  0.91430908]]
[[-0.90399868  0.05934482 -0.42339649]
 [-0.0714478  -0.99736278  0.01275497]
 [-0.42152296  0.04178122  0.90585469]]
[[-0.91422724  0.06232338 -0.40038027]
 [-0.07297708 -0.99726846  0.01140039]
 [-0.3985761   0.03964113  0.91627816]]
[[-0.91117163  0.06783466 -0.40640462]
 [-0.06766842 -0.99759811 -0.01479852]
 [-0.40643234  0.01401676  0.91357336]]
[[-0.9075675   0.06509282 -0.41483028]
 [-0.06806313 -0.99765179 -0.00763706]
 [-0.41435328  0.02130349  0.90986676]]
[[-0.90495391  0.05520431 -0.42191338]
 [-0.05700733 -0.99833883 -0.00835148]
 [-0.42167355  0.01649445  0.90659768]]
[[-0.9134738   0.06006025 -0.40244054]
 [-0.05685571 -0.99818374 -0.01991591]
 [-0.40290576  0.00468839  0.91522946]]
[[-0.91694457  0.06138881 -0.39426396]
 [-0.06449713 -0.99790341 -0.00537661]
 [-0.39376741  0.02049884  0.91898151]]
[[-0.91517935  0.06161151 -0.3983099 ]
 [-0.06426824 -0.99791022 -0.00669274]
 [-0.39788986  0.01947362  0.91722649]]
[[-0.92104541  0.06359327 -0.38422812]
 [-0.06537807 -0.99782496 -0.0084293 ]
 [-0.38392845  0.01735633  0.92319971]]
[[-0.91812203  0.06535318 -0.39087196]
 [-0.06506534 -0.99778286 -0.01399529]
 [-0.39091998  0.01258284  0.92033865]]
[[-0.91956758  0.05967187 -0.38837447]
 [-0.05772303 -0.99819304 -0.01669477]
 [-0.3886689   0.00706618  0.9213504 ]]
[[-0.91978573  0.05652575 -0.38832854]
 [-0.05791496 -0.99828836 -0.00813652]
 [-0.38812378  0.01500618  0.92148508]]
[[-0.91287453  0.0486392  -0.40533235]
 [-0.05167192 -0.99865811 -0.00346371]
 [-0.40495691  0.01778236  0.91416283]]
[[-0.91825783  0.05267155 -0.39246436]
 [-0.05308063 -0.99854197 -0.00981758]
 [-0.39240924  0.01181718  0.91971482]]
[[-0.92053639  0.05143749 -0.38725565]
 [-0.06027004 -0.99812487  0.0106899 ]
 [-0.38597963  0.03318035  0.9219104 ]]
[[-0.92085722  0.05068121 -0.38659202]
 [-0.05998507 -0.99812676  0.01203184]
 [-0.38525805  0.03426936  0.92217235]]
[[-0.91894297  0.05440046 -0.39062054]
 [-0.06181068 -0.99806729  0.0064133 ]
 [-0.3895167   0.03003798  0.92052945]]
[[-0.91345241  0.05714185 -0.40291377]
 [-0.06291524 -0.99801827  0.00109569]
 [-0.40205269  0.02635028  0.91523729]]
[[-0.92646383  0.05066144 -0.3729587 ]
 [-0.05175126 -0.99863479 -0.00709625]
 [-0.37280904  0.01272666  0.92782081]]
[[-0.92886105  0.04726569 -0.36740046]
 [-0.04879878 -0.9987955  -0.00512103]
 [-0.36719998  0.01317197  0.93004875]]
[[-0.92211405  0.06057357 -0.38214725]
 [-0.05865032 -0.99813904 -0.01669138]
 [-0.38244714  0.00702171  0.92395069]]
[[-0.92566251  0.05524189 -0.37429568]
 [-0.0492627  -0.99845949 -0.02553103]
 [-0.37512945 -0.0051943   0.92695788]]
[[-0.91179523  0.05415926 -0.40705802]
 [-0.04647885 -0.99850573 -0.02874073]
 [-0.40800634 -0.00728607  0.91295002]]
[[-0.91751901  0.05206892 -0.39426856]
 [-0.05298834 -0.99855842 -0.00856283]
 [-0.39414604  0.01303507  0.91895538]]
[[-0.90982306  0.05905716 -0.41077275]
 [-0.05536724 -0.99824759 -0.0208857 ]
 [-0.41128636  0.00374106  0.91149851]]
[[-0.91119684  0.05754181 -0.40793291]
 [-0.05503318 -0.99832418 -0.01789345]
 [-0.40827891  0.00614539  0.91283655]]
[[-9.20375268e-01  5.40730602e-02 -3.87279577e-01]
 [-5.87282703e-02 -9.98273988e-01  1.86733546e-04]
 [-3.86601030e-01  2.29161246e-02  9.21962307e-01]]
[[-0.92405208  0.05411605 -0.37841672]
 [-0.0594228  -0.99823014  0.00235056]
 [-0.37761977  0.02465862  0.92563236]]
[[-9.23337125e-01  5.39359739e-02 -3.80183460e-01]
 [-5.85294203e-02 -9.98285547e-01  5.23125042e-04]
 [-3.79503439e-01  2.27349383e-02  9.24910949e-01]]
[[-0.92075181  0.05505283 -0.38624512]
 [-0.05815076 -0.99830107 -0.00366833]
 [-0.38579087  0.01908283  0.92238888]]
[[-0.91927725  0.05617182 -0.3895819 ]
 [-0.0579332  -0.99829423 -0.00723681]
 [-0.38932387  0.01591709  0.92096339]]
[[-9.17699722e-01  5.38412978e-02 -3.93609370e-01]
 [-5.84427864e-02 -9.98290716e-01 -2.95569492e-04]
 [-3.92952493e-01  2.27323843e-02  9.19277747e-01]]
[[-0.905084    0.05714267 -0.42137593]
 [-0.05671628 -0.99829829 -0.01355661]
 [-0.42143353  0.011629    0.90678473]]
[[-0.92586537  0.05283828 -0.37414093]
 [-0.04766671 -0.99859686 -0.02306934]
 [-0.37483491 -0.00352504  0.92708488]]
[[-0.91916134  0.05293717 -0.39030768]
 [-0.05891742 -0.99825722  0.00335556]
 [-0.38944983  0.02608022  0.92067837]]
[[-0.91804152  0.04876727 -0.39347366]
 [-0.04555856 -0.99880843 -0.01749675]
 [-0.39385808  0.00186335  0.91916938]]
[[-0.91181765  0.0530835  -0.40714949]
 [-0.0479861  -0.99858937 -0.02272886]
 [-0.40778168 -0.00118706  0.91307869]]
[[-0.91651202  0.06018354 -0.39545374]
 [-0.05475769 -0.99818653 -0.025005  ]
 [-0.39624148 -0.00126325  0.91814546]]
[[-0.91810022  0.05890892 -0.39194608]
 [-0.0595801  -0.9981687  -0.01046198]
 [-0.39184461  0.01374704  0.9199287 ]]
[[-0.9209613   0.05832582 -0.38526405]
 [-0.05444556 -0.99829624 -0.02098352]
 [-0.38583153  0.00165091  0.92256778]]
[[-9.16649758e-01  6.35936915e-02 -3.94599877e-01]
 [-5.84794981e-02 -9.97975858e-01 -2.49867059e-02]
 [-3.95390148e-01  1.71944860e-04  9.18513256e-01]]
[[-0.91401964  0.05920834 -0.4013259 ]
 [-0.06025736 -0.99813258 -0.01002018]
 [-0.40116973  0.0150242   0.91588052]]
[[-0.92263043  0.05683861 -0.38147407]
 [-0.05423577 -0.99837338 -0.01758072]
 [-0.38185282  0.00446903  0.92421234]]
[[-0.92061239  0.05917211 -0.38596825]
 [-0.06126853 -0.99809762 -0.00687873]
 [-0.38564102  0.01731507  0.92248642]]
[[-0.9173892   0.06085385 -0.39331141]
 [-0.06243441 -0.99801039 -0.00878724]
 [-0.39306361  0.01649485  0.91936332]]
[[-0.91646505  0.05294595 -0.39659619]
 [-0.05232844 -0.99855312 -0.01238578]
 [-0.39667814  0.00940213  0.91790961]]
[[-0.91743441  0.05654561 -0.39384857]
 [-0.05264567 -0.99839851 -0.02070873]
 [-0.39438881  0.00173552  0.91894203]]
[[-0.91395214  0.05521932 -0.40204765]
 [-0.06404182 -0.99791081  0.00852437]
 [-0.40073698  0.03353872  0.91557907]]
[[-9.18953456e-01  6.19188188e-02 -3.89474782e-01]
 [-6.71143952e-02 -9.97745251e-01 -2.67544987e-04]
 [-3.88613181e-01  2.58935031e-02  9.21037091e-01]]
[[-0.91112478  0.05470594 -0.40848366]
 [-0.0548786  -0.99842901 -0.01130705]
 [-0.4084605   0.01211488  0.91269559]]
[[-9.17042793e-01  5.31076171e-02 -3.95236761e-01]
 [-4.84747776e-02 -9.98588516e-01 -2.17065110e-02]
 [-3.95831671e-01 -7.46785433e-04  9.18322781e-01]]
[[-0.91803237  0.05292354 -0.39295759]
 [-0.05141912 -0.99857389 -0.01436199]
 [-0.39315727  0.00702076  0.91944443]]
[[-0.91975365  0.04858755 -0.38947718]
 [-0.04637703 -0.99881014 -0.01508253]
 [-0.38974658  0.00419059  0.92091261]]
[[-9.21939568e-01  4.85371128e-02 -3.84280602e-01]
 [-4.45012330e-02 -9.98821076e-01 -1.93932343e-02]
 [-3.84768856e-01 -7.78429414e-04  9.23012633e-01]]
[[-0.91883227  0.04965199 -0.39151237]
 [-0.0464467  -0.99876466 -0.01765954]
 [-0.39190555  0.0019583   0.92000337]]
[[-0.91680925  0.05033682 -0.39614012]
 [-0.05313147 -0.99857982 -0.0039226 ]
 [-0.39577498  0.01745123  0.91818169]]
[[-0.90950466  0.05658949 -0.41182387]
 [-0.04795836 -0.9983597  -0.03127141]
 [-0.41291799 -0.00869109  0.91072674]]
[[-0.91256785  0.04964745 -0.40590029]
 [-0.04942272 -0.99871691 -0.01104253]
 [-0.40592772  0.00998364  0.91385065]]
[[-0.91905161  0.05269153 -0.39059921]
 [-0.04526786 -0.99857691 -0.02819525]
 [-0.39152901 -0.0082313   0.92012895]]
[[-0.92044202  0.05116517 -0.38751596]
 [-0.04830415 -0.99868583 -0.01712643]
 [-0.38788298  0.00295475  0.92170389]]
[[-0.90855259  0.04938375 -0.41484145]
 [-0.03848339 -0.99866005 -0.0345997 ]
 [-0.41599425 -0.01547114  0.90923563]]
[[-0.90799397  0.05098901 -0.41586905]
 [-0.04733869 -0.99869644 -0.01909087]
 [-0.41630037  0.0023523   0.9092241 ]]
[[-0.90186056  0.04520196 -0.42965604]
 [-0.03590034 -0.99891291 -0.02973476]
 [-0.43053304 -0.0113918   0.90250292]]
[[-0.91065984  0.0422705  -0.41098887]
 [-0.0375626  -0.99910345 -0.01952814]
 [-0.41144586 -0.00234568  0.91143118]]
[[-0.90712335  0.04222566 -0.41874124]
 [-0.03990989 -0.99910107 -0.01429166]
 [-0.4189683   0.00374762  0.90799313]]
[[-0.9144548   0.04215115 -0.40248688]
 [-0.03541238 -0.99908039 -0.02417313]
 [-0.40313568 -0.00785222  0.91510653]]
[[-0.9121548   0.03766802 -0.40811118]
 [-0.03689698 -0.99927137 -0.00976403]
 [-0.40818161  0.00615176  0.91288002]]
[[-0.9172223   0.04226357 -0.39612755]
 [-0.04190526 -0.99907582 -0.00956276]
 [-0.39616562  0.00782865  0.91814569]]
[[-0.9058296   0.03623504 -0.42208974]
 [-0.04195149 -0.99911057  0.00425997]
 [-0.42155996  0.0215661   0.90654404]]
[[-0.91019105  0.03711134 -0.41252272]
 [-0.04381012 -0.99901681  0.00678926]
 [-0.41186517  0.0242522   0.91092201]]
[[-0.91192671  0.04473784 -0.4079071 ]
 [-0.04433282 -0.99896215 -0.01045122]
 [-0.40795131  0.00855292  0.91296362]]
[[-0.91128975  0.04309539 -0.4095043 ]
 [-0.04542088 -0.99895972 -0.00405119]
 [-0.40925289  0.01490824  0.91229919]]
[[-9.02336388e-01  3.93508895e-02 -4.29232513e-01]
 [-4.37175911e-02 -9.99043880e-01  3.13834420e-04]
 [-4.28809765e-01  1.90481957e-02  9.03193972e-01]]
[[-0.90884891  0.03011486 -0.41603695]
 [-0.03763    -0.99924296  0.00987394]
 [-0.41542464  0.02462939  0.9092941 ]]
[[-0.90682729  0.04464955 -0.41913086]
 [-0.03873009 -0.99899352 -0.02262567]
 [-0.41971924 -0.0042846   0.90764387]]
[[-0.90360917  0.02836467 -0.42741773]
 [-0.03882541 -0.99912146  0.01577672]
 [-0.42659472  0.03085066  0.90391658]]
[[-0.91108922  0.03490233 -0.41072895]
 [-0.04543321 -0.99884079  0.01590303]
 [-0.40969777  0.03314981  0.91161879]]
[[-0.90674475  0.03267819 -0.42041181]
 [-0.04535108 -0.99876726  0.02018009]
 [-0.41923411  0.03736432  0.90710896]]
[[-0.90206533  0.04024354 -0.4297192 ]
 [-0.04404973 -0.99902874 -0.00109075]
 [-0.42934573  0.01794509  0.90296191]]
[[-0.90953501  0.03592428 -0.41407186]
 [-0.04148254 -0.99912938  0.00443599]
 [-0.413552    0.02121144  0.91023339]]
[[-0.90453434  0.03657647 -0.42482912]
 [-0.04921976 -0.99861065  0.01882005]
 [-0.42355051  0.03793337  0.90507791]]
[[-0.91308429  0.03279509 -0.40644995]
 [-0.04399684 -0.99886509  0.01824321]
 [-0.40539038  0.0345401   0.9134909 ]]
[[-0.90411635  0.039648   -0.42544291]
 [-0.04752972 -0.99883841  0.00792223]
 [-0.42463462  0.0273838   0.90495059]]
[[-0.90848589  0.04208565 -0.41579105]
 [-0.05163405 -0.99859704  0.01174196]
 [-0.41471354  0.03213638  0.90938437]]
[[-0.90586295  0.04102542 -0.42157945]
 [-0.05142286 -0.99858816  0.01331794]
 [-0.42043787  0.03374305  0.90669367]]
[[-0.90526318  0.03896972 -0.42306021]
 [-0.05361252 -0.99830234  0.02276242]
 [-0.42145496  0.0432873   0.90581562]]
[[-0.9010666   0.04653803 -0.43117653]
 [-0.05530123 -0.99843922  0.00780353]
 [-0.4301404   0.03087609  0.90223384]]
[[-0.90718081  0.05272858 -0.41742385]
 [-0.05228593 -0.99855387 -0.01250417]
 [-0.41747953  0.01048185  0.90862587]]
[[-0.89985399  0.0439644  -0.43396996]
 [-0.05261611 -0.99858327  0.00793765]
 [-0.43300617  0.02997653  0.90089237]]
[[-0.90493251  0.04561707 -0.42310311]
 [-0.0572209  -0.99825247  0.01475691]
 [-0.42169056  0.03756435  0.90596136]]
[[-0.90740326  0.04486214 -0.41785969]
 [-0.05598867 -0.99832756  0.01440003]
 [-0.41651482  0.03646205  0.90839745]]
[[-0.90127569  0.05304279 -0.42998674]
 [-0.05461325 -0.9984697  -0.00869799]
 [-0.42979009  0.01564369  0.9027933 ]]
[[-0.8983149   0.04386315 -0.43715715]
 [-0.05312766 -0.99854734  0.00898061]
 [-0.43612819  0.03129255  0.8993403 ]]
[[-0.91077471  0.04871348 -0.41002002]
 [-0.05446583 -0.99851286  0.0023537 ]
 [-0.40929561  0.02447577  0.91207349]]
[[-0.91875161  0.04604971 -0.39214142]
 [-0.05503955 -0.99841554  0.01170733]
 [-0.39098097  0.03233941  0.91983044]]
[[-0.91671976  0.05122523 -0.39623334]
 [-0.05328648 -0.99856235 -0.00581175]
 [-0.3959614   0.01578614  0.91813145]]
[[-0.91656487  0.0448192  -0.39736643]
 [-0.05139982 -0.99866061  0.00591921]
 [-0.39656891  0.0258499   0.91764093]]
[[-0.9151847   0.04585067 -0.40041812]
 [-0.04861066 -0.99881246 -0.0032678 ]
 [-0.40009244  0.01647395  0.91632671]]
[[-0.90726873  0.05025682 -0.41753767]
 [-0.04777084 -0.99872352 -0.01640973]
 [-0.4178294   0.0050581   0.90851143]]
[[-0.90820092  0.05067071 -0.41545585]
 [-0.05210105 -0.99861057 -0.00789995]
 [-0.4152789   0.01447094  0.90957904]]
[[-0.91701345  0.04459523 -0.39635539]
 [-0.05470643 -0.99840099  0.01423624]
 [-0.39508674  0.03473801  0.91798679]]
[[-0.91635952  0.04930553 -0.39730869]
 [-0.0486001  -0.998748   -0.01185134]
 [-0.39739559  0.00844915  0.9176085 ]]
[[-0.90755909  0.04328584 -0.41768748]
 [-0.046422   -0.99891839 -0.00265345]
 [-0.41735056  0.01698172  0.90858689]]
[[-9.23686522e-01  5.05519462e-02 -3.79799566e-01]
 [-4.69872333e-02 -9.98721245e-01 -1.86567579e-02]
 [-3.80257031e-01  6.12735004e-04  9.24880649e-01]]
[[-0.91128835  0.04874639 -0.40887324]
 [-0.04145689 -0.99878406 -0.02667805]
 [-0.40967653 -0.00736079  0.91220116]]
[[-0.90287739  0.04537307 -0.42749703]
 [-0.05216464 -0.99862975  0.00418102]
 [-0.42672154  0.02607518  0.90400709]]
[[-0.91870699  0.04521384 -0.39234318]
 [-0.04990067 -0.99875265  0.00175015]
 [-0.39177466  0.02118606  0.91981725]]
[[-0.89246077  0.04969061 -0.44837999]
 [-0.04922704 -0.9987069  -0.01269716]
 [-0.44843112  0.0107407   0.89375286]]
[[-0.91918886  0.04614653 -0.391104  ]
 [-0.04805456 -0.99883263 -0.00491288]
 [-0.39087415  0.01427847  0.92033338]]
[[-0.90712301  0.05210337 -0.41762793]
 [-0.04894463 -0.99863424 -0.01827802]
 [-0.41800989  0.00386023  0.90843427]]
[[-0.90319784  0.05171784 -0.42609733]
 [-0.05422097 -0.99850932 -0.00626261]
 [-0.42578604  0.01744703  0.90465565]]
[[-9.01392038e-01  5.07067178e-02 -4.30024676e-01]
 [-5.62924518e-02 -9.98414287e-01  2.68022734e-04]
 [-4.29329190e-01  2.44487369e-02  9.02817094e-01]]
[[-0.9092454   0.04819959 -0.41346053]
 [-0.04621377 -0.99882179 -0.01480949]
 [-0.4136872   0.00564211  0.9104016 ]]
[[-0.91640469  0.05375928 -0.39662625]
 [-0.05408997 -0.99848231 -0.01036087]
 [-0.39658128  0.01195875  0.91792171]]
[[-0.91237378  0.0478124  -0.40655634]
 [-0.0581976  -0.99821767  0.01321044]
 [-0.40520011  0.03571346  0.9135302 ]]
[[-0.91071234  0.05014305 -0.40998623]
 [-0.05800777 -0.99829325  0.00675856]
 [-0.40894759  0.02993749  0.91206667]]
[[-9.13999770e-01  5.01259406e-02 -4.02606272e-01]
 [-5.50750583e-02 -9.98481960e-01  7.17185201e-04]
 [-4.01959150e-01  2.28290710e-02  9.15372970e-01]]
[[-0.91428175  0.0497975  -0.40200634]
 [-0.05521011 -0.99847299  0.00188091]
 [-0.40129881  0.0239145   0.91563495]]
[[-0.91701135  0.04994806 -0.39572135]
 [-0.05180299 -0.99863927 -0.00600463]
 [-0.3954828   0.01499324  0.918351  ]]
[[-0.9094692   0.04428313 -0.41340631]
 [-0.03640718 -0.99897455 -0.02691422]
 [-0.41417422 -0.00942669  0.91014881]]
[[-0.90885063  0.04691288 -0.41447523]
 [-0.04792666 -0.99881914 -0.00796021]
 [-0.41435923  0.01262977  0.91002578]]
[[-0.89966661  0.04797144 -0.43393402]
 [-0.0463127  -0.99882318 -0.0144008 ]
 [-0.43411418  0.00714074  0.90082955]]
[[-0.91575292  0.03949569 -0.3997958 ]
 [-0.04151957 -0.9991312  -0.00360112]
 [-0.39959068  0.01330162  0.91659716]]
[[-0.90834875  0.04731635 -0.41552824]
 [-0.04047961 -0.99886122 -0.02525188]
 [-0.41624987 -0.00611709  0.90922969]]
[[-0.91080776  0.05013271 -0.40977547]
 [-0.04201217 -0.99870185 -0.02880263]
 [-0.41068747 -0.0090181   0.91173158]]
[[-0.90145651  0.05298303 -0.42961489]
 [-0.04412063 -0.99855835 -0.03057115]
 [-0.43061528 -0.00860368  0.90249457]]
[[-0.90913142  0.04526739 -0.41404217]
 [-0.0454223  -0.99892292 -0.0094768 ]
 [-0.4140252   0.01019109  0.91020837]]
[[-0.91017673  0.04739152 -0.41150014]
 [-0.04736386 -0.9988249  -0.01027058]
 [-0.41150333  0.01014219  0.91135182]]
[[-0.89163985  0.0526466  -0.449674  ]
 [-0.05103794 -0.99857316 -0.0157092 ]
 [-0.44985942  0.00894348  0.8930546 ]]
[[-0.90586015  0.05243615 -0.42031873]
 [-0.05277407 -0.9985477  -0.01083479]
 [-0.42027643  0.01236713  0.90731184]]
[[-0.90170185  0.05339006 -0.42904928]
 [-0.05360751 -0.99849485 -0.01158774]
 [-0.42902216  0.01255158  0.90320675]]
[[-0.90585924  0.05263297 -0.42029609]
 [-0.04950219 -0.99860521 -0.01836216]
 [-0.42067632  0.00417204  0.90720121]]
[[-0.90449473  0.05342924 -0.42312479]
 [-0.05284977 -0.9985164  -0.0131111 ]
 [-0.42319756  0.01050313  0.90597655]]
[[-0.89734122  0.06095781 -0.4371074 ]
 [-0.05909705 -0.99809227 -0.01787044]
 [-0.43736286  0.00979588  0.89923177]]
[[-0.90412652  0.05411681 -0.4238238 ]
 [-0.05450462 -0.99845052 -0.01121665]
 [-0.4237741   0.01295908  0.9056752 ]]
[[-9.05079268e-01  5.03761007e-02 -4.22248466e-01]
 [-5.58003458e-02 -9.98441828e-01  4.88172429e-04]
 [-4.21565938e-01  2.40034452e-02  9.06480002e-01]]
[[-0.89796584  0.06431058 -0.43534067]
 [-0.06277037 -0.99786684 -0.01793479]
 [-0.43556541  0.01122167  0.90008713]]
[[-0.9078277   0.05392461 -0.41586177]
 [-0.05424998 -0.99846632 -0.01104277]
 [-0.41581944  0.01253556  0.90936079]]
[[-0.89960943  0.05410957 -0.43333017]
 [-0.05507618 -0.99842869 -0.01033276]
 [-0.43320837  0.01457072  0.90117601]]
[[-0.91231409  0.06008109 -0.40505958]
 [-0.05298376 -0.99818224 -0.02872183]
 [-0.40604892 -0.00474176  0.91383904]]
[[-0.91018231  0.05160192 -0.41098102]
 [-0.05605686 -0.99842684 -0.00121364]
 [-0.41039711  0.02193367  0.91164309]]
[[-0.90959357  0.05558073 -0.41176489]
 [-0.05763081 -0.99831019 -0.00744647]
 [-0.41148296  0.01695709  0.91125969]]
[[-0.90734327  0.05501701 -0.41677491]
 [-0.0570463  -0.99834265 -0.00759462]
 [-0.416502    0.01688454  0.908978  ]]
[[-0.91216518  0.05285456 -0.40640015]
 [-0.05414698 -0.99849825 -0.00832725]
 [-0.40622998  0.01440951  0.91365725]]
[[-0.91044865  0.05052687 -0.4105244 ]
 [-0.04483188 -0.99871824 -0.02349429]
 [-0.4111853  -0.00298576  0.91154689]]
[[-0.89813644  0.05098556 -0.43675098]
 [-0.05091379 -0.9986324  -0.01187932]
 [-0.43675935  0.0115674   0.89950401]]
[[-0.91530365  0.04817709 -0.39987272]
 [-0.04565981 -0.99883168 -0.01582555]
 [-0.40016798  0.00377293  0.91643404]]
[[-0.90555581  0.04548928 -0.42178121]
 [-0.04550615 -0.99891368 -0.01003246]
 [-0.42177939  0.01010868  0.90664213]]
[[-0.92063868  0.04534833 -0.38777307]
 [-0.04718901 -0.99887454 -0.00477924]
 [-0.38755338  0.01389868  0.92174248]]
[[-0.91214209  0.04874763 -0.40696495]
 [-0.04614156 -0.99880319 -0.0162216 ]
 [-0.40726866  0.0039816   0.91329973]]
[[-0.89985089  0.05535108 -0.43267151]
 [-0.05413996 -0.99841875 -0.0151285 ]
 [-0.43282473  0.00981142  0.9014247 ]]
[[-0.90449758  0.051901   -0.42330889]
 [-0.05214317 -0.99857884 -0.01101766]
 [-0.42327913  0.01210723  0.90591843]]
[[-0.90739914  0.05150971 -0.41710137]
 [-0.05276527 -0.99857053 -0.0085277 ]
 [-0.4169444   0.01427044  0.90881996]]
[[-0.91326809  0.05023929 -0.40424919]
 [-0.04803096 -0.99872387 -0.01560927]
 [-0.40451752  0.00516103  0.91451569]]
[[-0.90972958  0.05315873 -0.41178421]
 [-0.05134157 -0.99856114 -0.01548212]
 [-0.41201472  0.00705711  0.91114986]]
[[-0.91201233  0.05063753 -0.40702501]
 [-0.04817523 -0.99870585 -0.01630267]
 [-0.40732378  0.00474028  0.91327152]]
[[-0.91223983  0.0531272  -0.40619699]
 [-0.05115143 -0.99856705 -0.01572808]
 [-0.40645052  0.00642978  0.91365017]]
[[-0.90995257  0.055998   -0.41091427]
 [-0.05250585 -0.99842451 -0.01978989]
 [-0.41137507  0.00356754  0.91145917]]
[[-0.91479835  0.05448171 -0.4002196 ]
 [-0.05621325 -0.9983912  -0.00742161]
 [-0.39998007  0.01570837  0.91638921]]
[[-0.9085618   0.05349846 -0.41431071]
 [-0.05645561 -0.99839201 -0.00511459]
 [-0.41391812  0.01874324  0.91012113]]
[[-0.90769478  0.06060218 -0.41523194]
 [-0.05571885 -0.99816093 -0.02387828]
 [-0.41591537  0.00146205  0.90940215]]
[[-0.90598151  0.05716888 -0.41943918]
 [-0.0544754  -0.99834544 -0.01840692]
 [-0.41979749  0.00617279  0.9075968 ]]
[[-0.90829587  0.05307697 -0.41494752]
 [-0.05578094 -0.99842727 -0.00561011]
 [-0.41459269  0.01805052  0.90982805]]
[[-0.90500015  0.06049971 -0.42108731]
 [-0.0586404  -0.99812793 -0.01737616]
 [-0.42135026  0.0089673   0.90685365]]
[[-0.90414932  0.06285641 -0.42256724]
 [-0.05770898 -0.99802095 -0.02497704]
 [-0.42330093  0.00180295  0.90598735]]
[[-0.90643374  0.05603328 -0.41861456]
 [-0.05747107 -0.99830493 -0.00918407]
 [-0.41841959  0.01573348  0.90811756]]
[[-0.90685033  0.06217376 -0.41684157]
 [-0.05828719 -0.99805611 -0.02205909]
 [-0.41740278  0.00429223  0.90871145]]
[[-0.9117936   0.05456545 -0.40700743]
 [-0.05682338 -0.99836278 -0.0065476 ]
 [-0.40669834  0.01715747  0.91340138]]
[[-0.90517888  0.05791313 -0.42106682]
 [-0.05879673 -0.99821051 -0.01089598]
 [-0.42094434  0.01489454  0.90696417]]
[[-0.90374594  0.05976773 -0.42387626]
 [-0.05945416 -0.99813317 -0.01397742]
 [-0.42392036  0.01256917  0.90561225]]
[[-9.07499737e-01  5.31874853e-02 -4.16671717e-01]
 [-5.83130093e-02 -9.98298257e-01 -4.27034628e-04]
 [-4.15985362e-01  2.39098479e-02  9.09056928e-01]]
[[-0.90421885  0.05886709 -0.42299284]
 [-0.05786316 -0.9982084  -0.01522643]
 [-0.42313134  0.01070767  0.90600509]]
[[-0.90759184  0.05412795 -0.41634988]
 [-0.05491761 -0.99843991 -0.01008942]
 [-0.41624646  0.01370787  0.90914849]]
[[-0.90501353  0.06155779 -0.42090516]
 [-0.05817262 -0.99808793 -0.02089089]
 [-0.42138636  0.00557862  0.90686406]]
[[-0.90880896  0.05751828 -0.41322865]
 [-0.05662191 -0.99829146 -0.01442666]
 [-0.41335243  0.01028672  0.91051302]]
[[-0.90721682  0.05388829 -0.41719742]
 [-0.05790665 -0.99831741 -0.00302909]
 [-0.41665868  0.02141046  0.90881084]]
[[-9.04190292e-01  6.25417840e-02 -4.22526261e-01]
 [-5.69124161e-02 -9.98042170e-01 -2.59384674e-02]
 [-4.23321264e-01  5.93679974e-04  9.05979445e-01]]
[[-0.90722245  0.05358635 -0.41722407]
 [-0.05982974 -0.99820681  0.00189017]
 [-0.41637462  0.02667722  0.90880169]]
[[-0.90489681  0.05800366 -0.42166022]
 [-0.05768503 -0.99824322 -0.01352453]
 [-0.42170393  0.01208518  0.90665304]]
[[-0.9062342   0.05453283 -0.41924426]
 [-0.05618389 -0.99838495 -0.00841751]
 [-0.4190262   0.01592654  0.90783445]]
[[-0.90851397  0.05750837 -0.41387818]
 [-0.0571129  -0.99827859 -0.01334091]
 [-0.41393294  0.01151738  0.91023451]]
[[-9.06366949e-01  6.28075288e-02 -4.17796803e-01]
 [-5.70935020e-02 -9.98025650e-01 -2.61750724e-02]
 [-4.18615918e-01  1.29262104e-04  9.08163365e-01]]
[[-0.90789459  0.05660057 -0.41535982]
 [-0.05774671 -0.99828305 -0.00981188]
 [-0.41520203  0.0150775   0.90960428]]
[[-0.90652198  0.0609556  -0.41773475]
 [-0.05484791 -0.99813973 -0.02662304]
 [-0.41858047 -0.00122249  0.90817889]]
[[-0.90634317  0.05778292 -0.4185728 ]
 [-0.05477166 -0.99831397 -0.01921666]
 [-0.41897746  0.00550904  0.90797992]]
[[-0.9062405   0.05576404 -0.41906863]
 [-0.05817675 -0.99828155 -0.00703007]
 [-0.41874051  0.01800911  0.90792734]]
