0.05024634721725119, -0.13327645153889292, 0.4621862365966616
0.050345298926808536, -0.13334008640564787, 0.4627459585620273
0.050280813964792254, -0.13324345513696123, 0.46246678423626186
0.05041978324983767, -0.13335908048866274, 0.4620118776324002
0.05033599259072644, -0.13332656218605937, 0.46225085151641077
0.05026069089262734, -0.13332468961067676, 0.4622958973093655
0.05033729325334302, -0.13325035814714767, 0.46236052487920604
0.050288676616345306, -0.13325355644328848, 0.46213825491601485
0.0504017307912946, -0.13334579259527019, 0.46230649403279517
0.05028982397486521, -0.13323879264728694, 0.46197579163650654
0.050220788723455256, -0.13322812827368655, 0.4623964188088478
0.05032679361014256, -0.13331901630676363, 0.462201857089156
0.050249866489746844, -0.1332755211028788, 0.46233694917755314
0.05041002099548439, -0.13331627209246222, 0.46251681167608233
0.05028696086926223, -0.1332319381777861, 0.46239158859386614
0.05032690105736544, -0.13329594807080544, 0.46257406450962074
0.05032862665634534, -0.1333064176808697, 0.46213937871794514
0.05035932816583979, -0.13334209419268758, 0.4623246413870463
0.05028572788966681, -0.13330465921949813, 0.4626742730822438
0.05084231291767086, -0.13329560869902443, 0.46218197801654315
0.05139369925059142, -0.13330243488874483, 0.4625552854681633
0.05228786507082788, -0.13325504733140875, 0.4626523721275085
0.056200826612673185, -0.13318556388142763, 0.46428817359063657
0.06392756459045992, -0.13265065608029933, 0.4676416297909706
0.07074168625945566, -0.1332897503373771, 0.4693559255186979
0.07443511897747745, -0.13289146779874858, 0.46909674893986125
0.07491190503547256, -0.13088405737301229, 0.4684815693007855
0.07374575128711329, -0.1322078146759367, 0.4694668800120688
0.07103584948983592, -0.13394173694560924, 0.46976095182672223
0.06646229028447853, -0.1360396668728546, 0.4708366090130552
0.06094978725299005, -0.1376740028802359, 0.4697272114803479
0.05438604093761061, -0.13995006715590258, 0.472424108393217
0.04464950272838676, -0.14284408633436088, 0.471998431046451
0.0408212352957532, -0.14220123982887162, 0.4712982719647219
0.0415065744651134, -0.14326382170483512, 0.4713437598738875
0.04212540108547651, -0.14400741489605612, 0.47185274032181196
0.0359556790031678, -0.14389291775161048, 0.4741104287279403
0.035099059563905445, -0.14376874436680542, 0.4728709891188514
0.03520219058647498, -0.14369009490141935, 0.47385229883770447
0.035218597792920046, -0.14369439082231084, 0.47378805700498805
0.03550013313724538, -0.14487914379083727, 0.47323985577611316
0.031878921072558936, -0.14394728183243913, 0.47336260233290184
0.027179137917339075, -0.14252294965038942, 0.472067473725372
0.023649216269016855, -0.14238846830703894, 0.472449262282032
0.01694566177983062, -0.1455346586173047, 0.47139489670010665
0.008932589965010403, -0.1484003268926075, 0.4692791121465213
0.004688122129488842, -0.14807632503150994, 0.468942910363281
0.0017106311465265528, -0.14538569237675378, 0.46971314619228177
0.0001260731312540968, -0.14347842124474752, 0.47096803473828375
-0.0015475270548600932, -0.14265614954276865, 0.4717344172140277
-0.002419990175255983, -0.140609360579586, 0.47270657424648843
-0.002718993866748587, -0.14041965276823506, 0.4745067837811725
-0.003377490508821847, -0.13928928685044778, 0.4753527972275103
-0.002548751140138961, -0.13683674554916028, 0.47735244977447105
-0.002050133705697652, -0.13682079796513053, 0.47683710604825613
-0.0019950370207790415, -0.13687420405367678, 0.4779497709772395
-0.00198232409055155, -0.13694339821747512, 0.4784879181687647
-0.0021377829591485153, -0.1368652052224019, 0.4767749684748426
-0.002332232185836351, -0.13680534817359027, 0.47715139814579455
-0.0020102205948680976, -0.13684149841655352, 0.47681969197209056
-0.0021607590460736097, -0.1369203243746272, 0.47709296989412187
-0.002061644812761777, -0.13691001605454003, 0.4771656993536319
-0.0021455627906822915, -0.13680910165035604, 0.476783560218894
-0.00195925040368808, -0.1370056883356657, 0.47774439327379403
-0.0019887412312744744, -0.1369627502350576, 0.4777038416252168
-0.0019696111744025445, -0.1369346417209146, 0.47780345351993336
-0.002008330199477876, -0.13703467711143447, 0.47776668944217965
-0.0019479271806903554, -0.1370550398286921, 0.47781819975598827
-0.002237920878392532, -0.13694056334510954, 0.4780492260514544
-0.0021182824222261342, -0.13701490066148522, 0.4780593885925341
-0.0020396143475440564, -0.13696941450935904, 0.47745728028458206
-0.00202454475919078, -0.13704403534175022, 0.4779836343628619
-0.002109457943789858, -0.13695090427707582, 0.4774438236183992
-0.0019136500157888572, -0.13703254347287167, 0.477769897736949
-0.0019894838603246733, -0.13699940199940877, 0.4781111496216684
-0.0021050509103500174, -0.13694460998298222, 0.4773973700368051
-0.0021442598078118013, -0.1369607088938937, 0.47784047095720267
-0.00191998874705443, -0.13698542033474256, 0.47803596757779193
-0.0021900058227728642, -0.1369662460459996, 0.47807871852858386
-0.0023550472838590707, -0.13695708225060585, 0.47844210119767194
-0.0019598658289753123, -0.13700917234197, 0.4775149808070691
-0.0020587874439073357, -0.13698101756438352, 0.47791363871796066
-0.0020260521788306365, -0.13695293871635753, 0.47753775412918925
-0.0019378494785118794, -0.13697711780559696, 0.477902865428834
-0.002058825239202005, -0.13701544710191732, 0.4778955855506012
-0.0020811341486738025, -0.13697595529633388, 0.4776078315727512
-0.0020884240565874033, -0.1368669032687574, 0.47765034080624086
-0.001911810866672366, -0.13704190569271474, 0.4781234353264663
-0.002004865411126237, -0.13701029773738976, 0.47792310523148474
-0.0021553655597040472, -0.13673311967086127, 0.47676828433296814
-0.002525252641551467, -0.13618925684098693, 0.4761953421181844
-0.0036492094064719616, -0.13494353720667754, 0.47813043171983066
-0.004547832072693199, -0.13380372948734243, 0.47629002340029364
-0.003922187065548804, -0.13171376100952958, 0.4788729616875387
-0.0029301708398537154, -0.13056279089427159, 0.4798989635147033
-0.0028832570526857453, -0.12926729714989857, 0.4800823090956809
-0.0017588359766188056, -0.12738429288221487, 0.4807180528661904
0.0036912905234762153, -0.12436575505660206, 0.4809992668036065
0.007763812100142597, -0.12253827380826582, 0.48233025477486935
0.010455276354859419, -0.12126663083935958, 0.4826904088230795
0.012419992010134271, -0.1199091240188226, 0.4839791105463512
0.01342876364429914, -0.11969126534802942, 0.4838864462150132
0.013572215959393102, -0.12144715020461493, 0.4848619358224741
0.014942200227915762, -0.12420811297590753, 0.48536201125093315
0.016715136630846523, -0.12814730180519218, 0.4865580587509897
0.01758845972573137, -0.13287321511861247, 0.4856848068497822
0.016832157097385423, -0.13604961926332174, 0.4839303973789216
0.014070039460010928, -0.13855255382291926, 0.48353423755530955
0.01081958289389295, -0.1416045893805061, 0.48397648814371164
0.009984686466866214, -0.14358473856030085, 0.4823745439250059
0.011521086596765356, -0.1443763066462005, 0.4830935039215859
0.01306452326957596, -0.14697739081756558, 0.4817698944914208
0.013928919646526, -0.14775368283101242, 0.48098121383289233
0.013680752996029598, -0.14865739128722283, 0.4805280091702372
0.012574879071621477, -0.14950086192747658, 0.48001034525447495
0.01134161012918985, -0.1510946537156259, 0.48076883112828595
0.010350721111233481, -0.1528755778793901, 0.48132454091182375
0.010038595314683409, -0.15397851248184619, 0.4795277917575973
0.009899661474193855, -0.15508282578592464, 0.48105651204075717
0.00947752427998294, -0.15629084769402965, 0.4812544136568642
0.008746258010452623, -0.15689677062319696, 0.4802384731653045
0.008117114422943125, -0.15677731486690505, 0.4801556848443392
0.007476438907861463, -0.15671769954154072, 0.479925073694678
0.00754255813712694, -0.15632765153624303, 0.478102050624311
0.007199144794629078, -0.15523586945118004, 0.47912575584729467
0.007308386739989077, -0.155090208977445, 0.4791662195863553
0.006973817482399402, -0.1547400047357092, 0.47817596837742204
0.0067728813595006885, -0.15409753990153133, 0.4777044190470749
0.0067820684963529505, -0.1527706124894041, 0.4798494120637731
0.0053675403646393305, -0.15175499878583334, 0.47824068004095477
0.005295918784162332, -0.15180122960738526, 0.47828294572433666
0.005381541600122804, -0.151813248102568, 0.4785280190996537
0.005581588018325844, -0.15170263079655333, 0.48004320139055934
0.005553472840876391, -0.15178470594902085, 0.4791898377398632
0.005851280136464614, -0.15167981887383356, 0.4799069556859588
0.006209883410475291, -0.1512082584249545, 0.47937862904533496
0.006664124214636546, -0.15289285836857408, 0.480744435344996
0.006497159748527043, -0.15391585617057552, 0.47932771556733883
0.005618187126053982, -0.1549208383794867, 0.47956819309744375
-0.019185450283140934, -0.14479725985695455, 0.472465791652753
-0.019344545021392434, -0.1448168232786439, 0.47214841116261486
-0.019146801407719228, -0.14492943991509763, 0.47172700332949785
-0.01910661800343896, -0.14482987125463181, 0.4723322975915274
-0.019217985415667677, -0.14476649454622134, 0.4720797684232514
-0.019267536020996415, -0.14479409695246218, 0.4724811189179508
-0.01940851578262825, -0.1447781613862597, 0.4724336660079303
-0.019508115813669694, -0.14482903906156974, 0.47215716442645855
-0.019332099669852373, -0.14481977471716445, 0.4722577896398736
-0.019443943698508045, -0.14483201842902388, 0.47179746718329796
-0.019395790519323927, -0.1448231211400715, 0.47243151371814707
-0.019234040547023986, -0.14477234428483185, 0.4723349799238383
-0.01891524086120327, -0.1448455362922091, 0.4720274905926135
-0.019042354091100333, -0.1448277066733566, 0.47215251700828303
-0.019331624782823142, -0.14480198206911332, 0.47216667116132716
-0.019370449849966106, -0.14485423598895206, 0.47227619785603836
-0.01944241133116447, -0.14485358485618569, 0.47209296238889453
-0.01929969005496514, -0.1448009354860327, 0.4725553353716823
-0.019371770567029534, -0.14478251814336487, 0.4721943965452799
-0.019047411186898493, -0.1448112326058202, 0.4721911454054207
-0.019358854010307392, -0.14487081201533508, 0.47241662254100636
-0.0194736000323557, -0.1447871360958751, 0.4723472537067122
-0.019430839135390992, -0.14477891310891028, 0.47251722017832304
-0.019430672026356226, -0.1447634444432573, 0.4723752300752038
-0.01946991981736694, -0.1447957529494635, 0.4725465270003186
-0.0194295634922739, -0.14478903173868635, 0.472406743830239
-0.01949319151528996, -0.14484369057621063, 0.47212326715610625
-0.01930313942183218, -0.14479564505260953, 0.4723286299365721
-0.019270006601815628, -0.14490015445585283, 0.472542357251251
-0.019115971298516082, -0.14481440467492182, 0.47256449497462233
-0.018588468446180874, -0.14707624146689402, 0.4721083883633603
-0.019588664225074718, -0.14919561605370132, 0.4718587256653582
-0.02139457751167303, -0.15005381424390235, 0.47024256152403593
-0.021455708409157195, -0.14978451044556326, 0.4725158658240304
-0.021876457310494698, -0.14888245924119078, 0.4704021970930174
-0.022543715715341896, -0.14786312537229893, 0.4707369420465029
-0.023462861806464414, -0.14824106077622837, 0.47020698390863586
-0.023426633764256032, -0.14802208509715695, 0.47085380799844434
-0.023743185856311824, -0.14751218857306608, 0.47100694739677496
-0.02401461947993386, -0.14749287699073804, 0.47049810252674196
-0.02359050210333954, -0.1478267143715739, 0.46960644487362846
-0.024724778677227728, -0.14809963576190402, 0.4687253898870414
-0.025124840747794037, -0.1477969182636816, 0.47016645616069325
-0.024941613797770493, -0.14767440289838357, 0.46999463935974234
-0.024671413192886873, -0.1471797699716352, 0.4703167469502057
-0.024638360369079047, -0.14718314347410333, 0.4704849256243803
-0.02437043036260495, -0.147655243149222, 0.47046115323904086
-0.024609633472458134, -0.14821651084887524, 0.47071590234721716
-0.02457922380161081, -0.14948982816849307, 0.4703854078842138
-0.02477957513504756, -0.14984208207541702, 0.4692994335604586
-0.024895466684378004, -0.15061095810282907, 0.47048215793120796
-0.025471288246954427, -0.15222402293851875, 0.46985500285374143
-0.0259267002856122, -0.15316776489280554, 0.4698129014302923
-0.026037526713488267, -0.15417338019379356, 0.4696088620940719
-0.026074617133480745, -0.1541706962518634, 0.46997569831944147
-0.025954929601307405, -0.15344813667217883, 0.46862941506997596
-0.025505924382430198, -0.15304006884268936, 0.4691500881696433
-0.0258835680290257, -0.15222659779038905, 0.4691578686858144
-0.025832118299405363, -0.1519017465142171, 0.4690525443553225
-0.026009141619576088, -0.15064560672645808, 0.4698989549389755
-0.026121776894926826, -0.14965229893197854, 0.47006560656805385
-0.027060284875065763, -0.14924507975896328, 0.4688666198975669
-0.028938863807797543, -0.14909563304548248, 0.469946523814467
-0.030164209427821907, -0.14817624634106577, 0.4682659703789944
-0.032888654940220724, -0.14609164579948816, 0.46899498070985973
-0.034907878140101434, -0.14563379359130926, 0.46904029224596216
-0.03631240235720885, -0.14604936975609908, 0.46883212491025605
-0.03789106559917724, -0.14666067167581323, 0.46924080322917633
-0.03875569095298501, -0.14725738321027432, 0.4692046966287957
-0.03959310589011264, -0.14761359518663578, 0.4690700131209197
-0.03971539258106954, -0.1487796984603169, 0.46975657689487305
-0.03991809059895764, -0.14978031749090845, 0.4697028195744089
-0.04119497538030378, -0.15096389433348353, 0.46807874732480054
-0.04275033256533717, -0.1525239024007136, 0.46738322588585673
-0.04386344583762485, -0.1524655478441483, 0.4672026710812687
-0.04400672867765902, -0.1513510673897526, 0.4665036709534371
-0.04454746688887106, -0.1510634509798743, 0.46589693048063413
-0.044585251152470896, -0.15039981242087952, 0.46637573772958807
-0.04384554381715015, -0.14937685825107747, 0.4674099363078652
-0.04337172772614998, -0.14943133540381848, 0.46761971263060487
-0.043443185369793365, -0.14934757519424693, 0.4674826275843634
-0.0432213504681069, -0.14938898216063357, 0.46731001154364193
-0.0431495453321148, -0.1494068280891076, 0.4674850248538279
-0.04311952831461183, -0.14941067071028247, 0.4672459362813881
-0.043274079322518415, -0.14936149865335632, 0.46740388391628285
-0.04343981904936278, -0.14946782312475104, 0.4678328699637047
-0.044870538209656134, -0.15072648659736104, 0.4665382554540834
-0.046118668016365855, -0.1507852942757391, 0.46592831500102716
-0.046884198873148666, -0.1498236286163842, 0.466557845700487
-0.0470696726811082, -0.15000929500021914, 0.46667537349715926
-0.04713965908519637, -0.15051217904406292, 0.46692439238379446
-0.04633469387634005, -0.15154056220978185, 0.46783324159412987
-0.04559830057315679, -0.15253357082010602, 0.46767545591124215
-0.045549036021779246, -0.1521584432069831, 0.46750013987852646
-0.046008714865692454, -0.15193991448530153, 0.4665387450300642
-0.045781343992528194, -0.15198604672712424, 0.46573096825252225
-0.04601328675380192, -0.1514553971130851, 0.46657559079613603
-0.04561830259893933, -0.1506105552557961, 0.4669817145759873
-0.04433715473089253, -0.1511608336850789, 0.46675152859908725
-0.04347197634600965, -0.15114111894586843, 0.46610996790620324
-0.043419070395990494, -0.1507198520491331, 0.46602364472749924
-0.04283983175592408, -0.15037976694493158, 0.4647452368021066
-0.042951470987719516, -0.15003335402490622, 0.46619099090793703
-0.043007740934890785, -0.15003245407621782, 0.4650678977758057
-0.04308630819636882, -0.15057756635929867, 0.46521942429555335
-0.04312556030486031, -0.15057418863299074, 0.4650144595398092
-0.04327573049633424, -0.15067413863238308, 0.464761015842582
-0.042718653630482134, -0.15159862416930373, 0.4648699320861486
-0.04256800198289101, -0.15260741512061687, 0.4639627834153937
-0.042403297573716865, -0.15337247534472617, 0.46484469155287705
-0.04251580092305746, -0.15364992371232822, 0.4649206505571405
-0.04194631645574368, -0.15434683230200125, 0.46582574234127244
-0.04185619717918441, -0.15487989905478539, 0.4648872073195361
-0.04226912424815843, -0.15555099166354797, 0.4634229639791148
-0.04246534911226898, -0.15655963862036804, 0.4630345673212521
-0.04233006683510468, -0.15703775529161165, 0.46350766625789885
-0.04174920928820961, -0.1560839916136787, 0.46383616090746893
-0.0402854613164311, -0.15599878248421653, 0.4638021981750982
-0.04020027478968365, -0.15552642018439428, 0.4638651628287958
-0.04180264123903888, -0.1538344918053384, 0.4632838080579546
-0.042688484692535604, -0.15351364327064643, 0.4646034590919485
-0.04277890873887459, -0.15339786520958582, 0.4641582313919297
-0.042804756096373686, -0.1532775117045775, 0.4635938676835034
-0.042812892765764346, -0.15328261080032896, 0.463261152731652
-0.04279485182472938, -0.1533694767178743, 0.4638626761629559
-0.042820409480841884, -0.15330027100565174, 0.46349091041834595
-0.042790430190768704, -0.15336103832359704, 0.46352532400440616
-0.04190433230878807, -0.15425491704831187, 0.4626624507842184
-0.0424648253546927, -0.15624649735336726, 0.4634208412111952
-0.043114702073251965, -0.15790559624562306, 0.46384358627744754
-0.045166867419271804, -0.15685209295881491, 0.4647103364479033
-0.04533994219648146, -0.15670914378278195, 0.4640206947883166
-0.045707352699465235, -0.15749118695214212, 0.4632610875823385
-0.046370344422287976, -0.15756162558015313, 0.4632496468334933
-0.04087876215912589, -0.15423575133155898, 0.46396970945620586
-0.04091977991180879, -0.15498929476860873, 0.4638604684462758
-0.04099712440850256, -0.15604428492869765, 0.4634295857752823
-0.0407112310430611, -0.1575459205910648, 0.46402385222928055
-0.04045132976721731, -0.1580001693697619, 0.4635076882938668
-0.040566395469953505, -0.15896291129928772, 0.46372044871616347
-0.04099715678642796, -0.15945056677313596, 0.46370110846633916
-0.04077936771297466, -0.16017767598644012, 0.4619303899138547
-0.04061989032016759, -0.16019060089668585, 0.46192821773566756
-0.03916690449645835, -0.16000975021917957, 0.4629258776814276
-0.03808705128067026, -0.16028793905893624, 0.4622816347874013
-0.03687458923052724, -0.1597121749711666, 0.46112418844889946
-0.0362119727157396, -0.16056219167289498, 0.4623465679011649
-0.0366729203971905, -0.16128091752372006, 0.46384975045615234
-0.037849719186599434, -0.1621901587825508, 0.4636246703455303
-0.039001508118755725, -0.16218171770473597, 0.463737766977535
-0.03933330673550921, -0.1623159424751454, 0.4637287403660916
-0.04078365031105115, -0.16214108567715851, 0.46422369401431673
-0.040681585406131905, -0.162444048533356, 0.4655327485186559
-0.04142588608143258, -0.16283547169950938, 0.46662563014508185
-0.042746824365322254, -0.1639027361202045, 0.4687068747526286
-0.043643960755875934, -0.16575732402257926, 0.47074798823498815
-0.044670301243283486, -0.16717797215128224, 0.4713957072776954
-0.0452132044224957, -0.17020486730932566, 0.4728182674205692
-0.046523885938207866, -0.17327358583577218, 0.47336679734379394
-0.04714245256197112, -0.17551501751269064, 0.47188888385082123
-0.04673070144103354, -0.177506410282373, 0.4736148060453464
-0.047067512911443676, -0.17642465533078167, 0.4735993906340466
-0.04684706595867993, -0.17593974552304245, 0.4732624763878708
-0.04719434792905585, -0.17372263309757044, 0.47469518943822314
-0.04880412768386044, -0.17067009921833623, 0.474822246216318
-0.048782775293201464, -0.16860626412376736, 0.47618469706198413
-0.04875961729127766, -0.16769378840829233, 0.47605783206139424
-0.04913115805216147, -0.16756980218749545, 0.4757196682134214
-0.04792326734008018, -0.16780362704904736, 0.47612847994663193
-0.04668247516593861, -0.16948546386676602, 0.47588223931709117
-0.046077088773912415, -0.16960551113922664, 0.4753647984879171
-0.045409180130499514, -0.1690002230638316, 0.4744653654580046
-0.04536534184807698, -0.16880614987224862, 0.47491273271076884
-0.044711637484101174, -0.16812149985283076, 0.47348422752166164
-0.046472646757202946, -0.16578848806582444, 0.4737258042505413
-0.046117268649665796, -0.16568190937565613, 0.47576950025457504
-0.04637070281253064, -0.16564389685377212, 0.47585902995065515
-0.04603300333128844, -0.16569766578607492, 0.47581170496975717
-0.04635797032153621, -0.16569681422084562, 0.4761539689476711
-0.04643437124737029, -0.16571696999700145, 0.4761813068262217
-0.04642046331607765, -0.16570152348143247, 0.47589459356615915
-0.04639700602794704, -0.16571932325851116, 0.47616674835273454
-0.04641012141913148, -0.16565541740872347, 0.47586556737275165
-0.04637335817253659, -0.16571403329653508, 0.47602466724120357
-0.04642077617085603, -0.16566769724456812, 0.47599805968067277
-0.0463512928347683, -0.165665410636987, 0.4757819737689662
-0.046391916968951896, -0.16574230866500808, 0.47565135647380374
-0.04483392803095473, -0.16764415392093449, 0.47397783351134815
-0.04290007447582989, -0.16911463594913237, 0.4728663093171279
-0.04225289249977143, -0.16978517555344572, 0.4711906873658912
-0.0402401449770817, -0.1718741511716827, 0.4696131461090949
-0.04029486695558098, -0.1730708023823174, 0.46716873419733873
-0.040576874393185525, -0.17308224753139972, 0.46530755082426933
-0.040909140318020495, -0.17349897763784433, 0.46463282920626764
-0.04055277518760949, -0.1742631259892738, 0.4631599878992424
-0.04145428315633399, -0.17521765687592514, 0.4622821748877523
-0.041207672612258495, -0.17557145014340805, 0.4607816651305151
-0.04164459309809891, -0.17608573768330082, 0.46059850052976886
-0.04095484384163728, -0.17675732087535015, 0.46075540400248105
-0.04002298303706625, -0.17868188730524526, 0.4578345521651451
-0.03737442200676671, -0.18163381242674584, 0.459500656402086
-0.03410880713475574, -0.18349276875879364, 0.45976080500485955
-0.03122312277917676, -0.18396473113634296, 0.45882296745877327
-0.03186099386275445, -0.1848816473146565, 0.46133420804323233
-0.03234738937291402, -0.18340215037423266, 0.4606018779679947
-0.03366185040355448, -0.18290684350709582, 0.462779145900042
-0.033006813161543885, -0.1817810946105615, 0.46484144176408304
-0.032476781842431135, -0.18191640329955772, 0.46585078191060925
-0.03366900332504808, -0.17833390608533717, 0.467754086579447
-0.03868821668238056, -0.1735512347943446, 0.4712618006372411
-0.04255955889895867, -0.16987310775699146, 0.47317276479624454
-0.04621096885390405, -0.16631985940309676, 0.47398422522582684
-0.047930294618967105, -0.16447743012044877, 0.47603822054433226
-0.04886960394248766, -0.16232727410684342, 0.47583591938306496
-0.04991291433059393, -0.16093170656739184, 0.4765393040616586
-0.05084826736310743, -0.15984644954407748, 0.4770624533969073
-0.051957042749388734, -0.16077848443280826, 0.47873348068167804
-0.05357909704764735, -0.1605079561946331, 0.47879213704244905
-0.05304335936801533, -0.1602623063456258, 0.4796024794251112
-0.05044284115676059, -0.1606596327091022, 0.47938168701999284
-0.04713017187677825, -0.16297513667231564, 0.4800825129429245
-0.04924766019356269, -0.1626075948949555, 0.479455532088893
-0.04985848176038594, -0.16212795529309293, 0.48155401930785746
-0.04968775228015909, -0.16166342384233645, 0.4808727710243148
-0.04984031549223673, -0.16151436097091712, 0.48075484805230484
-0.050244282832724314, -0.16141770635010716, 0.48095592822113575
-0.04968575942083137, -0.16151671644022847, 0.48061933584310573
-0.05009636597598149, -0.16144052904749226, 0.4807988030720655
-0.0490743871042247, -0.16041616830030428, 0.4813702126003651
-0.048238758491631596, -0.15837165670482253, 0.4816262801057107
-0.04915486517871856, -0.158516812240067, 0.48180868667256505
-0.05213935175569181, -0.1591849170800649, 0.4831640095051036
-0.05422067109119278, -0.15925533384767737, 0.4841590736218352
-0.05638316878010241, -0.16028750069762768, 0.484118999552122
-0.0568845801594229, -0.1614139873740733, 0.48452832935899826
-0.05754927283453211, -0.16189682209459372, 0.4835904599559267
-0.057502697332289146, -0.16246839693317186, 0.48492963045837806
-0.05739377302917548, -0.16288238999913404, 0.4838131149624744
-0.05718826479946073, -0.16302808665931312, 0.4839463457969518
-0.05741747859060985, -0.1643211369411773, 0.4819125657847292
-0.05864680506405977, -0.1648967558256634, 0.4822952958183743
-0.05920306702051312, -0.16384914080262725, 0.482290096036177
-0.059157824726598945, -0.163149495736077, 0.48109322139626276
-0.05879802548266101, -0.16296752565042807, 0.4834294117921456
-0.059079325767667924, -0.1623208985523272, 0.48246077538830473
-0.058786938874084246, -0.16062348527950746, 0.4813412590481523
-0.058786082520487386, -0.16014162837185114, 0.4827774106556253
-0.05830804438971427, -0.1601085118440372, 0.48206805492410143
-0.05727291855550631, -0.16072102726080326, 0.4825408697395542
-0.05784657018767959, -0.16090229923308613, 0.48106286193348796
-0.05726566274902672, -0.16074282606789425, 0.4819937104980043
-0.05546109361454637, -0.16128259755790153, 0.4820509203599651
-0.05407663116256503, -0.1613530691035779, 0.4815169659993308
-0.05364779694403566, -0.16218164853263575, 0.4814564760033069
-0.05253407580837491, -0.16218884831833474, 0.48158266383697423
-0.05228044238299067, -0.16214415657069642, 0.4816294267575873
-0.052624852970255674, -0.16200527293422, 0.4806917738651255
-0.05386692229372072, -0.16236182965138804, 0.47991176804848296
-0.05365420911035821, -0.16239298098287125, 0.48025088156091844
-0.0537183240836154, -0.16238629073117222, 0.4802912991400726
-0.053759997837627194, -0.1623771603343359, 0.48045696876326244
-0.0537206280750802, -0.16240889576449655, 0.4806117442074257
-0.053703215039207566, -0.16248568455349716, 0.4810679486504864
-0.05334812302707525, -0.16241128668751478, 0.48013247085417166
-0.05319684078133695, -0.1625243756053028, 0.4805238259648014
-0.05299258647335274, -0.1619302385190476, 0.47990235033242384
-0.05286794884450718, -0.15984432365110784, 0.4803973570927214
-0.054349634535930696, -0.1584974638371812, 0.4803829141382697
-0.05441210635155505, -0.15575952873710217, 0.480616106364632
-0.054435961923732894, -0.15267344663836413, 0.4804351349058996
-0.054945532107621875, -0.15203611152762597, 0.47969419306348043
-0.05583452392702766, -0.1517906136763167, 0.48110402651709017
-0.05715020665046547, -0.15098609749402642, 0.4802024685937706
-0.05762481757942727, -0.15018862498354307, 0.48034804704504647
-0.058032367778656176, -0.1496548249170363, 0.4809658395521463
-0.05855674066716817, -0.15000419506187143, 0.48188529793466356
-0.059393941892203796, -0.15002716885996176, 0.4820545360193094
-0.0601957873714607, -0.1494960619747809, 0.4812857193221322
-0.059631082433434325, -0.14950670871338279, 0.4819935505443208
-0.05974609043198393, -0.14983399440770057, 0.4820534283964455
-0.058365469132849, -0.1509434534188929, 0.48360185331234484
-0.05724974617991912, -0.15149649726397765, 0.4817487125871238
-0.057785843530303464, -0.15147968613613763, 0.4831846745250847
-0.05733482787021034, -0.15230708122022407, 0.4817274680673917
-0.05682560393616487, -0.15354142121973732, 0.48282907354546717
-0.05678730706274301, -0.15468827637768787, 0.4828467205390135
-0.056635583127272696, -0.15439437049082025, 0.48506472883418617
-0.05614257418855371, -0.15342766986272457, 0.4845331043705254
-0.05511510531443033, -0.15280680084659223, 0.4854138611665994
-0.05497982464600838, -0.15269546057401756, 0.4846094425347373
-0.055013452377831014, -0.1528011277245675, 0.48558402875133966
-0.05489395368543049, -0.1527195490069819, 0.4856990208984913
-0.053444127827626746, -0.1526884585311515, 0.48675396868845844
-0.053421446765305886, -0.15310730275115753, 0.48540228490025056
-0.05370318861199796, -0.152861315162114, 0.4878702056790118
-0.05364770679193044, -0.15256373349788016, 0.4872361541538517
-0.05354260388537097, -0.15221209891487458, 0.48725281976777396
-0.05359951708303462, -0.1522207800552887, 0.48638151387356665
-0.05359213267541054, -0.15267964874156, 0.48721058146070884
-0.05347019680820281, -0.15345145192361068, 0.48878216922146805
-0.05299734257794349, -0.15280019374709286, 0.4877774959428833
-0.05246827070172668, -0.15284495246098642, 0.4888309717802311
-0.053081921540181216, -0.15274245007493767, 0.48702336141270863
-0.0524571030105124, -0.15259891666927886, 0.4904960771750783
-0.05192262302564987, -0.15457300605331137, 0.490982345959279
-0.05192743403737089, -0.15470405463647702, 0.4907735567647353
-0.05193489890987471, -0.1536258993360686, 0.4910358248848914
-0.050332073241436306, -0.15308512829812038, 0.49053079841017216
-0.049465090150341486, -0.1530011757277877, 0.4924787069640049
-0.04952090045216537, -0.15204270644111204, 0.49014584930441374
-0.04861643402204512, -0.15056984548780275, 0.4905312284320934
-0.04814348640038048, -0.14998853057317588, 0.4921556355263407
-0.047348578331810345, -0.1500410933572166, 0.49373087484542405
-0.04671644044657865, -0.14918443728484912, 0.4918316772238921
-0.046655410668335055, -0.14896310865803095, 0.49353573125320344
-0.04660314760156161, -0.14896197224301744, 0.49370393387573946
-0.04670003117999082, -0.14890864036149837, 0.4936406828466698
-0.0468512052713204, -0.14885944915663904, 0.49312500218543054
-0.04702719825706159, -0.14886463363197497, 0.4933249982882049
-0.04670311127012976, -0.14892555407524619, 0.49358142917231257
-0.04671706282411134, -0.1489152491415738, 0.49341805703540126
-0.04598296952012377, -0.15064734074684552, 0.49289330082092486
-0.04564175018823503, -0.14943837692529088, 0.4904736887321567
-0.04343138392628404, -0.14946283840529262, 0.49342031132556025
-0.041741983973680424, -0.15038734286141398, 0.4929462178303542
-0.04340850192808813, -0.151749486746319, 0.49325575854417714
-0.0438824086998504, -0.15234873435993757, 0.4918903502544194
-0.04206116061319428, -0.15024994431658864, 0.49415657406872504
-0.038534220151367524, -0.14865303453632017, 0.49436280598220395
-0.035968428958943505, -0.14824553213450434, 0.49253501418447665
-0.035193961547890076, -0.14881287916005162, 0.49307988053844964
-0.03360250140749453, -0.14879520087043596, 0.4930261042574844
-0.03196645432384191, -0.1479110756964139, 0.49267348472086686
-0.03266145381811597, -0.14923517245680784, 0.49298788742890604
-0.03425813403393409, -0.15022486086186607, 0.49071772324186047
-0.038397063074670994, -0.15102868496780122, 0.49151813117303506
-0.04061013334679803, -0.15066401342397895, 0.4916294588584641
-0.04177225326646148, -0.1503183255206664, 0.4936482340581194
-0.04328279352003349, -0.14996609551893625, 0.4933346503229558
-0.04296217043443214, -0.1485464710570628, 0.49359072232587087
-0.04421328056684474, -0.14825451921188404, 0.49402432182510625
-0.04705801713472222, -0.14836145508992163, 0.49552640176023827
-0.04904043776302744, -0.14866486681569396, 0.49567429098212423
-0.04925822609423993, -0.15017051991619204, 0.4951713976003634
-0.05083615195558824, -0.15115497601223019, 0.4947924294705106
-0.052124105699685216, -0.1505512684276047, 0.4945484413605522
-0.05218240806718446, -0.14926211206149784, 0.4935009003746381
-0.0527232608922553, -0.14798907958879873, 0.49492652804188336
-0.0534127041036896, -0.14748066885863279, 0.4956937777863454
-0.053642660294090976, -0.14741282471898032, 0.49617207283699294
-0.05510369314378809, -0.14691998500452144, 0.4949677603203658
-0.05550362373094889, -0.14666556329495267, 0.49538691996627454
-0.05581711076161656, -0.147575936251786, 0.49462718299361963
-0.055966972845921725, -0.1481080917448193, 0.4949013453553998
-0.055162709408205106, -0.14938312393510556, 0.49609255419866666
-0.05394990461835299, -0.14998244319886953, 0.49490653373969656
-0.05276304440623092, -0.15030480163497206, 0.49512469070665255
-0.0520612460067852, -0.15070038031297248, 0.4951288214978141
-0.05206256297367586, -0.1519284680757262, 0.4945272412346086
-0.05275938192628644, -0.15236181177802932, 0.4941359571714083
-0.05283899149154584, -0.15239964001836573, 0.49426110250801114
-0.052918937372563195, -0.15285662917711806, 0.49532067426547427
-0.05339469239899092, -0.15331148229930083, 0.494355981813383
-0.05305533146361601, -0.15292110570478298, 0.49580885691780335
-0.05137461268435139, -0.14955997931242235, 0.4968348217850267
-0.0512708336302858, -0.14941308239068288, 0.49758991017442095
-0.05073891338527996, -0.14954895108523378, 0.4975196389826539
-0.05113156630176999, -0.1496056346458334, 0.49652460365652223
-0.050885362816324366, -0.14946454272123375, 0.496116820510421
-0.05120467040204358, -0.14943260307703124, 0.4972364745606853
-0.05469441281246981, -0.14887902824119897, 0.49667319296784257
-0.05766200801094832, -0.14988543271129956, 0.4960311727330373
-0.06008997146969956, -0.15005152454573242, 0.4958898857755624
-0.06306339696047267, -0.14909295598747857, 0.4941357641679939
-0.06771505546523766, -0.14806783968819162, 0.4944403802581424
-0.06967123754297178, -0.14765438528111335, 0.49512458080381166
-0.07220235091490852, -0.14850969950742463, 0.4948845361050569
-0.0751223460622631, -0.1486531636010594, 0.49486317242177186
-0.07778980442533158, -0.14752161454161017, 0.49444894617140883
-0.08046698186642232, -0.1469963819974002, 0.4962695751767497
-0.08146639785347089, -0.14640975561068717, 0.49592085414262355
-0.0807107304353568, -0.14794012272901044, 0.4983349690512228
-0.08151317962341088, -0.1481944961579208, 0.49743456492645005
-0.08418072794307385, -0.14833195219300768, 0.4979524757943335
-0.08719305752742249, -0.1489024334317328, 0.5004014548369036
-0.08831548262357189, -0.14942682811423155, 0.4998089558082552
-0.08897542364760956, -0.14994331445375206, 0.5006678075873926
-0.09132296313163907, -0.14883020750363907, 0.5006842501536994
-0.09433489006631283, -0.14726443809976147, 0.5009562357330504
-0.09491380184475043, -0.1468597882442401, 0.5016464382123071
-0.09419826692973375, -0.1472727997448249, 0.5036386960445999
-0.09253674619103164, -0.14771251909470046, 0.5010446216412697
-0.09239131860079804, -0.14761665593829212, 0.5008265730288277
-0.09239357798573629, -0.1476509339523987, 0.501402511622668
-0.09222708130237675, -0.1475682020844803, 0.5005453764449614
-0.09235666234603193, -0.14757741932696947, 0.5006533261447398
-0.09262582393422586, -0.14757713274782647, 0.5009863235308061
-0.09501245596308644, -0.14943999778703362, 0.5015758506731702
-0.09678186521032336, -0.15070591297796218, 0.5020230426072367
-0.09743600601523396, -0.1507483201736779, 0.5018897597438606
-0.09850037102560254, -0.15091610887711326, 0.5011768258917675
-0.09978874900031746, -0.14905037564683352, 0.503728559289137
-0.10197239712090922, -0.1495892699107979, 0.5052968192128303
-0.10475671349225649, -0.15017350763425108, 0.5040137577177233
-0.10755003563002309, -0.15070659476594872, 0.5044443973696704
-0.11149246094305756, -0.15167162117065158, 0.5049055229875746
-0.11422130737678496, -0.1512908832929809, 0.5047896675394222
-0.11703646494905215, -0.15087751587646345, 0.505458708691903
-0.11906761740526778, -0.15005182067054848, 0.5044883493175532
-0.12291505279980483, -0.149420838195267, 0.5063478287183116
-0.12679915454815852, -0.1480684834849718, 0.5064975496185229
-0.13081809844370126, -0.14733367644154338, 0.5067703587154966
-0.13332268937361613, -0.147110361932558, 0.5068869745256231
-0.13528675186246097, -0.14639862083140218, 0.5064577936004044
-0.13834823756525833, -0.1460181174298138, 0.5086623709340994
-0.14190534089882978, -0.1457888888012108, 0.5078775162192075
-0.1437281257808145, -0.14502498157724605, 0.5059391472460752
-0.14476291215941475, -0.14571890799785403, 0.5076833762322766
-0.14185061646300706, -0.14579564341081475, 0.5065252621996265
-0.13766921282852387, -0.14693109805442586, 0.5080197337450181
-0.1344823129231513, -0.14688260991791946, 0.5089665972064998
-0.13349468142234627, -0.1458477845084246, 0.5077805760255837
-0.1319873172193355, -0.1459747159398072, 0.5087856756356014
-0.13065344308946825, -0.14658406216070194, 0.509335681083063
-0.12603954605220222, -0.14758923192400109, 0.5079761254069949
-0.12262571318815216, -0.14789959369226208, 0.5069985280150991
-0.11752726714365341, -0.14839208382950336, 0.5065711113447054
-0.11513319326860118, -0.14831737912751564, 0.5045491520146097
-0.113728003643081, -0.14766249303194992, 0.5046985991704669
-0.11266136769832534, -0.14696695979687466, 0.5027047248923202
-0.11020608431021824, -0.14567151743403722, 0.5020931625460202
-0.10805351266932534, -0.14524172919354275, 0.5034770611318311
-0.10513587881168017, -0.14540744813805548, 0.5015070873571469
-0.10335422085450562, -0.1471008048675611, 0.5010434811491784
-0.10033436194364168, -0.1471664647847275, 0.4992658857158121
-0.0981760935881031, -0.14729940599199495, 0.501475685656944
-0.09598353305803, -0.1477805350819133, 0.5003246202657644
-0.09457066199086527, -0.14820052654163865, 0.5012979229727452
-0.09308401774193441, -0.14888122170476734, 0.5003597459688087
-0.09122456188654185, -0.1496582543232945, 0.5009163116478734
-0.0899126710175988, -0.15014326942400025, 0.49967721885442873
-0.09433667347902394, -0.15007120211339622, 0.4983712374977575
-0.0979772654721928, -0.15043004617210498, 0.5014486912373342
-0.09820224863840434, -0.15039180494812696, 0.5014651619778508
-0.0983020321928758, -0.15039884484899693, 0.5020614418449102
-0.09814832768007926, -0.15038958885866333, 0.501290348224246
-0.0982989369802239, -0.15041039053028957, 0.5016998456908213
-0.09415918487601034, -0.14937320192276626, 0.500466457499209
-0.09306663283135258, -0.148095200320133, 0.49997977159327966
-0.09072386104774123, -0.14739754100445648, 0.49997545518695236
-0.09171120089546438, -0.14804754754306948, 0.5007402849320539
-0.09179798100535294, -0.14787725760715087, 0.49920614544645553
-0.0905494751547531, -0.14832965071200496, 0.500676641216901
-0.08479278860146434, -0.1487707980662215, 0.5019205881218779
-0.0822214981607507, -0.1486715576285226, 0.4998088898049225
-0.08075634277204569, -0.14823389351258226, 0.4993501733727629
-0.07931406501723737, -0.1482443360911605, 0.500025993687074
-0.07740252656806475, -0.14820711766763806, 0.49847591996122353
-0.07566078653105875, -0.14757795259771342, 0.4989054180537405
-0.07335650340124227, -0.14781851496174003, 0.5002527399372402
-0.07073876113828868, -0.14750967632899722, 0.5007469088820757
-0.06942973391954076, -0.14799081232681432, 0.4996716322185203
-0.07449334393907155, -0.14747898995254666, 0.49777178809667605
-0.07516248713270728, -0.14771772239613615, 0.49964292520451004
-0.07518158839951707, -0.14770222498247804, 0.49920596545911566
-0.07518109198871449, -0.1476985219078956, 0.4993042521297331
-0.07518969212950753, -0.14772477988108215, 0.49915261538873373
-0.07250862510752552, -0.14738146446327513, 0.49828590677208956
-0.06914847809267234, -0.1462729461620999, 0.49951650946498255
-0.06367570841590559, -0.14527954383654845, 0.4972055814773812
-0.06226668641218928, -0.1454823859760182, 0.4998323487557841
-0.06041424376962189, -0.1463664800350756, 0.49935873263964126
-0.05900133528318653, -0.14541763976144317, 0.49745778321662554
-0.057802961898026826, -0.14599093419166972, 0.4984713032740808
-0.055583322499030086, -0.1474604249368521, 0.4976290515543636
-0.053276505393348834, -0.14870837238882598, 0.49830713917952324
-0.05041280991693808, -0.14811075420585673, 0.4983712563590324
-0.048717594473331516, -0.14824127372920112, 0.49983053041630493
-0.04773151089844178, -0.14897974540509337, 0.498052000341845
-0.04526112903022386, -0.1490627429441206, 0.4971117719906192
-0.04111753735153806, -0.14953330495536046, 0.4976323794649387
-0.03690272490761498, -0.15062817904719475, 0.49854833249601566
-0.03683192364579927, -0.1513972794935922, 0.49813704499406825
-0.039135045260570496, -0.15159003944140045, 0.4968804385707921
-0.0391788618886376, -0.15167488177484612, 0.497878851555767
-0.03950288341953942, -0.1517290996595945, 0.49784556650073647
-0.03923362379558773, -0.15170426233652734, 0.4981873341293687
-0.03929229621904983, -0.15167649478148887, 0.497579943835547
-0.03961540292480493, -0.15170015953077812, 0.4980485353813827
-0.03869855921233524, -0.15242666447868666, 0.49825633633815813
-0.03753332577115905, -0.15215663470899507, 0.4966784188522797
-0.03632922493982067, -0.1520958038603748, 0.4982536087198102
-0.036219829899365986, -0.1527754111682484, 0.496694420935177
-0.035543037711258774, -0.15292539830974403, 0.49662153830037675
-0.03468620448188189, -0.15291278381121878, 0.49582640959307483
-0.033737680566343825, -0.14486613168955684, 0.5088463007703645
-0.03372096489145543, -0.14544417854859934, 0.5071650298831829
-0.03359725398836521, -0.14608337891506282, 0.5085567784877743
-0.034065907281754355, -0.14570112608780597, 0.5081614989892314
-0.03296852483874267, -0.1451185825628147, 0.5074382760049135
-0.03291967695856072, -0.14518510482913108, 0.5079482508785007
-0.032640743493725054, -0.1448269114302291, 0.5084334241942449
-0.032310785236913143, -0.144497331314134, 0.5066335085618868
-0.03249521450906043, -0.14377997694971134, 0.5076253783435544
-0.032505401289211276, -0.14272997261261938, 0.5092499689475312
-0.03345095763297923, -0.1424396343647597, 0.5098403066155784
-0.03353797398224138, -0.1419979307893806, 0.5091556245087246
-0.03371909657661415, -0.14154095152946963, 0.5104534111074768
-0.03359153404315722, -0.1402049396918094, 0.5118158657316405
-0.03349706915057951, -0.13929897832511465, 0.511188189615095
-0.033447830182240165, -0.13942619706260018, 0.5116590681170295
-0.03338110887977076, -0.13936213393942679, 0.5123697785779427
-0.033172899057552614, -0.1395565412162672, 0.5123956522153046
-0.03339464857342389, -0.13942644511122357, 0.5116915582755586
-0.033228567105365245, -0.13957041900015027, 0.5117739334033756
-0.033105639207392054, -0.13953526023878493, 0.5129251265469056
-0.031267480427406416, -0.14087570524619372, 0.5136626751027131
-0.029638369517666803, -0.1425128405649024, 0.5118230287779982
-0.029725699251756898, -0.14291880696369355, 0.510536281799298
-0.03016742060930537, -0.14287783668243462, 0.507419441623577
-0.031049529913241277, -0.14402411857165962, 0.5079560142483107
-0.031898175655347576, -0.14393842811113747, 0.5057300114358618
-0.032531652793772965, -0.14211074376944782, 0.504343035963668
-0.033719721911658375, -0.14003791820187342, 0.5039552329173621
-0.03406015303995412, -0.14004794429194983, 0.5047699696973548
-0.034693055709214715, -0.14072676017611105, 0.504179694498627
-0.03452621662966529, -0.14070441483828947, 0.5039958199718028
-0.033806442210974785, -0.1399020822824145, 0.5030290161092844
-0.03430753441841616, -0.1393433450762521, 0.5036718870955182
-0.035010812579507465, -0.13906409875775314, 0.5056035638006335
-0.035424175847371876, -0.13947532959986828, 0.5075239160736591
-0.03600691053031995, -0.13913069040366272, 0.5079565719837879
-0.03656187154042129, -0.13895577038971238, 0.5088372425768658
-0.03730097585095648, -0.1390601331711048, 0.5110080950629383
-0.037006301957402954, -0.13998727863523625, 0.5110309270769855
-0.03840290601794757, -0.14011858558954385, 0.5109517118308016
-0.03915973253908791, -0.14007777186526638, 0.5138115012402698
-0.0386688597589021, -0.14134235977181317, 0.5150914340456881
-0.038646961627945876, -0.14198826992274624, 0.5148738657635601
-0.03994239250443207, -0.14048680008098854, 0.5158197414967097
-0.04074796241506818, -0.1392219339611927, 0.514335821886765
-0.04089478997229341, -0.1381825430970239, 0.5166294517405519
-0.041690753419971624, -0.13839117959776057, 0.5182533453841988
-0.04143988322575048, -0.1390030332073716, 0.5184866173756189
-0.041651393675377416, -0.1383523578244498, 0.5191960635687073
-0.04233286530019822, -0.1380931760083999, 0.5203420240102187
-0.043342255084479954, -0.13698880685492468, 0.5227667827308012
-0.043981417881234004, -0.13630525679441363, 0.524424174710641
-0.04561377678718838, -0.1363438504374104, 0.5254155215261448
-0.04789184090261909, -0.13676870656561252, 0.5293986874946494
-0.049288148692785264, -0.13736822199930107, 0.532145507316798
-0.05206568628979495, -0.13803245413562423, 0.5330706950543195
-0.0531051175635222, -0.1375251614190334, 0.5333762648781539
-0.052276157211867395, -0.13774196831986374, 0.5334268672874745
-0.05163981659863595, -0.13893334311970207, 0.5333724884906043
-0.05034851107936597, -0.14044605747984404, 0.5330830086877888
-0.05030863327401862, -0.14263900664799495, 0.5313799376900097
-0.050351350197886745, -0.14557987824418073, 0.531300420599959
-0.04991268039279803, -0.14779433862098654, 0.5305998951149915
-0.05023207860403988, -0.1495426980413445, 0.5294925037798106
-0.05157975519617455, -0.15144294314112652, 0.5280707545826081
-0.05109328604539421, -0.15554012979498472, 0.5291054839917579
-0.05033062001065556, -0.15693990989736398, 0.5271439051723732
-0.05000144377074617, -0.15855479989300483, 0.525747232857105
-0.050938918279568084, -0.15929350481892618, 0.5264203601156802
-0.0513961751602252, -0.16200812746417148, 0.5242194842690617
-0.05154902445913626, -0.16475899658573973, 0.5266226590821139
-0.0513950625612313, -0.166690984109343, 0.5254477898181316
-0.051573035618319496, -0.16792322941332463, 0.5254981835410707
-0.05186745161246611, -0.16742472892941784, 0.5227625220671815
-0.05573007421209791, -0.16384136296907673, 0.5257534474448257
-0.056702633984135456, -0.1630236333121261, 0.5258744520639216
-0.05689528121909726, -0.16307284513599107, 0.5273475875578651
-0.0564553771225445, -0.1629055370539844, 0.5257656567532653
-0.05685579154162953, -0.1629740638971494, 0.5263615354926401
-0.05679768169785597, -0.16290985400848965, 0.5255969662904587
-0.056791384201168214, -0.1629316146819798, 0.5262604602228641
-0.056236867248347776, -0.1660030888773185, 0.5250193199667761
-0.05715211172203496, -0.16780302350539542, 0.5234029540239153
-0.057922706982725565, -0.16657895062722652, 0.5209071243768966
-0.06022310224115922, -0.16698131826039722, 0.5225386943559361
-0.06354163450746003, -0.16882455365259882, 0.5216723994520813
-0.06470804663826432, -0.1702360379668766, 0.5210209362708247
-0.06543700833256016, -0.172717503429413, 0.5232786174540541
-0.06682559318249742, -0.17493301259487093, 0.5203248285164093
-0.06863619175949086, -0.17573121099046443, 0.5201991498319253
-0.0684071834240444, -0.17680453962564877, 0.5196756328180286
-0.06863094185870064, -0.17914296413390485, 0.5204449822940793
-0.06845921944603675, -0.18062806540543488, 0.5188594548656207
-0.06772889500708859, -0.18144050985464807, 0.5181242195070698
-0.0674805045823003, -0.18158642940489184, 0.5194284819543457
-0.06816308043756612, -0.18420651550072137, 0.517618750875593
-0.06951054733466945, -0.1872006428938947, 0.5177793176124271
-0.06955093719909355, -0.18783580550901335, 0.5164089254307448
-0.06987708686827072, -0.18939274701620465, 0.5166895347321131
-0.070143413955706, -0.19092512136450782, 0.5164813285968362
-0.0707146172771902, -0.1916682588213446, 0.5148349951549446
-0.07128794522953365, -0.19369752424109143, 0.5158410130866045
-0.07172248973122337, -0.19601876746584487, 0.5149417988614412
-0.0716151746102062, -0.1974996141976248, 0.5144087020277386
-0.07221890179113251, -0.19885852300804643, 0.5141230141299425
-0.0735187190417033, -0.1985913321042785, 0.5145533883062937
-0.07470918980363306, -0.19840295306793101, 0.5144451058466787
-0.0744743265352928, -0.19831551989488608, 0.5141099199337739
-0.07292256487944833, -0.200729646408558, 0.513840972272423
-0.07358461298196912, -0.20128608586574523, 0.5162353156432397
-0.07318778092639654, -0.20301916519977684, 0.5167906789269989
-0.07415392504168619, -0.20357456673178195, 0.5163478670147397
-0.0743468969758845, -0.20398279598470706, 0.5153562051416382
-0.07416535507647964, -0.20664656339305987, 0.5159242353788577
-0.07406541861391745, -0.20569921462191995, 0.5159593803850409
-0.07334387487619336, -0.20250885629727658, 0.5157884511569475
-0.07371954518123587, -0.20021673171616, 0.516504411090575
-0.07357329302042599, -0.1942368412827674, 0.5176474190931775
-0.07228121859106808, -0.18893844220391318, 0.5219212643694939
-0.06917988786595379, -0.18827057130264058, 0.5231596865373167
-0.06678439649380218, -0.1877014339570302, 0.5220156308989923
-0.06510868083704573, -0.18932232676750127, 0.5249362847637404
-0.06419577942242247, -0.19066893078122982, 0.5250412367393313
-0.06327162522894828, -0.1911889236198832, 0.5244148843275163
-0.06174439276217106, -0.19081176976270026, 0.5244398873069286
-0.060093821597486385, -0.18984113783760576, 0.5243002080969204
-0.05694888813059354, -0.1888085796045832, 0.5254500295826797
-0.05338911453564793, -0.1874688449936335, 0.5255518191609684
-0.0506954813455544, -0.18654854010877475, 0.5243963391954084
-0.04736030341035157, -0.18426512386406618, 0.5247963514113865
-0.04505456518928572, -0.1829847327343996, 0.5258562874181618
-0.041539624847160894, -0.18280961130233694, 0.52561748161076
-0.037905329875299695, -0.18319124386785957, 0.5287691865627473
-0.03404787148306637, -0.18342262093014525, 0.5269672600257935
-0.030280115249520748, -0.18207080263333084, 0.5266747205350159
-0.0260521857308866, -0.18190115232287832, 0.5261993919414419
-0.022384040799586242, -0.18268830912897271, 0.5248755859432436
-0.019626845746233978, -0.18419235230155948, 0.5257544518581784
-0.013060540707432289, -0.18445695343732257, 0.5236247285979524
-0.007203831856009268, -0.1848749047975931, 0.5241259193597031
-0.005541486911590317, -0.1853582473941959, 0.5241669945834492
-0.00318104869573846, -0.18528215356141306, 0.5233785344510297
-0.000948687408392836, -0.18258263223143423, 0.5246306718998917
-0.001352551568126147, -0.18190356574360272, 0.5231690175801618
-0.0014047449917997134, -0.18202067195658478, 0.5234875248643582
-0.0014445886259546814, -0.18189224499755108, 0.5225515319921245
-0.001369872330907219, -0.1819147165757696, 0.5230954484399424
-0.0020228394376317427, -0.18152789621640636, 0.5242666948679853
-0.006783602476967737, -0.18387322564066916, 0.525140161551555
-0.011007018754109692, -0.18579698597644487, 0.5230462314428517
-0.012188364389194845, -0.18508688465204998, 0.5228733008879811
-0.01226610339187756, -0.18175908764662302, 0.5251455525965258
-0.01271447628380055, -0.17923925785010342, 0.527993243749585
-0.013475517163572889, -0.18044846947262722, 0.5272754480898624
-0.013844425462135879, -0.1806637752299937, 0.5291508624687111
-0.0146781239313909, -0.18054338221201705, 0.5271640536178346
-0.015509080565000985, -0.1806968937423629, 0.52729065354722
-0.01651564889128326, -0.18138518295857387, 0.5299877054736057
-0.017351398145833703, -0.18222458338902373, 0.5282907990542269
-0.02006628232479809, -0.18312522560036923, 0.5270452694379146
-0.020089135979933937, -0.18216286626769118, 0.5281572026453213
-0.01862988290283034, -0.1799264622848172, 0.5280903390631111
-0.017824119658222396, -0.17935071251253373, 0.5278836835693969
-0.017874721320663884, -0.1782420527585897, 0.5295117643137128
-0.017210374240701064, -0.17795724531116808, 0.5295145364131633
-0.01798621540198261, -0.17878606688253001, 0.5322150772418557
-0.018832484669087705, -0.18086857168553677, 0.5312603744728223
-0.019129849166289993, -0.17865834594470933, 0.5313997114459865
-0.02053500244371655, -0.1739587130669953, 0.5320073392683254
-0.02131320542173083, -0.16983444971793885, 0.5334946739228715
-0.021490887745728906, -0.16886082527898283, 0.5340587532656311
-0.02241283312049133, -0.17139485659447376, 0.5356420805738605
-0.02413455705742618, -0.17711827693869742, 0.5344569345845761
-0.02380958623353839, -0.1832928468155748, 0.5266768705363607
-0.02408976609724376, -0.18154741789298032, 0.5270629749281512
-0.024216956754302608, -0.17879674742086454, 0.5286176163199904
-0.02543072328146592, -0.1754880877098896, 0.5274902095382397
-0.027681632742431447, -0.1720519846434254, 0.5306978254314252
-0.03214664937035691, -0.167633174917562, 0.5325833014659669
-0.03411290336412146, -0.16478646907059424, 0.5338794508752838
-0.03601463760264838, -0.16023378026430946, 0.5359530969974874
-0.03816612770446134, -0.15535302126974637, 0.5387237482497217
-0.039903110742200494, -0.15232696767376264, 0.5393243692557197
-0.04454656903970321, -0.14691546283777032, 0.5425539229732813
-0.050647614339782536, -0.14401021151445142, 0.5425318788884035
-0.054201467605973185, -0.13893026535260886, 0.5454981288994222
-0.05681069456890872, -0.13310076692031628, 0.5472896910689841
-0.060739127929820086, -0.1303887239211742, 0.54877223138887
-0.0661613199748593, -0.12936441445514418, 0.5496413722882607
-0.07124754326143316, -0.12826960603047788, 0.5514404018160876
-0.07657952755624697, -0.1262067848108163, 0.5523373459669709
-0.07918350108435447, -0.12574905266490652, 0.5535579900650281
-0.08229116911204197, -0.12608783087761816, 0.5549887931762645
-0.08454100891001866, -0.1266330921201115, 0.5528832970919396
-0.08705165719946684, -0.12664883051876327, 0.5528302366286327
-0.08974385390008319, -0.12651706867403817, 0.553324603206265
-0.09023609570849485, -0.1260488244750723, 0.5541468312561378
-0.08903430529753323, -0.12687949960077166, 0.5538302680951391
-0.08796471128153813, -0.12678132897603417, 0.5537237532735556
-0.08767028992530129, -0.1270013793950424, 0.5550905934231042
-0.08749104599001592, -0.12690567201626674, 0.55338172371996
-0.08748438480668051, -0.12689871069996567, 0.5543734312391183
-0.0874968457951167, -0.1269851420652064, 0.5538109869168305
-0.08814261571459277, -0.12445032346003267, 0.553301002015595
-0.09122954700181082, -0.12427584392540325, 0.554493927509524
-0.09260904870798806, -0.12383377762136712, 0.5520713228217224
-0.09209323937996283, -0.12356532660886206, 0.5525259728007902
-0.0924960057966245, -0.12242735492485582, 0.5523532543657454
-0.09242537125774068, -0.11997949562390113, 0.5520466038531303
-0.09103880153447468, -0.11866780245420332, 0.552301277904211
-0.0899278279227914, -0.11682039212259247, 0.5535946965775773
-0.08914003466771601, -0.11565833892759173, 0.5533064719544104
-0.08937390883477231, -0.11524759562549372, 0.5537166548097783
-0.08861459960518812, -0.11453724605888195, 0.5546806621123108
-0.08778335299048128, -0.1137892460663676, 0.553973065541237
-0.08694375027367396, -0.11379995431431185, 0.5538102169559599
-0.08587293874601803, -0.1146671029306455, 0.5537988431997615
-0.08526276155800266, -0.11487818994918468, 0.5550109935792319
-0.08407269269098797, -0.11478306807148851, 0.5542859514246423
-0.08308124982571999, -0.1147371766971548, 0.5546339545018215
-0.0817440039688185, -0.11493989040530601, 0.5542354744399699
-0.08036610340642387, -0.11485913768728631, 0.5555791517313069
-0.08010385484411266, -0.113740608285973, 0.5565720338129309
-0.07817845710188011, -0.11298416906667112, 0.5539370085773923
-0.07652462449842973, -0.11153795429576563, 0.5556800537642139
-0.07550914008389385, -0.11126687723636007, 0.556079856480523
-0.07244621921477651, -0.11113790299069637, 0.5576458467479375
-0.07183452529289629, -0.11128008184201453, 0.5578487021948244
-0.07012449832159771, -0.1106580443321312, 0.5571963318310327
-0.06833299424963324, -0.10989602471179782, 0.5578866247964122
-0.0666309762778263, -0.10997449069606863, 0.5565360906148453
-0.06568701881189096, -0.10995736090821606, 0.5574183488251235
-0.06373095741086755, -0.10961420496026761, 0.5569055251951756
-0.06234297714302887, -0.11014791631628486, 0.5593715367458558
-0.0615201908350996, -0.11147337288277692, 0.5591572575000366
-0.06027156461969325, -0.11038097073947213, 0.5556443695390915
-0.0594575974908365, -0.10752169098239628, 0.5574465837740402
-0.05951141517378643, -0.1073754138745551, 0.5591425729264439
-0.05944122321360753, -0.10733292394214755, 0.5587532550916431
-0.059611234412308284, -0.10716995101902439, 0.5584859438978281
-0.05966283660299456, -0.10708726348652839, 0.5585016816549138
-0.05953570728835933, -0.10728177712407293, 0.5580195673932954
-0.0593834173408303, -0.10743562108680509, 0.5587677375061814
-0.05938703853910342, -0.10720499488310457, 0.5594706785647278
-0.05949556791680218, -0.10719808134348076, 0.5588042781027327
-0.059364160337792994, -0.10704680391217408, 0.5585991949023912
-0.05937932976567013, -0.10727518411613975, 0.5585513088549849
-0.059474666112964834, -0.10718807552239583, 0.5590160580486844
-0.05948551860654688, -0.10724479923744944, 0.558579773157736
-0.05968769463737362, -0.1074113875254724, 0.558411938780123
-0.06031644143034154, -0.10749090202396888, 0.5561172057142139
-0.05992705347068432, -0.10846810830057006, 0.5568837846781589
-0.059972077352927394, -0.10914855347092346, 0.556597912461673
-0.058874257635664215, -0.10974498918357127, 0.5555390133662546
-0.05819892186024385, -0.11023270022387642, 0.5553282178697316
-0.05791228234533723, -0.11209049471125965, 0.55687714341278
-0.05833523892618469, -0.11807193820984482, 0.5548047168368647
-0.0583026070210816, -0.12538205478770212, 0.5569134621578788
-0.058723428844095045, -0.13502599216505548, 0.5468246532500695
-0.059726423498107965, -0.14277647877813307, 0.5443178606095543
-0.06198911899281883, -0.1463069845953698, 0.5430879730353162
-0.06448606475871767, -0.14961025567682273, 0.5414090015188848
-0.06898256172824574, -0.15272469308903763, 0.5388643846168754
-0.07209355242559394, -0.15519731054122438, 0.5386080355302577
-0.07426565229652814, -0.15780301422379275, 0.5355716758126446
-0.077613462909949, -0.16053372601378277, 0.5337235142076835
-0.08047352011442054, -0.1655147421025498, 0.5316395783484766
-0.08354383316534977, -0.17144793429908792, 0.526299639757271
-0.09297741256039439, -0.17207830886029798, 0.5207468182347145
-0.09224592792153997, -0.169501591792113, 0.5221678255153799
-0.09170145054910292, -0.16648366636280196, 0.5231924946402962
-0.09162548830008681, -0.1627113505934659, 0.5246437766545511
-0.09107505074035718, -0.1577134286336258, 0.5226826328511777
-0.09114943399309548, -0.15403523920980464, 0.524345441920836
-0.09108629164069058, -0.1514099434684864, 0.5280865734543374
-0.09128341943973442, -0.15107675925649555, 0.530625893905577
-0.09219759234336228, -0.1533298506675893, 0.529464378566938
-0.09245081374594132, -0.15485979486731696, 0.5290586601216559
-0.09343681531904537, -0.15632193741572412, 0.5294858371035963
-0.09426648682548244, -0.1563653542908848, 0.529890712990241
-0.09531652868487521, -0.1565049242914757, 0.5296966099709157
-0.09659924157345846, -0.15756171850931355, 0.5278524207959184
-0.09773064175694135, -0.15818431058914195, 0.5293101348845162
-0.09806040757246624, -0.15865013922935062, 0.5270463832719618
-0.09963321125396532, -0.15728622998034672, 0.5280196092434434
-0.09964589635637466, -0.15213768057433746, 0.5291208111146348
-0.09787626804186188, -0.1507955503422374, 0.5296364106417641
-0.09697819450726021, -0.15122548640139294, 0.5319612557676056
-0.09424397466308218, -0.15104799096026014, 0.5299513571496476
-0.0927187297117569, -0.15008642782194162, 0.5303810151560449
-0.09200105864212146, -0.1485475183281962, 0.5301731956886191
-0.0909505005830451, -0.1465945753011291, 0.5301580926083571
-0.07763137780793893, -0.1441571709127435, 0.529478309066429
-0.07572225456716203, -0.14502581447464571, 0.5288613461927785
-0.07292768501789577, -0.14478582987180955, 0.528122700922721
-0.06995079580699257, -0.14492830467772713, 0.5297546212189493
-0.06401425033065462, -0.14468428846553463, 0.5288728226240199
-0.05978274059579312, -0.14349625583857292, 0.5300709349165063
-0.05582031233335082, -0.1427511709498839, 0.5304143971090298
-0.05410071586059492, -0.140561138336345, 0.5305566169915913
-0.05369746854910329, -0.14049577229843538, 0.5315745226358879
-0.05348731661644866, -0.14064684241524653, 0.5319458374940731
-0.05341975514795225, -0.1405488701246799, 0.5316966165368653
-0.053455041574828645, -0.14062349199679258, 0.5312411967640478
-0.0536234108709469, -0.14063153799042952, 0.5313526974684635
-0.05372477052355398, -0.14057653928743322, 0.5322265620954788
-0.053882514674323076, -0.14052622675199727, 0.5318324690261093
-0.05378478852492865, -0.14049981266468503, 0.5311829471575178
-0.05434461478087683, -0.13982582848067546, 0.5298304950537305
-0.055042424321930725, -0.1370339943614693, 0.5315503643067548
-0.04972066087906903, -0.12266235194854459, 0.5388814974603369
-0.04983010817243973, -0.12372154683872678, 0.5389499055265405
-0.05064494725770433, -0.12275456504426657, 0.5394686838815136
-0.05055565460846427, -0.12258316669639514, 0.5382828563345808
-0.050447882547044375, -0.12158351432452298, 0.5389669846642995
-0.050156556417021506, -0.11969466884229353, 0.5386354324664425
-0.04971462202749455, -0.11892027744389243, 0.5401659172034112
-0.049788946940600466, -0.118660381665357, 0.5392454098066705
-0.04924272467422028, -0.11906181762415044, 0.5413976908512197
-0.049720406972995936, -0.11906621211549681, 0.5398185903755311
-0.049497295658208124, -0.1196918441609946, 0.540784545035087
-0.050295921780637944, -0.1228250361824846, 0.5403897496654511
-0.050970841630442104, -0.1252269499259164, 0.5410006518867247
-0.05218116967787404, -0.12832386932714118, 0.5406342354442625
-0.05314000286440005, -0.130423079438861, 0.5404521055063131
-0.053922036089944954, -0.13101659662374143, 0.5402342057785929
-0.05364460652030971, -0.1319879967081078, 0.5399478813229192
-0.05198707559842494, -0.13354882381819058, 0.5402938335681612
-0.05058389619221482, -0.13486873994243365, 0.5407466418994815
-0.04979362737078202, -0.13620086018563926, 0.5399874378212124
-0.04955018046823691, -0.13649207615481548, 0.5404216733673096
-0.04860964437719991, -0.13706961988226352, 0.5389132502803473
-0.04835989442478158, -0.13710366315291675, 0.5399201606266217
-0.047730650159105686, -0.13757786800708688, 0.5385079296489818
-0.04572943552690388, -0.13774173021516853, 0.5388584932437052
-0.043656002859303836, -0.1366452915814797, 0.538728125493429
-0.04263667445988478, -0.13588061565079895, 0.5388954717684681
-0.041251183522514195, -0.13504061213900623, 0.5398190739000246
-0.04006893564212077, -0.13406965106702998, 0.5392835895468284
-0.03882483483650446, -0.1318303504841362, 0.5390815987271217
-0.038756140005291276, -0.13112932137478428, 0.5405370986016652
-0.03852594455251112, -0.131317929769865, 0.540574711353461
-0.03915542620179243, -0.13119404592665027, 0.5407273986085918
-0.04039948793899044, -0.13048663137704533, 0.5410046594607564
-0.03836123388761113, -0.12982758830455715, 0.5412534401321343
-0.03596647181695921, -0.12903460900805588, 0.5412999290502198
-0.03394780552150351, -0.13055337416322765, 0.5421444387788622
-0.03434304641081985, -0.13200333026439146, 0.5416527401083886
-0.02934076325012835, -0.13289558344311198, 0.5392836438202394
-0.02649264520968967, -0.124660273911483, 0.54397922842202
-0.03342516124010014, -0.11624478993619396, 0.5462057088960285
-0.03624297062014147, -0.11253380778737436, 0.548342501909359
-0.04124289431214312, -0.10911075060640542, 0.5509270809567497
-0.04504078144162786, -0.10660585507347864, 0.5513369665220207
-0.04992556881932572, -0.1042650215600065, 0.5528242983739422
-0.05355476964469798, -0.10298216454012049, 0.5555428938691175
-0.05705861764384205, -0.1021711708925065, 0.5547849336385827
-0.06198152045623476, -0.10187451956918657, 0.5561240115246646
-0.06757883366586723, -0.10187200948323208, 0.5572009897653417
-0.06860311441668297, -0.10177601183197094, 0.5565919868959525
-0.07271444867438843, -0.10235248751624809, 0.5565301050488799
-0.07489602157452915, -0.10267149175698129, 0.5592874370866946
-0.07778276277475445, -0.10160091835767834, 0.5577042762619127
-0.07874092511600435, -0.10061534432325153, 0.5569163836608708
-0.08127235371831941, -0.09826459109102016, 0.5592317432309796
-0.08071230610500355, -0.09657159402834856, 0.5597620461037481
-0.08008138577377633, -0.09656046199595975, 0.5611142081181587
-0.08008321883562997, -0.09660527390445486, 0.5618054094014213
-0.08018247796418407, -0.09638327827161665, 0.5614176417586187
-0.07990475193860568, -0.09664966363061508, 0.5592342516936359
-0.08869525790036509, -0.09660110791633199, 0.5568333209628804
-0.09665923992180868, -0.09468682757590496, 0.5550800239703831
-0.09906385791002902, -0.09413988421141263, 0.5562010392991028
-0.10046506380374308, -0.09298072037821814, 0.5551641063166138
-0.10224162871945183, -0.09163689562043044, 0.5548859041262229
-0.10531050684560583, -0.0902550881182133, 0.5546215885693825
-0.10815875303290548, -0.09021226110551689, 0.5540469690982831
-0.10994590423680967, -0.08999459660565076, 0.5561486346752811
-0.10920667905472511, -0.0887985474854132, 0.5558539868271414
-0.10598774556207793, -0.08791251792143047, 0.5559215635202677
-0.10360494216677393, -0.08735020925574719, 0.5576277089679677
-0.10058738572606457, -0.08575097940298865, 0.5587240994473471
-0.09708000754445122, -0.08322736376669997, 0.5590218563047153
-0.09451375950696546, -0.07996559210660185, 0.5604353013702044
-0.09171649387587527, -0.07436854664085578, 0.5644982430644394
-0.09134565894268579, -0.07294277432592655, 0.5680842954691022
-0.09111025425656902, -0.07166497579500666, 0.5691719716916145
-0.0902125386232801, -0.06948553348248619, 0.5713964711863415
-0.08860058457908963, -0.06939262724911363, 0.5733696887392107
-0.08653394185462265, -0.07065778819279131, 0.5736315570945824
-0.0844014009622771, -0.07268074782625668, 0.5748771850868781
-0.08418165504893826, -0.07431634007103949, 0.5729978763467513
-0.0836201785323622, -0.07494161984019167, 0.5724128531562335
-0.08320468733395335, -0.0775830499547942, 0.5719323696473548
-0.08426198257975633, -0.08021804014194976, 0.5704845738204273
-0.08548500166848101, -0.0806598839165285, 0.5698662797293462
-0.08692433909322336, -0.08371156946329988, 0.5711979071770223
-0.0878013191685075, -0.08631556193431837, 0.5691446029491918
-0.08746560046417491, -0.08953802217979456, 0.569962572561839
-0.08823641857281449, -0.09140408935266708, 0.5657586400513458
-0.08715567637920514, -0.09252993510179933, 0.5653156146460404
-0.0868136724073528, -0.0942416764979202, 0.5669177640043687
-0.08618225442790502, -0.0952421053972331, 0.5663755409813614
-0.08554168452235762, -0.09596961540906018, 0.567276688558644
-0.08411857209250294, -0.09728140753918449, 0.5650145425974955
-0.08087752834800929, -0.09759920961736536, 0.5663856376247347
-0.07841772717774441, -0.09801244826521299, 0.5682640035403663
-0.07627792134387389, -0.09914585662856398, 0.5676819346753149
-0.07399973739323316, -0.10122200381726376, 0.5675810025700471
-0.07189582232698222, -0.10267836132971797, 0.5656431935111806
-0.07028375368635956, -0.10357055736341994, 0.5661583240053538
-0.06768560669588783, -0.10557553460470225, 0.5670219042317807
-0.06680446573338203, -0.10511805421388351, 0.5664141108229106
-0.06356698008936648, -0.10207378080718141, 0.5659629997942001
-0.06241663344838382, -0.10118915472895176, 0.5680328959433927
-0.06246950733532432, -0.10119215488636685, 0.5682215735938534
-0.06247853431879009, -0.10114401052015672, 0.5690214494537841
-0.0623543639303486, -0.10125951257064877, 0.5684141956764568
-0.06237944437792901, -0.10121475347244796, 0.5676948201051735
-0.06242550622006472, -0.1013022113699966, 0.5668470188163038
-0.06302557409682918, -0.09776786037289556, 0.5680900184676257
-0.0638848805517615, -0.09554462281335709, 0.5678597754095174
-0.0627830354484518, -0.09329027622133595, 0.5693877351327206
-0.06076647831411775, -0.08899680695210836, 0.5708008065252979
-0.06004739552654136, -0.08605389250505242, 0.5701091985365343
-0.058614041736021576, -0.08183028354730222, 0.5719515641057717
-0.05702596264285113, -0.0804171640387798, 0.5741323547526095
-0.05448547032574086, -0.0807280210365418, 0.5777543853743289
-0.052107314949305, -0.07930718542250617, 0.5789594965031485
-0.05008711007690747, -0.0754771744644012, 0.5837587736891757
-0.04873425353962695, -0.07545658352058315, 0.5867956153791299
-0.04814025208199013, -0.07857033292124646, 0.5892979761455479
-0.04878599141868402, -0.0827300454371067, 0.5882584235649909
-0.04909558702045208, -0.08417240667404259, 0.5871228932139827
-0.04735573883867982, -0.08541471436600155, 0.584842042092321
-0.04670177430882168, -0.08507666050963814, 0.5867654320757246
-0.047162387198830785, -0.08494676075352055, 0.5880489758598862
-0.047802645341701776, -0.08543725933950133, 0.5874631011410737
-0.04835816126210885, -0.08658668611034531, 0.5902137023258395
-0.04889927591828916, -0.08749934866414945, 0.5884869619726649
-0.0478563338250189, -0.08860357540393929, 0.5882126814474941
-0.04823452596850304, -0.09307394334154923, 0.5896567782972786
-0.04951053947174509, -0.09551827318163551, 0.5860839973553278
-0.05035739632120018, -0.09695622293345342, 0.5865777535513512
-0.05109931511357136, -0.09387792320967779, 0.5829625937816753
-0.04963205609097227, -0.0918650095303643, 0.5855123191488399
-0.04820381478657109, -0.08872656680780967, 0.5846231869836394
-0.04662377251141866, -0.08717802127759522, 0.5854443190836589
-0.04544776594264096, -0.08657126899694088, 0.5858811950228061
-0.0440459043724334, -0.08849652961745749, 0.5854913723866465
-0.041614923463147255, -0.08948900056699605, 0.583341739724293
-0.039477715576486834, -0.09112651397049643, 0.5837247471876116
-0.03866657975024823, -0.09324668819342218, 0.5833646676762128
-0.03844861724535661, -0.09626112378931437, 0.5803969571119484
-0.03658262239828427, -0.0979012373937142, 0.5788165285655118
-0.03512047578774982, -0.10015779778473018, 0.5775890178800686
-0.03409621386978271, -0.10043585757193291, 0.5779535331817366
-0.03197889893397206, -0.10121956177232794, 0.5763321359115962
-0.03125209333197906, -0.10389441575744068, 0.5755937787774122
-0.03015456552393117, -0.10621995667967667, 0.5746847521665359
-0.030190457837270483, -0.10915035684849332, 0.5739064479675485
-0.028805278842080482, -0.11349725446512574, 0.5705898973213958
-0.02666963497001667, -0.11566647029096726, 0.5705002731375941
-0.024817481666419387, -0.11858866389238036, 0.5692251237492704
-0.022444082357536893, -0.12152329826752656, 0.5688613020500192
-0.014354874027072419, -0.11826106324433097, 0.5690640384006451
-0.01660291868812283, -0.11164654566808518, 0.5726331407647842
-0.02245117718262017, -0.1063249448139997, 0.5728829309687039
-0.02682846004310099, -0.10326563240622323, 0.5738139752630885
-0.030647277730088077, -0.09924668156248612, 0.576263325846763
-0.035650099644713766, -0.0943807119956254, 0.577519683291778
-0.03961509502861329, -0.09191249876552149, 0.5789739099310627
-0.04498807757811113, -0.09024178568125026, 0.5802864264892709
-0.050490391168317064, -0.0891069437705346, 0.5825703591282916
-0.0556449431781267, -0.08861522242992911, 0.5814163582382644
-0.05822996812079164, -0.08852903581570473, 0.5830353487643843
-0.06250201460355694, -0.08891126483982681, 0.5834259895142437
-0.06611247868110996, -0.08962455910267174, 0.5823672596793732
-0.0706110823476154, -0.08944319164006508, 0.5852894254539177
-0.07472002804812015, -0.08947793003249586, 0.5840751374494728
-0.07778816375507931, -0.09093945384193215, 0.5822594174822477
-0.07992575527209649, -0.08948044263512142, 0.582149403635196
-0.0794247371842983, -0.0860288470583064, 0.5832012700495667
-0.07941310641979851, -0.08582320963521145, 0.5845902153805916
-0.07937020992962411, -0.08583164975742211, 0.583322531828913
-0.07951788881164873, -0.0857943488630352, 0.5833751059036119
-0.07939968133422849, -0.08581173065494042, 0.5840928665983728
-0.08154924176173577, -0.08588446793565502, 0.5835050524674985
-0.08548259093093329, -0.08606657982545671, 0.5816697817482613
-0.0899985782449992, -0.08547389690586113, 0.5818841911849151
-0.09399806147641071, -0.08551519969751019, 0.5815763807103477
-0.09902651656787462, -0.08661549956509032, 0.5821767363323599
-0.10486379517053587, -0.08919021691826622, 0.5801196813017755
-0.10830864763895054, -0.0905711969130238, 0.5788361976139493
-0.11294585329027595, -0.09153349655166093, 0.5791751846481695
-0.1153610096827243, -0.09267167514714705, 0.5782283078554411
-0.12026329628851046, -0.09209028467493179, 0.57764580184487
-0.12155472465091126, -0.09038801214548675, 0.5774108757136277
-0.12079881515811444, -0.08440955416466417, 0.5777712085250616
-0.12096877696955204, -0.0800342092635831, 0.5796918811321699
-0.11861276818397117, -0.0779164102343179, 0.580634165345416
-0.11490842869715633, -0.07655429805316875, 0.5806831277821135
-0.11210052996756642, -0.07461945244563901, 0.5794248939522358
-0.11048880391600575, -0.0687165107467604, 0.5794543441037682
-0.10841195355710095, -0.06403584635491397, 0.5820589962817226
-0.1082462521581005, -0.0640104627335039, 0.5820565638612538
-0.10829568701062095, -0.06409742658694266, 0.5827068168982394
-0.1083650496640364, -0.06409636182069219, 0.583229550638211
-0.10842926622498505, -0.06395836248223903, 0.5831434195802053
-0.11090111010926638, -0.06387159913233936, 0.5823197650525708
-0.11462648297120492, -0.06389274170679028, 0.578800217380902
-0.11816878474708283, -0.06350771048092682, 0.5805886667922846
-0.12128391595321451, -0.06329102391344037, 0.5787882456067178
-0.12698477208310538, -0.06520689996561609, 0.5790288349543352
-0.13297241411613156, -0.06717895863809771, 0.5762523296459994
-0.13892878366404973, -0.06997635954252603, 0.5766945496032939
-0.14453333511298647, -0.0718732829913477, 0.5726042483165966
-0.14916074484627706, -0.07248240529729885, 0.5729640514922588
-0.15326630154394794, -0.07279815388910184, 0.5733861115648292
-0.15844268048023444, -0.0736159349098947, 0.5703043607109094
-0.1636371409461641, -0.07560155141219009, 0.5726316588374248
-0.16555615254768274, -0.07726749873306157, 0.5700741697509204
-0.16690080401885626, -0.07967714562857031, 0.5699563000306554
-0.16950226709154662, -0.07940950831435341, 0.5664694720994965
-0.17157540141091546, -0.07872801025208824, 0.5681737213312408
-0.17228226360436044, -0.07685742162685956, 0.5673181399147067
-0.1737739544594675, -0.07587374018696806, 0.567990200936154
-0.1757298993984155, -0.07769397803305968, 0.5673153408571364
-0.1766537829350997, -0.07857608020435576, 0.5649808078326898
-0.1775962831723042, -0.07917930870431773, 0.5670206111272729
-0.17888099230884896, -0.07977643465213834, 0.567342248705568
-0.18051631280461788, -0.08132688584859953, 0.5667582567850811
-0.18032304345615235, -0.08231185464509003, 0.5677327835797439
-0.18032661419240173, -0.08204860567367679, 0.5657648592780945
-0.18639744291863597, -0.07259117063813253, 0.5675643326814775
-0.18685718172860213, -0.07219514737487209, 0.5692270764042996
-0.186636861661989, -0.07214372395915693, 0.567890455996041
-0.1867613510617224, -0.0721269714486574, 0.5680656763967222
-0.18698321878318933, -0.07204465145235728, 0.5687561672216241
-0.1867442820080463, -0.07234271616604207, 0.567652539601056
-0.19011496668293132, -0.07152005292908843, 0.5673065743608244
-0.19223277402964806, -0.07155794664831586, 0.5649918734606206
-0.19535481607765523, -0.07113381530827714, 0.5625179173902888
-0.19587652609741538, -0.07119909370655808, 0.5622070627296367
-0.19819651460576396, -0.0727438786405096, 0.5623873187996743
-0.19995646377807605, -0.07351077978717996, 0.5616516620520049
-0.20464715193016692, -0.0770002520861999, 0.5603327799058296
-0.2099418007175179, -0.07972612796993701, 0.55876658127043
-0.21834955416409904, -0.08297724374761273, 0.5578166260818135
-0.22386465322709784, -0.08651683464846713, 0.5511516967497866
-0.22835199517089258, -0.08871836140984157, 0.5525701632785405
-0.22576319240933074, -0.08805367681111916, 0.5505627671782732
-0.21841778186876265, -0.08678469642588693, 0.5516423703457504
-0.20979859043311336, -0.0872236387866259, 0.5579576644270227
-0.20148396801010884, -0.08837701466385603, 0.5558749967337863
-0.19938910681469232, -0.08965315678945461, 0.5582321086177017
-0.1961788118415868, -0.09127032109093991, 0.5603581344436753
-0.19491632220851224, -0.09148878730921256, 0.556931640468141
-0.20077361066939645, -0.08884048539270925, 0.5547806237512827
-0.20090505070702178, -0.0890042474708496, 0.5560452755930613
-0.2005715791335971, -0.08906207089960895, 0.554928563433885
-0.2006257005518798, -0.08896242295622711, 0.5556450457799034
-0.20081806673634653, -0.08895899393432427, 0.5572701659948149
-0.2010417599007523, -0.08875774055817622, 0.5580351699367592
-0.20076499620215288, -0.08891213765318527, 0.5563814569416637
-0.20238921011240246, -0.08910576024851692, 0.5578658405913794
-0.2046923034438772, -0.08779458851120586, 0.5550220505836865
-0.20395539071577676, -0.08897684011291324, 0.5539158610964584
-0.20233665294766034, -0.0895605055622858, 0.5538010588744805
-0.20063994058350368, -0.09059979619703198, 0.5540548683569232
-0.19793892812409733, -0.09133017090961433, 0.5549268532400842
-0.19577509825881728, -0.0916660485781577, 0.5590407584443222
-0.19002423449644995, -0.09344116662692172, 0.5593536151624287
-0.18641170007749097, -0.09426525012925653, 0.5569516672662393
-0.18260582960663385, -0.09509298314742269, 0.5582197799923506
-0.18005883535232067, -0.09635339378751599, 0.5597252013461513
-0.17807368077833038, -0.09844654221306234, 0.5605615309094581
-0.17842413584580158, -0.10525904005645072, 0.5626062763565126
-0.177186164509392, -0.10912352122837522, 0.5565311723111893
-0.1737785137934963, -0.1117097644546061, 0.5560135316984927
-0.17139295776267907, -0.11345506109783082, 0.5558376730514184
-0.1697828067603408, -0.11484885113458235, 0.5565696553799139
-0.16904794653623537, -0.11460220384723029, 0.5570738468908851
-0.16714902483989558, -0.11391475199948393, 0.5568451988314855
-0.16636155054685364, -0.113605630964194, 0.5562604435787603
-0.1648236462454176, -0.11382930212004894, 0.5591803147179237
-0.1646788687664135, -0.11402485807663955, 0.5579497224957873
-0.16544286578179404, -0.11411735168350133, 0.5587334822529073
-0.1651709168651696, -0.11341850779447624, 0.5554313100300915
-0.16489764779310834, -0.11257070371046249, 0.557234486579324
-0.1625249274938703, -0.11123573737000354, 0.5565138665587456
-0.16022526474078322, -0.11007564720154259, 0.5573419703451314
-0.15879772070271006, -0.1076201711758476, 0.5573885469945078
-0.159625597800217, -0.10612632368001826, 0.5591827618668666
-0.15994582537382956, -0.10625616181461431, 0.5594475704759132
-0.16011774611513613, -0.10610073283784767, 0.5577021745975789
-0.1604530225646366, -0.10600811815794504, 0.5590099016886988
-0.16023161536910865, -0.10614183466669927, 0.5590072939551594
-0.15988833658993137, -0.10630047281312359, 0.5585391340379298
-0.15847753580793686, -0.10981456074838566, 0.5580263148801953
-0.15601089053112796, -0.11370688996524847, 0.5571302481845349
-0.15636226033798664, -0.11435042911375018, 0.5570316075505733
-0.1609505415600686, -0.1166906117782384, 0.5561084033424727
-0.16108114781205232, -0.11760447262471929, 0.5547449676103663
-0.16161408222144713, -0.11880627132019662, 0.555100418234594
-0.1643068554070615, -0.12202081049597702, 0.55248571669969
-0.16378224028328567, -0.12275271982175576, 0.555026615598217
-0.16619732125390474, -0.13022435251074643, 0.5524977747666633
-0.16847210966450069, -0.1343430905118386, 0.5529111670647266
-0.17004075295034451, -0.1370084104710415, 0.5521862596543701
-0.1701082556236945, -0.14088713887275892, 0.5515504874059621
-0.169352584965462, -0.1388701389293202, 0.5493057338050386
-0.15078477372755425, -0.10791224908430826, 0.5561806489917538
-0.15111045948268498, -0.10886979560260504, 0.5520523886690446
-0.15053674301391257, -0.10824759714375026, 0.553029401743413
-0.15072704351314123, -0.1077357835648629, 0.5543882603490501
-0.15146640981627366, -0.10776600527822315, 0.552847896827779
-0.1507792733510739, -0.10735831063688815, 0.5509700819638598
-0.15060091859288782, -0.10773213909589378, 0.5519137734148777
-0.1508833562180064, -0.1086446852987248, 0.5516903333067837
-0.15092330491488934, -0.10980092001725361, 0.5505887851528809
-0.1498709742146527, -0.10994327043484779, 0.5511461905351254
-0.14915502472997516, -0.10947408772070548, 0.5490498755563943
-0.1489268565442998, -0.10943836189338195, 0.5502440246266475
-0.1491114053300074, -0.10952329428623746, 0.5504197692064432
-0.14905202935343484, -0.10949252433684149, 0.5501031284020855
-0.14779197013046397, -0.10834248605653757, 0.5507110840540974
-0.1450301484571654, -0.10155490115862847, 0.549798800958058
-0.14364881901793597, -0.0972790823342148, 0.547769051390665
-0.14384698721842676, -0.09352496093200047, 0.5491317199080402
-0.14236485740547639, -0.08931423471918114, 0.5501424720363123
-0.13974509178834693, -0.0902851330753374, 0.553659159613067
-0.1320221123468119, -0.09199499363983604, 0.5543332908606544
-0.1262055929330799, -0.09068562233104131, 0.5566246606179825
-0.12155726700699221, -0.08847630807188497, 0.5555608146215517
-0.11467641549349646, -0.0871255650810244, 0.5547085666034401
-0.11088137626541983, -0.08614575555936405, 0.5558898437172394
-0.1062998610801823, -0.08592781058436377, 0.5568007555159579
-0.1027482605774988, -0.08576594742630157, 0.557544115450391
-0.10093093983206733, -0.08560567233970393, 0.5560757841133003
-0.09892420898985138, -0.08642429913121351, 0.5585886865528473
-0.09856569785845846, -0.08741439038781221, 0.5558654878356543
-0.09476415971787075, -0.08957488123790015, 0.5603717456825162
-0.09380380698469985, -0.09007473318992755, 0.5585635123668008
-0.0920905763344151, -0.09049941479274945, 0.5550419739703027
-0.09180600538973815, -0.08513387393103496, 0.5554547745200932
-0.09240438295140146, -0.08178574819358035, 0.5581321349644236
-0.09135919393973083, -0.07605104426175391, 0.555452731692486
-0.09057248164469772, -0.07094227995400008, 0.5574342245823318
-0.08805140072342801, -0.06448111717992153, 0.5568676094617275
-0.09214937622003655, -0.06757413296136017, 0.5604313278312796
-0.09425290596816545, -0.0744100680746066, 0.5586441014909316
-0.0969366541086789, -0.07770975565109486, 0.5586824432960589
-0.09922434500303501, -0.08106259704805902, 0.5607678160578278
-0.10068665679990002, -0.08555071527551089, 0.5592874682922859
-0.10263939453789461, -0.08860552667959912, 0.5608869655067855
-0.10486749704706513, -0.0925166339241886, 0.5598978067366428
-0.10702078112128209, -0.09623752926966919, 0.5558914734866984
-0.11008062745271967, -0.09883353172399811, 0.5547336335747273
-0.11318378071374828, -0.10084788470915793, 0.5549552197571962
-0.11482356546017329, -0.10441299532388892, 0.5541625508963941
-0.11704384837721632, -0.10748986172187533, 0.551369422913003
-0.12017587322798814, -0.11068205948617296, 0.5523051868542707
-0.12411655034079265, -0.11292965298386425, 0.5522538515139968
-0.12651717740769877, -0.11449906682727758, 0.5502422183451893
-0.12773470182425573, -0.11674251605004426, 0.5496613009776173
-0.12983368153400382, -0.1187683989146816, 0.5500266769131804
-0.13323923957130665, -0.12115686486641018, 0.5503357892039037
-0.13356075201126824, -0.12323558211484624, 0.5491483276822413
-0.1338369048847843, -0.12539028906023547, 0.5475302471236151
-0.13475046312966202, -0.12850750793202206, 0.5480139309281448
-0.13570077152924534, -0.1310573022210106, 0.5486109643477822
-0.135286148612971, -0.13246703373624083, 0.5469732747476862
-0.13277488945191424, -0.13380783140365843, 0.5471337595404404
-0.13055900616402483, -0.13576927976744943, 0.546304430609489
-0.12851882304613163, -0.13768199803734252, 0.547481314355173
-0.1255607425308352, -0.13989756343907203, 0.5468932143074925
-0.1236497190388209, -0.14100298301385533, 0.5450280261556731
-0.12276420559008053, -0.14296757914201202, 0.5475174405224936
-0.120991842340473, -0.14549613231886208, 0.5479256699857491
-0.11840748062363851, -0.14764729450110417, 0.5488808028258534
-0.11622608704858363, -0.15024012123846697, 0.5471199533575711
-0.11427994955688695, -0.15291353609140484, 0.5479429055556536
-0.11170913322214734, -0.15551098847144207, 0.5468540423655456
-0.10954818271427888, -0.1589229161287531, 0.5458320588322682
-0.10821421612991605, -0.16070413231986583, 0.5460496108438726
-0.10622632648696712, -0.16148762344362316, 0.5468687476407182
-0.10288858652029699, -0.16173593433573133, 0.5468879645902032
-0.09812192564779074, -0.16144508481845365, 0.5468213144070695
-0.09505009192970648, -0.1615005453991269, 0.5478293853288037
-0.0931303897112693, -0.16213300789717186, 0.5455791921620219
-0.08962144137198862, -0.16204081661334352, 0.5459674617388423
-0.0871321864606343, -0.16283817240984755, 0.5483274127873559
-0.08582969934931846, -0.1636604280484127, 0.5488148636990702
-0.0838623967889866, -0.16485087970389004, 0.5506230790391414
-0.0813565196250577, -0.16511838547978624, 0.5501619475306465
-0.07787839045692792, -0.16428011888018143, 0.5500282458182695
-0.07565806441108985, -0.1644366211902459, 0.5493823354065634
-0.07298298356204991, -0.16379298281144758, 0.550597888129908
-0.06694760231962665, -0.16138471613197605, 0.5520440703995503
-0.06351526883548335, -0.15957945923895664, 0.5538793166664832
-0.06204218503319005, -0.15943233742593965, 0.5537444958609202
-0.060016387786137604, -0.1584806677600414, 0.5531687869074273
-0.05814771322817068, -0.15654751642345371, 0.554411955307271
-0.055574003444392304, -0.15503453566564135, 0.5543889130496571
-0.05558962756277479, -0.15431051832089557, 0.5532810132710805
-0.0541387803475166, -0.14955868085537025, 0.5524606164730912
-0.052221311023747184, -0.14087114858572453, 0.5547493233173552
-0.05063238228877613, -0.13659332776514488, 0.5550558346852755
-0.051029449292784086, -0.12621543054393647, 0.5560934127954581
-0.050595259696537845, -0.12369636662163873, 0.554776486361537
-0.05241717528806552, -0.11994176648391994, 0.5558100492968902
-0.05462879192495465, -0.11766624114842397, 0.5562669373327686
-0.05764647339254059, -0.11701291149052949, 0.5548612186437261
-0.061229865273950974, -0.11414688641882871, 0.5529808677932609
-0.06349427819793196, -0.11029535989191373, 0.5556424009153201
-0.06583611902688101, -0.11002461704442491, 0.5551274138750213
-0.06855740071552095, -0.1087139706704733, 0.5531277278962538
-0.0740838331378654, -0.10943518296484255, 0.5534291575930996
-0.07532196592504539, -0.10953588576587019, 0.5539507781925609
-0.0798291787062637, -0.11024758132711182, 0.5529186160065037
-0.08534251712920685, -0.11219536257248607, 0.5544715880606187
-0.08752046139270138, -0.11317362087778719, 0.5537055965336848
-0.09010516872587869, -0.11342170559287224, 0.5529500627843162
-0.09584732023756377, -0.114967834614426, 0.5539239497711635
-0.09874742133752445, -0.11664790799433582, 0.5508656339613197
-0.10258812549063691, -0.11676761725759537, 0.5505359493630266
-0.10382443595780765, -0.11503832443528289, 0.5509932055197765
-0.10407440718758844, -0.11500380772261141, 0.5505902566146373
-0.10498055393009739, -0.11398576541073493, 0.5503665460436331
-0.10767743777330797, -0.11366854026376448, 0.5486931774386277
-0.11027175873377346, -0.11534291803746588, 0.5505749741107308
-0.11268946248749377, -0.11656214231230753, 0.5509237973179406
-0.11171526788240047, -0.11894809725811221, 0.5500303503760529
-0.10939596323781747, -0.12154512978249421, 0.5496785803181419
-0.10727646457702228, -0.12364710063804506, 0.5483086208340003
-0.10542151222975596, -0.12625664732473685, 0.5463655001394181
-0.10467019682544566, -0.12911309601259272, 0.5487172071652021
-0.10170329024704168, -0.13202160231290844, 0.5474151193638138
-0.10037476215841325, -0.1330536597424977, 0.5494102948082206
-0.09769121163502524, -0.13631535593005176, 0.5486879972485473
-0.09362009950329246, -0.13852754093309305, 0.5479774517276778
-0.09183537813871105, -0.13929503971953558, 0.547816083014999
-0.08956522551199354, -0.13975886612176858, 0.5509175800431141
-0.08540713603268574, -0.14241472813804876, 0.5493864834605129
-0.08284842513408078, -0.14510475844215548, 0.5518034375249515
-0.08020898386464027, -0.14584080635640043, 0.5489017341838885
-0.07626342319319729, -0.14664081386679564, 0.548115103894829
-0.07321526912720211, -0.14714920456884106, 0.5507705854659724
-0.07038018538723073, -0.1480752390382845, 0.5531455127769083
-0.06824919772084127, -0.14948858463634973, 0.5514576093825229
-0.063357396871981, -0.15005276851393473, 0.550166587217667
-0.05827650490105484, -0.15001882459525276, 0.5504264461667419
-0.05569284574118631, -0.1520570728239241, 0.5513100372003874
-0.054741986639873674, -0.1538060472947645, 0.5517958322885949
-0.05218754721697131, -0.15507091247078347, 0.551147210310508
-0.04892014149531835, -0.15669781307400255, 0.5519000865639038
-0.04608921423424933, -0.15728252135742785, 0.5521634402483764
-0.04272979977833869, -0.15793211662204026, 0.5535086217654899
-0.039568166826746305, -0.16085266537606624, 0.5532870546142646
-0.03595907724940972, -0.16204763929734445, 0.5529471778823017
-0.033518877968327275, -0.16217436445534392, 0.553172707272047
-0.03172614501822501, -0.16367670443436377, 0.5533838906989362
-0.029326963432097976, -0.16487763910807676, 0.5547547058932698
-0.026171982876452296, -0.17140396919968331, 0.5529774685227641
-0.025937693458728827, -0.17195666040503543, 0.5509346831540441
-0.024526606579907635, -0.16854458121810695, 0.5492091549599187
-0.023356372240234347, -0.16599327094211896, 0.5469975303908656
-0.0227048875093113, -0.16020454666998643, 0.5484599605016638
-0.023579558384767975, -0.16026414022280974, 0.5548416915895176
-0.026930158430110877, -0.16329714011872762, 0.5515919577884698
-0.02970572296244698, -0.16511044558203972, 0.5500558635414464
-0.03305057531602161, -0.16869086157239474, 0.5502799014766763
-0.035330053174216836, -0.17081350533706402, 0.550866032280154
-0.03804575174585394, -0.171495517759241, 0.548116343862162
-0.039399472705678326, -0.1749252715134373, 0.5503577559905644
-0.04309361552932367, -0.18330890894617877, 0.5516138590984638
-0.04689039500814489, -0.19180351827892522, 0.5483031342400848
-0.04928963986999702, -0.19595805057978263, 0.5466846833926923
-0.09963985960996342, -0.20414656201415748, 0.5384062009461067
-0.09959213318146186, -0.2016542874679103, 0.5388358212687077
-0.09959998211688434, -0.19715184395132068, 0.5386642088391339
-0.09866317653752804, -0.19207373146541773, 0.5435763777950164
-0.09819991841141314, -0.189429546140376, 0.5420103708876531
-0.09761553646777855, -0.18452765336744018, 0.5436372922957228
-0.09651638825391291, -0.17415894481767633, 0.5452984813950478
-0.09715427047256289, -0.17032219872725707, 0.5444051549370698
-0.0973568446214648, -0.16674502529143145, 0.5422867397562718
-0.09672477309934084, -0.16106135267435728, 0.5436707731890948
-0.09663118147019951, -0.1542028258137821, 0.5466825749331828
-0.09647085818238181, -0.14970600434958528, 0.5461252384004975
-0.0986129648972988, -0.14556417127496965, 0.5469427605827523
-0.09990431527618278, -0.14171503709124356, 0.5482657478279966
-0.10101086697919934, -0.13906716342630068, 0.5475387623802571
-0.10278350338739214, -0.13781907332684606, 0.5478501311330658
-0.10303644127429425, -0.13870044514269347, 0.5481470442702584
-0.1044424447042702, -0.13911989839107947, 0.5469981501002458
-0.1088187769756475, -0.14002291468688055, 0.5452440714481189
-0.11403481693023536, -0.13999667670505692, 0.5420823042825141
-0.11863712257595628, -0.13912516607729408, 0.5399965412324419
-0.1225523507287191, -0.13947083640569682, 0.5408251350567342
-0.12554603935300232, -0.1414869459819772, 0.536380915175603
-0.12762426314985484, -0.14156325252621868, 0.5348749209599354
-0.1296879710412411, -0.14102866337281605, 0.5337018828550196
-0.1306324457903771, -0.14134612249050468, 0.5367447837414658
-0.13125564194690345, -0.1418805205405614, 0.5369242098244686
-0.13373536854087498, -0.14400360233451878, 0.535718480708111
-0.13578100938840676, -0.1457494140640986, 0.5325788784066926
-0.13754027007441538, -0.14454406402568956, 0.5316482159135916
-0.14058723273143592, -0.14627446859605253, 0.5337176232310544
-0.14185775283996674, -0.14708398512579493, 0.5316857494635163
-0.14240315702524128, -0.14758356080000734, 0.5299972015966393
-0.14407213673711006, -0.1468586561448384, 0.5287917099792196
-0.1439905031609268, -0.14517585047365866, 0.5294705867824885
-0.14591745126591338, -0.14267737887441576, 0.5285306851280662
-0.14895258512919501, -0.140419344589102, 0.5317556223404538
-0.14968787923804697, -0.13827271111627715, 0.5295830965531233
-0.15057144872550382, -0.13501414457134067, 0.5290993352365586
-0.15068348102291365, -0.1328753739296348, 0.5302532542574845
-0.14969341302453745, -0.13160633908455344, 0.5313962620835985
-0.14560615459507895, -0.13143432676280914, 0.5336487910124277
-0.1396522029131737, -0.1312871220112671, 0.5375976364435838
-0.13386893942818204, -0.13549413765632815, 0.5361712685894768
-0.13122178822142092, -0.14059198354547414, 0.5335753360851297
-0.1280269958394911, -0.14471495512901072, 0.5371300732994642
-0.12105281410166677, -0.14763728219511615, 0.5374859609761143
-0.11566185904862637, -0.14942727627745436, 0.5352470182601478
-0.11150120462861127, -0.15187208585774267, 0.5365058146123185
-0.10808195784419826, -0.15485202610088863, 0.5374054293857133
-0.10669120135410742, -0.15485336531846916, 0.53592418164079
-0.10502031192032293, -0.1551754443332573, 0.5361411583670672
-0.1026847347934524, -0.1555480729965268, 0.536793467363346
-0.09935227619796175, -0.15638705599594369, 0.5375538017711441
-0.09690979723334574, -0.15901828007590355, 0.5368824222572735
-0.09740136704421415, -0.16175927118020667, 0.5367352059375352
-0.09794023615611255, -0.16173250545412346, 0.5362021762420249
-0.09845664242796826, -0.16214470034151804, 0.5366320518623348
-0.09990343011505397, -0.16315782740002846, 0.5357735344405867
-0.10347480477364301, -0.16207175005084903, 0.5365637799888912
-0.10521010897301568, -0.16137435849992715, 0.5348213390626566
-0.10730558565945321, -0.16314394681778588, 0.5365440858902581
-0.10963271335138423, -0.1633979960830427, 0.5346415942943464
-0.11331924798104274, -0.16185386832708812, 0.5331417955515882
-0.1163511859646821, -0.16199275939702343, 0.532491314008814
-0.11973373387903118, -0.16462456946217527, 0.5314585677915273
-0.12203579987533603, -0.16520375256181563, 0.5308658335708482
-0.124444121751484, -0.16525584139176233, 0.5290321842480548
-0.1269170720755141, -0.1641994136703419, 0.5291075610710584
-0.12975002542041114, -0.16343291132143836, 0.5299844004335977
-0.1318777042966445, -0.16211818106371176, 0.5294187264015185
-0.13425500181532818, -0.16162372028236952, 0.5290508747419302
-0.13655050094228846, -0.16052297186058145, 0.5282437254699959
-0.13937413228798093, -0.1563075993497753, 0.5303248871876957
-0.14120263817457535, -0.15024046383140754, 0.5251649083476856
-0.1431031507155632, -0.14516724137716824, 0.5305363162681657
-0.14341203111500103, -0.14268402812921996, 0.5307196977839127
-0.13964263905177177, -0.14366912250395464, 0.5308865113518089
-0.13709871936276338, -0.14203949632783347, 0.5317367877114538
-0.13585894676278543, -0.13967189370276364, 0.5361357408755171
-0.13221572116682828, -0.138117172295756, 0.532299208355934
-0.12991149022432957, -0.13614331799599527, 0.5371945859507876
-0.12495414750442108, -0.13261279058868972, 0.5380751834418604
-0.1223557108067851, -0.12970369336921847, 0.5384708365576464
-0.12002808576410927, -0.12758871700635785, 0.5385077844752325
-0.11948217041760503, -0.1270824318655961, 0.540184350685805
-0.11726448456881157, -0.1272814797395302, 0.5401670040917611
-0.11457650831393165, -0.12826880755772713, 0.5404703576417159
-0.11077025072287798, -0.1290214331415731, 0.5415956349932639
-0.1062471164690783, -0.13175453232211326, 0.5433654639732638
-0.10190291725259114, -0.13515762924878771, 0.5426366232716017
-0.09669472444169866, -0.13639058461381978, 0.5425583110307802
-0.0920308906307911, -0.13681305187015236, 0.5445816850720906
-0.08779350676458288, -0.1372005114250095, 0.5443153716417151
-0.08636120899105032, -0.13824208809357583, 0.5435590292314717
-0.08602247406322075, -0.13875205476516533, 0.5437740536709776
-0.08578329634431542, -0.1384155008676195, 0.5476098297835003
-0.08349653225935721, -0.13965936561266754, 0.5456528617685699
-0.08215408292286738, -0.14122029270801448, 0.5455903335684666
-0.08144441985338059, -0.14299597886292156, 0.5481491587423241
-0.08063319035050058, -0.14536269147812617, 0.5473940551556006
-0.08062193355523824, -0.14780615574538716, 0.5490071552717302
-0.07997893085231284, -0.1511636720958936, 0.5468767627884324
-0.08101341448647541, -0.15483951103728824, 0.546815941030823
-0.08107646365936004, -0.15980725316919986, 0.5443488139822863
-0.08231898805872383, -0.16586492377464157, 0.5434090625677864
-0.08324400324218881, -0.17037101272553148, 0.5423819834430936
-0.08539073830123263, -0.17520026493351762, 0.540644526483463
-0.08997862845713334, -0.17978950086424852, 0.5386151557502281
-0.09391752543759299, -0.17817557197563863, 0.5363402011535922
-0.09757020192225126, -0.17563641660047213, 0.5357767264374675
-0.10253192582516116, -0.17062528838539442, 0.535019092624688
-0.10689324670212381, -0.16581858457411638, 0.5376219124624284
-0.10906996551009511, -0.16146337445000258, 0.5366214618864302
-0.11204550606332427, -0.15493914973864603, 0.5349323140603542
-0.11418086694265708, -0.14734975035022818, 0.536060080792053
-0.11745780051493221, -0.14306616516514237, 0.5403089697050263
-0.12008944669531851, -0.13829872847593386, 0.5423999978435211
-0.12338455416768421, -0.1337525119511614, 0.5416253194895237
-0.12307987858165909, -0.13028193114323858, 0.541657711408719
-0.12346871356042466, -0.12837153091372583, 0.542815868131318
-0.12310047281235004, -0.1285814626921417, 0.5450648876660368
-0.11964838249979283, -0.126941769610569, 0.5437623233841399
-0.11984018095634953, -0.12168505581854305, 0.5424891823318231
-0.12223343157758765, -0.11633184890092008, 0.543628302298743
-0.12315908849512872, -0.11574459049865837, 0.5415286619489325
-0.12339439895522594, -0.11408590152769837, 0.5423957537044255
-0.1240507084055034, -0.1114760926572569, 0.5402439336483902
-0.12684119065689334, -0.10384022469361918, 0.5393248864821975
-0.1300480447798435, -0.10087916106453182, 0.5443162407461629
-0.1297138514970162, -0.10101181502340388, 0.5410437813217496
-0.13127894681626504, -0.09896964703428081, 0.540448858046635
-0.13316057981644885, -0.09458689246752945, 0.5407585171413081
-0.13509409589861018, -0.090662104168978, 0.5436337388989233
-0.13430502418699652, -0.0922957017481652, 0.546345903524489
-0.1317553848288894, -0.09720960153406412, 0.546747140617404
-0.13176628908689264, -0.09788196328054515, 0.54647112396498
-0.13286780127223943, -0.09778281837732879, 0.546575036863595
-0.1321619043853064, -0.09779934311595577, 0.5445398796217935
-0.1316382455067336, -0.09794292998575947, 0.5450933366882046
-0.13163625035372797, -0.0978745888076217, 0.5449941668101904
-0.132422831834156, -0.0976775407032883, 0.5465752538461641
-0.1323838124123395, -0.0978002897757381, 0.5448452814474145
-0.13239484695370093, -0.09686195116234782, 0.5465944274453396
-0.13280244342368117, -0.09734029949981447, 0.5467457679578146
-0.13312832449834727, -0.09950830443131943, 0.5432099658008981
-0.1327430599874329, -0.10047167858379866, 0.5406917770175018
-0.1324340503271655, -0.10162838201654772, 0.5430541179855082
-0.13111572576115796, -0.1025378831168131, 0.5424187573413803
-0.13001585765033963, -0.10260605629281751, 0.5421704926877384
-0.12875949549989055, -0.1026189818953897, 0.5413662439151887
-0.12888373291919683, -0.10416726912796506, 0.5421905147990589
-0.12730150359990272, -0.10452662230814219, 0.5391550946514261
-0.12650583091497955, -0.10364720181793517, 0.5397564342792729
-0.1266807490636285, -0.10380302981412265, 0.5376208621684625
-0.1262468980356137, -0.10161622953613066, 0.5370127284723109
-0.12580558435011294, -0.101122575912151, 0.5386971657991662
-0.1264368321285748, -0.100674328729587, 0.5370260226847099
-0.1262181584394761, -0.09993137088646568, 0.5350930409754427
-0.1259019680979531, -0.09813294483150928, 0.5343604164353734
-0.1259020324471966, -0.09648526930777818, 0.5351716188795681
-0.12638397278974559, -0.09686099851585496, 0.5351350281862779
-0.12573575502005108, -0.09748902723145544, 0.5344627155660056
-0.1251788388661954, -0.09806931762129871, 0.5363773422923968
-0.1256287652393661, -0.10048994089437852, 0.5371878956288463
-0.12618349198032278, -0.10018152967358426, 0.5364458971654197
-0.1261322161287208, -0.10017447361480601, 0.5362738443992755
-0.1262513903020522, -0.10006766538398142, 0.5374555017544645
-0.12620773177324482, -0.100066845512411, 0.5367999361671952
-0.12615367753552248, -0.10006839742996396, 0.5350588435417061
-0.12620576745850215, -0.10003255538215251, 0.5360498646265609
-0.1261403467943841, -0.10004287208935926, 0.5355898826101332
-0.1245412774259826, -0.1001344521710687, 0.5359197637816844
-0.12377350002396839, -0.10015057439814475, 0.5364459137537552
-0.12402744748363476, -0.10149985287696033, 0.535685462186844
-0.12315863852407478, -0.10366412107525086, 0.5305361682810166
-0.12157805428879188, -0.1042584969272679, 0.5298826499333383
-0.1220418858380148, -0.10282274242654937, 0.5313794969854166
-0.12179762718230402, -0.10164359645890636, 0.5310288647026591
-0.12189695486730913, -0.10203099108798641, 0.5288446187068904
-0.12110437861931546, -0.10195807205773463, 0.5279861975227366
-0.1203641608666267, -0.1011849560335225, 0.5283442810014944
-0.11946533646477558, -0.10070344069352186, 0.5279513856969801
-0.11973156366537108, -0.10128243446896305, 0.5268649568476134
-0.11881940703765563, -0.10691376842444503, 0.5266226759313993
-0.1189330530818926, -0.11005667050615305, 0.526538975466924
-0.11920280067897161, -0.11173202533177576, 0.5237731483496696
-0.1197187022242557, -0.10991872816294689, 0.5240467606373742
-0.11930704360321688, -0.11071465880674101, 0.5246468893457256
-0.118689330892541, -0.110781702042323, 0.5249171626274656
-0.11871735711768212, -0.1102593331550976, 0.525765186417841
-0.1173333959776967, -0.11083282903612478, 0.522406682456802
-0.1164373135718491, -0.10973922323201885, 0.5228565845317528
-0.1157253653261968, -0.10837642703627638, 0.5236603528445521
-0.11512327927648494, -0.10606875030465535, 0.5253448824732254
-0.11518037490002007, -0.1060494000694373, 0.5237534127525864
-0.11495306190813465, -0.1077009033672477, 0.5227830736145794
-0.11449853784926917, -0.10689606897349545, 0.522345098960675
-0.11366606231116415, -0.09974040695492697, 0.523831960856103
-0.07977983087643263, -0.09835245989201959, 0.5316848617918126
-0.0802394521820313, -0.10200258324635275, 0.5298108499966998
-0.0798240250802958, -0.1035765936311455, 0.528852052738253
-0.07933392114702496, -0.10568250537424888, 0.5280954773767046
-0.07879574171203887, -0.11076620415144363, 0.5284047005844317
-0.07909038076097227, -0.11234227385924951, 0.5271684206112959
-0.07888364537678329, -0.11466486580081554, 0.5247801540911587
-0.07848096513200602, -0.11776729645627061, 0.5257640392034109
-0.0785248119385855, -0.12098065108523015, 0.5251609958313254
-0.07863378910829845, -0.1232887618095152, 0.5243132589073946
-0.07838949062151894, -0.12505912084856907, 0.5232386795754137
-0.07835847147494376, -0.12553228502018626, 0.5227140714424536
-0.07784427912280634, -0.12751557052513007, 0.5239430873332261
-0.07666776095378094, -0.13067635349976073, 0.521392704415906
-0.07405204613581755, -0.1326831359989597, 0.5215878204206574
-0.0728967345031968, -0.1353174700648238, 0.5204653352360531
-0.07192847621188243, -0.1368290879161747, 0.5195134121839985
-0.0722578886487212, -0.14036630467589972, 0.5180056078150256
-0.07193874562534315, -0.14188335232496793, 0.5167859919511831
-0.07021342024377732, -0.142053787827453, 0.5151406332085583
-0.06862614183576812, -0.13156743251095643, 0.5221367323902952
-0.06926128188267806, -0.13168165812096458, 0.5219405825357856
-0.06916672786436735, -0.13193679038610878, 0.521624420589763
-0.06916096905538821, -0.13172100466804187, 0.521237120994876
-0.06874920965834141, -0.13172077561976944, 0.520721840740653
-0.06866017522049915, -0.13172585136541234, 0.5204787289690536
-0.07063171177024864, -0.13401061622783314, 0.5202656388578131
-0.07096218934287171, -0.13701526973862027, 0.5195487071928965
-0.07113657683219388, -0.14039603446504734, 0.5183352219503742
-0.07062977954182897, -0.14302338924114666, 0.5163037189220954
-0.06980242407865857, -0.14661320586028095, 0.5124121445580547
-0.06808240083767017, -0.1502027064024495, 0.5102728786386381
-0.06650820026146659, -0.15388488674882383, 0.5082608788722702
-0.06438618162780922, -0.15698886599236117, 0.5063092960154848
-0.06246117074232754, -0.15718796011840838, 0.5037881655082889
-0.06083934679626073, -0.15737805290106605, 0.5015450215301447
-0.05988540864532405, -0.16098002455051683, 0.5005398682791725
-0.06049656460268034, -0.16235612661020243, 0.4985515916522282
-0.06015414420872547, -0.16324161715155758, 0.49833247594504076
-0.05942566841765741, -0.1637467564764306, 0.4976316828594905
-0.0585293125810471, -0.164541540224683, 0.4972667797124377
-0.05736505800298828, -0.1658426335361705, 0.4952290151049824
-0.05596316621349208, -0.16570139613631535, 0.49669269597008553
-0.05578034551747643, -0.16529734545293656, 0.49604649720446564
-0.053362893826859686, -0.16573540719173352, 0.49553601578185874
-0.051975021777831545, -0.16553035399593732, 0.4946287190592233
-0.050648197116340915, -0.16446082623110808, 0.49578009487576186
-0.04927701938898299, -0.16479606499527175, 0.4980027961084854
-0.04781986858874526, -0.16391466930335433, 0.5008114473511396
-0.04569143900914337, -0.1612777044461371, 0.5028472440541445
-0.047527346735780344, -0.15708042567669858, 0.5086828662849289
-0.04822433524724024, -0.15583658233640432, 0.5099843359700176
-0.04980217187570959, -0.15376446560063217, 0.5113219995357433
-0.052215793741798834, -0.15079535636501062, 0.5123168688208698
-0.05375843483505398, -0.14835491199540543, 0.5138578205328953
-0.05295323529975199, -0.14684715053171846, 0.5148245596815557
-0.053592643477231625, -0.1447846643900516, 0.515197411724449
-0.053691732781014495, -0.14171381081394052, 0.5161702767723668
-0.05353231530776473, -0.14141169899865463, 0.5166773362638681
-0.05316846181482706, -0.14146020787726304, 0.517195415659136
-0.053158555320923936, -0.1414346744058039, 0.5166383426093668
-0.0532987277550445, -0.141420321279522, 0.5166187798760609
-0.053668960650282385, -0.14133457007685216, 0.5171236204661189
-0.053680300058289984, -0.14143069045261777, 0.5172114071041706
-0.05213600054944655, -0.14238696331804274, 0.5170380539539601
-0.05010826147568241, -0.14429738628019148, 0.5168894662926092
-0.047917804332410406, -0.1460282832103361, 0.5149135826371246
-0.042596813649594216, -0.14752381882210677, 0.5139180462141361
-0.03876173377081876, -0.14997429396968254, 0.515723914371213
-0.03780218285052021, -0.15120192763793944, 0.5149937054705637
-0.036484830142576676, -0.15240967804610933, 0.5153994415479618
-0.03321649455760732, -0.15178273583838986, 0.5147964625567104
-0.03022034533962741, -0.1520869432027011, 0.5160061019388794
-0.027653217867671206, -0.1516202823443358, 0.5158874241885113
-0.025236901498350315, -0.15119518183648747, 0.5157067374200479
-0.023707788589404758, -0.15032182680259049, 0.5148911807406499
-0.021502544850883366, -0.149322801573725, 0.5161607133596845
-0.01859860563245564, -0.1478254017696875, 0.5161499652514396
-0.016567374004207856, -0.1478595213122628, 0.5166269665372751
-0.01608601686350479, -0.14780795529711585, 0.5167304439040744
-0.01510381480999861, -0.14718572606909341, 0.5162907877837677
-0.015169684201872225, -0.1459093324327185, 0.5165997942805085
-0.015364811758180389, -0.14520358849157447, 0.516215642776393
-0.014953721147224087, -0.145315137965705, 0.5163471597454636
-0.014176983816627072, -0.14587760317813475, 0.5175735889073206
-0.01239570693119373, -0.1470656494793262, 0.5158681218653159
-0.010824998791165876, -0.14625583128042896, 0.5161898110349902
-0.010006554110438583, -0.14539834029317864, 0.5160994212654421
-0.010765052090481887, -0.14657580771533907, 0.5186482855427267
-0.011898544604805557, -0.14868189226766282, 0.5180944130799916
-0.014435812223090932, -0.1495809598405536, 0.5176419877778888
-0.016402927889529295, -0.14994918827277043, 0.5174942434054575
-0.01839704867852048, -0.1507343820972814, 0.517329469055393
-0.021175211441207587, -0.15167515016583766, 0.5170721492585674
-0.023986842589309356, -0.15159357296668782, 0.5167630165785112
-0.027312357299059353, -0.1505936300364271, 0.5166442361959472
-0.03154676751186864, -0.149120623749712, 0.5174819473641127
-0.03683828728897479, -0.144744910691866, 0.5156741719285951
-0.03938316481702, -0.14351529692936402, 0.5163756403655485
-0.04212792077139817, -0.1420976598199711, 0.5158965106331739
-0.04472563552831107, -0.14102888389387988, 0.5152200023833746
-0.047572674792129205, -0.13875661371839823, 0.5148149702807758
-0.050282377480986754, -0.1370233749531803, 0.5150146199054663
-0.05204122660790952, -0.13620160520734945, 0.5153738863862128
-0.05384057859723633, -0.13666142524433414, 0.5142158663787977
-0.05554916236579069, -0.13558245715622447, 0.513289741248998
-0.056275158938223685, -0.13358152548419266, 0.513233325539103
-0.057901541300473994, -0.1323501375524198, 0.5139504621268118
-0.0615376479782914, -0.13185883972472645, 0.5132748871409157
-0.06366061135400561, -0.13122299871339183, 0.5124855026323684
-0.06529901188220132, -0.1309265914442609, 0.514184204596668
-0.06701774849500299, -0.13241757794126452, 0.5149735823540386
-0.06902176040513563, -0.13371143853854006, 0.5140311940457852
-0.07232437634496414, -0.134299946924573, 0.5124386387380646
-0.07398188788477164, -0.13409386296124537, 0.5140318109734915
-0.07415941498497867, -0.13334293321136392, 0.5130931378368098
-0.07494684148464317, -0.1333038970284891, 0.51313608634177
-0.07563699918158588, -0.13272614475820366, 0.5134474734051354
-0.07444773292145036, -0.1308978022555172, 0.5159086856746959
-0.07458840316032854, -0.13079298742603054, 0.5153020548101144
-0.07503270289266813, -0.13067071834932492, 0.5144519331737931
-0.07545612463421124, -0.13069844001162728, 0.5144100240069264
-0.07537055838908155, -0.1307814131705105, 0.5142647835679828
-0.07488454202459222, -0.13082208006831297, 0.5147692662572889
-0.07484647979302704, -0.13076903878075982, 0.5145349266003026
-0.07528974929618315, -0.13066569584520657, 0.5148884268217379
-0.07540170599417323, -0.13072991646007143, 0.514324038371841
-0.07526510988730405, -0.13070018917583826, 0.514372222742544
-0.07536197197124538, -0.1306680101032254, 0.5148797470148856
-0.07520718803388506, -0.1307234618667502, 0.5148925067111312
-0.07484599326109359, -0.13084757383844603, 0.5144790602480074
-0.07481485528496122, -0.13082361234492682, 0.5143435139425225
-0.07483451511752083, -0.13079766830362047, 0.5145154501957033
-0.07540550030530907, -0.13035814775938181, 0.5145900432288883
-0.0767743892690037, -0.12827356918040428, 0.5139569176160902
-0.07843722942807861, -0.12719352807160011, 0.514807430281531
-0.08063658902631361, -0.12615456774445968, 0.5124864689862164
-0.08309417456481154, -0.1255922720498271, 0.5112097284862721
-0.08731526466583577, -0.1236946460931651, 0.5109986905657241
-0.09101553504819637, -0.12278433817039708, 0.5095396250446377
-0.09533745420200074, -0.12150964937602407, 0.5083959638626506
-0.0993398426436449, -0.12048212440785636, 0.5069721814371139
-0.10182732696029145, -0.1177382050914669, 0.5076130931252099
-0.10751358905119052, -0.11546892990030957, 0.5067369351152307
-0.10748104979037225, -0.11591197282419179, 0.5073966648423371
-0.10689393492429775, -0.11934582008968814, 0.5078776611654027
-0.10527317056602241, -0.12186075674135244, 0.5065126379309813
-0.1025187479024947, -0.1231370970495689, 0.5068010158172418
-0.10011407669327807, -0.12325105712562087, 0.5086706372168658
-0.09639839789243086, -0.12390796638815312, 0.5093650345675595
-0.0936040052594703, -0.12450293172621316, 0.5080290376886845
-0.09080571234662844, -0.12432002749867906, 0.5075866335597593
-0.08813718495282932, -0.12399133680851979, 0.5091730525588029
-0.08219064915236877, -0.12075519091710543, 0.5068502357968141
-0.08088280389986334, -0.11965029201656265, 0.5093450806844335
-0.07903779764299075, -0.11956403754334671, 0.5100209981430515
-0.07673766753300944, -0.12194168826526165, 0.5097963832214708
-0.07314198060674497, -0.12450022255901022, 0.512014021234043
-0.06873053308821224, -0.1282809665265661, 0.5120234124802178
-0.06584854184989382, -0.1304869731120897, 0.5113001824394846
-0.06385966932689699, -0.131226142947107, 0.5113419186305442
-0.06329699713528081, -0.13227259172147715, 0.5113652280512782
-0.061210437019901726, -0.13331784061368004, 0.5122676807040901
-0.06076715985061531, -0.13345675587230182, 0.5119815936987232
-0.06041888651470806, -0.1340895258461117, 0.5116034759457941
-0.05900628889419259, -0.13404420161790354, 0.5118275153317341
-0.05739871105013255, -0.1336433775419973, 0.5114845691623053
-0.05381380654635554, -0.13327137210435466, 0.5122946567333262
-0.05099733117049473, -0.13619289440497478, 0.5140341741070025
-0.0498163189543378, -0.1369968714590915, 0.5131149225102655
-0.04931875141015339, -0.13626607327762189, 0.5130271373266108
-0.049904781207779275, -0.13553790221690792, 0.5136362363659482
-0.05069708679185591, -0.13547601073893367, 0.5142324985960197
-0.050886524156258404, -0.1354101499835047, 0.5130426366068057
-0.05027997677648505, -0.13555876503452782, 0.5137981883415309
-0.049880747103832015, -0.13556474071668925, 0.5138104333998899
-0.04982967934992837, -0.135543024956908, 0.5138484189947924
-0.04991934435818516, -0.1354631280714287, 0.5145380788426861
-0.05023653711752884, -0.13552457692079456, 0.5140269174891945
-0.05034681594303631, -0.13551762593481073, 0.5138674740433973
-0.05042747111408264, -0.13548460608629923, 0.5125521496436546
-0.05038591154813535, -0.135467301558626, 0.5135676680733899
-0.050316610332732804, -0.13546460225986673, 0.5133775334139146
-0.05226792362098391, -0.13631171979400872, 0.5137350243012693
-0.05336818194827011, -0.1368548995717924, 0.5133243852195992
-0.05603841770212204, -0.13674668131809292, 0.5118389828363142
-0.05765516970376306, -0.1381306112772339, 0.5117581045688411
-0.05863445199595466, -0.13661851315624376, 0.5079611472428138
-0.05740201510349174, -0.13418026060041824, 0.5099215209391146
-0.05650923211625715, -0.13334195583054106, 0.5113282514073074
-0.054990303357553526, -0.13341586813062678, 0.5116217331009246
-0.051809683052532425, -0.13402265528593577, 0.5095208100228598
-0.04945662960068233, -0.13302381453118586, 0.5099296855887657
-0.04189293575866179, -0.13182039336773316, 0.5107663432230557
-0.03811721994124563, -0.13145434427118546, 0.5102570776465054
-0.03181451763218085, -0.13108903210420217, 0.5116484442548106
-0.027921684322636416, -0.13144825691061574, 0.5118624971138416
-0.02382365067177038, -0.13362696647171093, 0.513087716903245
-0.01839205885238771, -0.13677143474907552, 0.5135132626217419
-0.015415471010923755, -0.13668676182402098, 0.5146039246083233
-0.013723405301803743, -0.13695676956604846, 0.5130916029695314
-0.012298745979176401, -0.13356267535279218, 0.5156904861295682
-0.011533515075707788, -0.13119637785188956, 0.5162673426024427
-0.0112673770954306, -0.13409599260810984, 0.5170199769424184
-0.012597824471832704, -0.13407308924775957, 0.516791928745787
-0.014120169344799491, -0.13238077835045806, 0.5164260799929653
-0.014035063947294608, -0.13128867448408535, 0.5167688709239678
-0.014793396487853145, -0.1285558737981788, 0.5177200926484776
-0.016952528423473865, -0.1280176973793891, 0.5175045636947276
-0.01843857695932459, -0.12609560978541462, 0.5155407391069105
-0.018141501175717535, -0.12522042655968865, 0.518221191250606
-0.01896087710997509, -0.12423756082622471, 0.5196216437070104
-0.020161751541350567, -0.12588516095128988, 0.5196344287218991
-0.023050460691414677, -0.12781798171341552, 0.517196245685695
-0.024644701131119228, -0.12710560841607352, 0.5175541767181779
-0.025974037020846736, -0.12709920234560765, 0.518077146802072
-0.02796073872439145, -0.12622870886540968, 0.5171130435189817
-0.028640009662753704, -0.126417690730454, 0.5162887959053865
-0.031348663851428295, -0.1259546982499031, 0.5163847190418978
-0.034041149186113236, -0.12534804525127208, 0.5140083738921446
-0.037615084942305435, -0.1253618268447282, 0.5155701429662004
-0.04088134597751909, -0.12522327269391453, 0.5131352390076818
-0.0404718584726138, -0.12523935334183645, 0.5145385454629077
-0.042302601256393124, -0.12562232642925322, 0.5128502257466714
-0.04443513679281618, -0.12346319309487332, 0.5129969784809119
-0.046577591556457895, -0.1208002319913353, 0.5112063896433102
-0.047093601458932405, -0.11843390849505576, 0.5124038726849542
-0.04738989831753105, -0.11915774595772101, 0.5153102820941399
-0.047562236273554145, -0.11976681247266528, 0.5148002301723249
-0.04440473572489997, -0.12028720197114719, 0.5128570112723534
-0.040843526445639496, -0.12058186401326755, 0.5140470490401554
-0.04028731253986225, -0.12062389814800889, 0.5150989004570599
-0.038244845116414794, -0.12154777517490507, 0.5148783375796706
-0.036229355450220366, -0.12149601191705715, 0.5136809961675541
-0.03437325656999912, -0.12059794404949407, 0.5149335389278867
-0.03185554258147854, -0.12036558800862784, 0.5144130213640118
-0.031228339993760366, -0.11939358835699022, 0.5146533449107018
-0.029214387459517755, -0.11769856087134538, 0.5137342146419271
-0.026397974843269723, -0.12019538561806943, 0.5129024481925306
-0.026465617984022482, -0.12147062379204404, 0.5151827106064741
-0.02737877062953289, -0.12240492473641038, 0.513442729862422
-0.02723398173791376, -0.12255639694718777, 0.5131781489090514
-0.027294730859134954, -0.12256714115396752, 0.512972920363505
-0.02734222382412699, -0.12282852181193323, 0.5122356597378918
-0.027260031038518817, -0.12268235094849182, 0.5121724598313242
-0.027093142397130846, -0.12256136808623988, 0.512927052208895
-0.02726960128939364, -0.122668488245101, 0.5122651690005986
-0.027272498756759578, -0.12266713094371694, 0.5120798792979747
-0.028262400695256998, -0.12112990921424972, 0.5141457672119701
-0.029775270464486678, -0.12119347261479009, 0.5157265471171717
-0.031366259291937745, -0.11872110555469952, 0.5122274135754422
-0.027085506726318792, -0.1154225159329444, 0.5134334245453224
-0.022735993393759195, -0.11402196305307394, 0.5140254939734499
-0.021760645362379726, -0.11475046834223362, 0.5146842609748242
-0.020232470128390564, -0.11334888026703033, 0.5145195523563487
-0.02021921481833269, -0.1124958994218967, 0.5149592525107781
-0.019766132522447123, -0.11169841913011014, 0.5160071974203796
-0.017838964782274865, -0.1108222265546167, 0.5160463776946445
-0.016423019564658782, -0.11005396137247357, 0.5159401694177322
-0.016468643366493074, -0.1109375697756002, 0.5157660738870575
-0.015608930714100256, -0.1117707474962087, 0.5159569550489326
-0.013818630692758386, -0.11273197614856309, 0.5161694924838064
-0.011898920726436446, -0.11537463642890707, 0.5168654491612177
-0.008668963064483375, -0.11766357307372699, 0.5164558920056765
-0.006854564962051884, -0.11942613852359207, 0.516837036247303
-0.00514951636148502, -0.12113293166344227, 0.515781896832091
-0.0035672708844021865, -0.12130780456768335, 0.515289790937177
-0.0012555788457775147, -0.1215224269899597, 0.5164420782214048
-0.000440929438470494, -0.12185029288148913, 0.5154499711251701
0.0024210081469247793, -0.12238416083222972, 0.516024982284017
0.0035312704414013794, -0.12386793692469242, 0.5154373259462972
0.004047157629460593, -0.12532353858806952, 0.5154177746102572
0.004953245993261354, -0.12881562194765547, 0.5147495123508884
0.005513099052813408, -0.13097187996934828, 0.5142376367731225
0.005633441465984942, -0.1336013098013568, 0.513797418254786
0.005505852437335466, -0.13306787168495074, 0.5115726961207371
0.008720150737882649, -0.13062355929083902, 0.5127157004410825
0.009989260669123704, -0.1301978549110213, 0.5124494661138465
0.00936802430070403, -0.1295393507384394, 0.5122652727845167
0.006625088518832188, -0.1282940657809986, 0.5124296320077709
0.004039908901632412, -0.12553305777639032, 0.5116984667703821
0.003990220957527456, -0.12462960388775801, 0.5136737087982955
0.0016043599938657836, -0.12534205056079095, 0.5134224425382996
-0.003848595734932706, -0.12659443208301852, 0.5137584662542631
-0.006973678878831744, -0.1291809637389794, 0.512181430856228
-0.004834899101536169, -0.13085583021331432, 0.5107542124050845
-0.00486880341734498, -0.1304045440273892, 0.5113072310197128
-0.007877166210901149, -0.12986524427762378, 0.5116530900386445
-0.009388173677521759, -0.13080465492796883, 0.5112602802988673
-0.011387531895495453, -0.130671232625646, 0.5119840059953281
-0.01415152051417701, -0.1317904785503587, 0.5129982295715882
-0.016376638559249524, -0.1306966547936145, 0.5119762398312263
-0.018477237027322256, -0.1303997987236088, 0.513233860778267
-0.02068361212304012, -0.1305361462790087, 0.5133384778386267
-0.02106625832568349, -0.13358897948721643, 0.5137592942237518
-0.02091240697579721, -0.13565163136396097, 0.5129783579720977
-0.021915786536859418, -0.13643861527820433, 0.5125487829622005
-0.022686838839140824, -0.1367414128434157, 0.5130663291184709
-0.022581823718988495, -0.13793971658729673, 0.513508260088672
-0.02358840117079416, -0.13697513354284904, 0.5124745873006041
-0.024608074322864198, -0.13577005097427733, 0.5138249221682466
-0.02445439249807627, -0.13564066222632304, 0.5117484980643482
-0.023888148944522822, -0.13313835544829114, 0.5130855521132865
-0.023172279861259394, -0.13114619955588439, 0.5124977911025552
-0.021851467100416508, -0.12804237966513904, 0.5139427980749448
-0.021050359859601735, -0.12648054048744867, 0.5127093283914056
-0.021352027840257488, -0.12364419081184451, 0.5135211725046774
-0.0206468230833984, -0.11969453158904249, 0.5135429006747032
-0.020812398516382658, -0.11417164206207871, 0.513231048574178
-0.019425372277619236, -0.10954933278320766, 0.5141176407729359
-0.016894424507419268, -0.10678023897045792, 0.5135357786508866
-0.014117320531386476, -0.10322108221265008, 0.5136615810091577
-0.012709659026967343, -0.10083700123579811, 0.5140322636632995
-0.010397095185838891, -0.10335438251762823, 0.5165005808209127
-0.010048652950178713, -0.10814079819904344, 0.5161655434888724
-0.008685766203398816, -0.11318814531032957, 0.5162201676139544
-0.008520205574354707, -0.11695753705290649, 0.5155452420159555
-0.007436223911259162, -0.12198427402093291, 0.5140205726472155
-0.006957872230759797, -0.1261468827011074, 0.5142098163807316
-0.007046505771633305, -0.13151766457611877, 0.5120461100033417
-0.007747670563693761, -0.13573215274492412, 0.512712355709077
-0.008648475877085069, -0.13922363281689637, 0.5103391540186664
-0.008582261305809052, -0.14120067457555494, 0.5097915028560862
-0.008802557136546521, -0.14234261740459278, 0.5094590284449322
-0.008615301030616867, -0.14250261199041908, 0.5095532270766637
-0.007289072470691615, -0.14194293628839688, 0.5082769200668641
-0.007526043114878611, -0.14088357102799476, 0.5079724196601754
-0.007383065118524342, -0.14083148819761765, 0.5082281753484462
-0.0073620241067947675, -0.14074186737029587, 0.5082983683266112
-0.007289422877747009, -0.14083928647224558, 0.5090583219306716
-0.007498580451326779, -0.1407642886085833, 0.5084022792822808
-0.007382268318213027, -0.14072570941369045, 0.5085674869033793
-0.007549178246302, -0.14065348800061653, 0.5080824289690511
-0.007470763074644841, -0.14072080523318492, 0.5077120480639723
-0.007436744498272041, -0.14070758911868042, 0.5086034292293314
-0.007298305398180126, -0.14075405779480904, 0.5086357630276088
-0.007279815919355834, -0.14081549175323932, 0.5095551981153014
-0.0074643957703462655, -0.14072951484187085, 0.5085898727563247
-0.007427469152157879, -0.140804190339755, 0.5081660333818792
-0.00744289245305968, -0.1407717154483379, 0.5080475663589424
-0.007460981205428255, -0.14070535559210276, 0.5079948661478252
-0.007354652684790778, -0.1407040953901359, 0.5089430402864022
-0.007338921266563665, -0.14076549722093143, 0.5083027493162284
-0.007514501966237663, -0.14074146821114772, 0.5083796755816401
-0.007492285195133372, -0.14077271387181062, 0.5088174624194961
