-0.09823452775551161, -0.08928573610181234, 0.820106087568158
-0.09791928498480668, -0.08962960881445661, 0.8182349236456191
-0.09798722516315383, -0.08925866598402389, 0.8169874637546034
-0.09672593215386058, -0.0896900139586499, 0.8156030932543832
-0.09775513062186666, -0.08954902416761472, 0.8162012091601911
-0.09684340254409324, -0.08975390048311598, 0.8151064069208079
-0.09809239167958762, -0.0893164174720035, 0.8181039136786662
-0.09797687942062201, -0.08915840721551907, 0.8149546327030047
-0.09810811120329613, -0.08929528622306895, 0.8178175958759916
-0.09831640729470904, -0.08939386039840155, 0.8203145032249417
-0.09790634278175424, -0.08917481637429565, 0.8156667659972592
-0.09787241393575918, -0.08952768624378656, 0.8169878663058233
-0.09802344004686812, -0.08921496603627554, 0.8168856066034725
-0.09791265967770729, -0.08944257838189468, 0.8174410213414686
-0.0976899634285326, -0.08949093083850863, 0.8150714277784069
-0.09741282104723303, -0.08922562049441422, 0.815055010667906
-0.09777669193770504, -0.0894723701679798, 0.8160227536012802
-0.09689859205007785, -0.08973377608548937, 0.8165635970660755
-0.09800209524191975, -0.08948088301878827, 0.8176095208566924
-0.09789515000443652, -0.0893696987263112, 0.8156243689287159
-0.09831135498609456, -0.08926040994800197, 0.8194485335450475
-0.09794307562734844, -0.08959397665997047, 0.817621392533774
-0.09797598953302729, -0.08908168243332427, 0.8143677092330925
-0.09808438232160628, -0.08932248313502586, 0.8171937198027234
-0.09801534574383378, -0.08939108329028146, 0.8170691462999153
-0.09810051674167096, -0.08927268944301359, 0.8168786275777257
-0.0979430241523228, -0.08926584182778625, 0.8166250755002152
-0.09799338942178971, -0.08916095116389142, 0.815917541562221
-0.09806796329531156, -0.08922850821179226, 0.8166995467117248
-0.09808394829368694, -0.08925223752140325, 0.8167726297400955
-0.0983285740913084, -0.08932757406363512, 0.8207518193403527
-0.09798066147755244, -0.08925183800732969, 0.8166046501791794
-0.09804031329472002, -0.08920990574600038, 0.8173045585772439
-0.09811466805513389, -0.08922217592460298, 0.8176266865468877
-0.0979776633753794, -0.08920454246736446, 0.8161817123678965
-0.09806345329846838, -0.08935637394616394, 0.818185181162831
-0.09790754669551517, -0.08907044891635774, 0.8143681997821033
-0.09808680529884682, -0.08914810392792681, 0.8166859755023305
-0.09795635264948659, -0.08907944091485484, 0.8152300187346416
-0.09836644678641258, -0.08919886632899417, 0.8208966747585057
-0.09811814067897626, -0.08932747859370699, 0.8180379430425441
-0.0979662811386347, -0.0894554670029216, 0.8173929341118884
-0.09798493798732519, -0.08933852675489888, 0.816688798756876
-0.09791127343449385, -0.08937035768911189, 0.8164362843237333
-0.09813084171173053, -0.08914458390187925, 0.8170179383899954
-0.09801889909692008, -0.08932962579967009, 0.8170665796891822
-0.09799770605502113, -0.08929442299894362, 0.817069583643391
-0.09824986895416378, -0.089348628319389, 0.8194769307469557
-0.09792345599480412, -0.08922239903598762, 0.8159973000761115
-0.09815518798935835, -0.0892307474752802, 0.8179858519065021
-0.09776363095284529, -0.08910542025839129, 0.812903745675775
-0.09802043092438129, -0.08917626010446697, 0.8161388879943411
-0.09804802240046864, -0.08922628013997626, 0.8161288002084628
-0.0980146729633584, -0.08922925960442839, 0.8169447409271101
-0.09816252000752042, -0.08920668606055057, 0.8175664876248816
-0.09815119368676897, -0.08924859544506987, 0.8175506875156444
-0.09804135487463973, -0.08923615753692682, 0.8174953067766445
-0.09807768388437815, -0.08923399649103335, 0.8180958618388912
-0.09795843294774527, -0.08912162539086459, 0.8145860195344117
-0.09796236090180303, -0.08933367263343206, 0.8163692164669806
-0.09805292105622858, -0.08929589391206497, 0.8178976602934338
-0.09801209053976702, -0.0892697406791765, 0.8169000696967308
-0.0979226489092502, -0.08924601380636134, 0.8164154689981886
-0.09829569300072552, -0.08930929097139412, 0.8202913477856325
-0.09801704380448496, -0.08928289337054107, 0.8175932267086146
-0.09788014322534494, -0.08901403499927947, 0.8137907369493478
-0.09803147797463606, -0.08921249075114, 0.8172081921309249
-0.09812186480943987, -0.08910542747102336, 0.815956168851866
-0.0982015579838944, -0.08917320978302211, 0.8177342340920173
-0.09805866854056083, -0.08922778491005556, 0.8175246372498127
-0.09799417848581957, -0.08902105026075288, 0.81486375730611
-0.09787852302228661, -0.08924945521244174, 0.8159711892843406
-0.09797441962203773, -0.0892256628117317, 0.8163142354635945
-0.09825518970157159, -0.08926151334875258, 0.819562260251094
-0.09793164224145105, -0.08928783673092137, 0.81616417005681
-0.09802736672529777, -0.08906089768445773, 0.8151890933128594
-0.09808368659387115, -0.08919172526671228, 0.8170080197603559
-0.09805754436007125, -0.08919545443575533, 0.8160455339329645
-0.09799703610404854, -0.08907769943812113, 0.8151439870958685
-0.09791719350963217, -0.08928841135239045, 0.816550804604197
-0.09810273239333558, -0.0890521294594301, 0.815963078711552
-0.09803452253179984, -0.08940249575313988, 0.8177148342290438
-0.09792695570487055, -0.08920740857735367, 0.816138660760122
-0.09800471251673545, -0.0891700591103965, 0.816509203285827
-0.09772186383864447, -0.08947331963080078, 0.8160359734998395
-0.09798807076901359, -0.08926476353226191, 0.8171982648605443
-0.09813769042646125, -0.08914055820049868, 0.8171776533275757
-0.09747470356823328, -0.08956734435435504, 0.8143831837397671
-0.09799833152113366, -0.08926378921245126, 0.8158082327618484
-0.09792392375543386, -0.08928838266312471, 0.8166841284453997
-0.09811492745110499, -0.08915373430427512, 0.8166045227097168
-0.0980470728558805, -0.08908575774358526, 0.8159559122305058
-0.09823844844363527, -0.08928625292470588, 0.8192247018517177
-0.09785145880115262, -0.08931791652431026, 0.8157471316700168
-0.09809109835308728, -0.08917046904941095, 0.8166624619801043
-0.09797190320341359, -0.08927166446080465, 0.8170310832175496
-0.09816695391053493, -0.08918171313254895, 0.8174421090827435
-0.0980571305241395, -0.0892015332919673, 0.8168590272447557
-0.09802337212952562, -0.08921311850309678, 0.8167066608313498
-0.09805045258834086, -0.0890850862138555, 0.8161484598728049
-0.09792799565499104, -0.08914594913472614, 0.8157145496234279
-0.09756731316760006, -0.08945685764254463, 0.8150536188111258
-0.09797142829195025, -0.08904032613229174, 0.8143984306942219
-0.09766646354517321, -0.0894992860228435, 0.8156167476887295
-0.09807650247767767, -0.08901249288033611, 0.8153571160194695
-0.09802810093091507, -0.08919074582796949, 0.8172066667002424
-0.09813196860249392, -0.08909980194668725, 0.8163058546687068
-0.09784739097410282, -0.08900572223474126, 0.8132350058492335
-0.09764924080104372, -0.08946931579697678, 0.8151881057924686
-0.09775730611089356, -0.0891507967028113, 0.8133246414985003
-0.0982676537709516, -0.08917856981913411, 0.818503264014312
-0.09780922782117835, -0.08927720113575369, 0.8154512095254367
-0.09790128449149288, -0.0890515328506297, 0.8148172767111396
-0.09794940061968506, -0.08917678914414956, 0.8163358184894367
-0.09787133673977241, -0.08899146052904751, 0.8136803141529171
-0.09833130665909266, -0.08915859557471044, 0.8191338677735202
-0.0978609917736243, -0.08939071088326883, 0.8162764077657569
-0.09780039959428433, -0.08909558866368479, 0.8137599108651176
-0.09740350167515628, -0.08955693086618147, 0.8136500045769478
-0.09799260124209005, -0.08909842146885469, 0.81542340370665
-0.09802469617554475, -0.08928494342527617, 0.8173047401703578
-0.09795866818323921, -0.08925546020448652, 0.8165062546266412
-0.09810687647899854, -0.08922281364057362, 0.817308547812648
-0.0977281007446893, -0.08924014946716771, 0.8146778181324065
-0.09814691125720991, -0.08926409139264897, 0.817588833348686
-0.09799315258531757, -0.08919060024423829, 0.8154244858771382
-0.09806947747522463, -0.08923059901886056, 0.8174119772380557
-0.09809870056894215, -0.08919366662966204, 0.8164160355628048
-0.09801001915495022, -0.08923376396848602, 0.8176594670631323
-0.09810368238892853, -0.08920310291153312, 0.8170924995402995
-0.09834394023448519, -0.08931770104787747, 0.8215552711426445
-0.09796170906100583, -0.0890946602685504, 0.8149375595114356
-0.09797967801960364, -0.08932621143276902, 0.8163436782848145
-0.09806239430515622, -0.08925056342930181, 0.8159982302867355
-0.09805314784642828, -0.0892352795926684, 0.8173275536702643
-0.09792418968716946, -0.08915494093381142, 0.8151640022936161
-0.09800492819806046, -0.08904475463344484, 0.8146424556602831
-0.09769517847208906, -0.08942081369129609, 0.8154841636733883
-0.09812046324131556, -0.0891864884887033, 0.8165750589904203
-0.0977891092924605, -0.08904381080412038, 0.8132557502738913
-0.09771956036155474, -0.08923619877832666, 0.8150440305162725
-0.09796146730706377, -0.08909009759336134, 0.8144725769187153
-0.09810342550244085, -0.08902318998583625, 0.8157643013716399
-0.09771000381178227, -0.089372658871323, 0.8156921772885581
-0.09801540061750022, -0.08897244479171827, 0.8149265719608834
-0.09762271194710477, -0.08935952136946806, 0.8142975456184006
-0.09770512131481182, -0.08941109164724617, 0.8158859205017794
-0.09791581036233643, -0.08905127563124486, 0.8137680060646941
-0.09773381095283487, -0.08942479079192567, 0.8150793598835517
-0.09705495570771588, -0.0894166281059373, 0.8136726397070427
-0.09806555525470756, -0.08919371498863836, 0.817471205204909
-0.0975203273241919, -0.08948407316811777, 0.8142379089467615
-0.09792716123693658, -0.08905073456692011, 0.8152227698343997
-0.09795624086949165, -0.08922938708396425, 0.8163062151174427
-0.09749957233066549, -0.08938372336450943, 0.8134148492563039
-0.09787042695539237, -0.08894522262382158, 0.8137343051751695
-0.09788729595075334, -0.08896556382979338, 0.8136654110385015
-0.09756981834673427, -0.0894961471549008, 0.8146738655875632
-0.09784658837500321, -0.08907155301362356, 0.8141099232045427
-0.09747887473477629, -0.08923090019774473, 0.8133335987886533
-0.09798883216459091, -0.08888279784380844, 0.814585862911134
-0.09812641681942308, -0.08927197900189014, 0.8183432578537002
-0.09813561857487597, -0.08923428754641811, 0.817978966090012
-0.09805537121038958, -0.08906721033919549, 0.8170065251749565
-0.097944565179197, -0.08866440032049304, 0.8137461363624368
-0.09777632269879183, -0.08922475407781792, 0.8149638755597592
-0.09620853051329416, -0.0897911618893632, 0.8133764134813338
-0.09776908217337749, -0.08915843344784384, 0.819378754478121
-0.09762470174044548, -0.08922125358657094, 0.8133083346898387
-0.09642071856538252, -0.08969565372043442, 0.8141302717873684
-0.09803084917131771, -0.08908215144878827, 0.8170264753689259
-0.09772210882822893, -0.0892457463409936, 0.8145043802234202
-0.09652440040560714, -0.08960769160194162, 0.8137231187485444
-0.09770713950925454, -0.08943547760593538, 0.8150755940866768
-0.09783135381784701, -0.08894333992745874, 0.8131947376146347
-0.09800744094848464, -0.08899638128232999, 0.8148283808951043
-0.09773901026183608, -0.08948184050481728, 0.8161840260515102
-0.0980468161893022, -0.08901399595218933, 0.8147922110963945
-0.0975751219700176, -0.08949144463827118, 0.8146724481759499
-0.09753635722217473, -0.08927620663460747, 0.8122636234626744
-0.09798238590673025, -0.08901333165904236, 0.8155359054288853
-0.0978054780445058, -0.08927616926425323, 0.8154598613188443
-0.09822192313340633, -0.08926436223999543, 0.8189825024836324
-0.09683507262997279, -0.08965578135698578, 0.8149119892348525
-0.09785945598351718, -0.08924672710781732, 0.8163119790538316
-0.0980605476494673, -0.08902958547413267, 0.8152475480299862
-0.0975606196461853, -0.08965059916748117, 0.815168008256046
-0.09806084466567827, -0.08946737408870417, 0.8182554323412037
-0.09792929471542645, -0.08903447250929902, 0.814566511773699
-0.09767216783851597, -0.08909657797574023, 0.8122651018131202
-0.0981901830864147, -0.08926528015766041, 0.8171374285240216
-0.09798097431224759, -0.0889791022751157, 0.8147303927832413
-0.09796838651951613, -0.08887474804184356, 0.8140269275460617
-0.09784589970202787, -0.08909984586556857, 0.8151518895110672
-0.0982057603075063, -0.0892723584377467, 0.8187980825510638
-0.09809310478372825, -0.08919949522619859, 0.8163430718930103
-0.0982288071819754, -0.08935641168207206, 0.81828341497862
-0.09802532679392341, -0.08928534205383287, 0.8177806354975949
-0.09799435223514161, -0.08893556156959102, 0.81520446620599
-0.09789858608084571, -0.08911300521636643, 0.8152739315231224
-0.09800646703936097, -0.08947802645530128, 0.8174644307224329
-0.09828962511921373, -0.08923271271169025, 0.819705196202845
-0.09795580604428088, -0.08922478266633, 0.8153443518260579
-0.09819327008344708, -0.08904788108626865, 0.8167049652774485
-0.09779274740626406, -0.08933901136552991, 0.815262434397908
-0.09801199252593885, -0.08916799619913335, 0.8154716794951978
-0.09790201596412433, -0.08905196171014569, 0.8144767586582441
-0.0975099691725327, -0.08958492697317091, 0.8147186264456892
-0.0978330624509878, -0.0891696317285203, 0.8158905366407073
-0.09751968780985733, -0.08964129747469109, 0.8153339650701139
-0.09646968765843847, -0.08983325241312384, 0.8144899305690889
-0.09769703778873565, -0.08945071093981587, 0.815010321137158
-0.09783789580575263, -0.08914725453854076, 0.8145143660982453
-0.0976861675259654, -0.08914774074279552, 0.817253018375719
-0.09752818986248214, -0.08946068423853758, 0.8136069524811701
-0.0964707087242285, -0.08975967669865041, 0.8137890833594313
-0.09799352503371492, -0.08916392786514843, 0.8166030244275843
-0.0977914858737739, -0.0892430350660301, 0.815232228808049
-0.09814549288260192, -0.0890746125054715, 0.8168589612432874
-0.09720215915827114, -0.089586853756527, 0.811563141428641
-0.09629606229675382, -0.08974609706658827, 0.8148642788177591
-0.09803798452228585, -0.08906581671259269, 0.8158903420509174
-0.09780477157144954, -0.0892770848243652, 0.8156002132602881
-0.09633014538767949, -0.08971214454479964, 0.8133406576121124
-0.09743571488069509, -0.08988232982361859, 0.8160740331863084
-0.0979288103607618, -0.0890586343777092, 0.8153654740795628
-0.09795916991781145, -0.08903256874501354, 0.815320096539574
-0.09790181238135623, -0.08950494651314689, 0.8174856850263392
-0.09798520826713336, -0.08906503280860086, 0.8157497660652482
-0.0981831869894545, -0.08913735427831534, 0.8180991523745399
-0.09765361019820434, -0.08936733794812218, 0.8144955078606941
-0.09767342606527574, -0.08916418374993679, 0.8154058814185395
-0.09790881407772149, -0.0892318372085259, 0.8162322573937285
-0.09773772255354557, -0.08947684024666895, 0.815542288196456
-0.09709016939768748, -0.08932528211921317, 0.812635675995645
-0.09760929981888758, -0.08937597893399962, 0.8145134592112295
-0.09765062311866736, -0.08909121269306829, 0.8121684810257451
-0.09812553436600045, -0.08903280164244282, 0.816444571062287
-0.09795637806904788, -0.08922724791305883, 0.8167454148346236
-0.09784946722933555, -0.08903571657838753, 0.8170151104781733
-0.0981090790267449, -0.08919190984492882, 0.8177560437816384
-0.09783736563170434, -0.08916622338089691, 0.81436993648073
-0.09829010967940556, -0.08915784056333279, 0.8192974751623142
-0.09744610470504249, -0.08942800921361083, 0.8130372773638518
-0.0978393372397367, -0.08902064510601679, 0.8134638888034356
-0.09753285733101251, -0.08942769705335761, 0.8149251144694406
-0.09763339747496112, -0.0892935690978445, 0.8144564998591381
-0.09783040546766578, -0.08910371386706346, 0.8140185272380471
-0.09756886841224366, -0.08942273456024258, 0.8141557301750958
-0.0977509753101452, -0.08907100521322991, 0.8131958697191483
-0.09776012693614287, -0.08928899012706414, 0.8156528330944447
-0.09787600112129365, -0.0890477145052803, 0.8146471144646787
-0.09807979240235484, -0.08910703348371649, 0.8159201283200508
-0.0979777469724736, -0.0892975479240444, 0.8166626014784969
-0.0979001529928675, -0.08904805903218393, 0.8139297999817048
-0.09803024299207723, -0.08906157219513998, 0.8167636648433472
-0.09791864959176873, -0.08918886189086728, 0.8159655851945078
-0.0980691143542568, -0.08926645571052486, 0.8169917605707615
-0.09762178232543456, -0.08924083182279467, 0.8142060914491792
-0.09797367993178419, -0.08892457852098187, 0.8141184370946669
-0.09784596180316717, -0.08915939339993294, 0.8151940025834434
-0.09798790813593804, -0.08901382577709571, 0.8143886271990589
-0.09809800668714284, -0.08913818765786387, 0.816468828745725
-0.09784236883033996, -0.08922937070003577, 0.8150739678136164
-0.098014874996712, -0.08901070799784935, 0.8149225265531382
-0.09796870261756842, -0.08901836792952893, 0.8152240995710187
-0.097992973450015, -0.08919420971079074, 0.8153475211851403
-0.09758680291437931, -0.08917391879768334, 0.8119445839107249
-0.09791762849556301, -0.08914409448462302, 0.8159660803445804
-0.09786557175882887, -0.08897489637402985, 0.8134865471461169
-0.09793275325131152, -0.08908892731285607, 0.8159655292210083
-0.09823513891675192, -0.08920065598439686, 0.8180413977526155
-0.09795522840485585, -0.08930154395343347, 0.8170296708619442
-0.0979542103717474, -0.08911194677625635, 0.8149519660941036
-0.09811086842200104, -0.08924819196754354, 0.8168470470775877
-0.0976981780555142, -0.0894834402006295, 0.8159301112718709
-0.09820349106418831, -0.08878742312075458, 0.816485889394
-0.09752096063201852, -0.089501812074657, 0.8141149989876871
-0.0981936947406933, -0.08925598834214683, 0.8184384446022432
-0.09811005535896919, -0.08921615378286729, 0.8169365483800942
-0.09762682131637462, -0.08933295516760124, 0.8141260974951613
-0.09814796244933435, -0.08891944076909483, 0.8165814375740844
-0.09756055771965065, -0.0892486144821719, 0.8144614660200576
-0.09783154533459001, -0.08914659362130438, 0.8135343090016008
-0.09806052926922999, -0.08925625756564635, 0.8170205222948137
-0.09802996822663322, -0.08938108802993279, 0.8175961767698011
-0.09786507935690758, -0.08922693803028472, 0.8146328088014598
-0.09807215167187, -0.08877870969252065, 0.8146631969756851
-0.09737004943534587, -0.0893242794091318, 0.8132699938182786
-0.09798116483162726, -0.08910819041181188, 0.8146014319229058
-0.09794499685751681, -0.0892937904798027, 0.8167868433975788
-0.09768314972303513, -0.08931885555480353, 0.8149574770522325
-0.09820836360909875, -0.08897710636772704, 0.8167296745825523
-0.09830712673863112, -0.08906428530370436, 0.81963755178032
-0.09747483661664914, -0.08931402401049758, 0.8138584095604388
-0.09794378948347325, -0.08889495026437581, 0.813271039049995
-0.09763093325808779, -0.08948366553989195, 0.814414463961098
-0.09803314405212815, -0.08900377231380426, 0.8147985077531115
-0.09791706310470646, -0.0891137287632795, 0.8154734159822665
-0.09757479895818551, -0.08937355278258834, 0.8136836396201018
-0.09800641903743464, -0.0890448293291754, 0.8149610030505566
-0.0983038356189692, -0.08904018977103, 0.8180172177512761
-0.0975465479661104, -0.08945756778485502, 0.8144068539017308
-0.0977042832388554, -0.08910420582783125, 0.8126998811296722
-0.09771457430954393, -0.08933815419956284, 0.815247529044633
-0.09776469914007227, -0.08922703362088079, 0.8154059332283446
-0.09810618845086891, -0.0889937112696605, 0.815547943563146
-0.09802811239219951, -0.08923207420797577, 0.8172262168357851
-0.09790866322163867, -0.08925174736982087, 0.8156057877469312
-0.09795242676471802, -0.08911739474283052, 0.8156548383996997
-0.09785538142105689, -0.0891154994399344, 0.8152823592763034
-0.0977684496808424, -0.08907750059109905, 0.8132141980304531
-0.09801226179683808, -0.08921120867604372, 0.8167540208575208
-0.09787474609312212, -0.08931927857582211, 0.8161471158225003
-0.09807089723889431, -0.08899150644804946, 0.8153767784034572
-0.09794187602987703, -0.08912359991818938, 0.8161829844305136
-0.09812429816670035, -0.08914687474108829, 0.816672016626254
-0.09813518927315788, -0.08904779652291518, 0.8169220091896755
-0.09776077786162114, -0.08912139689312673, 0.8129714623368096
-0.09814835512443457, -0.08888813699561972, 0.8162195913686587
-0.0978456299469706, -0.08914064007541396, 0.8157819203831093
-0.09774726574640384, -0.0888997103519179, 0.8138010057848202
-0.09766685967553443, -0.08948741794180333, 0.8155299238796778
-0.09822676659539463, -0.08920820260673087, 0.8179243611264964
-0.09769358611895529, -0.08931688296370402, 0.8150708620508321
-0.09766481071955503, -0.08925240857308078, 0.8145786775044468
-0.09828692063888698, -0.08925167291334224, 0.8193933957994978
-0.09791861022924539, -0.08937911386687102, 0.8167545908607599
-0.09794037452968012, -0.08914049814617836, 0.8161235458968
-0.09812695053242748, -0.08898095200088901, 0.8161039839027254
-0.0980624128100639, -0.08937694890356643, 0.818290257326822
-0.09809867631506682, -0.08893383421992733, 0.8143272561537934
-0.09809923732725377, -0.08914050258591454, 0.816394368529133
-0.09788133652615551, -0.08903436464048664, 0.8131849641789115
-0.097909035262292, -0.08900971202702761, 0.8139852220723087
-0.09823166148583995, -0.08924346379522832, 0.819069996846269
-0.09791395899802767, -0.08915219627012036, 0.8149148763408528
-0.097980125519301, -0.08917927253612554, 0.8167120199374831
-0.09760698999792461, -0.08941615422037527, 0.8145298448441752
-0.097694295484778, -0.08918407527617132, 0.8124775369947055
-0.09787277414020319, -0.08923771385146835, 0.8160751748404433
-0.09806403496894094, -0.08903030330768445, 0.8155180612789313
-0.09811396125993858, -0.08892017085690665, 0.8159177665302916
-0.09784606496247213, -0.0890497094372824, 0.8148330562319
-0.09831536579268557, -0.08928287958695127, 0.8186768986582177
-0.09823108190810616, -0.08918072276700995, 0.8175678178363782
-0.09762704424252608, -0.08914784560917147, 0.8143270207442564
-0.0978462084217257, -0.08909203704861347, 0.8142781048327546
-0.09805909345394903, -0.08933054797936307, 0.8174584523191766
-0.09781969727023636, -0.08898841449576537, 0.8130607184786565
-0.09797598490085296, -0.08904121390270081, 0.8159336119346354
-0.09802698258481324, -0.08923893748717235, 0.8167105893966295
-0.09821088026066689, -0.08915226884153817, 0.8174542346135261
-0.09797866727950445, -0.08914289938557957, 0.8161680564037374
-0.09760826281857901, -0.08908635812114529, 0.8118808021078641
-0.09777511902192847, -0.08932715980568594, 0.8156587565775992
-0.09798580189571672, -0.08906465281230795, 0.815178278651532
-0.09799314715478678, -0.08921061173742947, 0.8166592725395685
-0.097931849872669, -0.08917941040072432, 0.8159294374048172
-0.09810698867208283, -0.08899551960012113, 0.8156809379637899
-0.09754682104452782, -0.0893040909856795, 0.8133537385647683
-0.09791714405705212, -0.08913313314906561, 0.815985818026555
-0.09815504678893938, -0.08921174963261769, 0.8172797764321735
-0.09760765102281839, -0.0891138883260922, 0.8129572269688569
-0.09814026090900725, -0.08889010086093953, 0.815850326733321
-0.09764355728785058, -0.08940218846112687, 0.8144109239753985
-0.09810027380733019, -0.08916947063845566, 0.816757545820167
-0.09749928713288603, -0.08940568131261135, 0.814549856960284
-0.09801654159012223, -0.0890593093802489, 0.8153688401708407
-0.09812868793651143, -0.08896267000670686, 0.8158467543433002
-0.0977632361007031, -0.08948475662324448, 0.8165911737523385
-0.09753581868137205, -0.08912981124225561, 0.8132884660879545
-0.09754791312623769, -0.08921291853049751, 0.8137790933222914
-0.09782463167365396, -0.08904122227870932, 0.8143826749003671
-0.09810598258296586, -0.08904571566964795, 0.8157033066300039
-0.09789268160974765, -0.08930785163427776, 0.8162978925373735
-0.09780545825609928, -0.08902781864083288, 0.8131866571344928
-0.09801636330863621, -0.08890071351742782, 0.8146422944444797
-0.09747176911890565, -0.08927227397362197, 0.8136000150393513
-0.09778460018168016, -0.08893620973374404, 0.81331379578329
-0.09803957822330073, -0.08914502434868943, 0.8168608981934684
-0.09785414988451326, -0.08919161780332845, 0.8153604803340277
-0.09778219670542793, -0.08906898584665404, 0.8127937000819786
-0.09766212690836304, -0.08937349486833904, 0.8146426251209893
-0.09821857285796941, -0.08910092424207908, 0.8181220910043188
-0.09800525791717951, -0.08898283485272282, 0.8156530394624589
-0.09760662694178654, -0.08922933620227769, 0.8135351571431885
-0.09788378652579127, -0.08889514188379394, 0.8133448024437978
-0.09797178889650462, -0.08916974761887383, 0.8166233142574579
-0.09796153060270896, -0.08916082516341974, 0.8161280388337061
-0.09800881096514141, -0.08897498326277048, 0.8148876624223044
-0.09749379570804868, -0.0894044514498013, 0.8129591304196758
-0.09783911509222984, -0.0890235329271652, 0.8130918150747044
-0.09772305148083299, -0.08941193183508434, 0.8155910154696847
-0.09788018701348038, -0.08896853474271216, 0.8136885882900344
-0.09815890787270758, -0.08894205859661779, 0.8164203323725936
-0.09762162800982148, -0.0893177514778364, 0.8141906001059548
-0.09807476144217825, -0.08916522149796534, 0.8154407313335394
-0.0980183617931606, -0.08893236903897152, 0.8156017489990858
-0.09788360257753681, -0.08898026697175505, 0.8146045875784743
-0.09791834852376624, -0.08883152702974124, 0.8139860794708076
-0.09792170782372445, -0.0892630094981734, 0.8161397775630895
-0.09794882127154791, -0.08895462384326092, 0.8143673266392172
-0.09779317603904499, -0.08919000188776492, 0.8155455599458612
-0.0982785717737278, -0.088939741127202, 0.8181531330802202
-0.0979671831564447, -0.08923105164392012, 0.81515046065541
-0.09797770373612952, -0.08913345073943585, 0.8162476120977914
-0.09769114933891655, -0.08909425379843933, 0.8140923015679178
-0.09778736028128293, -0.08897212124475792, 0.813773406690043
-0.09786031372940535, -0.0891349356137822, 0.8140075582424359
-0.09791497583716281, -0.08937715346532844, 0.8162834524903185
-0.09801124292152219, -0.08887295452139042, 0.8145440516139063
-0.09787364472874949, -0.0888905539380513, 0.8142287846365472
-0.09744233450691453, -0.08917349862742623, 0.8122731877056428
-0.09755323675009468, -0.08908234750487277, 0.8140252696475216
-0.09798332494818116, -0.08921753552412735, 0.8168147011325729
-0.09758466960972727, -0.08891969301996651, 0.813107307579357
-0.09773467368167127, -0.08896818664274261, 0.8140705480399313
-0.09761509674667734, -0.08917641124238578, 0.8134436497996274
-0.09812182884257686, -0.08917196453105129, 0.8168581840361856
-0.097874740089357, -0.08945094247879422, 0.8167312667595091
-0.0979302533023916, -0.08906829832234528, 0.8152385909952029
-0.09818751412381088, -0.08889065821542268, 0.816868536036786
-0.09753135323985997, -0.08923990472927767, 0.8134213682578896
-0.09790086738287994, -0.0889602603066211, 0.8149911862715753
-0.09811058323117589, -0.08924468955775877, 0.8162670185385102
-0.09787293671658127, -0.08953385450823437, 0.8167057689730702
-0.09807002233673469, -0.08903222441872663, 0.8152303341188218
-0.09773137710114735, -0.08910448958883505, 0.8143474696762953
-0.09814248336827451, -0.08901465574420218, 0.8160397095180665
-0.09789941310354361, -0.08904094064224821, 0.8153208731612972
-0.09813118549968254, -0.08904146225924617, 0.815831500231325
-0.0979601391509148, -0.08894582448861021, 0.8140663981162166
-0.09802013435518113, -0.08889854724565446, 0.8140969703011518
-0.0980217952175743, -0.08878312753803078, 0.8144689708274239
-0.09797602147919515, -0.08921239315257543, 0.8162682412225043
-0.09777476340887888, -0.0892617341430735, 0.815056999948832
-0.09779879721236157, -0.08922128433524948, 0.8145435393876664
-0.09813502096455984, -0.08903313807988199, 0.8162311304389583
-0.09768201547232519, -0.08920608789917317, 0.8129101987598704
-0.09806393269869813, -0.0889453840720097, 0.8151763767456768
-0.09816575846322005, -0.08892160986441704, 0.8155330918820733
-0.09803122983411708, -0.08920817090437579, 0.8170421382473662
-0.09798703052033772, -0.08926181734404307, 0.8171412647180784
-0.09799125905513048, -0.0892446752255618, 0.8163235484218851
-0.09784511885975529, -0.08921167120054903, 0.8154462118316148
-0.09786137521156603, -0.0891246772518155, 0.8153343699694137
-0.09797539341650978, -0.08893083148177768, 0.8141322818788147
-0.0979615932603255, -0.08907316938958815, 0.8152578990559994
-0.09805885428209152, -0.08897518710809964, 0.8151999445212719
-0.09782899008213855, -0.08910201629046843, 0.815199347071172
-0.0977276415073855, -0.089164298009482, 0.814210452142515
-0.09798925244773429, -0.08887892521335156, 0.8140985202231872
-0.09787906148267862, -0.08917184683516971, 0.8160320364917971
-0.09798852820365592, -0.0889374515924998, 0.8142004679237426
-0.0980707012904231, -0.0890497824097337, 0.8158856568755343
-0.09749631972207846, -0.08935331833854003, 0.8139977643558699
-0.09785035755503906, -0.08893334776230352, 0.8139140293196208
-0.09743828357854835, -0.08943062241580474, 0.8139782511242242
-0.09798504503773069, -0.08920026707376254, 0.816862205072268
-0.09797449989560035, -0.08895443906477875, 0.8139450909227307
-0.0976004261696561, -0.08940447215023628, 0.8142295343170385
-0.097924304536697, -0.08889723413867442, 0.8140126145955768
-0.09775225876393814, -0.08891622759882849, 0.8130827626551453
-0.09780034812476604, -0.089161779341217, 0.8148534590072569
-0.09795877294944715, -0.08890802249498783, 0.8139214108879677
-0.09801924433940983, -0.08901911161656571, 0.8153558157645076
-0.09789113769126538, -0.08911328257658645, 0.8147860792398549
-0.09810590859712001, -0.08908103896642094, 0.8170608910704521
-0.09790816950759837, -0.08915524143611026, 0.8156246008146975
-0.09800758476356944, -0.08877611311073308, 0.8135241470886305
-0.09777551637558511, -0.08905274923165427, 0.8134739220845594
-0.09804549150564085, -0.08887907380670208, 0.814998256841921
-0.09800894084285898, -0.08900049148573025, 0.815209235959743
-0.09756221025941758, -0.08906652221241505, 0.8120789812801017
-0.09784975606461506, -0.08895628635045408, 0.8134517701556936
-0.09800521020434859, -0.0890513586105955, 0.8159369083593221
-0.09788220340249551, -0.08914811239913766, 0.8145886088852351
-0.09792568077922979, -0.08905205271574107, 0.8154360760352659
-0.09745928141490068, -0.08926746996162144, 0.8133593187236983
-0.09821437450014905, -0.08886850738002407, 0.8167273392424295
-0.09820012610386207, -0.08889090080313575, 0.8171689592912094
-0.0978986379550892, -0.08930916413313765, 0.8160688485876105
-0.09795734228319225, -0.08911336457027516, 0.8156430599550006
-0.09754352774148996, -0.08931422785502866, 0.8131788986825734
-0.0979771581848729, -0.08899464182663497, 0.814809622044145
-0.09776834795469085, -0.08913905248768869, 0.8146148005496786
-0.09804079650416321, -0.08912598845149504, 0.8154781551340019
-0.09803268656059567, -0.08904556517054116, 0.8165845394891884
-0.0975626632433266, -0.08917434058647501, 0.8129430918295963
-0.09795578938663585, -0.0889462875897921, 0.8144975866355832
-0.09752264606479508, -0.08938598366546059, 0.8139431124557054
-0.09790990000772452, -0.08901206183970804, 0.8142666201144656
-0.09803154510267699, -0.08914417284795359, 0.8169828089571998
-0.09756894507353703, -0.08928463180956213, 0.8135310685619336
-0.09791459051581063, -0.08901453460733365, 0.8137715399077071
-0.0979274961060887, -0.08906618356199944, 0.8157148305734626
-0.09773318723508276, -0.08923497763249583, 0.8143420677300723
-0.09784119540029136, -0.0889749824858269, 0.8131784963933935
-0.09768513890905249, -0.08923945548183224, 0.8126701123175301
-0.09772332291449948, -0.08914062517125954, 0.8139619413544497
-0.09793939123664738, -0.08895077400464028, 0.8141607119793166
-0.09782056624702973, -0.08905663240656662, 0.8147979672343605
-0.09785224667469278, -0.0890689563551034, 0.8146709957737365
-0.09799366242359032, -0.08881594124789907, 0.8138994880072802
-0.09741306879713807, -0.08943154380454592, 0.8135797743649156
-0.09803115377926463, -0.08895248919643313, 0.8143761005708493
-0.09810425823302023, -0.08894975282044512, 0.8156236010742642
-0.09771167922001604, -0.0892360639605049, 0.8144427808760637
-0.09795391870563668, -0.08899875713532426, 0.8147994771471616
-0.09748448600585737, -0.08932001574472036, 0.8133097698190126
-0.0979882340932477, -0.08919139966121396, 0.8153685309915
-0.09798370895295393, -0.08918610599320101, 0.8151551816574344
-0.09778658477572727, -0.08895452557500307, 0.8142090968060451
-0.09813399628171765, -0.08877159104318291, 0.8160611406054278
-0.0978083293924795, -0.08901671401434832, 0.8145903152077545
-0.09790756499832877, -0.08907670969680756, 0.8143353402629436
-0.09818747644293231, -0.08919541858213192, 0.8178620081183627
-0.09788031436412427, -0.08886044422135217, 0.8137596309919841
-0.09765464143956555, -0.0890902265450677, 0.812776713751851
-0.09805352674229126, -0.0890862903120644, 0.8166712923176326
-0.09773931166542035, -0.08905775680987064, 0.8124694996100951
-0.09793017593027624, -0.08908762749355226, 0.8158246267736893
-0.09782759411987366, -0.08902310512796797, 0.814674975100027
-0.09793461901123171, -0.08907441731072785, 0.8158159549151371
-0.09795613932725417, -0.08917174458702731, 0.8150841245103942
-0.09793277867062147, -0.08913006101580924, 0.8155520252422888
-0.09804983025593095, -0.08913226549250076, 0.817263503799704
-0.09784637142433242, -0.08912502571680042, 0.8142138628177253
-0.09782561452709956, -0.08904626870792465, 0.814090807209832
-0.09798781333975384, -0.08896220589267512, 0.8152705264692928
-0.09807685477324342, -0.08896031759001136, 0.8155078290961519
-0.09786364132786453, -0.0891331149003194, 0.8152122423594748
-0.09789530732059934, -0.08902599052630118, 0.8141141740180969
-0.09785866744484704, -0.08903415636490336, 0.8144341409265661
-0.09771009022060034, -0.0890606229840994, 0.8138391766394878
-0.09801987981062878, -0.08905041562240057, 0.8156842898758696
-0.09778879243617324, -0.08919397095819964, 0.8153442207759761
-0.09809374497722807, -0.08903146190685045, 0.8162169814055434
-0.09793518516516643, -0.08893716179084203, 0.8140726040652521
-0.0979646526230618, -0.0891008843306158, 0.8150294312880955
-0.09794591916523637, -0.08905514298983695, 0.8143723854123945
-0.09787668540899311, -0.08900344605554696, 0.8147929489553366
-0.09805607677762868, -0.08890405213223564, 0.8155454681183928
-0.09789307196389539, -0.08878323139485045, 0.8130254030466515
-0.09818411796906314, -0.08896168033183297, 0.8168523867580954
-0.09812773996177032, -0.08890080314154, 0.8155476847047456
-0.09800406298252795, -0.08908779421041095, 0.8151077897910021
-0.09784360826279817, -0.08914468861835408, 0.8144377642553022
-0.09807109336693128, -0.08904701109524572, 0.8160617371495811
-0.09795355117212562, -0.08917425634457145, 0.8162985406623835
-0.09786900707682426, -0.08892876091673081, 0.813814942355227
-0.0980504561533031, -0.08874306237748508, 0.8144587052117581
-0.09813572083525349, -0.08886290373011206, 0.8159508812565457
-0.09802199018014007, -0.0889769263685679, 0.8150537362698521
-0.09802407816319637, -0.08896969057388707, 0.8149876395601894
-0.09785867904078466, -0.08904359531309326, 0.8153194596038695
-0.09785810621016695, -0.08907039535031189, 0.8152303788187116
-0.09789860914049728, -0.089048511916968, 0.8149386109592471
-0.09759270588799708, -0.08909436903749995, 0.8124764090512625
-0.09794890668887278, -0.08899566664699748, 0.8146887346342259
-0.09783883082961817, -0.08900954151033835, 0.8139510141157125
-0.09810847857089097, -0.08891928587005554, 0.8159409460991698
-0.09775534906749976, -0.08902272754816057, 0.8127668718017169
-0.09799874660915919, -0.0889883108197263, 0.8148679599053353
-0.09778681352352071, -0.08909843921243826, 0.8129437958246805
-0.09795013498162113, -0.08910771644194843, 0.8164379487957851
-0.097990558399922, -0.08901577239863005, 0.8149939307274899
-0.09784587108378823, -0.0890207009219167, 0.81334069344954
-0.09795987420769918, -0.08904008551260659, 0.8145441953114431
-0.09815174080793866, -0.08893783867015212, 0.8166455476898824
-0.0978635075314599, -0.08900834825681435, 0.814350640279083
-0.09820940255366788, -0.08900630647094267, 0.8171215660984055
-0.0978549229152466, -0.08898373286060471, 0.8149357809106224
-0.09803818494098848, -0.08894998433447593, 0.8153217688264774
-0.09805026050336985, -0.08902962933409363, 0.8157521680186605
-0.09796131709473985, -0.08906645922647959, 0.8153718050873277
-0.09811529357898414, -0.08898413654049013, 0.8160332025261874
-0.09810151443296085, -0.08887131829127726, 0.8154749737527016
-0.09784514051931144, -0.08907531539853687, 0.8146233196710571
-0.0978160322023915, -0.08905998350561081, 0.8134805208426403
-0.09789422006708298, -0.08914235716905107, 0.8157960655007468
-0.09791447775270283, -0.08913178809124583, 0.81546227111798
-0.09794697884615208, -0.0890537296102226, 0.8150376784894666
-0.09759946223838178, -0.08942295833412803, 0.8150815041320592
-0.09806725940539648, -0.08915842917917434, 0.8163938106841672
-0.09811217125165468, -0.08894970010834487, 0.815844872414868
-0.09729171488182252, -0.08947071631456566, 0.8128390092421139
-0.09794417630511877, -0.08898294740687952, 0.8142461129264791
-0.09771753612224185, -0.0892991886701049, 0.8155504329040848
-0.09808307275860974, -0.08894803523844358, 0.815263077146227
-0.09782170959313957, -0.08915200091981129, 0.8153002901854931
-0.09779000478378558, -0.08906395123581234, 0.8133981839307419
-0.09797776091266741, -0.08880364381481987, 0.8142415581868389
-0.09732374018314012, -0.08933608973368218, 0.8129383042651189
-0.09797756223516775, -0.0888998829416218, 0.8142187302172429
-0.0975905130809354, -0.08933650442394629, 0.8144667758155297
-0.09762591655414565, -0.08912081931645638, 0.8129854094553268
-0.09812039306965804, -0.08904866666185768, 0.8160735710588183
-0.09764126823298018, -0.08936612066755159, 0.8145793372815971
-0.09810403035718383, -0.08910007681456925, 0.8169002470984159
-0.09796138224558858, -0.089087257691762, 0.8160902254014254
-0.09780644583848269, -0.08912483915392162, 0.8151539273425066
-0.097963957572937, -0.08896196348292923, 0.8142231909185983
-0.09779324341035406, -0.08924802231262523, 0.8151835239056948
-0.09778328552609884, -0.08894088717753454, 0.8132880836118566
-0.09782990897986713, -0.08908847822309429, 0.8153396016599275
-0.09792207025613237, -0.0887154891961946, 0.8132931136146839
-0.09814180631776202, -0.08913308532399122, 0.8170579804042997
-0.09801830072749682, -0.0890353447362439, 0.8151647557914135
-0.09809072100935096, -0.08893897885083941, 0.8163758752339155
-0.09733420213498203, -0.08917359512484105, 0.8126177905280123
-0.09816034057844591, -0.08918597118938558, 0.8174078807021972
-0.09803144450971188, -0.08924770603107147, 0.8166560980757964
-0.09791313703291385, -0.08902396640923932, 0.8149260226377237
-0.09783750011589988, -0.08902671524161533, 0.8145002894833782
-0.09753182396088858, -0.08918721013581166, 0.8118829895807383
-0.09788927760350506, -0.08903969879290091, 0.8136754185141577
-0.09769074024413495, -0.08914380590409596, 0.8147886683261419
-0.09810142469879261, -0.0888274019541246, 0.8148553797475888
-0.09787903310682801, -0.08908592139952162, 0.8148885374146254
-0.09808905642963696, -0.08895040454767336, 0.8155596005175425
-0.09763431121994597, -0.08921570168778295, 0.8140578179545883
-0.09792874047972476, -0.08907447352618983, 0.8143643398472853
-0.09788161566815207, -0.08909198030502843, 0.8148860922576269
-0.0976736826069756, -0.08936036469969598, 0.814733214114767
-0.09795682041090545, -0.08913502475287095, 0.8148779486866374
-0.09816959089773371, -0.08911696679158122, 0.8171471180697116
-0.0974408641299924, -0.08932838638165513, 0.8129614174553957
-0.09791393974008797, -0.08884619381447838, 0.814014850909337
-0.09762698218811663, -0.08925866375034863, 0.8140604942287887
-0.09766543395111262, -0.08890783562814698, 0.813577818061126
-0.0976976120473881, -0.08926695543836984, 0.814713608616139
-0.09802801869951566, -0.08891337421645239, 0.8150312232627387
-0.09785860873524038, -0.08897131520450284, 0.8143359531182157
-0.0978719720070003, -0.08905374959953048, 0.814908719776551
-0.09783420643638897, -0.08879903986848167, 0.8122683797825865
-0.09785808955043677, -0.089070804501293, 0.8143154284401728
-0.09779394886068515, -0.08907762103453376, 0.8143533396691653
-0.09809536881527234, -0.08898231891482401, 0.8158730688383725
-0.09774211286476038, -0.08921455277354928, 0.8149224742970054
-0.0977043751902369, -0.089014644967385, 0.8133505650349507
-0.09799500626330925, -0.0888040682311443, 0.814559589301951
-0.09779418959441782, -0.08924289317603896, 0.8151261394064236
-0.09806156050561253, -0.088854478404386, 0.8146194335839639
-0.0973921750659313, -0.08926793475049807, 0.8130273006823646
-0.09778781316025408, -0.08905385192478968, 0.8137737670018843
-0.0980773825374374, -0.08890646981081232, 0.8155822820220295
-0.09791913631840958, -0.08920207700729799, 0.8159146742910931
-0.09804527457867948, -0.08886721703873393, 0.8152151131242349
-0.09757020398634732, -0.08924854180402515, 0.813891210217809
-0.09788907220703129, -0.08886960183200834, 0.8137306927066824
-0.09786804445881933, -0.08897685582818352, 0.8141688747058964
-0.09776140786471388, -0.08906938849815563, 0.8142763786803436
-0.09785735067895397, -0.08907121941540064, 0.814764697014872
-0.09769350018526476, -0.08919783371050079, 0.8149697863818094
-0.09795314869827465, -0.08874126242155939, 0.8133624633106685
-0.09788890440890728, -0.08917560434025143, 0.8156761898110233
-0.09802956352352159, -0.08913329147907448, 0.8159599694815141
-0.09812751237577678, -0.08891226304420204, 0.815752649361495
-0.09775729936011321, -0.08914025524699189, 0.8147778787256899
-0.09790172222642107, -0.08887576359729837, 0.8131561581752567
-0.09784164204051668, -0.08915214603774879, 0.8155595935287863
-0.09810620789128087, -0.08888373218362541, 0.8153548415125811
-0.0976875865841689, -0.08914167875380186, 0.8135082297093574
-0.09767511929209997, -0.08911229143488826, 0.812585984427756
-0.09806179734580535, -0.089045296881332, 0.8161634327005237
-0.09784563909319201, -0.08906695225042048, 0.8150041499450178
-0.09788533252882177, -0.08898040865860386, 0.813678261228559
-0.09804724113433035, -0.08890713103785458, 0.8145921621844491
-0.09749796471127149, -0.08919579900545202, 0.8121129099344766
-0.09807734973478749, -0.08901282464258091, 0.8155189743863657
-0.0979588478573811, -0.08902237467979875, 0.8147961266248608
-0.0979707338464621, -0.08892560966530097, 0.8140859098789045
-0.09803734705161975, -0.08890658747977528, 0.8146349330150529
-0.0976145328179042, -0.08907954544094149, 0.8122063042416835
-0.09797261870357807, -0.08889415381092326, 0.814195094550027
-0.0978953067473069, -0.08896980805216623, 0.8143808554168182
-0.0979089563136745, -0.08912536867033907, 0.8158698894332208
-0.09817098633148295, -0.0890524926829385, 0.8172953432653356
-0.09782846432906449, -0.08906699443804214, 0.8148645397379584
-0.09768535855255005, -0.08915631885423993, 0.8139232200459611
-0.09781875741548937, -0.08890108912205076, 0.813099121451256
-0.0979764271438349, -0.08896281967208025, 0.8148163966769718
-0.09769635898754883, -0.0892270756405453, 0.8143518383031784
-0.09810250113149274, -0.08899775438373421, 0.8160551822558272
-0.09762552279284506, -0.08916532692968275, 0.8144469373075199
-0.09770303431842546, -0.0888441791817539, 0.8118741688759179
-0.09805494273860098, -0.08896304287507928, 0.8154009551542362
-0.0980107653492499, -0.0890389031439104, 0.8152402284661221
-0.09790430951197508, -0.08898953444729046, 0.8145863323722522
-0.09785779434449897, -0.08917491023470833, 0.8154791066146332
-0.09791537057837331, -0.088920244763146, 0.8134754496258425
-0.09786167957893917, -0.08901721200560543, 0.8147606636977469
-0.09757184233535424, -0.08926433657179261, 0.8136559852979994
-0.09794411236021139, -0.08876199013926969, 0.813259030085663
-0.09785801582878254, -0.08913950110175148, 0.8151747151905728
-0.09763239280533538, -0.08916149503487207, 0.8123527064273869
-0.09765601472113569, -0.08897964852556411, 0.8127063129679963
-0.09750186350008931, -0.08911656168955827, 0.8129826612883511
-0.09797852493657498, -0.08875173917215018, 0.8142537220485855
-0.09809262736917575, -0.08906269438766554, 0.8165902943411043
-0.09764493020717946, -0.08914872807699362, 0.8126082826449089
-0.09756477808218997, -0.0889066477019968, 0.8149422277878683
-0.09771103370077576, -0.08915062598298974, 0.8139483939822265
-0.09790756010156694, -0.08896123958257458, 0.8145530554148805
-0.09692935377421948, -0.08951281509168066, 0.8144743567018512
-0.09765391835990557, -0.08938193243959301, 0.814983696974485
-0.09795540075450268, -0.08877302603568277, 0.8137731520639396
-0.09809631320182136, -0.08871831659295015, 0.8145316414545214
-0.09771690961031278, -0.0890818419728773, 0.8134783569317576
-0.09789066791788917, -0.08893983174362702, 0.814067260163835
-0.0978928800698259, -0.08904443765203796, 0.8152183369525458
-0.09756438176804445, -0.08934999107330176, 0.8138679711140991
-0.09784834983956067, -0.08879959950430681, 0.81413428349807
-0.0974903695022887, -0.08920352897101547, 0.813428998781833
-0.09798875648333576, -0.0889290513153217, 0.8142220406453535
-0.09765380593886279, -0.08925810166386745, 0.8137027798381193
-0.09784326581049113, -0.0889932509460976, 0.8139847299429691
-0.09737619972827641, -0.08931272093811932, 0.8129696668043399
-0.09785190439268815, -0.08913093546066497, 0.8152982618460044
-0.09785393950428184, -0.08886748659900062, 0.8134670644127354
-0.09778274181421572, -0.08910749948034444, 0.8148551039348642
-0.09782634204265869, -0.08878177653396298, 0.8129724320664788
-0.09782162699465795, -0.08905103628906379, 0.8148078047380073
-0.09794390072640125, -0.0890230042338136, 0.8147038348208546
-0.09815131575134824, -0.08889285923017165, 0.8165793231311962
-0.09790996411392193, -0.08914499728258501, 0.8161353720748611
-0.09786693022823273, -0.08869491063170411, 0.8122389628975736
-0.09756357024436019, -0.08907116751626123, 0.8123275299724243
-0.09769600704085554, -0.08918466671777585, 0.8148842094377857
-0.0978803573950267, -0.08880223374925546, 0.8133367729364133
-0.09794951770311808, -0.08884959461677441, 0.8136905091253299
-0.09761015839083727, -0.08919818131413164, 0.813642154024766
-0.09787769748601945, -0.08886962576070592, 0.8132193515075451
-0.09788845230704739, -0.0889236564430452, 0.8143810739153363
-0.09769360670805534, -0.08907850119385692, 0.8131010134905602
-0.09784036828666066, -0.08879802400635142, 0.8127366926351441
-0.09759681592368304, -0.08926233172771605, 0.8135502040090544
-0.09788314340416424, -0.08882658848545082, 0.8133798027698742
-0.09805670571374905, -0.08896642829329535, 0.8155951223629939
-0.09769976267835236, -0.08912030309159359, 0.8136117910628524
-0.09803017101627162, -0.08868207021559527, 0.8139477989400914
-0.09764963629970537, -0.0889943629612376, 0.8134181744693509
-0.09797706570339822, -0.0889682141140812, 0.8146890830660869
-0.09802020772553878, -0.08893837617516602, 0.8153870296975023
-0.09774836726342552, -0.0890203436542245, 0.8134007902188082
-0.09789067943237593, -0.08909601202277279, 0.8148461787521155
-0.09775940293411728, -0.08903353701992055, 0.8142503858571687
-0.09785634770515697, -0.08902663033364881, 0.8143452293363366
-0.0980559714538744, -0.08877876569039227, 0.8152780866864703
-0.09787649200499848, -0.08883883626017025, 0.8136282866540144
-0.09807579640708604, -0.08886675637742605, 0.8150389648104497
-0.09784695523261656, -0.0887906554746657, 0.8133766910097109
-0.09787321075240156, -0.08900101800893694, 0.8142866234706841
-0.09774874167802558, -0.08902379435540077, 0.8133057086904425
-0.097592821369887, -0.0891929219583726, 0.8136367825335324
-0.0977747976233046, -0.08903123003314328, 0.8140917304649234
-0.09815074268937352, -0.08887191825973646, 0.8160714542687633
-0.09787712854242644, -0.0889267070890604, 0.8137833176947826
-0.09782462882034053, -0.08880681184595932, 0.8131402184054195
-0.09788897233548151, -0.0889704394690386, 0.8145397209384514
-0.0980258023039946, -0.08873096655253396, 0.814118783275673
-0.09782836529459284, -0.08899196487741036, 0.8146709128701934
-0.09801241348441674, -0.08892635419241089, 0.8142693202657472
-0.09780585814626012, -0.08885431840666005, 0.8139382694540247
-0.09806983794108472, -0.08886524764817533, 0.8153340648541103
-0.09800766670765679, -0.08884114120261989, 0.8148080473648249
-0.09768108450073892, -0.0891956591855897, 0.8140130445411755
-0.09782823107645408, -0.08913022093004926, 0.815106131897344
-0.09800263312216463, -0.08891829945992229, 0.8145649717007999
-0.09764846460984612, -0.0892021451544129, 0.8136769876685682
-0.09789481616709148, -0.08902427914709753, 0.8145797320072806
-0.09781809550596811, -0.08904171589366053, 0.8146668978169663
-0.09779063888129255, -0.08908388893483846, 0.8144409532638047
-0.09790775829050917, -0.08892746330667571, 0.8136317256884725
-0.0978895381794643, -0.08899729712962999, 0.8143501625064469
-0.0981285724288126, -0.08895028973721852, 0.8157872558763964
-0.09797039311439178, -0.08891126410668339, 0.814406377215019
-0.09774007814138704, -0.08904335578416453, 0.814277421899285
-0.09809438563201024, -0.08900609989467485, 0.8163989949175058
-0.09790998068414859, -0.08894356376668294, 0.8136496124294461
-0.09799736876677954, -0.08899748508802213, 0.8149831616612346
-0.0979572805790387, -0.0890079771617704, 0.8140445024110494
-0.0979499452299604, -0.08892037503644248, 0.814372904121477
-0.09800190205793151, -0.0888871361187541, 0.81389464172123
-0.0975172179310079, -0.08918465114850861, 0.8114886087428616
-0.09795462968627582, -0.0890033340607057, 0.8143988566126423
-0.09804054775771814, -0.08890145910435175, 0.8148820017134546
-0.09791316950719672, -0.08895126004041753, 0.8143227141620015
-0.0978898173954798, -0.08880471876103534, 0.8131575403316055
-0.09781814531224535, -0.08911803369550979, 0.8149821416138487
-0.09784969673099715, -0.08893584964183154, 0.8130970372758113
-0.0978684836493146, -0.08912238947790647, 0.815304853449615
-0.09772432408750611, -0.08903372412827197, 0.8132534725329958
-0.09791965323062633, -0.0891109418772648, 0.8150000048773407
-0.09803907644485069, -0.08909078968200992, 0.8153053685211277
-0.09802833813591794, -0.08877486141450162, 0.8143505582422145
-0.09806543410284672, -0.08896132309527112, 0.8156619285109525
-0.09790944632501031, -0.08885873017005619, 0.8135574823243348
-0.09799279087004881, -0.08903252684011427, 0.8147581569188456
-0.09796749375707528, -0.0890344698917258, 0.814574463452925
-0.0982387948820506, -0.08878051993388711, 0.8164913998982144
-0.09775218161252143, -0.08903051038354479, 0.81374807155412
-0.0980031980556892, -0.08902426355086597, 0.8151173894228252
-0.09794624190079321, -0.0890299173452324, 0.815144682603437
-0.09803377575614766, -0.08910156715479273, 0.8157263272247801
-0.0977158813626668, -0.08904692043609207, 0.8126168848495358
-0.09795145784251288, -0.08889387485101764, 0.8151324233892435
-0.09749563806956425, -0.08924811805159188, 0.8128641997604965
-0.09789800874814654, -0.0891251024623132, 0.8163296353016201
-0.09767160354960513, -0.08921069845636327, 0.8143707216862386
-0.09800029879849113, -0.08881725553853327, 0.814552797549467
-0.09813251817512716, -0.0888168185819237, 0.8155382271491761
-0.09792088491261289, -0.08926083828399248, 0.8163930256091506
-0.09780560224878394, -0.08905447690783742, 0.8130680981838383
-0.09792707180518459, -0.0889533081265785, 0.8150421372526145
-0.09795434611706227, -0.08890788059367603, 0.8146427235502776
-0.0975950419871206, -0.0894261324901149, 0.8145152752339923
-0.09792568535807498, -0.08924527081921797, 0.8156342435025052
-0.09778310264182637, -0.08905438107390493, 0.8149599202920563
-0.09762422966136565, -0.0893028947293537, 0.8138825556379348
-0.0978649899176962, -0.08894135466637247, 0.8133775479584405
-0.09789547234217591, -0.08907227922533224, 0.8148306669584896
-0.09779513807581233, -0.08883409228210586, 0.8127595899260641
-0.09805395444774052, -0.08901935627189222, 0.8164386331749559
-0.09788321437467615, -0.08902533038695276, 0.8142002867590249
-0.09798602447217228, -0.08892632748181348, 0.8143229016508129
-0.09806832646468133, -0.08898817680365884, 0.8154773716306835
-0.09798146395535429, -0.08915355302236631, 0.814853642806832
-0.09777374943744922, -0.08886900614759011, 0.8129118966674777
-0.09810429456687679, -0.0888564189899007, 0.8153539649271233
-0.09789219418464354, -0.08910641787778217, 0.8148297960874178
-0.09807880868506584, -0.0890185696548019, 0.816032669641949
-0.09783484554634202, -0.08925869148803518, 0.8158528452300675
-0.09801085809400167, -0.08908075105913071, 0.8147215166581996
-0.09803174463632625, -0.08915602795392123, 0.8160048402368297
-0.097679285337177, -0.08924319363129268, 0.8145840074936108
-0.09794775694976483, -0.08897847760190658, 0.8138407659131296
-0.09794511244576372, -0.0888912955249665, 0.8136211066725972
-0.09778121353769256, -0.08920679187406182, 0.8148983402396809
-0.09795043442906431, -0.08899506778050906, 0.8137323742403008
-0.0981788934138839, -0.08911022656425212, 0.8171695554471797
-0.09784497002871884, -0.08911539463037085, 0.8142019697318106
-0.09801446321003078, -0.08889803644364243, 0.813853371829898
-0.09796591418358085, -0.08914378392796328, 0.8160301427241113
-0.09803256906570511, -0.08905927924537531, 0.8146945169745318
-0.09797875039903077, -0.08897266463959579, 0.8147586376352961
-0.09788936566343197, -0.08901005526404128, 0.8145581918203332
-0.09801161980325468, -0.08897355826264955, 0.8145355670246355
-0.09794405958064764, -0.08921676514724018, 0.816006535551463
-0.09789881692348314, -0.08889386863550966, 0.8142462075973113
-0.09787972244681638, -0.08885081852042279, 0.8136211974413571
-0.0980569266183781, -0.08891600652963678, 0.8145435734698496
-0.09809631554224488, -0.08896181545705809, 0.8157234185394466
-0.09793564795296619, -0.08912894328200206, 0.814659865560366
-0.09791240709649776, -0.08891144098418488, 0.8131345502023104
-0.09748757298328967, -0.0892578963146531, 0.813339881738704
-0.09797492674561559, -0.08884174916479634, 0.8131817744094048
-0.09816668701722256, -0.08897054821404332, 0.8160273213470961
-0.09785176631311544, -0.08917920528716962, 0.8155609562768333
-0.09800559593905353, -0.08914688709213296, 0.8154835934966074
-0.09796953660555761, -0.08903776575466753, 0.8139620034920875
-0.09794293214504413, -0.08918245692614199, 0.8157267726834532
-0.09799488143226907, -0.0888559254938251, 0.8148101146223831
-0.09772115734727818, -0.08902072485190746, 0.8135430876763324
-0.09800644636743222, -0.08891205881144681, 0.8141233128325751
-0.0976139220151191, -0.08924306185752806, 0.8140157123872572
-0.09787770862841118, -0.08911092102682082, 0.8139113823632718
-0.09797676279161194, -0.08893303617731534, 0.8141302233989697
-0.09760723891915837, -0.08930866631645669, 0.8135506658122393
-0.09812520682301562, -0.08892507464342507, 0.8157195050782385
-0.09810808960569864, -0.08916529677943068, 0.816286130994205
-0.09790539920299914, -0.08915852520578307, 0.814351938814684
-0.09803288569906836, -0.08901944862754925, 0.8156332316010454
-0.0976821066693524, -0.08910532120215044, 0.8138120824687995
-0.098002286854848, -0.0889069109742456, 0.8142209928429475
-0.09802591578018381, -0.08900466235676525, 0.8146532011105778
-0.09811079858975148, -0.08911291056386492, 0.8162971977596618
-0.09776094667917122, -0.08896000409093623, 0.8128112057691648
-0.09774600187650093, -0.08903795621058848, 0.8127994816065878
-0.09814697966099714, -0.08901973103992554, 0.8162358310554323
-0.09783995423616307, -0.08917954764187142, 0.8153574327095907
-0.0977036668387586, -0.08909340657695675, 0.8129387044722145
-0.09810262450092078, -0.08910322804845583, 0.816275932381048
-0.09804470478149975, -0.08907645631748344, 0.8161683932668047
-0.09804102662656428, -0.08894826138624866, 0.8150967320671403
-0.09806614886652538, -0.08880841573018902, 0.8150893045084068
-0.09798460030025775, -0.08912192084162414, 0.815600089477316
-0.09795618943490242, -0.08907743873281823, 0.8148698551051478
-0.09777017137231085, -0.08921699483718044, 0.815061232584542
-0.09803792900723761, -0.08892673771208161, 0.8151453802784594
-0.09797344705045083, -0.0891353843153905, 0.8156226017926469
-0.09810777593949653, -0.08896661030336958, 0.8156412060942787
-0.09810982573770265, -0.08898022843909584, 0.8161347333552851
-0.0977330135643649, -0.08916458658362306, 0.8145219794434948
-0.09806472049596647, -0.08909889524335914, 0.815957341046515
-0.09781562625860571, -0.08904618797351473, 0.8134707716348206
-0.09754195486694338, -0.0893683807921577, 0.8141229529807614
-0.09791974302527323, -0.08903791417414923, 0.8139025359885815
-0.09813941207271956, -0.08888636218107035, 0.8156691353869513
-0.09804995509557149, -0.0890391520538398, 0.8152669534438215
-0.0976991457873087, -0.08911034810228477, 0.8140625101914372
-0.09688644962622757, -0.08947709349007019, 0.8155230416343773
-0.09798657772506636, -0.08900062988052822, 0.8149827823395919
-0.09786310810789672, -0.08902182078984092, 0.8133996819717713
-0.0979227445033446, -0.08900518527217575, 0.8153601011521948
-0.09791193907067534, -0.08884521145921703, 0.8139859819831918
-0.09808726555413134, -0.08895979482461229, 0.8155733236010995
-0.09786951483791062, -0.0891374105687801, 0.8141299798727974
-0.09811800723400087, -0.08905263925084603, 0.8160246812692104
-0.09791242324356872, -0.08904752662783452, 0.8153396385162196
-0.09777517240062883, -0.08901160768608772, 0.8141226839323845
-0.09792440653891492, -0.0889739522592835, 0.813539609235986
-0.0976198371476416, -0.08946680364531398, 0.8152437853503425
-0.09794883522943953, -0.08935481199504666, 0.8165161459198526
-0.09813023769830478, -0.08891370555865076, 0.8155490423891516
-0.09763956662020652, -0.08913109767871435, 0.8136066896037432
-0.09705009995156698, -0.08927710255189324, 0.8128539052123778
-0.09769219165403678, -0.08950505343986791, 0.8153323641217093
-0.0976913655400878, -0.08913503284939805, 0.8163800095723133
-0.09800865310068904, -0.08916242164781722, 0.8168921716406572
-0.09801261463362429, -0.08886885831737117, 0.8139996605063273
-0.09769990588341176, -0.08913863687134636, 0.8129436400870322
-0.09799333346342631, -0.0889225780096577, 0.8143731088227028
-0.0978827279096011, -0.08895561138128662, 0.8147842929381373
-0.09750769621929589, -0.08935656209730275, 0.8136613807177527
-0.09783580630178927, -0.08904929425531283, 0.8145424622177723
-0.09762686675746979, -0.08940474607638775, 0.8152368452594504
-0.09774165916200069, -0.08918157081432376, 0.8141485141883587
-0.09797623151022901, -0.08894695928321117, 0.8141369651938447
-0.0975194974334782, -0.08933004642122036, 0.813563586285247
-0.09794859355891795, -0.08915698891352768, 0.8148838569218652
-0.09776770284883222, -0.08897472515918545, 0.8129764521818724
-0.09776222037514369, -0.0893049217007765, 0.8153010259366192
-0.09792336543456194, -0.08900676531561623, 0.8148466779325649
-0.09791487862765262, -0.0891194371522178, 0.8151932176531473
-0.09775086605782551, -0.089199333277873, 0.8143758480361242
-0.09815002195189745, -0.08901285646175729, 0.8167530438971753
-0.09775092843760744, -0.08920141689229692, 0.8146197332772308
-0.09792498788405818, -0.08905472723652233, 0.8144039133994619
-0.09789110510247717, -0.08910283554168515, 0.8137118659526895
-0.09794291056636735, -0.0891765285079804, 0.8157968924567549
-0.09795164425499614, -0.08904241567868357, 0.8152182630043318
-0.09781248236551908, -0.08914605301731127, 0.8147395240697821
-0.0980965519593434, -0.0889568549738146, 0.8152849062849921
-0.09808704166481375, -0.08899383530183752, 0.8156717375527861
-0.09793449681351843, -0.08908983554200949, 0.8153224390001487
-0.09779576433667869, -0.08906246005582906, 0.8141503658727953
-0.09800663611180858, -0.08900981580229568, 0.8147501770175971
-0.097904254021831, -0.08879530278114518, 0.8132561761615302
-0.09808032427957725, -0.08883721193017019, 0.8148975781829211
-0.09776676708935778, -0.0893774405053083, 0.8161748763618515
-0.09762265912576312, -0.08933162229606524, 0.8146513555730709
-0.09784107512365384, -0.0892156773130026, 0.8157147875211022
-0.09766399755859634, -0.08941443608626108, 0.8148217426948947
-0.09795865473475267, -0.08910699709395152, 0.8144235480651246
-0.0980173533179908, -0.089106432741143, 0.8156055716459873
-0.09795499502357358, -0.08898159438092425, 0.8139380499905194
-0.09792899509184903, -0.08873410060292952, 0.8133702952991986
-0.09783736499915605, -0.08880665508645794, 0.8130268321591433
-0.09792127735528815, -0.0889485496926088, 0.8142489034557662
-0.09819665960928109, -0.0890526984998411, 0.8176671732872979
-0.09803238098932025, -0.08884284633084386, 0.8148967698883143
-0.09787830238770241, -0.0889565754945069, 0.8147816857745375
-0.09794358371378827, -0.08895667130202477, 0.8143229663168566
-0.0981669887536505, -0.08901013084763848, 0.8165246512358435
-0.09805536645360058, -0.08914750918674574, 0.815978934179908
-0.0978710668778215, -0.08890038634559103, 0.8141859341959824
-0.09759141657973992, -0.0891800745032809, 0.8134278482143589
-0.0980243915807393, -0.08882883308282002, 0.8148825573560267
-0.09767605593955545, -0.08951560131934656, 0.8152388651809144
-0.09809137755181069, -0.08927967020752765, 0.8178112617817668
-0.09808951995722898, -0.08894483718926903, 0.8154491454302061
-0.09793046319270556, -0.08896400884003386, 0.8151349332562904
-0.09790780812198292, -0.08893593138077499, 0.8147815973956798
-0.09782100790374669, -0.0886989944718718, 0.8129474139159688
-0.09785267238924795, -0.08916018701344568, 0.8153166370559299
-0.09781374015029219, -0.08928371102447377, 0.8154621742937092
-0.0981577772086, -0.08902759941394937, 0.8170314564238738
-0.0978573403369002, -0.08908402741235279, 0.8145350452658916
-0.09785938364596944, -0.08886016275793687, 0.8122924301885961
-0.09807643687796894, -0.08916827947898173, 0.8163882365338858
-0.09786584509130732, -0.0890450977391156, 0.8137950500558686
-0.09797251105922546, -0.08888583338769653, 0.8143302507872603
-0.09766031777772125, -0.08906028495071198, 0.8134012084106279
-0.09785021190820735, -0.08906684648174071, 0.8156764061939737
-0.09789218065700436, -0.08917810844223702, 0.8157506326358064
-0.09806211226803326, -0.08895188141076428, 0.8158369696738862
-0.0978415395438179, -0.0889595256005232, 0.8141261854615949
-0.0977765499353309, -0.08898576273306204, 0.8141432956233536
-0.09787148949377077, -0.0888663131586066, 0.8129855532167937
-0.0975558301510043, -0.08933367214354009, 0.8141946415804573
-0.09806179187398596, -0.08887484639778216, 0.8155193324763947
-0.0977923502240184, -0.08920840138407762, 0.8151586649043574
-0.0975792525575512, -0.08914863871308659, 0.81171125142932
-0.09807040168605673, -0.08904278624451821, 0.8160747416321665
-0.0979297730689737, -0.08908709314338388, 0.8151912574021521
-0.09812295604916078, -0.08899512860874408, 0.8162819130650956
-0.09800465775561357, -0.08892515024403815, 0.8147745566043592
-0.09767608682581924, -0.08914895555050933, 0.8130019821146816
-0.09796280439632096, -0.08878233366405235, 0.8129652151764285
-0.09785573740040364, -0.08896702242585693, 0.8144168123614558
-0.09800611336501597, -0.0889528450378313, 0.8142343273998505
-0.0979956063027471, -0.08907251819210395, 0.8158364477849418
-0.0977852280645052, -0.0889058239821508, 0.8125120950487451
-0.09797715827706319, -0.08882603558937213, 0.8147182689316158
-0.09784728681390271, -0.08892576025282808, 0.8143964426927116
-0.09797045094180873, -0.0887434746485668, 0.813637541135776
-0.09793476082351305, -0.08921880189975305, 0.8164415902069804
-0.09756417953496836, -0.0893785188467914, 0.8135171061919106
-0.09805298940693356, -0.08887282858069885, 0.8155473681992774
-0.097726169952536, -0.08911409735324848, 0.8144159778581809
-0.09774714328171033, -0.08891466606600962, 0.8134207722795913
-0.09789201750432362, -0.08911738200146153, 0.8152444249077938
-0.09789236218130667, -0.08893492274143831, 0.8135622384915193
-0.09789277503947268, -0.08890526503480999, 0.8135311440621973
-0.09789081549792174, -0.08900519899024929, 0.8136991062725076
-0.09756171304726033, -0.08923492865834894, 0.8137950654152467
-0.09788503899393178, -0.0888250365906767, 0.8132498897512754
-0.09768410170401194, -0.08930839430632974, 0.8144962415487648
-0.0978688242351747, -0.0890130014363217, 0.8141006556163455
-0.09790117801649831, -0.08886681155433389, 0.8136464453282197
-0.09770515915709772, -0.08903364916567298, 0.8134533309642374
-0.09800385434535659, -0.08890105002889703, 0.8145720056865886
-0.0981343877092632, -0.0890093494702796, 0.8166523357791461
-0.09797482581059581, -0.08900113898183369, 0.8139561052743799
-0.09797637987197301, -0.08876565955360043, 0.8139441418519007
-0.09760481182139785, -0.08925060498947383, 0.8135552794926618
-0.09788024111545685, -0.08906475002556043, 0.8139296144741363
-0.0978038515771903, -0.08942765276475428, 0.8155815985934934
-0.09778865677897446, -0.08911254178577889, 0.8141035440536776
-0.09802640523376202, -0.0889866492425261, 0.815919434605741
-0.0976964675604794, -0.08918570847023637, 0.8145302377835885
-0.09801711434466027, -0.0889181710836365, 0.8144535918070448
-0.09778823120802932, -0.08910586894580581, 0.8136032176486544
-0.09802567088491432, -0.08886728243835285, 0.8147302463145177
-0.09788289965184381, -0.08901196099214687, 0.8146600399871196
-0.0978486082831317, -0.08885414768861294, 0.8129359438562923
-0.09786310948501993, -0.08885965544343348, 0.8136297445054474
-0.09800426945139165, -0.08895090869319286, 0.8144306660924316
-0.09806930486018516, -0.08896471364617047, 0.8149281981252462
-0.09797545343057262, -0.08911568301205024, 0.815409705869685
-0.09773451639624549, -0.0890380906867313, 0.8138111851156642
-0.097949273152387, -0.08893393880965733, 0.8136430708753677
-0.09765553559073359, -0.08939452909486263, 0.8144021783374708
-0.09764879429726832, -0.08942970775810963, 0.8146172041195056
-0.09798064626851744, -0.08895686754535186, 0.8147731233095091
-0.09775820822670778, -0.08918129560028308, 0.8140695539157594
-0.09774094006840191, -0.08904211821084032, 0.8148835340562159
-0.09781376252319945, -0.08903931126201602, 0.8140747341110276
-0.09787289630016659, -0.08892503652811719, 0.8147367559595335
-0.09790266418514298, -0.08887738188064298, 0.813394456315778
-0.09786588900111524, -0.08897795260904012, 0.814477504932262
-0.0973105718257672, -0.08892146044936537, 0.8143735755612475
-0.09791053477025635, -0.08862267326436048, 0.8124583801432691
-0.09782706845497932, -0.08918129570360844, 0.8150469516685469
-0.09822408836168904, -0.08897351298674956, 0.8168715426202524
-0.09758326454060952, -0.0896913039060614, 0.8166856958803215
-0.09767001580025174, -0.08900718454711065, 0.8142784586475416
-0.09764708519345547, -0.08950867009938554, 0.8149395693688783
-0.09750443798010043, -0.08884060506161587, 0.8144582579732668
-0.09793554843054762, -0.08890436983852097, 0.8156560800763328
-0.09797438375782232, -0.08906929896113606, 0.8148110244842135
-0.09644201666602462, -0.08978826506056008, 0.8134935389531008
-0.09786254591015908, -0.08942530151378207, 0.8162467415254173
-0.09628784731295646, -0.08965571625077083, 0.814085543554234
-0.098122147659314, -0.08871803684010057, 0.8150322430729682
-0.0978087279791579, -0.08900617136140672, 0.8131469509533232
-0.09649590990196072, -0.08967370505761423, 0.8141043616184989
-0.09757060676292774, -0.08933461339115156, 0.8135274591243
-0.09772971636363953, -0.08882274528330152, 0.8125811024489218
-0.09771783452373899, -0.08917426073000503, 0.8150689494488313
-0.09758308570983003, -0.089318960870289, 0.8143611300159727
-0.09672839850666637, -0.08954204598138325, 0.813678036282144
-0.09797338882580044, -0.089392546119463, 0.8169294776431067
-0.0981508404629155, -0.08895068493973406, 0.8162727411148689
-0.09783400236952232, -0.0890580179049619, 0.8147340752038724
-0.09746734670484322, -0.08930874359694425, 0.8134592309228169
-0.09774647056071192, -0.08879526956201121, 0.812352704974465
-0.09766982709547228, -0.08921935711578562, 0.8139901947538679
-0.0969964328931027, -0.08938075832476061, 0.8157558864849269
-0.09739889869528953, -0.08962416908226115, 0.8148370158965063
-0.09783084814178052, -0.08903106663461724, 0.8137356989019566
-0.09796649158389814, -0.08895268939990679, 0.8148576223413192
-0.09748406839412758, -0.089780345205382, 0.8164873209902782
-0.0962446477585155, -0.08954987859091755, 0.8137915552094028
-0.09758021981963727, -0.08921337551517239, 0.8135467444228308
-0.0966758596691731, -0.0894991129344878, 0.8140026660693498
-0.09777005032711533, -0.08910484538675022, 0.8132786406469826
-0.09765214272120637, -0.08922009760814911, 0.8137250987896769
-0.09782366621759997, -0.08875973866036453, 0.8150073160248769
-0.09743009435192465, -0.08949455986462773, 0.8148062852216903
-0.09647519787818304, -0.08965769169820696, 0.813939617198332
-0.09773070273282637, -0.08909275950333084, 0.8138376494745194
-0.09771925897331027, -0.08910000242825446, 0.8138400573009277
-0.09789160904287784, -0.08867329322574381, 0.8124317783947732
-0.09765846263557124, -0.08907114043400546, 0.8126270462094118
-0.09785185118142871, -0.08880221307132687, 0.8142845203492733
-0.09753245935233396, -0.08912948076065445, 0.8127917801332495
-0.09633566086121166, -0.0894507152618524, 0.8138331809533307
-0.09734772881501721, -0.08939988160138171, 0.8134419949292624
-0.09776422526979946, -0.08874412356723137, 0.8130816596791094
-0.09628775938663119, -0.08963180071168503, 0.8143848496194086
-0.09760978380419347, -0.08915821587638639, 0.8137018482622065
-0.09665267962741209, -0.08944994905263372, 0.8143549036444606
-0.09755636381835131, -0.08893398633705012, 0.8132025563265135
-0.09760071923399939, -0.08911338384749017, 0.813518506796589
-0.09734567638238951, -0.08886905684325867, 0.8125964798896186
-0.09761943266433284, -0.08895131046347893, 0.8132563472235843
-0.09794702570826355, -0.08874773468803707, 0.8132967353261507
-0.09754884222861374, -0.0891898917414709, 0.8138296346067077
-0.09775544870933682, -0.08895022803568592, 0.8139052110962841
-0.09786192122802509, -0.08871803741358526, 0.8137474180915638
-0.09806333800741358, -0.08872292773278474, 0.815168039900869
-0.09783348745827028, -0.0889509063492013, 0.8137743283749894
-0.09790782776860678, -0.08896035618284773, 0.8136875885296566
-0.09790154600241806, -0.08895124557083986, 0.814502984645254
-0.09802158257251033, -0.08861154566806326, 0.8143427123084418
-0.0979779845528267, -0.08863962058934077, 0.8137199534852423
-0.0980981083461214, -0.08884221133402483, 0.8151290980397652
-0.0979470521726786, -0.08876287518096418, 0.8137051602892157
-0.09788175352362968, -0.08871902266670513, 0.8122802742020844
-0.09809059775303905, -0.08888365083689345, 0.815434463949905
-0.09794617834173656, -0.08863998178760166, 0.8125378646427889
-0.09792200502098232, -0.08870249798864348, 0.8140807484150304
-0.09796759066264055, -0.0889926829660203, 0.8148654554457581
-0.09783551088421404, -0.08879124279752933, 0.8140958245013625
-0.09748585657751954, -0.08906540675686925, 0.813544647505882
-0.09775969047885977, -0.088969863517903, 0.8139302622989627
-0.09782091106555695, -0.08872678243741082, 0.812743659783875
-0.09770934125963056, -0.08897830859077989, 0.81398228691224
-0.0976696974977012, -0.08879015553542935, 0.8122247831901969
-0.09752054774071175, -0.08915122178757033, 0.8128142515305715
-0.09803410015606913, -0.08872037697315774, 0.8145735439932689
-0.0979685426157726, -0.08882599842631579, 0.8151251650104038
-0.09775113310950699, -0.08891431709629594, 0.8131594249194106
-0.09786914576956596, -0.08875378911617542, 0.8129927292619772
-0.09762112735303653, -0.08922522329095053, 0.8145630356439948
-0.09788743810363554, -0.08863928410470553, 0.8127302167264602
-0.09772578303040097, -0.08899344324985406, 0.8138211373163097
-0.09792069032564846, -0.0888488317595114, 0.8134206872979534
-0.09794083947622473, -0.0887124096282078, 0.8134331837360376
-0.09747064998723605, -0.08916993292497291, 0.8131795930626062
-0.09767419987033026, -0.08872155375497835, 0.8122787128450681
-0.09741489175825693, -0.0892629871702439, 0.8135321278951502
-0.09787645613171404, -0.08908820432537509, 0.8154139969418452
-0.09808606898132202, -0.08870712315681689, 0.814338736397275
-0.09751319630589639, -0.0890941299699337, 0.8131070910503545
-0.09799754092175245, -0.08887347034123175, 0.8145050494471984
-0.09794905161417962, -0.08895816138973786, 0.8154275358127393
-0.09749144289882519, -0.08924398678672256, 0.812792426631472
-0.09771205504638981, -0.08884567223300735, 0.8131927334911982
-0.09798740610913376, -0.08864774043269472, 0.8141237983040835
-0.09754059062546154, -0.08920934569204357, 0.813019258541666
-0.09793464067621732, -0.08890716804663477, 0.8140450546010947
-0.09799064630934752, -0.08873270561336276, 0.8136552952413635
-0.09769882401710521, -0.08912244223323901, 0.8136806755580717
-0.0978371999671152, -0.08869248910206205, 0.8129941420013185
-0.09819598868200975, -0.08879871228470927, 0.8166965051830107
-0.0974996980091384, -0.08922049632524706, 0.8130672762474663
-0.09782983850936977, -0.08885872348296434, 0.8124207399818835
-0.09755179270819803, -0.089090930752441, 0.81360463859431
-0.0975467604491641, -0.08902744985031912, 0.8133163961280901
-0.09796736579134685, -0.08895677405752359, 0.814753373558583
-0.09785015832389062, -0.08914829667518435, 0.8143734833131586
-0.09806742374395226, -0.08875395061348038, 0.8144719719562513
-0.09771717920703689, -0.08913920725740199, 0.8136444301511632
-0.09779705913800563, -0.08884735143917741, 0.8137582370134707
-0.09787573888789693, -0.08894420669237861, 0.8143105124930913
-0.09761357521378633, -0.08920307318683231, 0.8140509826373616
-0.0978216134408748, -0.08861166715076818, 0.8129660681238238
-0.0978039845850453, -0.0891296634874779, 0.8147020791045968
-0.09783112870955969, -0.08899562150187583, 0.8134197794508675
-0.09786303412728375, -0.08878305516885666, 0.8139251398898545
-0.09761225883624079, -0.08904543617803344, 0.813617199151238
-0.09726951453548369, -0.0887870953422822, 0.8124763425384417
-0.0975326221301748, -0.08926032322562436, 0.8132943436972687
-0.0979014558085183, -0.08889969594757138, 0.8137075011627303
-0.09793553695445081, -0.088794171775886, 0.8129391458084813
-0.09765587474621272, -0.08926204464131551, 0.8140365957073487
-0.09796362164913117, -0.08887428611060384, 0.8143311233703414
-0.09807196942651919, -0.08900042432332693, 0.8157773528550571
-0.09775703370361316, -0.08915743959007819, 0.8138907221246339
-0.09770975925560495, -0.08896939736160568, 0.8126863334886149
-0.09786477966358235, -0.08873821568493413, 0.8124505879684033
-0.09748987068050803, -0.08935630347527479, 0.8128373714579082
-0.09800839858712708, -0.08898880072851297, 0.8151553884470222
-0.09801403777302732, -0.0889736178618683, 0.8151277642205339
-0.09767162051361698, -0.089118255761067, 0.8131617465187685
-0.09790521256573113, -0.08860619977798688, 0.8120091566528116
-0.09761634522534311, -0.08934505246072613, 0.8142380388491539
-0.09791852332496963, -0.08897536207832896, 0.8152927037222404
-0.09805504564673433, -0.08877202964138255, 0.8146663040658367
-0.09771512831027333, -0.08913443297200964, 0.814147074208705
-0.09720645258078649, -0.08893422687002511, 0.8124100975291147
-0.0977454803077761, -0.08903986522373267, 0.8136488771861993
-0.09795503181322146, -0.08896107821863379, 0.8143118129166269
-0.09791791796697413, -0.08887006019710891, 0.8140499120475743
-0.0975758252712516, -0.08907080471798495, 0.8133727477885342
-0.09709467323093583, -0.08921326666269434, 0.8137153723525411
-0.09759561593487553, -0.08923939741767839, 0.8137589660295604
-0.09791784385850216, -0.08876662780440758, 0.8137084313403273
-0.09799621724432113, -0.08893103629695899, 0.8155299315778604
-0.09796257577682614, -0.08889535851616888, 0.814383992424708
-0.09811181857097578, -0.08884922731825126, 0.8154179625111707
-0.09768888352637607, -0.08922272560084775, 0.8145869410514314
-0.09800604874726501, -0.08877346530532523, 0.8134564265516814
-0.09768480312762476, -0.0891576693409027, 0.8140231884238976
-0.09730467207358731, -0.08902080514635602, 0.8122354207921695
-0.09779623001966012, -0.08908938680060884, 0.8143624411535333
-0.09766535640865101, -0.08931762241091598, 0.8140768397701295
-0.09761645562483798, -0.08887048986748028, 0.8138343677827926
-0.09779280276043072, -0.08903581062231687, 0.8142406282210066
-0.09757550986161016, -0.08911117300794442, 0.8132940024190314
-0.09781570743162125, -0.08873832402967972, 0.8132103659417029
-0.0977574287727045, -0.0890802031287915, 0.8144047713285715
-0.09665794261945929, -0.08952812459084868, 0.8134274758940137
-0.09805919567692137, -0.08881816576940255, 0.8150577362023251
-0.09746959882514114, -0.08927178928143914, 0.8136578613598136
-0.09763474240371756, -0.08880074508171786, 0.8132472442998665
-0.09804693861814526, -0.08874300744259815, 0.8147902401033201
-0.09757351927919639, -0.08909660415536858, 0.8136601124879947
-0.09786905887254232, -0.08875325620720988, 0.8137958140121682
-0.09797807214745402, -0.08883604694675976, 0.8137844296819473
-0.09804544091984262, -0.08878120931098434, 0.8145021281643575
-0.09795709891132924, -0.08889319042296502, 0.8153135994942334
-0.09762746679369988, -0.08909599547015155, 0.8137526453925669
-0.0979509521393186, -0.0888344197159126, 0.8138806732826135
-0.09755385806801617, -0.08924801841489372, 0.8134165679817215
-0.0977993251867489, -0.08896674590277785, 0.8136691091817493
-0.09806200980141135, -0.08877816054169761, 0.8146733986172964
-0.097380277629228, -0.08930844444263572, 0.8129766685659611
-0.09815172935733235, -0.08880165105744944, 0.815964443512767
-0.098076119619193, -0.08871270831327951, 0.8143990959752371
-0.09765427441264324, -0.08922041720150219, 0.8143240775479453
-0.09799527415682716, -0.08871197523008403, 0.8137516444784915
-0.09761638896892506, -0.08914642992595888, 0.814186571950674
-0.09766461777051672, -0.08908134415104814, 0.8136477562038689
-0.09811718120061727, -0.0888042164051934, 0.8155056959277703
-0.0978186574978091, -0.08898421171051034, 0.8142793755160372
-0.09781937100844731, -0.0889666745395171, 0.8133805156858762
-0.09797810936429002, -0.08893090731291055, 0.8145653078261881
-0.09782521078925108, -0.08897056833616263, 0.8145182690569605
-0.09804980957446235, -0.0887508405199446, 0.8146257874166801
-0.0980610357855731, -0.08891385489102091, 0.8153145169017143
-0.09772084950185694, -0.08907594731085622, 0.8134843030595665
-0.09800059407799623, -0.0886736209359077, 0.8137680657308036
-0.09787975873645775, -0.08876399166146569, 0.813538172114008
-0.0979347093771613, -0.08889713437475741, 0.8136918111034801
-0.09800813139270578, -0.08880367869943276, 0.8142020382895174
-0.09795330755207331, -0.08902780483060113, 0.8152402216657674
-0.0980042243921717, -0.08873286345568136, 0.8144935824441101
-0.09782070319388564, -0.08890783051268226, 0.8146369902550052
-0.09768431161377383, -0.08884592821507875, 0.8126856494638552
-0.09790679026161918, -0.08899127954235658, 0.8147173675518974
-0.09771743824312941, -0.0890050387352294, 0.8128010427121475
-0.09800838854517958, -0.08887505766015674, 0.8148295803508513
-0.09764915735670025, -0.08891240699709525, 0.8132385058679851
-0.09773470996239755, -0.08894882929329943, 0.8137541733849785
-0.09762532216152865, -0.08896602997711163, 0.8119039439718012
-0.09768945861140828, -0.08907749179474382, 0.8134027932938468
-0.0979266193377921, -0.08886589210362357, 0.8141889463089181
-0.09799087579983315, -0.08877519433925174, 0.8146464773718228
-0.09738406097271234, -0.08927018892263851, 0.8128279672792089
-0.09789075983138962, -0.0888150205418666, 0.8136657820449466
-0.09761673785374149, -0.08891570972252327, 0.8126888149560897
-0.0974975242731953, -0.0892070404109414, 0.8134659642229122
-0.09799566253511903, -0.08878830679876296, 0.8143859124659063
-0.09781339440423362, -0.08902940160120205, 0.814614487218492
-0.0977123564231397, -0.08872614259755394, 0.8120370821937068
-0.09781893875076084, -0.08895995595155308, 0.814498587438195
-0.09784421491079805, -0.08900119360894364, 0.8145068580961413
-0.09789465963084318, -0.08876301077536201, 0.8133514119377301
-0.09805718479612667, -0.08878329622445394, 0.8148186739984179
-0.09777268613448957, -0.08901285312044792, 0.8137241610277646
-0.09772588018542536, -0.08864930088662898, 0.8117450583203765
-0.09796795751593372, -0.0888130716958588, 0.8145076200434354
-0.09781332156006034, -0.08887079920964115, 0.8136544237160983
-0.0979515967112506, -0.08895830274342988, 0.815679652681543
-0.09788088676628538, -0.08879869130652898, 0.8132439151748675
-0.09793128693497948, -0.0887530596157505, 0.8134348903626317
-0.09759826304102193, -0.089069779094583, 0.8131403379524217
-0.09763176714162526, -0.08873364626968519, 0.8125717825176159
-0.0979938116901016, -0.08886913021899005, 0.8140923544951696
-0.09754865110159859, -0.08934211546197042, 0.8138244069010699
-0.09773878586875963, -0.08897623556656396, 0.8121263631357707
-0.09791526393401999, -0.0889550921239385, 0.8151794890307513
-0.09764358950784793, -0.08910839306422036, 0.8133764533966308
-0.09776120962097438, -0.08859087843636919, 0.8114566831411412
-0.09802542745324504, -0.08865185621958323, 0.8151282862623471
-0.09767279437476403, -0.08913821128619226, 0.8136914211158774
-0.09797824660861117, -0.08901434903171102, 0.8173655511301918
-0.09773994518110403, -0.08934560989802645, 0.814828357926284
-0.09772304734473841, -0.08870903491947565, 0.8121559534013287
-0.09812421638069359, -0.08878446366176185, 0.8166947194979342
-0.09773965621703735, -0.08910537504593934, 0.8142178551028072
-0.09619095447266922, -0.08971171929757765, 0.8125090701285603
-0.09757844994620431, -0.08938513332169933, 0.8135876559361722
-0.09628045247438086, -0.08944508207525584, 0.8139156107080405
-0.09779198471705872, -0.08868785514958996, 0.8137274186756841
-0.09765345898306049, -0.08912551136263601, 0.8135478054562212
-0.09735428251744307, -0.08901049529498972, 0.8133415432933605
-0.09782067262280644, -0.08904562087657612, 0.8138505803656176
-0.09766890774908497, -0.08909553873416692, 0.8141406496388293
-0.09764982461273952, -0.0887568841720173, 0.8134604134992334
-0.0975853671525245, -0.08887827668810727, 0.8130579707562293
-0.09790278081195876, -0.08898772781141308, 0.8138710487799083
-0.09723593322256975, -0.08913697545965758, 0.8148699458683135
-0.09769286450318299, -0.0891380515897133, 0.8139054314463574
-0.09770546209554669, -0.08895996736396988, 0.8134021592227003
-0.09806119711974691, -0.08864193091965014, 0.8144065141572046
-0.09739469633995285, -0.08922176926355899, 0.812572976006505
-0.09673957896117359, -0.08939669215245549, 0.8148141594333744
-0.09779552167597515, -0.08900496301202354, 0.8137942690546439
-0.09751708424951953, -0.0890759896666132, 0.8123510397018456
-0.09784914410138737, -0.08875959264868204, 0.8133280619440356
-0.09808910511614376, -0.08903739132777928, 0.8125934642567205
-0.09727082898031934, -0.08974634979340651, 0.8122784103636262
-0.09638196139416469, -0.08912551370045665, 0.8137743435804785
-0.09749205645554938, -0.0895239661457287, 0.8128418333862646
-0.09781645055907202, -0.08863760176786534, 0.8122738517251461
-0.09694282365730802, -0.08916094333404725, 0.8141826543490136
-0.09752443609522808, -0.0893021899384367, 0.8138853249383619
-0.09750411293122632, -0.08879276172968836, 0.8120867432493942
-0.09803817885983075, -0.08868030165820932, 0.8137962051416063
-0.09770739472962288, -0.08920134011826095, 0.81396476421525
-0.09768149243408783, -0.0887266269023132, 0.8140983854200119
-0.09757731362555389, -0.08901744190208608, 0.8130178007081634
-0.09712792792736917, -0.08869506845053844, 0.8116129419282535
-0.09772560883568616, -0.0891520315316001, 0.814206589555452
-0.09783487411862649, -0.08884415799628896, 0.8134712068676654
-0.0981478798498167, -0.08892164540608356, 0.8167204841766321
-0.09776365975377155, -0.08854606300337486, 0.8115613635792552
-0.09799877351619218, -0.08893934038440432, 0.8149393919574099
-0.097658412983932, -0.08911812692724898, 0.8126759643100403
-0.09768444195690065, -0.08873483266358245, 0.8142924051033038
-0.09764847548142286, -0.08904211182511884, 0.8134117590120673
-0.09765316287163586, -0.08859709573243302, 0.8111163162351959
-0.09776665031012445, -0.08898846472790517, 0.8138747443497442
-0.09800547460810652, -0.08872480405400039, 0.8138538649083461
-0.09793003457462839, -0.08870934988411201, 0.8141065565957598
-0.09790616903086005, -0.08884984496675576, 0.8143594383244872
-0.09773208884165213, -0.08875613993889715, 0.8133494442544622
-0.09768048470402997, -0.0891135148233976, 0.8140352833894331
-0.0978151671620123, -0.08863905736392207, 0.8126180946926407
-0.09755339547772329, -0.08899471294988262, 0.8125906338288321
-0.09785196920934042, -0.08878836198782983, 0.813712656090324
-0.09778383461408503, -0.08855326173919158, 0.8114184003597098
-0.0975715800273345, -0.08914111596446982, 0.8128393084011395
-0.09782713188453614, -0.08872752210028335, 0.8128933140890793
-0.09748074215349813, -0.0889525622070749, 0.8122136718289765
-0.09741111924622979, -0.08904184928469842, 0.8121185119177833
-0.09804613790402282, -0.08877125032732575, 0.8146149565503633
-0.09743650808743655, -0.08920772176142304, 0.8128919099992641
-0.09691026207237874, -0.08884319216500206, 0.8121409649424315
-0.09709426790549693, -0.08925497945197658, 0.8114114321532186
-0.09779054437969585, -0.08872355636924156, 0.8129384820584865
-0.09658296127393354, -0.08947925820753978, 0.813928549255229
-0.09760300065431009, -0.08912247629515667, 0.8131188365095333
-0.0975863512379893, -0.08855459072859184, 0.811125419428062
-0.09763977971828962, -0.08876762819428184, 0.8129072023796431
-0.0978592020353216, -0.08876086412125603, 0.8129235645901165
-0.09776603895341589, -0.08890423963122615, 0.8141564679532736
-0.09768102058864431, -0.08863283046389778, 0.8120778485425343
-0.09768486007717603, -0.08852670600664207, 0.810997550035865
-0.09762999678130722, -0.08918348500950367, 0.8142244686730752
-0.0978460263792444, -0.08855425869688455, 0.8122031827106906
-0.09725385309402934, -0.08924836759880077, 0.811913896781621
-0.09682036987562721, -0.08915193416346624, 0.8134562281057787
-0.09748837574049758, -0.0890850799871972, 0.8131014577930902
-0.09756590220728686, -0.08906552765418763, 0.8125582270471099
-0.0977980032945971, -0.08851207927611736, 0.8121933693813841
-0.09751875958109521, -0.08906370859526952, 0.8127341018415768
-0.09666401544472521, -0.08940311398995968, 0.8143041935621418
-0.09763709808879896, -0.08963609792745114, 0.8168130061679469
-0.09779476089496376, -0.08866744123353236, 0.8123868402204383
-0.09762003321468159, -0.08871585330608119, 0.813634681509466
-0.09731237790492682, -0.08957934281411394, 0.8141970213146388
-0.09758909132607207, -0.08903673095567465, 0.8125535798787613
-0.09676335176701598, -0.08933758283522528, 0.8149614378760518
-0.0976173104149652, -0.0890228486169546, 0.8127472882840431
-0.09690481178719389, -0.08896504860005419, 0.8130938270651901
-0.09771657901510693, -0.08906004399167479, 0.8138022349796485
-0.09772161749992904, -0.08879989165902369, 0.8129096265699842
-0.09759339997949311, -0.08911107050677868, 0.8134917771147872
-0.09772875514027493, -0.08860666995191811, 0.8125166322146838
-0.09786900932100195, -0.08856656981908934, 0.8130074468642847
-0.09761513467297797, -0.08910700737541036, 0.8137879547062445
-0.09789322466476677, -0.08859995684905628, 0.8128404564824044
-0.09767335406754174, -0.08869513974508848, 0.8128976148042297
-0.09770139459662198, -0.08891013730430032, 0.8135653561792768
-0.09805501769183153, -0.08869706942769495, 0.8143143427387995
-0.0975848896121418, -0.08901266180434243, 0.8131798479259452
-0.09776150770149716, -0.08866486127251615, 0.811833981677427
-0.09747461205287744, -0.08912408587521417, 0.813336035890312
-0.09764682563189606, -0.08847470769209018, 0.8113222049208788
-0.09788928466495161, -0.08879677155596552, 0.8137311177619141
-0.09774352670805404, -0.08906417562304983, 0.8140545458597387
-0.0980822160346918, -0.08861541963070721, 0.8142466810353053
-0.09770827004998639, -0.08903388402619565, 0.8140821810114965
-0.0967856416265018, -0.08933072561108804, 0.8142920147201095
-0.09769146223963404, -0.08910581374970968, 0.8137926247809115
-0.09750026271874951, -0.08916656346506942, 0.8127907637038518
-0.09792946225793825, -0.0885316161750114, 0.8127493743958745
-0.09755682402474812, -0.08915328661866523, 0.813032789701779
-0.0976034435872946, -0.08877516841382424, 0.8133585939413961
-0.09781672931003121, -0.08909347253214997, 0.8142634243812912
-0.09758308041388311, -0.08855924245685973, 0.8113720431641855
-0.09796777730229135, -0.0886719558991872, 0.8146447280619251
-0.09767135018052188, -0.08906681671385398, 0.8133587276894766
-0.09620722131785718, -0.08950779650006839, 0.8134302208905989
-0.09768474097540712, -0.08904003856218295, 0.8131465615674407
-0.09768457606981575, -0.0889265269902436, 0.8129294930771277
-0.09803044458064313, -0.08861521202062302, 0.8131838194257858
-0.09767269207107068, -0.08902127322240035, 0.8132162086008163
-0.09641567140824515, -0.08942210720926538, 0.8141334715601815
-0.09785967006930771, -0.08879233824949324, 0.8145523642088341
-0.09780272520747281, -0.08886012865953377, 0.8122218857297469
-0.09760714245851526, -0.0888419699131165, 0.8145075912242833
-0.09776361890714222, -0.08893707291014993, 0.8138676648932567
-0.09763190166110448, -0.08885199687785496, 0.8131397741179558
-0.0981130935527058, -0.08861616415429506, 0.8153897309564176
-0.09771797976524622, -0.08904568830471926, 0.8130964555820925
-0.09800367905373802, -0.08844023516428116, 0.8137079729467909
-0.09754761676070617, -0.08909153455483658, 0.8143376499231828
-0.09646991566781737, -0.08920888967683026, 0.8122013127434909
-0.09777594974599757, -0.08907592858556676, 0.8138057529563454
-0.09770413168871077, -0.08898584308477137, 0.813090419125083
-0.09617264126543536, -0.08949058224922397, 0.8134500895964304
-0.09784278152213494, -0.08881939368504305, 0.8152334935964416
-0.09761714472490823, -0.08907637853750287, 0.8136255733289199
-0.0962932880369495, -0.08942270353431774, 0.8137220385965216
-0.09742553902522189, -0.08928570018885695, 0.8131639453627083
-0.09620561312119114, -0.08948014092153371, 0.8135262215723049
-0.0975192104040274, -0.08955442044250495, 0.8161981698151268
-0.09750601980219074, -0.08895607323981874, 0.8123013135175466
-0.09625633990166861, -0.08945922390180663, 0.8137743169326053
-0.09744287873756448, -0.08954768858394135, 0.8150252860361091
-0.09770771025818697, -0.08866026611383714, 0.8121383086626066
-0.09767912280258254, -0.08893779319795937, 0.8130910455395234
-0.09746545857103654, -0.08903773598900107, 0.8119201904093115
-0.09762533047304557, -0.08873929852085774, 0.813527539212062
-0.09782854882232488, -0.08910953297044126, 0.8141205003087839
-0.09631473331943223, -0.08945961013075096, 0.8136065042329781
-0.09771514918698354, -0.0890198121893488, 0.8132423520307861
-0.09782036359792647, -0.08876606290053526, 0.8130194884047083
-0.09666001678619672, -0.0894608753005363, 0.8143117017063655
-0.09754581443189778, -0.08927773845227813, 0.8140982393161363
-0.09629229262223658, -0.08940880043020588, 0.8132107098383409
-0.09759556212226034, -0.08892835690556909, 0.8128588699339554
-0.09764303044389139, -0.08895648490112974, 0.8134603180629042
-0.09798616173317978, -0.08869260281647369, 0.8134803965368885
-0.0976613825059291, -0.08901881386262522, 0.8128996833521912
-0.09780756984076028, -0.088542919117894, 0.8125056182183115
-0.09795626218457218, -0.08838211641096229, 0.8123462984402439
-0.09761725568439344, -0.08898954804741391, 0.8123290337777566
-0.09657462940461382, -0.08938731487626188, 0.8114469459628515
-0.09748697382870214, -0.08949758759104884, 0.815326261442123
-0.09637676074759223, -0.08884957418848066, 0.8120351424072403
-0.09768426300757066, -0.08876291305961724, 0.8137427641492482
-0.09766166971790825, -0.08905871158616979, 0.8130508233452007
-0.09610712354124802, -0.08947337824721968, 0.8117958116468322
-0.09745221994881376, -0.08948219019622015, 0.814305042733927
-0.09772802687874492, -0.08864187639302587, 0.812229414533442
-0.09725482408896785, -0.08842956346082907, 0.8104512792844577
-0.09738538173809262, -0.0887953911453792, 0.8115159789221343
-0.09668227553096106, -0.08966494465047732, 0.813723629261892
-0.09796395793403956, -0.08892346039817689, 0.8138119897132782
-0.09749536838100469, -0.08874106091410898, 0.8122369088599245
-0.09806524855370065, -0.08864625561038908, 0.8152071871914754
-0.09744998007969911, -0.08922880309625468, 0.8121038040616002
-0.09778605623103813, -0.08902089590997675, 0.8139738728278236
-0.09759466402222552, -0.08894064485922608, 0.8133853733936528
-0.09764308953755554, -0.08849880318473502, 0.8120552307483205
-0.09808084542935125, -0.08898362618489564, 0.815767279969495
-0.09809486542664536, -0.08864716987082324, 0.8149140063714408
-0.0975598548932946, -0.08889861992904835, 0.8131518892585636
-0.09758271294551885, -0.08900223966323528, 0.8126759416490681
-0.09788993378283647, -0.08893058695146511, 0.8136194404021915
-0.09793593644131361, -0.08878635830897784, 0.8134818008140832
-0.09783414878810595, -0.08907593655612062, 0.8144918451498598
-0.09776839113651356, -0.08879389682252824, 0.812297468721796
-0.09763742890217929, -0.08868832337987317, 0.8124818313112949
-0.09794625538486101, -0.08873548231958472, 0.8134375408946107
-0.09772972358831324, -0.08885098280699963, 0.8129406576661302
-0.09763390518812362, -0.08904677983404315, 0.813581332424362
-0.09722439964939739, -0.0889231878540101, 0.8139103363103333
-0.09753736092156005, -0.08908557158675, 0.8121456532229401
-0.09765202733268387, -0.0885665018483745, 0.8116699948255361
-0.09772847774280473, -0.08889723100870035, 0.8133874604984968
-0.09761514929629421, -0.08901590759903016, 0.8132472541838642
-0.09758196338206239, -0.08909503210045894, 0.8136885490572031
-0.09770996767001523, -0.08863715327955163, 0.8119786473715277
-0.09746528875318704, -0.08910471113344255, 0.8127762851729768
-0.09800183473321984, -0.08894923239224013, 0.8150496595531053
-0.09810676537080827, -0.08877229017256841, 0.815756173511906
-0.09761391684795216, -0.08911590215228465, 0.8131193934057193
-0.09762398341223222, -0.08861922491480603, 0.811869899554171
-0.097766892258344, -0.0888447319655156, 0.8140032763793544
-0.0975588807530081, -0.08912514011802139, 0.8125609870046528
-0.09789494965009857, -0.0890595962833449, 0.8139928525137842
-0.09783290674154344, -0.08854940197873337, 0.8124363761987119
-0.09778167209864409, -0.0887881032873758, 0.8147629500476056
-0.09785415017703225, -0.08871214200404008, 0.8132384878246143
-0.09668693020052299, -0.08940456462805671, 0.8134524433111827
-0.09769047426409413, -0.08932047392653654, 0.8142555797070642
-0.09781346427644325, -0.08888632216142507, 0.8128952273204335
-0.09656072031247692, -0.0894865871184785, 0.8143611035452173
-0.09752613633869246, -0.08889354730116489, 0.8122515009042951
-0.09632358692438657, -0.08949821559756861, 0.8128195196891945
-0.09758441048920437, -0.08918795891866767, 0.812909939744351
-0.09790060191971042, -0.08868861959932618, 0.8129931640306824
-0.09759509250952819, -0.08876423642177503, 0.8154688519870217
-0.09741403484493538, -0.08925877606360827, 0.8137976062432967
-0.09618554579892405, -0.08948837490774356, 0.8127973921370438
-0.09763390730244896, -0.08918250851721718, 0.8130532004307374
-0.09770926868999757, -0.08884503930948319, 0.8128382127335052
-0.09738208804555394, -0.08883076379753066, 0.8143438173163008
-0.09751073706799558, -0.08889995898094434, 0.8126314736901761
-0.09738017341977735, -0.08857274561611136, 0.8105326577464482
-0.09767790979935093, -0.08872218535128086, 0.8129337270103818
-0.09766086060029704, -0.0891777340060955, 0.8133622669344953
-0.09648658367720768, -0.08926687443876248, 0.8132801084389195
-0.09750336074945815, -0.0888513517804353, 0.8118011048380925
-0.09774217677764455, -0.08889401579402242, 0.8145297489043638
-0.09801394287716776, -0.08900881643447013, 0.8158751534828458
-0.09766664937397802, -0.0891150223868101, 0.8130946692401323
-0.09794579484733747, -0.08852359416794119, 0.81264916576112
-0.09761609271822692, -0.08880151000041925, 0.8123210767866258
-0.09759684288698826, -0.08912653702110052, 0.8117851171448924
-0.09799813349294523, -0.08848323407366465, 0.8137193685875386
-0.09746538228383336, -0.08934305975423117, 0.8150752810811257
-0.09607821404444007, -0.08940981558294228, 0.8123251294408906
-0.09774543214417995, -0.08913275574655379, 0.8135766289811254
-0.09610598830953325, -0.0894876472477334, 0.8120343583218731
-0.0976890437340342, -0.08896330153519612, 0.8138502516168125
-0.09761619056407782, -0.08894990532166706, 0.8131162682160962
-0.09796714600193968, -0.08874218757326406, 0.8146001541048292
-0.09772474661366543, -0.08926451388999711, 0.8144431266660159
-0.09780469297059352, -0.08871123274658656, 0.81220277005195
-0.09754014228833591, -0.08897579321633077, 0.8132588278557571
-0.09735823768986562, -0.08928604985255767, 0.8138476011297331
-0.09772911576370795, -0.08877177552298646, 0.8144033656648471
-0.09745103085265278, -0.08952876163154619, 0.8147321273141569
-0.09695200046375588, -0.08908083142025977, 0.8127168176718578
-0.09763466197886014, -0.08879307394280181, 0.8127814050247368
-0.09736068334654426, -0.0895457959686795, 0.8149621692905751
-0.09760099048398811, -0.08859360780466148, 0.8114809861335885
-0.09655081363624912, -0.08943417026842627, 0.814455016193108
-0.09751922362144196, -0.08934713745845033, 0.8138689163180758
-0.0979796195495539, -0.08850241639131808, 0.8132623321585641
-0.09757799207284823, -0.0888673776606974, 0.8117282954411634
-0.09814893552054663, -0.08871445561040836, 0.8158038140795366
-0.09771524936082794, -0.08871247918625295, 0.8124051928521727
-0.09631479016139888, -0.08951521243380728, 0.8140223289667807
-0.09779431716619931, -0.089034503906852, 0.8136087409669558
-0.09701003709763864, -0.08895388953606193, 0.8112903034774781
-0.09657346873839674, -0.08942470004138003, 0.815113007153469
-0.09741363315089882, -0.08947150834560492, 0.8145018371365557
-0.0962463017312133, -0.08943048567372323, 0.8130459308262267
-0.09802366978667884, -0.08853682045367184, 0.8128300521722223
-0.0976800955378092, -0.08891495623286927, 0.8132162216825197
-0.09643570011275111, -0.08912669724107972, 0.8138109083296764
-0.09768886680893728, -0.08910767426718985, 0.8138706663034114
-0.09740074519271277, -0.08916062671273675, 0.8118518759631088
-0.09785648553727129, -0.08868500502752624, 0.8138573234125948
-0.09753240860237289, -0.08910938678835445, 0.8131773897207863
-0.09632428939951077, -0.08942427571606179, 0.8133367476604055
-0.09760755378027824, -0.08915717598472013, 0.8132695244712872
-0.09764296054455007, -0.08902251530391243, 0.8128715076372295
-0.09765165273231943, -0.08859963194450095, 0.8129015025366917
-0.09776220727124976, -0.08905844074333269, 0.8140884445814744
-0.09647191035763204, -0.0894317283657865, 0.8140849030440296
-0.09749142845918962, -0.08939762439087816, 0.8140953200143313
-0.09775717613513141, -0.0886875912211157, 0.8118571327551454
-0.09759489835433603, -0.08890438019016607, 0.8136556982213426
-0.09788122423441589, -0.08882907084060056, 0.8133051303770837
-0.09775883851145598, -0.08878120921003818, 0.8124683531902576
-0.09761234516959637, -0.08904649134797521, 0.8129705361894535
-0.0964909495436844, -0.08921035898679666, 0.8128309768301293
-0.09749709606946104, -0.08877495886935378, 0.8122707519975609
-0.0966511305973289, -0.08956313369700654, 0.8153129817997393
-0.0977957155987336, -0.0888603464678491, 0.8166943170639392
-0.0977242110002148, -0.08886032057694244, 0.8130294162570506
-0.09640892557961994, -0.08929222425818603, 0.8136526952391342
-0.09744789836739935, -0.08882087714634568, 0.811735330544556
-0.09767308608099888, -0.08881176725964424, 0.8135776523400534
-0.09778226596425359, -0.08915836526105188, 0.8150706217263112
-0.09760377830123333, -0.08854165261807624, 0.8115309126840635
-0.09793716585251554, -0.08848026820452727, 0.8123825534094598
-0.09743853624369851, -0.08922819785212215, 0.8126474617212763
-0.0965168176812623, -0.08952431795952556, 0.8139099890043809
-0.09793735020999869, -0.08889228636219723, 0.8148491580119228
-0.09783768558940277, -0.08849162093106042, 0.813217829141941
-0.09772119711872986, -0.08850002362770801, 0.81084868904927
-0.09751555592741883, -0.08922439523055586, 0.8131220505656991
-0.0978821304585303, -0.08882200351348088, 0.8129747615184417
-0.0980106081190715, -0.08862392187712734, 0.8128033484242224
-0.09750960482440246, -0.08889397730318636, 0.8125939112484543
-0.09802723287475353, -0.0886484975912632, 0.8133411401828792
-0.09803984143679675, -0.08871566893624837, 0.8137147345736206
-0.09795794226185095, -0.08892349682665118, 0.8146354620104713
-0.0978517803299702, -0.08839534881672353, 0.8114639242050228
-0.0973708440547628, -0.08899661688138225, 0.8129624848880511
-0.09770908606351043, -0.0886644927315994, 0.8116336585992595
-0.0976504201923224, -0.08891964447472477, 0.8130719220599484
-0.09740956526266102, -0.0889231166251218, 0.8122743657018583
-0.09755825478749174, -0.08844601311262425, 0.8113314187636723
-0.09758900133526083, -0.08907191886393971, 0.8126511455124744
-0.09786056857728884, -0.08859357278356567, 0.8121528942059404
-0.09753147528426724, -0.08888836213067426, 0.8124440901165494
-0.09748249516764085, -0.08885867772418202, 0.8119996566565068
-0.0978159697481082, -0.08861195928719641, 0.8124319147460374
-0.09742886609610829, -0.08893529782092825, 0.8120150173410956
-0.09672320079406808, -0.08921243815783578, 0.8132407469612902
-0.09799722971914816, -0.08873925057340293, 0.8143497538509776
-0.09788669578698385, -0.08864035115378387, 0.8128813565160303
-0.09772828901446051, -0.08882678137022894, 0.8136566610028342
-0.09760475322791733, -0.08873273496058343, 0.8126098743572788
-0.09777225272434535, -0.08851268702184223, 0.8116752095855312
-0.09748675655995283, -0.08905765312684547, 0.8127374840805929
-0.09771648561145246, -0.08867122500729463, 0.8121292530682894
-0.09787228406211382, -0.08872150049791722, 0.8145443828135044
-0.09784511906307461, -0.08848253410760192, 0.8120445907373826
-0.09779258766321111, -0.08887936324143336, 0.8136885087722961
-0.09794544645343749, -0.08854482640320364, 0.8129099426341073
-0.09715198654380328, -0.08913546843482299, 0.8115122981773086
-0.09795381336213536, -0.08848214015589127, 0.8133016751191394
-0.09751599809248587, -0.08905173485920471, 0.8132806494524073
-0.09768425010276559, -0.08838921937574334, 0.8119628873417633
-0.0973768515658538, -0.08885661570179754, 0.8129869069118866
-0.09804690438550052, -0.08871998611598439, 0.8142344245212582
-0.09800600993027263, -0.08843170754291041, 0.8129109059421129
-0.09760412803891066, -0.08872899753158518, 0.8124710913344917
-0.0970377550193155, -0.0884822946553583, 0.8103185321164448
-0.09765574723484287, -0.08908545580012422, 0.8132917364707367
-0.09756213172140386, -0.0886345178007161, 0.8115951466616267
-0.09784862093473612, -0.08832463798616744, 0.8135802254233171
-0.09766075061359955, -0.08882293064456796, 0.8146697629000204
-0.09607571238600925, -0.0891366743936355, 0.8109630768651808
-0.09805494563434988, -0.08911233351265638, 0.815954871705647
-0.09760024262866179, -0.0892311606068496, 0.8138665880672395
-0.09620879765486698, -0.08911808273300807, 0.8123474068718548
-0.09923308015061617, -0.08819439969231493, 0.8119510714740225
-0.09686678875783099, -0.08859737173412163, 0.8098451179275997
-0.09650378867391608, -0.08910660077228975, 0.8151455038079727
-0.09779313496940636, -0.08962685252689767, 0.8169468410555699
-0.0964216694220334, -0.08918934317837458, 0.8148248280592111
-0.09739034569917802, -0.08949696601712849, 0.8167637338114684
-0.09766425405231063, -0.08869341949437844, 0.8124986738115524
-0.09636955538949926, -0.08946251295792786, 0.8138364139182331
-0.09763810890157772, -0.08900884832193078, 0.8129810738641791
-0.0973743184673478, -0.08901468606659997, 0.8113661581422176
-0.09653955127529731, -0.08943750701157065, 0.8146023393322424
-0.09775262362973146, -0.08862917910823633, 0.8133357345018527
-0.09773466479125499, -0.0883224230911428, 0.810993040536013
-0.09789859730604057, -0.08884874282522652, 0.8145660358692131
-0.09739484880307493, -0.08909377557573184, 0.8125480782863874
-0.09778507632226854, -0.08845110846763732, 0.8117639219174664
-0.09741615351704452, -0.08887650818072299, 0.8120574560013286
-0.09783635006396114, -0.0885057047317076, 0.8122117964530946
-0.09769894976679822, -0.08879220615800314, 0.8132833866911295
-0.09759912250054337, -0.08872432580956184, 0.8125477224156005
-0.09782109282481548, -0.08860407872092278, 0.8133962021380294
-0.09725042078420786, -0.08905782683307222, 0.8113595385459367
-0.0977904827744242, -0.08854982324732262, 0.8126663636749691
-0.09780564734165349, -0.08855856158993354, 0.8131138252482494
-0.09764298703032324, -0.08878068862931783, 0.8130952142562703
-0.09762639295225832, -0.08857362264897994, 0.8114406883772114
-0.09728189973628192, -0.08910586344322484, 0.8121609582438309
-0.09782412648650314, -0.08853827699458068, 0.8127366762460583
-0.09800429289231344, -0.08855937025431841, 0.8141496682956676
-0.097970100450109, -0.08865475577341235, 0.8137257963505665
-0.0978254394698842, -0.08843183999496124, 0.8138029101734549
-0.09740859663485876, -0.08907697069274971, 0.8121939148433442
-0.09781910280182612, -0.08859133912478351, 0.8119491064033886
-0.09756210173602914, -0.08910302226587245, 0.8128490037732418
-0.09785261512230961, -0.08867506441782214, 0.8135859198017565
-0.09708752676311094, -0.08876596843105872, 0.8129599242159797
-0.09797213888825401, -0.08839076232627316, 0.814289202819119
-0.09765538863021299, -0.08836468199960729, 0.8111510599527925
-0.09786283923345111, -0.08846492171294988, 0.812019076406044
-0.09765146314975563, -0.08907525771612136, 0.8134950877512357
-0.09787663805735423, -0.08849657830757159, 0.8120377351186667
-0.09748721660616656, -0.08905882134852945, 0.8137498406699869
-0.09778785390517744, -0.08860256469689717, 0.8131291705831337
-0.09781235522085235, -0.08869211315996565, 0.8133360166062896
-0.09760542263277214, -0.08970988234229581, 0.8165087440707678
-0.09753194638535975, -0.08870047074390788, 0.8134113322766442
-0.09753623424265635, -0.08908225783645307, 0.8137481430691749
-0.09687145674116654, -0.08870626211209902, 0.8092064832969776
-0.09765427034473269, -0.08909155828926164, 0.8135107800301407
-0.09769709458204259, -0.08904780021351666, 0.8132521478571975
-0.09730843090068142, -0.08853232382311077, 0.8125375475155404
-0.09758476302707295, -0.08872938752398529, 0.8132159593273974
-0.09746275223301755, -0.0885306036400341, 0.8122493809645835
-0.09716537720880038, -0.08843065342303072, 0.8098581056228739
-0.09738054976238464, -0.08911624156312373, 0.8129894397397405
-0.09680883297452234, -0.08925471866132163, 0.8131272093095545
-0.09807811822237839, -0.08860285318471513, 0.8148311036145612
-0.0972883277421161, -0.08890825647770122, 0.8118684922678507
-0.09640309188110721, -0.08895834470275324, 0.8109922499518034
-0.09720911004816686, -0.08914439070446131, 0.8125947474758293
-0.09747977754460663, -0.08866811679489177, 0.8120156349081383
-0.09730596075335392, -0.08903328150561325, 0.8121137278013776
-0.09764647631852694, -0.0887628410046808, 0.8120669213081012
-0.0974616359327043, -0.08869978009984864, 0.8132593860588241
-0.09737035641831768, -0.08913122781876716, 0.8136043318850873
-0.09627019227251972, -0.08935277220226175, 0.8130484799257289
-0.09735563968390658, -0.08934134015781332, 0.8141256080514373
-0.09751724167289229, -0.08907880602792766, 0.8127914091803187
-0.09648472568049407, -0.08936536214546793, 0.814415663781918
-0.09734661048581648, -0.08872283915037167, 0.8114423909166489
-0.09605618776656782, -0.08933318272862945, 0.8126804038894778
-0.09767142852037589, -0.08902926402100347, 0.8128520868219313
-0.09776578319849195, -0.08870770851093338, 0.8131401944618294
-0.09634374117058238, -0.08939551889217122, 0.8140642780973601
-0.09728002888474926, -0.08907845465881083, 0.8129334568084357
-0.09736761661841961, -0.08893396628029406, 0.8130918138094786
-0.09791083356152239, -0.08881700564235513, 0.8142061791678963
-0.09778257050421339, -0.08850862010633453, 0.8131758749263379
-0.09629746601184777, -0.08918170522309629, 0.8123989858426113
-0.09762432021854169, -0.08908744451852695, 0.8130817579560927
-0.09652443015161237, -0.08944682551717259, 0.813577006887069
-0.09762383440187149, -0.08875711046685585, 0.8127816335616276
-0.09700466444951593, -0.08919054517914253, 0.8107501291015264
-0.09804801066930309, -0.08863466736327481, 0.8136382416646895
-0.09761230674418314, -0.08923544025627564, 0.8139210661955972
-0.09720223061272593, -0.08874245794224304, 0.8119172361747361
-0.09794353495706869, -0.08858694182560028, 0.8139524143417682
-0.09755381735907218, -0.08896845485268307, 0.8125048527744009
-0.09613141973432704, -0.08908877763717687, 0.8107638235140197
-0.09751471414466324, -0.08943038738735415, 0.8130006564988294
-0.09655115455058301, -0.08912088552991329, 0.8121116398030662
-0.0974422944389164, -0.08884503006846346, 0.812551456541903
-0.0967223199864449, -0.0891195406943442, 0.8123562308250007
-0.09612963252231499, -0.0893024392992493, 0.8113591191681935
-0.09734095929502765, -0.08932906102664674, 0.8124881036134391
-0.09654067972806246, -0.0890170623883968, 0.815255462011739
-0.09735405843796435, -0.08944799424197006, 0.8115977622838165
-0.09628673243657516, -0.08925460233499596, 0.8122382404539609
-0.097533035911859, -0.08892745651745479, 0.8133352012731483
-0.09758507899750718, -0.08962189014541479, 0.8166169645308445
-0.09618658653460498, -0.0894577217551347, 0.8136878095911836
-0.09776425811645503, -0.08905572527205591, 0.8137896260816895
-0.09625006756394924, -0.08944793545712235, 0.813602142342599
-0.0977021076987674, -0.08888314735103074, 0.813409532122845
-0.09749257006171688, -0.08877380347692772, 0.8116738196013001
-0.09623226519084496, -0.08941397578638295, 0.8160118540764679
-0.09759552764947274, -0.08910887936150162, 0.8131502132834783
-0.09673645979876729, -0.08905642429651625, 0.8126350904717347
-0.09738267197796667, -0.0894015074881746, 0.8145688244798251
-0.09767345024501964, -0.088710254350786, 0.8127857769130663
-0.09763605780117854, -0.0886254481893888, 0.8139370871867351
-0.09763056062573433, -0.08896561020328643, 0.8132715067555483
-0.09769861509393236, -0.08854467596027223, 0.8116297634898658
-0.0978989030727891, -0.08872802390240034, 0.8137233342296294
-0.09804526587323306, -0.08860070385118142, 0.8153166004444099
-0.0979313252369455, -0.08841221820538658, 0.8125397410238585
-0.09755381341239185, -0.08901195778386244, 0.8128766302861313
-0.09805599074004608, -0.08858424460802473, 0.8138845890296141
-0.09810410047356531, -0.08881415556126973, 0.8157231089388358
-0.09743657003887496, -0.0888369172030378, 0.8119936787625223
-0.09729808659033343, -0.08897559988823349, 0.812269344805726
-0.09718653603835826, -0.08900019347760867, 0.8110875687892227
-0.09773700663475744, -0.08893861010449457, 0.8139727624565135
-0.09779659887730979, -0.08865329206869103, 0.8127775198516265
-0.09722109653474569, -0.08915431167684201, 0.81078463566705
-0.09726612317377872, -0.08905728741745805, 0.8115641700735472
-0.09777199093930004, -0.08838604898170786, 0.8112219572696313
-0.09741563210028764, -0.08901223743243274, 0.8116658940939228
-0.09783294377473419, -0.08854479648781209, 0.8127173224322819
-0.09795911393421364, -0.08861843167389549, 0.8142661524893985
-0.09762729807958771, -0.08874383732456545, 0.8129087471766853
-0.09685364477003217, -0.08897673060651877, 0.8127831334039998
-0.09737676319370775, -0.08900916678028262, 0.812375342244718
-0.09734056770254293, -0.08885779686877947, 0.8119907076670843
-0.09780544191537754, -0.08847623427268306, 0.8115260538070695
-0.09740654336642711, -0.08902316402996385, 0.8119616090952283
-0.09662549776166447, -0.08913802462073783, 0.8122779197015103
-0.0969956631868916, -0.08917744566426102, 0.8102611394232979
-0.09727071488157389, -0.08871034264716224, 0.8109965217920303
-0.09781442090324323, -0.08841427085381957, 0.8110868320074822
-0.09753512699133482, -0.08898210313089798, 0.812265612584463
-0.09771480541104446, -0.08832496855646323, 0.8104039374643808
-0.09750723455058193, -0.0889218909164918, 0.812190672594641
-0.09771911615885658, -0.08843467802076695, 0.8115014662596823
-0.09786432569308294, -0.08836792273365426, 0.8121121445814009
-0.09731397928165075, -0.08885880764406136, 0.8108197680041614
-0.09778157285738427, -0.08833607774364048, 0.8104382295594513
-0.09750284567594643, -0.08889201642629967, 0.8130160622533307
-0.09795721180300605, -0.08848418395000192, 0.8130912205811723
-0.09750899989990869, -0.08886721536987477, 0.8127052853535843
-0.09742254499214037, -0.08900577183071239, 0.8119794812105693
-0.09666852142135497, -0.08919395351945891, 0.8128746828224289
-0.09814957604310919, -0.08853977477148095, 0.8157564881764865
-0.0975706742582135, -0.08855152854085156, 0.8116859690349684
-0.0981888821225345, -0.08860793733149172, 0.8165902298543419
-0.09729653163536993, -0.0891620176780197, 0.8114321941415529
-0.09775485529075993, -0.08840727403927781, 0.8106874921495697
-0.09731089955168692, -0.08884060474062595, 0.8111012340778355
-0.09621309114624528, -0.08940702487044316, 0.8134561432070343
-0.09815908314931572, -0.08863933040857723, 0.8154783837075673
-0.09753936044421045, -0.08896034927726462, 0.8119671540215038
-0.09758030523508136, -0.08842645677518197, 0.8112470499263448
-0.09776380107242602, -0.08837574859562888, 0.812130764474597
-0.09753955546757714, -0.08897231410923617, 0.8129262389859016
-0.09652685442336696, -0.08943479683659622, 0.8135163593628255
-0.09756859828926549, -0.08897715754867226, 0.8127169404887505
-0.09760791177181707, -0.08843248830165577, 0.8109121698060009
-0.09765509381074676, -0.08839291068060502, 0.810966201939032
-0.09726217965496906, -0.08930874236375455, 0.8132263102355923
-0.09638964142563038, -0.0894796378146539, 0.8130885115093073
-0.09762221817446934, -0.08896308647286981, 0.8127359035490112
-0.09773498242954677, -0.08843448196230005, 0.8121517487156081
-0.0980056660673149, -0.08846092925328897, 0.8140308830549583
-0.09792565255245553, -0.08848773252844193, 0.8126869337778586
-0.0966865898473637, -0.08922236044192593, 0.8125253584334389
-0.097651951223559, -0.0888906105050953, 0.8133394702406481
-0.0970845065001203, -0.08858135301349761, 0.810368689199579
-0.09791251884854058, -0.08836268494673882, 0.8120415074348538
-0.09782294427977374, -0.08872814346367482, 0.8128858385659599
-0.09781864833891975, -0.0884740503583309, 0.8117634814667973
-0.09732592918969427, -0.08881310889253606, 0.8108728732351711
-0.09794573156849865, -0.08851285354362158, 0.8131988090560704
-0.09788851279501157, -0.08847235152493883, 0.8132503843798543
-0.09730199167719585, -0.08893093751226633, 0.8113402962945885
-0.09786331162091012, -0.08893735688144361, 0.814091381727582
-0.09790694502583172, -0.08862490990008794, 0.8135827261202796
-0.09732322644680451, -0.08874159692968332, 0.8110876141533083
-0.09790905746964611, -0.08858342994647217, 0.8125703475205013
-0.09758909225720168, -0.0887781172461879, 0.8129702902925375
-0.09774218500219574, -0.0889601809360378, 0.8132750479727788
-0.09693975643641554, -0.08888231767077547, 0.8132300720902413
-0.09798375745354487, -0.08859242321587014, 0.8151657462906549
-0.09752593796878006, -0.08868703247909665, 0.8122795137830378
-0.09750781059074848, -0.0890353544371256, 0.8138059550485418
-0.09790531088151185, -0.08861659923997538, 0.813868676992757
-0.09650274844062014, -0.08937607278425186, 0.8138254021885781
-0.09750446858080537, -0.08904867825755582, 0.8128572280761354
-0.09743190018193924, -0.08854491644805912, 0.8104837495568605
-0.09785122932121441, -0.08838423362024873, 0.8121203298216783
-0.0973218159832782, -0.08899888229586489, 0.8110495388112805
-0.09799904650414318, -0.08857647154914851, 0.8132571692973968
-0.09746931353939024, -0.08885983843354921, 0.8120342371600484
-0.09729361725976446, -0.08872370806139085, 0.813029632249474
-0.09724512974439055, -0.08914284832846667, 0.8112497379917932
-0.09644931939797473, -0.08929885521783854, 0.8122657330111279
-0.09779899002015376, -0.0884802436427237, 0.8126336470403281
-0.09726314823547408, -0.08912103349656798, 0.8124099592771814
-0.09627388285370679, -0.08953235670964872, 0.8136789922323845
-0.09777244199221924, -0.08879256430291496, 0.8143388678243502
-0.09745481862641771, -0.08877548543325968, 0.8121295255652519
-0.09760901484608592, -0.08854228334574489, 0.8124531658467966
-0.09766204280119471, -0.08902700073810968, 0.812932530053332
-0.0977283744771919, -0.08859316559267189, 0.8117288139134415
-0.09745534081842973, -0.08895570953301639, 0.8124439660035554
-0.09752714897154521, -0.0890509691950026, 0.8126488194764797
-0.09790904489995496, -0.08850373382556141, 0.8132565529406728
-0.09759668269068232, -0.08916837079657192, 0.814552909205457
-0.09629386779624191, -0.08946436557753105, 0.8143730150510162
-0.09746843866302343, -0.08895231966756335, 0.8119978912859614
-0.09649723043899149, -0.089312649437314, 0.8130920751921201
-0.09775019198117947, -0.08837976651772432, 0.8112938973026069
-0.09787594775376963, -0.08862761435471667, 0.8133816740699595
-0.09628877838698342, -0.08945946619623764, 0.8131113704226954
-0.09758508288397316, -0.08903244941811563, 0.8132705450993258
-0.09765917088784573, -0.08842186024585312, 0.8115529977546945
-0.09761901218800768, -0.0888337688798153, 0.8135013398775883
-0.09743062284206082, -0.08911314720632398, 0.8120953991324286
-0.09672925184086104, -0.08937746011176366, 0.8142591250443705
-0.09744615521305593, -0.08926287788109497, 0.8143401267943565
-0.09763874625862258, -0.08854111954931859, 0.8115764423406588
-0.09757709360638256, -0.0889064656393082, 0.8123914677910221
-0.0974877966515886, -0.08899187843560755, 0.811929343529914
-0.09756160286560736, -0.08860878353238749, 0.8136854747810418
-0.09774175308153296, -0.08883497901073202, 0.8136345127931521
-0.09776402723773255, -0.0884571614336846, 0.8124990779765936
-0.09779282613172893, -0.08860331825461777, 0.8128095122763979
-0.09741495534593123, -0.08901585522317315, 0.8120351667913261
-0.09652788881786749, -0.08922337774585427, 0.8127899643398758
-0.0976040371968655, -0.08888300130380482, 0.8133427275894809
-0.09745806251577663, -0.0890360118092951, 0.8126413293382561
-0.09773674472315963, -0.08844355816913427, 0.8114622971907024
-0.09746935278543155, -0.08892594314622064, 0.8119504308360845
-0.09643575661720383, -0.08929895284176428, 0.8119308948552936
-0.09785849244432056, -0.08875178384375733, 0.8139451778685236
-0.09768448664169553, -0.08886374322388368, 0.8137209548214789
-0.097557878606481, -0.08877757307587267, 0.813521221154559
-0.09759968780476659, -0.08905438690258265, 0.8138628645642896
-0.09776868567958716, -0.08851660110626511, 0.81190487786447
-0.0976050634078403, -0.08884132388430326, 0.8123984321824976
-0.09703807150260031, -0.08867773935838395, 0.8103079145223488
-0.09798086757423985, -0.08858506254135742, 0.8143253184791402
-0.09766181997128223, -0.08914286761855961, 0.8138552877982025
-0.09621275179307326, -0.08932227914968287, 0.8131933095951628
-0.09742976834571951, -0.08906226280626325, 0.8123248875505668
-0.09621833380352451, -0.08951914263446574, 0.8135151171578547
-0.09800141428013806, -0.08864619182453301, 0.8131901410137966
-0.09803574810309187, -0.0886192615883843, 0.8143652948919257
-0.09640654657054845, -0.08942581684489213, 0.8146527967270509
-0.09749932302415365, -0.08902144026756333, 0.8125657225627874
-0.09642121060287738, -0.08937273931120213, 0.8125392033624191
-0.0976982409312619, -0.08870772968051926, 0.8134635448759882
-0.09725843029281372, -0.08910479341327063, 0.8110212401766106
-0.09630337759363793, -0.08949521940685222, 0.8133545497858694
-0.09757727693825233, -0.08884319036388108, 0.8132531373016879
-0.09775653340345622, -0.08839963768640627, 0.8115774651097669
-0.09811317097676947, -0.08854639609992775, 0.8149685816027172
-0.09740011384688994, -0.08906220324231821, 0.8120379924855327
-0.09794891729460736, -0.08839714702290649, 0.8131238347629473
-0.09734603027721438, -0.0890204420198877, 0.8122575470273297
-0.09760352206632977, -0.08850213969393417, 0.8118858000907587
-0.09774370999776934, -0.08867997267186513, 0.8131497839877285
-0.09746166718794821, -0.08902606689167263, 0.8128252445701714
-0.09667462528199731, -0.08925334342699572, 0.8127672501383627
-0.09810817446202556, -0.08857358086215589, 0.813659547805526
-0.0978291628867311, -0.08890231508439714, 0.8133636741204083
-0.09672777726173908, -0.08929203456849272, 0.814160997955892
-0.09726146809671274, -0.08912493689198142, 0.8115854631504904
-0.09758218142846607, -0.08850261663708603, 0.8117349112738688
-0.09772597211576281, -0.0884688045202713, 0.8118776454010266
-0.09772925718674685, -0.0888524643117232, 0.8130001293865917
-0.09668243837921603, -0.08939533841313829, 0.8145501340676026
-0.09756792858726401, -0.08886368281268615, 0.8126967251678416
-0.09771977433115399, -0.08852957119711295, 0.8116825982449024
-0.09790543759069861, -0.08835314380774971, 0.8121771232794268
-0.09729691923535512, -0.08910982401849016, 0.8121384980169927
-0.09781953183561892, -0.08859831682904161, 0.8124392337763616
-0.0975567452232944, -0.08880258851265176, 0.8127198463481511
-0.09718563310000647, -0.08917873160841454, 0.812294853435934
-0.0979928311826375, -0.08841226249458518, 0.812861019746154
-0.09736617283151339, -0.08911349202237036, 0.8125029214097067
-0.09787185928331495, -0.0884392932213291, 0.8121408210853365
-0.09724799135793236, -0.08911979072320016, 0.8116137986367652
-0.09759733255103534, -0.08845060184944462, 0.8111020411952975
-0.09743489101250642, -0.08914868933306938, 0.8124887535665654
-0.09777506737053963, -0.08841149882064724, 0.8119499924601713
-0.09745819411391182, -0.08895781906713142, 0.8126414901982304
-0.09787569013390982, -0.08849800517335528, 0.8116046145348107
-0.09794768745156317, -0.08858150314650531, 0.8129891946344874
-0.09757517018491492, -0.08911816066786647, 0.8129325515909857
-0.09776614653507582, -0.08836073092287271, 0.8120524964826996
-0.09763265890189494, -0.08864475924037848, 0.8129279548460311
-0.09760909501971382, -0.08863496637612525, 0.8126607354687748
-0.09791427843933852, -0.08849897926673544, 0.8130880695350888
-0.09813508990600571, -0.08861345568097319, 0.8146712679431624
-0.09791845729947289, -0.08850646860490279, 0.8126007975719368
-0.09757775890387071, -0.08892031100485834, 0.8130971119595656
-0.09784280125780528, -0.0883354052488463, 0.8114346341437652
-0.09763356685851568, -0.0888831833467726, 0.813214738600264
-0.0977699638154749, -0.08866938293321275, 0.8125360017975229
-0.09790197830913527, -0.08850122804215094, 0.8127798500820052
-0.09796410948988571, -0.08859677602376927, 0.8146892643315257
-0.09788265410123206, -0.08854076656020919, 0.8126017514542601
-0.09815804144239224, -0.0885914969882594, 0.8148115970127985
-0.09783373907399502, -0.08869282072258802, 0.8135340561796043
-0.09776099346617227, -0.08844425672270502, 0.8116285853661668
-0.09756864704531212, -0.088979445806275, 0.8128966235080111
-0.09604817239317008, -0.08928929375346621, 0.8129843733299804
-0.09768532177210466, -0.08898767331270409, 0.814859871528192
-0.09632284552520791, -0.08940123358487849, 0.8137215506015393
-0.09806144749174843, -0.08850554450326847, 0.813232697833878
-0.0976225510768012, -0.08877795344089386, 0.8130599713804172
-0.09752946164134828, -0.08868353429220857, 0.8121244939757047
-0.09795763866518002, -0.08869251423121782, 0.8135451391211193
-0.09725363264921409, -0.08873451866342734, 0.8131292838414762
-0.09769337013908935, -0.0888565619050983, 0.8139064371992584
-0.09765602218417184, -0.08858360265447558, 0.8117150616675312
-0.09798492672447738, -0.08877054985070716, 0.8138382243196286
-0.09767542638095675, -0.08911951013586127, 0.8132113343369107
-0.09726771604030454, -0.08841633280198695, 0.8105503075571547
-0.09735408620685801, -0.08909557098835089, 0.8114596815794577
-0.09737567052183951, -0.08884657220529933, 0.8129543497697241
-0.09768154200298758, -0.08890040102285872, 0.8130723338671503
-0.09796161518341452, -0.08858779606238919, 0.8149339009113
-0.09790934055060772, -0.08849214052740667, 0.8121217195143752
-0.0978669192315747, -0.0888390761680575, 0.8138462667159873
-0.09777768347967293, -0.0885558240458373, 0.8124631876732497
-0.0978912979000143, -0.08850937896341532, 0.8128939046296274
-0.09787781482885705, -0.08868709808413357, 0.8133326967591111
-0.09728889603575892, -0.08918479004156675, 0.8121331437762024
-0.09786268311884272, -0.08856323236987224, 0.8129685751271428
-0.09804722246036164, -0.0884873466728291, 0.8143860672184969
-0.09749121424697695, -0.08900998946910925, 0.8129002254975313
-0.09782403482304311, -0.08854424696074638, 0.8124499577884097
-0.09757898778171004, -0.0889802089900061, 0.8132259445684122
-0.09659010107426758, -0.08898593678906193, 0.8106178047956162
-0.0978504459427582, -0.08863914613584288, 0.8136791161157833
-0.0972678154492122, -0.08925254611646385, 0.8116055554907582
-0.09759368655394735, -0.08867146371542596, 0.8144044393509446
-0.09758000656100863, -0.08890315378823048, 0.8129965573814218
-0.09793021958957634, -0.0884826595314327, 0.8133193553334906
-0.09765386952407017, -0.08830527871500982, 0.8106842118901038
-0.09755902055563086, -0.08905503086874562, 0.8130203584889619
-0.0971543324868338, -0.08890295724493577, 0.8127899174444531
-0.09756887404061684, -0.08891763129523024, 0.8128157643810061
-0.09718274454144796, -0.08869442893709584, 0.8124289093184258
-0.09797226836117082, -0.08852845780661132, 0.8137693364621289
-0.0979947421178803, -0.08863439410746529, 0.8138654006612416
-0.09804196099051846, -0.08846666416870431, 0.8138121972743658
-0.09719625716670746, -0.08922862745732614, 0.8108488299895192
-0.09682056532486938, -0.08935275035108073, 0.8137670263157744
-0.09772352595701546, -0.08908877778372061, 0.8140820566297465
-0.09761784424587541, -0.08843239260499074, 0.8118177694429102
-0.09805826597086037, -0.08853059767316916, 0.814569585873718
-0.09733927915407452, -0.08941779100518697, 0.8139082054765417
-0.0971856172115493, -0.08908514966908655, 0.8108269913462867
-0.09608068016713829, -0.08938350486902724, 0.81179640052797
-0.09797302308411346, -0.08872139138815624, 0.8140680578237788
-0.09782807941519014, -0.08853646587813968, 0.812298724624965
-0.09668014408679505, -0.08919681563012671, 0.814074631430219
-0.09755764857068157, -0.08887173598255185, 0.8126586675780814
-0.09742213448063353, -0.08885336509302431, 0.8121748691580583
-0.09772012305065245, -0.08838897406332291, 0.8111160877083105
-0.09778511261247128, -0.08912315567901903, 0.8138621515632688
-0.0965723060179983, -0.08955714578490412, 0.8139694589350343
-0.09766930455689869, -0.08888024367703959, 0.8135341588976985
-0.09639658007040205, -0.08914955891559344, 0.8108169522993794
-0.09799010834386564, -0.08872824030537185, 0.814348512142038
-0.09739766889632018, -0.08909426135936306, 0.8122569227942245
-0.09632107060413045, -0.08940614820575628, 0.8149097730514999
-0.09742599745883912, -0.08913112037344847, 0.8119071320143397
-0.09791937213632039, -0.08843449635842589, 0.8131817415171325
-0.09792684742324788, -0.08865439355403677, 0.8137312930617024
-0.09805859860986617, -0.08862100288694345, 0.8141110657099947
-0.09764311664154604, -0.08828365972819152, 0.8109640600898103
-0.09769410666115125, -0.0890897932875786, 0.8137262827511601
-0.09766417209815899, -0.08847254905876424, 0.8113774860102422
-0.09745234765887749, -0.08889351368846683, 0.8119780291378911
-0.09699852328628493, -0.088950354079539, 0.8131073809921997
-0.09804217215024591, -0.08865024231956402, 0.815288503030112
-0.09772916707135168, -0.08885109914997925, 0.8136408510163781
-0.0973464506272377, -0.08859518004063342, 0.8119545027813687
-0.09742571940931613, -0.08903252256694126, 0.8123903221691351
-0.09650157866787966, -0.08927636620562358, 0.8126358580034123
-0.09762504112982795, -0.08889679717652638, 0.8129845285908986
-0.0976994685346596, -0.08867154527145087, 0.8123242730768918
-0.09821880865930392, -0.08878320387846977, 0.8163449279294424
-0.09759038273297474, -0.08907444653611239, 0.8121878581222304
-0.09637840048343956, -0.08955014617401284, 0.8176140027745562
-0.09749732643181562, -0.08902409287898518, 0.8121413635142918
-0.09609199528126798, -0.08939366443218705, 0.8118499733914516
-0.09770070720513566, -0.08907204832443907, 0.8138423666476827
-0.09724146954614414, -0.08866706216462537, 0.8114426167407227
-0.09745881800734815, -0.08909270043282116, 0.8123464385918817
-0.09790657943523831, -0.08878964081896985, 0.8132618220830861
-0.09773034970764971, -0.0885201476677274, 0.8118632636169585
-0.09763357041670903, -0.08903882403370465, 0.8131817718050024
-0.09760691950318603, -0.08883899470690092, 0.8121061019188182
-0.09759892273673125, -0.0888581515053914, 0.8133146583187328
-0.09781116212392431, -0.08875069146727675, 0.8127582440059967
-0.09677777674216095, -0.08931422560922521, 0.8147482811949598
-0.09736790814046538, -0.08915854386278296, 0.8134036437623259
-0.09675251725023881, -0.08918283114992208, 0.8126832918236904
-0.09808682232005853, -0.08876234521120462, 0.8156861176780854
-0.09734554963366715, -0.08957744411453702, 0.814112439074542
-0.09632878733776495, -0.08947456175221816, 0.8138569026897636
-0.09744772521707641, -0.08948978138402142, 0.8161949031145489
-0.09744834361602846, -0.08898852864246275, 0.8123929007724122
-0.09805806150327, -0.08868166659628818, 0.8141552466712324
-0.09756151418175477, -0.08961777118585838, 0.816260532992609
-0.09604299032723675, -0.08918554823197139, 0.8118290391883418
-0.09737506608767006, -0.08950834294780652, 0.8143333768577846
-0.09765536677491404, -0.08865917730554072, 0.8134171223382489
-0.09768582085209282, -0.08898595278024106, 0.8137317948440139
-0.09782410564130374, -0.08849358357773988, 0.8116711476518398
-0.09798287714926503, -0.08867131243091408, 0.8145737290522718
-0.09780840120894854, -0.0887940214869959, 0.8129028184371604
-0.09783723153576948, -0.08858406416388633, 0.8125772590017561
-0.09767473814054599, -0.08877641823151022, 0.8127991715909969
-0.09777853139177696, -0.08857986326532015, 0.8121724807656249
-0.09785050426868748, -0.08856632533531192, 0.8134668511781833
-0.09745607288764628, -0.0888362383756672, 0.8128734635120913
-0.09745479656521448, -0.08885144999081908, 0.8125538429993145
-0.09728484909214853, -0.08913238360213842, 0.8123522023074472
-0.0978485812534262, -0.08841812166445219, 0.811980457801736
-0.09747199740420297, -0.08872774384058839, 0.8115213000665139
-0.09754302349183945, -0.0889894317423264, 0.8121930027661192
-0.09744382414472295, -0.08888855344496666, 0.8122554377870889
-0.09745338061585081, -0.08901366052212067, 0.812159088532519
-0.09660970841896767, -0.08901439912111764, 0.812113268173111
-0.09746881480624876, -0.08894711448531009, 0.8119460254347327
-0.09761070529119976, -0.08852390141540106, 0.8111023502712448
-0.09687218335139673, -0.08874461735243465, 0.8109954335439897
-0.09758368970317148, -0.08892494099412591, 0.8131980091481431
-0.09741017399921759, -0.08857911185508618, 0.8114129082242643
-0.09710802500069586, -0.08870273092902846, 0.812053182261726
-0.09745500190845191, -0.0887149261399874, 0.8117988596949802
-0.09637494311239478, -0.08936496729895914, 0.8135799127377177
-0.09749799830913797, -0.08911024615003067, 0.8150583610460574
-0.09649287147011355, -0.08897849310924835, 0.8115458303161448
-0.09766445209743142, -0.0887344590782507, 0.8130114300192068
-0.09784508088762708, -0.088480831860905, 0.8132471186449325
-0.09788070439423745, -0.08845623212001881, 0.8137150777399161
-0.09763885331411529, -0.08878038132268898, 0.8127366487738319
-0.09641102278312792, -0.08901058435986936, 0.810881574481417
-0.09730375543005323, -0.08904666401225109, 0.8121082637031372
-0.09744659183757547, -0.08892376766734703, 0.8124872038006916
-0.09798057871020982, -0.08857588138169686, 0.8149123724772291
-0.09759439036460059, -0.08854026675090773, 0.8106501382516466
-0.09754766049572339, -0.08831610039560862, 0.8103214647566838
-0.09778906886492614, -0.08828192844366547, 0.8125516393768974
-0.09704340245609441, -0.08910513421839533, 0.8110558885872623
-0.09677376505804948, -0.08922435342975976, 0.8139068428651507
-0.09752797654509697, -0.08885363288649259, 0.8121699213870762
-0.09741904602512437, -0.08816752518991629, 0.8080958672775006
-0.09734835631700232, -0.08862892847110697, 0.8121909671190265
-0.09711712786580232, -0.08919293267381048, 0.8113386870199915
-0.09606220520963629, -0.08941895770121171, 0.8121503179564987
-0.09767906041349535, -0.0888197759575178, 0.8135237306640924
-0.09774242245777641, -0.08841626892424065, 0.8112637478822914
-0.09770336949236225, -0.08832466580203889, 0.8110954892824687
-0.09773375048197032, -0.08895658102725872, 0.8133096283216869
-0.09643806156614725, -0.08931476190257623, 0.8145628116799949
-0.09774245059023039, -0.08916269147041041, 0.8157561347099337
-0.09709998799073041, -0.08861421523076385, 0.8103790629805481
-0.09738073994004276, -0.088967886959138, 0.8124166256565948
-0.09754793540032043, -0.08899331996778118, 0.8125218449110944
-0.09680756308643966, -0.08897953185950096, 0.8125911144786616
-0.0976214352879654, -0.08851907500066139, 0.8137297049516633
-0.09718106404616009, -0.0889926441795502, 0.8112257669350058
-0.0977926295448428, -0.08842518486945004, 0.8111625079968603
-0.09764064162653675, -0.08904991520445793, 0.813438346633893
-0.09747470982063004, -0.0884697549776616, 0.8112991445132564
-0.09739611472269628, -0.08893030888457953, 0.8132186199198345
-0.09711441554717462, -0.089014012077402, 0.8110066112945565
-0.09769951342617621, -0.08825686719979213, 0.8108398662000473
-0.09766158234102014, -0.0885574916857784, 0.8121244821837257
-0.09777858161464721, -0.08884178636855797, 0.8136041429036645
-0.09742833434465875, -0.08851106493381979, 0.8123587671061264
-0.09743521305579715, -0.08855250901008917, 0.8121621865928922
-0.09726631688457181, -0.08899505850204449, 0.8116868238501915
-0.09794588381716735, -0.08861092870629725, 0.8131504433003199
-0.09793984005898104, -0.08840379761403497, 0.8141129425694245
-0.0978614979427396, -0.08815084566773551, 0.812452643099175
-0.09791461067759674, -0.08851966192187942, 0.8119519280591071
-0.09787129737384591, -0.08851863191540343, 0.8123789031889445
-0.09752802901271335, -0.08823425787794341, 0.8109492176250632
-0.09740407997720636, -0.08852343355454388, 0.8120323221834587
-0.09789501150938362, -0.08854800268952291, 0.8130165178349524
-0.09635346504531424, -0.08930092210791236, 0.8134635720153739
-0.09730401189953021, -0.08902295755860913, 0.8119487923293054
-0.09635139570426289, -0.08914709584850415, 0.8133307773722088
-0.09740978045350905, -0.08882920117391567, 0.8132142710016914
-0.09750193868282221, -0.08896147381761933, 0.8116067163678874
-0.09740041307261621, -0.08832416361813225, 0.8097328969553629
-0.09758000266774346, -0.08873288062149776, 0.8130126469703999
-0.09615434985421846, -0.08930204091609883, 0.8118834250376157
-0.09786450281381039, -0.08868903219705354, 0.8130615082790439
-0.09717174392319329, -0.08839785413872747, 0.809564418949731
-0.09686359148584771, -0.08853549139547168, 0.8092871855743056
-0.09719432946179443, -0.08878301082318803, 0.8106182430281701
-0.0973405233006326, -0.08851212711801187, 0.8106010090565686
-0.09791662900559976, -0.08842494010554555, 0.8120998247544909
-0.0977354357199603, -0.08828367445244245, 0.8114509580565975
-0.09773957840595879, -0.088459855685361, 0.8131255451976838
-0.09756112727907058, -0.08884177498898274, 0.8122943575229753
-0.0976612817996189, -0.08879668433868308, 0.8124640826998736
-0.09773894429772097, -0.0885479638134002, 0.8120935258354102
-0.09758851942184041, -0.0887573044504233, 0.8126596770396496
-0.09766077859172825, -0.08828794339325866, 0.8111309229884373
-0.0974632043943537, -0.088821487045643, 0.8116983113776097
-0.0976130667514564, -0.08831507905198793, 0.8111337986939499
-0.09756069592364587, -0.0887642424043143, 0.8125545486130272
-0.09783228235583138, -0.08844548750012518, 0.8128333878920123
-0.0974016259621061, -0.08873602989926817, 0.812453886836675
-0.09755790510598958, -0.08882167863642855, 0.8121462791085866
-0.09761044711691906, -0.08838427152978857, 0.8104775898628924
-0.09722437695856449, -0.08912026480083188, 0.8120574805241318
-0.09718792692480399, -0.08911379034705058, 0.8118061505040266
-0.09769096599312377, -0.08856283246988622, 0.8126083125555361
-0.09797730246969054, -0.08844046347548892, 0.8138733055959799
-0.09709681555663727, -0.0890905474157067, 0.8105431133308801
-0.09784108228333546, -0.08839018154551127, 0.8117736155132906
-0.09759005267631168, -0.0887098361918841, 0.8130493910181399
-0.09747380459452397, -0.08855521363922084, 0.8114061604660624
-0.09790350958861486, -0.08845474542817218, 0.8132316014286765
-0.09754687495331991, -0.08886751519641065, 0.8130336927627059
-0.09784676630715174, -0.08834451558607592, 0.8121546845403601
-0.09734040311725455, -0.08873391971222373, 0.8113148686835513
-0.09755299493173877, -0.08866501347780072, 0.8126061311335359
-0.0979319485844347, -0.08831828193308407, 0.8122699386977065
-0.09753684133879585, -0.08871676953007858, 0.812613187829951
-0.09776795767113113, -0.08842942305477128, 0.8129974757537809
-0.09769889960078976, -0.08876739992192498, 0.8135955600678394
-0.09742100701979897, -0.08875228765985635, 0.8116610466116033
-0.09769496022329081, -0.08863147277343521, 0.81315105543884
-0.09773064246315814, -0.08873762357879991, 0.8129289162318547
-0.09772634710681814, -0.08830044749021879, 0.8114659860464172
-0.09766559388200295, -0.08860223779026734, 0.8125420834652761
-0.09744408008110224, -0.08895930786157824, 0.813279120618935
-0.09760541807280224, -0.08840010006260772, 0.8116033651397601
-0.09737809040343733, -0.0887141255757547, 0.8119296083871899
-0.09759520196403199, -0.0882712630024004, 0.8110557624183756
-0.09788370724893775, -0.08874412897750736, 0.814247679968998
-0.09724914059166209, -0.08879370579661419, 0.8104984176190281
-0.09757070873310664, -0.08817186790926641, 0.8099839884951047
-0.09777673108020732, -0.08837877506855028, 0.8118756507314923
-0.09635939987073076, -0.08883094943127705, 0.8125019479451073
-0.09773529498902411, -0.08823145963706673, 0.8119653013899409
-0.09734808659439777, -0.08834744261446716, 0.8099045779129216
-0.09777231451272783, -0.08841044913963904, 0.8128707354303156
-0.0975355700172648, -0.08885034469866349, 0.8116532039319979
-0.09789113135908617, -0.08837237922160303, 0.8126591813672787
-0.09738733082085219, -0.08913772313650246, 0.8136081476307728
-0.09767669410545048, -0.08879270109273131, 0.8135121503326609
-0.09750549035375598, -0.088808236858545, 0.8131008645427358
-0.09775584831858761, -0.08839113326902306, 0.8119925466798185
-0.09790015509233592, -0.08842751849532182, 0.8123779079230695
-0.0977039889056464, -0.08847445278315874, 0.813291205497533
-0.09750570357341999, -0.08870280725913259, 0.8132440121381244
-0.09784918025166275, -0.08841151787473238, 0.8121671629586639
-0.09762548102916709, -0.08877593237513295, 0.813391331588625
-0.09798827126231105, -0.08840444222659999, 0.8142071070251139
-0.09784065961639206, -0.08830848163193, 0.8122736293368594
-0.09716538391283282, -0.08880188115552921, 0.8105677435844951
-0.09794678634464157, -0.08847766541878684, 0.8129320681438662
-0.09759023798417577, -0.08867254772758418, 0.8126177547179175
-0.09799410069996554, -0.08839241405589968, 0.814213781066805
-0.09780282214198537, -0.08860553754238507, 0.8134570364442527
-0.09795761384520288, -0.08863177515182755, 0.8141328648277683
-0.09787065677016185, -0.08846796040908876, 0.812927258762513
-0.09774945919842529, -0.08864635622376503, 0.8138423423136263
-0.09782473885691469, -0.08842714063226272, 0.8126599846851867
-0.09766639406472705, -0.08862865439058998, 0.8130186403609392
-0.09767472406115114, -0.08859962499815842, 0.8122645493652171
-0.09790296270707846, -0.08839650049597504, 0.8128336644274607
-0.09786653961511538, -0.08850909410718907, 0.8138456206424792
-0.09769652029424779, -0.08863416357399426, 0.8135457982430719
-0.0978516019102118, -0.08836003068447454, 0.8125573589186897
-0.09765437406711208, -0.08859725663033055, 0.8126795040568763
-0.0977624893154837, -0.08849306761240111, 0.8124601965435332
-0.09793472275557111, -0.08837133320325555, 0.8135550299996905
-0.09724573284990348, -0.08880246646857692, 0.8112624607691051
-0.09753581695320988, -0.08872603434881171, 0.812357488435243
-0.09760737157415393, -0.08857038740726528, 0.8109641593568705
-0.09772355586464812, -0.08868036471496779, 0.8121864485138693
-0.09760009291890127, -0.08948757796596062, 0.8169538060544101
-0.09706355953266574, -0.08822427636231714, 0.8090918061607201
-0.0972021522387634, -0.08886082540760966, 0.8114555799682823
-0.09756404808032806, -0.08914825746201992, 0.8123861605463326
-0.09684494499336, -0.08879606013742546, 0.8161041094988534
-0.09725676355383085, -0.08864496623789839, 0.8102575827458635
-0.09801185831807253, -0.08845215697923503, 0.8148142180196325
-0.09743709944292861, -0.08942906241995868, 0.8155934955176806
-0.09639853108691368, -0.08852600559711876, 0.811332655743049
-0.09810168711803677, -0.08894515892571672, 0.8124995688038542
-0.09622778061274564, -0.08951096610185286, 0.8132307754534589
-0.09763854687429255, -0.08878724113963762, 0.8136729774173098
-0.09745683699810631, -0.08884334768142835, 0.8110027471173881
-0.0962912722775385, -0.08888798344934927, 0.8121380523543196
-0.09949236126620398, -0.08863562056324584, 0.8168268634642332
-0.09604409364479462, -0.08879251965300865, 0.8106906846444443
-0.0977086470398982, -0.08866888250357075, 0.8141391301773743
-0.09734333856102088, -0.08880155726016989, 0.8111210589139297
-0.09726814734706528, -0.08898083664019527, 0.8136627952260005
-0.0975502694677431, -0.08904311261569339, 0.8133476177154053
-0.09639312109393977, -0.08892521293051159, 0.813160993785949
-0.09830855697883917, -0.08872326586921798, 0.8126221181099276
-0.09616363237718561, -0.08886072601746264, 0.8128409560400618
-0.09766492217875042, -0.08875612993374339, 0.8136680858251311
-0.09737757686655939, -0.0893648908317708, 0.8149389741338421
-0.09643712916481093, -0.08873789748525254, 0.8125014604146031
-0.09773049475442136, -0.0892898771486343, 0.8164674158034415
-0.09608758838287203, -0.0892428415332852, 0.8122111005932863
-0.09746572670913194, -0.08938018259394623, 0.8155876993401294
-0.09579677230992692, -0.08899081342740696, 0.8092198674851235
-0.09790206456920612, -0.08843474323733051, 0.8132892102612158
-0.09770212049537148, -0.08865014967839174, 0.8132856719016744
-0.09647618634272657, -0.08885666915608931, 0.8144785669609803
-0.09749933414454576, -0.08856364603416281, 0.8113977849906853
-0.09745662437498884, -0.0886902609891447, 0.8123508905129732
-0.0975779931672249, -0.08875238789979867, 0.8147589513699964
-0.09768603687440532, -0.08907127283913516, 0.8132072719021416
-0.09637403053971269, -0.08924171079340615, 0.81719321950933
-0.09765500555280082, -0.08882013851384032, 0.8124678574971512
-0.09769391113716258, -0.08848049519917545, 0.8109043621125694
-0.09774325666324936, -0.08872050832892307, 0.8144757595739883
-0.0975161563068217, -0.08893746717934559, 0.8137371205064647
-0.09757839809826617, -0.08820808621480394, 0.8101633451989834
-0.09772494155909026, -0.08832765620559772, 0.8127555982930713
-0.0975610076506215, -0.0886185183872302, 0.8118183726571883
-0.09802575588437876, -0.08862731303309974, 0.8140613447198601
-0.09757190812970713, -0.08873640136810293, 0.8122870131818603
-0.09698278453692673, -0.0882935311057301, 0.8105793626000416
-0.0975623838982525, -0.08875425341575241, 0.8125896848841618
-0.0977573090197296, -0.08886723872029309, 0.8136075877077533
-0.09646729360241237, -0.08947811771474416, 0.814184240630379
-0.09805377783830134, -0.08844572442498067, 0.8133781865603743
-0.09796612815366919, -0.08836745741933946, 0.8140266429092057
-0.09685582589560512, -0.08857086902444371, 0.8111368966882162
-0.097411518639049, -0.08903140138355199, 0.8122669268088778
-0.09790411295193362, -0.08849635339642033, 0.8118034444408486
-0.09727051059103646, -0.08908894077121039, 0.8119115965515662
-0.09749817295647781, -0.08891642098829985, 0.8135889498875405
-0.09790300204593955, -0.08868446026544526, 0.8139145697391436
-0.09759839564489842, -0.08902324080480441, 0.8127674039255213
-0.09786176935212554, -0.08857129201449344, 0.8121961919027318
-0.09753605056936852, -0.08884124963085664, 0.8125935485839553
-0.09787483512396605, -0.08822223464586713, 0.8121773157950263
-0.09736348542999701, -0.08898002024629133, 0.8127053474628712
-0.09794868286821963, -0.08861118893795046, 0.8129123625322208
-0.0977965131714658, -0.08824658935962748, 0.8115316670126925
-0.09765045040486972, -0.08860985080943083, 0.8131971013379401
-0.09766055975447675, -0.08839166232408906, 0.8115139441593966
-0.09810398360865132, -0.08856560267343895, 0.8145174640619756
-0.09766930476982709, -0.08843709748271153, 0.811131677349078
-0.09785055524354712, -0.08820980523592986, 0.812229008042653
-0.09769528095673362, -0.08863430611040057, 0.814177511403563
-0.09716998173906202, -0.08838461677542807, 0.810001406492666
-0.0974384844987111, -0.0883531085484994, 0.8103693139140808
-0.09772913984682592, -0.08872781941808572, 0.8127260166755642
-0.09666339024826032, -0.08919481359258588, 0.8138041179829775
-0.09781574141810936, -0.08835922081629229, 0.8123321017258527
-0.09767533757881017, -0.08872529434571387, 0.813837101614512
-0.09754050608594897, -0.08832547585660024, 0.8112895292317273
-0.09742026944547297, -0.08894593102777168, 0.8121801489255147
-0.09780027394931919, -0.08861862437137742, 0.8123823366904651
-0.09746879709500839, -0.08872049473757512, 0.8126404096991398
-0.09728566057143188, -0.08897582165112938, 0.8121047059499206
-0.09631202488305904, -0.0895393344574361, 0.8166210861550469
-0.09735719945469476, -0.08879377420669253, 0.8121874997235913
-0.09653854463876858, -0.08864339061500803, 0.8109220765984704
-0.09744689378099332, -0.08866242061695041, 0.8126060625479165
-0.09798582907876548, -0.0886289285894959, 0.8136240107067432
-0.09712574479515623, -0.08900193821244033, 0.8137241118351037
-0.09784848896081065, -0.08819055060840651, 0.8132634512494676
-0.09795308355782421, -0.0882613748240757, 0.8145325107311174
-0.09724393848618029, -0.08833194158814833, 0.8099577242149714
-0.09809534756594801, -0.08872082731998035, 0.8148294486042558
-0.09773499601845291, -0.08832103952400697, 0.8110553066157059
-0.09755487428904157, -0.0885134669024793, 0.8127154810545838
-0.09754978205991637, -0.08880977973746929, 0.8131485750920212
-0.09748151161102916, -0.08886257039737362, 0.8130408655292751
-0.09786025336065658, -0.08852373760595038, 0.814499070425404
-0.09693230662372185, -0.08854328294483145, 0.8104609785676271
-0.0972518614446715, -0.08912473801015598, 0.8117257017713928
-0.09776929588367549, -0.08857515174979153, 0.8122341614054539
-0.09777266617213799, -0.08859312679603991, 0.8122374877199376
-0.09787103604228743, -0.08851796603875337, 0.8140495448701778
-0.09782065070224799, -0.08834633859216465, 0.8131844454430288
-0.09740317019651787, -0.08829086197300762, 0.8107988753712049
-0.09757335874893786, -0.08904794496618565, 0.811751799666227
-0.09673942426211993, -0.08931017058810295, 0.8142870495734683
-0.09742393278207512, -0.08925122403242816, 0.8137935275935635
-0.09620682191062083, -0.08891912912046258, 0.8124283916154551
-0.09758211965582579, -0.08875658626932408, 0.8127627013595463
-0.09775497323388486, -0.08856533879598366, 0.8116205553638361
-0.09795720779416828, -0.08855464964103699, 0.8127597209482259
-0.09757061227215347, -0.08873700364717862, 0.8117702196037587
-0.09640271237503036, -0.08937213449322196, 0.8137164534500139
-0.09771713356107492, -0.08899961906709848, 0.8135769926218025
-0.09657292095659033, -0.08916224312924569, 0.8137364541960387
-0.09762333363807905, -0.08876211942404873, 0.8126489330792945
-0.09747778929749122, -0.08846302435812316, 0.8109612984158951
-0.09639801899617258, -0.08937245541815046, 0.8137010486369571
-0.09753154799869004, -0.08897690612915402, 0.8124446456298247
-0.09745778411331199, -0.08844945144486936, 0.8110656325375853
-0.0974525355333425, -0.08896297506715917, 0.8126229532450976
-0.09761418896237024, -0.08843725653892405, 0.8109685786009815
-0.09793676603099645, -0.08845348903654944, 0.8127354898589515
-0.09792363879204893, -0.08865133226451517, 0.8141201612383587
-0.09743037852355962, -0.0885121706630436, 0.8115098247031972
-0.0978891004083403, -0.08868368425503598, 0.8135168122022017
-0.09795859170291979, -0.08850419155834732, 0.8126085974025089
-0.09794110464654336, -0.08833022324208596, 0.8127343172922867
-0.09772475182502859, -0.08846973150303923, 0.8128581537915255
-0.09804864140710112, -0.08844365562212482, 0.8132784891179506
-0.09794563073076377, -0.08870626628199049, 0.8136007765014441
-0.09800153729041339, -0.0885989023111901, 0.8145204119355992
-0.09725961491255107, -0.08896624959590893, 0.8122609999914085
-0.09742599624351951, -0.08869715655034383, 0.8124144206660968
-0.09741457314073647, -0.08870568568807015, 0.8120161648219508
-0.09753460106185259, -0.08888198724202713, 0.8125128494704332
-0.09795440798700392, -0.08857320348239407, 0.8134971351665218
-0.09755784125794124, -0.08876536315594433, 0.8130855243816361
-0.09746738317599637, -0.08880353014983422, 0.8123806120084409
-0.09807609203541662, -0.08855699369857953, 0.8148302801212662
-0.0979749599367433, -0.08855049493254855, 0.8143975599255623
-0.09760062711598363, -0.08853932781996293, 0.8121117208822154
-0.09754794088004959, -0.08865608506329727, 0.8122373697467431
-0.0966402263956131, -0.08896673478384846, 0.8117302588951167
-0.09770337885926965, -0.08855106901822361, 0.8124184542911937
-0.09733348041784644, -0.08848171641969581, 0.8111665856523075
-0.09738309908661104, -0.0886104225575628, 0.8115740445481214
-0.09737439346156776, -0.08878743937874814, 0.8118054506042139
-0.09780713189097302, -0.08850056862129428, 0.8121820022590901
-0.09724644393481836, -0.08910215090700312, 0.8124625517816402
-0.09764092633068726, -0.08825379562442831, 0.8107883835323433
-0.09772200935460561, -0.0883105499496144, 0.8129870935398059
-0.09738779499571462, -0.08886186028491516, 0.812358775023201
-0.09647350259312361, -0.08909055573578506, 0.8113764389480695
-0.09736589873240128, -0.08898480849639023, 0.8118777492863011
-0.09763841074906587, -0.08851660345595079, 0.8128074425653676
-0.09730682378691348, -0.08878869227948229, 0.8119063715311894
-0.09768314924804404, -0.08860490165927844, 0.8123224093892736
-0.0977089057607028, -0.08856836428447619, 0.8117628964121265
-0.09758649589533964, -0.08895774205769459, 0.8132378565014352
-0.09786770375702486, -0.08824425414077967, 0.8119482039425023
-0.09821892829860732, -0.08826933721773038, 0.8165775903073326
-0.09760999196621176, -0.08872428346842567, 0.8132716949762213
-0.09767247250598587, -0.08874805378599042, 0.8132584002963518
-0.09794056368147334, -0.08852490236318641, 0.8122925137276882
-0.09760523426304064, -0.08905562245022589, 0.8130415168124541
-0.09773181300556659, -0.08828302734722199, 0.811426356744544
-0.09797148127528958, -0.08823762682918443, 0.814536000858504
-0.09752016650996799, -0.0889503071734688, 0.8127580979684437
-0.09637380943816919, -0.08955500810431936, 0.817440714919384
-0.09770875451332708, -0.08885770760214756, 0.8133386152784388
-0.09671753596472404, -0.08864866956290685, 0.810660326116234
-0.09778653271141667, -0.0888468189771522, 0.8140890494200768
-0.09745869863597098, -0.08873172281712034, 0.8108400123971677
-0.09692710245300928, -0.08846563534941697, 0.8106056391290254
-0.09738144446139557, -0.0890694048269297, 0.8128898309737586
-0.09777818999159513, -0.08849839506589147, 0.8117386749659714
-0.09786742516411585, -0.08845151296980447, 0.8134718057357787
-0.09777700011841653, -0.08831929918991459, 0.8123178133069971
-0.09745511440790322, -0.08894777267233732, 0.8130601535029338
-0.09751506595958244, -0.08845895618442295, 0.8120268023077615
-0.09716334758512765, -0.08900963773906592, 0.8136948019066689
-0.09790435415582979, -0.08848031131245082, 0.8124310965292754
-0.09760237549134276, -0.08874707021061977, 0.8131078276117005
-0.09744592604985261, -0.08877889061124317, 0.8126148153081821
-0.09693622960452832, -0.0886148997413014, 0.8110985803078916
-0.09721218479424866, -0.0890334724807418, 0.8118145715425167
-0.09633820803910378, -0.08935212093914975, 0.8123789439963757
-0.09684301151536485, -0.08892916134667851, 0.8120439098143339
-0.09749336210424779, -0.08891713855134048, 0.8130571241978245
-0.09622206703842608, -0.0891175361331261, 0.8124800148650717
-0.09717538668330314, -0.08924467988118416, 0.8136636123079163
-0.09751039193593958, -0.08851767743324393, 0.811356826986576
-0.09766995567254956, -0.08836851826672157, 0.8117311270495556
-0.09740849889423063, -0.08864381150810242, 0.8112991825159279
-0.09668600330870439, -0.0891506555528538, 0.8136536426623847
-0.09756439845354557, -0.08840372343528505, 0.8113455611080913
-0.0958818505061817, -0.08870044528443492, 0.8091109557029013
-0.09770148247414254, -0.08808642628587267, 0.8108775381701132
-0.09748280762982052, -0.08860601135040973, 0.8109073254702768
-0.09640026351665616, -0.08945039837268048, 0.8136620751633566
-0.0973036967333737, -0.0889517324989208, 0.8145183967518385
-0.09639799128850066, -0.08872315778026246, 0.8130151555611619
-0.097962004100339, -0.08839701066816257, 0.8122612679842115
-0.09782877904448144, -0.08826033492963692, 0.8113750107981351
-0.09760724495923764, -0.08851342205080723, 0.81287869418216
-0.09716601603274748, -0.08907065124291966, 0.8115657818889032
-0.09610266721922486, -0.08941452687440904, 0.8124459174936549
-0.09747491503578924, -0.08874331269906272, 0.8128063671352233
-0.09630489968482338, -0.0890482639685687, 0.8137702758734856
-0.0979876878219393, -0.08838311662157151, 0.814352326989342
-0.09730215247111305, -0.08830634890154869, 0.8095016677984183
-0.09653597048379936, -0.08882329290752573, 0.812189874568702
-0.09751074442283422, -0.08850750173357998, 0.8123632254013411
-0.0962055255297769, -0.0890990028826187, 0.8110195404983144
-0.09770124431936797, -0.08881677475959363, 0.8134813376595594
-0.09597432132048658, -0.08902031204635512, 0.8105343143264685
-0.09762002289276608, -0.08863886443705307, 0.8135035163451999
-0.09753767785180367, -0.08908378999342782, 0.8117349213097108
-0.09602895426300043, -0.08920164571227035, 0.8114100627004167
-0.09762047086027398, -0.08879700940740304, 0.8144962020974279
-0.09784596668687885, -0.08841624967311561, 0.8135968070362305
-0.09618375174324117, -0.08912797590323385, 0.8123942110011518
-0.09752098541491053, -0.08881305192868819, 0.813025232196566
-0.09610821346911821, -0.08899608036465498, 0.8107309044399655
-0.09757547014972914, -0.088496025823507, 0.8129462637228269
-0.09783024280330001, -0.08837801343525223, 0.8130488230874974
-0.09656933554560984, -0.08914595892983819, 0.8128322126846663
-0.09754389420851299, -0.08862059373213149, 0.8113725778796584
-0.09640597756214557, -0.08894091860219798, 0.8110540804316076
-0.09736316713670178, -0.08874362807682533, 0.8115761806831915
-0.09749936322467803, -0.08883922193575104, 0.8126752310222067
-0.09774372625356252, -0.0881442930029078, 0.8133514083608281
-0.09762628740612245, -0.08840230945684818, 0.8135960810398158
-0.09658239058854134, -0.0884530825996229, 0.8093614204342017
-0.09779075781700351, -0.08872064988137204, 0.8128795834186039
-0.0976398183894495, -0.08833537498057178, 0.8107198119504623
-0.09789586687147922, -0.08822948686245335, 0.8122354934337414
-0.09776374177497354, -0.08867044978036162, 0.8155036909195584
-0.09632868002895335, -0.08854641942468829, 0.8143045338244492
-0.09863248808667958, -0.0877671049519008, 0.8077274552337076
-0.09738108709241979, -0.08881359154192589, 0.8080246992732881
-0.0966440220213159, -0.08921207291618237, 0.8137122158477974
-0.09883417302342061, -0.08805155948235055, 0.8089888835249082
-0.09747763653039797, -0.08807176948944222, 0.810037269587585
-0.09772720341984288, -0.08917717721903949, 0.8121357406706021
-0.09752688129245957, -0.08847182228319532, 0.8107422427408013
-0.09774647612711694, -0.08863758093795263, 0.8134807040297144
-0.09749185386057536, -0.08924016752745453, 0.8144318112313088
-0.09729053158255865, -0.08808333299309135, 0.809621108931471
-0.097622495885394, -0.08849944331079208, 0.8118422180877602
-0.09717337387974759, -0.08851300420740614, 0.811266852075915
-0.09724965482947509, -0.08909568562960375, 0.8149469888184021
-0.09765366190663935, -0.08836303491012039, 0.8126042662016415
-0.09757724348642827, -0.0886122799451838, 0.8125622699649153
-0.09743061524711795, -0.08929649065615394, 0.8158437154316771
-0.0978854952336248, -0.0884156544294779, 0.813934811038686
-0.09828898538567654, -0.08865870161973569, 0.8130454429763057
-0.097586805493816, -0.08851931799371454, 0.8128820595415117
-0.09754385800771817, -0.08866799661886485, 0.8129295799952537
-0.0974091721432164, -0.0887147515577916, 0.8108607681194343
-0.09742955311004553, -0.0882454070742877, 0.810039614648262
-0.09743598355548774, -0.08880401361248355, 0.814772323291989
-0.09755111001871519, -0.088515572046677, 0.8124136238479567
-0.0972699599252722, -0.08903126045098506, 0.8122498045800003
-0.0975043795960779, -0.08873739537733465, 0.8121175484850194
-0.09793127631251643, -0.08804816233611928, 0.8125111179441615
-0.09748718483248495, -0.08866250087660468, 0.8135797294059802
-0.0975940377503034, -0.0883855070085668, 0.8108246833618746
-0.09782316405539185, -0.08815242950406853, 0.8114393648862551
-0.09752075227549933, -0.0888998736441566, 0.8146835525606051
-0.09757459836853419, -0.08840099579148418, 0.8123628034507469
-0.09758838768555864, -0.08842331658858792, 0.8133261637787321
-0.0974848173979353, -0.08885207030983414, 0.8128876765511769
-0.09776478297440382, -0.08847355061509762, 0.812256195665216
-0.09730109996618024, -0.08932015335460633, 0.8150246078077285
-0.09752371589215754, -0.08829356262313343, 0.8118158156246803
-0.09768502826001864, -0.0886803645889835, 0.8134646500895858
-0.09733108167851474, -0.08901847627568711, 0.812243513120798
-0.09763906426037935, -0.08842734704083785, 0.8118681457397818
-0.09759784064609905, -0.08855315571729154, 0.813104512810652
-0.09745813187357583, -0.08884339347457793, 0.8125434919481922
-0.09758176566701542, -0.08880974708394015, 0.8132211031059012
-0.09740155513693231, -0.08877669433304684, 0.8115279980127479
-0.09791668065271943, -0.08855895401039669, 0.8148802202277815
-0.09766937652172313, -0.08848183134462727, 0.8123694119398467
-0.09761468204543626, -0.08852530365827635, 0.8129257950072355
-0.09726008293111477, -0.08885358241228594, 0.8114843092595674
-0.09727816805967948, -0.08878032811559013, 0.8108918090619747
-0.09731083974553902, -0.08877965637463246, 0.8124629921984974
-0.09758857768598536, -0.0887619777462941, 0.8132348954325691
-0.0976118651541934, -0.08869026810821856, 0.8135145728484549
-0.09772695836430359, -0.08856013135539002, 0.8133035874023191
-0.09759011085857147, -0.08852437986475514, 0.8113414332545638
-0.09733847289356991, -0.0887601283858796, 0.811353373646356
-0.09761648145235512, -0.0883923410447258, 0.8114957566393548
-0.09751644901639772, -0.08847173812735161, 0.8112685361739675
-0.09750546526171129, -0.08877923913922812, 0.813138979305129
-0.09751645583412642, -0.0885048777424134, 0.8110257154669851
-0.09780400262984174, -0.08852117112956731, 0.8137436530242887
-0.09743751928537574, -0.08873166139513822, 0.8123117782866011
-0.09755898569819148, -0.08839797741148221, 0.810882569908366
-0.09758418250228652, -0.08877303377648414, 0.8137571240683413
-0.09763446495974669, -0.08861721719145584, 0.8130440578221243
-0.09751700658601256, -0.08851091919395988, 0.8110610238535343
-0.09764102497280842, -0.0886069991451725, 0.8131490902231703
-0.09750101558383985, -0.088711119231355, 0.8127494919676332
-0.09754191148487422, -0.08847318876702047, 0.811183131059814
-0.09740943458135205, -0.08878339448935096, 0.8125660531948932
-0.09745980296348578, -0.08853910060240859, 0.8110595791001599
-0.09734226034785762, -0.08875820050714307, 0.8117528071676945
-0.09751358744722559, -0.0885117298760027, 0.8110012075236466
-0.097367553678048, -0.08893521371255353, 0.8122323487994552
-0.09762514594177646, -0.08872100383537568, 0.8136193461638481
-0.09746739614307255, -0.08851904464577176, 0.8109609075347047
-0.09725237325422505, -0.08890066942166476, 0.8116633277749864
-0.09754292008508363, -0.08865009909893143, 0.8128518899284254
-0.09754672001280777, -0.0885315663165226, 0.8119765860592469
-0.09751343844148726, -0.08865178057695462, 0.8121956888822647
-0.09752230342154007, -0.08858964062857645, 0.8119103930409004
-0.09744039416643191, -0.0885962393898552, 0.8117582566137994
-0.09758556121366166, -0.08856744541395029, 0.8117611348643778
-0.09746860085931928, -0.08872954375356237, 0.8124468976119932
-0.09775531386650504, -0.08827500095763194, 0.812648290136736
-0.09766916352630554, -0.08876838204376622, 0.8146355517858448
-0.09775015992968553, -0.08854766641478819, 0.8136365375521025
-0.0975801634436975, -0.08880791555684991, 0.8141208737563509
-0.09747168925242275, -0.08869127997126372, 0.8121659750413336
-0.09763288660387927, -0.08847252124113811, 0.8120611869877162
-0.09751589495928142, -0.08852741868404347, 0.8112450975270279
-0.09720604285391975, -0.08879333409981978, 0.8114550131119167
-0.09757044373221466, -0.08852968975782238, 0.8119912776673605
-0.09746161932787169, -0.08877235061806892, 0.8125897038378288
-0.0972692600846057, -0.08888518123242761, 0.8120032977118543
-0.09760757888720031, -0.088628015548938, 0.8118543915244054
-0.09798199649402539, -0.08834696463369036, 0.814295203259575
-0.09756704787800045, -0.08827940463493346, 0.8114419637441258
-0.0974976989172528, -0.08873254137732636, 0.8123952450836835
-0.0977554349106942, -0.08840755809603233, 0.8131858673133053
-0.09733325253326147, -0.08880904149014365, 0.8124846846945705
-0.09743493434785318, -0.0888894921590347, 0.8126763819783529
-0.0975380852952057, -0.088436342387174, 0.8108323813946151
-0.09753409701632533, -0.08864036751992296, 0.812337454906961
-0.09751995114431423, -0.08862267117758124, 0.8118437814666001
-0.09762957670286564, -0.0884510156025313, 0.8112598022822339
-0.0974321535264531, -0.08887314024064358, 0.8120887862429262
-0.09759524467571534, -0.08852491704179975, 0.8116164565388215
-0.0975086289728411, -0.08848932335775674, 0.810552590534402
-0.09728914851796633, -0.08889290437403348, 0.8115840600292346
-0.09759592652016494, -0.08849102074678544, 0.8112574628101432
-0.09752565868627762, -0.08881423144265536, 0.8127886602019373
-0.09762019975286515, -0.08870619445488175, 0.8135317313170616
-0.09776767434584879, -0.08850155202770496, 0.8133201554678917
-0.09786086314771503, -0.08849888442434486, 0.81425354263966
-0.09730577878343782, -0.08893085750817786, 0.8125359089409051
-0.09738398204103613, -0.08854970584089177, 0.8112005798746144
-0.09772502708768131, -0.08851841616271704, 0.8139823922278737
-0.09747895886936575, -0.08862870645008662, 0.812933422462887
-0.09756413490846667, -0.08829486473478343, 0.8124616052688063
-0.09816365518063709, -0.0883587683178387, 0.8165014579344166
-0.0975265839156634, -0.0886246927380271, 0.8129785645360569
-0.09771193104302521, -0.08830085289391762, 0.8124915177630199
-0.09753769853266717, -0.08858760709314802, 0.8134746654339549
-0.09750284509073395, -0.08870229357698732, 0.8131352030401326
-0.09735652276111409, -0.08862588698483301, 0.8120291193483204
-0.09743303797756692, -0.0886407947364616, 0.8134838870991974
-0.09756741611206586, -0.08852296575893788, 0.8127667637719527
-0.09801370403215637, -0.0881309899507251, 0.8140427587483194
-0.09756036794689403, -0.08858819225525541, 0.8134751499484948
-0.09757838005770664, -0.08856793076902429, 0.8132359623161747
-0.0976678636358973, -0.08836940830458007, 0.8131629701503239
-0.09775253967118142, -0.08855029836959849, 0.814392052829462
-0.09794802065949627, -0.08844376035457559, 0.814846018435996
-0.09764129307088903, -0.08855300508261797, 0.8127160865429179
-0.09763321847141428, -0.08846727854878023, 0.81300014697123
-0.09755157554740801, -0.08864229368003312, 0.813454492446127
-0.097637685274275, -0.08858055899939224, 0.8134980631689385
-0.09803139919341197, -0.08834794105522406, 0.814737310402019
-0.0976282375600108, -0.08855901846970571, 0.813385297309204
-0.09737863971772431, -0.08904212294090404, 0.8142300736072842
-0.09789331710175152, -0.08844315267022572, 0.8135531801308072
-0.09757259112098841, -0.08849520545121525, 0.8127550975075671
-0.09748364545111063, -0.08843392138690305, 0.8125350493174132
-0.0974539240310808, -0.08870014648010491, 0.8126968565156188
-0.09745406671904815, -0.0885848112270591, 0.812116927998414
-0.0974642294917413, -0.08858831905205554, 0.8128605484056616
-0.09749827488782296, -0.08840355271586033, 0.8120851947563928
-0.09750625107164353, -0.08849928340106522, 0.8123711317716543
-0.09751231871225315, -0.0884719897950516, 0.811485819716437
-0.09751047063865463, -0.0883591281005471, 0.8105976159366561
-0.09775949536747632, -0.0884713214264927, 0.8135954616675386
-0.09773825171424311, -0.08836602622346511, 0.812940516636172
-0.09738434904721546, -0.08871334317066194, 0.8122665516934606
-0.09738905181166649, -0.08863562564136057, 0.8132009471620306
-0.09757751781170067, -0.08861185472414507, 0.813586119334496
-0.09727348737799138, -0.08887984136957645, 0.8117022142296821
-0.09753892391891561, -0.08848615362274923, 0.811119911291699
-0.09776177449212786, -0.0885776832423398, 0.8135594415105295
-0.09760125079138238, -0.08846100575044567, 0.8120117308984383
-0.09739764423969846, -0.08882398119889989, 0.8127472273466629
-0.09752158111761858, -0.08878711420756219, 0.8132028325313371
-0.09762980187799922, -0.08825110704930281, 0.8112163864883793
-0.09781305162182787, -0.08840885548929481, 0.813783011896022
-0.09757871143074637, -0.08839460249827645, 0.8121609688613372
-0.09801365159058313, -0.08816987766175848, 0.8142139711566547
-0.09760643319270569, -0.08848884228075816, 0.8122514092906624
-0.097483660438057, -0.08851772353606163, 0.8113301463670264
-0.09778106944935845, -0.08821502847337666, 0.81290114301881
-0.09748316389995486, -0.08862475544491685, 0.8128494672706585
-0.09734119953011003, -0.08840944754822168, 0.811033847860329
-0.0975603406608825, -0.08858588630830076, 0.8113357905193336
-0.09755702927197452, -0.08862922064686272, 0.8128859664784862
-0.09764085437041124, -0.08851997677236427, 0.8129933246893649
-0.09752322863121893, -0.08866143188733659, 0.813153687586737
-0.09743500240445896, -0.08880642822579861, 0.812217984233157
-0.09746473906614103, -0.08856440715224224, 0.8125467679104316
-0.09754063648551856, -0.0885244434544206, 0.8122058081833305
-0.09780700797772737, -0.08828650855783812, 0.8129159460281784
-0.09752869689861751, -0.08843128639641654, 0.811765200375496
-0.09756437012062953, -0.0883937873453584, 0.8111836291079985
-0.09756139634939683, -0.08860213206563948, 0.8127472674028324
-0.09757630825849536, -0.08832936132331012, 0.8117586624286804
-0.0975540253430769, -0.08841395421258452, 0.8128884236709952
-0.09754706804502616, -0.08834010396615112, 0.8105751178254178
-0.09707086415897749, -0.08898669550873138, 0.8104799213169426
-0.09763072334442159, -0.08829342626590911, 0.812461434185883
-0.0976694992591938, -0.08843569281685508, 0.8127459036132421
-0.09768973190536845, -0.08833587670069931, 0.8121403461039749
-0.0976088054691241, -0.0885673112018272, 0.8115585324614104
-0.09734786410101655, -0.08897535350381587, 0.8134654640935357
-0.09765662839622984, -0.08851696267677314, 0.8127774911871912
-0.09747186305216103, -0.08825348072994385, 0.8111391238407566
-0.09754859179936198, -0.088324088656851, 0.8112811725203044
-0.09771861327477871, -0.08818575146081148, 0.8113509269755792
-0.09755439593476449, -0.08867052279578597, 0.8131627565582392
-0.09762182286829027, -0.08854981713810134, 0.8137125361391602
-0.0980038413799096, -0.08816398458828874, 0.8134126977376621
-0.09754004416440117, -0.08863253616748405, 0.8121660901896389
-0.09761316240699422, -0.08861712955382971, 0.8125119856227198
-0.0975018672933553, -0.0883947611742152, 0.8110493711334401
-0.09757022305955856, -0.0882872785244981, 0.8105221054774436
-0.09750940714645218, -0.08873728472166552, 0.8130608487270756
-0.0975145914226827, -0.08840754279386555, 0.8105837898898454
-0.09791531968342734, -0.08840762867595121, 0.8142064255225796
-0.09759908805461297, -0.08841599739461223, 0.8120422002479161
-0.09775611974781255, -0.08828139852167431, 0.8124582912545943
-0.09742658669512345, -0.08861312026958981, 0.8122322874140597
-0.09739302620932053, -0.088610230841502, 0.8126545825346603
-0.09784918802483716, -0.08830857752671457, 0.8142384713064439
-0.09771930094038846, -0.0884925671819116, 0.8140441668007725
-0.09736872106776973, -0.08886744553528828, 0.8121768694705255
-0.0975671688737043, -0.08857320034476512, 0.8119655727852604
-0.09752685788137738, -0.08854842573690891, 0.8132789498322438
-0.09742927983370613, -0.08880410473861346, 0.8130592552934719
-0.09752373497736658, -0.08852531755942526, 0.8111462036479049
-0.09746009127651456, -0.08876535648065705, 0.812707019370086
-0.0976017947509085, -0.0886330346743412, 0.8135785179761954
-0.09720544565713182, -0.0890370443453595, 0.8134802542313223
-0.09776782401689363, -0.08843134593624247, 0.813216281378939
-0.09766198742826708, -0.08843108840435203, 0.8126080305040012
-0.09749656268472986, -0.08843293208623043, 0.8126330523369117
-0.09757122461066896, -0.08864742929167196, 0.8129444535347476
-0.09750608196752061, -0.08867911632090612, 0.8127392603371979
-0.09753151564861522, -0.08854198222383734, 0.8129074045195414
-0.09759078914460599, -0.08842397744391446, 0.811764427050513
-0.09742899590803158, -0.08871462550073349, 0.8121796040970662
-0.09734269751883118, -0.08861724796976274, 0.8114793456653088
-0.09761135133601723, -0.088525358705887, 0.8125902799510282
-0.09753151275327829, -0.08844811934437329, 0.8118058544892579
-0.09773922224055534, -0.08834227769270786, 0.8123049936125175
-0.09753702562692147, -0.08862282847069756, 0.8125255341749681
-0.097414319360701, -0.0886330927019189, 0.8117025027536697
-0.09738935216481912, -0.08854849256131435, 0.8116194607695021
-0.09768730025715464, -0.08838546708825665, 0.8126836338197118
-0.0972876634938063, -0.08874786999213938, 0.8121031451994224
-0.09742650946764456, -0.0886936605246629, 0.8117599932945341
-0.09770082267603195, -0.08845442746687818, 0.8127689512165632
-0.09757517931957445, -0.08860945252827546, 0.8132453220911964
-0.09755136632678058, -0.08864300525762528, 0.8129343261383687
-0.0972486908019356, -0.08928106538878099, 0.814489190274147
-0.09779291186772117, -0.08810244038373506, 0.8113946841529459
-0.09751532590073515, -0.08867448283176156, 0.812518687342725
-0.0974091760609022, -0.08875466695667156, 0.8135942834233543
-0.09667466846728628, -0.08862373089537669, 0.8132643599228881
-0.09761566380516574, -0.08863560247404702, 0.8126735342257698
-0.0970271505036121, -0.08824623243431376, 0.8103196567090822
-0.09819734236092559, -0.08785609216049589, 0.8144973956288174
-0.09759075710332692, -0.08845699032931308, 0.8128852514645827
-0.09756136958246374, -0.08850425333529843, 0.8110725065629047
-0.09813728442958447, -0.08835246348119989, 0.8085710716356515
-0.09759251412147987, -0.08839775982905186, 0.8121151111680034
-0.0976451420179965, -0.08851692628366255, 0.8127035953284896
-0.0975356544693513, -0.08883963420935666, 0.8133582450022335
-0.09769227845200834, -0.08851295635340398, 0.8125754115218649
-0.0976438294153263, -0.08847271165031843, 0.8131883154350273
-0.09759233794758043, -0.08865911013881633, 0.8130169283187335
-0.09793432819481959, -0.08828798161309032, 0.8133870416311386
-0.09757357623754152, -0.08859480907301819, 0.8124509700779609
-0.09758314331774257, -0.08854432892471498, 0.8123924965069437
-0.09759581612608342, -0.08846737940871224, 0.8116970850979777
-0.09755075772525304, -0.08854552398467003, 0.8126760832686708
-0.09738905104109649, -0.08814773745438567, 0.8106605106405693
-0.09746223861398032, -0.08859996607350432, 0.8124045357271269
-0.09733092197766002, -0.08823540093311574, 0.8088792764816004
-0.09756240836534799, -0.088447247256955, 0.812433200975407
-0.09753050699273653, -0.0885695480017569, 0.812892690067008
-0.09722341922236787, -0.08912537229605506, 0.8145293103633474
-0.0973611894994799, -0.08804991035511245, 0.8095260830953374
-0.09748343388622044, -0.08844184449593505, 0.8127822121110475
-0.09740687947538619, -0.08840627210171463, 0.8103481644102616
-0.09744608689878198, -0.08822806255263616, 0.8107423051270015
-0.09734473406396399, -0.0889445968614509, 0.8132665468791509
-0.09769227660116517, -0.08859739507221806, 0.8130503736876136
-0.09760775832662476, -0.08844315567178171, 0.8120098091782216
-0.09743698301209539, -0.08897778372499968, 0.8143046221730336
-0.09781217416636429, -0.08802856784325154, 0.8118532613205867
-0.09752827183252116, -0.08863563217165084, 0.8135919250392247
-0.09735632355510782, -0.08863223977030592, 0.8122752330717654
-0.09772836809285908, -0.08819751206565528, 0.8131950242559078
-0.097336505661472, -0.08864929009975331, 0.8119998911650499
-0.09768254341107671, -0.08848132573586473, 0.812612252543672
-0.09774784162377534, -0.08851839213680647, 0.8130023398274531
-0.09740461163524543, -0.08873730863184842, 0.8124828405154586
-0.09754973231331063, -0.08863393659623835, 0.8127653391063451
-0.0976771061295223, -0.08844047424177987, 0.8134094401322449
-0.09742890971446844, -0.0886548637214825, 0.8119929297231446
-0.09756201729794502, -0.08845959936454274, 0.8114341126679131
-0.09747428788832585, -0.08850935946951745, 0.8117691082484351
-0.09757860783377503, -0.08830398412829493, 0.8121946280931034
-0.09748953308278928, -0.08848908273950809, 0.8122448112963758
-0.09761348937583919, -0.08871025006074225, 0.813151470330979
-0.09764733675769557, -0.08832425789665603, 0.8116400092281416
-0.09746836603971804, -0.08830506670392306, 0.8112425857294246
-0.0974814059261057, -0.0885561794375904, 0.8122522166585348
-0.09749218980299691, -0.08863852969037962, 0.8110915750663273
-0.09741373931527783, -0.08881690306558256, 0.811975317388172
-0.09779944109546512, -0.08848368330593208, 0.814983359878546
-0.0976600959298917, -0.08862818504482287, 0.8126896465611312
-0.09777395515442092, -0.08846127666186933, 0.8130231337239449
-0.09760191470518537, -0.08844981766484968, 0.8124250940877094
-0.09757367699066845, -0.08892963954634826, 0.8146235723231277
-0.09811182191415738, -0.08803120661754314, 0.816091956609509
-0.09752104464106576, -0.08859815660002411, 0.811247287322652
-0.09756400156051792, -0.08866010511350408, 0.8134020647097578
-0.09851655026630039, -0.08799446110254697, 0.8085528630527289
-0.09625521259993947, -0.08922399318838593, 0.812129296643867
-0.09799640564199115, -0.08882694680946063, 0.8143359775279446
-0.09719389959970366, -0.08836519917385469, 0.8117822411417004
-0.09803631280714482, -0.08856706881911292, 0.8178597301405314
-0.09736022972461833, -0.08858577858446286, 0.8106199112649416
-0.09767874613565722, -0.0887710222868639, 0.814789096816603
-0.09826220222884563, -0.08822527250984162, 0.8099995589373298
-0.09799648969112303, -0.08808727372171118, 0.8130266554142158
-0.09830000494407215, -0.08821782955051463, 0.8090277780794771
-0.09644716109717706, -0.08826621692621192, 0.8114405907359301
-0.0983279261405462, -0.08824022243172083, 0.8121638433709071
-0.09767537486398435, -0.08790407690003993, 0.812037854895486
-0.09753624249995678, -0.08859826225702222, 0.813573051600762
-0.09754081173453608, -0.08843795216731035, 0.8122287120286659
-0.09752267137484455, -0.08859006693869012, 0.8136439646764627
-0.09742269111338545, -0.08872136680796754, 0.8108105195217103
-0.09774037802468465, -0.08832860275613615, 0.8133016872952679
-0.0974952892498506, -0.0882610446795713, 0.8103517371950001
-0.09743892157586648, -0.08830367835583082, 0.8105589162585821
-0.09749602112109595, -0.0886636683703947, 0.8127111452792535
-0.09771263659233391, -0.088241047052187, 0.811141263351841
-0.09752640955311645, -0.08881632246406074, 0.8149249995361539
-0.09776764723004769, -0.08839661486495728, 0.8129396030792806
-0.09781256074709366, -0.08852144723177033, 0.8136922001669067
-0.09754166406546565, -0.08836644179993419, 0.8109457738124659
-0.0973467340721696, -0.08806282765466561, 0.809288343814787
-0.09771792362637541, -0.08848428445669732, 0.8138460871156726
-0.09761341970320041, -0.08845799885634321, 0.8127692157289071
-0.09768528317158143, -0.0882454545292685, 0.8113054475178104
-0.09810459601185398, -0.08830336682197773, 0.8104383151054279
-0.0976282207799136, -0.08792359300753781, 0.810293013938181
-0.09755977758702336, -0.08878784945541396, 0.8145915263687652
-0.09720218577150848, -0.08883795229841514, 0.8107659568611063
-0.0977212841691482, -0.08858108211369313, 0.8142739302353939
-0.0975226197348635, -0.08864130747657002, 0.8133827192611742
-0.09768043083667656, -0.08815372968477378, 0.8105644774568591
-0.09757246848480958, -0.08883688625126222, 0.814847916171846
-0.09755040652362383, -0.08854010998663898, 0.8119627836118231
-0.09781113809553794, -0.08841574634060718, 0.814269151155227
-0.09753510308373764, -0.08852084245609358, 0.8114109043399271
-0.09761253019020522, -0.08831717426858349, 0.8123411953224982
-0.09763300646871523, -0.0884571059446302, 0.8122883521761267
-0.0975459085566497, -0.08843958493706561, 0.8107751361469374
-0.09736624178584251, -0.08872201471360618, 0.8119219718542295
-0.09767802145588139, -0.08851196531949773, 0.8138751099094597
-0.09773696542237546, -0.08854472388068234, 0.8134470141137035
-0.09754315349480965, -0.08843745301162587, 0.8117869823951996
-0.09727918827789155, -0.088882403513529, 0.81208223932883
-0.09740511320618356, -0.0886427148940277, 0.8132161856918424
-0.0976687446182117, -0.0884504063737422, 0.8130677154238201
-0.0972220999502095, -0.0890730260356648, 0.8137181015528041
-0.09741711553347973, -0.08870637378763639, 0.8109907334480351
-0.09760756829459126, -0.08876841057137297, 0.8148099563015136
-0.0977219590068862, -0.08846396833974245, 0.8142140740088506
-0.09724226549818178, -0.08887981544119943, 0.8135235872214529
-0.09737541469374934, -0.08883449697785913, 0.8125018650544023
-0.09740452554529337, -0.08887312167221657, 0.8128807216354029
-0.09747176916344377, -0.08832415285563111, 0.8108581966619779
-0.09723894986320579, -0.08900746252088565, 0.8124695821042776
-0.09722395142407278, -0.08894808028744136, 0.8139338473564054
-0.09746618142044333, -0.08860734971007557, 0.8106702238428125
-0.09753072700878962, -0.0883568883382333, 0.8124064787060348
-0.09752481257803061, -0.08855280531381352, 0.8127676479641279
-0.09751680874787436, -0.08847074540710848, 0.8109070388226777
-0.09768492688722571, -0.08855972120136103, 0.8134958837991664
-0.0975201606686082, -0.08847639712683254, 0.8112736844225404
-0.09760940135279865, -0.08838188254548948, 0.811501116835393
-0.09757522187978453, -0.08857813229434977, 0.8125699854963039
-0.09729257964319521, -0.08890777843020332, 0.8118612250136987
-0.09749675312551938, -0.08881099788785261, 0.8119815014704548
-0.09743293588863704, -0.08881123454189226, 0.8118085066421017
-0.0977588740988, -0.08844861742003543, 0.8136674301448815
-0.09757641328836975, -0.08843981976768374, 0.8128498634592257
-0.09771902421584489, -0.08855515701163165, 0.8127087159749221
-0.09743088835256673, -0.08870211112748974, 0.8124489818377281
-0.09751668379159785, -0.08857650447695596, 0.8131413297563224
-0.09756689576492142, -0.08844813134899768, 0.8126537345392261
-0.09752253529608526, -0.08868588387784147, 0.8129031145924777
-0.09754822194733152, -0.08869382366852534, 0.813102248219771
-0.09733578421798238, -0.08879232082192173, 0.8123036736710177
-0.09766338201470547, -0.08830341936085465, 0.8121195284739424
-0.09750896416771229, -0.08831449043395435, 0.8111069630834273
-0.09781305926978656, -0.08788292079272798, 0.8115329251381718
-0.09784398141515421, -0.08888129858695189, 0.8143596525747419
-0.09765506325798731, -0.08847190151033575, 0.8118642840741318
-0.0976969401125369, -0.08846207894662224, 0.813040182161226
-0.09723377870703306, -0.08874431352591448, 0.8124359355053304
-0.09738195764905419, -0.088697230731586, 0.8124859421799063
-0.09752368851700671, -0.08859852545121423, 0.812247330867972
-0.09754868088786821, -0.08839718988561923, 0.8108271485261637
-0.09745936295253178, -0.08855703604956187, 0.8120381329409542
-0.0975097782295334, -0.08859562812622628, 0.8131277720887599
-0.09761259237392474, -0.08859795760622284, 0.8133361197459748
-0.09752370850039582, -0.08834021815431839, 0.810493744851433
-0.09743231396960346, -0.08861268029273622, 0.8116362573822706
-0.097338154982909, -0.08857009144797966, 0.8114633430593069
-0.0975779211145017, -0.088293804283685, 0.8110005120760062
-0.09733922732985238, -0.08862789294332396, 0.8116530871429812
-0.0972632420005292, -0.08867998800353462, 0.8108887220470739
