[[-0.02107838  0.99735879 -0.06950651]
 [-0.96136387 -0.00113334  0.27527844]
 [ 0.2744726   0.07262347  0.95884859]]
[[-0.0218355   0.99734409 -0.0694836 ]
 [-0.96269317 -0.00222549  0.27058622]
 [ 0.26971293  0.07279977  0.96018495]]
[[-0.02160598  0.99737404 -0.06912451]
 [-0.96265411 -0.00209075  0.27072623]
 [ 0.26987079  0.0723923   0.9601714 ]]
[[-0.02172549  0.99741065 -0.06855656]
 [-0.96262044 -0.00235137  0.27084381]
 [ 0.2699813   0.07187816  0.96017896]]
[[-0.02213599  0.99728687 -0.0702061 ]
 [-0.9630059  -0.00240521  0.26946956]
 [ 0.2685696   0.07357386  0.96044638]]
[[-0.02173715  0.9973773  -0.06903634]
 [-0.96214803 -0.00210615  0.27251924]
 [ 0.2716591   0.07234697  0.95967039]]
[[-0.02182645  0.99732383 -0.06977667]
 [-0.96189177 -0.00192123  0.27342371]
 [ 0.27255793  0.07308547  0.95935952]]
[[-0.02148843  0.99750255 -0.06728234]
 [-0.96238155 -0.00240608  0.27169095]
 [ 0.27085053  0.07058949  0.96002975]]
[[-0.02161526  0.99749    -0.06742757]
 [-0.96229577 -0.00246657  0.27199405]
 [ 0.27114503  0.07076449  0.95993373]]
[[-0.02190263  0.9972623  -0.07062703]
 [-0.96231933 -0.00187789  0.27191539]
 [ 0.27103834  0.07392142  0.95972592]]
[[-0.02141761  0.99746056 -0.06792442]
 [-0.96179695 -0.00200974  0.27375646]
 [ 0.27292476  0.07119271  0.95939756]]
[[-0.0215717   0.99730358 -0.07014433]
 [-0.96209504 -0.00162939  0.27270952]
 [ 0.27185989  0.07336832  0.95953598]]
[[-0.02165424  0.99731825 -0.06991003]
 [-0.96236089 -0.0018448   0.27176849]
 [ 0.2709107   0.07316361  0.95982002]]
[[-0.02160862  0.99734701 -0.06951265]
 [-0.96236718 -0.00191072  0.27174576]
 [ 0.270892    0.07276875  0.95985532]]
[[-0.02169733  0.99724396 -0.07094864]
 [-0.96231094 -0.00158969  0.27194691]
 [ 0.27108463  0.07417518  0.95969327]]
[[-0.02143181  0.99732893 -0.06982613]
 [-0.96246452 -0.00168088  0.27140232]
 [ 0.27056001  0.07302181  0.95992973]]
[[-0.02192449  0.99725056 -0.07078593]
 [-0.96159863 -0.0016596   0.27445459]
 [ 0.27358252  0.07408492  0.95899115]]
[[-0.02171002  0.99731964 -0.06987287]
 [-0.96204834 -0.00182456  0.27287297]
 [ 0.27201408  0.07314516  0.95950932]]
[[-0.02155932  0.99743625 -0.06823577]
 [-0.96197041 -0.00210654  0.27314555]
 [ 0.27230153  0.07152962  0.95954958]]
[[-0.02120092  0.99738037 -0.0691587 ]
 [-0.962      -0.0015158   0.27304525]
 [ 0.27222514  0.07231948  0.95951205]]
[[-0.02150613  0.9975046  -0.0672463 ]
 [-0.96198756 -0.0023306   0.27308331]
 [ 0.27224513  0.07056307  0.95963714]]
[[-0.02131568  0.9974588  -0.06798224]
 [-0.96233711 -0.00203699  0.2718513 ]
 [ 0.27102199  0.07121653  0.95993504]]
[[-0.02135465  0.997428   -0.06842048]
 [-0.96164044 -0.00177181  0.27430734]
 [ 0.2734806   0.07165363  0.95920494]]
[[-0.02156744  0.99734604 -0.06953929]
 [-0.96180093 -0.00171213  0.27374448]
 [ 0.27289891  0.07278692  0.95928528]]
[[-0.02144499  0.99736016 -0.06937454]
 [-0.96234501 -0.00178445  0.27182511]
 [ 0.27098374  0.07259153  0.95984284]]
[[-0.02165502  0.99730547 -0.07009184]
 [-0.9616444  -0.00160294  0.27429451]
 [ 0.27344306  0.07334328  0.95908793]]
[[-0.02147208  0.99726732 -0.0706884 ]
 [-0.96238579 -0.00146362  0.27168262]
 [ 0.27083674  0.07386311  0.95978732]]
[[-0.02141649  0.99735636 -0.06943786]
 [-0.96211258 -0.00167746  0.27264732]
 [ 0.27181006  0.07264619  0.95960503]]
[[-0.02147185  0.99737116 -0.0692078 ]
 [-0.96226956 -0.00183566  0.27209177]
 [ 0.27124945  0.07243887  0.95977932]]
[[-0.02157847  0.99731424 -0.06999053]
 [-0.96260056 -0.00181459  0.27091855]
 [ 0.27006393  0.07321893  0.96005441]]
[[-0.02136742  0.99734398 -0.06963063]
 [-0.96183076 -0.00150204  0.2736409 ]
 [ 0.27280951  0.07281988  0.95930821]]
[[-0.02161142  0.99730266 -0.07014525]
 [-0.9619133  -0.00161847  0.27334995]
 [ 0.2724991   0.07338113  0.95935366]]
[[-0.02110272  0.99743428 -0.06840717]
 [-0.96206238 -0.00164319  0.27282464]
 [ 0.27201224  0.07156931  0.95962866]]
[[-0.02128773  0.99727575 -0.0706252 ]
 [-0.96215008 -0.00123877  0.27251731]
 [ 0.27168741  0.07375332  0.95955531]]
[[-0.02142217  0.99725669 -0.07085329]
 [-0.96173236 -0.00119272  0.27398803]
 [ 0.27315189  0.07401133  0.95911958]]
[[-0.02127065  0.9973893  -0.06900827]
 [-0.96182556 -0.00157806  0.27365873]
 [ 0.27283539  0.07219482  0.95934809]]
[[-0.02100514  0.9974729  -0.06787187]
 [-0.96207542 -0.00169885  0.2727783 ]
 [ 0.27197366  0.0710276   0.95967985]]
[[-0.02147359  0.99746494 -0.06784229]
 [-0.9620369  -0.00214893  0.27291095]
 [ 0.27207332  0.07112716  0.95964422]]
[[-0.02106808  0.99746712 -0.06793732]
 [-0.96160283 -0.0016185   0.27444011]
 [ 0.27363503  0.07111064  0.95920131]]
[[-0.02140725  0.99739965 -0.06881621]
 [-0.96182573 -0.00176259  0.27365702]
 [ 0.27282413  0.07204745  0.95936237]]
[[-0.02164265  0.99727931 -0.07046679]
 [-0.96186027 -0.00154615  0.27353688]
 [ 0.27268372  0.07369927  0.95927681]]
[[-0.02166891  0.99727961 -0.07045455]
 [-0.96162905 -0.00151245  0.27434883]
 [ 0.27349594  0.07369599  0.95904581]]
[[-0.02181224  0.99727042 -0.07054036]
 [-0.96209518 -0.0017533   0.27270824]
 [ 0.27184018  0.07381492  0.95950731]]
[[-0.02158576  0.99724249 -0.07100333]
 [-0.96225339 -0.00145133  0.27215124]
 [ 0.27129774  0.07419778  0.9596313 ]]
[[-0.02174564  0.99716418 -0.07204669]
 [-0.96176096 -0.00118476  0.27388768]
 [ 0.27302563  0.07524756  0.95905934]]
[[-0.02149212  0.99740404 -0.06872599]
 [-0.96203233 -0.00192381  0.27292875]
 [ 0.27208802  0.07198244  0.95957628]]
[[-0.02170095  0.99732032 -0.06986592]
 [-0.96209713 -0.00183083  0.27270086]
 [ 0.27184219  0.07313567  0.95955875]]
[[-0.0214577   0.99739629 -0.06884923]
 [-0.96187469 -0.00181515  0.27348451]
 [ 0.27264746  0.07209268  0.9594092 ]]
[[-0.02131025  0.99734983 -0.06956435]
 [-0.96189869 -0.0014832   0.27340209]
 [ 0.27257435  0.07274013  0.9593811 ]]
[[-0.02172764  0.99742232 -0.06838591]
 [-0.96166463 -0.00214746  0.27421984]
 [ 0.27336613  0.07172246  0.95923243]]
[[-0.02152155  0.99722798 -0.07122632]
 [-0.96196176 -0.00124867  0.27318127]
 [ 0.27233507  0.07439628  0.95932205]]
[[-0.02165487  0.99726535 -0.07066036]
 [-0.96210559 -0.00157143  0.27267263]
 [ 0.27181593  0.07388742  0.9595086 ]]
[[-0.0218382   0.99730141 -0.07009278]
 [-0.96196938 -0.00186681  0.27315091]
 [ 0.27228294  0.07339223  0.95941419]]
[[-0.02141677  0.99730481 -0.07017437]
 [-0.9618074  -0.00139419  0.27372356]
 [ 0.27288798  0.07335651  0.959245  ]]
[[-0.02151899  0.99728855 -0.07037392]
 [-0.96208948 -0.00151423  0.2727298 ]
 [ 0.27188374  0.07357488  0.9595134 ]]
[[-0.02171012  0.99728622 -0.07034822]
 [-0.96222536 -0.00174255  0.27224862]
 [ 0.27138721  0.07360139  0.95965193]]
[[-0.02130917  0.9972587  -0.07085905]
 [-0.96148159 -0.0010143   0.27486746]
 [ 0.2740421   0.07398687  0.95886749]]
[[-0.02156827  0.9973019  -0.07016936]
 [-0.96188879 -0.00156363  0.27343647]
 [ 0.27258899  0.07339267  0.95932724]]
[[-0.0214397   0.99739038 -0.06894036]
 [-0.9616867  -0.00172308  0.27414544]
 [ 0.27331123  0.07217662  0.959214  ]]
[[-0.02157357  0.99726079 -0.07074955]
 [-0.96219469 -0.00149283  0.2723585 ]
 [ 0.27150683  0.07395059  0.95959124]]
[[-0.02136644  0.99727803 -0.07056916]
 [-0.9618599  -0.00125146  0.2735397 ]
 [ 0.27270682  0.07372222  0.95926848]]
[[-0.02158254  0.99721367 -0.07140794]
 [-0.9618918  -0.00123862  0.27342757]
 [ 0.27257726  0.07458797  0.95923838]]
[[-0.0215238   0.9973769  -0.06910901]
 [-0.96199476 -0.00183958  0.2730617 ]
 [ 0.2722183   0.07235983  0.95951094]]
[[-0.02155512  0.99730946 -0.07006583]
 [-0.96234499 -0.00170234  0.27182573]
 [ 0.27097509  0.07328674  0.95979245]]
[[-0.02211279  0.99724359 -0.07082543]
 [-0.96204134 -0.00195077  0.27289678]
 [ 0.2720064   0.0741715   0.9594327 ]]
[[-0.021401    0.99728878 -0.07040652]
 [-0.96085812 -0.00106086  0.27703891]
 [ 0.2762131   0.07357959  0.95827573]]
[[-0.0222114   0.99720471 -0.07134013]
 [-0.9607629  -0.00155687  0.27736658]
 [ 0.27648019  0.07470165  0.95811188]]
[[-0.02186272  0.99720216 -0.07148343]
 [-0.96189589 -0.00148941  0.27341192]
 [ 0.27254049  0.07473715  0.95923722]]
[[-0.02177783  0.99711455 -0.07272064]
 [-0.9627665  -0.0013121   0.27033116]
 [ 0.26945572  0.07590023  0.96001707]]
[[-0.02149851  0.99753328 -0.06682199]
 [-0.96123578 -0.00224661  0.27571857]
 [ 0.27488832  0.07015922  0.95891297]]
[[-0.02188789  0.99730579 -0.07001487]
 [-0.9623754  -0.00204574  0.27171568]
 [ 0.27084039  0.07332787  0.95982733]]
[[-0.0214731   0.99741389 -0.06858893]
 [-0.96224793 -0.00199997  0.27216708]
 [ 0.27132605  0.07184382  0.9598024 ]]
[[-0.02097961  0.99745778 -0.06810169]
 [-0.96088998 -0.00130319  0.27692733]
 [ 0.27613457  0.07124806  0.95847452]]
[[-0.02309333  0.9970933  -0.07260617]
 [-0.9616025  -0.00228747  0.2744365 ]
 [ 0.27347271  0.07615592  0.95886024]]
[[-0.02127462  0.99742926 -0.06842707]
 [-0.96151714 -0.00166053  0.27473995]
 [ 0.27392004  0.07163879  0.95908065]]
[[-0.02281554  0.99696358 -0.07445187]
 [-0.96050197 -0.00120025  0.2782706 ]
 [ 0.27733629  0.07786006  0.95761286]]
[[-0.02298865  0.9969325  -0.07481387]
 [-0.96036072 -0.00122623  0.27875758]
 [ 0.27781076  0.07825656  0.957443  ]]
[[-2.06350322e-02  9.97306469e-01 -7.03846798e-02]
 [-9.59958308e-01 -9.12488418e-05  2.80142888e-01]
 [ 2.79381892e-01  7.33471157e-02  9.57374513e-01]]
[[-2.15918946e-02  9.97151253e-01 -7.22714966e-02]
 [-9.60235547e-01 -5.57370935e-04  2.79190588e-01]
 [ 2.78354962e-01  7.54259138e-02  9.57512113e-01]]
[[-2.14693304e-02  9.97085056e-01 -7.32151487e-02]
 [-9.59872606e-01 -7.58504149e-05  2.80436401e-01]
 [ 2.79613391e-01  7.62979973e-02  9.57076260e-01]]
[[-2.11271299e-02  9.97235386e-01 -7.12406419e-02]
 [-9.59361301e-01 -1.66286546e-04  2.82180556e-01]
 [ 2.81388590e-01  7.43071801e-02  9.56712551e-01]]
[[-2.01723283e-02  9.97352782e-01 -6.98606209e-02]
 [-9.58868621e-01  4.88606484e-04  2.83849834e-01]
 [ 2.83132556e-01  7.27130693e-02  9.56320430e-01]]
[[-2.15153756e-02  9.97111910e-01 -7.28349272e-02]
 [-9.59505423e-01 -1.27608255e-04  2.81690127e-01]
 [ 2.80867286e-01  7.59461765e-02  9.56737031e-01]]
[[-1.94769294e-02  9.97517785e-01 -6.76677078e-02]
 [-9.59853055e-01  2.86728454e-04  2.80503175e-01]
 [ 2.79826308e-01  7.04143966e-02  9.57464908e-01]]
[[-1.95293495e-02  9.97545796e-01 -6.72383061e-02]
 [-9.60161368e-01  3.82521114e-05  2.79446140e-01]
 [ 2.78762894e-01  7.00170253e-02  9.57804189e-01]]
[[-2.20884510e-02  9.96970383e-01 -7.45798569e-02]
 [-9.59702624e-01 -2.40831782e-04  2.81017464e-01]
 [ 2.80148128e-01  7.77817248e-02  9.56800413e-01]]
[[-2.00307507e-02  9.97396054e-01 -6.92811770e-02]
 [-9.59850888e-01  2.08116771e-04  2.80510660e-01]
 [ 2.79794644e-01  7.21184383e-02  9.57347318e-01]]
[[-1.96118258e-02  9.97532291e-01 -6.74144213e-02]
 [-9.60555310e-01 -9.12601394e-05  2.78088992e-01]
 [ 2.77396597e-01  7.02091132e-02  9.58186729e-01]]
[[-1.97409506e-02  9.97465986e-01 -6.83513093e-02]
 [-9.59799376e-01  2.38565312e-04  2.80686838e-01]
 [ 2.79991880e-01  7.11445690e-02  9.57362522e-01]]
[[-2.22470724e-02  9.96979726e-01 -7.44076120e-02]
 [-9.60357910e-01 -6.24483893e-04  2.78769250e-01]
 [ 2.77880824e-01  7.76597384e-02  9.57471259e-01]]
[[-2.05001905e-02  9.97416287e-01 -6.88512294e-02]
 [-9.60573472e-01 -5.50950091e-04  2.78025719e-01]
 [ 2.77269447e-01  7.18362447e-02  9.58102921e-01]]
[[-1.89008538e-02  9.97630044e-01 -6.61593046e-02]
 [-9.60543683e-01  2.46313126e-04  2.78129058e-01]
 [ 2.77486200e-01  6.88057788e-02  9.58262581e-01]]
[[-1.97043452e-02  9.97546890e-01 -6.71709888e-02]
 [-9.59935659e-01 -9.24429735e-05  2.80220490e-01]
 [ 2.79526868e-01  7.00013886e-02  9.57582652e-01]]
[[-0.02223748  0.99706436 -0.07326766]
 [-0.96103086 -0.00112017  0.27643883]
 [ 0.27554524  0.07655978  0.95823453]]
[[-0.02198028  0.99718019 -0.0717533 ]
 [-0.96046476 -0.00113843  0.27839927]
 [ 0.27753255  0.07503581  0.95778145]]
[[-2.11327419e-02  9.97222654e-01 -7.14169842e-02]
 [-9.59397281e-01 -1.31312371e-04  2.82058220e-01]
 [ 2.81265469e-01  7.44779241e-02  9.56735478e-01]]
[[-2.10627585e-02  9.97247308e-01 -7.10926589e-02]
 [-9.60604727e-01 -4.76377721e-04  2.77917851e-01]
 [ 2.77118962e-01  7.41456608e-02  9.57970512e-01]]
[[-2.09747457e-02  9.97354255e-01 -6.96028032e-02]
 [-9.60817880e-01 -8.62750620e-04  2.77179105e-01]
 [ 2.76385710e-01  7.26893791e-02  9.58293897e-01]]
[[-2.06438415e-02  9.97261533e-01 -7.10159552e-02]
 [-9.60359152e-01 -2.87705214e-05  2.78765671e-01]
 [ 2.78000237e-01  7.39556168e-02  9.57729834e-01]]
[[-1.97053581e-02  9.97459774e-01 -6.84521628e-02]
 [-9.60734430e-01  6.19323064e-05  2.77469552e-01]
 [ 2.76768956e-01  7.12319864e-02  9.58292726e-01]]
[[-0.02105684  0.99738543 -0.06912963]
 [-0.9611241  -0.00115357  0.27611436]
 [ 0.27531269  0.07225625  0.95863546]]
[[-1.96832156e-02  9.97552100e-01 -6.70997649e-02]
 [-9.60109193e-01 -1.35574918e-04  2.79625320e-01]
 [ 2.78931728e-01  6.99270266e-02  9.57761610e-01]]
[[-2.08364127e-02  9.97308057e-01 -7.03027989e-02]
 [-9.60466128e-01 -4.41803388e-04  2.78396520e-01]
 [ 2.77616033e-01  7.33242418e-02  9.57889813e-01]]
[[-0.02119728  0.99730118 -0.07029251]
 [-0.96146858 -0.00105907  0.27491279]
 [ 0.2740964   0.07341145  0.9588962 ]]
[[-2.00552632e-02  9.97523846e-01 -6.74089228e-02]
 [-9.60305084e-01 -4.56481633e-04  2.78951497e-01]
 [ 2.78229999e-01  7.03275769e-02  9.57936376e-01]]
[[-2.07315150e-02  9.97338121e-01 -6.99061938e-02]
 [-9.60147589e-01 -3.67985020e-04  2.79493241e-01]
 [ 2.78723539e-01  7.29145817e-02  9.57599422e-01]]
[[-2.13584196e-02  9.97249409e-01 -7.09748770e-02]
 [-9.61275720e-01 -9.74276352e-04  2.75586721e-01]
 [ 2.74759546e-01  7.41125228e-02  9.58652453e-01]]
[[-0.02162002  0.99733482 -0.06968386]
 [-0.9611675  -0.00155456  0.27596125]
 [ 0.27511743  0.07294415  0.95863943]]
[[-2.08018678e-02  9.97340742e-01 -6.98478844e-02]
 [-9.60091089e-01 -4.37294090e-04  2.79687164e-01]
 [ 2.78912860e-01  7.28783468e-02  9.57547055e-01]]
[[-2.18812324e-02  9.97081190e-01 -7.31458341e-02]
 [-9.59615882e-01 -4.21912519e-04  2.81313315e-01]
 [ 2.80461354e-01  7.63473861e-02  9.56824177e-01]]
[[-0.02221317  0.9970955  -0.07285005]
 [-0.96080213 -0.00114939  0.27723266]
 [ 0.27634371  0.0761527   0.95803701]]
[[-0.02125432  0.9973862  -0.06905805]
 [-0.96116986 -0.00137576  0.27595398]
 [ 0.27513768  0.07224173  0.9586868 ]]
[[-2.22621529e-02  9.97078201e-01 -7.30715885e-02]
 [-9.59803121e-01 -8.60589973e-04  2.80672814e-01]
 [ 2.79789860e-01  7.63827198e-02  9.57017928e-01]]
[[-2.24330510e-02  9.97046864e-01 -7.34459599e-02]
 [-9.59470792e-01 -8.28728524e-04  2.81806870e-01]
 [ 2.80913789e-01  7.67910413e-02  9.56655936e-01]]
[[-2.14212385e-02  9.97071536e-01 -7.34130965e-02]
 [-9.59578375e-01  1.06448179e-04  2.81441523e-01]
 [ 2.80625147e-01  7.64744459e-02  9.56766004e-01]]
[[-2.19791017e-02  9.97028109e-01 -7.38367733e-02]
 [-9.59563190e-01 -3.06702992e-04  2.81493144e-01]
 [ 2.80633931e-01  7.70380162e-02  9.56718214e-01]]
[[-2.29706447e-02  9.96891654e-01 -7.53616608e-02]
 [-9.59874872e-01 -9.18343437e-04  2.80427150e-01]
 [ 2.79486277e-01  7.87793570e-02  9.56912344e-01]]
[[-0.02436008  0.99685242 -0.07544428]
 [-0.96156311 -0.00271753  0.27457056]
 [ 0.27350131  0.079233    0.95860272]]
[[-0.02322684  0.99727902 -0.06996481]
 [-0.96062633 -0.00288193  0.27782863]
 [ 0.27687103  0.07366312  0.95807942]]
[[-0.02332253  0.99701625 -0.07358435]
 [-0.96008244 -0.00181459  0.2797113 ]
 [ 0.27874319  0.07717062  0.95726012]]
[[-0.02402659  0.99664442 -0.07824724]
 [-0.96057685 -0.00133023  0.2780114 ]
 [ 0.27697442  0.08184216  0.95738552]]
[[-0.02437855  0.99710468 -0.07202737]
 [-0.96118501 -0.00357161  0.27588155]
 [ 0.27482553  0.07595722  0.95848914]]
[[-0.02376753  0.99691189 -0.07484513]
 [-0.96034122 -0.00196264  0.27882055]
 [ 0.27781262  0.07850374  0.95742222]]
[[-0.02406796  0.99659323 -0.07888384]
 [-0.9625331  -0.00178227  0.27115836]
 [ 0.27009399  0.08245454  0.95929687]]
[[-0.02323438  0.9968739  -0.07551548]
 [-0.96034793 -0.00126321  0.27880146]
 [ 0.27783451  0.07899891  0.95737514]]
[[-0.02448444  0.9969777  -0.07372904]
 [-0.96047714 -0.00300389  0.27834266]
 [ 0.27727995  0.07763013  0.95764784]]
[[-0.02576402  0.99623886 -0.08273059]
 [-0.96114045 -0.00193207  0.2760531 ]
 [ 0.27485498  0.08662795  0.95757524]]
[[-0.02512562  0.99660655 -0.07838419]
 [-0.96208142 -0.00280327  0.27274801]
 [ 0.27160273  0.08226493  0.95888708]]
[[-0.02503977  0.9964199  -0.08074896]
 [-0.96143417 -0.0018725   0.27502879]
 [ 0.27389295  0.08452146  0.95803902]]
[[-0.02625241  0.99647161 -0.07971911]
 [-0.96157181 -0.00336995  0.27453288]
 [ 0.27329558  0.0838628   0.95826748]]
[[-0.02479496  0.99657407 -0.07890081]
 [-0.96040528 -0.00183769  0.27860064]
 [ 0.27750118  0.08268465  0.95716056]]
[[-0.02574075  0.99660563 -0.07819614]
 [-0.96204868 -0.00343923  0.27285622]
 [ 0.27166111  0.08225201  0.95887165]]
[[-0.02505585  0.99642563 -0.08067328]
 [-0.96117849 -0.00183021  0.27592131]
 [ 0.27478742  0.08445486  0.95778873]]
[[-0.02605414  0.99642674 -0.08034262]
 [-0.9620937  -0.00316836  0.27270071]
 [ 0.27147173  0.08440211  0.95873843]]
[[-0.02540915  0.99646438 -0.08008189]
 [-0.96050832 -0.00213101  0.2782431 ]
 [ 0.27708869  0.08398924  0.95716648]]
[[-0.02521387  0.99658887 -0.07858049]
 [-0.96078067 -0.00244307  0.27729863]
 [ 0.27616075  0.08249038  0.95756492]]
[[-0.02445958  0.99659494 -0.07874168]
 [-0.96005862 -0.00145605  0.27979515]
 [ 0.27872778  0.0824403   0.95682518]]
[[-0.02516811  0.99668909 -0.0773138 ]
 [-0.96112966 -0.00285427  0.27608265]
 [ 0.27494789  0.08125706  0.95801928]]
[[-0.02643441  0.99672043 -0.07648272]
 [-0.96058242 -0.00414655  0.27796443]
 [ 0.27673569  0.08081579  0.95754173]]
[[-0.02633064  0.99679729 -0.07551065]
 [-0.96057344 -0.00431491  0.27799289]
 [ 0.27677674  0.07985325  0.95761062]]
[[-0.02641608  0.99674213 -0.07620579]
 [-0.96072795 -0.00424849  0.27745947]
 [ 0.27623178  0.08054243  0.95771025]]
[[-0.02689568  0.99663397 -0.07744253]
 [-0.96031511 -0.00424505  0.27888505]
 [ 0.27761757  0.08187003  0.95719684]]
[[-0.02441509  0.99682043 -0.07584813]
 [-0.95980724 -0.00215372  0.2806518 ]
 [ 0.27959609  0.07965172  0.95680804]]
[[-0.02686512  0.99662458 -0.07757398]
 [-0.95933245 -0.00389031  0.28225187]
 [ 0.28099736  0.08200196  0.95619881]]
[[-0.02670653  0.99624778 -0.08232332]
 [-0.95964513 -0.00248858  0.28120283]
 [ 0.27994283  0.08651113  0.95611079]]
[[-0.027675    0.99588197 -0.08633185]
 [-0.95949026 -0.0022406   0.2817329 ]
 [ 0.28037928  0.09063152  0.95560106]]
[[-0.02547496  0.99634968 -0.081476  ]
 [-0.95884803 -0.00129895  0.28391683]
 [ 0.28277461  0.08535587  0.95538102]]
[[-0.02774271  0.99604573 -0.0843993 ]
 [-0.95977486 -0.00294284  0.28075533]
 [ 0.27939677  0.08879324  0.9560613 ]]
[[-0.02927176  0.99561833 -0.08881052]
 [-0.95989304 -0.00321399  0.28034805]
 [ 0.27883422  0.09345488  0.95578118]]
[[-0.02833585  0.99586539 -0.08630881]
 [-0.95993108 -0.00302754  0.28021983]
 [ 0.27879993  0.09079078  0.95604792]]
[[-0.02869179  0.99579845 -0.08696112]
 [-0.96020124 -0.0032763   0.2792899 ]
 [ 0.27783153  0.0915135   0.9562609 ]]
[[-0.02976173  0.99561532 -0.08868127]
 [-0.95954036 -0.00360535  0.28154806]
 [ 0.27999383  0.09347262  0.95544038]]
[[-0.03000616  0.99589274 -0.08542412]
 [-0.95974567 -0.00482854  0.280829  ]
 [ 0.27926309  0.09041203  0.95594863]]
[[-0.0303972   0.99596099 -0.084485  ]
 [-0.95999199 -0.00555002  0.27997244]
 [ 0.27837274  0.0896153   0.95628328]]
[[-0.03019668  0.99555334 -0.08922838]
 [-0.96028574 -0.00412212  0.278988  ]
 [ 0.27737963  0.09410925  0.95614015]]
[[-0.03073162  0.9957261  -0.08709245]
 [-0.96055586 -0.00532736  0.27803606]
 [ 0.27638379  0.09220166  0.95661427]]
[[-0.03093454  0.995945   -0.08447845]
 [-0.95969829 -0.00597625  0.28096881]
 [ 0.27932461  0.08976546  0.95599159]]
[[-0.03117758  0.99560981 -0.08825563]
 [-0.95998944 -0.00524272  0.27998713]
 [ 0.27829523  0.0934538   0.95593836]]
[[-0.03180917  0.9958104  -0.08573115]
 [-0.95983719 -0.00651287  0.28048201]
 [ 0.27874854  0.09120985  0.95602302]]
[[-0.0308995   0.99608183 -0.08286254]
 [-0.95987598 -0.00645442  0.28035058]
 [ 0.27871729  0.08820046  0.95631446]]
[[-0.03296703  0.99540804 -0.08986665]
 [-0.96024118 -0.00660542  0.27909361]
 [ 0.27721842  0.09549454  0.95604955]]
[[-0.03398785  0.99532295 -0.09042704]
 [-0.95875553 -0.00692378  0.28414768]
 [ 0.28219261  0.09635499  0.9545067 ]]
[[-0.03209048  0.99582476 -0.08545909]
 [-0.9598975  -0.00688096  0.28026673]
 [ 0.27850851  0.09102586  0.95611051]]
[[-0.03179266  0.99561359 -0.08799327]
 [-0.96001512 -0.00591935  0.27988556]
 [ 0.27813701  0.09337317  0.95599229]]
[[-0.03275831  0.99518551 -0.09237263]
 [-0.96021504 -0.00569165  0.27920367]
 [ 0.2773337   0.09784383  0.95577853]]
[[-0.032099    0.99549392 -0.08922731]
 [-0.96009003 -0.00589394  0.27962904]
 [ 0.27784311  0.09464206  0.95595297]]
[[-0.03106437  0.99544972 -0.09008251]
 [-0.95888009 -0.00424271  0.28377978]
 [ 0.28210631  0.09519376  0.95464872]]
[[-0.03094919  0.99585418 -0.08553718]
 [-0.9608074  -0.00605462  0.27715066]
 [ 0.27548375  0.09076234  0.95701144]]
[[-0.03327726  0.99463525 -0.09794565]
 [-0.95971629 -0.00444414  0.28093575]
 [ 0.27899332  0.10334881  0.95471553]]
[[-0.03280295  0.99536028 -0.09045373]
 [-0.96015329 -0.00625174  0.27940397]
 [ 0.27754212  0.09601473  0.95590352]]
[[-0.03196462  0.99508721 -0.09370014]
 [-0.96021702 -0.0045526   0.27921773]
 [ 0.27741942  0.09889756  0.9556452 ]]
[[-0.03154244  0.99521292 -0.09250041]
 [-0.96029296 -0.00450791  0.2789572 ]
 [ 0.27720482  0.09762648  0.95583814]]
[[-0.03175226  0.9953132  -0.09134234]
 [-0.9608146  -0.00521762  0.27714273]
 [ 0.27536722  0.09656296  0.95647712]]
[[-0.03395908  0.99521173 -0.09165371]
 [-0.95961589 -0.00684464  0.28123032]
 [ 0.27925638  0.09750267  0.95525342]]
[[-0.03223836  0.99525622 -0.09179188]
 [-0.96088618 -0.0055879   0.27688721]
 [ 0.2750608   0.09712794  0.95650809]]
[[-0.03140712  0.99558839 -0.08841573]
 [-0.9603419  -0.00553834  0.2787701 ]
 [ 0.2770506   0.0936647   0.95627919]]
[[-0.03227059  0.99517262 -0.0926826 ]
 [-0.95952664 -0.00489096  0.28157539]
 [ 0.27976281  0.09801803  0.95505248]]
[[-0.03265506  0.99525379 -0.09167088]
 [-0.95994303 -0.00569358  0.28013742]
 [ 0.27828589  0.09714672  0.95557285]]
[[-0.0315078   0.99549463 -0.08942981]
 [-0.9596006  -0.00509952  0.28131955]
 [ 0.27959605  0.09468066  0.95543792]]
[[-0.0314231   0.99537931 -0.09073382]
 [-0.95989454 -0.00475021  0.28032108]
 [ 0.2785948   0.09590345  0.95560843]]
[[-0.03158241  0.99511569 -0.09352703]
 [-0.96030258 -0.00426219  0.27892792]
 [ 0.27716692  0.09862346  0.95574678]]
[[-0.0331394   0.99504529 -0.0937371 ]
 [-0.95991715 -0.00557087  0.28022854]
 [ 0.27831789  0.09926645  0.95534566]]
[[-0.03174665  0.99537218 -0.09069933]
 [-0.96029419 -0.0052105   0.27894071]
 [ 0.27717723  0.09595348  0.95601554]]
[[-0.03028317  0.99532263 -0.09173759]
 [-0.9597539  -0.0033179   0.28082279]
 [ 0.2792049   0.09654972  0.95536526]]
[[-0.03227111  0.99525139 -0.0918327 ]
 [-0.95981675 -0.0052329   0.28057872]
 [ 0.27876581  0.09719715  0.95542783]]
[[-0.03203387  0.99534043 -0.09094644]
 [-0.95986866 -0.00527146  0.28040035]
 [ 0.27861439  0.09627895  0.95556496]]
[[-0.03230065  0.9952482  -0.09185689]
 [-0.95965047 -0.00519669  0.28114759]
 [ 0.27933428  0.09723176  0.95525826]]
[[-0.0314415   0.99535076 -0.09104006]
 [-0.95964569 -0.00459594  0.28117435]
 [ 0.27944869  0.09620675  0.95532858]]
[[-0.03191788  0.99521735 -0.09232373]
 [-0.96116907 -0.0052304   0.27591061]
 [ 0.27410814  0.0975452   0.95673908]]
[[-0.03262829  0.99525415 -0.09167643]
 [-0.95904299 -0.00535366  0.28320995]
 [ 0.28137508  0.0971623   0.9546662 ]]
[[-0.03215594  0.99501414 -0.09440788]
 [-0.95946398 -0.00426972  0.28179893]
 [ 0.27999082  0.09964247  0.95481753]]
[[-0.03214662  0.99508296 -0.09368294]
 [-0.96065842 -0.0048912   0.27768953]
 [ 0.2758659   0.09892408  0.95609206]]
[[-0.03264106  0.99502248 -0.0941532 ]
 [-0.95999504 -0.00499985  0.27997236]
 [ 0.27810804  0.0995252   0.95537985]]
[[-0.03273841  0.99518019 -0.09243693]
 [-0.95959017 -0.00543463  0.28134885]
 [ 0.27949044  0.09791248  0.95514305]]
[[-0.03217451  0.99499052 -0.09465024]
 [-0.95804406 -0.00371675  0.28659687]
 [ 0.28480937  0.09990021  0.95336434]]
[[-0.03183874  0.99517335 -0.09282401]
 [-0.96068405 -0.00484223  0.2776017 ]
 [ 0.27581234  0.09801303  0.95620134]]
[[-0.03141289  0.99551674 -0.08921683]
 [-0.95942242 -0.00500793  0.28192826]
 [ 0.28021752  0.09445281  0.95527839]]
[[-0.03287374  0.99491656 -0.0951859 ]
 [-0.95961558 -0.00479725  0.28127374]
 [ 0.27938727  0.10058839  0.95489514]]
[[-0.03242927  0.99512059 -0.09318454]
 [-0.960209   -0.00514358  0.27923507]
 [ 0.27739326  0.09853202  0.95569055]]
[[-0.03159368  0.99541452 -0.09028716]
 [-0.9603135  -0.00518481  0.2788747 ]
 [ 0.2771278   0.09551466  0.95607381]]
[[-0.03286162  0.99495032 -0.09483657]
 [-0.9601886  -0.00509062  0.27930618]
 [ 0.277413    0.10023944  0.95550724]]
[[-0.03347846  0.99510087 -0.09302389]
 [-0.95915736 -0.00583132  0.28281294]
 [ 0.28088495  0.09869269  0.95465355]]
[[-0.03369878  0.99467033 -0.09744399]
 [-0.95931594 -0.00484583  0.28229318]
 [ 0.28031645  0.10299251  0.9543664 ]]
[[-0.03235372  0.99538156 -0.09038129]
 [-0.9592191  -0.00551715  0.28260977]
 [ 0.28080591  0.09583894  0.95496751]]
[[-0.03365375  0.99514644 -0.09247158]
 [-0.95928458 -0.00620212  0.28237321]
 [ 0.28042917  0.09820948  0.95483736]]
[[-0.03414144  0.99518301 -0.09189747]
 [-0.9579607  -0.00637806  0.28682856]
 [ 0.28486079  0.0978269   0.95356396]]
[[-0.03461161  0.99492906 -0.09443618]
 [-0.95823423 -0.0061965   0.2859174 ]
 [ 0.28388236  0.10038804  0.95358956]]
[[-0.03392606  0.99508501 -0.09303146]
 [-0.95878033 -0.00612918  0.28408223]
 [ 0.28211576  0.09883452  0.95427587]]
[[-0.03343147  0.99519774 -0.09199893]
 [-0.95848839 -0.00584546  0.28507163]
 [ 0.28316486  0.09771027  0.9540809 ]]
[[-0.03590814  0.99451311 -0.09825618]
 [-0.95832605 -0.00638424  0.28560536]
 [ 0.28341099  0.10441701  0.95329707]]
[[-0.03589371  0.99457758 -0.09760677]
 [-0.95813303 -0.00648619  0.28624993]
 [ 0.28406467  0.10379484  0.95317044]]
[[-0.03524701  0.99464934 -0.09710995]
 [-0.95890878 -0.00628756  0.28364489]
 [ 0.28151662  0.10311722  0.9539996 ]]
[[-0.03688814  0.99412201 -0.1017875 ]
 [-0.95896963 -0.00656326  0.28343284]
 [ 0.28109877  0.10806643  0.95357492]]
[[-0.03739029  0.99438245 -0.09902273]
 [-0.95981184 -0.00815502  0.28052582]
 [ 0.27814242  0.10553213  0.95472497]]
[[-0.03881472  0.9937931  -0.10425302]
 [-0.95936275 -0.00788012  0.28206561]
 [ 0.27949333  0.11096476  0.95371395]]
[[-0.0390184   0.99393123 -0.10285073]
 [-0.9602669  -0.00883214  0.27894351]
 [ 0.27634227  0.10964808  0.95478387]]
[[-0.04036324  0.99362984 -0.10521667]
 [-0.96123819 -0.00986989  0.2755426 ]
 [ 0.27274887  0.11226008  0.95551333]]
[[-0.04151756  0.99334357 -0.10744693]
 [-0.96095368 -0.01025356  0.27651925]
 [ 0.27357691  0.11473193  0.95498286]]
[[-0.04196827  0.99327754 -0.10788137]
 [-0.96124484 -0.01069357  0.27548867]
 [ 0.27248307  0.11526219  0.9552317 ]]
[[-0.04162969  0.99302503 -0.11030984]
 [-0.96170515 -0.00988976  0.27390764]
 [ 0.2709062   0.11748824  0.95540899]]
[[-0.04196375  0.99285011 -0.11174841]
 [-0.96097106 -0.009497    0.27648587]
 [ 0.27344775  0.11898938  0.95449874]]
[[-0.04280984  0.99262883 -0.11338135]
 [-0.95995423 -0.0094183   0.27999853]
 [ 0.27686675  0.1208276   0.95328144]]
[[-0.04304875  0.99325105 -0.10769941]
 [-0.95930284 -0.01098182  0.28216565]
 [ 0.27907859  0.11546323  0.95330131]]
[[-0.04433212  0.99283642 -0.11095269]
 [-0.96203808 -0.0124897   0.27262932]
 [ 0.26929056  0.11882694  0.95570014]]
[[-0.04574186  0.99155764 -0.12133067]
 [-0.96171563 -0.01085785  0.27383419]
 [ 0.27020499  0.12921128  0.95409313]]
[[-0.04674405  0.99164192 -0.12025512]
 [-0.96045091 -0.01153556  0.27821031]
 [ 0.2744978   0.12850381  0.95296261]]
[[-0.04661777  0.99218657 -0.11572642]
 [-0.96006435 -0.01250831  0.27949954]
 [ 0.27586814  0.12413445  0.95314606]]
[[-0.04670673  0.99190595 -0.11807233]
 [-0.96240647 -0.01302314  0.27130091]
 [ 0.26756731  0.12630516  0.95522497]]
[[-0.04871487  0.99079572 -0.12629607]
 [-0.96230577 -0.012684    0.27167391]
 [ 0.26757141  0.13476999  0.95406634]]
[[-0.04893391  0.99114621 -0.12342875]
 [-0.96060782 -0.01285505  0.27761008]
 [ 0.2735655   0.13215117  0.95273185]]
[[-0.04946761  0.99130305 -0.12194757]
 [-0.96180041 -0.01436555  0.27337448]
 [ 0.26924512  0.1308124   0.95414631]]
[[-0.05115456  0.99023247 -0.12970303]
 [-0.9627515  -0.01436892  0.27000573]
 [ 0.26550474  0.13868381  0.95408282]]
[[-0.05212495  0.98985581 -0.13216834]
 [-0.96233622 -0.01442715  0.27147902]
 [ 0.26681828  0.14134121  0.95332611]]
[[-0.05318833  0.98983083 -0.13193152]
 [-0.96191402 -0.01531116  0.27292303]
 [ 0.26812761  0.1414231   0.95294653]]
[[-0.05412846  0.98971654 -0.13240573]
 [-0.96233131 -0.01632392  0.271389  ]
 [ 0.2664368   0.14210805  0.9533188 ]]
[[-0.05337385  0.99030102 -0.12827755]
 [-0.96264197 -0.01687645  0.27025104]
 [ 0.26546501  0.13790969  0.95420608]]
[[-0.05505172  0.9888779  -0.13816588]
 [-0.96257262 -0.01578413  0.27056389]
 [ 0.26537382  0.1478897   0.95273573]]
[[-0.05763043  0.98803254 -0.14307493]
 [-0.96221665 -0.01677047  0.27176806]
 [ 0.26611625  0.15333119  0.95166784]]
[[-0.05727062  0.98890396 -0.13707308]
 [-0.96283288 -0.01840926  0.26946973]
 [ 0.26395627  0.14741117  0.95320356]]
[[-0.05739389  0.98914339 -0.13528225]
 [-0.96285223 -0.01902914  0.26935752]
 [ 0.26385891  0.14571629  0.95349108]]
[[-0.05862525  0.98764782 -0.14530954]
 [-0.96278494 -0.01746878  0.26970355]
 [ 0.26383374  0.15571328  0.95191656]]
[[-0.06096028  0.98662096 -0.15120493]
 [-0.96296293 -0.01827068  0.26901409]
 [ 0.26265233  0.16200392  0.95119319]]
[[-0.06154557  0.98723587 -0.14689278]
 [-0.96406435 -0.02069171  0.26486181]
 [ 0.25844162  0.15791517  0.95303239]]
[[-0.06138734  0.98761057 -0.14441937]
 [-0.9632599  -0.02071736  0.26777073]
 [ 0.26146121  0.15555112  0.95259744]]
[[-0.06224851  0.9861041  -0.15402538]
 [-0.96359374 -0.01917284  0.26668241]
 [ 0.26002352  0.16501847  0.95139722]]
[[-0.06429131  0.9851347  -0.15929924]
 [-0.96377945 -0.01989148  0.26595769]
 [ 0.25883546  0.1706281   0.95073143]]
[[-0.06463598  0.98583091 -0.15478892]
 [-0.96438406 -0.02184059  0.26360266]
 [ 0.25648697  0.16631418  0.95213131]]
[[-0.06588138  0.98605355 -0.15283341]
 [-0.96480391 -0.02387079  0.26188473]
 [ 0.25458411  0.16470759  0.95292095]]
[[-0.06634673  0.98553893 -0.15592028]
 [-0.96376625 -0.02283415  0.2657691 ]
 [ 0.25836548  0.16790362  0.95134413]]
[[-0.06779081  0.9844942  -0.16178868]
 [-0.96304617 -0.02220268  0.26841966]
 [ 0.26066546  0.17400635  0.94961851]]
[[-0.06874518  0.98366042 -0.16639194]
 [-0.96297776 -0.02184856  0.26869402]
 [ 0.26066825  0.17870316  0.94874509]]
[[-0.0693884   0.98374146 -0.16564416]
 [-0.96469324 -0.02387975  0.26229126]
 [ 0.25407125  0.17799577  0.95066572]]
[[-0.07068988  0.98376498 -0.16495272]
 [-0.96486392 -0.0254828   0.26151147]
 [ 0.25306237  0.17764314  0.95100071]]
[[-0.07206936  0.98346341 -0.16614971]
 [-0.96493649 -0.02659503  0.26113266]
 [ 0.25239566  0.17914359  0.95089642]]
[[-0.07201872  0.9833683  -0.16673362]
 [-0.96504454 -0.02646629  0.26074618]
 [ 0.25199671  0.17968397  0.95090027]]
[[-0.0733311   0.98278122 -0.16959843]
 [-0.96381225 -0.02613328  0.26529795]
 [ 0.25629768  0.18291563  0.94913296]]
[[-0.07471657  0.98208007 -0.17302074]
 [-0.96352251 -0.02638441  0.26632355]
 [ 0.256986    0.18660816  0.94822761]]
[[-0.07444498  0.9823321  -0.17170204]
 [-0.96334791 -0.02634458  0.26695836]
 [ 0.25771835  0.18528251  0.9482888 ]]
[[-0.07593938  0.98160657 -0.17516205]
 [-0.96288646 -0.02656163  0.26859663]
 [ 0.25900363  0.18905822  0.94719275]]
[[-0.07707639  0.98072157 -0.17956735]
 [-0.96290072 -0.02650487  0.26855112]
 [ 0.25861446  0.19360448  0.9463804 ]]
[[-0.07610842  0.98157696 -0.17525462]
 [-0.96297261 -0.02676845  0.26826703]
 [ 0.25863344  0.18918278  0.94726903]]
[[-0.07674446  0.98093693 -0.17853016]
 [-0.96278579 -0.02637085  0.26897602]
 [ 0.25914052  0.19252872  0.94645596]]
[[-0.07634169  0.98138876 -0.17620455]
 [-0.9633634  -0.02703051  0.26683387]
 [ 0.25710486  0.19011957  0.94749757]]
[[-0.07769492  0.98061992 -0.1798557 ]
 [-0.96282547 -0.02698943  0.26877255]
 [ 0.25870952  0.19405191  0.94626278]]
[[-0.07730365  0.98091132 -0.17842962]
 [-0.96270825 -0.02690094  0.26920098]
 [ 0.25926236  0.19258589  0.94641096]]
[[-0.07765373  0.98058842 -0.18004513]
 [-0.96311297 -0.02711248  0.26772808]
 [ 0.25764959  0.19419388  0.94652281]]
[[-0.07727287  0.98074682 -0.17934486]
 [-0.96279397 -0.02668289  0.26891597]
 [ 0.25895304  0.19345206  0.94631898]]
[[-0.07805919  0.98074261 -0.17902707]
 [-0.9629909  -0.02770556  0.26810618]
 [ 0.25798311  0.19332959  0.94660889]]
[[-0.07750003  0.98069438 -0.17953351]
 [-0.96283565 -0.02689     0.26874606]
 [ 0.25873009  0.19368909  0.94633148]]
[[-0.07793988  0.9801834  -0.18211502]
 [-0.96198704 -0.02598294  0.27185626]
 [ 0.26173711  0.19638073  0.94494883]]
[[-0.07705139  0.98106936 -0.17766822]
 [-0.9624901  -0.02669611  0.27000023]
 [ 0.2601459   0.1918078   0.94632652]]
[[-0.07823808  0.98019827 -0.181907  ]
 [-0.96187129 -0.02625251  0.27223967]
 [ 0.26207333  0.19627063  0.94487851]]
[[-0.07752914  0.98054139 -0.18035468]
 [-0.96185247 -0.02595999  0.27233419]
 [ 0.26235294  0.19458843  0.94514881]]
[[-0.0779539   0.98019315 -0.18205654]
 [-0.96261851 -0.02648892  0.26956249]
 [ 0.25940082  0.19626445  0.94561698]]
[[-0.07916213  0.97989002 -0.18316362]
 [-0.96178021 -0.02676047  0.27251186]
 [ 0.26213011  0.19773577  0.94455724]]
[[-0.0785314   0.98009776 -0.18232167]
 [-0.96303237 -0.02731001  0.26799778]
 [ 0.25768482  0.19662791  0.94601057]]
[[-0.07893842  0.98013205 -0.18196124]
 [-0.96290439 -0.02771971  0.26841527]
 [ 0.25803849  0.19639955  0.9459616 ]]
[[-0.07988371  0.97945041 -0.18519042]
 [-0.96317318 -0.02799336  0.26742065]
 [ 0.25674116  0.199733    0.94561657]]
[[-0.08099273  0.97905053 -0.18681603]
 [-0.96286279 -0.02842188  0.26849105]
 [ 0.25755664  0.20162402  0.9449933 ]]
[[-0.08130619  0.97905231 -0.18667049]
 [-0.96328424 -0.02910817  0.26690109]
 [ 0.25587649  0.20151746  0.94547233]]
[[-0.08172601  0.97862384 -0.18872266]
 [-0.96360151 -0.02922476  0.26574056]
 [ 0.25454468  0.20357135  0.94539183]]
[[-0.08235425  0.97852651 -0.18895407]
 [-0.96307086 -0.0293718   0.2676412 ]
 [ 0.25634409  0.20401755  0.94480926]]
[[-0.08345691  0.97768013 -0.19281212]
 [-0.963351   -0.0296566   0.26659959]
 [ 0.25493096  0.20799533  0.94432417]]
[[-0.08442328  0.97708663 -0.19538279]
 [-0.9630512  -0.02968455  0.26767744]
 [ 0.25574419  0.21076184  0.94349052]]
[[-0.08411059  0.97750037 -0.19343848]
 [-0.96280974 -0.02970439  0.26854245]
 [ 0.25675437  0.20883171  0.94364533]]
[[-0.0857918   0.97633201 -0.19853358]
 [-0.96280568 -0.0299998   0.26852418]
 [ 0.25621278  0.21418643  0.94259174]]
[[-0.08643661  0.97638716 -0.19798187]
 [-0.96249077 -0.0305417   0.26958992]
 [ 0.25717743  0.21385817  0.94240355]]
[[-0.0878671   0.97534788 -0.20242502]
 [-0.96276552 -0.03099734  0.26855488]
 [ 0.2556598   0.21848497  0.94175495]]
[[-0.08862706  0.97543021 -0.2016957 ]
 [-0.96243019 -0.03168365  0.26967439]
 [ 0.25665809  0.21801848  0.94159151]]
[[-0.08898543  0.97450046 -0.20598653]
 [-0.96321247 -0.03154175  0.26688361]
 [ 0.25358103  0.22215755  0.94145775]]
[[-0.09075441  0.97420724 -0.20660081]
 [-0.96239334 -0.0324554   0.2697141 ]
 [ 0.25605212  0.22330899  0.94051603]]
[[-0.09143705  0.97343454 -0.20991539]
 [-0.96272165 -0.0325235   0.26853164]
 [ 0.25457079  0.22664383  0.94012036]]
[[-0.09102296  0.97441666 -0.20549208]
 [-0.96272291 -0.03332232  0.26842916]
 [ 0.25471438  0.22226515  0.94112634]]
[[-0.09214223  0.97417222 -0.20615113]
 [-0.9635241  -0.03498795  0.26532461]
 [ 0.25125906  0.22307919  0.94186228]]
[[-0.09456477  0.97277679 -0.21157225]
 [-0.96251645 -0.03507345  0.26894598]
 [ 0.25420383  0.22907459  0.93963038]]
[[-0.09504486  0.97229822 -0.21354776]
 [-0.9632375  -0.03567736  0.26627173]
 [ 0.25127671  0.23100497  0.93994506]]
[[-0.09651542  0.9715965  -0.21606715]
 [-0.96276347 -0.0360547   0.26793014]
 [ 0.25252975  0.23388094  0.93889745]]
[[-0.09546754  0.97229337 -0.21338122]
 [-0.96392007 -0.03678699  0.26363768]
 [ 0.24848351  0.23085128  0.94072506]]
[[-0.09832773  0.9708607  -0.21854325]
 [-0.96192142 -0.03644536  0.27088544]
 [ 0.25502714  0.23685698  0.9374753 ]]
[[-0.09882421  0.97088556 -0.21820863]
 [-0.96208185 -0.03719722  0.27021266]
 [ 0.25422881  0.23663812  0.93774736]]
[[-0.09880366  0.97045383 -0.22012996]
 [-0.96246411 -0.03700076  0.26887504]
 [ 0.25278584  0.23843302  0.93768279]]
[[-0.10026207  0.96922152 -0.2248492 ]
 [-0.96192614 -0.03667593  0.27083757]
 [ 0.25425505  0.24344305  0.93599672]]
[[-0.10071556  0.96951883 -0.22335982]
 [-0.96248345 -0.03809178  0.26865335]
 [ 0.25195631  0.24203771  0.93698227]]
[[-0.10250084  0.96837489 -0.22747232]
 [-0.96082079 -0.03718212  0.27466507]
 [ 0.25752086  0.24671353  0.93424592]]
[[-0.10198446  0.96823023 -0.22831861]
 [-0.96132363 -0.03689521  0.27293885]
 [ 0.25584378  0.24732359  0.93454534]]
[[-0.10246908  0.96790374 -0.22948296]
 [-0.96220462 -0.03792813  0.26967335]
 [ 0.25231399  0.24844275  0.93520792]]
[[-0.10385377  0.96761269 -0.23008712]
 [-0.96163762 -0.03863169  0.27158917]
 [ 0.25390447  0.24946599  0.93450481]]
[[-0.10468768  0.96773681 -0.22918542]
 [-0.96200145 -0.04010451  0.27008301]
 [ 0.2521779   0.24875107  0.93516267]]
[[-0.10639361  0.96729959 -0.23024314]
 [-0.9613896  -0.04097081  0.27212394]
 [ 0.25379213  0.25030561  0.93431079]]
[[-0.10448743  0.9675869  -0.2299086 ]
 [-0.96133168 -0.03903642  0.27261246]
 [ 0.25480143  0.24950299  0.93425076]]
[[-0.10588524  0.96596243 -0.23601884]
 [-0.9608194  -0.03824558  0.27452387]
 [ 0.25615307  0.2558395   0.93216509]]
[[-0.10664793  0.96767408 -0.22854561]
 [-0.96150292 -0.04182277  0.27159341]
 [ 0.2532555   0.24871214  0.93488177]]
[[-0.10697982  0.96621759 -0.23447579]
 [-0.96214646 -0.04115072  0.26940824]
 [ 0.25065814  0.2544213   0.93404513]]
[[-0.10746835  0.96538953 -0.23764176]
 [-0.96133629 -0.03994692  0.27246427]
 [ 0.2535411   0.25773493  0.93235702]]
[[-0.10800045  0.96645534 -0.23302354]
 [-0.96163586 -0.04210156  0.27107918]
 [ 0.25217527  0.25336047  0.93392511]]
[[-0.10930648  0.96537729 -0.2368518 ]
 [-0.96141878 -0.0421637   0.27183846]
 [ 0.25244013  0.25742747  0.93274063]]
[[-0.10941812  0.96511848 -0.23785287]
 [-0.96215749 -0.04275837  0.26911836]
 [ 0.24956091  0.25829835  0.93327451]]
[[-0.10910261  0.96580389 -0.23520091]
 [-0.96387602 -0.04495106  0.2625308 ]
 [ 0.24298073  0.25534731  0.93581949]]
[[-0.1099366   0.96341919 -0.24441237]
 [-0.96417866 -0.04364765  0.2616379 ]
 [ 0.24139895  0.26442077  0.9337067 ]]
[[-0.11142797  0.96435564 -0.24000419]
 [-0.96398747 -0.0462042   0.26190329]
 [ 0.24147871  0.26054438  0.93477519]]
[[-0.11119989  0.96357448 -0.24322582]
 [-0.96519777 -0.04642233  0.25736788]
 [ 0.23670201  0.2633803   0.9352021 ]]
[[-0.11239504  0.96271652 -0.24605745]
 [-0.96434026 -0.04596772  0.26064309]
 [ 0.23961471  0.26657809  0.93355284]]
[[-0.11183739  0.9634939  -0.24325276]
 [-0.96566276 -0.0476086   0.25539939]
 [ 0.23449483  0.26346333  0.9357346 ]]
[[-0.11371043  0.96089031 -0.25250692]
 [-0.96610244 -0.04765284  0.25372285]
 [ 0.23176716  0.27279849  0.9337371 ]]
[[-0.11376696  0.96144866 -0.25034685]
 [-0.96641305 -0.04864685  0.25234759]
 [ 0.23044066  0.27064728  0.93469094]]
[[-0.11335284  0.96260093 -0.24607029]
 [-0.96655531 -0.04949229  0.25163732]
 [ 0.23004773  0.26636435  0.93601713]]
[[-0.1140621   0.96218635 -0.2473606 ]
 [-0.967188   -0.05065157  0.24896144]
 [ 0.2270181   0.26764127  0.93639251]]
[[-0.11575834  0.96107889 -0.25085329]
 [-0.96695961 -0.0512874   0.24971727]
 [ 0.22713238  0.27147186  0.93526141]]
[[-0.11580134  0.96062149 -0.25257951]
 [-0.96802508 -0.05217871  0.24536674]
 [ 0.22252528  0.2729171   0.93594805]]
[[-0.11596683  0.96018131 -0.25417226]
 [-0.96803588 -0.05196293  0.2453699 ]
 [ 0.22239206  0.27450264  0.93551594]]
[[-0.11677023  0.95893834 -0.25846079]
 [-0.96815253 -0.05187746  0.24492734]
 [ 0.22146193  0.27882969  0.93445632]]
[[-0.11680856  0.95832939 -0.26069242]
 [-0.96876342 -0.05212823  0.24244604]
 [ 0.21875373  0.28086905  0.93448348]]
[[-0.11697351  0.95914822 -0.25758862]
 [-0.96929175 -0.05376589  0.23996402]
 [ 0.21631158  0.27774796  0.93598364]]
[[-0.11670583  0.95945186 -0.25657722]
 [-0.96942491 -0.05389966  0.23939544]
 [ 0.21585898  0.27667119  0.93640694]]
[[-0.11754244  0.95822075 -0.26076189]
 [-0.96887014 -0.05304181  0.24182062]
 [ 0.21788625  0.2810686   0.93462614]]
[[-0.11770297  0.95831899 -0.26032809]
 [-0.96917445 -0.0537184   0.24044794]
 [ 0.21644142  0.28060477  0.9351011 ]]
[[-0.11777653  0.95785818 -0.26198548]
 [-0.96995706 -0.05441088  0.2371134 ]
 [ 0.21286615  0.28204106  0.93548963]]
[[-0.11758698  0.95851145 -0.25967112]
 [-0.96931518 -0.05393972  0.23983032]
 [ 0.21587352  0.27990409  0.93544231]]
[[-0.11704517  0.95698839 -0.26546873]
 [-0.97137787 -0.05468124  0.2311601 ]
 [ 0.20670138  0.28492663  0.93599752]]
[[-0.11838421  0.95812827 -0.26072092]
 [-0.9708305  -0.05655021  0.23300259]
 [ 0.20850254  0.28069965  0.9368748 ]]
[[-0.11815743  0.95871913 -0.25864348]
 [-0.9704903  -0.05635479  0.23446261]
 [ 0.21020799  0.27871449  0.93708635]]
[[-0.11716731  0.95843884 -0.26012845]
 [-0.97128941 -0.05598315  0.23122016]
 [ 0.20704758  0.27975145  0.93748089]]
[[-0.11811162  0.95691355 -0.2652661 ]
 [-0.97186877 -0.05658014  0.22862587]
 [ 0.20376639  0.28480721  0.93667716]]
[[-0.11803352  0.95803334 -0.26122826]
 [-0.97135997 -0.05676096  0.23073362]
 [ 0.20622293  0.28098098  0.93729493]]
[[-0.11783825  0.95778049 -0.26224163]
 [-0.971023   -0.05584432  0.23236986]
 [ 0.20791461  0.28202471  0.93660748]]
[[-0.11728757  0.95751157 -0.26346766]
 [-0.9727227  -0.05729989  0.22478271]
 [ 0.20013537  0.2826452   0.93811381]]
[[-0.11763074  0.95752332 -0.26327193]
 [-0.97207662 -0.05681738  0.22768144]
 [ 0.20305187  0.28270282  0.9374695 ]]
[[-0.11791458  0.95675969 -0.26590799]
 [-0.97190851 -0.05626601  0.22853444]
 [ 0.20369096  0.28538578  0.93651746]]
[[-0.11725026  0.95718619 -0.26466387]
 [-0.97246116 -0.05660818  0.22608586]
 [ 0.20142412  0.28388396  0.93746372]]
[[-0.11755868  0.95733307 -0.26399497]
 [-0.97242024 -0.05704766  0.22615138]
 [ 0.2014419   0.28330011  0.9376365 ]]
[[-0.11745255  0.95762072 -0.26299705]
 [-0.97263105 -0.05746273  0.22513747]
 [ 0.20048378  0.28224207  0.93816079]]
[[-0.11808635  0.95682874 -0.26558309]
 [-0.97231923 -0.05711011  0.22656954]
 [ 0.20162076  0.28498632  0.9370869 ]]
[[-0.11806778  0.95707481 -0.26470324]
 [-0.97272742 -0.05787586  0.22461467]
 [ 0.19965312  0.28400386  0.93780618]]
[[-0.11729178  0.95723225 -0.26447884]
 [-0.97240903 -0.05662414  0.22630596]
 [ 0.20165148  0.28372544  0.93746283]]
[[-0.11740614  0.95798832 -0.26167571]
 [-0.9722093  -0.05713417  0.22703473]
 [ 0.20254599  0.28105883  0.93807306]]
[[-0.11780567  0.95703059 -0.26497974]
 [-0.97232051 -0.05694599  0.22660533]
 [ 0.2017787   0.28434063  0.93724904]]
[[-0.1174131   0.95694486 -0.26546318]
 [-0.97259104 -0.05678235  0.22548269]
 [ 0.20070088  0.28466173  0.93738298]]
[[-0.11776659  0.95803531 -0.26134151]
 [-0.97258647 -0.05813479  0.22515752]
 [ 0.20051582  0.28069324  0.93861851]]
[[-0.11669819  0.95944814 -0.25659462]
 [-0.97251675 -0.05798054  0.2254982 ]
 [ 0.20147633  0.2758578   0.93984561]]
[[-0.11821282  0.95716315 -0.26431882]
 [-0.9712948  -0.05612269  0.23116372]
 [ 0.20642711  0.28405801  0.93632201]]
[[-0.11788714  0.95747128 -0.26334647]
 [-0.97203474 -0.05702286  0.22780881]
 [ 0.20310363  0.28283765  0.93741761]]
[[-0.11772993  0.95881519 -0.2584823 ]
 [-0.97149461 -0.05727155  0.23003957]
 [ 0.20576175  0.2781967   0.93822636]]
[[-0.11782499  0.95901452 -0.25769831]
 [-0.97174713 -0.05790514  0.22881106]
 [ 0.20451108  0.27737725  0.93874229]]
[[-0.11883043  0.9583541  -0.25968586]
 [-0.97143276 -0.05810392  0.23009201]
 [ 0.20542085  0.27960928  0.93788108]]
[[-0.11832043  0.95719806 -0.2641442 ]
 [-0.971776   -0.0569483   0.22892858]
 [ 0.20408743  0.28377592  0.93692025]]
[[-0.11725409  0.96045282 -0.2525507 ]
 [-0.97097772 -0.05749346  0.23215678]
 [ 0.20845562  0.27244244  0.93931963]]
[[-0.11570062  0.95943083 -0.25711059]
 [-0.97184309 -0.05585259  0.22891374]
 [ 0.20526661  0.27635661  0.9388784 ]]
[[-0.11637446  0.96126514 -0.2498526 ]
 [-0.9713927  -0.05772627  0.23035603]
 [ 0.20701016  0.26951255  0.9404838 ]]
[[-0.11587263  0.96130087 -0.24994834]
 [-0.97139624 -0.0571618   0.23048182]
 [ 0.20727488  0.26950542  0.94042754]]
[[-0.11372265  0.96285305 -0.24491054]
 [-0.97146456 -0.05612288  0.2304492 ]
 [ 0.20814363  0.2641292   0.94176005]]
[[-0.11275881  0.96264946 -0.24615335]
 [-0.97275222 -0.05644147  0.22487213]
 [ 0.20257978  0.26480254  0.94278367]]
[[-0.1116792   0.96471083 -0.23845495]
 [-0.97309167 -0.0574968   0.22312937]
 [ 0.20154493  0.25695744  0.94517327]]
[[-0.11144943  0.96421827 -0.24054552]
 [-0.97312564 -0.05680735  0.22315782]
 [ 0.2015081   0.25895183  0.94463667]]
[[-0.10862676  0.96706008 -0.23020647]
 [-0.97386916 -0.05706294  0.21982422]
 [ 0.19944698  0.24806978  0.94798855]]
[[-0.10793238  0.96688766 -0.23125496]
 [-0.97460482 -0.05699911  0.21655612]
 [ 0.19620412  0.24875562  0.94848542]]
[[-0.10653594  0.96696095 -0.23159582]
 [-0.9753666  -0.05638377  0.21326245]
 [ 0.19315821  0.24861094  0.94914831]]
[[-0.10629307  0.96873244 -0.22418575]
 [-0.97503257 -0.05733698  0.21453195]
 [ 0.19496993  0.24139167  0.9506402 ]]
[[-0.10478719  0.96942628 -0.22188358]
 [-0.9760264  -0.05745086  0.20993302]
 [ 0.19076719  0.23856252  0.95220576]]
[[-0.10213463  0.9696317  -0.22222259]
 [-0.97749323 -0.0563708   0.20329615]
 [ 0.18459553  0.23798466  0.95356583]]
[[-0.10203821  0.96942365 -0.22317257]
 [-0.9775172  -0.05609816  0.2032563 ]
 [ 0.18452189  0.23889493  0.95335244]]
[[-0.10022029  0.97154598 -0.21460265]
 [-0.97737945 -0.05575856  0.20401075]
 [ 0.18623989  0.23019423  0.95515722]]
[[-0.09887002  0.97232839 -0.21166533]
 [-0.97870625 -0.05656448  0.19731838]
 [ 0.17988552  0.22666706  0.9572164 ]]
[[-0.09798288  0.97325494 -0.20778398]
 [-0.97922897 -0.05704538  0.19456735]
 [ 0.17751051  0.22253236  0.9586289 ]]
[[-0.09695402  0.97356664 -0.20680405]
 [-0.979919   -0.05699852  0.1910757 ]
 [ 0.1742374   0.22117678  0.95954268]]
[[-0.09682693  0.97408356 -0.20441567]
 [-0.9798457  -0.05723781  0.19137985]
 [ 0.17471966  0.21882654  0.95999374]]
[[-0.09405967  0.97496231 -0.20149758]
 [-0.98071299 -0.05590748  0.1872869 ]
 [ 0.17133244  0.21522744  0.96141684]]
[[-0.09313556  0.97602089 -0.19674598]
 [-0.98163328 -0.05696886  0.18207319]
 [ 0.16649885  0.21008989  0.96340042]]
[[-0.09200662  0.97628623 -0.19595914]
 [-0.98169884 -0.05598058  0.18202629]
 [ 0.16673985  0.20912048  0.96356964]]
[[-0.09089361  0.97688633 -0.19347208]
 [-0.98238246 -0.05610018  0.17826235]
 [ 0.16328824  0.20626649  0.96477515]]
[[-0.08741616  0.97837364 -0.18746583]
 [-0.98421827 -0.05575857  0.16794455]
 [ 0.15385969  0.19918836  0.96780741]]
[[-0.08745487  0.97754349 -0.19172996]
 [-0.98510563 -0.05626246  0.16248519]
 [ 0.14804914  0.20308439  0.96790401]]
[[-0.08695576  0.97848895 -0.1870777 ]
 [-0.98457291 -0.05578889  0.16584267]
 [ 0.15183837  0.19861261  0.96824488]]
[[-0.08806745  0.97728067 -0.19278644]
 [-0.98483313 -0.05637851  0.1640889 ]
 [ 0.1494919   0.20431337  0.9674235 ]]
[[-0.08699841  0.97856531 -0.18665802]
 [-0.98477125 -0.05616611  0.16453256]
 [ 0.150522    0.19812952  0.96854934]]
[[-0.08673602  0.97770029 -0.19125641]
 [-0.98574334 -0.05644275  0.15850639]
 [ 0.14417671  0.20227794  0.96865717]]
[[-0.08706158  0.97785609 -0.1903096 ]
 [-0.98567311 -0.05685273  0.15879635]
 [ 0.14446036  0.20140811  0.96879615]]
[[-0.08725881  0.97782628 -0.19037242]
 [-0.98542615 -0.05671451  0.16037075]
 [ 0.14601785  0.20159172  0.96852443]]
[[-0.08668873  0.97748703 -0.19236465]
 [-0.98580717 -0.05630164  0.15815925]
 [ 0.14376817  0.20334508  0.96849445]]
[[-0.0866739   0.97839124 -0.18771846]
 [-0.98542998 -0.0565193   0.16041612]
 [ 0.14634001  0.19888729  0.9690348 ]]
[[-0.08617953  0.97801994 -0.1898686 ]
 [-0.9861114  -0.05657796  0.15615137]
 [ 0.14197677  0.20068864  0.96931247]]
[[-0.08703004  0.9791805  -0.18338844]
 [-0.98484545 -0.05684578  0.16385361]
 [ 0.1500174   0.19486946  0.96928875]]
[[-0.08773653  0.97835206 -0.18742881]
 [-0.98536158 -0.05762835  0.16044167]
 [ 0.14616722  0.19876174  0.96908664]]
[[-0.08790787  0.97761071 -0.19117928]
 [-0.98548045 -0.05736445  0.15980488]
 [ 0.14526007  0.20245155  0.96845903]]
[[-0.08738161  0.97903479 -0.18399818]
 [-0.98539895 -0.057855    0.1601303 ]
 [ 0.14612792  0.19530406  0.96979532]]
[[-0.08798475  0.97768188 -0.19077953]
 [-0.98537065 -0.05736116  0.16048169]
 [ 0.1459567   0.20210849  0.96842594]]
[[-0.08792947  0.97867485 -0.18564466]
 [-0.98550432 -0.05832363  0.15930975]
 [ 0.14508498  0.19696164  0.96961666]]
[[-0.08659343  0.97803442 -0.18960553]
 [-0.98637724 -0.05744971  0.15414105]
 [ 0.13986247  0.20037018  0.96968566]]
[[-0.0873128   0.97827671 -0.18801902]
 [-0.98582773 -0.05771205  0.15752145]
 [ 0.1432486   0.19910801  0.96945131]]
[[-0.08997691  0.9777012  -0.18974855]
 [-0.98432561 -0.05828216  0.16645205]
 [ 0.15168141  0.20175119  0.96762038]]
[[-0.0878942   0.97774717 -0.19048645]
 [-0.98596156 -0.05813837  0.1565239 ]
 [ 0.14196623  0.20156986  0.96913115]]
[[-0.08829147  0.97830871 -0.18739445]
 [-0.98527336 -0.05811762  0.16080657]
 [ 0.14642755  0.1988326   0.9690328 ]]
[[-0.08655856  0.97980283 -0.18026102]
 [-0.98608313 -0.0584815   0.15562766]
 [ 0.14194249  0.19122325  0.97122912]]
[[-0.08815449  0.97755775 -0.19133643]
 [-0.98587916 -0.05816946  0.15703055]
 [ 0.1423765   0.20247754  0.96888171]]
[[-0.08859115  0.97710955 -0.19341287]
 [-0.98596558 -0.05843828  0.15638681]
 [ 0.14150433  0.20455292  0.9685735 ]]
[[-0.08547411  0.97894005 -0.18539295]
 [-0.98730569 -0.05821831  0.14777719]
 [ 0.13387174  0.19567064  0.97148925]]
[[-0.08640317  0.97875135 -0.18595776]
 [-0.98686945 -0.05851661  0.15054729]
 [ 0.13646674  0.1965238   0.97095583]]
[[-0.08626745  0.9798767  -0.17999882]
 [-0.98673036 -0.05908994  0.15123354]
 [ 0.1375541   0.19065684  0.97197163]]
[[-0.08649431  0.97888957 -0.18518624]
 [-0.98608095 -0.05762513  0.15596057]
 [ 0.14199679  0.19609833  0.97024861]]
[[-0.08545699  0.97975774 -0.18103001]
 [-0.98642859 -0.05763152  0.15374409]
 [ 0.14019893  0.19171168  0.97138607]]
[[-0.08485456  0.98019634 -0.17892691]
 [-0.98711829 -0.05825318  0.14901022]
 [ 0.13563621  0.18926622  0.97251278]]
[[-0.08757456  0.97952396 -0.18128294]
 [-0.98569307 -0.05889866  0.15792439]
 [ 0.1440134   0.19251949  0.97066801]]
[[-0.08555947  0.97984715 -0.18049692]
 [-0.98646939 -0.05788228  0.1533877 ]
 [ 0.13984893  0.19117845  0.9715416 ]]
[[-0.0842152   0.98192914 -0.1694785 ]
 [-0.9864673  -0.05814492  0.15330176]
 [ 0.14067715  0.18009534  0.97353768]]
[[-0.08399979  0.98079404 -0.1760315 ]
 [-0.98697924 -0.05757349  0.15019081]
 [ 0.1371715   0.18635543  0.97285951]]
[[-0.08460042  0.98026917 -0.17864803]
 [-0.98671115 -0.05745789  0.15198586]
 [ 0.13872232  0.18913207  0.97210348]]
[[-0.08427543  0.98076754 -0.17604737]
 [-0.98611352 -0.05671716  0.15608746]
 [ 0.14310061  0.18675703  0.97192799]]
[[-0.08202127  0.98256173 -0.16686811]
 [-0.98750211 -0.05751336  0.14673715]
 [ 0.13458116  0.17681818  0.9749991 ]]
[[-0.08179944  0.98296052 -0.1646131 ]
 [-0.98685399 -0.05678403  0.15131021]
 [ 0.13938456  0.17482619  0.97468341]]
[[-0.08216124  0.98124554 -0.17437521]
 [-0.98717747 -0.05610062  0.14944349]
 [ 0.1368582   0.18441774  0.97327279]]
[[-0.08278786  0.98134295 -0.17352861]
 [-0.98739265 -0.05719954  0.1475939 ]
 [ 0.13491448  0.18355986  0.97370625]]
[[-0.08058931  0.98319157 -0.16382827]
 [-0.98768605 -0.05665837  0.14582899]
 [ 0.13409559  0.17356315  0.97565066]]
[[-0.0794843   0.9835828  -0.16200964]
 [-0.98779576 -0.05587759  0.14538651]
 [ 0.13394696  0.17158838  0.97602031]]
[[-0.08032715  0.98253243 -0.16786178]
 [-0.98818297 -0.05644207  0.14250865]
 [ 0.13054491  0.17732547  0.97545564]]
[[-0.07959966  0.982807   -0.16659623]
 [-0.98845814 -0.05621059  0.14068006]
 [ 0.12889688  0.17587148  0.97593792]]
[[-0.07817846  0.98468964 -0.15580256]
 [-0.98875311 -0.05659731  0.13843423]
 [ 0.12749674  0.16487284  0.97803963]]
[[-0.07785727  0.98415031 -0.15933115]
 [-0.9895908  -0.05688664  0.13218909]
 [ 0.12103012  0.16796453  0.97833513]]
[[-0.07953271  0.9830411  -0.1652415 ]
 [-0.98857179 -0.05648624  0.13976811]
 [ 0.12806393  0.17446922  0.9762992 ]]
[[-0.07804175  0.98354656 -0.16292838]
 [-0.98901188 -0.05579703  0.13690213]
 [ 0.1255587   0.17182218  0.97709373]]
[[-0.07656292  0.98497663 -0.15478746]
 [-0.98939054 -0.05582848  0.13412512]
 [ 0.12346856  0.16341426  0.97880095]]
[[-0.07654164  0.98499526 -0.15467942]
 [-0.98947866 -0.05593708  0.133428  ]
 [ 0.12277364  0.16326479  0.9789133 ]]
[[-0.07774115  0.98415623 -0.15935129]
 [-0.98926786 -0.05631453  0.13482495]
 [ 0.12371503  0.16812255  0.97797209]]
[[-0.07687355  0.98445036 -0.15794917]
 [-0.98954182 -0.05593881  0.13295803]
 [ 0.12205509  0.16651827  0.97845502]]
[[-0.07567854  0.98531485 -0.15306012]
 [-0.98999753 -0.05591673  0.12953071]
 [ 0.11906991  0.16133184  0.97969097]]
[[-0.07533433  0.98461979 -0.15763443]
 [-0.99032577 -0.05540312  0.12722169]
 [ 0.11653155  0.1656936   0.97926811]]
[[-0.07594815  0.98458555 -0.1575537 ]
 [-0.98991648 -0.05550473  0.13032491]
 [ 0.11957104  0.16586294  0.97887295]]
[[-0.07483008  0.98593868 -0.14941681]
 [-0.99013648 -0.05566355  0.1285742 ]
 [ 0.11844921  0.15756425  0.98037916]]
[[-0.07355968  0.98655579 -0.14593371]
 [-0.99069389 -0.05548343  0.12428678]
 [ 0.11451894  0.15371813  0.98145614]]
[[-0.07449412  0.98577221 -0.15067773]
 [-0.99101608 -0.05635062  0.12129194]
 [ 0.11107544  0.15835959  0.9811139 ]]
[[-0.07494566  0.98648291 -0.14572101]
 [-0.99053193 -0.05679075  0.12498519]
 [ 0.11502015  0.15370841  0.98139905]]
[[-0.07311263  0.98655787 -0.14614413]
 [-0.99046883 -0.05467512  0.12642042]
 [ 0.11673062  0.15399414  0.98115227]]
[[-0.07172577  0.98687197 -0.14470358]
 [-0.99083338 -0.05384733  0.12389379]
 [ 0.11447541  0.15226352  0.98168793]]
[[-0.07171235  0.98650335 -0.14720219]
 [-0.99109599 -0.05387736  0.12176191]
 [ 0.11218767  0.15462333  0.98158319]]
[[-0.07236923  0.98684577 -0.14456183]
 [-0.99091326 -0.0546651   0.12289283]
 [ 0.11337378  0.15214189  0.98183462]]
[[-0.07281414  0.98707196 -0.14278325]
 [-0.9916464  -0.05636936  0.11601686]
 [ 0.10646839  0.15003816  0.98293084]]
[[-0.07111334  0.98875557 -0.1315497 ]
 [-0.99217278 -0.05654634  0.11133596]
 [ 0.10264539  0.13843751  0.98503755]]
[[-0.07066316  0.98806989 -0.13683792]
 [-0.99269701 -0.05621201  0.10673732]
 [ 0.097772    0.14338099  0.98482614]]
[[-0.07069542  0.98887196 -0.13089843]
 [-0.99238401 -0.05645382  0.10948491]
 [ 0.10087684  0.13764159  0.98533175]]
[[-0.07075758  0.98893607 -0.1303795 ]
 [-0.99209529 -0.05619099  0.11220295]
 [ 0.10363539  0.1372881   0.98509476]]
[[-0.0700607   0.98768735 -0.13987568]
 [-0.99292142 -0.05556564  0.10497386]
 [ 0.09590907  0.1462401   0.98458889]]
[[-0.0693764   0.98853266 -0.13412714]
 [-0.99326434 -0.0559404   0.10147231]
 [ 0.09280556  0.14026349  0.98575518]]
[[-0.07012836  0.98733746 -0.1422911 ]
 [-0.99263445 -0.05494408  0.10797216]
 [ 0.0987869   0.14881496  0.98391832]]
[[-0.07014672  0.98791815 -0.13819249]
 [-0.99352686 -0.05678223  0.09838779]
 [ 0.08935221  0.14419953  0.98550631]]
[[-0.06972313  0.98685969 -0.14576227]
 [-0.99358743 -0.05566208  0.09841619]
 [ 0.08900954  0.15168945  0.98441232]]
[[-0.07016729  0.98717329 -0.1434066 ]
 [-0.99363863 -0.05647283  0.09743249]
 [ 0.08808418  0.14933091  0.98485606]]
[[-0.07050169  0.98691653 -0.14500092]
 [-0.99378275 -0.05693488  0.09567797]
 [ 0.08617056  0.15084487  0.98479463]]
[[-0.0700339   0.98693237 -0.14511976]
 [-0.9939678  -0.05673202  0.09385884]
 [ 0.08439939  0.15081767  0.98495217]]
[[-0.07014832  0.98651852 -0.14785273]
 [-0.99361665 -0.05597399  0.09794317]
 [ 0.08834684  0.15377949  0.9841477 ]]
[[-0.07061712  0.98717583 -0.14316807]
 [-0.9938684  -0.05738934  0.09450959]
 [ 0.08508126  0.14896422  0.98517554]]
[[-0.07097149  0.9863945  -0.14828665]
 [-0.99355858 -0.05674074  0.09809098]
 [ 0.08834251  0.15429314  0.98406769]]
[[-0.0711869   0.98609877 -0.15013875]
 [-0.99328026 -0.05631065  0.101111  ]
 [ 0.09125102  0.15632764  0.98348102]]
[[-0.07003294  0.98693764 -0.1450844 ]
 [-0.99390534 -0.05662319  0.09458325]
 [ 0.08513263  0.1508241   0.98488808]]
[[-0.07022196  0.98590045 -0.15188539]
 [-0.99370882 -0.05582036  0.09709203]
 [ 0.08724478  0.15774784  0.9836178 ]]
[[-0.07092435  0.98583794 -0.15196478]
 [-0.99366639 -0.05651613  0.0971238 ]
 [ 0.08715987  0.15789074  0.9836024 ]]
[[-0.07147922  0.98603202 -0.15043793]
 [-0.99335378 -0.05673027  0.10014957]
 [ 0.0902163   0.1565967   0.98353368]]
[[-0.07041093  0.98684115 -0.14555701]
 [-0.9935349  -0.05635205  0.09855381]
 [ 0.08905452  0.15155524  0.98442892]]
[[-0.06962307  0.9870426  -0.14456669]
 [-0.99384247 -0.05610868  0.09554558]
 [ 0.08619612  0.15032869  0.98487132]]
[[-0.07134535  0.98573042 -0.15246436]
 [-0.99360677 -0.05682701  0.09755136]
 [ 0.08749525  0.15844945  0.98348277]]
[[-0.0704181   0.98666138 -0.14676722]
 [-0.99362666 -0.05639735  0.09759819]
 [ 0.08801908  0.1527045   0.98434444]]
[[-0.07039     0.98589596 -0.15183677]
 [-0.99381555 -0.05620631  0.09576796]
 [ 0.08588306  0.15763885  0.9837551 ]]
[[-0.07029097  0.98639962 -0.14857648]
 [-0.99382867 -0.05643625  0.0954962 ]
 [ 0.08581231  0.15437209  0.98427918]]
[[-0.07110391  0.98618868 -0.14958648]
 [-0.9936566  -0.05693215  0.09698087]
 [ 0.08712516  0.15553331  0.98398099]]
[[-0.07099803  0.98586478 -0.1517561 ]
 [-0.99374415 -0.05676009  0.09618134]
 [ 0.0862081   0.15763543  0.98372722]]
[[-0.07070887  0.98705924 -0.14392467]
 [-0.99380349 -0.05730481  0.09524068]
 [ 0.08576062  0.1497672   0.98499487]]
[[-0.0710265   0.98662411 -0.14672458]
 [-0.99343319 -0.05674162  0.09935237]
 [ 0.08969806  0.15281772  0.98417529]]
[[-0.0712931   0.98729701 -0.1419926 ]
 [-0.99348867 -0.05760331  0.09829604]
 [ 0.08886814  0.14807587  0.98497512]]
[[-0.0706647   0.98771613 -0.13936765]
 [-0.99365081 -0.05743905  0.096741  ]
 [ 0.0875475   0.14531896  0.98550385]]
[[-0.06869226  0.98876921 -0.13272838]
 [-0.99369513 -0.05599601  0.09713101]
 [ 0.08860789  0.13856369  0.98638164]]
[[-0.06933109  0.98842723 -0.13492519]
 [-0.99422209 -0.05735149  0.09073718]
 [ 0.08194894  0.14043651  0.98669243]]
[[-0.07014786  0.9880328  -0.13736983]
 [-0.9932129  -0.05637072  0.10173729]
 [ 0.09277615  0.14357414  0.98528121]]
[[-0.07073696  0.98847606 -0.13383333]
 [-0.99310419 -0.05721385  0.10232618]
 [ 0.09348986  0.14014868  0.98570685]]
[[-0.06994286  0.98840939 -0.13474001]
 [-0.9927622  -0.05575016  0.10637259]
 [ 0.09762789  0.1412048   0.98515481]]
[[-0.06853242  0.9895165  -0.12712357]
 [-0.99354267 -0.0561449   0.09859365]
 [ 0.0904227   0.13305955  0.98697462]]
[[-0.06665964  0.99094782 -0.11652859]
 [-0.99351786 -0.05514309  0.09940577]
 [ 0.09208019  0.12239958  0.98820017]]
[[-0.0673604   0.99109649 -0.11484913]
 [-0.99358654 -0.05615664  0.09814388]
 [ 0.09082051  0.12072356  0.98852287]]
[[-0.0659557   0.99085907 -0.11767819]
 [-0.9936529  -0.05445145  0.09843248]
 [ 0.09112497  0.12342346  0.98816137]]
[[-0.06509045  0.99146267 -0.11298235]
 [-0.99403986 -0.0545004   0.09441645]
 [ 0.0874528   0.11845457  0.98910087]]
[[-0.06356619  0.99162284 -0.11244325]
 [-0.99462649 -0.05372366  0.08849811]
 [ 0.08171588  0.11746452  0.98970935]]
[[-0.06360125  0.99210759 -0.10806209]
 [-0.99428667 -0.05369227  0.0922559 ]
 [ 0.08572568  0.11331229  0.98985425]]
[[-0.06198948  0.99240807 -0.10622392]
 [-0.99468763 -0.05266476  0.08844744]
 [ 0.0821817   0.11114243  0.99040069]]
[[-0.06089036  0.99314788 -0.09974793]
 [-0.99526992 -0.05283227  0.08152632]
 [ 0.07569779  0.10424028  0.99166719]]
[[-0.06037749  0.99312154 -0.10032033]
 [-0.99523662 -0.05218813  0.08234355]
 [ 0.07654162  0.10481416  0.99154192]]
[[-0.0595745   0.99338865 -0.09813187]
 [-0.9954929  -0.05185693  0.07940244]
 [ 0.07378866  0.10241994  0.9920007 ]]
[[-0.05869283  0.99364374 -0.09605868]
 [-0.99558088 -0.05119667  0.0787249 ]
 [ 0.07330662  0.10025477  0.99225759]]
[[-0.05653624  0.9947881  -0.08485457]
 [-0.99665098 -0.05120367  0.06375739]
 [ 0.05908022  0.088175    0.9943514 ]]
[[-0.05606569  0.99516059 -0.08069716]
 [-0.99630879 -0.05050158  0.06941457]
 [ 0.06500331  0.08429107  0.99431865]]
[[-0.05665965  0.99502015 -0.08200358]
 [-0.99649383 -0.0512963   0.0660964 ]
 [ 0.06156077  0.08546106  0.99443787]]
[[-0.05343506  0.99581415 -0.07415434]
 [-0.9968051  -0.04877843  0.0632476 ]
 [ 0.05936572  0.07729706  0.9952391 ]]
[[-0.05284109  0.99632931 -0.06734785]
 [-0.9972696  -0.04916642  0.05510004]
 [ 0.05158653  0.07007551  0.99620693]]
[[-0.05264251  0.99610827 -0.07069006]
 [-0.99729241 -0.0488011   0.05501189]
 [ 0.05134805  0.07339462  0.99598022]]
[[-0.05176791  0.99644152 -0.06651599]
 [-0.99752534 -0.04842138  0.05097615]
 [ 0.04757395  0.06899031  0.99648234]]
[[-0.05116861  0.99674302 -0.06233073]
 [-0.99754    -0.04801571  0.05107287]
 [ 0.04791368  0.06479072  0.99674793]]
[[-0.04943356  0.99717856 -0.05649117]
 [-0.9981332  -0.04729147  0.03864744]
 [ 0.03586684  0.05829619  0.99765481]]
[[-0.04849657  0.99760902 -0.04923744]
 [-0.99832443 -0.04685553  0.03395415]
 [ 0.03156592  0.0508016   0.99820979]]
[[-0.04758692  0.99715878 -0.05839395]
 [-0.99844096 -0.04577781  0.03193806]
 [ 0.02917417  0.05982274  0.9977826 ]]
[[-0.04743173  0.99786411 -0.04491602]
 [-0.99839461 -0.04596732  0.03309396]
 [ 0.03095861  0.04641361  0.99844246]]
[[-0.04576774  0.99780416 -0.04787664]
 [-0.99868074 -0.04458567  0.0254736 ]
 [ 0.02328306  0.04897935  0.99852838]]
[[-0.04613515  0.99824379 -0.03716033]
 [-0.99866428 -0.04522439  0.02498813]
 [ 0.02326369  0.03826352  0.99899685]]
[[-0.04605513  0.99801651 -0.0429183 ]
 [-0.99857915 -0.04484309  0.02878836]
 [ 0.02680667  0.04418317  0.99866373]]
[[-0.04394396  0.99854918 -0.0311201 ]
 [-0.99889342 -0.0433939   0.01813594]
 [ 0.01675921  0.03188263  0.9993511 ]]
[[-0.04299817  0.99871343 -0.02688182]
 [-0.99904075 -0.04275783  0.00945255]
 [ 0.00829098  0.02726248  0.99959393]]
[[-0.04305312  0.99869868 -0.02733809]
 [-0.99890991 -0.0425359   0.01922746]
 [ 0.01803959  0.02813609  0.99944131]]
[[-0.04252939  0.99890674 -0.01940534]
 [-0.99907708 -0.04240357  0.00685029]
 [ 0.00601995  0.01967877  0.99978823]]
[[-0.04174098  0.99893652 -0.0195836 ]
 [-0.99911582 -0.0416338   0.005849  ]
 [ 0.00502744  0.01981043  0.99979111]]
[[-0.04043414  0.99902583 -0.01767661]
 [-0.99914916 -0.04028259  0.00884734]
 [ 0.00812666  0.0180193   0.99980461]]
[[-0.04098181  0.99910789 -0.01019395]
 [-0.99915121 -0.04102186 -0.00375089]
 [-0.00416572  0.01003158  0.99994101]]
[[-4.13824859e-02  9.98966691e-01 -1.87893448e-02]
 [-9.99143122e-01 -4.13616849e-02  1.49449523e-03]
 [ 7.15791995e-04  1.88350905e-02  9.99822348e-01]]
[[-0.04108341  0.99908107 -0.0122131 ]
 [-0.99914652 -0.04113242 -0.00378941]
 [-0.00428828  0.012047    0.99991824]]
[[-0.04162318  0.99902166 -0.01494103]
 [-0.99911561 -0.04170698 -0.00534155]
 [-0.00595947  0.01470548  0.99987411]]
[[-0.04134325  0.99859047 -0.03328378]
 [-0.9991316  -0.04149228 -0.00379911]
 [-0.00517477  0.03309781  0.99943872]]
[[-0.04033593  0.99915483 -0.00791491]
 [-0.9991746  -0.04037233 -0.00449457]
 [-0.00481031  0.00772709  0.99995858]]
[[-0.0402416   0.99888797 -0.02456503]
 [-0.99916024 -0.04041791 -0.00672319]
 [-0.00770859  0.02427385  0.99967563]]
[[-0.0389779   0.99923491 -0.00321097]
 [-0.99898598 -0.03904025 -0.02242462]
 [-0.02253282  0.00233365  0.99974338]]
[[-0.03865552  0.99924859 -0.00282803]
 [-0.999151   -0.03869179 -0.01415027]
 [-0.01424906  0.00227864  0.99989588]]
[[-0.03772968  0.99928232  0.00336523]
 [-0.99925912 -0.03770278 -0.00772712]
 [-0.00759469 -0.00365428  0.99996448]]
[[-0.03984731  0.99904858 -0.01772386]
 [-0.99890145 -0.04026666 -0.02396853]
 [-0.0246594   0.01674931  0.99955559]]
[[-0.03930626  0.99908383 -0.01692692]
 [-0.99900367 -0.03965013 -0.02048278]
 [-0.02113517  0.01610495  0.99964691]]
[[-0.03753579  0.99913735 -0.01776553]
 [-0.99879851 -0.03807171 -0.03085586]
 [-0.03150561  0.01658598  0.99936595]]
[[-0.03657498  0.99929602 -0.00835051]
 [-0.9991393  -0.03673032 -0.01927559]
 [-0.01956873  0.00763832  0.99977934]]
[[-0.03734173  0.99918533 -0.01530613]
 [-0.99858844 -0.03788962 -0.03722245]
 [-0.03777207  0.01389457  0.99918978]]
[[-0.03505275  0.9993522   0.00815398]
 [-0.99889345 -0.03477834 -0.03165995]
 [-0.03135586 -0.00925473  0.99946544]]
[[-0.03794176  0.99906373 -0.02078657]
 [-0.99874358 -0.03859466 -0.03196426]
 [-0.03273658  0.01954768  0.99927284]]
[[-0.0347769   0.99934605  0.00990114]
 [-0.99877513 -0.03440471 -0.03556053]
 [-0.03519663 -0.0111257   0.99931848]]
[[-0.0358664   0.99933555 -0.00648551]
 [-0.99800681 -0.03615439 -0.0517229 ]
 [-0.05192301  0.00461747  0.99864042]]
[[-0.0345781   0.99930788 -0.01371527]
 [-0.99892118 -0.03498385 -0.03053863]
 [-0.0309973   0.01264451  0.99943948]]
[[-0.03403668  0.99934991 -0.01188505]
 [-0.99821813 -0.0345765  -0.0486315 ]
 [-0.04901083  0.01020862  0.99874607]]
[[-0.03599339  0.99905164 -0.02450094]
 [-0.99865829 -0.03687095 -0.03636137]
 [-0.03723026  0.02315929  0.99903831]]
[[-0.03403139  0.99938609 -0.00832494]
 [-0.99876875 -0.03430885 -0.03583133]
 [-0.03609495  0.0070953   0.99932318]]
[[-0.03401633  0.99916961 -0.02242733]
 [-0.99891106 -0.03470736 -0.03117853]
 [-0.03193103  0.02134233  0.99926218]]
[[-0.03452492  0.99929661 -0.01463962]
 [-0.99888167 -0.03497664 -0.03181261]
 [-0.03230228  0.01352493  0.99938663]]
[[-0.03390152  0.99912472 -0.0245047 ]
 [-0.99884802 -0.0347049  -0.03313901]
 [-0.03396044  0.02335301  0.9991503 ]]
[[-0.03306548  0.99932207 -0.01618845]
 [-0.99858598 -0.03370705 -0.04110805]
 [-0.04162585  0.0148063   0.99902355]]
[[-0.03406421  0.99919603 -0.02114063]
 [-0.99877272 -0.03479551 -0.03524661]
 [-0.03595387  0.01991404  0.99915502]]
[[-0.03206199  0.99919127 -0.02426595]
 [-0.99867438 -0.03300466 -0.03949903]
 [-0.04026798  0.02296736  0.99892492]]
[[-0.03171791  0.99912842 -0.02713607]
 [-0.9988469  -0.03266456 -0.03518382]
 [-0.03603954  0.02598882  0.99901238]]
[[-0.03092564  0.99948002 -0.0091267 ]
 [-0.99871802 -0.03126558 -0.03980936]
 [-0.04007401  0.00788387  0.99916561]]
[[-0.03142439  0.99922527 -0.02369336]
 [-0.99865082 -0.03236914 -0.0406051 ]
 [-0.04134057  0.0223854   0.99889431]]
[[-0.03216585  0.99925988 -0.02109607]
 [-0.9992608  -0.03259614 -0.02038027]
 [-0.02105283  0.02042493  0.99956971]]
[[-0.03129512  0.99917924 -0.02571886]
 [-0.99877499 -0.0322485  -0.03753073]
 [-0.03832932  0.02451282  0.99896446]]
[[-0.03104357  0.99911133 -0.02851041]
 [-0.99845538 -0.03231291 -0.04519659]
 [-0.04607768  0.02706331  0.99857119]]
[[-0.03111998  0.99905481 -0.0303486 ]
 [-0.99859119 -0.03238247 -0.04203576]
 [-0.04297879  0.02899769  0.99865507]]
[[-3.12750956e-02  9.99510812e-01  6.94097231e-05]
 [-9.99112349e-01 -3.12606667e-02 -2.82362374e-02]
 [-2.82202548e-02 -9.52439136e-04  9.99601276e-01]]
[[-0.03092676  0.99949075 -0.00785921]
 [-0.9993017  -0.03108395 -0.02073389]
 [-0.02096763  0.00721249  0.99975414]]
[[-0.02989982  0.99923675  0.0251379 ]
 [-0.99941875 -0.02947434 -0.01712955]
 [-0.01637555 -0.02563546  0.99953723]]
[[-0.03048533  0.99940394  0.01619896]
 [-0.99934097 -0.03015592 -0.02020495]
 [-0.01970441 -0.01680424  0.99966462]]
[[-0.0303863   0.99882179  0.03783785]
 [-0.99952765 -0.03019005 -0.00574719]
 [-0.00459809 -0.03799461  0.99926737]]
[[-0.02832147  0.99878874  0.04023623]
 [-0.99953199 -0.02876224  0.01041821]
 [ 0.01156288 -0.03992234  0.99913588]]
[[-0.02864738  0.99958428 -0.00325597]
 [-0.99943517 -0.02870005 -0.01748264]
 [-0.01756882  0.0027533   0.99984187]]
[[-0.02944455  0.99832492  0.04980343]
 [-0.99952152 -0.02987888  0.00799882]
 [ 0.00947349 -0.04954408  0.99872701]]
[[-0.02838407  0.99939571  0.02006405]
 [-0.99958969 -0.02830092 -0.00441619]
 [-0.00384569 -0.02018117  0.99978894]]
[[-0.02765548  0.99939138  0.02126128]
 [-0.99961553 -0.02760682 -0.0025788 ]
 [-0.00199027 -0.02132442  0.99977063]]
[[-0.02697484  0.99863675  0.04468784]
 [-0.99962615 -0.02714722  0.00325486]
 [ 0.00446357 -0.04458333  0.9989957 ]]
[[-0.02791921  0.99843196  0.04851942]
 [-0.99957896 -0.02826907  0.00653937]
 [ 0.00790071 -0.04831641  0.99880083]]
[[-0.02804035  0.99917111  0.02950983]
 [-0.99959813 -0.02815076  0.00333247]
 [ 0.00416043 -0.02940453  0.99955893]]
[[-0.02679422  0.99911772  0.03233975]
 [-0.9996011  -0.02706805  0.00805931]
 [ 0.00892758 -0.03211091  0.99944444]]
[[-0.02448213  0.99836791  0.05159602]
 [-0.99939951 -0.02570806  0.02323194]
 [ 0.02452045 -0.05099627  0.99839778]]
[[-0.03603838  0.99871629  0.03559516]
 [-0.9989967  -0.03505519 -0.02786986]
 [-0.02658629 -0.03656383  0.99897761]]
[[-0.0317115   0.99528092  0.09170748]
 [-0.9993368  -0.02992962 -0.02074079]
 [-0.01789815 -0.09230439  0.99556997]]
[[-0.03085185  0.99923991  0.02382788]
 [-0.99941307 -0.03048455 -0.01562729]
 [-0.01488903 -0.02429603  0.99959393]]
[[-0.02538842  0.99866765  0.04492613]
 [-0.99962935 -0.02580336  0.00868013]
 [ 0.00982781 -0.04468911  0.9989526 ]]
[[-0.02940961  0.99938105  0.01930266]
 [-0.99946242 -0.02912111 -0.01506088]
 [-0.01448945 -0.01973522  0.99970024]]
[[-0.03325136  0.99761354  0.06051094]
 [-0.99914184 -0.03168414 -0.0266778 ]
 [-0.0246969  -0.06134608  0.99781096]]
[[-0.02972504  0.99911168  0.02987103]
 [-0.99950847 -0.02941246 -0.01085004]
 [-0.00996182 -0.03017886  0.99949487]]
[[-0.02936855  0.99829348  0.05047389]
 [-0.99952017 -0.02883235 -0.01131892]
 [-0.00984432 -0.05078209  0.99866124]]
[[-2.66454646e-02  9.97884005e-01  5.93087806e-02]
 [-9.99644337e-01 -2.66640426e-02 -4.78279427e-04]
 [ 1.10414446e-03 -5.93004306e-02  9.98239570e-01]]
[[-0.02987008  0.99884887  0.03753279]
 [-0.99951277 -0.02950761 -0.01017444]
 [-0.00905523 -0.03781841  0.9992436 ]]
[[-0.03189075  0.99813173  0.05211557]
 [-0.99947625 -0.03156019 -0.00715377]
 [-0.00549562 -0.05231642  0.99861544]]
[[-0.02996257  0.99829577  0.05007786]
 [-0.99948716 -0.02935671 -0.01279061]
 [-0.01129869 -0.05043542  0.99866341]]
[[-0.02828189  0.99800566  0.05643438]
 [-0.99952692 -0.02755211 -0.01366809]
 [-0.01208594 -0.05679424  0.99831275]]
[[-0.02952571  0.99909545  0.0306024 ]
 [-0.99952094 -0.02922635 -0.01018369]
 [-0.00928009 -0.03088842  0.99947976]]
[[-0.0297269   0.99921135  0.02632466]
 [-0.99954604 -0.02958709 -0.0056847 ]
 [-0.00490135 -0.0264817   0.99963728]]
[[-0.02952725  0.99807437  0.05454999]
 [-0.99952027 -0.02897164 -0.01094832]
 [-0.00934684 -0.05484709  0.99845102]]
[[-0.0301117   0.99851287  0.04544592]
 [-0.99945385 -0.0294586  -0.01497291]
 [-0.01361187 -0.04587196  0.99885458]]
[[-0.0294237   0.99904442  0.03231867]
 [-0.9993874  -0.02879009 -0.01989861]
 [-0.01894914 -0.03288436  0.99927951]]
[[-0.02920959  0.99815182  0.05328933]
 [-0.99954321 -0.02875345 -0.00930661]
 [-0.00775715 -0.05353683  0.99853575]]
[[-0.02773118  0.99895549  0.03631681]
 [-0.9996047  -0.02754434 -0.00563516]
 [-0.00462895 -0.03645873  0.99932444]]
[[-0.03096323  0.99915747  0.02693747]
 [-0.99947561 -0.03069511 -0.01031063]
 [-0.0094751  -0.02724259  0.99958395]]
[[-0.03056774  0.99828644  0.04989785]
 [-0.99929185 -0.02942642 -0.02344974]
 [-0.02194125 -0.05057932  0.998479  ]]
[[-0.0312535   0.99792105  0.0563631 ]
 [-0.99908464 -0.02954258 -0.03093745]
 [-0.02920802 -0.05727841  0.9979309 ]]
[[-0.02736493  0.99921173  0.0287589 ]
 [-0.99962328 -0.02741428  0.00132279]
 [ 0.00211015 -0.02871187  0.9995855 ]]
[[-0.0291418   0.9991369   0.02960095]
 [-0.99954186 -0.02888587 -0.009037  ]
 [-0.00817415 -0.02985074  0.99952094]]
[[-0.03059007  0.99896232  0.03374199]
 [-0.99951991 -0.03040615 -0.00595047]
 [-0.00491833 -0.03390781  0.99941286]]
[[-0.02904484  0.99844244  0.04763504]
 [-0.99952293 -0.02850951 -0.0118794 ]
 [-0.01050284 -0.04795735  0.99879416]]
[[-2.74030043e-02  9.98885774e-01  3.84224537e-02]
 [-9.99623522e-01 -2.74355722e-02  3.20518423e-04]
 [ 1.37430330e-03 -3.83992054e-02  9.99261533e-01]]
[[-0.02711767  0.99878467  0.04115593]
 [-0.99962678 -0.02723066  0.00218738]
 [ 0.00330542 -0.04108126  0.99915034]]
[[-0.03026642  0.99895612  0.03421413]
 [-0.99953616 -0.03013281 -0.00441425]
 [-0.00337867 -0.03433186  0.99940478]]
[[-0.03002908  0.9990669   0.03104165]
 [-0.99929832 -0.02931155 -0.02331759]
 [-0.02238596 -0.03172008  0.99924607]]
[[-0.02878848  0.99878279  0.04005197]
 [-0.99947547 -0.02816762 -0.01598045]
 [-0.01483283 -0.04049102  0.9990698 ]]
[[-0.02835746  0.99846999  0.04747139]
 [-0.99947968 -0.02759191 -0.01670493]
 [-0.01536954 -0.0479204   0.9987329 ]]
[[-0.02966409  0.99881608  0.03855481]
 [-0.99949375 -0.02919622 -0.01264222]
 [-0.0115016  -0.03891031  0.99917651]]
[[-0.03070033  0.99894758  0.03407681]
 [-0.99946054 -0.03028244 -0.01271217]
 [-0.01166687 -0.03444869  0.99933837]]
[[-0.03010623  0.99874047  0.04013848]
 [-0.99932453 -0.02922863 -0.02227497]
 [-0.02107372 -0.04078198  0.99894581]]
[[-0.02979528  0.99866178  0.04227173]
 [-0.99935546 -0.02891549 -0.02127363]
 [-0.02002285 -0.04287834  0.99887964]]
[[-0.03008227  0.99848054  0.04617006]
 [-0.99942271 -0.02931675 -0.01716927]
 [-0.01578963 -0.0466599   0.99878603]]
[[-0.03015858  0.99856095  0.04434507]
 [-0.99934    -0.02922395 -0.02157591]
 [-0.02024893 -0.0449665   0.99878326]]
[[-0.03053385  0.99904856  0.03113933]
 [-0.99947024 -0.03016594 -0.01221723]
 [-0.01126626 -0.03149587  0.99944038]]
[[-0.03042474  0.99900917  0.03248103]
 [-0.99946608 -0.03001923 -0.01289999]
 [-0.01191215 -0.03285616  0.9993891 ]]
[[-0.03079292  0.99819158  0.05162721]
 [-0.99934064 -0.02975201 -0.02081096]
 [-0.01923732 -0.052234    0.99844957]]
[[-0.02982033  0.99885284  0.03746655]
 [-0.9994639  -0.02928982 -0.01462954]
 [-0.01351537 -0.03788272  0.99919079]]
[[-0.03091094  0.99925401  0.02315026]
 [-0.99938115 -0.03050927 -0.01750725]
 [-0.01678789 -0.0236771   0.99957869]]
[[-0.03176234  0.9988295   0.03648001]
 [-0.99932829 -0.03106837 -0.01943539]
 [-0.01827927 -0.03707282  0.99914537]]
[[-0.03191863  0.99861035  0.04193526]
 [-0.99924006 -0.0309434  -0.02370258]
 [-0.02237203 -0.04265994  0.99883914]]
[[-0.03228443  0.9988001   0.03682488]
 [-0.99926856 -0.03150021 -0.02168125]
 [-0.02049524 -0.03749791  0.99908651]]
[[-0.03010989  0.99890742  0.03574021]
 [-0.99951907 -0.02982445 -0.00849312]
 [-0.00741791 -0.03597875  0.99932502]]
[[-0.03055413  0.99890252  0.03549938]
 [-0.99946781 -0.03012689 -0.01250867]
 [-0.01142545 -0.03586268  0.99929141]]
[[-0.02951539  0.99876046  0.04007961]
 [-0.99954301 -0.02922918 -0.0077084 ]
 [-0.00652735 -0.04028881  0.99916676]]
[[-0.03090861  0.99925188  0.02324507]
 [-0.99942428 -0.03057167 -0.01471335]
 [-0.01399171 -0.02368646  0.99962152]]
[[-0.02954204  0.99897304  0.03435295]
 [-0.99949371 -0.0291163  -0.01282816]
 [-0.01181476 -0.03471453  0.99932743]]
[[-0.02830311  0.99860686  0.04453399]
 [-0.99959178 -0.02810102 -0.00515751]
 [-0.00389888 -0.04466178  0.99899456]]
[[-0.02875156  0.99924189  0.02624885]
 [-0.99908336 -0.02789402 -0.03247108]
 [-0.03171427 -0.02715838  0.99912793]]
[[-2.79065104e-02  9.99178682e-01  2.93800538e-02]
 [-9.99610282e-01 -2.79154483e-02 -1.05987579e-04]
 [ 7.14256843e-04 -2.93715616e-02  9.99568307e-01]]
[[-0.02692193  0.99870707  0.04312075]
 [-0.99959224 -0.02648498 -0.01067267]
 [-0.00951682 -0.04339049  0.99901286]]
[[-0.02854402  0.99920193  0.02794193]
 [-0.99927556 -0.0278199  -0.02596952]
 [-0.02517145 -0.02866296  0.99927215]]
[[-0.02876046  0.99930148  0.02386192]
 [-0.99958538 -0.02871922 -0.00206897]
 [-0.00138223 -0.02391153  0.99971312]]
[[-0.02801181  0.99927982  0.02559663]
 [-0.99944018 -0.02752931 -0.01901223]
 [-0.01829388 -0.02611487  0.99949154]]
[[-0.02806103  0.99940381  0.02011476]
 [-0.99953883 -0.02781981 -0.01217316]
 [-0.01160632 -0.02044707  0.99972357]]
[[-0.02834435  0.99948171  0.01526109]
 [-0.99953706 -0.02817044 -0.01149303]
 [-0.01105716 -0.01557978  0.99981749]]
[[-0.0300478   0.99947403  0.01219779]
 [-0.99943407 -0.0298575  -0.0154941 ]
 [-0.01512176 -0.01265645  0.99980555]]
[[-0.02789377  0.99944565  0.01817471]
 [-0.99960801 -0.02784541 -0.00290901]
 [-0.00240132 -0.01824873  0.99983059]]
[[-0.02844949  0.99931221  0.02378515]
 [-0.99957991 -0.02830925 -0.00621225]
 [-0.00553464 -0.0239519   0.99969779]]
[[-0.02845441  0.99900383  0.03437571]
 [-0.99958118 -0.02825574 -0.00625138]
 [-0.00527385 -0.03453919  0.99938943]]
[[-0.02857396  0.99830704  0.05066142]
 [-0.99957835 -0.02827513 -0.00660565]
 [-0.00516201 -0.05082881  0.99869404]]
[[-0.02949757  0.99933585  0.02139508]
 [-0.99937028 -0.02906277 -0.02035662]
 [-0.01972129 -0.02198208  0.99956383]]
[[-0.02950874  0.99948575  0.01254891]
 [-0.99950527 -0.02936796 -0.01125824]
 [-0.01088391 -0.01287492  0.99985788]]
[[-0.02997005  0.99935047  0.02001103]
 [-0.99930832 -0.02951583 -0.02262061]
 [-0.02201527 -0.02067513  0.99954383]]
[[-0.03103897  0.99853182  0.04439345]
 [-0.99950906 -0.03081835 -0.00564552]
 [-0.00426909 -0.04454689  0.99899817]]
[[-0.03264502  0.99943176  0.00839414]
 [-0.99920767 -0.03244408 -0.02305247]
 [-0.02276703 -0.00914004  0.99969902]]
[[-0.03424863  0.99876133  0.03609483]
 [-0.99926119 -0.03359089 -0.01867426]
 [-0.01743867 -0.03670773  0.99917388]]
[[-0.03282851  0.99945617 -0.00310628]
 [-0.99933026 -0.03287433 -0.01607193]
 [-0.01616531  0.00257659  0.99986601]]
[[-0.03224377  0.99947839  0.00181049]
 [-0.99916782 -0.03218837 -0.02505146]
 [-0.02498011 -0.00261674  0.99968452]]
[[-0.03422907  0.9991474   0.02308333]
 [-0.99928473 -0.03384402 -0.01687021]
 [-0.01607459 -0.02364427  0.99959119]]
[[-0.03526707  0.99928689  0.01348882]
 [-0.99915972 -0.03497412 -0.02136954]
 [-0.02088254 -0.01423113  0.99968065]]
[[-0.03466032  0.99912473  0.02341867]
 [-0.99937891 -0.03450095 -0.00717536]
 [-0.00636111 -0.02365282  0.9997    ]]
[[-0.03434794  0.99921899  0.01953533]
 [-0.99938746 -0.03447171  0.00603453]
 [ 0.00670323 -0.01931609  0.99979096]]
[[-3.60677922e-02  9.99348928e-01  9.13279093e-04]
 [-9.99003084e-01 -3.60312251e-02 -2.63550432e-02]
 [-2.63049776e-02 -1.86293685e-03  9.99652228e-01]]
[[-0.03607     0.99934794  0.00163031]
 [-0.99879157 -0.03599533 -0.03346246]
 [-0.03338195 -0.00283533  0.99943865]]
[[-0.03687468  0.99931034  0.00437102]
 [-0.99913882 -0.03678439 -0.01919698]
 [-0.01902295 -0.00507514  0.99980617]]
[[-0.03732206  0.99922008  0.0128958 ]
 [-0.99890712 -0.03694082 -0.0286348 ]
 [-0.02813608 -0.01395041  0.99950675]]
[[-0.03780879  0.99927038 -0.00540456]
 [-0.99904562 -0.03791756 -0.02168206]
 [-0.02187117  0.00457962  0.99975031]]
[[-0.03709743  0.99915987 -0.01741628]
 [-0.99878437 -0.03763831 -0.03182984]
 [-0.03245862  0.01621431  0.99934155]]
[[-0.03686469  0.99930978 -0.00457846]
 [-0.99912544 -0.03694758 -0.01957628]
 [-0.01973193  0.00385278  0.99979788]]
[[-0.0384284   0.99921779 -0.00933136]
 [-0.99923766 -0.03849012 -0.00652795]
 [-0.00688201  0.00907339  0.99993515]]
[[-0.03899392  0.99915504 -0.01298786]
 [-0.99910318 -0.03919995 -0.01600608]
 [-0.01650168  0.01235207  0.99978754]]
[[-0.03859927  0.99921865 -0.00849578]
 [-0.99904943 -0.03876229 -0.01994302]
 [-0.02025675  0.00771792  0.99976502]]
[[-0.03884146  0.99904805 -0.01985764]
 [-0.99888063 -0.03935652 -0.02624037]
 [-0.02699692  0.0188162   0.99945841]]
[[-0.03904098  0.99907262 -0.01815769]
 [-0.99866199 -0.03962875 -0.03322338]
 [-0.03391213  0.01683633  0.999283  ]]
[[-0.04054006  0.99905386 -0.01574448]
 [-0.99891079 -0.04088854 -0.02248036]
 [-0.02310286  0.01481598  0.9996233 ]]
[[-0.03999914  0.99886928 -0.02569511]
 [-0.99887587 -0.04062762 -0.0244212 ]
 [-0.02543752  0.0246894   0.99937149]]
[[-0.03979266  0.9991324  -0.01228809]
 [-0.99892988 -0.0400687  -0.02309958]
 [-0.02357191  0.01135574  0.99965765]]
[[-0.04125787  0.99894957 -0.0199387 ]
 [-0.99905036 -0.04152533 -0.01319168]
 [-0.01400578  0.0193755   0.99971417]]
[[-0.04087706  0.99906739 -0.01390743]
 [-0.99909538 -0.04103363 -0.01116539]
 [-0.01172565  0.01343844  0.99984095]]
[[-0.04288359  0.99874518 -0.02586636]
 [-0.99901143 -0.04316977 -0.01060843]
 [-0.01171177  0.02538587  0.99960912]]
[[-0.04149492  0.99880743 -0.02572723]
 [-0.99896418 -0.04195519 -0.0176163 ]
 [-0.01867469  0.0249696   0.99951377]]
[[-0.04148738  0.99853723 -0.03467276]
 [-0.99881458 -0.04233324 -0.02402779]
 [-0.02546045  0.03363481  0.99910984]]
[[-0.04136922  0.99890744 -0.02173727]
 [-0.99895898 -0.04177036 -0.01833568]
 [-0.01922362  0.0209561   0.99959557]]
[[-0.04323128  0.99873804 -0.02556155]
 [-0.99887349 -0.04370989 -0.01847133]
 [-0.01956531  0.02473422  0.99950258]]
[[-0.04163213  0.99889662 -0.02173276]
 [-0.99910258 -0.04179076 -0.00689664]
 [-0.00779726  0.02142613  0.99974003]]
[[-0.04117345  0.99896534 -0.01931318]
 [-0.99912892 -0.04129624 -0.00600238]
 [-0.00679373  0.01904922  0.99979547]]
[[-0.04095213  0.99900173 -0.01784537]
 [-0.99903217 -0.04122724 -0.0153309 ]
 [-0.01605131  0.01720027  0.99972321]]
[[-0.04318388  0.99874544 -0.02535142]
 [-0.99890529 -0.04361971 -0.01689773]
 [-0.01798235  0.02459395  0.99953578]]
[[-0.04155332  0.99905277 -0.01291822]
 [-0.99875925 -0.04188934 -0.02693043]
 [-0.02744606  0.01178314  0.99955384]]
[[-0.04137756  0.99879758 -0.02629246]
 [-0.99894532 -0.04187923 -0.01882486]
 [-0.01990333  0.0254858   0.99947703]]
[[-0.04175192  0.99883041 -0.02438425]
 [-0.99898057 -0.04215258 -0.01615464]
 [-0.0171636   0.02368491  0.99957213]]
[[-0.04074742  0.99888435 -0.02386861]
 [-0.99909234 -0.04102948 -0.01144863]
 [-0.01241517  0.02338044  0.99964955]]
[[-0.04233976  0.99838357 -0.03791553]
 [-0.99887536 -0.04311014 -0.01973631]
 [-0.02133895  0.03703726  0.99908603]]
[[-0.04168319  0.998791   -0.02605869]
 [-0.99895466 -0.04215148 -0.01768731]
 [-0.01876434  0.02529419  0.99950393]]
[[-0.04035165  0.99869817 -0.03120428]
 [-0.99884289 -0.04113594 -0.0249143 ]
 [-0.02616548  0.03016284  0.99920247]]
[[-0.04018828  0.99891223 -0.02364884]
 [-0.99902918 -0.0405979  -0.01710305]
 [-0.01804454  0.02293854  0.99957402]]
[[-0.04118124  0.99876472 -0.02780522]
 [-0.99881691 -0.04187184 -0.02472917]
 [-0.02586288  0.02675395  0.99930743]]
[[-0.04213113  0.99856492 -0.03306151]
 [-0.99892273 -0.0427443  -0.01806372]
 [-0.01945099  0.03226485  0.99929007]]
[[-0.04321981  0.99755811 -0.05486223]
 [-0.99889468 -0.04416291 -0.01609531]
 [-0.01847889  0.05410595  0.9983642 ]]
[[-0.04077664  0.99865636 -0.03198019]
 [-0.99888681 -0.04150394 -0.02241797]
 [-0.02371515  0.03103046  0.99923706]]
[[-0.04163563  0.99815341 -0.04422945]
 [-0.99884572 -0.04264408 -0.02210662]
 [-0.02395193  0.04325797  0.99877678]]
[[-0.04143464  0.99854927 -0.03438794]
 [-0.999027   -0.04192576 -0.01368534]
 [-0.01510723  0.03378743  0.99931486]]
[[-0.04141893  0.99856741 -0.0338761 ]
 [-0.99904356 -0.04186665 -0.01261526]
 [-0.01401547  0.03332119  0.99934642]]
[[-0.04224606  0.99798682 -0.04730311]
 [-0.99897003 -0.04297751 -0.01455382]
 [-0.01655749  0.04663955  0.99877455]]
[[-0.04175205  0.99774383 -0.05257387]
 [-0.99900078 -0.04252861 -0.01373932]
 [-0.01594421  0.05194769  0.99852252]]
[[-0.04147508  0.99820939 -0.04310261]
 [-0.99897776 -0.04220605 -0.01618928]
 [-0.01797948  0.0423871   0.99893947]]
[[-0.04140491  0.99835213 -0.03973222]
 [-0.99908138 -0.04180931 -0.00940128]
 [-0.01104696  0.03930646  0.99916614]]
[[-0.04176317  0.99768954 -0.05358561]
 [-0.99902548 -0.04246536 -0.0120327 ]
 [-0.01428043  0.05303087  0.99849076]]
[[-4.15693485e-02  9.98052802e-01 -4.65036872e-02]
 [-9.99135505e-01 -4.15467690e-02  1.45241812e-03]
 [-4.82487970e-04  4.65238611e-02  9.98917062e-01]]
[[-4.14369461e-02  9.98128259e-01 -4.49773173e-02]
 [-9.99140944e-01 -4.14216999e-02  1.27131299e-03]
 [-5.94103518e-04  4.49913587e-02  9.98987199e-01]]
[[-0.04136835  0.99812959 -0.04501089]
 [-0.9991365  -0.04150018 -0.00199787]
 [-0.00386209  0.04488938  0.9989845 ]]
[[-4.12706722e-02  9.98014726e-01 -4.75745631e-02]
 [-9.99147948e-01 -4.12080212e-02  2.29735165e-03]
 [ 3.32337169e-04  4.76288404e-02  9.98865048e-01]]
[[-0.04119495  0.99806559 -0.04656234]
 [-0.99914066 -0.04093643  0.00649265]
 [ 0.004574    0.04678979  0.99889429]]
[[-0.04075931  0.99840756 -0.03900027]
 [-0.99904814 -0.04011624  0.01713211]
 [ 0.01554028  0.03966144  0.99909232]]
[[-0.03995891  0.99825266 -0.04353055]
 [-0.99911878 -0.03935772  0.01458173]
 [ 0.01284299  0.04407486  0.99894568]]
[[-0.04040035  0.99863291 -0.03316808]
 [-0.99913991 -0.04006599  0.01068455]
 [ 0.00934103  0.03357121  0.99939268]]
[[-0.04069868  0.99853428 -0.03567796]
 [-0.99911168 -0.04027967  0.01238574]
 [ 0.01093049  0.03615035  0.99928658]]
[[-0.04002152  0.99821481 -0.04433354]
 [-0.99901168 -0.03911593  0.02110945]
 [ 0.01933762  0.04513456  0.99879374]]
[[-0.04083926  0.99769749 -0.05414669]
 [-0.99906434 -0.04000309  0.01643793]
 [ 0.01423405  0.05476734  0.99839768]]
[[-0.03867778  0.9986883  -0.03355172]
 [-0.99865723 -0.03747491  0.03576837]
 [ 0.03446411  0.03489011  0.99879673]]
[[-0.03905229  0.99923653 -0.00112953]
 [-0.99829298 -0.03896623  0.04350583]
 [ 0.0434286   0.00282661  0.99905253]]
[[-0.0400463   0.9990929  -0.01448004]
 [-0.99839693 -0.03942989  0.04060598]
 [ 0.0399982   0.01608295  0.99907031]]
[[-0.04028977  0.99807126 -0.04722821]
 [-0.99871515 -0.03877165  0.03263154]
 [ 0.03073748  0.04848224  0.99835098]]
[[-0.03820319  0.99923613 -0.00822602]
 [-0.99789179 -0.037717    0.05281484]
 [ 0.05246423  0.01022637  0.99857044]]
[[-0.0415466   0.9980176  -0.04727325]
 [-0.99759798 -0.03881141  0.05737552]
 [ 0.05542704  0.04954346  0.99723282]]
[[-0.03893919  0.99905762 -0.01917311]
 [-0.99724569 -0.03764212  0.06390708]
 [ 0.06312513  0.02160879  0.99777166]]
[[-0.03875119  0.99884777 -0.02831029]
 [-0.99817354 -0.03737991  0.04745865]
 [ 0.04634573  0.03009766  0.99847193]]
[[-0.03854664  0.9992072  -0.0099564 ]
 [-0.99746762 -0.03787973  0.06019535]
 [ 0.05977048  0.01225151  0.99813696]]
[[-0.03812285  0.9992218  -0.01012141]
 [-0.99761546 -0.03747449  0.05795742]
 [ 0.05753302  0.01230678  0.99826775]]
[[-0.03926068  0.99920727 -0.00658965]
 [-0.99698219 -0.03872956  0.06727959]
 [ 0.06697104  0.0092112   0.9977124 ]]
[[-0.03806139  0.99927118 -0.00290541]
 [-0.99701054 -0.03777932  0.06739959]
 [ 0.0672407   0.00546205  0.99772183]]
[[-0.03899739  0.99899251 -0.02220748]
 [-0.99727689 -0.03751902  0.06349123]
 [ 0.06259406  0.024623    0.99773528]]
[[-0.03816572  0.99916617 -0.01450309]
 [-0.99605995 -0.0368764   0.08065176]
 [ 0.08004969  0.01752408  0.99663682]]
[[-0.03806283  0.99926936 -0.00345787]
 [-0.99723584 -0.03776395  0.06398872]
 [ 0.06381139  0.0058839   0.99794463]]
[[-0.04123844  0.998828   -0.02533792]
 [-0.99540631 -0.03887771  0.08749173]
 [ 0.08640411  0.02882955  0.99584295]]
[[-0.03959424  0.99874064 -0.03081288]
 [-0.99624282 -0.03708063  0.07826416]
 [ 0.07702303  0.03379592  0.99645637]]
[[-0.03868614  0.9992326  -0.00613112]
 [-0.9954466  -0.03800318  0.08741752]
 [ 0.08711744  0.00948505  0.99615289]]
[[-0.03760487  0.99916388 -0.01604447]
 [-0.99564719 -0.03609265  0.08593021]
 [ 0.08527927  0.01920602  0.99617196]]
[[-0.03865189  0.99917859 -0.01217255]
 [-0.99629731 -0.03759851  0.07731762]
 [ 0.07679644  0.01511596  0.9969322 ]]
[[-0.0387188   0.99906917 -0.01901703]
 [-0.99487289 -0.03676282  0.09421476]
 [ 0.09342794  0.02256742  0.99537025]]
[[-0.03801101  0.99913845 -0.01665889]
 [-0.9945353  -0.0362032   0.09792274]
 [ 0.09723527  0.02029     0.99505458]]
[[-0.03798245  0.9989949  -0.02380193]
 [-0.99542887 -0.03573666  0.08856776]
 [ 0.08762814  0.02705715  0.99578573]]
[[-0.03990021  0.99883288 -0.02721861]
 [-0.99454588 -0.03707233  0.09748916]
 [ 0.09636632  0.03096     0.99486432]]
[[-0.03768788  0.99922165 -0.01164986]
 [-0.99429437 -0.03633273  0.10029275]
 [ 0.09979141  0.01536321  0.99488977]]
[[-0.03993296  0.99881226 -0.02791813]
 [-0.99449736 -0.03702116  0.09800222]
 [ 0.09685226  0.03167803  0.99479452]]
[[-0.03999961  0.99883889 -0.0268498 ]
 [-0.99372921 -0.03695826  0.10552883]
 [ 0.10441398  0.03090254  0.9940537 ]]
[[-0.03869797  0.99897421 -0.02351565]
 [-0.99344479 -0.03592924  0.1085198 ]
 [ 0.10756358  0.027561    0.99381611]]
[[-0.03868552  0.99904697 -0.0202133 ]
 [-0.99388668 -0.03637665  0.10424017]
 [ 0.10340554  0.02412232  0.99434672]]
[[-0.03991839  0.99879689 -0.02848325]
 [-0.99365742 -0.03668161  0.10629855]
 [ 0.10512585  0.03254586  0.99392622]]
[[-0.03745867  0.99922934 -0.01172955]
 [-0.99185798 -0.03574754  0.12222872]
 [ 0.12171522  0.01621257  0.99243265]]
[[-0.04012716  0.99880201 -0.02800652]
 [-0.99259659 -0.03663074  0.11580243]
 [ 0.1146378   0.032446    0.99287735]]
[[-0.03893415  0.99888313 -0.0267698 ]
 [-0.99260881 -0.03558015  0.11602499]
 [ 0.11494293  0.03108927  0.99288548]]
[[-0.03764269  0.99924022 -0.01009978]
 [-0.99079693 -0.0360058   0.13048001]
 [ 0.13001722  0.01491845  0.9913995 ]]
[[-0.04091389  0.99866766 -0.0314477 ]
 [-0.99303793 -0.03716336  0.11177906]
 [ 0.11046143  0.03580207  0.99323536]]
[[-0.03863563  0.99910301 -0.01733363]
 [-0.98980737 -0.03588514  0.13781738]
 [ 0.13707174  0.02248162  0.99030597]]
[[-0.03972426  0.99879428 -0.02884383]
 [-0.99159876 -0.0358489   0.124285  ]
 [ 0.12310113  0.03353863  0.99182724]]
[[-0.03911906  0.99906025 -0.01866343]
 [-0.99051653 -0.03630912  0.13250904]
 [ 0.13170686  0.02367006  0.99100607]]
[[-0.03984099  0.9988742  -0.02574922]
 [-0.99096521 -0.03619647  0.12914245]
 [ 0.12806503  0.03066174  0.99129169]]
[[-0.03963308  0.99896121 -0.0224882 ]
 [-0.98956846 -0.03612092  0.13946162]
 [ 0.13850446  0.02778091  0.98997209]]
[[-0.03938321  0.99888454 -0.02605084]
 [-0.99009389 -0.03549375  0.13584655]
 [ 0.13477038  0.03114285  0.99038733]]
[[-0.03854631  0.99897898 -0.02356219]
 [-0.98928249 -0.03482763  0.14179981]
 [ 0.14083442  0.02877552  0.98961489]]
[[-0.03693303  0.99923114 -0.01315574]
 [-0.9890328  -0.03466586  0.14357016]
 [ 0.14300372  0.01831394  0.98955269]]
[[-0.04006562  0.99868279 -0.03205363]
 [-0.99253783 -0.03608066  0.11647675]
 [ 0.11516681  0.03648115  0.99267605]]
[[-0.0407      0.99871046 -0.03034684]
 [-0.99005355 -0.03621623  0.13594985]
 [ 0.13467549  0.03557816  0.99025083]]
[[-0.03750385  0.99912245 -0.01864916]
 [-0.98948853 -0.03452101  0.14043057]
 [ 0.13966355  0.02371982  0.98991488]]
[[-0.03772765  0.99901356 -0.02342061]
 [-0.98821478 -0.0338199   0.14929086]
 [ 0.14835151  0.02877698  0.98851591]]
[[-0.03969579  0.99866197 -0.03314377]
 [-0.99023983 -0.03488267  0.13493808]
 [ 0.13360139  0.03817675  0.99029955]]
[[-0.03826103  0.99897507 -0.02418475]
 [-0.98786875 -0.03416826  0.1514855 ]
 [ 0.15050388  0.02968735  0.98816357]]
[[-0.03771886  0.99899143 -0.02435989]
 [-0.98771622 -0.03357184  0.1526093 ]
 [ 0.15163758  0.0298169   0.98798633]]
[[-0.03929721  0.99883531 -0.02799545]
 [-0.98717098 -0.03446867  0.15590176]
 [ 0.15475522  0.0337628   0.98737576]]
[[-0.04006466  0.99875497 -0.02972081]
 [-0.98871489 -0.03532964  0.14558395]
 [ 0.14435266  0.03521817  0.98889938]]
[[-0.037851    0.99900141 -0.02373795]
 [-0.9850772  -0.03331106  0.16885876]
 [ 0.1678994   0.02977519  0.98535437]]
[[-0.03692838  0.99920292 -0.01515995]
 [-0.98564916 -0.03391856  0.16536401]
 [ 0.164718    0.02104902  0.98611608]]
[[-0.03952051  0.99878711 -0.02936728]
 [-0.98581369 -0.03417547  0.16432712]
 [ 0.16312417  0.03544495  0.98596864]]
[[-0.03829883  0.99890485 -0.02687582]
 [-0.98345942 -0.03291447  0.17811291]
 [ 0.17703325  0.03325279  0.98364296]]
[[-0.03762336  0.99899978 -0.02416438]
 [-0.98454215 -0.03291779  0.17202668]
 [ 0.17105918  0.03026307  0.98479587]]
[[-0.0392107   0.99878322 -0.02990972]
 [-0.98453147 -0.03350121  0.17197517]
 [ 0.1707639   0.03619033  0.98464712]]
[[-0.03848232  0.99881202 -0.0298942 ]
 [-0.98279818 -0.03242367  0.18181431]
 [ 0.18062903  0.0363766   0.98287837]]
[[-0.03789912  0.99904442 -0.02176925]
 [-0.98169465 -0.03315414  0.18755378]
 [ 0.18665282  0.02847888  0.98201307]]
[[-0.03917915  0.9988461  -0.02777522]
 [-0.98292974 -0.03352447  0.18090117]
 [ 0.17976128  0.03438864  0.983109  ]]
[[-0.03847704  0.99889646 -0.02693305]
 [-0.98115515 -0.03265882  0.19044153]
 [ 0.18935177  0.03375313  0.98132901]]
[[-0.03626156  0.99921925 -0.01568435]
 [-0.98025194 -0.03251143  0.19506187]
 [ 0.19439965  0.02244786  0.98066552]]
[[-0.0385666   0.99885293 -0.02838046]
 [-0.98083001 -0.03241112  0.192151  ]
 [ 0.19101075  0.03524701  0.98095491]]
[[-0.03911956  0.99880852 -0.02917519]
 [-0.97894519 -0.03245499  0.20152663]
 [ 0.20033964  0.03644454  0.97904843]]
[[-0.03862794  0.99884688 -0.02850945]
 [-0.98064135 -0.03241203  0.1931114 ]
 [ 0.19196467  0.03541704  0.98076256]]
[[-0.03655314  0.99919874 -0.01630147]
 [-0.9773823  -0.03234544  0.20899191]
 [ 0.20829718  0.02357208  0.97778149]]
[[-0.03816134  0.9988107  -0.03034632]
 [-0.97749228 -0.03100661  0.20868023]
 [ 0.20749111  0.03762681  0.977513  ]]
[[-0.03814079  0.99896914 -0.02461566]
 [-0.97533133 -0.03185581  0.21843534]
 [ 0.21742601  0.03233972  0.97554091]]
[[-0.03869247  0.99881508 -0.02951826]
 [-0.97631176 -0.03149443  0.2140641 ]
 [ 0.21288079  0.03710169  0.97637351]]
[[-0.03916739  0.99882022 -0.02870681]
 [-0.9750481  -0.03192124  0.21968668]
 [ 0.21851114  0.03659508  0.97514803]]
[[-0.03883303  0.99877103 -0.0307964 ]
 [-0.97366828 -0.03089258  0.2258666 ]
 [ 0.22463764  0.03875656  0.97367133]]
[[-0.03768961  0.99897697 -0.02499007]
 [-0.97220073 -0.03087313  0.2321047 ]
 [ 0.23109573  0.0330433   0.97236974]]
[[-0.03876998  0.99880494 -0.02975864]
 [-0.97117783 -0.03065494  0.2363766 ]
 [ 0.23518186  0.03806525  0.97120571]]
[[-0.03755293  0.99914731 -0.01715913]
 [-0.95185891 -0.03053739  0.30501161]
 [ 0.30422754  0.02778715  0.95219403]]
[[-0.03800976  0.99890848 -0.02714988]
 [-0.95058158 -0.0277661   0.30923081]
 [ 0.30813943  0.03756196  0.95059938]]
[[-0.03737023  0.99895608 -0.02627182]
 [-0.94967821 -0.02732052  0.31203349]
 [ 0.31098999  0.03661054  0.94970779]]
[[-0.03710693  0.99915005 -0.01795133]
 [-0.94895448 -0.02960085  0.314021  ]
 [ 0.31322272  0.02868735  0.94924631]]
[[-0.03769873  0.99886505 -0.02911048]
 [-0.95049436 -0.02685089  0.30957956]
 [ 0.30844656  0.03934011  0.95042784]]
[[-0.03784229  0.99902369 -0.02279542]
 [-0.95057086 -0.02895273  0.30915495]
 [ 0.30819313  0.03336779  0.95073844]]
[[-0.03794394  0.99894229 -0.02597243]
 [-0.94831752 -0.02780236  0.31610269]
 [ 0.31504624  0.03662429  0.9483694 ]]
[[-0.03767852  0.99893892 -0.02648323]
 [-0.95011916 -0.027601    0.31066343]
 [ 0.30960283  0.03686756  0.95015097]]
[[-0.03785738  0.99882115 -0.03038296]
 [-0.94941772 -0.02646689  0.31289853]
 [ 0.31172553  0.04069164  0.94930047]]
[[-0.03772136  0.99907602 -0.02059606]
 [-0.94702699 -0.02916291  0.31982714]
 [ 0.31893099  0.03156934  0.94725203]]
[[-0.03756822  0.99912761 -0.01823884]
 [-0.94755614 -0.0298205   0.31819508]
 [ 0.31737359  0.02923635  0.9478498 ]]
[[-0.0377094   0.99903253 -0.02262755]
 [-0.9460143  -0.02839515  0.3228787 ]
 [ 0.32192381  0.03358154  0.94616983]]
[[-0.03804708  0.99875503 -0.03226152]
 [-0.94819605 -0.0258934   0.31662879]
 [ 0.31539923  0.04263705  0.94800074]]
[[-0.03673945  0.99914976 -0.01870772]
 [-0.94600244 -0.02873964  0.32288297]
 [ 0.32207079  0.02956009  0.94625399]]
[[-0.03659226  0.99907447 -0.02260992]
 [-0.9464009  -0.0273797   0.32183177]
 [ 0.32091485  0.0331746   0.94652686]]
[[-0.03699748  0.99911707 -0.01990649]
 [-0.94532923 -0.02853303  0.32486693]
 [ 0.3240121   0.03083744  0.94555022]]
[[-0.03812851  0.9989583  -0.02507067]
 [-0.94426163 -0.02780859  0.32801929]
 [ 0.32698041  0.03618015  0.94433829]]
[[-0.03664767  0.99912345 -0.02023057]
 [-0.9434733  -0.02791901  0.33027057]
 [ 0.32941626  0.03119065  0.94366947]]
[[-0.03785641  0.99885284 -0.02932406]
 [-0.94643924 -0.02642265  0.32179902]
 [ 0.32065505  0.03993559  0.94635379]]
[[-0.03780044  0.99905514 -0.02144635]
 [-0.94230463 -0.0284932   0.33354179]
 [ 0.33261556  0.03281702  0.94249134]]
[[-0.03686316  0.99916862 -0.01741182]
 [-0.94531371 -0.02921528  0.32485145]
 [ 0.32407268  0.02843469  0.94560476]]
[[-0.03726634  0.99912234 -0.01912515]
 [-0.94265559 -0.02879505  0.3325226 ]
 [ 0.33168005  0.03042033  0.94290135]]
[[-0.03736833  0.99898078 -0.0253183 ]
 [-0.94323767 -0.02689356  0.33102783]
 [ 0.33000954  0.03625113  0.94328127]]
[[-0.03690088  0.99907947 -0.02187546]
 [-0.94115208 -0.02738532  0.33687208]
 [ 0.33596292  0.03301901  0.94129627]]
[[-0.03595225  0.99916634 -0.01934055]
 [-0.94064113 -0.02729795  0.33830324]
 [ 0.33749325  0.03035528  0.94083838]]
[[-0.03568495  0.99916538 -0.01987764]
 [-0.93974979 -0.02678273  0.34081228]
 [ 0.33999545  0.03084188  0.9399212 ]]
[[-0.03689698  0.99905297 -0.02306008]
 [-0.9403073  -0.02689656  0.33926207]
 [ 0.33832055  0.03420131  0.94040921]]
[[-0.03581535  0.99919982 -0.01780398]
 [-0.94002373 -0.02763626  0.33998769]
 [ 0.33922361  0.02891295  0.94026134]]
[[-0.03595294  0.99911877 -0.02165783]
 [-0.93985896 -0.02643867  0.340538  ]
 [ 0.3396653   0.03259865  0.93998128]]
[[-0.03664055  0.99910564 -0.02110419]
 [-0.93889231 -0.02718424  0.34313589]
 [ 0.3422553   0.03238725  0.93904865]]
[[-0.03703345  0.99899469 -0.02526149]
 [-0.93895111 -0.02613275  0.34305668]
 [ 0.34205165  0.03642387  0.93897496]]
[[-0.03578893  0.99921518 -0.01697552]
 [-0.93791229 -0.02771913  0.3457632 ]
 [ 0.3450213   0.02829604  0.93816824]]
[[-0.03551913  0.99925094 -0.01536068]
 [-0.93703192 -0.0279561   0.34812303]
 [ 0.34743284  0.02675848  0.937323  ]]
[[-0.03602817  0.99919026 -0.01791099]
 [-0.93705544 -0.02754803  0.34809224]
 [ 0.34731696  0.02932472  0.93728917]]
[[-0.03539605  0.9992597  -0.01507249]
 [-0.93728448 -0.02796005  0.34744215]
 [ 0.34676351  0.02642529  0.93758028]]
[[-0.0357677   0.99919513 -0.01815939]
 [-0.93619119 -0.02714345  0.35044157]
 [ 0.3496666   0.02953515  0.93640853]]
[[-0.03547038  0.99924128 -0.01608465]
 [-0.93731563 -0.02768045  0.34738047]
 [ 0.34667168  0.02739811  0.93758631]]
[[-0.03564397  0.99922752 -0.01654907]
 [-0.93639362 -0.02760819  0.34986394]
 [ 0.34913679  0.02796698  0.93665434]]
[[-0.03589407  0.99916924 -0.0192987 ]
 [-0.93539704 -0.02679308  0.35258263]
 [ 0.35177265  0.03070757  0.93558166]]
[[-0.0356718   0.99925113 -0.01499001]
 [-0.93540938 -0.02810559  0.35244768]
 [ 0.35176244  0.02659424  0.93571146]]
[[-0.0374043   0.99900499 -0.02428868]
 [-0.93787816 -0.02670493  0.34593554]
 [ 0.3449427   0.0357193   0.93794385]]
[[-0.03741352  0.99905672 -0.02204306]
 [-0.93621749 -0.02733004  0.35035678]
 [ 0.34942386  0.03374518  0.93635689]]
[[-0.03783645  0.99903092 -0.02248593]
 [-0.93813613 -0.02776158  0.34515199]
 [ 0.34419327  0.03415419  0.9382774 ]]
[[-0.03380761  0.99931033 -0.01535958]
 [-0.93769829 -0.02639828  0.34644631]
 [ 0.34580191  0.02611518  0.93794405]]
[[-0.03515448  0.99918559 -0.01980703]
 [-0.9371077  -0.02607062  0.34806534]
 [ 0.34726549  0.03079737  0.93726101]]
[[-0.03543762  0.99923841 -0.01633299]
 [-0.9376885  -0.02759305  0.34637972]
 [ 0.34566524  0.02759013  0.9379522 ]]
[[-0.03421672  0.9992798  -0.01640411]
 [-0.93637504 -0.02631699  0.35001313]
 [ 0.34932935  0.0273367   0.93660115]]
[[-0.03266608  0.99934932 -0.01529233]
 [-0.93687884 -0.02528759  0.34873856]
 [ 0.34812494  0.02571899  0.93709528]]
[[-0.03439133  0.99922856 -0.01896115]
 [-0.93829799 -0.02575009  0.34486783]
 [ 0.34411353  0.02965167  0.93845972]]
[[-0.03506901  0.99922848 -0.01768084]
 [-0.93599818 -0.02663919  0.3509954 ]
 [ 0.35025359  0.0288583   0.93621024]]
[[-0.03455083  0.99913181 -0.02327784]
 [-0.9370537  -0.02428848  0.34833953]
 [ 0.34747173  0.033848    0.93707935]]
[[-0.03161293  0.99943488 -0.01142539]
 [-0.93602997 -0.02559494  0.35098831]
 [ 0.35049753  0.02179028  0.93631013]]
[[-0.03233753  0.99938514 -0.01355111]
 [-0.93557879 -0.02549733  0.35219626]
 [ 0.35163419  0.02406728  0.93582806]]
[[-0.03298189  0.99933356 -0.01564065]
 [-0.93666593 -0.02544671  0.34929844]
 [ 0.34866765  0.02617059  0.93688098]]
[[-0.03235766  0.9993976  -0.01254696]
 [-0.93579755 -0.02588447  0.35158633]
 [ 0.35104976  0.02311792  0.93607138]]
[[-0.03145519  0.99944134 -0.01129478]
 [-0.93582697 -0.02548031  0.35153754]
 [ 0.35105336  0.02162764  0.93610565]]
[[-0.03038698  0.99947558 -0.01118918]
 [-0.93694043 -0.02458287  0.34862347]
 [ 0.34816558  0.02107721  0.93719607]]
[[-0.0301759   0.99948785 -0.01065109]
 [-0.93346909 -0.02436948  0.35782899]
 [ 0.35738617  0.02074028  0.93372639]]
[[-0.03152453  0.99942084 -0.01281356]
 [-0.93445437 -0.02492116  0.35520975]
 [ 0.3546847   0.02317151  0.9346988 ]]
[[-0.03037569  0.99942224 -0.01524839]
 [-0.93611755 -0.02309748  0.35092798]
 [ 0.35037302  0.02493396  0.93627829]]
[[-0.02855878  0.99958358 -0.00413059]
 [-0.93477932 -0.02524307  0.35433094]
 [ 0.35407912  0.01398045  0.93511097]]
[[-0.02871499  0.99957216 -0.00556341]
 [-0.93433339 -0.02486204  0.355532  ]
 [ 0.35524157  0.01540718  0.93464755]]
[[-0.02974161  0.99951286 -0.00945891]
 [-0.93546155 -0.02449906  0.35257833]
 [ 0.35217485  0.01933469  0.9357345 ]]
[[-0.02791651  0.9995929  -0.00589043]
 [-0.93372706 -0.02397221  0.35718217]
 [ 0.35689556  0.01547133  0.93401617]]
[[-0.02723608  0.9996176  -0.00478065]
 [-0.93476294 -0.02377374  0.35447575]
 [ 0.35422654  0.0141233   0.93505299]]
[[-0.03084158  0.99943793 -0.01313852]
 [-0.93355876 -0.02410748  0.35761275]
 [ 0.35709501  0.02329492  0.93377754]]
[[-0.03145842  0.99941733 -0.01324233]
 [-0.93292091 -0.02460539  0.35923969]
 [ 0.35870454  0.02365516  0.93315138]]
[[-0.02951855  0.99951606 -0.0098134 ]
 [-0.93204872 -0.0239764   0.36153882]
 [ 0.36112856  0.01981867  0.93230541]]
[[-0.03168622  0.99939504 -0.01433651]
 [-0.93394996 -0.02449629  0.35656333]
 [ 0.35599644  0.02468773  0.93416115]]
[[-0.03152738  0.99935363 -0.01727249]
 [-0.9346691  -0.02335533  0.35475089]
 [ 0.35411819  0.02732842  0.9348013 ]]
[[-0.03183367  0.99934401 -0.01726724]
 [-0.93361728 -0.02356295  0.35749625]
 [ 0.35685487  0.02750141  0.93375493]]
[[-0.03178533  0.9993527  -0.01684831]
 [-0.93338903 -0.02365025  0.35808599]
 [ 0.35745574  0.02710791  0.93353658]]
[[-0.03130724  0.99941859 -0.01350353]
 [-0.9335923  -0.02441483  0.3575043 ]
 [ 0.35696676  0.02379926  0.93381386]]
[[-0.03132695  0.99938142 -0.01598127]
 [-0.93333573 -0.0235281   0.35823294]
 [ 0.35763533  0.02613823  0.93349545]]
[[-0.03315725  0.9992511  -0.01994584]
 [-0.93343504 -0.02382828  0.35795424]
 [ 0.35721089  0.03048693  0.93352607]]
[[-0.03126634  0.99935083 -0.01789803]
 [-0.93390897 -0.02282905  0.35678127]
 [ 0.35614107  0.02787037  0.93401648]]
[[-0.03182267  0.99938759 -0.014552  ]
 [-0.93312302 -0.02448934  0.35872231]
 [ 0.35814626  0.02499431  0.93333089]]
[[-0.03289408  0.99926161 -0.01985491]
 [-0.93312685 -0.02358836  0.35877273]
 [ 0.35803947  0.03032865  0.93321375]]
[[-0.03312487  0.99921709 -0.02163234]
 [-0.93319539 -0.0231723   0.35862155]
 [ 0.35783951  0.03206649  0.93323236]]
[[-0.03284718  0.99932495 -0.01645297]
 [-0.93208054 -0.02468663  0.36140896]
 [ 0.36075882  0.02720676  0.93226223]]
[[-0.03300271  0.99932326 -0.01624321]
 [-0.93158423 -0.02487065  0.36267379]
 [ 0.36202438  0.02710113  0.93177459]]
[[-0.03183351  0.9994021  -0.01349349]
 [-0.9316551  -0.02478131  0.3624978 ]
 [ 0.36194667  0.02411086  0.93188694]]
[[-0.03642526  0.99904567 -0.02410278]
 [-0.93206602 -0.02526396  0.36140651]
 [ 0.36045268  0.03562971  0.93209677]]
[[-0.03654112  0.99899671 -0.02589055]
 [-0.93055365 -0.02456952  0.36533032]
 [ 0.36432767  0.03744212  0.93051783]]
[[-0.03366549  0.99929956 -0.01634088]
 [-0.93323806 -0.02558013  0.35834673]
 [ 0.35767772  0.02731385  0.93344555]]
[[-0.03978562  0.99871912 -0.03126072]
 [-0.93016238 -0.02559045  0.36625548]
 [ 0.36498637  0.04364925  0.92998908]]
[[-0.0392504   0.99880101 -0.02925644]
 [-0.93038742 -0.02585102  0.36566511]
 [ 0.36447038  0.04157233  0.93028656]]
[[-0.03702173  0.99906787 -0.02219893]
 [-0.93075278 -0.02638682  0.36469575]
 [ 0.36377005  0.03416338  0.93086208]]
[[-0.04084182  0.99884071 -0.02547916]
 [-0.92844336 -0.02851545  0.37037791]
 [ 0.36922198  0.03878286  0.92853165]]
[[-0.04058153  0.99871167 -0.03046532]
 [-0.930497   -0.02666552  0.36532763]
 [ 0.36404459  0.04317344  0.93038035]]
[[-0.04319478  0.99840367 -0.03639113]
 [-0.92853721 -0.02667565  0.3702797 ]
 [ 0.36871786  0.04978467  0.92820721]]
[[-0.04283169  0.99847517 -0.03482487]
 [-0.92651366 -0.02665446  0.37531583]
 [ 0.3738153   0.04834113  0.92624255]]
[[-0.04268098  0.99852089 -0.03368023]
 [-0.93039369 -0.02743946  0.36553338]
 [ 0.36406855  0.0469372   0.93018868]]
[[-0.04803137  0.99775043 -0.04676601]
 [-0.92748001 -0.02717095  0.37288413]
 [ 0.37077462  0.06128467  0.92669864]]
[[-0.04609005  0.99825705 -0.03685887]
 [-0.92630269 -0.02889692  0.37567047]
 [ 0.37395058  0.05145714  0.92602005]]
[[-0.04815103  0.99816599 -0.03668974]
 [-0.92823789 -0.03115258  0.37068036]
 [ 0.36885755  0.05190545  0.92803552]]
[[-0.04839864  0.99785447 -0.04409115]
 [-0.9276084  -0.0285339   0.37246272]
 [ 0.37040549  0.05892601  0.92699919]]
[[-0.04894765  0.99795398 -0.04113378]
 [-0.92749299 -0.03013282  0.37262417]
 [ 0.37062229  0.05639037  0.92707025]]
[[-0.05279398  0.99719428 -0.05306942]
 [-0.9254246  -0.02888673  0.37782916]
 [ 0.37523607  0.06905885  0.92435316]]
[[-0.05172699  0.99761835 -0.04562826]
 [-0.92714421 -0.03099366  0.37342067]
 [ 0.37111713  0.06161991  0.92653929]]
[[-0.05150536  0.9976055  -0.04615695]
 [-0.92607177 -0.03040992  0.37612007]
 [ 0.37381582  0.06211684  0.92542057]]
[[-0.05426828  0.99732304 -0.04900726]
 [-0.92614109 -0.03192747  0.37582351]
 [ 0.37325277  0.06578293  0.9253945 ]]
[[-0.05678389  0.99667924 -0.05836165]
 [-0.92512305 -0.03054735  0.37843652]
 [ 0.37539703  0.0754808   0.92378554]]
[[-0.05707315  0.99687861 -0.05454996]
 [-0.92657394 -0.03254409  0.37470204]
 [ 0.37175717  0.07193     0.92553913]]
[[-0.05653889  0.99700204 -0.0528231 ]
 [-0.92610753 -0.03260538  0.37584802]
 [ 0.37299892  0.0701699   0.92517457]]
[[-0.05955207  0.99635922 -0.06100694]
 [-0.92695935 -0.03251942  0.37374972]
 [ 0.37040507  0.07880853  0.9255211 ]]
[[-0.06098216  0.99624389 -0.06147588]
 [-0.92530885 -0.03333021  0.37774678]
 [ 0.37427892  0.07991999  0.92386584]]
[[-0.06157785  0.99605306 -0.06392558]
 [-0.92531787 -0.03296084  0.3777571 ]
 [ 0.37415907  0.08241294  0.92369535]]
[[-0.06148552  0.99613393 -0.06274336]
 [-0.92616589 -0.03350737  0.37562481]
 [ 0.37207025  0.08120625  0.92464548]]
[[-0.06358401  0.99591836 -0.06406014]
 [-0.9247163  -0.03465495  0.37907624]
 [ 0.37530898  0.08334064  0.92314544]]
[[-0.06636963  0.99510153 -0.07326681]
 [-0.92405475 -0.03359512  0.38078102]
 [ 0.37645436  0.09297483  0.92175799]]
[[-0.06509403  0.99563739 -0.0668503 ]
 [-0.92342411 -0.03471009  0.38220822]
 [ 0.37822041  0.08661065  0.92165499]]
[[-0.0654267   0.99571596 -0.06533811]
 [-0.92374422 -0.035674    0.38134497]
 [ 0.3773804   0.08530585  0.92212089]]
[[-0.06816503  0.99492075 -0.07406906]
 [-0.92414206 -0.03499285  0.38044309]
 [ 0.37591884  0.09438325  0.92183341]]
[[-0.07003601  0.99450044 -0.07787056]
 [-0.92282661 -0.03495007  0.38362682]
 [ 0.37879546  0.09872871  0.92019924]]
[[-0.0706052   0.99451274 -0.07719663]
 [-0.92132741 -0.03535578  0.38717667]
 [ 0.38232278  0.09846006  0.91876815]]
[[-0.07152519  0.99425444 -0.07963833]
 [-0.92396732 -0.03596921  0.38077632]
 [ 0.37572402  0.10081831  0.92123131]]
[[-0.07249963  0.99433698 -0.07770305]
 [-0.92241388 -0.03721594  0.38440552]
 [ 0.37933683  0.09954363  0.91988838]]
[[-0.07452038  0.9937106  -0.08358204]
 [-0.92017607 -0.03621721  0.389826  ]
 [ 0.38434712  0.10596018  0.91708763]]
[[-0.07569442  0.99347545 -0.08530471]
 [-0.92022492 -0.03665438  0.38966981]
 [ 0.3840006   0.10799535  0.91699539]]
[[-0.07544504  0.99398625 -0.07936866]
 [-0.91970939 -0.03861063  0.39069664]
 [ 0.38528261  0.10247223  0.91709146]]
[[-0.07651289  0.99340035 -0.085449  ]
 [-0.92010441 -0.03733049  0.38989012]
 [ 0.38412712  0.10845362  0.91688831]]
[[-0.07950236  0.99275137 -0.0901337 ]
 [-0.91895058 -0.03795255  0.39254227]
 [ 0.38627607  0.11403645  0.91530677]]
[[-0.07979823  0.99263726 -0.09112362]
 [-0.91953267 -0.03801204  0.391171  ]
 [ 0.38482711  0.1150059   0.91579569]]
[[-0.08141481  0.99239459 -0.09232875]
 [-0.9176597  -0.03848789  0.39549888]
 [ 0.38893741  0.11692583  0.91381401]]
[[-0.0734159   0.99442835 -0.07564623]
 [-0.92266308 -0.03893441  0.38363649]
 [ 0.37855376  0.09796101  0.92038073]]
[[-0.07901486  0.99342458 -0.08285076]
 [-0.91909816 -0.04041475  0.39195054]
 [ 0.38602491  0.1071179   0.91624807]]
[[-0.10507424  0.98732954 -0.11891086]
 [-0.91175224 -0.04790034  0.40793799]
 [ 0.39707336  0.15128102  0.90523301]]
[[-0.10865692  0.98614657 -0.12533401]
 [-0.91043612 -0.04809882  0.41084375]
 [ 0.39912373  0.15874963  0.90304972]]
[[-0.10793565  0.98644584 -0.12359004]
 [-0.91196256 -0.04874748  0.40736711]
 [ 0.39582089  0.15667893  0.90486327]]
[[-0.10585442  0.98715606 -0.11965683]
 [-0.91056429 -0.04787271  0.41058601]
 [ 0.39958417  0.15241758  0.90393659]]
[[-0.10449781  0.98741234 -0.11873115]
 [-0.91225729 -0.04762381  0.40683978]
 [ 0.39606419  0.15082722  0.90575069]]
[[-0.10590799  0.98694151 -0.12136701]
 [-0.91148614 -0.04756778  0.40857107]
 [ 0.39746259  0.15389529  0.90462132]]
[[-0.10663741  0.98723832 -0.11827492]
 [-0.907772   -0.04813234  0.41669327]
 [ 0.40568271  0.15180175  0.90132001]]
[[-0.10292545  0.98867584 -0.10920821]
 [-0.90966495 -0.04914397  0.41242519]
 [ 0.4023879   0.14179193  0.90442193]]
[[-0.10350783  0.98850572 -0.11019329]
 [-0.91006062 -0.04941989  0.41151833]
 [ 0.40134249  0.14287794  0.90471548]]
[[-0.1071154   0.98717595 -0.11836356]
 [-0.90837292 -0.04876888  0.4153074 ]
 [ 0.40420902  0.15200407  0.9019478 ]]
[[-0.10549572  0.98743325 -0.11767002]
 [-0.90907812 -0.04780403  0.41387406]
 [ 0.40304791  0.15063318  0.90269709]]
[[-0.10437829  0.98801129 -0.11374915]
 [-0.90957943 -0.04858072  0.41268048]
 [ 0.40220696  0.14653877  0.90374551]]
[[-0.10704982  0.98673023 -0.12208108]
 [-0.91078235 -0.04807419  0.4100785 ]
 [ 0.39876791  0.15508812  0.90384281]]
[[-0.10651357  0.98744881 -0.11661781]
 [-0.90818314 -0.04886792  0.41571061]
 [ 0.40479408  0.15018915  0.90198945]]
[[-0.10652154  0.9874106  -0.1169336 ]
 [-0.90661083 -0.0481601   0.41921045]
 [ 0.40830131  0.15066821  0.90032723]]
[[-0.1060618   0.98768873 -0.11498636]
 [-0.90914729 -0.04948536  0.41352437]
 [ 0.40274322  0.14839868  0.90320304]]
[[-0.10366026  0.98812879 -0.11338449]
 [-0.91195769 -0.04892667  0.40735655]
 [ 0.39697321  0.14562854  0.9062034 ]]
[[-0.10674457  0.98741748 -0.11667183]
 [-0.9071022  -0.04866141  0.41808811]
 [ 0.40715009  0.15046191  0.90088291]]
[[-0.106819    0.98735557 -0.1171268 ]
 [-0.90856726 -0.04908341  0.41484498]
 [ 0.40385052  0.15073091  0.90232198]]
[[-0.10560855  0.98727984 -0.1188501 ]
 [-0.91115105 -0.04819977  0.40924388]
 [ 0.39830968  0.15151004  0.90465137]]
[[-0.10572904  0.98789251 -0.11353308]
 [-0.90811833 -0.04940693  0.41578847]
 [ 0.40514499  0.14706239  0.90234704]]
[[-0.10295441  0.98797207 -0.11537579]
 [-0.91413988 -0.04825444  0.40251683]
 [ 0.39210799  0.14691049  0.90811267]]
[[-0.12360393  0.98017031 -0.15488136]
 [-0.9041669  -0.04692745  0.42459396]
 [ 0.4089062   0.19252008  0.89203797]]
[[-0.10980597  0.98574031 -0.12750961]
 [-0.91085534 -0.04844547  0.40987266]
 [ 0.39785074  0.16114927  0.90318642]]
[[-0.10374628  0.9884894  -0.11011546]
 [-0.90698427 -0.04858847  0.41835235]
 [ 0.40818652  0.14327549  0.90158522]]
[[-0.10662407  0.98729255 -0.1178335 ]
 [-0.90960889 -0.04899463  0.41256659]
 [ 0.40155071  0.15117193  0.90327409]]
[[-0.10974899  0.9856646  -0.12814236]
 [-0.91146846 -0.04837814  0.40851535]
 [ 0.39645983  0.16163187  0.90371165]]
[[-0.11433115  0.98357132 -0.13969916]
 [-0.90757942 -0.04622357  0.41732839]
 [ 0.40401484  0.17450172  0.89795388]]
[[-0.1039932   0.98812881 -0.11307908]
 [-0.90896269 -0.04827607  0.41407276]
 [ 0.40369821  0.14584541  0.9031926 ]]
[[-0.10405354  0.98724886 -0.12046801]
 [-0.91320845 -0.0468558   0.40478989]
 [ 0.39398374  0.15213223  0.90643952]]
[[-0.10956019  0.98584366 -0.12692058]
 [-0.90917895 -0.04778498  0.41365473]
 [ 0.401734    0.16071361  0.90154364]]
[[-0.1074096   0.98608097 -0.12691532]
 [-0.90754698 -0.04511758  0.41751993]
 [ 0.40598234  0.16002726  0.89976086]]
[[-0.10508544  0.98711057 -0.12070529]
 [-0.91046983 -0.04667697  0.41093301]
 [ 0.40000217  0.1530816   0.90363947]]
[[-0.10205312  0.98775302 -0.11802173]
 [-0.90918993 -0.04446926  0.41400019]
 [ 0.4036816   0.14955418  0.90259333]]
[[-0.10026438  0.98903257 -0.10845102]
 [-0.9097143  -0.0469838   0.41256807]
 [ 0.40294782  0.14002532  0.90444788]]
[[-0.10634405  0.98605404 -0.12801709]
 [-0.90821075 -0.04391416  0.41620282]
 [ 0.4047767   0.16052719  0.90021489]]
[[-0.10172423  0.98786749 -0.11734562]
 [-0.91050579 -0.04493095  0.41104796]
 [ 0.40078846  0.14865741  0.90402964]]
[[-0.09615215  0.98947338 -0.10815359]
 [-0.91024318 -0.0434427   0.41178888]
 [ 0.40275565  0.13804045  0.9048385 ]]
[[-0.09779927  0.98859855 -0.11449111]
 [-0.90892905 -0.04187421  0.41484278]
 [ 0.40531874  0.14463561  0.90266121]]
[[-0.09911086  0.98852811 -0.1139702 ]
 [-0.91017379 -0.04376492  0.41190813]
 [ 0.40219487  0.14455726  0.90406996]]
[[-0.09753079  0.98872827 -0.11359644]
 [-0.9099711  -0.04236908  0.41250145]
 [ 0.40303887  0.14360107  0.90384645]]
[[-0.09295015  0.99017464 -0.10447225]
 [-0.90926647 -0.04166131  0.41412416]
 [ 0.40570279  0.13348601  0.90420503]]
[[-0.09076512  0.99099638 -0.09842693]
 [-0.91199415 -0.04301205  0.40794195]
 [ 0.40003546  0.12679169  0.9076869 ]]
[[-0.09610615  0.98909799 -0.11157409]
 [-0.90924862 -0.04162794  0.41416671]
 [ 0.40500686  0.14125256  0.90333668]]
[[-0.08947547  0.99109688 -0.0985957 ]
 [-0.90918588 -0.0408574   0.41438111]
 [ 0.40666346  0.12671876  0.90474703]]
[[-0.08258611  0.99308423 -0.08344613]
 [-0.91076882 -0.04121771  0.4108543 ]
 [ 0.40457347  0.10993099  0.90787416]]
[[-0.08695971  0.99173079 -0.09438241]
 [-0.91085181 -0.04078047  0.41071392]
 [ 0.40346869  0.12168395  0.90686605]]
[[-0.08785184  0.9913219  -0.09779027]
 [-0.91018858 -0.03999392  0.41225869]
 [ 0.40477006  0.12522527  0.90580342]]
[[-0.08407872  0.99223886 -0.09161229]
 [-0.91016069 -0.03904627  0.41241109]
 [ 0.40563319  0.1180569   0.90637977]]
[[-0.08029486  0.99312056 -0.08523077]
 [-0.91168409 -0.03860339  0.40907444]
 [ 0.40297004  0.11055011  0.90851187]]
[[-0.07983236  0.99318383 -0.08492742]
 [-0.91267044 -0.03856891  0.40687234]
 [ 0.40082348  0.10999233  0.90952857]]
[[-0.08340773  0.99195647 -0.09521297]
 [-0.91105917 -0.03719464  0.41059437]
 [ 0.40375033  0.12099139  0.90683337]]
[[-0.07847353  0.9935457  -0.08190761]
 [-0.90882207 -0.0375287   0.41549253]
 [ 0.40973693  0.10704461  0.90590126]]
[[-0.07352228  0.99454042 -0.07405287]
 [-0.91338857 -0.03733925  0.40537278]
 [ 0.40039454  0.09744298  0.91114712]]
[[-0.07635812  0.99363953 -0.08276426]
 [-0.91186062 -0.03601329  0.40891717]
 [ 0.40333565  0.10669362  0.90881067]]
[[-0.0743771   0.99431621 -0.07617959]
 [-0.90963425 -0.03633804  0.41381768]
 [ 0.40869741  0.10007413  0.9071668 ]]
[[-0.07485819  0.99399293 -0.07983927]
 [-0.91047741 -0.03547324  0.41203463]
 [ 0.40672736  0.10353602  0.90766357]]
[[-0.07089587  0.99498229 -0.07059764]
 [-0.91200116 -0.03599112  0.40860557]
 [ 0.40401442  0.09335358  0.90997662]]
[[-0.06715709  0.99566952 -0.06428173]
 [-0.91275624 -0.03528965  0.4069775 ]
 [ 0.40294661  0.08600498  0.91117351]]
[[-0.06981079  0.99530099 -0.06709984]
 [-0.90861116 -0.03567716  0.41611644]
 [ 0.41176717  0.09001708  0.90683224]]
[[-0.07077867  0.99464158 -0.07535586]
 [-0.91148996 -0.03380449  0.40993086]
 [ 0.40518692  0.09770047  0.90899845]]
[[-0.06631063  0.99558575 -0.06642221]
 [-0.91290012 -0.03366353  0.4067925 ]
 [ 0.40276082  0.08761152  0.9111026 ]]
[[-0.06288203  0.99651422 -0.0548202 ]
 [-0.91082101 -0.03484665  0.4113281 ]
 [ 0.407984    0.07579653  0.90983732]]
[[-0.06511824  0.99574174 -0.0652533 ]
 [-0.9105184  -0.03253335  0.41218663]
 [ 0.40830853  0.0862552   0.9087597 ]]
[[-0.06660186  0.99518164 -0.07195615]
 [-0.91168571 -0.0313917   0.40968735]
 [ 0.4054545   0.09288734  0.90938363]]
[[-0.05937695  0.99690649 -0.05149585]
 [-0.91079117 -0.03298908  0.41154729]
 [ 0.40857537  0.07133839  0.90993242]]
[[-0.05776904  0.99689299 -0.05354542]
 [-0.91097162 -0.03069675  0.4113252 ]
 [ 0.40840353  0.07254022  0.90991454]]
[[-0.06027842  0.99652062 -0.05756008]
 [-0.91135748 -0.03142101  0.41041475]
 [ 0.40717816  0.07719696  0.91008053]]
[[-0.06025813  0.99649785 -0.05797406]
 [-0.91219368 -0.03139143  0.40855509]
 [ 0.40530438  0.07750234  0.91089063]]
[[-0.0549772   0.99721591 -0.05037787]
 [-0.9101433  -0.02929974  0.41325621]
 [ 0.41062961  0.06857075  0.9092202 ]]
[[-0.05280956  0.99773631 -0.04163427]
 [-0.9125794  -0.03128943  0.40770064]
 [ 0.40547501  0.05952507  0.91216598]]
[[-0.05453812  0.99697157 -0.05543716]
 [-0.913567   -0.02741288  0.40576332]
 [ 0.4030148   0.07277513  0.91229538]]
[[-0.05571641  0.99685279 -0.05639315]
 [-0.91058899 -0.02756537  0.41239281]
 [ 0.40954043  0.07432803  0.90925903]]
[[-0.05020915  0.99799389 -0.03856474]
 [-0.90993209 -0.029793    0.41368582]
 [ 0.41170697  0.05586211  0.90960255]]
[[-0.04783919  0.99815005 -0.03752196]
 [-0.91182923 -0.0283048   0.40959283]
 [ 0.40777305  0.05380821  0.91149647]]
[[-0.04858786  0.99788869 -0.0430973 ]
 [-0.91382207 -0.0269939   0.40521667]
 [ 0.40319777  0.05907188  0.91320429]]
[[-0.04953271  0.99773507 -0.045511  ]
 [-0.91206609 -0.02661526  0.40917854]
 [ 0.40704049  0.06177676  0.91131864]]
[[-0.04778509  0.9981117  -0.03859556]
 [-0.91056556 -0.02764534  0.41243921]
 [ 0.41059341  0.05485223  0.91016717]]
[[-0.04250645  0.99863808 -0.03025201]
 [-0.91285123 -0.02651258  0.40743062]
 [ 0.40607367  0.04493402  0.91273496]]
[[-0.04292911  0.99845828 -0.03518747]
 [-0.91476968 -0.02512161  0.40319392]
 [ 0.40168834  0.04949719  0.91443781]]
[[-0.0448887   0.99835699 -0.03561368]
 [-0.90988859 -0.0261416   0.41402822]
 [ 0.41241697  0.05098967  0.90956709]]
[[-0.04159698  0.99869718 -0.02955735]
 [-0.91049391 -0.0257083   0.41272258]
 [ 0.41142501  0.0440798   0.91037708]]
[[-0.03905151  0.99884756 -0.0279022 ]
 [-0.91312883 -0.02433246  0.40694432]
 [ 0.40579641  0.04137009  0.91302672]]
[[-0.03779696  0.99899823 -0.02395685]
 [-0.9105816  -0.02455724  0.4125992 ]
 [ 0.41159755  0.03740966  0.91059759]]
[[-0.03886133  0.99880341 -0.02969093]
 [-0.91116374 -0.02322228  0.41138956]
 [ 0.4102078   0.04304045  0.91097589]]
[[-0.03895049  0.99882276 -0.02891281]
 [-0.90981054 -0.02348494  0.41435883]
 [ 0.41319202  0.04244466  0.90965422]]
[[-0.03216937  0.99938361 -0.01405438]
 [-0.9112015  -0.02354691  0.41128745]
 [ 0.410703    0.02603723  0.91139734]]
[[-0.03345267  0.99922628 -0.02068249]
 [-0.91217383 -0.02206826  0.40920886]
 [ 0.40843582  0.03255515  0.91220631]]
[[-0.03484751  0.9990986  -0.02424117]
 [-0.9119683  -0.02186847  0.40967741]
 [ 0.40877801  0.03638342  0.91190832]]
[[-0.03132096  0.99935217 -0.01772694]
 [-0.91273686 -0.02136925  0.4079887 ]
 [ 0.40734558  0.02895863  0.91281486]]
[[-0.02906446  0.99950155 -0.01232496]
 [-0.91146686 -0.02143871  0.4108145 ]
 [ 0.4103455   0.02317389  0.91163564]]
[[-0.02779972  0.999526   -0.01322676]
 [-0.91367708 -0.02004011  0.40594653]
 [ 0.40548905  0.02337019  0.91380111]]
[[-0.02783014  0.99954579 -0.01156231]
 [-0.91219787 -0.02066435  0.40922858]
 [ 0.40880377  0.021936    0.91235864]]
[[-0.02750745  0.99950885 -0.01501336]
 [-0.91198977 -0.01894371  0.4097753 ]
 [ 0.40928963  0.0249639   0.91206294]]
[[-0.02292694  0.99971893 -0.00603536]
 [-0.91441904 -0.01852967  0.40434449]
 [ 0.40411901  0.01478923  0.91458685]]
[[-0.0241963   0.99968626 -0.00647486]
 [-0.91268949 -0.01944683  0.40819078]
 [ 0.4079368   0.01578624  0.91287368]]
[[-0.02277818  0.99968743 -0.01030481]
 [-0.91345431 -0.01662207  0.40660168]
 [ 0.4063033   0.01867462  0.91354742]]
[[-0.02256124  0.99971506 -0.00779713]
 [-0.91290295 -0.01742148  0.40780472]
 [ 0.40755268  0.0163186   0.91303588]]
[[-0.01939686  0.99980317 -0.00417035]
 [-0.91302747 -0.01601326  0.40758363]
 [ 0.40743662  0.01171349  0.91315836]]
[[-1.63955444e-02  9.99843269e-01  6.68014786e-03]
 [-9.13445199e-01 -1.76951983e-02  4.06576866e-01]
 [ 4.06631349e-01  5.64100080e-04  9.13592156e-01]]
[[-0.01943644  0.99979717 -0.0052771 ]
 [-0.91070085 -0.01552568  0.41277466]
 [ 0.41260901  0.01282873  0.91081789]]
[[-1.63034408e-02  9.99866904e-01  6.09641931e-04]
 [-9.12351788e-01 -1.51259079e-02  4.09127635e-01]
 [ 4.09082403e-01  6.11398026e-03  9.12476962e-01]]
[[-0.01277189  0.99989271  0.00717324]
 [-0.91202056 -0.01458999  0.40988491]
 [ 0.40994559 -0.00130714  0.91210904]]
[[-1.25352615e-02  9.99900210e-01  6.51438012e-03]
 [-9.13587238e-01 -1.41008946e-02  4.06398231e-01]
 [ 4.06449536e-01 -8.57146461e-04  9.13672830e-01]]
[[-1.24691872e-02  9.99909334e-01  5.08354467e-03]
 [-9.12667245e-01 -1.34579744e-02  4.08481803e-01]
 [ 4.08513182e-01  4.53851338e-04  9.12752307e-01]]
[[-0.01256104  0.99991493  0.00351387]
 [-0.91203533 -0.01289758  0.40990877]
 [ 0.40991922  0.00194411  0.91211976]]
[[-0.00738254  0.99977934  0.01966652]
 [-0.91134656 -0.0148216   0.41137303]
 [ 0.41157375 -0.01488604  0.91125488]]
[[-0.00767242  0.99985845  0.01497384]
 [-0.91344721 -0.01310075  0.40674632]
 [ 0.40688491 -0.01055708  0.91341843]]
[[-0.00946517  0.99991956  0.00844339]
 [-0.91167256 -0.01209814  0.41073931]
 [ 0.41080842 -0.00380989  0.91171373]]
[[-0.00543356  0.99980644  0.01890911]
 [-0.91338548 -0.01265948  0.40689889]
 [ 0.40705951 -0.01506039  0.91327747]]
[[-0.00662153  0.99985062  0.01596561]
 [-0.91203443 -0.01258557  0.40992047]
 [ 0.41006017 -0.01184688  0.91198153]]
[[-0.00421969  0.99972721  0.02297184]
 [-0.91168961 -0.0132844   0.41066481]
 [ 0.41085795 -0.01921031  0.91149696]]
[[-0.00414128  0.99978413  0.0203604 ]
 [-0.91380886 -0.01205256  0.40596564]
 [ 0.4061234  -0.0169243   0.91366151]]
[[-0.00640521  0.99986394  0.01520106]
 [-0.91045506 -0.01211789  0.41343046]
 [ 0.41355841 -0.01119177  0.9104088 ]]
[[-7.74476868e-04  9.99581716e-01  2.89100872e-02]
 [-9.13434002e-01 -1.24731501e-02  4.06795703e-01]
 [ 4.06986147e-01 -2.60924028e-02  9.13061588e-01]]
[[-0.00170974  0.99968504  0.02503774]
 [-0.9137588  -0.0117335   0.40608765]
 [ 0.40625353 -0.02218415  0.91349107]]
[[-8.58913784e-04  9.99664058e-01  2.59043091e-02]
 [-9.11257076e-01 -1.14507925e-02  4.11678784e-01]
 [ 4.11837108e-01 -2.32518884e-02  9.10960782e-01]]
[[-0.00246277  0.99977256  0.02118414]
 [-0.91134922 -0.01096395  0.41148803]
 [ 0.4116267  -0.01829275  0.91116894]]
[[-0.0017236   0.99975147  0.02222666]
 [-0.90994063 -0.01078619  0.41459825]
 [ 0.41473495 -0.01951034  0.90973307]]
[[ 0.0032233   0.99943083  0.03358005]
 [-0.91053138 -0.01094979  0.41329495]
 [ 0.41342741 -0.03190786  0.90997784]]
[[-5.99458674e-04  9.99741237e-01  2.27398298e-02]
 [-9.09988249e-01 -9.97406043e-03  4.14514059e-01]
 [ 4.14633606e-01 -2.04444939e-02  9.09758757e-01]]
[[ 0.00103886  0.99961436  0.02774978]
 [-0.91277311 -0.01038696  0.40833486]
 [ 0.40846563 -0.02575345  0.91241032]]
[[ 0.0033477   0.99950022  0.03143423]
 [-0.9104324  -0.00995637  0.41353805]
 [ 0.41364434 -0.03000315  0.90994405]]
[[ 0.00429278  0.99935568  0.0356342 ]
 [-0.91158458 -0.01073836  0.41097231]
 [ 0.41109016 -0.0342478   0.91095113]]
[[ 0.00440836  0.99934925  0.03580014]
 [-0.91386599 -0.01050874  0.40587994]
 [ 0.40599203 -0.0345058   0.91322496]]
[[ 0.00264805  0.9996007   0.02813244]
 [-0.91115125 -0.00918061  0.4119698 ]
 [ 0.41206357 -0.02672383  0.91076311]]
[[ 0.00641547  0.99928153  0.03735335]
 [-0.91339853 -0.00934812  0.40695915]
 [ 0.40701594 -0.03672933  0.9126823 ]]
[[ 0.00772181  0.99908505  0.04206464]
 [-0.91371931 -0.0100412   0.40622186]
 [ 0.40627257 -0.04157204  0.91280577]]
[[ 0.00547901  0.99941082  0.03388214]
 [-0.9124801  -0.00886438  0.40902504]
 [ 0.4090844  -0.03315783  0.91189392]]
[[ 0.00865637  0.99917632  0.03964539]
 [-0.91294911 -0.00827889  0.40798945]
 [ 0.40798161 -0.03972593  0.91212546]]
[[ 0.00810588  0.99922081  0.03862736]
 [-0.91385886 -0.0082795   0.40594757]
 [ 0.40595107 -0.03859051  0.91307968]]
[[ 0.00962486  0.9991416   0.04029184]
 [-0.91219337 -0.00773395  0.409687  ]
 [ 0.40964693 -0.04069713  0.91133591]]
[[ 0.01220625  0.99882774  0.04684177]
 [-0.9120793  -0.00807845  0.40993425]
 [ 0.40983211 -0.04772717  0.9109115 ]]
[[ 0.0100023   0.99910173  0.04117867]
 [-0.91303174 -0.00766781  0.40781645]
 [ 0.40776587 -0.04167654  0.91213489]]
[[ 0.0095285   0.99911816  0.04089141]
 [-0.91218446 -0.0080686   0.4097004 ]
 [ 0.40966904 -0.04120434  0.91130318]]
[[ 0.01531505  0.99857457  0.05113   ]
 [-0.91202164 -0.00700984  0.41008217]
 [ 0.40985604 -0.05291209  0.91061427]]
[[ 0.01195358  0.99892826  0.04471507]
 [-0.91127997 -0.00752503  0.41171858]
 [ 0.4116138  -0.04566946  0.91021337]]
[[ 0.01210002  0.99885904  0.04619739]
 [-0.91311251 -0.0077918   0.40763322]
 [ 0.40752809 -0.04711579  0.9119764 ]]
[[ 0.01445434  0.99869755  0.04893135]
 [-0.91133971 -0.00697621  0.41159599]
 [ 0.41140127 -0.05054243  0.9100519 ]]
[[ 0.01504525  0.998717    0.04835276]
 [-0.9120188  -0.0061159   0.41010281]
 [ 0.40987237 -0.05026873  0.91075666]]
[[ 0.01748025  0.99842434  0.05332243]
 [-0.91408217 -0.00565221  0.40548962]
 [ 0.40515209 -0.05582914  0.91254309]]
[[ 0.01512064  0.99865719  0.04954971]
 [-0.91160585 -0.00659034  0.41101258]
 [ 0.41078722 -0.05138458  0.91028209]]
[[ 0.01684398  0.99854038  0.05131656]
 [-0.91210313 -0.0056806   0.40992146]
 [ 0.40961464 -0.0537107   0.91067613]]
[[ 0.01962274  0.99816774  0.05723736]
 [-0.91261471 -0.00549978  0.40878374]
 [ 0.40834954 -0.06025712  0.91083464]]
[[ 0.01678221  0.99874478  0.04719337]
 [-0.91113507 -0.00416213  0.41208683]
 [ 0.411766   -0.04991527  0.90992155]]
[[ 0.0204725   0.99810528  0.05802356]
 [-0.9117305  -0.00517794  0.41075623]
 [ 0.4102784  -0.06131105  0.90989702]]
[[ 0.02027304  0.99843135  0.05219036]
 [-0.91115911 -0.0030375   0.41204351]
 [ 0.41155568 -0.0559071   0.90966824]]
[[ 0.02065667  0.99818279  0.05660756]
 [-0.91027129 -0.00464001  0.41398628]
 [ 0.41349664 -0.06007981  0.90852129]]
[[ 0.02418552  0.99779826  0.06175512]
 [-0.91277974 -0.00315415  0.40843995]
 [ 0.40773546 -0.06624716  0.91069375]]
[[ 0.02171102  0.99822073  0.05553386]
 [-0.91122744 -0.00309578  0.41189193]
 [ 0.41133098 -0.05954657  0.90953891]]
[[ 0.02271499  0.99770838  0.06373399]
 [-0.91258592 -0.00534051  0.40885011]
 [ 0.40825355 -0.06744977  0.91037331]]
[[ 0.02637162  0.99752234  0.06522054]
 [-0.91390928 -0.00237839  0.40591154]
 [ 0.40506095 -0.0703102   0.9115822 ]]
[[ 0.0235064   0.99805349  0.05776401]
 [-0.91026446 -0.0025233   0.41401961]
 [ 0.41335947 -0.06231263  0.90843331]]
[[ 0.02595918  0.9971933   0.07022564]
 [-0.91326607 -0.00491143  0.40733396]
 [ 0.40653561 -0.07470875  0.91057531]]
[[ 2.65155172e-02  9.97782416e-01  6.10506152e-02]
 [-9.13587139e-01 -6.02880127e-04  4.06642565e-01]
 [ 4.05777607e-01 -6.65573948e-02  9.11545197e-01]]
[[ 0.02696699  0.99728047  0.06858889]
 [-0.91090036 -0.00374637  0.41260939]
 [ 0.41174424 -0.07360448  0.90832211]]
[[ 0.0302006   0.99657074  0.07703687]
 [-0.91145955 -0.00417825  0.4113685 ]
 [ 0.41027969 -0.08263957  0.90820773]]
[[ 2.86819083e-02  9.97395664e-01  6.61758076e-02]
 [-9.11961496e-01 -9.96050220e-04  4.10274588e-01]
 [ 4.09272010e-01 -7.21172467e-02  9.09557873e-01]]
[[ 0.02788603  0.99713026  0.07038188]
 [-0.91088639 -0.00365193  0.41264107]
 [ 0.41171393 -0.07561681  0.90817054]]
[[ 0.03260449  0.99620223  0.08073454]
 [-0.91130121 -0.00354137  0.4117251 ]
 [ 0.41044738 -0.08699757  0.90772483]]
[[ 3.02072433e-02  9.97219014e-01  6.81304671e-02]
 [-9.10033354e-01 -7.54919145e-04  4.14534346e-01]
 [ 4.13432965e-01 -7.45229373e-02  9.07479760e-01]]
[[ 0.03126739  0.99664231  0.07567332]
 [-0.910448   -0.00284174  0.41361378]
 [ 0.41244004 -0.08182925  0.90730215]]
[[ 3.18839788e-02  9.96851291e-01  7.26010715e-02]
 [-9.11009905e-01 -8.95683605e-04  4.12383499e-01]
 [ 4.11150051e-01 -7.92887220e-02  9.08112842e-01]]
[[ 0.03167701  0.99681504  0.07318698]
 [-0.91075306 -0.00137695  0.4129491 ]
 [ 0.41173465 -0.07973626  0.90780874]]
[[ 0.03539292  0.99576496  0.08484982]
 [-0.91053108 -0.0028653   0.4134307 ]
 [ 0.41192292 -0.09189092  0.90657353]]
[[ 3.42164530e-02  9.96603285e-01  7.49074530e-02]
 [-9.12072848e-01  4.95435307e-04  4.10027895e-01]
 [ 4.08598035e-01 -8.23507542e-02  9.08991748e-01]]
[[ 3.30566430e-02  9.96742007e-01  7.35705797e-02]
 [-9.09589380e-01 -5.02832141e-04  4.15508012e-01]
 [ 4.14191283e-01 -8.06543180e-02  9.06609322e-01]]
[[ 0.03814131  0.99543264  0.08751632]
 [-0.91169219 -0.00119032  0.41087216]
 [ 0.40909973 -0.09545915  0.90748276]]
[[ 3.65974333e-02  9.96145726e-01  7.97139933e-02]
 [-9.10295203e-01  3.17318850e-04  4.13959592e-01]
 [ 4.12338783e-01 -8.77131242e-02  9.06798288e-01]]
[[ 3.59606204e-02  9.96062536e-01  8.10324538e-02]
 [-9.11341433e-01 -5.86988883e-04  4.11650880e-01]
 [ 4.10077585e-01 -8.86514536e-02  9.07731951e-01]]
[[ 3.77029560e-02  9.95787541e-01  8.35802569e-02]
 [-9.10707518e-01 -1.87398644e-04  4.13051790e-01]
 [ 4.11327490e-01 -9.16904418e-02  9.06864135e-01]]
[[ 0.03798093  0.99604778  0.0802887 ]
 [-0.90883277  0.00102919  0.41715937]
 [ 0.41542803 -0.0888131   0.90527995]]
[[ 0.04125811  0.99524251  0.08826166]
 [-0.91341071  0.0017684   0.40703532]
 [ 0.40494277 -0.09741265  0.90913812]]
[[ 0.04112464  0.9953371   0.08725152]
 [-0.91029733  0.00132381  0.41395292]
 [ 0.4119072  -0.09644849  0.90610714]]
[[ 0.03876784  0.99602479  0.0801977 ]
 [-0.90797806  0.0016027   0.41901466]
 [ 0.41722045 -0.08906204  0.90443079]]
[[ 0.04212979  0.99514426  0.0889549 ]
 [-0.91250144  0.0020649   0.40906829]
 [ 0.40689828 -0.09840543  0.90815756]]
[[ 0.04285893  0.99517075  0.08830794]
 [-0.90815437  0.00196358  0.41863084]
 [ 0.41643577 -0.09813931  0.90385282]]
[[ 0.04324314  0.9949075   0.09104443]
 [-0.91131046  0.00193338  0.41171532]
 [ 0.40944264 -0.10077361  0.90675322]]
[[ 0.0453483   0.99449206  0.09449376]
 [-0.91186734  0.00257833  0.41047693]
 [ 0.40797241 -0.1047802   0.90696175]]
[[ 0.04308823  0.99519098  0.0879677 ]
 [-0.90940407  0.00261091  0.41590555]
 [ 0.41367578 -0.09791882  0.90514322]]
[[ 0.04473138  0.99513972  0.08772703]
 [-0.90907545  0.00413626  0.416611  ]
 [ 0.4142233  -0.09838608  0.90484211]]
[[ 0.04817198  0.99387669  0.09944132]
 [-0.9123698   0.00326395  0.409354  ]
 [ 0.40652283 -0.11044666  0.90694031]]
[[ 0.04525168  0.99498035  0.08925466]
 [-0.91063253  0.00434998  0.41319423]
 [ 0.41073189 -0.09997593  0.90625831]]
[[ 0.04711521  0.9945171   0.09335894]
 [-0.90885596  0.00390309  0.41709186]
 [ 0.4144406  -0.1045012   0.90405668]]
[[ 0.04981163  0.99373007  0.10009675]
 [-0.91228053  0.00447647  0.40954146]
 [ 0.40652558 -0.11171624  0.90678357]]
[[ 0.04897241  0.99414575  0.09631163]
 [-0.9091876   0.00445057  0.41636294]
 [ 0.41349681 -0.10795564  0.90408294]]
[[ 0.05034152  0.99369543  0.10017549]
 [-0.91010087  0.00433405  0.41436413]
 [ 0.41131757 -0.11202952  0.90458125]]
[[ 0.05053913  0.99392795  0.09773963]
 [-0.91113167  0.00580706  0.41207446]
 [ 0.40900474 -0.10987956  0.90589271]]
[[ 0.05036094  0.99382691  0.09885264]
 [-0.90968898  0.00479258  0.41526255]
 [ 0.41222534 -0.11083817  0.90431475]]
[[ 0.05329618  0.99298172  0.10557852]
 [-0.90882017  0.00442406  0.41716464]
 [ 0.41376977 -0.11818517  0.9026776 ]]
[[ 0.05198114  0.99358788  0.10040459]
 [-0.91015313  0.00575692  0.41423198]
 [ 0.41099786 -0.1129158   0.90461637]]
[[ 0.05268729  0.99341099  0.1017775 ]
 [-0.9107496   0.00599895  0.41291546]
 [ 0.4095842  -0.11444922  0.90506473]]
[[ 0.05581109  0.99241368  0.10954552]
 [-0.90838759  0.00493455  0.41810002]
 [ 0.41438762 -0.1228444   0.90177167]]
[[ 0.0548963   0.99287368  0.10577453]
 [-0.90847132  0.00570835  0.41790821]
 [ 0.41432626 -0.11903474  0.90231063]]
[[ 0.05914744  0.99166441  0.11446957]
 [-0.91211915  0.00709169  0.40986383]
 [ 0.40563559 -0.12865228  0.90493556]]
[[ 0.05782148  0.99183139  0.11369772]
 [-0.91054452  0.00569613  0.41337178]
 [ 0.40934747 -0.12742861  0.903436  ]]
[[ 0.0566081   0.99290261  0.10459413]
 [-0.9107332   0.0084268   0.41290922]
 [ 0.40909725 -0.11863135  0.9047464 ]]
[[ 0.06142984  0.99152656  0.11446158]
 [-0.91097914  0.00883706  0.41235774]
 [ 0.40785215 -0.12960318  0.90380288]]
[[ 0.05917896  0.99159712  0.11503476]
 [-0.90979316  0.006151    0.41501634]
 [ 0.41082143 -0.12921807  0.90251229]]
[[ 0.05970201  0.99220374  0.10939565]
 [-0.91028034  0.00913888  0.41389152]
 [ 0.40966496 -0.12429087  0.90372916]]
[[ 0.06289573  0.99147772  0.11408793]
 [-0.91023295  0.01010655  0.41397322]
 [ 0.40929219 -0.12988374  0.90311135]]
[[ 0.06211517  0.9912538   0.11643717]
 [-0.90811668  0.00772949  0.41864585]
 [ 0.41408429 -0.13174279  0.90065423]]
[[ 0.06326319  0.99130581  0.11537138]
 [-0.91059121  0.01002415  0.41318659]
 [ 0.40843777 -0.13119567  0.90330852]]
[[ 0.06473475  0.99063255  0.12023548]
 [-0.90825767  0.00857889  0.41832332]
 [ 0.41337321 -0.13628485  0.90030496]]
[[ 0.06412667  0.99081086  0.1190866 ]
 [-0.90825887  0.00850521  0.41832223]
 [ 0.41346535 -0.13498707  0.90045816]]
[[ 0.06600251  0.99052423  0.12043843]
 [-0.91083097  0.01051843  0.4126455 ]
 [ 0.40746854 -0.13693469  0.90289439]]
[[ 0.06895805  0.98949653  0.12704884]
 [-0.90821845  0.00957396  0.41838689]
 [ 0.41277601 -0.14423925  0.8993392 ]]
[[ 0.06649804  0.99029439  0.12204518]
 [-0.9077019   0.00925056  0.41951362]
 [ 0.414313   -0.13867747  0.89950725]]
[[ 0.0693793   0.98979349  0.12448036]
 [-0.91087332  0.0119682   0.41251249]
 [ 0.40681237 -0.14200567  0.90240683]]
[[ 0.07087621  0.98874985  0.13172056]
 [-0.90787609  0.00924187  0.41913672]
 [ 0.41320403 -0.14929277  0.89831737]]
[[ 0.07004195  0.98955679  0.1259821 ]
 [-0.90849727  0.01112095  0.41774279]
 [ 0.41197918 -0.14371391  0.89978857]]
[[ 0.07287345  0.9886889   0.13108669]
 [-0.90985426  0.01207226  0.41475233]
 [ 0.40847851 -0.14949421  0.90044255]]
[[ 0.07199417  0.98865267  0.13184359]
 [-0.90783118  0.01020397  0.41921168]
 [ 0.41310942 -0.14987252  0.89826435]]
[[ 0.0722991   0.98954225  0.12481578]
 [-0.9095674   0.01406979  0.41531816]
 [ 0.40921874 -0.1435555   0.90107261]]
[[ 0.07627587  0.98785546  0.1353646 ]
 [-0.90948171  0.01328457  0.41553163]
 [ 0.40868693 -0.15480667  0.89944977]]
[[ 0.07486569  0.98783762  0.13627903]
 [-0.9068415   0.01060064  0.42133848]
 [ 0.41476935 -0.15512727  0.89660577]]
[[ 0.07371208  0.98925833  0.12623187]
 [-0.91127315  0.01539089  0.41151472]
 [ 0.40515155 -0.14536532  0.90261905]]
[[ 0.07578821  0.98741145  0.13883361]
 [-0.90889264  0.01114655  0.41688119]
 [ 0.41008575 -0.15777953  0.89829577]]
[[ 0.07617424  0.98832046  0.13198543]
 [-0.90877808  0.01435083  0.41703291]
 [ 0.41026806 -0.15171263  0.89925714]]
[[ 0.07621514  0.98780188  0.13578921]
 [-0.90973662  0.01314658  0.41497765]
 [ 0.40813053 -0.15515999  0.89964151]]
[[ 0.07771811  0.98798221  0.13360781]
 [-0.91081842  0.01586422  0.41250227]
 [ 0.40542532 -0.15375135  0.90110534]]
[[ 0.07802567  0.9876691   0.13572672]
 [-0.90771039  0.01407984  0.41936094]
 [ 0.41227883 -0.15592147  0.8976161 ]]
[[ 0.08005272  0.98707286  0.13884786]
 [-0.91043724  0.01569316  0.41334944]
 [ 0.40582706 -0.15950201  0.89992417]]
[[ 0.08071671  0.98685617  0.13999898]
 [-0.91052196  0.01586135  0.41315636]
 [ 0.40550533 -0.16082077  0.89983449]]
[[ 0.08054988  0.98752477  0.1353017 ]
 [-0.90846951  0.01688441  0.41760996]
 [ 0.41011568 -0.1565559   0.89849617]]
[[ 0.08230676  0.98648918  0.14164992]
 [-0.91116221  0.01690582  0.41170089]
 [ 0.40374377 -0.16295183  0.90024312]]
[[ 0.08344069  0.98577485  0.14589585]
 [-0.91071108  0.01600183  0.41273389]
 [ 0.40452809 -0.16730777  0.89909128]]
[[ 0.08566401  0.98527839  0.14794654]
 [-0.91042741  0.01709391  0.41331554]
 [ 0.40470188 -0.17010085  0.89848878]]
[[ 0.08591182  0.98520474  0.14829291]
 [-0.9119111   0.01780712  0.41000129]
 [ 0.40129454 -0.1704539   0.89994898]]
[[ 0.08467879  0.98543852  0.14744638]
 [-0.9115467   0.01685563  0.41085095]
 [ 0.40238304 -0.16919462  0.89970054]]
[[ 0.0871441   0.98472302  0.15075307]
 [-0.9113414   0.01768785  0.41127118]
 [ 0.4023217  -0.17322737  0.89896025]]
[[ 0.08949171  0.98387669  0.15484798]
 [-0.91143862  0.01821225  0.41103279]
 [ 0.40158545 -0.17791846  0.89837306]]
[[ 0.08835364  0.98433189  0.15259215]
 [-0.91029164  0.01759208  0.41359357]
 [ 0.40442893 -0.17544586  0.89758342]]
[[ 0.09058883  0.98357112  0.1561458 ]
 [-0.91035334  0.01821154  0.41343092]
 [ 0.40379506 -0.17960008  0.89704702]]
[[ 0.09085454  0.98423249  0.1517625 ]
 [-0.90949145  0.01992705  0.41524477]
 [ 0.40567321 -0.17575357  0.8969615 ]]
[[ 0.09089996  0.98375517  0.15479976]
 [-0.90920093  0.01855984  0.41594374]
 [ 0.40631375 -0.17855335  0.89611821]]
[[ 0.09218283  0.98337779  0.15643033]
 [-0.90790892  0.01849437  0.41875931]
 [ 0.40890552 -0.18062691  0.89452233]]
[[ 0.09211378  0.98367034  0.15462117]
 [-0.91055275  0.02036533  0.41289096]
 [ 0.40299968 -0.17882367  0.89755966]]
[[ 0.09123141  0.98401167  0.15296363]
 [-0.90873489  0.01944231  0.41692074]
 [ 0.40728091 -0.17703965  0.89597948]]
[[ 0.09282702  0.98327086  0.15672128]
 [-0.90832588  0.01915568  0.4178243 ]
 [ 0.40783236 -0.18113937  0.89490854]]
[[ 0.09426684  0.98267233  0.15958963]
 [-0.90965119  0.01988119  0.41489691]
 [ 0.40453489 -0.18428192  0.89576319]]
[[ 0.09180034  0.98396721  0.1529092 ]
 [-0.90897356  0.02009971  0.41636891]
 [ 0.40661992 -0.17721322  0.89624534]]
[[ 0.09115268  0.98395993  0.15334288]
 [-0.90935887  0.01948038  0.4155562 ]
 [ 0.40590347 -0.17732277  0.89654839]]
[[ 0.09182369  0.98391264  0.15324597]
 [-0.91052767  0.02066028  0.41293161]
 [ 0.40312253 -0.1774516   0.89777679]]
[[ 0.09236553  0.9836268   0.15474793]
 [-0.90835686  0.01957741  0.4177374 ]
 [ 0.40786814 -0.17915087  0.89529244]]
[[ 0.09164395  0.98361502  0.15525099]
 [-0.91138902  0.02003439  0.41105799]
 [ 0.40121245 -0.17916503  0.89829197]]
[[ 0.08982226  0.98471576  0.14922074]
 [-0.90962192  0.0200921   0.41495091]
 [ 0.40561055 -0.17300628  0.89752377]]
[[ 0.09093321  0.98428188  0.15139465]
 [-0.91133342  0.02095618  0.41113531]
 [ 0.40150038 -0.17535685  0.89891458]]
[[ 0.09032041  0.98450009  0.15033896]
 [-0.91039718  0.02041919  0.41323121]
 [ 0.40375636 -0.17419138  0.89813037]]
[[ 0.09085198  0.98398282  0.15337447]
 [-0.9100501   0.01948887  0.41403985]
 [ 0.404419   -0.17719479  0.89724427]]
[[ 0.09101286  0.98430805  0.15117643]
 [-0.90947222  0.02031367  0.41526816]
 [ 0.40568084 -0.1752855   0.89704963]]
[[ 0.09025669  0.98438183  0.15114941]
 [-0.91132026  0.02042033  0.41119143]
 [ 0.40168285 -0.1748583   0.89893018]]
[[ 0.08901461  0.9849398   0.14822278]
 [-0.91128572  0.02046704  0.41126566]
 [ 0.40203824 -0.17168195  0.89938343]]
[[ 0.09120644  0.983969    0.15325268]
 [-0.91115323  0.02035599  0.41156461]
 [ 0.40184721 -0.17717402  0.89840313]]
[[ 0.08980303  0.98473715  0.14909113]
 [-0.91111904  0.02076941  0.41161964]
 [ 0.40224062 -0.17280446  0.89907792]]
[[ 0.08895991  0.98492462  0.14835643]
 [-0.91231241  0.02080002  0.4089663 ]
 [ 0.39971516 -0.17172902  0.90040932]]
[[ 0.08974357  0.98465412  0.14967414]
 [-0.91158378  0.02067064  0.41059436]
 [ 0.40119957 -0.17328872  0.89944979]]
[[ 0.08764554  0.98582697  0.14305048]
 [-0.91024281  0.0209172   0.41354624]
 [ 0.40469282 -0.16645616  0.89917522]]
[[ 0.08854991  0.98518904  0.14683823]
 [-0.91291176  0.0213024   0.40760069]
 [ 0.39843573 -0.17014335  0.90127699]]
[[ 0.09062837  0.98361557  0.15584258]
 [-0.91297478  0.01954846  0.40754743]
 [ 0.39782351 -0.1792157   0.89978785]]
[[ 0.08676873  0.98565853  0.14473578]
 [-0.91089142  0.01966205  0.41217743]
 [ 0.4034204  -0.1676027   0.89953395]]
[[ 0.08879605  0.98500886  0.14789456]
 [-0.9129046   0.02109262  0.40762763]
 [ 0.39839735 -0.17120935  0.90109207]]
[[ 0.08855681  0.98534434  0.14578829]
 [-0.91041415  0.02068974  0.41318037]
 [ 0.40410861 -0.16931766  0.89890364]]
[[ 0.08860893  0.98528816  0.14613593]
 [-0.91198855  0.02125633  0.40966457]
 [ 0.40053133 -0.16957423  0.90045501]]
[[ 0.08881649  0.98501163  0.14786385]
 [-0.91284807  0.02110017  0.40775382]
 [ 0.3985223  -0.1711925   0.90104001]]
[[ 0.08888986  0.98490342  0.14853904]
 [-0.9113425   0.02024274  0.41115093]
 [ 0.40193712 -0.17191709  0.89938372]]
[[ 0.08839348  0.98546317  0.14508251]
 [-0.91199671  0.02149634  0.40963387]
 [ 0.40056035 -0.16852373  0.9006393 ]]
[[ 0.08950754  0.98458056  0.15029813]
 [-0.91289015  0.0207575   0.40767721]
 [ 0.39827124 -0.17369587  0.90067184]]
[[ 0.08814997  0.98520433  0.14697624]
 [-0.91238115  0.02064489  0.40882078]
 [ 0.39973769 -0.17013589  0.9007017 ]]
[[ 0.08929599  0.98481775  0.14886308]
 [-0.91231705  0.02090602  0.40895054]
 [ 0.39962961 -0.17232797  0.90033285]]
[[ 0.09025071  0.98444106  0.15076675]
 [-0.91370537  0.02161748  0.40580189]
 [ 0.39622884 -0.1743803   0.90144008]]
[[ 0.08748875  0.98565523  0.14432422]
 [-0.91186256  0.02091012  0.40996272]
 [ 0.40106406 -0.16747098  0.90061151]]
[[ 0.0899833   0.98465136  0.14954834]
 [-0.91223986  0.0212311   0.40910595]
 [ 0.39965166 -0.17323666  0.90014866]]
[[ 0.08864327  0.98517129  0.14690099]
 [-0.91332272  0.02153961  0.40666651]
 [ 0.39747199 -0.17021626  0.90168866]]
[[ 0.08832478  0.98531826  0.14610499]
 [-0.91227404  0.02112445  0.40903526]
 [ 0.39994352 -0.16941574  0.90074607]]
[[ 0.09098141  0.9841882   0.15197358]
 [-0.91231127  0.02118898  0.40894886]
 [ 0.39926247 -0.17585396  0.89981379]]
[[ 0.09004473  0.98448797  0.15058351]
 [-0.9128207   0.02111205  0.40781448]
 [ 0.39830932 -0.17417729  0.90056203]]
[[ 0.08892592  0.98498677  0.14796363]
 [-0.9117294   0.02068178  0.41027036]
 [ 0.40105072 -0.17138645  0.89988055]]
[[ 0.09115279  0.98396927  0.15328288]
 [-0.91335154  0.02126821  0.40661606]
 [ 0.39683766 -0.17706535  0.90064851]]
[[ 0.08855418  0.98552798  0.14454329]
 [-0.91095842  0.02143611  0.41194083]
 [ 0.40288077 -0.16815201  0.89967327]]
[[ 0.08996823  0.98478322  0.14868665]
 [-0.91213865  0.02153133  0.40931587]
 [ 0.39988598 -0.17244827  0.90019598]]
[[ 0.09168348  0.98372868  0.15450575]
 [-0.91222973  0.02075769  0.40915283]
 [ 0.39928819 -0.17845729  0.89928969]]
[[ 0.08697401  0.98581126  0.14356767]
 [-0.90972996  0.0198636   0.41472501]
 [ 0.40598881 -0.16667811  0.89854966]]
[[ 0.08819322  0.98538023  0.14576611]
 [-0.91258501  0.02127368  0.40833324]
 [ 0.39926252 -0.16903619  0.90111942]]
[[ 0.08865038  0.98526228  0.14628519]
 [-0.9101124   0.02044194  0.41385692]
 [ 0.40476726 -0.16982454  0.8985116 ]]
[[ 0.08709455  0.98589778  0.14289892]
 [-0.91117539  0.02085087  0.41149075]
 [ 0.40270825 -0.16604459  0.9001418 ]]
[[ 0.08727936  0.98561125  0.14475071]
 [-0.91205759  0.02061878  0.40954344]
 [ 0.40066604 -0.16776567  0.90073382]]
[[ 0.08537173  0.98599688  0.14325437]
 [-0.91163759  0.01928617  0.41054226]
 [ 0.40203056 -0.16564477  0.90051832]]
[[ 0.08643649  0.98594815  0.14295094]
 [-0.91167706  0.02042211  0.41039966]
 [ 0.40171343 -0.1657986   0.90063153]]
[[ 0.08609811  0.98604825  0.14246388]
 [-0.91279952  0.02077205  0.40787934]
 [ 0.39922944 -0.1651586   0.90185281]]
[[ 0.08438433  0.98680841  0.13816095]
 [-0.91157356  0.02045972  0.41062763]
 [ 0.40238407 -0.16059441  0.90127493]]
[[ 0.08504374  0.98614043  0.1424592 ]
 [-0.91251558  0.01967202  0.40856864]
 [ 0.4001036  -0.16474244  0.90154148]]
[[ 0.08289035  0.98729919  0.13553415]
 [-0.91220886  0.02040967  0.40921687]
 [ 0.40125327 -0.15755559  0.90231483]]
[[ 0.08255796  0.98735347  0.13534145]
 [-0.9120833   0.02013058  0.40951047]
 [ 0.40160708 -0.15725103  0.90221055]]
[[ 0.08382531  0.98672222  0.13911351]
 [-0.9119973   0.01971229  0.40972228]
 [ 0.40153983 -0.16121624  0.9015404 ]]
[[ 0.08109369  0.98787547  0.13238531]
 [-0.91279166  0.0202644   0.40792248]
 [ 0.4002939  -0.15392014  0.9033678 ]]
[[ 0.08163005  0.9874115   0.13548084]
 [-0.9128696   0.01951628  0.40778451]
 [ 0.40000703 -0.15696381  0.90297106]]
[[ 0.08099304  0.98792232  0.132097  ]
 [-0.91229424  0.02009903  0.40904186]
 [ 0.40144657 -0.15364088  0.90290372]]
[[ 0.0809726   0.9880053   0.13148751]
 [-0.91124286  0.01993255  0.41138686]
 [ 0.40383152 -0.15312811  0.90192676]]
[[ 0.08032685  0.98827777  0.12982542]
 [-0.91162979  0.02016921  0.41051715]
 [ 0.4030865  -0.15132827  0.90256359]]
[[ 0.07865422  0.98873289  0.12736084]
 [-0.91231202  0.01988911  0.40901247]
 [ 0.40187098 -0.14836338  0.90359727]]
[[ 0.0787816   0.98865337  0.12789826]
 [-0.91193976  0.01964746  0.40985346]
 [ 0.40269013 -0.14892442  0.90314018]]
[[ 0.07807072  0.98886783  0.12667034]
 [-0.91228072  0.01962059  0.40909525]
 [ 0.40205579 -0.14749727  0.90365685]]
[[ 0.076953    0.98908128  0.12568399]
 [-0.91204944  0.01890564  0.40964424]
 [ 0.40279531 -0.14615336  0.90354587]]
[[ 0.07644697  0.98942666  0.12325076]
 [-0.91142037  0.01921909  0.41102741]
 [ 0.40431271 -0.14375506  0.90325285]]
[[ 0.07528243  0.98976579  0.12122801]
 [-0.91137255  0.01896207  0.41114538]
 [ 0.4046389  -0.1414359   0.90347288]]
[[ 0.07791011  0.98874782  0.12770184]
 [-0.91144889  0.01873821  0.41098638]
 [ 0.40396898 -0.1484137   0.902653  ]]
[[ 0.07455299  0.99005004  0.11934311]
 [-0.91129399  0.01904144  0.41131581]
 [ 0.40495077 -0.13942148  0.90364624]]
[[ 0.07521441  0.98977705  0.12117829]
 [-0.91181224  0.01907341  0.41016416]
 [ 0.4036598  -0.1413421   0.90392543]]
[[ 0.0736029   0.99024561  0.11830574]
 [-0.91102635  0.01850061  0.4119329 ]
 [ 0.40572602 -0.13809911  0.90350154]]
[[ 0.0732394   0.99029832  0.11808988]
 [-0.91110697  0.01828108  0.41176436]
 [ 0.40561074 -0.13774989  0.9036066 ]]
[[ 0.07135116  0.9909459   0.11373314]
 [-0.91145018  0.01845624  0.41099627]
 [ 0.40517598 -0.13298716  0.9045147 ]]
[[ 0.07241392  0.99005923  0.12057752]
 [-0.91173788  0.01669954  0.4104329 ]
 [ 0.40433929 -0.13965615  0.90388378]]
[[ 0.07100713  0.99080748  0.11514566]
 [-0.91065196  0.01728814  0.41281247]
 [ 0.40702703 -0.13417024  0.90350835]]
[[ 0.07175831  0.99006747  0.12090143]
 [-0.91150612  0.01587778  0.41097991]
 [ 0.4049782  -0.13969362  0.90359192]]
[[ 0.07009463  0.99048093  0.11846636]
 [-0.91116347  0.01523255  0.41176341]
 [ 0.40603926 -0.13680463  0.90355775]]
[[ 0.06953926  0.99005208  0.12231589]
 [-0.9120865   0.01343719  0.40977758]
 [ 0.40405756 -0.1400583   0.90394754]]
[[ 0.06906818  0.99068858  0.11732742]
 [-0.91195233  0.01502002  0.41002116]
 [ 0.40444102 -0.13531643  0.90449816]]
[[ 0.06766806  0.99066834  0.11831005]
 [-0.9114241   0.01314093  0.41125835]
 [ 0.40586593 -0.13565969  0.90380822]]
[[ 0.06689574  0.9909458   0.11641036]
 [-0.91165815  0.01329267  0.41073438]
 [ 0.40546811 -0.13360283  0.90429304]]
[[ 0.06731028  0.99051992  0.11974809]
 [-0.91152074  0.01224575  0.41107175]
 [ 0.40570836 -0.13682222  0.90370372]]
[[ 0.06742167  0.99034849  0.12109581]
 [-0.91211522  0.01199203  0.40975848]
 [ 0.40435151 -0.13807993  0.90412045]]
[[ 0.06512908  0.9912558   0.1147612 ]
 [-0.91179885  0.0123892   0.41045019]
 [ 0.40543934 -0.13137137  0.9046328 ]]
[[ 0.06478211  0.99122804  0.11519655]
 [-0.91140986  0.01176224  0.41133164]
 [ 0.40636849 -0.1316382   0.90417699]]
[[ 0.06415195  0.99143035  0.11379977]
 [-0.9112356   0.0117043   0.41171918]
 [ 0.40685895 -0.13011099  0.90417749]]
[[ 0.06439818  0.99149055  0.11313425]
 [-0.91046223  0.01196203  0.41341921]
 [ 0.40854793 -0.12962791  0.90348503]]
[[ 0.06281779  0.99186693  0.11069743]
 [-0.91141072  0.01181593  0.4113282 ]
 [ 0.40667485 -0.12672956  0.9047404 ]]
[[ 0.06179132  0.99203538  0.10976169]
 [-0.91219516  0.01149954  0.40959462]
 [ 0.40507014 -0.12543348  0.90564045]]
[[ 0.06129852  0.99243333  0.10638881]
 [-0.91044614  0.01191204  0.41345608]
 [ 0.40906028 -0.12220553  0.90428728]]
[[ 0.06075035  0.99220325  0.10882144]
 [-0.91253384  0.01103084  0.40885243]
 [ 0.40446431 -0.12414117  0.90608917]]
[[ 0.06027313  0.99237428  0.10751951]
 [-0.91240679  0.01108824  0.40913433]
 [ 0.40482218 -0.12276134  0.90611735]]
[[ 0.06002931  0.99244612  0.10699148]
 [-0.91171304  0.01087197  0.41068373]
 [ 0.40641827 -0.12219859  0.90547871]]
[[ 0.05865102  0.99326097  0.09996349]
 [-0.9097022   0.01194164  0.41508952]
 [ 0.41109849 -0.11528243  0.90427208]]
[[ 0.05873179  0.99286261  0.10379987]
 [-0.91205673  0.01109692  0.40991387]
 [ 0.40583629 -0.11874635  0.90619877]]
[[ 0.05710927  0.99312441  0.10218827]
 [-0.91245688  0.01038193  0.40904115]
 [ 0.40516784 -0.11660243  0.9067761 ]]
[[ 0.05597736  0.99335052  0.10060452]
 [-0.91397326  0.01042184  0.40564056]
 [ 0.40189478 -0.11465653  0.90847921]]
[[ 0.05592469  0.99340413  0.10010324]
 [-0.91292925  0.01028216  0.40798832]
 [ 0.404268   -0.11420379  0.90748271]]
[[ 0.05391521  0.99380242  0.09721058]
 [-0.91312646  0.00967204  0.40756169]
 [ 0.40409557 -0.11073933  0.90798875]]
[[ 0.05344882  0.99362245  0.09928572]
 [-0.91582142  0.00914652  0.40148159]
 [ 0.398013   -0.1123867   0.91046959]]
[[ 0.0508617   0.99444797  0.09212125]
 [-0.91511262  0.00946383  0.40308724]
 [ 0.39997747 -0.10480302  0.91051323]]
[[ 0.04998756  0.9942562   0.09463533]
 [-0.91418987  0.00739258  0.40521875]
 [ 0.40219165 -0.10677056  0.90930849]]
[[ 0.0511127   0.99396669  0.09704488]
 [-0.91555271  0.00781967  0.40212199]
 [ 0.398937   -0.10940324  0.91042858]]
[[ 0.04890034  0.99500795  0.08699386]
 [-0.91315698  0.0092496   0.40750309]
 [ 0.40466416 -0.09936609  0.90905077]]
[[ 0.04769946  0.99474457  0.090598  ]
 [-0.91479918  0.00708495  0.40384683]
 [ 0.40108256 -0.10214226  0.91032947]]
[[ 0.04688911  0.99507377  0.08734764]
 [-0.91443107  0.00756709  0.40467094]
 [ 0.40201647 -0.09884805  0.91028118]]
[[ 0.04469474  0.99565545  0.08168598]
 [-0.91401037  0.00775193  0.40561675]
 [ 0.40322131 -0.09279076  0.91038588]]
[[ 0.04485493  0.99515296  0.08751356]
 [-0.91611158  0.00603914  0.40087791]
 [ 0.39840633 -0.09815354  0.91194204]]
[[ 0.04396447  0.99550145  0.08392843]
 [-0.91417984  0.0062064   0.40526128]
 [ 0.4029173  -0.09454277  0.91034022]]
[[ 0.04115215  0.99637403  0.07446669]
 [-0.91275248  0.00717181  0.40845009]
 [ 0.406435   -0.08477826  0.909738  ]]
[[ 0.0430938   0.99542196  0.08531151]
 [-0.91568198  0.00519989  0.40186997]
 [ 0.39958658 -0.09543632  0.91171403]]
[[ 0.04056209  0.99599215  0.07971425]
 [-0.91144142  0.00419164  0.41140852]
 [ 0.40942552 -0.08934245  0.90795852]]
[[ 0.03958216  0.99606565  0.07928725]
 [-0.9136345   0.00394751  0.40651742]
 [ 0.40460505 -0.08853041  0.9101962 ]]
[[ 0.03931634  0.9960432   0.07970044]
 [-0.91309721  0.00341709  0.40772762]
 [ 0.40584198 -0.08880461  0.90961862]]
[[ 0.03766526  0.99639615  0.07600033]
 [-0.91290663  0.00337716  0.40815447]
 [ 0.40642688 -0.08475445  0.90974385]]
[[ 0.03779554  0.99627253  0.07754063]
 [-0.91512587  0.00333927  0.40315444]
 [ 0.40139276 -0.08619687  0.91184097]]
[[ 0.03606078  0.99647526  0.07574086]
 [-0.9134211   0.00211884  0.40701033]
 [ 0.40541524 -0.08386041  0.91027793]]
[[ 0.03291011  0.99711051  0.06846579]
 [-0.91314644  0.00214952  0.40762601]
 [ 0.40630101 -0.07593431  0.91057865]]
[[ 0.0330343   0.99699511  0.07006767]
 [-0.91408164  0.00178714  0.40552627]
 [ 0.40418249 -0.07744385  0.91139397]]
[[ 3.31726607e-02  9.96686782e-01  7.42632714e-02]
 [-9.13992076e-01  1.89190897e-04  4.05731992e-01]
 [ 4.04373663e-01 -8.13352513e-02  9.10970097e-01]]
[[ 0.03107771  0.99728941  0.06669343]
 [-0.91260155  0.00109702  0.40884863]
 [ 0.40766725 -0.07357061  0.91016195]]
[[ 2.88217060e-02  9.97659585e-01  6.20053337e-02]
 [-9.12724231e-01  9.74721763e-04  4.08574996e-01]
 [ 4.07558323e-01 -6.83695990e-02  9.10616171e-01]]
[[ 0.02747076  0.99752578  0.06471225]
 [-0.91330775 -0.00126912  0.40726814]
 [ 0.4063426  -0.07029017  0.91101317]]
[[ 0.0264634   0.99759856  0.06400622]
 [-0.91241594 -0.00205443  0.40925901]
 [ 0.40840769 -0.06923069  0.91017046]]
[[ 0.02426377  0.99782529  0.06128589]
 [-0.91442275 -0.00262394  0.40475195]
 [ 0.40403254 -0.06586202  0.91237048]]
[[ 0.02256088  0.99799014  0.05921724]
 [-0.91358077 -0.00347604  0.40664246]
 [ 0.40603101 -0.06327394  0.91166618]]
[[ 0.02005044  0.99856607  0.04963661]
 [-0.91577432 -0.00157912  0.40169007]
 [ 0.40119245 -0.05351     0.91442949]]
[[ 0.01954528  0.99819597  0.05676961]
 [-0.91559908 -0.00493818  0.40206211]
 [ 0.40161712 -0.05983662  0.91385079]]
[[ 0.01840378  0.99860147  0.04956209]
 [-0.91600599 -0.00302825  0.40115316]
 [ 0.40074222 -0.05278191  0.9146692 ]]
[[ 0.01554294  0.99865086  0.04954675]
 [-0.91652644 -0.0055775   0.39993521]
 [ 0.39967198 -0.05162708  0.91520323]]
[[ 0.01498125  0.99876466  0.0473784 ]
 [-0.91731822 -0.00512613  0.39812185]
 [ 0.39787291 -0.04942543  0.91610822]]
[[ 0.01401607  0.99872179  0.04856261]
 [-0.91638599 -0.00660107  0.40024136]
 [ 0.40005033 -0.05011191  0.91512214]]
[[ 0.0121268   0.99879358  0.04758492]
 [-0.91743515 -0.00781357  0.39780861]
 [ 0.39770049 -0.04848022  0.91623359]]
[[ 0.00984416  0.99910986  0.04101919]
 [-0.91894251 -0.00713511  0.39432697]
 [ 0.39426864 -0.0415761   0.91805428]]
[[ 0.00904999  0.99914478  0.04034619]
 [-0.91840367 -0.00765477  0.39557059]
 [ 0.39554113 -0.040634    0.91754896]]
[[ 0.00857887  0.99899791  0.0439269 ]
 [-0.91817774 -0.00953005  0.39605406]
 [ 0.39607581 -0.0437304   0.91717589]]
[[ 0.00659824  0.99931008  0.03654909]
 [-0.91967795 -0.00828613  0.39258606]
 [ 0.39261806 -0.03620377  0.91898876]]
[[ 0.00457085  0.99939539  0.03446683]
 [-0.91830723 -0.00944871  0.39575568]
 [ 0.39584207 -0.03346008  0.91770882]]
[[ 0.0032168   0.99951807  0.03087511]
 [-0.92003009 -0.0091399   0.39174112]
 [ 0.39183452 -0.02966618  0.9195573 ]]
[[ 0.00284399  0.99944838  0.03308848]
 [-0.92013269 -0.01034201  0.39147014]
 [ 0.3915964  -0.03155913  0.91959571]]
[[ 9.84525385e-04  9.99568067e-01  2.93719203e-02]
 [-9.23480547e-01 -1.03595734e-02  3.83505358e-01]
 [ 3.83643990e-01 -2.75019677e-02  9.23071466e-01]]
[[ 5.33656221e-05  9.99629769e-01  2.72088667e-02]
 [-9.21360373e-01 -1.05271937e-02  3.88566908e-01]
 [ 3.88709481e-01 -2.50899077e-02  9.21018695e-01]]
[[-0.00149209  0.99965287  0.0263042 ]
 [-0.92058509 -0.01164596  0.39036837]
 [ 0.3905392  -0.02363279  0.9202829 ]]
[[-0.00223092  0.9997227   0.02344247]
 [-0.92470893 -0.01098624  0.38051636]
 [ 0.38066838 -0.02082856  0.92447702]]
[[-0.00322262  0.99973409  0.02283341]
 [-0.92601258 -0.01160264  0.3773143 ]
 [ 0.37747889 -0.01992808  0.92580374]]
[[-0.00548858  0.99977611  0.02043522]
 [-0.92206226 -0.01296855  0.38682425]
 [ 0.38700267 -0.01671943  0.921927  ]]
[[-0.00613003  0.99979262  0.01941999]
 [-0.92197604 -0.01317046  0.38702289]
 [ 0.3871984  -0.01553231  0.92186558]]
[[-0.00656555  0.99982065  0.01776421]
 [-0.92585908 -0.01278977  0.37765247]
 [ 0.37781194 -0.01396766  0.92577699]]
[[-0.00884476  0.99980297  0.01777027]
 [-0.92292186 -0.01500211  0.38469492]
 [ 0.38488572 -0.01299803  0.92287271]]
[[-0.01036537  0.99985594  0.01344075]
 [-0.92273309 -0.0147434   0.38515748]
 [ 0.38530016 -0.00840992  0.92275298]]
[[-0.01110099  0.99990077  0.00867331]
 [-0.92556382 -0.01355756  0.37834878]
 [ 0.37842882 -0.00382766  0.92562248]]
[[-1.22634575e-02  9.99908763e-01  5.66328258e-03]
 [-9.25936498e-01 -1.34939526e-02  3.77438095e-01]
 [ 3.77480079e-01 -6.15143996e-04  9.26017501e-01]]
[[-0.01348331  0.99979315  0.01522657]
 [-0.92711949 -0.01820406  0.37432348]
 [ 0.37452323 -0.00906973  0.92717317]]
[[-0.01638887  0.9998278   0.00870454]
 [-0.92423793 -0.01847005  0.38137003]
 [ 0.38146513 -0.00179485  0.92438149]]
[[-0.0173901   0.99980359  0.00950644]
 [-0.92507855 -0.01969653  0.37926471]
 [ 0.37937746 -0.00219875  0.92523938]]
[[-0.01810383  0.99981646  0.00626852]
 [-0.92537497 -0.01912941  0.37856998]
 [ 0.37862041  0.00105283  0.92555144]]
[[-0.02213868  0.999727   -0.00746967]
 [-0.92585576 -0.01768253  0.37746317]
 [ 0.37722804  0.01527238  0.92599447]]
[[-0.0234184   0.99970831 -0.00590487]
 [-0.92657163 -0.01948656  0.37561322]
 [ 0.3753886   0.01426755  0.9267577 ]]
[[-0.02528422  0.99964643 -0.00822934]
 [-0.92601446 -0.02031876  0.37694079]
 [ 0.37664031  0.01715114  0.9262008 ]]
[[-0.02630784  0.99959641 -0.01071939]
 [-0.92764708 -0.02041537  0.37289959]
 [ 0.37253025  0.019754    0.92780978]]
[[-0.02819544  0.99954873 -0.0103611 ]
 [-0.92651675 -0.022242    0.37559553]
 [ 0.37519558  0.02018981  0.92672577]]
[[-0.03115598  0.99936068 -0.01753692]
 [-0.92694285 -0.02232584  0.37453773]
 [ 0.37390675  0.02792481  0.92704582]]
[[-0.03268439  0.99928626 -0.01893966]
 [-0.92637848 -0.02317562  0.37588004]
 [ 0.37517282  0.0298307   0.92647476]]
[[-0.03339574  0.99932469 -0.0153261 ]
 [-0.92880978 -0.02536956  0.36968741]
 [ 0.36904894  0.02658101  0.92902978]]
[[-0.03581825  0.99911412 -0.02209153]
 [-0.92896621 -0.02513759  0.36931002]
 [ 0.36842752  0.03375032  0.92904364]]
[[-0.03796796  0.99889133 -0.02783069]
 [-0.92885923 -0.02500874  0.36958774]
 [ 0.36848198  0.03988328  0.92877896]]
[[-0.03974068  0.99874867 -0.03036057]
 [-0.92919243 -0.02576512  0.36869714]
 [ 0.36745354  0.04286309  0.92905363]]
[[-0.04060756  0.99885214 -0.02540512]
 [-0.93030457 -0.02852006  0.36567746]
 [ 0.36453316  0.03848377  0.93039485]]
[[-0.04288528  0.99839471 -0.03699819]
 [-0.92873885 -0.02618902  0.36980844]
 [ 0.36824584  0.05022099  0.92837107]]
[[-0.04417267  0.99841562 -0.03485721]
 [-0.93051087 -0.02841972  0.36516003]
 [ 0.36359084  0.04856511  0.93029196]]
[[-0.04890868  0.99775662 -0.04571283]
 [-0.9308543  -0.02894122  0.36424261]
 [ 0.36210249  0.06036661  0.93018152]]
[[-0.04751079  0.99799392 -0.04184338]
 [-0.93162204 -0.02916255  0.3622567 ]
 [ 0.36030972  0.05619332  0.93113867]]
[[-0.04679425  0.99810101 -0.04005847]
 [-0.93064737 -0.028992    0.36476697]
 [ 0.3629129   0.0543493   0.93023673]]
[[-0.05057886  0.99755608 -0.04820412]
 [-0.93220009 -0.02983475  0.36071163]
 [ 0.35839193  0.06318026  0.93143088]]
[[-0.05158718  0.99749414 -0.04841696]
 [-0.93218234 -0.03070234  0.3606847 ]
 [ 0.35829436  0.06374014  0.93143027]]
[[-0.05148691  0.99757929 -0.0467403 ]
 [-0.930431   -0.03091211  0.36516107]
 [ 0.36283228  0.06228963  0.92977026]]
[[-0.05018649  0.99764536 -0.04674447]
 [-0.93156434 -0.02988462  0.36234624]
 [ 0.3600961   0.06173037  0.93087064]]
[[-0.05307772  0.9971802  -0.053051  ]
 [-0.93176193 -0.03034756  0.3617993 ]
 [ 0.35916912  0.06863439  0.93074533]]
[[-0.05394775  0.99715214 -0.0526996 ]
 [-0.93104359 -0.03115615  0.36357547]
 [ 0.36089814  0.0686797   0.93007292]]
[[-0.05431436  0.99722795 -0.05085638]
 [-0.92954253 -0.03189471  0.36733284]
 [ 0.36469253  0.06722462  0.92869813]]
[[-0.05430362  0.99709564 -0.05339858]
 [-0.93105121 -0.03123717  0.36354901]
 [ 0.36082511  0.06945883  0.93004339]]
[[-0.05532427  0.99682174 -0.05732056]
 [-0.93235967 -0.03103402  0.36019763]
 [ 0.35727394  0.07337105  0.93111332]]
[[-0.05641176  0.9968194  -0.05629213]
 [-0.93281288 -0.03252235  0.35889054]
 [ 0.3559183   0.07275567  0.93168062]]
[[-0.05611053  0.99683838 -0.05625694]
 [-0.93101875 -0.03188712  0.36357571]
 [ 0.36063235  0.07277669  0.92986443]]
[[-0.05602725  0.99722363 -0.04905079]
 [-0.93034359 -0.03431239  0.36508007]
 [ 0.36238343  0.06608852  0.92968304]]
[[-0.05733486  0.99678541 -0.0559603 ]
 [-0.93211587 -0.03336962  0.36061958]
 [ 0.35759296  0.07283756  0.93103274]]
[[-0.05944872  0.99643975 -0.05978029]
 [-0.93075117 -0.03368599  0.36409821]
 [ 0.36078817  0.07728575  0.92944005]]
[[-0.06066702  0.99633163 -0.06035552]
 [-0.93196115 -0.03488644  0.36087582]
 [ 0.35744641  0.07814226  0.93065883]]
[[-0.06223247  0.9962706  -0.05976632]
 [-0.93199594 -0.03658405  0.36061777]
 [ 0.35708639  0.0781441   0.93079687]]
[[-0.06341643  0.99594206 -0.06385745]
 [-0.93267357 -0.03637712  0.35888259]
 [ 0.35510332  0.08231721  0.93119574]]
[[-0.06527579  0.99571668 -0.06547796]
 [-0.9310743  -0.03717185  0.36293099]
 [ 0.3589425   0.08465545  0.92951263]]
[[-0.06620376  0.99549481 -0.06787591]
 [-0.93293815 -0.03762957  0.35806483]
 [ 0.35389754  0.08702927  0.93122631]]
[[-0.06801728  0.99527781 -0.06925115]
 [-0.93455267 -0.03926029  0.35365229]
 [ 0.34926346  0.08877332  0.93280991]]
[[-0.07081624  0.99439717 -0.07848142]
 [-0.9330873  -0.03822596  0.35761272]
 [ 0.35260905  0.09855481  0.93056639]]
[[-0.0728126   0.99478669 -0.07139859]
 [-0.93258498 -0.04253388  0.35843565]
 [ 0.35353016  0.09268388  0.93082014]]
[[-0.07446334  0.99391165 -0.08120869]
 [-0.93449254 -0.04112041  0.35359977]
 [ 0.3481076   0.10221914  0.93186498]]
[[-0.07319662  0.99503483 -0.06743836]
 [-0.93394262 -0.04466818  0.35462083]
 [ 0.34984773  0.08894061  0.932575  ]]
[[-0.07648984  0.99337203 -0.0857981 ]
 [-0.93288871 -0.04092647  0.35783192]
 [ 0.3519488   0.10741058  0.92983601]]
[[-0.07914214  0.99291572 -0.08862789]
 [-0.93474722 -0.04302372  0.35269902]
 [ 0.34638729  0.11075802  0.93153019]]
[[-0.07819588  0.99381561 -0.0788412 ]
 [-0.93525779 -0.045743    0.35099921]
 [ 0.34522206  0.10118353  0.93305071]]
[[-0.08192681  0.99230796 -0.0928058 ]
 [-0.93435733 -0.04407164  0.35360158]
 [ 0.34679156  0.11568323  0.93078086]]
[[-0.08336734  0.9914951  -0.09993672]
 [-0.93551544 -0.04332008  0.35061977]
 [ 0.34330852  0.12272259  0.93117046]]
[[-0.08317261  0.99273893 -0.08690074]
 [-0.93369583 -0.04715502  0.35494858]
 [ 0.34827347  0.11066086  0.93083821]]
[[-0.08608257  0.9915711  -0.09683257]
 [-0.93542166 -0.0469897   0.35039732]
 [ 0.34289372  0.12074239  0.93158208]]
[[-0.08466382  0.99148158 -0.09897637]
 [-0.93842292 -0.04595047  0.3424193 ]
 [ 0.33495442  0.12187222  0.93431938]]
[[-0.08828257  0.99075622 -0.10299664]
 [-0.93834723 -0.04802353  0.34234225]
 [ 0.33423145  0.12686946  0.93391299]]
[[-0.09002986  0.99049466 -0.10399501]
 [-0.93560279 -0.04832111  0.34973203]
 [ 0.34138255  0.12878434  0.93105991]]
[[-0.08813361  0.99081254 -0.10258154]
 [-0.93848163 -0.04807399  0.34196655]
 [ 0.33389324  0.12640963  0.9340963 ]]
[[-0.09084638  0.98972479 -0.11041635]
 [-0.93756883 -0.04762299  0.34452394]
 [ 0.33572553  0.13482168  0.93226149]]
[[-0.09167468  0.98984462 -0.10864334]
 [-0.93898979 -0.04960878  0.34034857]
 [ 0.33150254  0.13321633  0.93400186]]
[[-0.0947096   0.9887886  -0.11544351]
 [-0.93793712 -0.04976757  0.34321588]
 [ 0.33362261  0.14078459  0.932135  ]]
[[-0.09348374  0.98959994 -0.10932863]
 [-0.93599046 -0.04992159  0.34846763]
 [ 0.33938568  0.13490661  0.93092296]]
[[-0.09301625  0.98973039 -0.10854373]
 [-0.93700559 -0.05014863  0.34569588]
 [ 0.33670239  0.13386142  0.93204754]]
[[-0.09675308  0.98822437 -0.11853879]
 [-0.93774289 -0.05059228  0.3436258 ]
 [ 0.33358224  0.14440576  0.93159533]]
[[-0.09746688  0.98790414 -0.12060523]
 [-0.93782907 -0.05060491  0.34338866]
 [ 0.33313186  0.14657611  0.93141753]]
[[-0.0966409   0.98815065 -0.11924271]
 [-0.93954754 -0.05102839  0.33859493]
 [ 0.32849803  0.14475631  0.93334594]]
[[-0.09705017  0.98765694 -0.12294319]
 [-0.94051795 -0.05059859  0.33595501]
 [ 0.32558755  0.14823477  0.93381969]]
[[-0.09813883  0.98769323 -0.12178198]
 [-0.93876918 -0.0512682   0.34071101]
 [ 0.33027442  0.14776215  0.93224737]]
[[-0.09947764  0.9873582  -0.12340169]
 [-0.93980497 -0.05248572  0.33765644]
 [ 0.32691103  0.14956278  0.9331453 ]]
[[-0.09898661  0.98758463 -0.12197641]
 [-0.93919643 -0.05221903  0.33938656]
 [ 0.32880346  0.14815454  0.93270495]]
[[-0.09747633  0.98816259 -0.11846125]
 [-0.93956542 -0.05211748  0.33837936]
 [ 0.32819992  0.14428607  0.93352361]]
[[-0.09925086  0.98718693 -0.12494496]
 [-0.93896206 -0.05134857  0.34016699]
 [ 0.32939266  0.15108044  0.93202746]]
[[-0.09961196  0.986682   -0.1285927 ]
 [-0.94066398 -0.05124781  0.33544738]
 [ 0.3243898   0.15437709  0.93324111]]
[[-0.0991664   0.9866145  -0.12945213]
 [-0.94184084 -0.05108474  0.33215386]
 [ 0.32109479  0.15486181  0.93429971]]
[[-0.10014749  0.98652217 -0.12940052]
 [-0.94072214 -0.05152495  0.33524175]
 [ 0.32405606  0.15530356  0.93320334]]
[[-0.09875711  0.98678028 -0.12849791]
 [-0.94250902 -0.05132596  0.33021569]
 [ 0.31925505  0.15372159  0.93511811]]
[[-0.09979751  0.98620055 -0.13209439]
 [-0.94242352 -0.05110019  0.33049461]
 [ 0.31918392  0.1574714   0.93451826]]
[[-0.09801464  0.98735901 -0.12456048]
 [-0.94272148 -0.05201528  0.32950057]
 [ 0.31885631  0.14972172  0.93590281]]
[[-0.09826329  0.98743918 -0.12372628]
 [-0.9413381  -0.05189416  0.33345101]
 [ 0.32284192  0.14923425  0.93461341]]
[[-0.09936711  0.98680591 -0.1278291 ]
 [-0.94153072 -0.05167961  0.3329401 ]
 [ 0.3219411   0.15343832  0.93424333]]
[[-0.09957009  0.98659835 -0.12926519]
 [-0.9433136  -0.05225781  0.32776298]
 [ 0.3166153   0.154573    0.93587496]]
[[-0.09847126  0.98756852 -0.12252273]
 [-0.94193157 -0.05277687  0.33163161]
 [ 0.32104258  0.14806421  0.93541897]]
[[-0.09760786  0.98805596 -0.11923977]
 [-0.94279755 -0.0534259   0.32905691]
 [ 0.31875615  0.1445375   0.93675153]]
[[-0.09965215  0.98745212 -0.12250616]
 [-0.94280232 -0.05434274  0.32889308]
 [ 0.31810885  0.14827399  0.93638752]]
[[-0.10010685  0.98684588 -0.12694024]
 [-0.94274412 -0.0532831   0.3292331 ]
 [ 0.31813856  0.15263065  0.93567716]]
[[-0.09881752  0.98727633 -0.12458148]
 [-0.94309954 -0.05297319  0.32826377]
 [ 0.31748757  0.14993095  0.93633453]]
[[-0.09884935  0.98675221 -0.12864242]
 [-0.94489478 -0.05252962  0.3231323 ]
 [ 0.31209398  0.15349498  0.93756954]]
[[-0.09935902  0.98770887 -0.1206606 ]
 [-0.9437855  -0.05512426  0.32592981]
 [ 0.31527243  0.14626179  0.9376624 ]]
[[-0.10223035  0.9862443  -0.12988896]
 [-0.94305421 -0.05453749  0.3281378 ]
 [ 0.31654022  0.15603797  0.93565722]]
[[-0.0996406   0.98757225 -0.12154344]
 [-0.94354093 -0.0549952   0.32665891]
 [ 0.31591497  0.1472297   0.93729459]]
[[-0.09970142  0.98620283 -0.13214994]
 [-0.94556938 -0.05256011  0.3211479 ]
 [ 0.30977115  0.15697584  0.93776352]]
[[-0.10041303  0.98610528 -0.13233899]
 [-0.94432439 -0.05257071  0.32478882]
 [ 0.31331881  0.15758397  0.93648204]]
[[-0.1026186   0.98510095 -0.13800559]
 [-0.94458844 -0.05301565  0.32394755]
 [ 0.31180458  0.16360153  0.93595536]]
[[-0.1017201   0.98537465 -0.13671074]
 [-0.94555666 -0.05305989  0.32110316]
 [ 0.30915306  0.16193039  0.93712482]]
[[-0.09920761  0.98706137 -0.12596705]
 [-0.94370203 -0.05318311  0.32649355]
 [ 0.31556985  0.151266    0.93676799]]
[[-0.10103411  0.98666726 -0.12759241]
 [-0.94463135 -0.05489457  0.32350918]
 [ 0.31219179  0.15321325  0.93758306]]
[[-0.10179248  0.98689713 -0.12518923]
 [-0.9445786  -0.05640339  0.32340366]
 [ 0.31210505  0.15117113  0.93794335]]
[[-0.10050597  0.98694654 -0.12583749]
 [-0.94365106 -0.05447685  0.32642756]
 [ 0.31531133  0.1515546   0.9368084 ]]
[[-0.0979264   0.98822636 -0.11755461]
 [-0.94557172 -0.05555833  0.32063591]
 [ 0.31032972  0.14255504  0.93987953]]
[[-0.09980008  0.98699115 -0.12604928]
 [-0.94517317 -0.05444901  0.32199842]
 [ 0.31094633  0.15127386  0.93831157]]
[[-0.10268433  0.98641995 -0.12818584]
 [-0.94596346 -0.05698926  0.3192262 ]
 [ 0.30758587  0.15403865  0.93896913]]
[[-0.10180876  0.986461   -0.12856775]
 [-0.94489209 -0.05546701  0.32264896]
 [ 0.31114935  0.15433114  0.93774622]]
[[-0.09892729  0.98827831 -0.11627285]
 [-0.94703933 -0.05763259  0.31590347]
 [ 0.30549944  0.14136644  0.94163986]]
[[-0.10096947  0.98636596 -0.12995137]
 [-0.94709601 -0.05529748  0.31615082]
 [ 0.30465442  0.154998    0.93976662]]
[[-0.10294572  0.98651708 -0.12722508]
 [-0.94667977 -0.05791637  0.31692759]
 [ 0.30528607  0.15306775  0.93987801]]
[[-0.10237734  0.98579227 -0.13316334]
 [-0.94761197 -0.05593022  0.31448904]
 [ 0.30257301  0.15838372  0.93987455]]
[[-0.10222496  0.98656677 -0.12742082]
 [-0.94740386 -0.05750465  0.31483193]
 [ 0.30327543  0.15290266  0.94055558]]
[[-0.10232769  0.98713979 -0.12281726]
 [-0.94664553 -0.05870405  0.31688495]
 [ 0.30559988  0.14869052  0.94047852]]
[[-0.10474311  0.98518214 -0.13581247]
 [-0.94631002 -0.05673895  0.31824211]
 [ 0.30582059  0.16185437  0.93823075]]
[[-0.10476605  0.98609108 -0.12902893]
 [-0.94786167 -0.05974456  0.3130317 ]
 [ 0.30096899  0.15509667  0.94093714]]
[[-0.10451419  0.98529291 -0.13518382]
 [-0.94807729 -0.05765392  0.31277064]
 [ 0.30037682  0.16085369  0.94015949]]
[[-0.10532958  0.98583316 -0.13053225]
 [-0.9487434  -0.06028799  0.31024397]
 [ 0.29797926  0.15651948  0.94165281]]
[[-0.10618758  0.98494974 -0.13637527]
 [-0.94751191 -0.05863398  0.314298  ]
 [ 0.30157151  0.16259174  0.93947781]]
[[-0.10579859  0.98544929 -0.13302766]
 [-0.94896126 -0.06008552  0.30961629]
 [ 0.29711812  0.15899507  0.94151017]]
[[-0.10610702  0.98558103 -0.13180032]
 [-0.94852781 -0.06054812  0.31085191]
 [ 0.29838948  0.15799984  0.94127561]]
[[-0.10723216  0.98482693 -0.13644476]
 [-0.94892275 -0.06041901  0.30966943]
 [ 0.29672694  0.16268206  0.94100354]]
[[-0.11056348  0.98343158 -0.14365944]
 [-0.94916031 -0.06161506  0.3087042 ]
 [ 0.29473787  0.17048725  0.94024661]]
[[-0.10867253  0.98463676 -0.13667746]
 [-0.94883838 -0.06173648  0.30966811]
 [ 0.29647262  0.16333724  0.94097021]]
[[-0.10909906  0.98437951 -0.13818239]
 [-0.94891022 -0.06172899  0.30944938]
 [ 0.29608577  0.16488331  0.94082236]]
[[-0.11029703  0.9834521  -0.1437238 ]
 [-0.94880136 -0.06112087  0.30990357]
 [ 0.2959908   0.17054678  0.93984214]]
[[-0.11263852  0.98264503 -0.14738153]
 [-0.94886321 -0.06235065  0.3094689 ]
 [ 0.29490874  0.17470303  0.9394188 ]]
[[-0.11243993  0.98291064 -0.14575299]
 [-0.94875699 -0.06260192  0.30974373]
 [ 0.29532599  0.17311173  0.93958229]]
[[-0.11038414  0.98307284 -0.14622972]
 [-0.95058822 -0.06147155  0.30430787]
 [ 0.29016783  0.17259501  0.94128295]]
[[-0.11163128  0.98252404 -0.14894618]
 [-0.95046827 -0.06181116  0.30461362]
 [ 0.29008367  0.17557303  0.94075798]]
[[-0.1141045   0.98207817 -0.1500088 ]
 [-0.94882917 -0.06297454  0.30944694]
 [ 0.29445435  0.17764201  0.93901009]]
[[-0.11430586  0.98183878 -0.15141592]
 [-0.95031525 -0.06364397  0.30471357]
 [ 0.28954289  0.1787234   0.94033125]]
[[-0.11270338  0.98291266 -0.14553575]
 [-0.951081   -0.06431189  0.30217365]
 [ 0.28765063  0.17247227  0.94207772]]
[[-0.11330483  0.98217841 -0.14995862]
 [-0.95232507 -0.06432787  0.29822622]
 [ 0.28326484  0.17659982  0.94264178]]
[[-0.1162722   0.98097626 -0.15545528]
 [-0.95023849 -0.06432574  0.30480981]
 [ 0.28901141  0.1831605   0.93964069]]
[[-0.11691269  0.98096758 -0.15502915]
 [-0.95058602 -0.06532587  0.30351069]
 [ 0.28760674  0.1828528   0.94013149]]
[[-0.11440481  0.98161019 -0.15281679]
 [-0.95309206 -0.06506132  0.29560539]
 [ 0.2802268   0.17946715  0.94300821]]
[[-0.11698922  0.98066055 -0.15690254]
 [-0.95213161 -0.06582401  0.29851734]
 [ 0.28241622  0.18431518  0.94141861]]
[[-0.1180337   0.98101481 -0.15387652]
 [-0.95089752 -0.06701432  0.30216383]
 [ 0.28611527  0.18198632  0.9407545 ]]
[[-0.11920609  0.97987591 -0.16010341]
 [-0.95111769 -0.0664287   0.30159967]
 [ 0.28489479  0.1882297   0.93989602]]
[[-0.11835246  0.98051323 -0.15680083]
 [-0.95110101 -0.06656782  0.30162161]
 [ 0.28530609  0.18483109  0.94044559]]
[[-0.11913679  0.98032216 -0.15740042]
 [-0.95042672 -0.06674136  0.30370155]
 [ 0.28722024  0.18577959  0.93967573]]
[[-0.12308092  0.97796661 -0.1686191 ]
 [-0.95030904 -0.06719006  0.30397076]
 [ 0.28594372  0.19765326  0.93764033]]
[[-0.1220176   0.97862349 -0.1655529 ]
 [-0.95059021 -0.06725108  0.30307681]
 [ 0.28546447  0.19435367  0.93847572]]
[[-0.12158599  0.97903983 -0.16339478]
 [-0.95184873 -0.06833227  0.29885565]
 [ 0.28142645  0.19186378  0.94020606]]
[[-0.12323587  0.97803509 -0.16810796]
 [-0.95160848 -0.06840939  0.29960218]
 [ 0.28152128  0.19689469  0.93913697]]
[[-0.12583598  0.97661567 -0.17431906]
 [-0.95144315 -0.06904811  0.29998048]
 [ 0.28092924  0.20360302  0.93788303]]
[[-0.12705057  0.97649185 -0.17413164]
 [-0.9511898  -0.07016807  0.30052354]
 [ 0.28124031  0.20381393  0.93774398]]
[[-0.12692433  0.97618436 -0.17593835]
 [-0.95126253 -0.0695354   0.3004404 ]
 [ 0.28105128  0.20549676  0.93743334]]
[[-0.12642211  0.97688743 -0.17236122]
 [-0.95248449 -0.07100355  0.29619553]
 [ 0.27711143  0.20161706  0.93944655]]
[[-0.12975012  0.97469888 -0.18200825]
 [-0.95087222 -0.07027819  0.30150124]
 [ 0.28108171  0.21218641  0.93593269]]
[[-0.12995166  0.97466754 -0.18203231]
 [-0.95178024 -0.0711677   0.29841169]
 [ 0.27789737  0.21203384  0.93691766]]
[[-0.12998114  0.97494283 -0.18053085]
 [-0.95203234 -0.071849    0.29744266]
 [ 0.27701863  0.21053314  0.93751612]]
[[-0.13185743  0.97407219 -0.18383959]
 [-0.95075827 -0.07179802  0.30150249]
 [ 0.28048587  0.21454235  0.93557429]]
[[-0.13290146  0.9740854  -0.18301593]
 [-0.95108718 -0.07338312  0.30008016]
 [ 0.27887342  0.21394519  0.93619286]]
[[-0.1326042   0.97438687 -0.18162144]
 [-0.95191978 -0.07414242  0.29724002]
 [ 0.27616092  0.21230432  0.93736974]]
[[-0.13420974  0.97287643 -0.18841229]
 [-0.95212873 -0.07390058  0.29663039]
 [ 0.27466094  0.21920344  0.93622178]]
[[-0.13486788  0.97309981 -0.18678172]
 [-0.95161486 -0.07467478  0.29808194]
 [ 0.2761156   0.21794594  0.93608747]]
[[-0.13646665  0.97136528 -0.19448996]
 [-0.95228896 -0.07452893  0.29595805]
 [ 0.27298824  0.22559905  0.93519115]]
[[-0.13769161  0.9713044  -0.19392983]
 [-0.95064552 -0.07463172  0.30116972]
 [ 0.27805416  0.22582707  0.93364234]]
[[-0.13934083  0.96991387 -0.19962772]
 [-0.95084751 -0.07475248  0.30050138]
 [ 0.27653779  0.23168763  0.93265626]]
[[-0.14035445  0.96970527 -0.1999308 ]
 [-0.95107677 -0.07591159  0.29948358]
 [ 0.27523374  0.2321834   0.93291868]]
[[-0.13955484  0.97034087 -0.1973906 ]
 [-0.95173875 -0.07641277  0.29724474]
 [ 0.27334555  0.22934622  0.93417478]]
[[-0.14323777  0.96893921 -0.20159304]
 [-0.94996552 -0.07747667  0.30259358]
 [ 0.27757603  0.23484927  0.93155642]]
[[-0.1433944   0.96883774 -0.201969  ]
 [-0.95055453 -0.07802443  0.30059653]
 [ 0.27547075  0.23508641  0.93212137]]
[[-0.14432798  0.96794687 -0.2055439 ]
 [-0.95065537 -0.07798339  0.30028812]
 [ 0.27463393  0.23874139  0.93143908]]
[[-0.14605934  0.96695802 -0.20894703]
 [-0.95018885 -0.07833967  0.30166875]
 [ 0.27533218  0.24260068  0.93023497]]
[[-0.14609175  0.96690159 -0.20918535]
 [-0.9502389  -0.07834362  0.30151006]
 [ 0.27514222  0.24282419  0.93023286]]
[[-0.14875852  0.96564072 -0.21309364]
 [-0.94953297 -0.07930733  0.30347568]
 [ 0.27614858  0.24748403  0.92870534]]
[[-0.14859004  0.9659983  -0.21158517]
 [-0.95017694 -0.08017877  0.30122276]
 [ 0.27401604  0.24580205  0.92978307]]
[[-0.15043864  0.963907   -0.21966227]
 [-0.95054334 -0.07995863  0.30012327]
 [ 0.27172702  0.25394864  0.92826425]]
[[-0.15355995  0.96229617 -0.2245115 ]
 [-0.94916751 -0.08046631  0.30431269]
 [ 0.27477333  0.25982926  0.92573667]]
[[-0.15177171  0.96337138 -0.22109031]
 [-0.95121969 -0.0815742   0.29753444]
 [ 0.2686009   0.25546277  0.92875849]]
[[-0.15371056  0.96318688 -0.22055406]
 [-0.94930402 -0.0820042   0.3034752 ]
 [ 0.27421697  0.2560202   0.92696209]]
[[-0.15486348  0.96273814 -0.22170382]
 [-0.94951041 -0.08306551  0.30253943]
 [ 0.27285031  0.25736239  0.9269937 ]]
[[-0.15643503  0.96266319 -0.22092458]
 [-0.94860482 -0.08413832  0.30507317]
 [ 0.27509449  0.25729425  0.92634912]]
[[-0.15788287  0.9611262  -0.22651583]
 [-0.94888366 -0.08418032  0.30419314]
 [ 0.27329982  0.26296406  0.92528758]]
[[-0.15684235  0.96141833 -0.22599838]
 [-0.95010126 -0.08440394  0.3003058 ]
 [ 0.26964434  0.26182201  0.92668288]]
[[-0.16091594  0.95908374 -0.23294731]
 [-0.94918488 -0.08570337  0.30282501]
 [ 0.27047017  0.26983943  0.92413882]]
[[-0.16250768  0.95703464 -0.2401582 ]
 [-0.94852579 -0.0844691   0.30522746]
 [ 0.2718273   0.27739805  0.92149891]]
[[-0.16191369  0.95802286 -0.2365928 ]
 [-0.94917812 -0.08562247  0.30286909]
 [ 0.26989785  0.27360736  0.92319779]]
[[-0.16398629  0.95734389 -0.23791002]
 [-0.94830295 -0.08655884  0.30533438]
 [ 0.27171678  0.27568143  0.92204649]]
[[-0.16376452  0.95685921 -0.24000342]
 [-0.94978491 -0.08717758  0.30051405]
 [ 0.26662671  0.27716517  0.92308703]]
[[-0.16631899  0.95536084 -0.24417955]
 [-0.94852036 -0.08731611  0.30444216]
 [ 0.26953131  0.28224378  0.92070154]]
[[-0.16957501  0.95380207 -0.24800389]
 [-0.94671559 -0.08773887  0.30988947]
 [ 0.27381363  0.28733866  0.91785761]]
[[-0.1668997   0.95500463 -0.24517473]
 [-0.94958748 -0.08876206  0.3006741 ]
 [ 0.26538294  0.28299727  0.9216748 ]]
[[-0.1708027   0.95267047 -0.2514864 ]
 [-0.94776286 -0.08906878  0.30628796]
 [ 0.26939191  0.29066428  0.91811888]]
[[-0.17162241  0.95162957 -0.25484684]
 [-0.94780796 -0.0889362   0.3061869 ]
 [ 0.26871139  0.29409439  0.91722553]]
[[-0.17271946  0.95126165 -0.2554785 ]
 [-0.94792045 -0.09006296  0.30550856]
 [ 0.26760943  0.29494057  0.917276  ]]
[[-0.17370132  0.9499273  -0.25974215]
 [-0.94744126 -0.08923917  0.30723189]
 [ 0.26866879  0.29945701  0.91550127]]
[[-0.17313131  0.95060746 -0.25762572]
 [-0.94817318 -0.090108    0.30470998]
 [ 0.26644544  0.29702864  0.91694101]]
[[-0.17747389  0.94827006 -0.26322406]
 [-0.94608812 -0.09075503  0.31093534]
 [ 0.27096177  0.30421606  0.91325369]]
[[-0.17840543  0.94640179 -0.26924925]
 [-0.94712984 -0.09101062  0.30767212]
 [ 0.2666769   0.30990438  0.91260216]]
[[-0.17859712  0.94687202 -0.26746298]
 [-0.94641486 -0.09098102  0.30987313]
 [ 0.26907615  0.30847339  0.9123827 ]]
[[-0.17895565  0.94714334 -0.26625996]
 [-0.94677622 -0.09218652  0.30840951]
 [ 0.26756244  0.30728022  0.9132301 ]]
[[-0.17925693  0.94522831 -0.27278269]
 [-0.94768772 -0.0914691   0.30581267]
 [ 0.2641116   0.31333184  0.91217773]]
[[-0.183112    0.94347864 -0.27625721]
 [-0.94569046 -0.09227419  0.31169702]
 [ 0.26858807  0.31832927  0.90913526]]
[[-0.18153844  0.9448843  -0.27246552]
 [-0.9465141  -0.09273459  0.30904912]
 [ 0.26674868  0.31399675  0.9111812 ]]
[[-0.18208013  0.9440942  -0.27483262]
 [-0.94740528 -0.09363009  0.30603372]
 [ 0.26319206  0.31610054  0.91148801]]
[[-0.18438992  0.94252044 -0.2786675 ]
 [-0.94685415 -0.09431407  0.30752573]
 [ 0.26356702  0.32056212  0.90981996]]
[[-0.18548182  0.94155983 -0.28117891]
 [-0.94663761 -0.09445989  0.30814699]
 [ 0.2635787   0.32333019  0.90883654]]
[[-0.18628663  0.94080307 -0.28317288]
 [-0.94683524 -0.09496111  0.30738481]
 [ 0.26229816  0.32537974  0.90847548]]
[[-0.18712119  0.93990465 -0.2855957 ]
 [-0.94621386 -0.09433911  0.30948259]
 [ 0.26394128  0.32814536  0.90700365]]
[[-0.18701648  0.94023079 -0.28458899]
 [-0.94709143 -0.09564549  0.30638173]
 [ 0.26084988  0.32683023  0.90837181]]
[[-0.19072361  0.93767859 -0.29048815]
 [-0.94580103 -0.09629551  0.31014123]
 [ 0.26284009  0.33389525  0.90522321]]
[[-0.19043655  0.93762731 -0.29084179]
 [-0.94620392 -0.09636471  0.30888831]
 [ 0.26159523  0.33401927  0.905538  ]]
[[-0.18978299  0.93848569 -0.28849093]
 [-0.94674418 -0.09708016  0.30700309]
 [ 0.26011127  0.33139107  0.90693003]]
[[-0.19192562  0.93643862 -0.29367884]
 [-0.94641391 -0.09740325  0.3079177 ]
 [ 0.25974075  0.33703904  0.90495272]]
[[-0.19268835  0.93587072 -0.29498677]
 [-0.94671308 -0.09823926  0.30673016]
 [ 0.2580805   0.33837116  0.90493061]]
[[-0.19537705  0.93391555 -0.29938196]
 [-0.94555633 -0.09835997  0.31023948]
 [ 0.26029028  0.34369618  0.90228704]]
[[-0.19408742  0.9354598  -0.2953727 ]
 [-0.94629305 -0.09917049  0.30772501]
 [ 0.25857212  0.33923469  0.90446685]]
[[-0.1951461   0.9338815  -0.29963869]
 [-0.94759183 -0.1007324   0.30318757]
 [ 0.25295794  0.34310105  0.90459601]]
[[-0.19919015  0.93129544 -0.30497885]
 [-0.94502678 -0.10019489  0.31126415]
 [ 0.25932156  0.35021393  0.90005696]]
[[-0.19752586  0.93199578 -0.30392005]
 [-0.94667361 -0.10085005  0.30600383]
 [ 0.25454393  0.34815676  0.9022163 ]]
[[-0.19774667  0.93083291 -0.30732123]
 [-0.94752977 -0.10117928  0.30323273]
 [ 0.25116446  0.35115928  0.90199976]]
[[-0.20112616  0.92925087 -0.30990496]
 [-0.94527612 -0.10114357  0.31019837]
 [ 0.25690721  0.35533476  0.89874128]]
[[-0.20239343  0.92880434 -0.31041809]
 [-0.94541948 -0.10265413  0.30926385]
 [ 0.25537991  0.35606828  0.89888624]]
[[-0.20346765  0.92726963 -0.31428004]
 [-0.94542852 -0.10264111  0.30924054]
 [ 0.25449131  0.36004976  0.8975513 ]]
[[-0.20113155  0.92846666 -0.31224311]
 [-0.94721656 -0.10310537  0.3035623 ]
 [ 0.24965354  0.3568178   0.90019674]]
[[-0.20458254  0.92630521 -0.31639317]
 [-0.94584707 -0.1038494   0.30755263]
 [ 0.25203036  0.36217945  0.89738884]]
[[-0.20628841  0.92492151 -0.31932005]
 [-0.94499051 -0.10365762  0.31023868]
 [ 0.25384647  0.36575306  0.89542541]]
[[-0.20842825  0.92282392 -0.32396555]
 [-0.94457963 -0.10403581  0.31136132]
 [ 0.25362766  0.37090775  0.89336468]]
[[-0.20734727  0.92381576 -0.32182533]
 [-0.94505415 -0.10416453  0.30987483]
 [ 0.25274447  0.36839406  0.89465415]]
[[-0.20724027  0.92344284 -0.32296252]
 [-0.94633588 -0.1055456   0.30546446]
 [ 0.24799169  0.36893555  0.89576039]]
[[-0.21026058  0.9216717  -0.32605485]
 [-0.94470029 -0.10569287  0.31043579]
 [ 0.25165821  0.37329652  0.89292657]]
[[-0.2138953   0.91926226 -0.33046285]
 [-0.94262808 -0.10546526  0.31674813]
 [ 0.25632226  0.3792545   0.88908094]]
[[-0.21137275  0.92011091 -0.32972333]
 [-0.94511928 -0.10641999  0.30890829]
 [ 0.24914073  0.37692267  0.89210885]]
[[-0.21273461  0.91945506 -0.33067563]
 [-0.94468178 -0.10707549  0.31001802]
 [ 0.24964038  0.37833481  0.89137111]]
[[-0.21395394  0.91804838 -0.33378269]
 [-0.94465466 -0.10745663  0.30996877]
 [ 0.24869916  0.38162842  0.89022945]]
[[-0.21748658  0.9150529  -0.33967305]
 [-0.94330731 -0.1076513   0.31397853]
 [ 0.25074072  0.38870218  0.8865888 ]]
[[-0.21684554  0.91549171 -0.3388996 ]
 [-0.94366042 -0.10768595  0.31290374]
 [ 0.24996605  0.38765792  0.88726451]]
[[-0.21531018  0.91616186 -0.33806652]
 [-0.94535283 -0.10874642  0.30737963]
 [ 0.24484598  0.3857741   0.88951042]]
[[-0.21960425  0.91395952 -0.3412506 ]
 [-0.94321227 -0.10953811  0.31361124]
 [ 0.24924803  0.39074212  0.88611287]]
[[-0.22066375  0.91201654 -0.34573595]
 [-0.94345924 -0.10968623  0.31281559]
 [ 0.24737052  0.39521484  0.8846542 ]]
[[-0.22036137  0.91141512 -0.34751022]
 [-0.94423061 -0.10994938  0.31038635]
 [ 0.24468228  0.39652695  0.88481465]]
[[-0.22138505  0.91214388 -0.34493798]
 [-0.94365477 -0.11115841  0.31170415]
 [ 0.24597627  0.39450901  0.88535773]]
[[-0.22098302  0.91054725 -0.34938548]
 [-0.94456416 -0.11062272  0.3091297 ]
 [ 0.24282723  0.39832942  0.88451603]]
[[-0.22496068  0.90812247 -0.35313775]
 [-0.94290413 -0.11153794  0.3138329 ]
 [ 0.24561045  0.40357511  0.88136408]]
[[-0.22565459  0.90839708 -0.35198686]
 [-0.94220274 -0.11164964  0.31589294]
 [ 0.24765702  0.40292567  0.88108848]]
[[-0.22451413  0.90801931 -0.35368678]
 [-0.94423863 -0.11300775  0.30926148]
 [ 0.24084604  0.40339829  0.88275874]]
[[-0.22796785  0.90533884 -0.35831863]
 [-0.9427452  -0.11322736  0.31370535]
 [ 0.24343817  0.40931791  0.87931605]]
[[-0.22755868  0.90454532 -0.36057567]
 [-0.94355655 -0.11330971  0.31122653]
 [ 0.24066178  0.41104583  0.87927426]]
[[-0.2310815   0.9027485  -0.3628312 ]
 [-0.94212548 -0.11451842  0.31509538]
 [ 0.24290103  0.41464523  0.87696546]]
[[-0.22988376  0.90373913 -0.36112191]
 [-0.94272236 -0.11462267  0.31326698]
 [ 0.24171887  0.41245269  0.87832497]]
[[-0.22968405  0.90224516 -0.36496424]
 [-0.94384589 -0.11498617  0.3097307 ]
 [ 0.23748719  0.41561021  0.87799088]]
[[-0.23286141  0.90026747 -0.36782339]
 [-0.94204193 -0.11487944  0.31521375]
 [ 0.24152134  0.41990617  0.8748407 ]]
[[-0.23366978  0.89966393 -0.36878618]
 [-0.94223797 -0.11591232  0.31424823]
 [ 0.23997094  0.42091465  0.87478272]]
[[-0.23374952  0.8985712  -0.37139059]
 [-0.94282936 -0.1161519   0.31238044]
 [ 0.23755834  0.42317673  0.87434975]]
[[-0.23450543  0.89906205 -0.36972237]
 [-0.94227835 -0.11672218  0.31382711]
 [ 0.23899524  0.42197555  0.87453869]]
[[-0.23530809  0.89628511 -0.37590304]
 [-0.94300829 -0.11690705  0.31155755]
 [ 0.23529868  0.4277917   0.87271347]]
[[-0.23844133  0.89462182 -0.37788561]
 [-0.94101515 -0.11664307  0.31762381]
 [ 0.24007545  0.43133072  0.86966521]]
[[-0.23743765  0.89497238 -0.37768744]
 [-0.94228631 -0.11771925  0.31343052]
 [ 0.23605057  0.4303099   0.8712712 ]]
[[-0.23754909  0.89478167 -0.37806903]
 [-0.94264187 -0.1183806   0.31210949]
 [ 0.23451382  0.43052502  0.87157987]]
[[-0.23959628  0.89242542 -0.38232249]
 [-0.94203044 -0.11842194  0.31393455]
 [ 0.2348878   0.43537697  0.86906537]]
[[-0.24072465  0.89174263 -0.38320585]
 [-0.94132491 -0.11827279  0.31609961]
 [ 0.23655668  0.43681418  0.86789073]]
[[-0.24080537  0.8910441  -0.38477679]
 [-0.94253445 -0.12008446  0.31178284]
 [ 0.23160655  0.43774436  0.86875675]]
[[-0.24156048  0.89000122 -0.38671224]
 [-0.94210565 -0.11958555  0.31326706]
 [ 0.23256287  0.43999673  0.86736232]]
[[-0.2427223   0.88880732 -0.3887254 ]
 [-0.94214939 -0.1204892   0.31278888]
 [ 0.23117183  0.44215823  0.86663469]]
[[-0.2446988   0.88748157 -0.39051115]
 [-0.94119264 -0.12063757  0.31559942]
 [ 0.23297835  0.44477302  0.86481099]]
[[-0.24515391  0.88683301 -0.39169729]
 [-0.94166529 -0.12172723  0.31376577]
 [ 0.23057761  0.44576865  0.86494177]]
[[-0.24577837  0.88520456 -0.39497581]
 [-0.94181965 -0.12169804  0.31331347]
 [ 0.22927873  0.44900165  0.86361379]]
[[-0.24526787  0.88574477 -0.39408105]
 [-0.94222297 -0.12212375  0.31193215]
 [ 0.22816561  0.44781915  0.8645221 ]]
[[-0.24661192  0.88482697 -0.39530214]
 [-0.94178865 -0.12263458  0.31304137]
 [ 0.22850974  0.44949081  0.86356315]]
[[-0.24707347  0.88322351 -0.39858617]
 [-0.94230328 -0.1231157   0.31129898]
 [ 0.22587436  0.45250278  0.86268303]]
[[-0.247936    0.88232786 -0.4000316 ]
 [-0.94223894 -0.12363963  0.31128607]
 [ 0.22519661  0.45410438  0.86201839]]
[[-0.2494157   0.88067611 -0.40274236]
 [-0.9418242  -0.12384306  0.3124581 ]
 [ 0.22529753  0.45724446  0.86033048]]
[[-0.24945264  0.88123102 -0.40150376]
 [-0.94187997 -0.12444525  0.31205047]
 [ 0.22502332  0.45601017  0.86105704]]
[[-0.25060388  0.87901012 -0.40563394]
 [-0.94191744 -0.12462258  0.31186655]
 [ 0.22358271  0.46022865  0.85918587]]
[[-0.25242855  0.87831328 -0.40601184]
 [-0.94062893 -0.12433462  0.31584509]
 [ 0.22692961  0.4616348   0.85755248]]
[[-0.25263777  0.87778118 -0.40703116]
 [-0.94095075 -0.12491103  0.31465684]
 [ 0.22535717  0.46249048  0.8575061 ]]
[[-0.25429781  0.87651537 -0.40872171]
 [-0.93988773 -0.12438863  0.31802285]
 [ 0.22791158  0.46502503  0.85545779]]
[[-0.25379797  0.87669447 -0.40864825]
 [-0.94026631 -0.124508    0.31685491]
 [ 0.22690497  0.46465531  0.85592615]]
[[-0.25476642  0.87604628 -0.40943496]
 [-0.93969314 -0.12437073  0.31860433]
 [ 0.22819041  0.46591291  0.85490017]]
[[-0.25342469  0.87658014 -0.4091249 ]
 [-0.94064219 -0.12459851  0.31570158]
 [ 0.22576138  0.46484672  0.8561246 ]]
[[-0.25377621  0.87673841 -0.40856748]
 [-0.94018584 -0.12434291  0.31715837]
 [ 0.22726245  0.46461661  0.85585231]]
[[-0.25392541  0.87686208 -0.40820924]
 [-0.94029597 -0.12490113  0.31661207]
 [ 0.22663932  0.46423335  0.85622545]]
[[-0.2537145   0.87683395 -0.40840075]
 [-0.94036143 -0.12467845  0.31650538]
 [ 0.22660389  0.46434632  0.85617356]]
[[-0.25363967  0.87675221 -0.40862267]
 [-0.94018351 -0.12413223  0.31724777]
 [ 0.22742444  0.46464691  0.85579283]]
[[-0.25402691  0.87640427 -0.40912821]
 [-0.94022666 -0.12456546  0.31694996]
 [ 0.22681305  0.46518706  0.85566164]]
[[-0.25367558  0.87658031 -0.40896903]
 [-0.94057542 -0.1248599   0.31579722]
 [ 0.22575779  0.46477626  0.8561638 ]]
[[-0.25369099  0.8761512  -0.40987798]
 [-0.9404134  -0.12421961  0.3165314 ]
 [ 0.22641448  0.4657559   0.85545773]]
[[-0.25384572  0.87697016 -0.40802659]
 [-0.94009457 -0.12444691  0.31738803]
 [ 0.22756219  0.46415117  0.8560252 ]]
[[-0.2540073   0.87685571 -0.40817197]
 [-0.94023835 -0.12490831  0.31678029]
 [ 0.22678653  0.46424345  0.85618099]]
[[-0.25392924  0.87664017 -0.40868318]
 [-0.94005769 -0.12424763  0.31757528]
 [ 0.22762133  0.46482742  0.85564245]]
[[-0.2538423   0.87664927 -0.40871768]
 [-0.94012056 -0.12424515  0.31739011]
 [ 0.22745861  0.46481093  0.85569467]]
[[-0.25394298  0.87725998 -0.40734247]
 [-0.9401505  -0.12494085  0.31702811]
 [ 0.22722236  0.46347029  0.85648426]]
[[-0.25387935  0.87693995 -0.40807058]
 [-0.94018028 -0.12465176  0.31705361]
 [ 0.22717026  0.46415328  0.85612815]]
[[-0.25449578  0.87658683 -0.40844514]
 [-0.93977698 -0.1245328   0.31829358]
 [ 0.22814714  0.46485171  0.8554892 ]]
[[-0.25425354  0.87654013 -0.40869614]
 [-0.93963258 -0.12381829  0.31899789]
 [ 0.2290104   0.46513055  0.8551069 ]]
[[-0.25431403  0.878666   -0.40406737]
 [-0.93927072 -0.12485527  0.31965869]
 [ 0.23042329  0.46082234  0.85705769]]
[[-0.25439531  0.87718124 -0.40722979]
 [-0.93959926 -0.12447667  0.31883975]
 [ 0.22898963  0.46374415  0.85586513]]
[[-0.25466313  0.87748907 -0.40639835]
 [-0.93981455 -0.12557932  0.31777107]
 [ 0.22780542  0.46286366  0.85665742]]
[[-0.25500668  0.87714985 -0.40691489]
 [-0.93906947 -0.12435162  0.32044534]
 [ 0.23047805  0.46383705  0.85541514]]
[[-0.25459362  0.87739254 -0.40665025]
 [-0.93926795 -0.12428774  0.31988791]
 [ 0.23012562  0.46339496  0.85574956]]
[[-0.25417004  0.87783074 -0.40596895]
 [-0.93974603 -0.12492537  0.31823112]
 [ 0.22863724  0.46239252  0.85669024]]
[[-0.25520296  0.87649886 -0.40819259]
 [-0.93881262 -0.12363317  0.32147428]
 [ 0.23130569  0.46525754  0.85441974]]
[[-0.25444336  0.87780173 -0.40586044]
 [-0.93921147 -0.12425857  0.32006502]
 [ 0.230522    0.4626272   0.85605823]]
[[-0.25471209  0.87666246 -0.40814788]
 [-0.93894206 -0.12324512  0.32124515]
 [ 0.23132133  0.46505223  0.85452728]]
[[-0.25383883  0.8782144  -0.40534593]
 [-0.93980579 -0.12482219  0.31809511]
 [ 0.22875954  0.46169134  0.85703569]]
[[-0.25371831  0.87771155 -0.40650886]
 [-0.93990013 -0.12442805  0.31797077]
 [ 0.22850551  0.46275273  0.85653087]]
[[-0.25480865  0.87727905 -0.40676039]
 [-0.93927799 -0.12455948  0.31975269]
 [ 0.22984647  0.46353684  0.85574774]]
[[-0.25421436  0.87679511 -0.40817325]
 [-0.94003112 -0.12476643  0.31745052]
 [ 0.22741274  0.46439604  0.8559321 ]]
[[-0.25420587  0.87752091 -0.40661583]
 [-0.93964372 -0.12453241  0.31868694]
 [ 0.2290176   0.4630861   0.85621388]]
[[-0.25451959  0.87715461 -0.4072095 ]
 [-0.9393548  -0.12415856  0.31968299]
 [ 0.22985286  0.46387978  0.85556017]]
[[-0.25511477  0.87677417 -0.40765612]
 [-0.9393016  -0.12469643  0.31962994]
 [ 0.22941001  0.46445437  0.85536728]]
[[-0.25512085  0.87631299 -0.40864275]
 [-0.93937789 -0.12449973  0.31948238]
 [ 0.22909065  0.46537659  0.85495152]]
[[-0.25366337  0.87715974 -0.40773236]
 [-0.94064342 -0.12542818  0.3153692 ]
 [ 0.22548803  0.46352838  0.85691107]]
[[-0.25435068  0.87758502 -0.40638683]
 [-0.93969026 -0.1249064   0.31840321]
 [ 0.22866557  0.46286382  0.85642813]]
[[-0.25521105  0.8764225  -0.40835147]
 [-0.93915958 -0.12428603  0.32020658]
 [ 0.22988387  0.46522746  0.85481976]]
[[-0.25481211  0.87737052 -0.4065609 ]
 [-0.93905572 -0.12418962  0.32054843]
 [ 0.2307491   0.46346296  0.85554482]]
[[-0.25458595  0.87701748 -0.40746329]
 [-0.93949577 -0.12444117  0.31915842]
 [ 0.22920231  0.46406329  0.85563518]]
[[-0.2545007   0.87680326 -0.40797724]
 [-0.93976719 -0.12468943  0.31826116]
 [ 0.22818198  0.46440132  0.85572449]]
[[-0.25476527  0.87668441 -0.40806752]
 [-0.93960768 -0.12469227  0.31873067]
 [ 0.22854334  0.46462488  0.85550667]]
[[-0.25541222  0.87705017 -0.40687541]
 [-0.93881089 -0.124396    0.32118492]
 [ 0.23108162  0.46401362  0.8551565 ]]
[[-0.25417392  0.8778014  -0.40602994]
 [-0.93950134 -0.1244146   0.31915239]
 [ 0.22963636  0.46258589  0.85631854]]
[[-0.25398506  0.87707593 -0.4077124 ]
 [-0.94015439 -0.12487241  0.31704354]
 [ 0.22715923  0.46383692  0.85630251]]
[[-0.25381362  0.87786406 -0.40611985]
 [-0.93969747 -0.12428881  0.31862353]
 [ 0.22923199  0.46250079  0.85647283]]
[[-0.25506896  0.87687399 -0.40747004]
 [-0.93951008 -0.12512456  0.31884894]
 [ 0.22860583  0.46415068  0.85574734]]
[[-0.25536878  0.87727339 -0.4064212 ]
 [-0.938786   -0.12445352  0.32123538]
 [ 0.23123071  0.46357602  0.85535351]]
[[-0.25486861  0.87770194 -0.40580943]
 [-0.93930693 -0.12504554  0.31947788]
 [ 0.22966169  0.46260449  0.85630169]]
[[-0.25517432  0.87693321 -0.40727657]
 [-0.93904359 -0.12439473  0.32050441]
 [ 0.2303979   0.46423495  0.85522086]]
[[-0.25453685  0.87846112 -0.40437241]
 [-0.93923006 -0.1249645   0.31973548]
 [ 0.23034299  0.46118318  0.85688516]]
[[-0.25427798  0.87763241 -0.40632998]
 [-0.93939497 -0.1242323   0.31953627]
 [ 0.22995608  0.46295538  0.85603301]]
[[-0.25408641  0.87796464 -0.40573167]
 [-0.9390931  -0.12358573  0.32067228]
 [ 0.23139628  0.46249828  0.85589199]]
[[-0.25323707  0.87914499 -0.40370171]
 [-0.93940006 -0.12379137  0.31969238]
 [ 0.23108117  0.46019537  0.85721742]]
[[-0.25249774  0.87953951 -0.40330526]
 [-0.93952821 -0.12319394  0.31954655]
 [ 0.23136905  0.45960145  0.85745838]]
[[-0.25237962  0.87978137 -0.40285141]
 [-0.93978558 -0.12371134  0.31858841]
 [ 0.23045087  0.45899917  0.85802806]]
[[-0.25151019  0.8797698  -0.40342003]
 [-0.94019729 -0.12315493  0.31758765]
 [ 0.22972086  0.45917095  0.8581319 ]]
[[-0.25095588  0.87978768 -0.40372611]
 [-0.94040062 -0.12270382  0.31715997]
 [ 0.2294947   0.45925745  0.85814613]]
[[-0.25151736  0.8802675  -0.4023284 ]
 [-0.93952328 -0.12222175  0.31993413]
 [ 0.23245434  0.45846588  0.8577727 ]]
[[-0.24983892  0.88143873 -0.40080705]
 [-0.94040971 -0.12227157  0.31729993]
 [ 0.23067314  0.45619671  0.85946173]]
[[-0.25010606  0.88191752 -0.39958535]
 [-0.94024849 -0.12275141  0.31759229]
 [ 0.23104054  0.45514128  0.85992249]]
[[-0.25051596  0.88146835 -0.40031901]
 [-0.93984376 -0.12223949  0.31898466]
 [ 0.23224009  0.45614807  0.85906547]]
[[-0.24908969  0.88232551 -0.39931945]
 [-0.93999061 -0.12098341  0.31903083]
 [ 0.23317801  0.45482383  0.85951341]]
[[-0.24800135  0.88314768 -0.39817772]
 [-0.94096332 -0.12184614  0.31581886]
 [ 0.23039827  0.45299413  0.86122758]]
[[-0.24942639  0.8830162  -0.39757875]
 [-0.93944842 -0.12101025  0.32061375]
 [ 0.23499603  0.45347426  0.85973133]]
[[-0.24831201  0.88388602 -0.39634159]
 [-0.94041823 -0.12185304  0.31743564]
 [ 0.2322815   0.45154994  0.8614801 ]]
[[-0.24729588  0.88438969 -0.39585302]
 [-0.940717   -0.1212563   0.31677822]
 [ 0.23215572  0.45072362  0.8619466 ]]
[[-0.24817793  0.88400956 -0.39614998]
 [-0.94029447 -0.12150322  0.31793596]
 [ 0.23292493  0.45140233  0.86138372]]
[[-0.24675264  0.88564044 -0.39338804]
 [-0.94032901 -0.12067217  0.31815026]
 [ 0.23429575  0.4484186   0.86256957]]
[[-0.24702842  0.88468261 -0.39536521]
 [-0.94043981 -0.12053986  0.31787278]
 [ 0.23355925  0.45034079  0.86176751]]
[[-0.24746138  0.88545427 -0.39336191]
 [-0.93974914 -0.12051152  0.31991957]
 [ 0.23586951  0.44882926  0.86192684]]
[[-0.24541749  0.88651976 -0.39224097]
 [-0.94090648 -0.12042332  0.31653312]
 [ 0.23337791  0.44674484  0.86368617]]
[[-0.24476705  0.88713518 -0.39125472]
 [-0.94135824 -0.12078038  0.3150504 ]
 [ 0.2322364   0.44542481  0.86467508]]
[[-0.24542082  0.88745852 -0.39011023]
 [-0.94041399 -0.12025305  0.31805775]
 [ 0.23535111  0.44492311  0.86409101]]
[[-0.24513646  0.88704568 -0.39122637]
 [-0.94043155 -0.11951192  0.31828511]
 [ 0.23557722  0.44594491  0.86350247]]
[[-0.24381253  0.88847683 -0.38879863]
 [-0.94079939 -0.11933631  0.31726226]
 [ 0.23548238  0.44313403  0.86497415]]
[[-0.24435152  0.88803494 -0.38946922]
 [-0.94077934 -0.11976667  0.31715954]
 [ 0.23500332  0.44390301  0.8647101 ]]
[[-0.2434487   0.88911401 -0.38756807]
 [-0.94085139 -0.1193962   0.3170855 ]
 [ 0.235651    0.44183801  0.865591  ]]
[[-0.24243289  0.88973025 -0.38678983]
 [-0.94128217 -0.11915068  0.31589712]
 [ 0.23497695  0.44066222  0.86637327]]
[[-0.24292225  0.889501   -0.38701001]
 [-0.94092063 -0.11903567  0.31701559]
 [ 0.23591769  0.44115584  0.86586626]]
[[-0.241871    0.89013752 -0.38620412]
 [-0.94124491 -0.11855427  0.31623235]
 [ 0.23570413  0.4400001   0.86651225]]
[[-0.24146759  0.89054875 -0.38550788]
 [-0.94140897 -0.11858076  0.31573366]
 [ 0.23546241  0.43916002  0.867004  ]]
[[-0.24126496  0.89093821 -0.3847341 ]
 [-0.94124139 -0.1182793   0.31634579]
 [ 0.23633847  0.43845081  0.86712457]]
[[-0.24118036  0.89113459 -0.38433212]
 [-0.94127105 -0.11836681  0.31622477]
 [ 0.23630666  0.43802791  0.86734694]]
[[-0.24031474  0.89142774 -0.38419449]
 [-0.94145655 -0.11763266  0.3159464 ]
 [ 0.23644957  0.43762899  0.86750935]]
[[-0.2400244   0.89260808 -0.38162691]
 [-0.94144962 -0.11815187  0.31577326]
 [ 0.23677183  0.4350758   0.86870487]]
[[-0.23995567  0.89268926 -0.38148022]
 [-0.94139649 -0.11801703  0.31598202]
 [ 0.23705259  0.43494582  0.86869339]]
[[-0.23989548  0.89233544 -0.3823449 ]
 [-0.94091314 -0.11674776  0.31788745]
 [ 0.23902433  0.4360131   0.86761739]]
[[-0.23880036  0.89311476 -0.38120914]
 [-0.94156993 -0.11693404  0.31586786]
 [ 0.23752992  0.43436442  0.86885389]]
[[-0.23817929  0.89479362 -0.37764401]
 [-0.94145661 -0.11718643  0.31611199]
 [ 0.23860024  0.43082678  0.87032075]]
[[-0.23808595  0.8944896  -0.3784223 ]
 [-0.94133842 -0.11657758  0.31668857]
 [ 0.23915907  0.43162255  0.86977291]]
[[-0.23796444  0.8944919  -0.37849328]
 [-0.94134644 -0.1164105   0.31672618]
 [ 0.23924841  0.43166287  0.86972833]]
[[-0.23738242  0.89542463 -0.37664881]
 [-0.94172666 -0.11699835  0.31537641]
 [ 0.23832852  0.42956504  0.8710186 ]]
[[-0.23658337  0.89685632 -0.37373393]
 [-0.94159421 -0.11676137  0.31585936]
 [ 0.23964278  0.42663278  0.87209851]]
[[-0.23642615  0.89611207 -0.37561395]
 [-0.94195437 -0.11654239  0.31486478]
 [ 0.23837918  0.42825347  0.87165035]]
[[-0.2351169   0.89695261 -0.37442763]
 [-0.94259409 -0.11642589  0.31298783]
 [ 0.23714219  0.42652201  0.87283593]]
[[-0.23542101  0.89770289 -0.37243318]
 [-0.94185756 -0.11619868  0.31528116]
 [ 0.23975257  0.42500281  0.87286386]]
[[-0.23560558  0.89719462 -0.37353959]
 [-0.94161184 -0.11560984  0.31623015]
 [ 0.24053514  0.42623489  0.8720474 ]]
[[-0.23394432  0.89833305 -0.37184376]
 [-0.9426078  -0.11584894  0.31316058]
 [ 0.2382448   0.42376497  0.87387795]]
[[-0.23475316  0.89805652 -0.37200195]
 [-0.94215453 -0.11602266  0.3144576 ]
 [ 0.23924004  0.42430324  0.8733447 ]]
[[-0.23395769  0.89880865 -0.37068425]
 [-0.9420317  -0.11525249  0.31510815]
 [ 0.24049965  0.42291829  0.87367044]]
[[-0.23318151  0.89887666 -0.37100826]
 [-0.94254888 -0.11506194  0.31362774]
 [ 0.23922373  0.42282561  0.87406551]]
[[-0.23201953  0.90014143 -0.36866291]
 [-0.94294056 -0.11508883  0.31243826]
 [ 0.23880964  0.42011899  0.87548272]]
[[-0.23180566  0.90076798 -0.36726445]
 [-0.9427582  -0.114983    0.31302698]
 [ 0.23973552  0.418803    0.87586011]]
[[-0.23213482  0.90078449 -0.36701598]
 [-0.94237289 -0.11481567  0.31424624]
 [ 0.24092895  0.41881341  0.8755276 ]]
[[-0.23172685  0.90161275 -0.36523571]
 [-0.94258976 -0.11529503  0.31341922]
 [ 0.24047291  0.41689509  0.87656789]]
[[-0.23091526  0.90190272 -0.36503372]
 [-0.94241903 -0.11404375  0.31438892]
 [ 0.24191841  0.41661193  0.87630473]]
[[-0.22949113  0.90250178 -0.36445076]
 [-0.94326307 -0.1139044   0.31189832]
 [ 0.23997624  0.41535084  0.87743666]]
[[-0.22982099  0.90299839 -0.36300995]
 [-0.94294718 -0.11427446  0.31271706]
 [ 0.24090024  0.41416816  0.87774245]]
[[-0.22924018  0.90319701 -0.36288303]
 [-0.94298623 -0.11365314  0.31282573]
 [ 0.24130047  0.41390593  0.87775621]]
[[-0.22842874  0.9043783  -0.36044445]
 [-0.94300576 -0.11350977  0.31281892]
 [ 0.24199267  0.41135802  0.87876284]]
[[-0.22881701  0.9040239  -0.36108663]
 [-0.94294455 -0.11367131  0.31294475]
 [ 0.24186434  0.41209175  0.87845434]]
[[-0.22812246  0.90451155 -0.36030404]
 [-0.94355827 -0.11411535  0.3109268 ]
 [ 0.24012066  0.41089725  0.87949163]]
[[-0.228252    0.90451731 -0.36020753]
 [-0.94308227 -0.11349976  0.3125918 ]
 [ 0.24186122  0.41105504  0.87894079]]
[[-0.22688078  0.90559408 -0.35836361]
 [-0.94373414 -0.11352062  0.3106106 ]
 [ 0.24060546  0.40867155  0.88039569]]
[[-0.2268073   0.90559754 -0.35840137]
 [-0.94346962 -0.11296718  0.31161432]
 [ 0.24170957  0.40881721  0.88002555]]
[[-0.22639821  0.90577547 -0.35821033]
 [-0.94366554 -0.11285184  0.31106238]
 [ 0.24132798  0.40845471  0.88029856]]
[[-0.22572376  0.90574294 -0.35871788]
 [-0.94375626 -0.11198668  0.31109983]
 [ 0.24160485  0.40876487  0.88007862]]
[[-0.22556394  0.90716502 -0.35520774]
 [-0.94343382 -0.11245156  0.31190909]
 [ 0.24300935  0.40547044  0.88121517]]
[[-0.22385656  0.90829823 -0.35338726]
 [-0.94440231 -0.11256324  0.30892359]
 [ 0.24081633  0.40289432  0.88299698]]
[[-0.2232629   0.90843591 -0.35340895]
 [-0.94475407 -0.11240471  0.30790408]
 [ 0.23998629  0.4026281   0.88334432]]
[[-0.22429533  0.90857139 -0.35240549]
 [-0.94369765 -0.1122722   0.3111747 ]
 [ 0.24315909  0.40235927  0.88259882]]
[[-0.2217212   0.91005413 -0.35020164]
 [-0.94504004 -0.11204706  0.30715596]
 [ 0.24028949  0.39905756  0.8848808 ]]
[[-0.22356715  0.90877409 -0.35234554]
 [-0.94353377 -0.11111847  0.31208446]
 [ 0.24446218  0.40222175  0.88230148]]
[[-0.22139185  0.91000955 -0.35052571]
 [-0.94423352 -0.110198    0.3102893 ]
 [ 0.243739    0.39967365  0.88365846]]
[[-0.22083573  0.91127198 -0.34758445]
 [-0.94448102 -0.11091611  0.30927854]
 [ 0.24328415  0.39658667  0.88517334]]
[[-0.2212974   0.91073635 -0.34869294]
 [-0.9441145  -0.11051172  0.31053982]
 [ 0.24428525  0.39792771  0.88429534]]
[[-0.21945193  0.91178057 -0.34712684]
 [-0.94517516 -0.1104955   0.30730224]
 [ 0.24183626  0.39553373  0.8860408 ]]
[[-0.22026284  0.91135413 -0.34773256]
 [-0.94445061 -0.11010946  0.30965942]
 [ 0.24392075  0.39662269  0.88498199]]
[[-0.2188068   0.91261619 -0.34533357]
 [-0.945007   -0.11003129  0.30798519]
 [ 0.24307477  0.3937319   0.88650428]]
[[-0.21938035  0.91176272 -0.34721897]
 [-0.94445933 -0.10921162  0.30995063]
 [ 0.24468108  0.39593127  0.88508169]]
[[-0.21844504  0.91305288 -0.34440704]
 [-0.94468203 -0.10937582  0.3092132 ]
 [ 0.2446582   0.39290123  0.88643725]]
[[-0.21734407  0.91379094 -0.34314382]
 [-0.9452175  -0.10931167  0.30759524]
 [ 0.24356812  0.39119955  0.88748943]]
[[-0.21843946  0.91331782 -0.34370738]
 [-0.94466965 -0.109586    0.3091766 ]
 [ 0.24471098  0.3922263   0.88672153]]
[[-0.21683621  0.9138878  -0.34320714]
 [-0.94542973 -0.10900859  0.30705008]
 [ 0.24319679  0.39105781  0.88765371]]
[[-0.21677039  0.914126   -0.34261385]
 [-0.94551083 -0.10925745  0.3067117 ]
 [ 0.24294003  0.39043112  0.88799982]]
[[-0.21595586  0.91499747 -0.34079715]
 [-0.94568709 -0.10915065  0.30620592]
 [ 0.24297941  0.38841443  0.88887301]]
[[-0.2163158   0.91432312 -0.34237509]
 [-0.94531254 -0.108463    0.3076036 ]
 [ 0.24411405  0.39019099  0.88778338]]
[[-0.21557307  0.91504211 -0.34091962]
 [-0.94538777 -0.10816446  0.30747749]
 [ 0.24447946  0.3885851   0.88838697]]
[[-0.21569992  0.91597073 -0.33833588]
 [-0.9447726  -0.10821893  0.30934349]
 [ 0.24673524  0.38637584  0.88872686]]
[[-0.2147456   0.91591905 -0.33908201]
 [-0.94574127 -0.1083316   0.30632942]
 [ 0.24383966  0.38646675  0.88948618]]
[[-0.2145251   0.91701761 -0.33624053]
 [-0.94516931 -0.10811671  0.30816515]
 [ 0.24623965  0.38391339  0.88993064]]
[[-0.2140741   0.91664685 -0.33753642]
 [-0.94551322 -0.10767165  0.30726465]
 [ 0.24531006  0.38492255  0.88975143]]
[[-0.21442236  0.91718684 -0.33584425]
 [-0.94503507 -0.10791632  0.3086467 ]
 [ 0.24684362  0.38356534  0.8899134 ]]
[[-0.21208482  0.91783962 -0.33554501]
 [-0.94648922 -0.10744997  0.30432327]
 [ 0.24326566  0.38213208  0.89151382]]
[[-0.21320881  0.91795481 -0.33451602]
 [-0.94545161 -0.1075375   0.30750111]
 [ 0.24629911  0.38183066  0.8908098 ]]
[[-0.21162426  0.91896828 -0.33273485]
 [-0.94600206 -0.10706627  0.30596881]
 [ 0.24555095  0.37951827  0.8920037 ]]
[[-0.21185005  0.91831453 -0.33439194]
 [-0.94597153 -0.10674008  0.30617709]
 [ 0.24547385  0.38118889  0.8913123 ]]
[[-0.2121095   0.91908727 -0.3320966 ]
 [-0.94532413 -0.10682281  0.3081415 ]
 [ 0.24773344  0.37929867  0.8914935 ]]
[[-0.21017201  0.9196634  -0.33173327]
 [-0.94624696 -0.10602288  0.30557461]
 [ 0.24585446  0.37812483  0.89251173]]
[[-0.21038841  0.91984993 -0.33107828]
 [-0.94613709 -0.1063328   0.30580703]
 [ 0.2460921   0.37758369  0.89267532]]
[[-0.21082788  0.91980492 -0.33092373]
 [-0.94516897 -0.10543724  0.30909321]
 [ 0.24941376  0.37794431  0.89160018]]
[[-0.20904004  0.92040204 -0.33039726]
 [-0.94653516 -0.10554429  0.30484684]
 [ 0.24571011  0.37645782  0.89325587]]
[[-0.20992707  0.92136584 -0.32713241]
 [-0.94476992 -0.10503473  0.31044728]
 [ 0.25167525  0.37423614  0.89252836]]
[[-0.20966496  0.91967607 -0.33201887]
 [-0.94578318 -0.10460671  0.30749246]
 [ 0.24806206  0.37848826  0.89174652]]
[[-0.20940473  0.92041294 -0.33013584]
 [-0.94552794 -0.1045369   0.30830009]
 [ 0.24925202  0.37671216  0.89216668]]
[[-0.2075484   0.92284876 -0.3244593 ]
 [-0.94593448 -0.10482015  0.30695388]
 [ 0.24926214  0.37062502  0.89470972]]
[[-0.20723352  0.92183132 -0.32753821]
 [-0.94618048 -0.10378763  0.30654629]
 [ 0.24858956  0.37343693  0.89372708]]
[[-0.20734329  0.9231565  -0.32371412]
 [-0.94505384 -0.10352535  0.31008989]
 [ 0.25274888  0.37022233  0.89389788]]
[[-0.20710407  0.92227609 -0.32636593]
 [-0.94601975 -0.10378229  0.30704376]
 [ 0.24930812  0.37233863  0.89398513]]
[[-0.20667076  0.92368381 -0.3226382 ]
 [-0.94544319 -0.10365728  0.3088565 ]
 [ 0.25184195  0.3688677   0.8947135 ]]
[[-0.20503627  0.92475405 -0.32060892]
 [-0.94630949 -0.10366023  0.30619095]
 [ 0.24991693  0.36617551  0.89635764]]
[[-0.20549497  0.92430198 -0.32161725]
 [-0.94600385 -0.10342257  0.30721407]
 [ 0.25069609  0.36738211  0.89564605]]
[[-0.20473238  0.92513399 -0.31970571]
 [-0.94645385 -0.10380951  0.30569378]
 [ 0.24961921  0.36517212  0.8968498 ]]
[[-0.20423497  0.92524361 -0.31970664]
 [-0.94641992 -0.10316949  0.30601534]
 [ 0.25015477  0.36507577  0.8967398 ]]
[[-0.20412796  0.92530288 -0.31960344]
 [-0.94609375 -0.10260215  0.30721234]
 [ 0.25147246  0.36508544  0.89636724]]
[[-0.20427179  0.92589216 -0.31779984]
 [-0.94586566 -0.10304151  0.30776713]
 [ 0.2522126   0.3634641   0.89681807]]
[[-0.20371915  0.92544098 -0.3194644 ]
 [-0.94639251 -0.10259856  0.30629193]
 [ 0.25067852  0.36473624  0.89673171]]
[[-0.20311908  0.92628479 -0.31739426]
 [-0.94601547 -0.10203077  0.30764338]
 [ 0.2525814   0.36274813  0.89700414]]
[[-0.20200592  0.92649386 -0.31749446]
 [-0.94736524 -0.1026351   0.30325755]
 [ 0.24838019  0.36204303  0.89846098]]
[[-0.20254316  0.92717266 -0.31516205]
 [-0.94609144 -0.10220141  0.30735299]
 [ 0.25275929  0.36042436  0.89789032]]
[[-0.20136859  0.92817956 -0.31294312]
 [-0.94688393 -0.10268038  0.30474181]
 [ 0.250722    0.35768624  0.89955491]]
[[-0.20109034  0.92781258 -0.31420773]
 [-0.94676997 -0.10177436  0.30539909]
 [ 0.25137483  0.35889525  0.89889092]]
[[-0.201027    0.9282385  -0.31298792]
 [-0.94678827 -0.10212722  0.30522451]
 [ 0.25135656  0.35769166  0.89937565]]
[[-0.19904805  0.92949371 -0.31051784]
 [-0.94750343 -0.10162557  0.30316578]
 [ 0.25023413  0.35456127  0.90092685]]
[[-0.19974515  0.92864542 -0.31260129]
 [-0.94723109 -0.10137689  0.30409865]
 [ 0.25070927  0.35684789  0.89989135]]
[[-0.20000894  0.9290586  -0.31120178]
 [-0.94646226 -0.1010595   0.30658795]
 [ 0.25338828  0.35586107  0.8995317 ]]
[[-0.19816348  0.93079466 -0.30716858]
 [-0.94726107 -0.10134143  0.30401707]
 [ 0.25184856  0.35121392  0.90178772]]
[[-0.19898457  0.93013918 -0.30861989]
 [-0.9466051  -0.10091157  0.30619544]
 [ 0.25366106  0.35306933  0.90055434]]
[[-0.19725062  0.93102728 -0.30705113]
 [-0.9474149  -0.10052722  0.30380798]
 [ 0.25198652  0.35083112  0.90189817]]
[[-0.19778267  0.93053082 -0.30821163]
 [-0.94710581 -0.10033871  0.30483228]
 [ 0.25273028  0.35219956  0.90115641]]
[[-0.19684142  0.93215879 -0.30386419]
 [-0.94673153 -0.10015151  0.30605406]
 [ 0.25485853  0.34792193  0.90221808]]
[[-0.19732267  0.93155735 -0.30539264]
 [-0.94679067 -0.10029055  0.3058255 ]
 [ 0.254266    0.34948921  0.90177941]]
[[-0.19629279  0.93274828 -0.30240665]
 [-0.94686419 -0.10017295  0.30563637]
 [ 0.25478883  0.34633224  0.90284918]]
[[-0.19510643  0.93324999 -0.30162548]
 [-0.94764471 -0.10011299  0.30322746]
 [ 0.2527904   0.34499542  0.90392211]]
[[-0.19375385  0.93444645 -0.29877964]
 [-0.94770795 -0.09955406  0.30321384]
 [ 0.25359237  0.34190469  0.90487131]]
[[-0.19322526  0.93435787 -0.29939835]
 [-0.94783247 -0.09890947  0.30303551]
 [ 0.25353029  0.3423336   0.90472654]]
[[-0.19241345  0.93566107 -0.29583005]
 [-0.94752993 -0.09872519  0.30404008]
 [ 0.25527259  0.33880923  0.90556293]]
[[-0.19291761  0.93498809 -0.29762403]
 [-0.94692428 -0.09791745  0.30618063]
 [ 0.25713265  0.34089506  0.90425293]]
[[-0.19124787  0.93652972 -0.29383047]
 [-0.94746371 -0.0979463   0.30449802]
 [ 0.25639183  0.3366283   0.90605994]]
[[-0.19075879  0.93717499 -0.29208581]
 [-0.94773757 -0.0983096   0.30352715]
 [ 0.25574321  0.33472116  0.90694937]]
[[-0.19003196  0.93739363 -0.2918579 ]
 [-0.94787239 -0.09772532  0.30329472]
 [ 0.25578464  0.33427974  0.90710048]]
[[-0.18912472  0.93833377 -0.28941592]
 [-0.94781572 -0.09740219  0.30357564]
 [ 0.25666553  0.33172661  0.90778867]]
[[-0.18718263  0.9396141  -0.28651003]
 [-0.9483074  -0.09675301  0.30224482]
 [ 0.25627279  0.32827456  0.90915349]]
[[-0.18779965  0.93974436 -0.28567785]
 [-0.94761618 -0.09684384  0.30437617]
 [ 0.25836965  0.32787469  0.9087042 ]]
[[-0.1865647   0.94075797 -0.28313965]
 [-0.94715624 -0.09568608  0.30616863]
 [ 0.26093805  0.32529775  0.90889642]]
[[-0.18680679  0.93981242 -0.2861046 ]
 [-0.94795816 -0.09600953  0.30357453]
 [ 0.25783434  0.32792497  0.90883808]]
[[-0.18547946  0.94168731 -0.28075325]
 [-0.94729041 -0.09539956  0.30584278]
 [ 0.26122453  0.32268241  0.90974601]]
[[-0.18411339  0.94226387 -0.27971604]
 [-0.94773254 -0.09473703  0.30467677]
 [ 0.26058644  0.32119106  0.91045648]]
[[-0.18390985  0.94214554 -0.28024802]
 [-0.94777618 -0.0943889   0.30464906]
 [ 0.26057145  0.32164036  0.91030215]]
[[-0.1826739   0.94366283 -0.27591795]
 [-0.94752057 -0.09408459  0.30553701]
 [ 0.2623643   0.31725157  0.91132674]]
[[-0.18259736  0.94369187 -0.27586929]
 [-0.94764964 -0.09417042  0.30510995]
 [ 0.26195105  0.3171397   0.91148453]]
[[-0.18134157  0.94441477 -0.27421884]
 [-0.94835839 -0.09414718  0.30290703]
 [ 0.26025294  0.31498737  0.91271647]]
[[-0.18076381  0.94477185 -0.27336899]
 [-0.94815288 -0.09352302  0.30374258]
 [ 0.26140114  0.31410126  0.91269373]]
[[-0.18029346  0.9456247  -0.27071792]
 [-0.94779565 -0.09342315  0.30488608]
 [ 0.26301649  0.31155424  0.91310256]]
[[-0.17829372  0.94660241 -0.26861725]
 [-0.94811806 -0.09224453  0.30424183]
 [ 0.26321758  0.30892527  0.91393746]]
[[-0.17812603  0.94696611 -0.26744402]
 [-0.94809414 -0.09240647  0.30426722]
 [ 0.26341719  0.30776002  0.91427302]]
[[-0.1773055   0.94767696 -0.26546403]
 [-0.94850237 -0.09260224  0.30293248]
 [ 0.26249957  0.30550485  0.91529272]]
[[-0.17638691  0.94769339 -0.26601674]
 [-0.94860532 -0.0915221   0.30293836]
 [ 0.26274627  0.30577925  0.91513029]]
[[-0.17548598  0.94865146 -0.26318259]
 [-0.94859806 -0.09141741  0.30299269]
 [ 0.26337498  0.30282546  0.91593142]]
[[-0.17468341  0.94896768 -0.26257579]
 [-0.94811172 -0.09016555  0.30488414]
 [ 0.26564991  0.30220939  0.91547781]]
[[-0.17323876  0.95014692 -0.25924732]
 [-0.94845831 -0.09002675  0.30384538]
 [ 0.26535856  0.29852307  0.91677086]]
[[-0.17296914  0.94965994 -0.26120427]
 [-0.94897794 -0.08969226  0.30231799]
 [ 0.26367128  0.30016878  0.91672033]]
[[-0.1717337   0.95135268 -0.25580385]
 [-0.94830074 -0.08929329  0.3045528 ]
 [ 0.26689555  0.29488096  0.91750313]]
[[-0.16949126  0.95233529 -0.25363402]
 [-0.94929139 -0.088611    0.30165203]
 [ 0.2647991   0.29189998  0.91906248]]
[[-0.1703857   0.95168992 -0.2554506 ]
 [-0.9479385  -0.08752755  0.3061887 ]
 [ 0.26903774  0.29432163  0.91705696]]
[[-0.16866763  0.95270197 -0.25280464]
 [-0.94833782 -0.08692957  0.30512067]
 [ 0.26871287  0.29120819  0.91814552]]
[[-0.16782838  0.95308132 -0.25193178]
 [-0.94866458 -0.08664431  0.30418461]
 [ 0.26808421  0.29004957  0.91869587]]
[[-0.16514997  0.95465248 -0.24771783]
 [-0.94871086 -0.08511636  0.30447152]
 [ 0.26957966  0.28529606  0.91974614]]
[[-0.16459403  0.95543467 -0.24505793]
 [-0.9485765  -0.08521922  0.30486112]
 [ 0.27039124  0.28263452  0.92032945]]
[[-0.16537863  0.95455314 -0.24794801]
 [-0.94828384 -0.08484037  0.30587558]
 [ 0.27093849  0.28571037  0.9192181 ]]
[[-0.16229715  0.95695388 -0.24062192]
 [-0.94885675 -0.0844323   0.30420725]
 [ 0.27079604  0.2776877   0.92171527]]
[[-0.16080898  0.95757506 -0.2391453 ]
 [-0.9499078  -0.08436763  0.30092735]
 [ 0.26798441  0.2755578   0.92317509]]
[[-0.15978151  0.9585139  -0.23605291]
 [-0.94900487 -0.08331746  0.30405256]
 [ 0.27177128  0.27259734  0.92294695]]
[[-0.15783543  0.95920833 -0.23453649]
 [-0.94973658 -0.0824343   0.30200168]
 [ 0.27034868  0.27041445  0.92400629]]
[[-0.15830647  0.95906966 -0.23478594]
 [-0.94892088 -0.08204895  0.30465903]
 [ 0.2729253   0.27102278  0.92307011]]
[[-0.15529708  0.96071366 -0.23002626]
 [-0.95038184 -0.08176148  0.30014901]
 [ 0.26954997  0.26522504  0.92574213]]
[[-0.15520812  0.96113261 -0.22832991]
 [-0.94932754 -0.08117149  0.30362544]
 [ 0.27329043  0.26388501  0.92502813]]
[[-0.15331162  0.96190233 -0.22636135]
 [-0.95053308 -0.0809259   0.29989641]
 [ 0.27015256  0.26114155  0.92672686]]
[[-0.15192567  0.96282785 -0.22334081]
 [-0.95017751 -0.08004934  0.30125539]
 [ 0.27217879  0.25798185  0.92701892]]
[[-0.15047386  0.96422838 -0.21822294]
 [-0.94937411 -0.07936451  0.30395737]
 [ 0.27576516  0.25291285  0.92735574]]
[[-0.14885929  0.96421728 -0.21937627]
 [-0.95093895 -0.07873808  0.2991913 ]
 [ 0.27121216  0.25315084  0.92863266]]
[[-0.14849274  0.96515297 -0.21547542]
 [-0.94988389 -0.07859512  0.30256141]
 [ 0.27508273  0.2496048   0.92845406]]
[[-0.14723082  0.96583359 -0.21328049]
 [-0.95007601 -0.07812175  0.3020804 ]
 [ 0.27509755  0.24710822  0.92911725]]
[[-0.14508951  0.96732383 -0.20792701]
 [-0.95086518 -0.0782305   0.29955866]
 [ 0.273504    0.24117338  0.93114498]]
[[-0.14339654  0.96795975 -0.20613433]
 [-0.95076243 -0.07691368  0.30022505]
 [ 0.27475122  0.23903601  0.93132892]]
[[-0.14268575  0.96900908 -0.20164865]
 [-0.94980951 -0.07674924  0.30326794]
 [ 0.27839301  0.23479982  0.93132506]]
[[-0.14177674  0.96922332 -0.20125983]
 [-0.94988419 -0.07598253  0.30322713]
 [ 0.27860257  0.23416409  0.93142245]]
[[-0.14087977  0.96934194 -0.20131837]
 [-0.94973182 -0.0748989   0.30397306]
 [ 0.27957531  0.23402212  0.93116663]]
[[-0.13829733  0.97072052 -0.19640653]
 [-0.95093032 -0.07472907  0.30024505]
 [ 0.27677675  0.22829201  0.9334224 ]]
[[-0.13798008  0.9711723  -0.19438586]
 [-0.95109933 -0.07516125  0.29960116]
 [ 0.27635406  0.22621926  0.93405208]]
[[-0.13627033  0.97228595 -0.18997481]
 [-0.95103729 -0.07469182  0.29991534]
 [ 0.27741391  0.22154269  0.93485847]]
[[-0.13486212  0.97277197 -0.18848582]
 [-0.95101671 -0.07367251  0.30023255]
 [ 0.27817159  0.21974316  0.93505803]]
[[-0.13435288  0.97302366 -0.18754801]
 [-0.95079667 -0.0732612   0.30102905]
 [ 0.27916839  0.21876414  0.93499051]]
[[-0.1326959   0.97340557 -0.18674422]
 [-0.95069413 -0.07171515  0.30172439]
 [ 0.28030781  0.21757422  0.93492726]]
[[-0.13056853  0.9743785  -0.18313493]
 [-0.95206771 -0.07168834  0.29736823]
 [ 0.27662057  0.21318379  0.93703454]]
[[-0.12918853  0.97466835 -0.18257034]
 [-0.95180643 -0.07023547  0.29854898]
 [ 0.27816332  0.21234073  0.93676922]]
[[-0.12875349  0.97519192 -0.18006462]
 [-0.95098836 -0.06994028  0.30121337]
 [ 0.28114707  0.21002163  0.93640122]]
[[-0.12842739  0.97453413 -0.18381958]
 [-0.95181233 -0.06907219  0.29880148]
 [ 0.27849542  0.21333603  0.93644436]]
[[-0.12568206  0.97596918 -0.17801173]
 [-0.95205512 -0.06820761  0.29822603]
 [ 0.27891766  0.20695864  0.93774893]]
[[-0.12463218  0.97615878 -0.17771003]
 [-0.95200608 -0.06718562  0.29861433]
 [ 0.27955544  0.20639798  0.93768258]]
[[-0.12386768  0.97664133 -0.17558052]
 [-0.95163451 -0.0667825   0.29988642]
 [ 0.28115576  0.20423471  0.93767778]]
[[-0.12212806  0.97729978 -0.1731181 ]
 [-0.95212032 -0.06610709  0.2984908 ]
 [ 0.28027066  0.20128336  0.93858051]]
[[-0.12092357  0.97796753 -0.17016757]
 [-0.95162487 -0.06542853  0.30021529]
 [ 0.28246699  0.1982388   0.93857007]]
[[-0.11860737  0.97881829 -0.16687432]
 [-0.95358737 -0.06544105  0.29391936]
 [ 0.27677321  0.19399025  0.94115056]]
[[-0.11717881  0.97992692 -0.16128347]
 [-0.95291062 -0.06520434  0.2961583 ]
 [ 0.27969711  0.18839221  0.94142334]]
[[-0.11690086  0.97976226 -0.16248111]
 [-0.95207927 -0.06399914  0.29908055]
 [ 0.28262918  0.18965767  0.94029289]]
[[-0.11536855  0.98062478 -0.15831974]
 [-0.9526745  -0.06410502  0.29715627]
 [ 0.28124971  0.18510967  0.94161192]]
[[-0.11324526  0.98174967 -0.15278449]
 [-0.95259301 -0.06357897  0.29753027]
 [ 0.28238637  0.17923533  0.94240789]]
[[-0.11275647  0.981794   -0.1528611 ]
 [-0.95313237 -0.06340447  0.29583535]
 [ 0.2807573   0.17905422  0.94292891]]
[[-0.11097814  0.98274763 -0.14795587]
 [-0.95311588 -0.06307433  0.29595902]
 [ 0.28152081  0.17386407  0.94367225]]
[[-0.10957715  0.98333628 -0.14506071]
 [-0.95264519 -0.06224893  0.29764443]
 [ 0.28365469  0.17080642  0.94359164]]
[[-0.10827948  0.98400881 -0.14142922]
 [-0.95275393 -0.06210627  0.29732601]
 [ 0.28378777  0.16694155  0.94424309]]
[[-0.10727041  0.9839181  -0.14282235]
 [-0.95314147 -0.06090049  0.29633169]
 [ 0.28286817  0.16791752  0.94434597]]
[[-0.10637012  0.98450175 -0.13943353]
 [-0.95266965 -0.06074293  0.29787721]
 [ 0.28479104  0.16451932  0.94436617]]
[[-0.10440756  0.98522655 -0.1357487 ]
 [-0.95394931 -0.06061478  0.29377978]
 [ 0.28121126  0.16017021  0.94618483]]
[[-0.10352633  0.98551869 -0.13429522]
 [-0.95361758 -0.05997801  0.29498501]
 [ 0.28265848  0.158605    0.94601725]]
[[-0.10161755  0.98628404 -0.1300679 ]
 [-0.95275591 -0.05886677  0.297978  ]
 [ 0.28623427  0.15420276  0.94566984]]
[[-0.10024979  0.98659312 -0.12877886]
 [-0.95346453 -0.05827038  0.29582081]
 [ 0.28435079  0.15244205  0.94652314]]
[[-0.09888915  0.98737739 -0.12372078]
 [-0.95321533 -0.0583009   0.29661683]
 [ 0.28565972  0.14726473  0.94694859]]
[[-0.09792048  0.987645   -0.12234756]
 [-0.95290921 -0.05759356  0.29773648]
 [ 0.28701152  0.14574062  0.94677561]]
[[-0.09636535  0.98820829 -0.11898783]
 [-0.95331937 -0.05726416  0.29648439]
 [ 0.2861746   0.14200423  0.94759638]]
[[-0.09461952  0.98877846 -0.11560409]
 [-0.95367496 -0.05671821  0.29544394]
 [ 0.28557174  0.13820349  0.9483399 ]]
[[-0.09446859  0.98888112 -0.11484693]
 [-0.95291061 -0.05642832  0.29795505]
 [ 0.2881615   0.13758625  0.94764602]]
[[-0.09322988  0.98905023 -0.11440206]
 [-0.95314216 -0.05544545  0.29739844]
 [ 0.28779892  0.13676784  0.94787464]]
[[-0.09015949  0.98994503 -0.1089959 ]
 [-0.95444481 -0.05462822  0.29334428]
 [ 0.28444046  0.13047834  0.94977314]]
[[-0.08986917  0.99010189 -0.10780435]
 [-0.95377157 -0.05438929  0.29556996]
 [ 0.28678098  0.12938335  0.94921895]]
[[-0.08812527  0.99048949 -0.10566225]
 [-0.9542108  -0.05350127  0.29431169]
 [ 0.28585957  0.12676036  0.94985058]]
[[-0.08767512  0.99073922 -0.10367681]
 [-0.95390959 -0.05351564  0.29528389]
 [ 0.287001    0.12478735  0.94976762]]
[[-0.08561895  0.99125745 -0.10038957]
 [-0.95414483 -0.05256831  0.29469342]
 [ 0.28683974  0.12101753  0.95030401]]
[[-0.08364055  0.99142669 -0.10038613]
 [-0.95529519 -0.05110683  0.291203  ]
 [ 0.28357601  0.12025477  0.95137975]]
[[-0.08306652  0.99189216 -0.09617637]
 [-0.95467499 -0.05152452  0.29315678]
 [ 0.28582447  0.11616869  0.9512146 ]]
[[-0.08143451  0.99265503 -0.08946742]
 [-0.95398533 -0.05164036  0.29537308]
 [ 0.28858344  0.10940417  0.95118364]]
[[-0.07994609  0.99270654 -0.090235  ]
 [-0.95478943 -0.05025906  0.29300371]
 [ 0.28633157  0.10957993  0.95184372]]
[[-0.07835556  0.99292887 -0.08917773]
 [-0.955015   -0.04909652  0.29246517]
 [ 0.28601879  0.10808235  0.95210895]]
[[-0.07734734  0.99333768 -0.08542619]
 [-0.95468834 -0.04909453  0.29353008]
 [ 0.28738053  0.10425915  0.95212523]]
[[-0.0772953   0.99303407 -0.08893126]
 [-0.9537644  -0.047663    0.29675192]
 [ 0.29044604  0.107757    0.95080467]]
[[-0.0737898   0.99418117 -0.07847842]
 [-0.95545701 -0.04792796  0.29121265]
 [ 0.28575682  0.09647128  0.95343397]]
[[-0.07449358  0.99386829 -0.08171001]
 [-0.95513822 -0.04755806  0.29231698]
 [ 0.28663861  0.09982009  0.95282436]]
[[-0.07205149  0.99446088 -0.07652544]
 [-0.95439136 -0.04645357  0.29492236]
 [ 0.28973387  0.09428481  0.95245192]]
[[-0.07042546  0.99472905 -0.07452764]
 [-0.95583056 -0.04592082  0.29030883]
 [ 0.28535626  0.09168093  0.95402642]]
[[-0.07003706  0.99480695 -0.07385081]
 [-0.95381074 -0.0451024   0.29700311]
 [ 0.29212991  0.09124092  0.95201639]]
[[-0.06757042  0.99523326 -0.07032071]
 [-0.95611874 -0.04445325  0.28958741]
 [ 0.28508104  0.08680249  0.95456489]]
[[-0.06761331  0.99525667 -0.06994714]
 [-0.95389628 -0.04393697  0.29690308]
 [ 0.2924215   0.08679692  0.95234235]]
[[-0.0663623   0.9955325  -0.06716461]
 [-0.95470534 -0.04378458  0.29431381]
 [ 0.29005819  0.08365375  0.95334584]]
[[-0.06340726  0.99596035 -0.06358067]
 [-0.95547576 -0.04218653  0.29203829]
 [ 0.28817631  0.07926714  0.95429091]]
[[-0.06417974  0.99579368 -0.06539039]
 [-0.95462844 -0.04216816  0.29479889]
 [ 0.29080148  0.08134364  0.95331931]]
[[-0.06158217  0.99627605 -0.06034621]
 [-0.95662364 -0.0416664   0.28833163]
 [ 0.28474349  0.0754847   0.95562713]]
[[-0.06297745  0.99590305 -0.06489184]
 [-0.95542688 -0.041371    0.29231475]
 [ 0.28843251  0.08040864  0.95411799]]
[[-0.05917318  0.99668323 -0.05586649]
 [-0.95725038 -0.04078023  0.28637158]
 [ 0.2831435   0.07042374  0.9564885 ]]
[[-0.05946967  0.99652777 -0.05827321]
 [-0.95659961 -0.04020958  0.28861804]
 [ 0.28527275  0.07290815  0.95566933]]
[[-0.05893273  0.99662612 -0.05712538]
 [-0.95663295 -0.04002952  0.28853256]
 [ 0.28527239  0.07165203  0.95576443]]
[[-0.05641189  0.9971244  -0.05060257]
 [-0.95552284 -0.03922466  0.292297  ]
 [ 0.2894716   0.06484093  0.95498788]]
[[-0.05406751  0.99763312 -0.04248377]
 [-0.95480509 -0.03919945  0.29463646]
 [ 0.29227375  0.05649398  0.95466459]]
[[-0.05386323  0.99754173 -0.04482471]
 [-0.95683057 -0.03872117  0.28805543]
 [ 0.28561165  0.05840525  0.95656407]]
[[-0.05380717  0.99757568 -0.04413114]
 [-0.95479229 -0.03845913  0.29477546]
 [ 0.29236359  0.05799711  0.95454694]]
[[-0.05232968  0.99782512 -0.04008274]
 [-0.95507447 -0.03828237  0.29388301]
 [ 0.29170938  0.05366081  0.9550006 ]]
[[-0.05078978  0.99803967 -0.03656798]
 [-0.95585892 -0.03796775  0.29136261]
 [ 0.28940304  0.04975207  0.9559135 ]]
[[-0.04772527  0.99843671 -0.0290937 ]
 [-0.95586141 -0.03719742  0.2914538 ]
 [ 0.28991597  0.04171925  0.95614237]]
[[-0.04786029  0.99834817 -0.03178553]
 [-0.95557192 -0.0364973   0.29248973]
 [ 0.29084651  0.044372    0.95574026]]
[[-0.04650927  0.99856697 -0.02647423]
 [-0.95640333 -0.03686451  0.2897131 ]
 [ 0.28832198  0.03879439  0.95674732]]
[[-0.04529674  0.99860368 -0.02718275]
 [-0.95624311 -0.03546994  0.29041523]
 [ 0.28904554  0.03914818  0.95651455]]
[[-0.04444829  0.99873016 -0.0237154 ]
 [-0.95592202 -0.03562244  0.29145177]
 [ 0.29023687  0.03562461  0.95629151]]
[[-0.04334686  0.99883852 -0.0210393 ]
 [-0.95550889 -0.0352981   0.29284264]
 [ 0.29175986  0.03279705  0.95592915]]
[[-0.04231197  0.99888217 -0.02107404]
 [-0.95583645 -0.03433046  0.29188712]
 [ 0.29083736  0.03249366  0.95622058]]
[[-0.04104125  0.9990327  -0.01578838]
 [-0.95741686 -0.03480224  0.28660385]
 [ 0.28577715  0.02687864  0.95791908]]
[[-0.0399316   0.99911669 -0.01308862]
 [-0.9560849  -0.03439875  0.29106424]
 [ 0.29035691  0.02413649  0.95661397]]
[[-0.04053647  0.99905887 -0.01543275]
 [-0.95619863 -0.03430689  0.29070124]
 [ 0.2898982   0.02654078  0.95668941]]
[[-0.03777709  0.99925207 -0.00825742]
 [-0.95726366 -0.03381612  0.28723294]
 [ 0.28673887  0.01875535  0.95782517]]
[[-0.03658891  0.99931261 -0.00596298]
 [-0.95682963 -0.03331054  0.28873424]
 [ 0.28833713  0.01627002  0.95739072]]
[[-0.03472725  0.99939567 -0.0015177 ]
 [-0.9556726  -0.0327636   0.29260284]
 [ 0.29237629  0.01161171  0.95623285]]
[[-0.03460976  0.9993876  -0.00515596]
 [-0.95627122 -0.0316165   0.29076753]
 [ 0.29042646  0.01499389  0.95677984]]
[[-0.03238197  0.99947465  0.00134982]
 [-0.9552357  -0.03134598  0.29418054]
 [ 0.29406831  0.00823675  0.95574891]]
[[-0.03198939  0.99948533  0.00239731]
 [-0.95521427 -0.03127825  0.29425732]
 [ 0.29418086  0.00712317  0.95572322]]
[[-0.03126527  0.99950817  0.00242961]
 [-0.95597516 -0.03061295  0.29184644]
 [ 0.29177727  0.00680201  0.9564621 ]]
[[-0.03030688  0.99952925  0.00477183]
 [-0.95513291 -0.03036725  0.29461662]
 [ 0.29462283  0.00437118  0.95560362]]
[[-2.90486586e-02  9.99543089e-01  8.35401610e-03]
 [-9.55655414e-01 -3.02214784e-02  2.92932400e-01]
 [ 2.93051027e-01  5.25732571e-04  9.56096658e-01]]
[[-0.02827761  0.99957551  0.00701251]
 [-0.9559919  -0.0290928   0.29194708]
 [ 0.29202716  0.00155167  0.95640877]]
[[-0.02502469  0.99951282  0.01865195]
 [-0.95538202 -0.02940438  0.29390573]
 [ 0.29431099 -0.01046484  0.95565241]]
[[-0.02780299  0.99960808  0.00326741]
 [-0.95603901 -0.02754544  0.29194289]
 [ 0.29191848  0.00499312  0.95643017]]
[[-2.40642060e-02  9.99683067e-01  7.39462918e-03]
 [-9.55191556e-01 -2.51746981e-02  2.94915796e-01]
 [ 2.95008485e-01  3.36271158e-05  9.55494633e-01]]
[[-0.02256748  0.99963432  0.01489771]
 [-0.95584432 -0.02594143  0.29272628]
 [ 0.29300571 -0.0076338   0.95608022]]
[[-2.29227481e-02  9.99718104e-01  6.18544011e-03]
 [-9.54953357e-01 -2.37265334e-02  2.95805912e-01]
 [ 2.95869284e-01  8.73877608e-04  9.55228037e-01]]
[[-0.02105746  0.99970402  0.01218435]
 [-0.95747256 -0.02367258  0.28755157]
 [ 0.2877549  -0.00561108  0.95768765]]
[[-0.02015509  0.99968593  0.01489374]
 [-0.95585626 -0.02363491  0.29288257]
 [ 0.29314259 -0.0083332   0.95603242]]
[[-0.01815611  0.9994517   0.0276884 ]
 [-0.95657733 -0.02542149  0.29036797]
 [ 0.29091264 -0.02121415  0.9565144 ]]
[[-0.01848734  0.99942355  0.02847429]
 [-0.95688596 -0.02594293  0.28930299]
 [ 0.28987493 -0.02189821  0.95681398]]
[[-0.0162858   0.99930284  0.03359473]
 [-0.95497221 -0.02550078  0.29559734]
 [ 0.29624796 -0.027268    0.95472174]]
[[-0.01467739  0.99941509  0.03088759]
 [-0.95483518 -0.02317789  0.29623058]
 [ 0.29677322 -0.02514466  0.95461689]]
[[-0.01277866  0.99936255  0.03333457]
 [-0.95467632 -0.02210808  0.29682378]
 [ 0.29737154 -0.02803072  0.95435028]]
[[-0.01251882  0.99938304  0.03281496]
 [-0.95723006 -0.02146475  0.28853056]
 [ 0.28905691 -0.0277994   0.9569082 ]]
[[-0.01371221  0.99932708  0.03402005]
 [-0.95410519 -0.02325582  0.29856732]
 [ 0.29915758 -0.02836469  0.95378204]]
[[-0.01159276  0.99928848  0.03589058]
 [-0.95642561 -0.02155355  0.29117948]
 [ 0.29174587 -0.0309511   0.95599497]]
[[-0.01115229  0.9992909   0.03596285]
 [-0.95528978 -0.02127437  0.2949048 ]
 [ 0.29546077 -0.03106608  0.95484964]]
[[-0.00957292  0.99916849  0.03963191]
 [-0.9568404  -0.02066537  0.28987824]
 [ 0.29045621 -0.03514643  0.9562426 ]]
[[-0.00847182  0.99905111  0.04272137]
 [-0.95694313 -0.02049651  0.28955093]
 [ 0.29015181 -0.0384289   0.95620873]]
[[-0.00943424  0.99929043  0.03646401]
 [-0.95423742 -0.01989703  0.29838743]
 [ 0.29890123 -0.03198027  0.95374804]]
[[-0.0063135   0.9989151   0.04613859]
 [-0.95518168 -0.01967963  0.29536533]
 [ 0.29595287 -0.04220594  0.95426964]]
[[-0.00610494  0.99884556  0.04764733]
 [-0.95518761 -0.01992603  0.29532962]
 [ 0.2959381  -0.04370917  0.95420655]]
[[-0.00387493  0.99870831  0.05066248]
 [-0.95435322 -0.01882417  0.29808654]
 [ 0.29865518 -0.04719484  0.95319344]]
[[-0.00336915  0.99869591  0.05094243]
 [-0.95514725 -0.01829871  0.29556536]
 [ 0.2961121  -0.04766172  0.9539633 ]]
[[-0.00473713  0.99875357  0.04968774]
 [-0.95723097 -0.01890327  0.28870666]
 [ 0.28928607 -0.04619501  0.95612739]]
[[-0.00279165  0.9987711   0.04948233]
 [-0.95575556 -0.01722016  0.29365758]
 [ 0.2941488  -0.04647323  0.9546291 ]]
[[-0.00234489  0.9986466   0.05195642]
 [-0.95787022 -0.01716461  0.286688  ]
 [ 0.28719181 -0.04909526  0.95661409]]
[[ 2.83308843e-05  9.98408931e-01  5.63879922e-02]
 [-9.55250001e-01 -1.66525286e-02  2.95330543e-01]
 [ 2.95799655e-01 -5.38729966e-02  9.53729660e-01]]
[[ 7.41771275e-04  9.98513291e-01  5.45037361e-02]
 [-9.54513401e-01 -1.55442513e-02  2.97762562e-01]
 [ 2.98167096e-01 -5.22454182e-02  9.53082787e-01]]
[[ 7.00629232e-04  9.98273471e-01  5.87331791e-02]
 [-9.56703606e-01 -1.64259312e-02  2.90600068e-01]
 [ 2.91063086e-01 -5.63938471e-02  9.55040321e-01]]
[[ 4.07864453e-04  9.98378034e-01  5.69309642e-02]
 [-9.55974515e-01 -1.63170853e-02  2.92995697e-01]
 [ 2.93449416e-01 -5.45440534e-02  9.54417302e-01]]
[[ 0.00550181  0.99771311  0.06736676]
 [-0.95414965 -0.0149244   0.2989577 ]
 [ 0.29927942 -0.06592277  0.95188551]]
[[ 0.00537221  0.99775792  0.06671042]
 [-0.95605094 -0.01443207  0.29284521]
 [ 0.2931514  -0.06535178  0.95382986]]
[[ 0.00489239  0.99778902  0.06628079]
 [-0.95556767 -0.0148707   0.29439647]
 [ 0.29473121 -0.06477608  0.95338218]]
[[ 0.00810369  0.99738482  0.07181824]
 [-0.95376129 -0.01387035  0.30024494]
 [ 0.30045589 -0.07093055  0.95115462]]
[[ 0.00731131  0.9974512   0.07097645]
 [-0.95578802 -0.01389513  0.29372808]
 [ 0.29396565 -0.06998598  0.95325031]]
[[ 0.00802951  0.99727862  0.07328625]
 [-0.95705507 -0.01357509  0.28958817]
 [ 0.28979496 -0.07246423  0.95434156]]
[[ 0.00903738  0.9971496   0.07490666]
 [-0.95573316 -0.01341814  0.29392871]
 [ 0.29409601 -0.07424712  0.95288767]]
[[ 0.00955825  0.99721975  0.0739013 ]
 [-0.95394136 -0.01306716  0.2997084 ]
 [ 0.29984082 -0.07336219  0.95116427]]
[[ 0.00985743  0.99743189  0.07093986]
 [-0.95592287 -0.01141984  0.29339574]
 [ 0.29345238 -0.07070517  0.95335538]]
[[ 0.01307097  0.9966004   0.08134369]
 [-0.95845873 -0.01069382  0.28503071]
 [ 0.2849316  -0.0816902   0.95506057]]
[[ 0.01409305  0.99646999  0.0827583 ]
 [-0.95728508 -0.0104594   0.28895655]
 [ 0.28880213 -0.08329556  0.95375845]]
[[ 0.01655592  0.99578385  0.09022426]
 [-0.95459723 -0.01110167  0.2976926 ]
 [ 0.29743912 -0.0910564   0.95038871]]
[[ 0.01308019  0.996605    0.08128582]
 [-0.95562747 -0.01146599  0.29435466]
 [ 0.29428734 -0.08152918  0.95223314]]
[[ 0.01574362  0.99638908  0.08343224]
 [-0.95737445 -0.00904768  0.28870798]
 [ 0.28842034 -0.0844212   0.95377501]]
[[ 0.01848818  0.99569787  0.09079618]
 [-0.9571249  -0.00863139  0.28954693]
 [ 0.28908496 -0.09225648  0.95284764]]
[[ 0.01678134  0.99621028  0.0853432 ]
 [-0.95503364 -0.00930009  0.29635157]
 [ 0.29602218 -0.0864788   0.95125826]]
[[ 0.0210934   0.99490932  0.09854195]
 [-0.95483422 -0.0091727   0.29699743]
 [ 0.29638941 -0.10035591  0.94977998]]
[[ 0.02008114  0.99513695  0.09643234]
 [-0.95531681 -0.00935119  0.29543587]
 [ 0.2949009  -0.09805613  0.95048327]]
[[ 0.02146626  0.99489028  0.09865362]
 [-0.95710513 -0.00806866  0.2896285 ]
 [ 0.28894458 -0.10063912  0.95204138]]
[[ 0.02327222  0.99440514  0.103038  ]
 [-0.95647405 -0.00784202  0.291712  ]
 [ 0.29088793 -0.10534196  0.95094021]]
[[ 0.0209935   0.99514495  0.09615512]
 [-0.95530593 -0.00839936  0.29549962]
 [ 0.2948726  -0.09806113  0.95049154]]
[[ 0.02585301  0.99398583  0.1064133 ]
 [-0.95708079 -0.00612738  0.28975648]
 [ 0.28866587 -0.1093372   0.95116633]]
[[ 0.02521643  0.99483062  0.09836753]
 [-0.95476089 -0.00519875  0.29732913]
 [ 0.29630351 -0.10141504  0.94969428]]
[[ 0.02485031  0.99461226  0.10064252]
 [-0.95544964 -0.00598799  0.29509342]
 [ 0.29410618 -0.10349202  0.95015312]]
[[ 0.02709104  0.99361136  0.10955611]
 [-0.95450179 -0.00684689  0.29812657]
 [ 0.29697206 -0.11264806  0.94821833]]
[[ 0.02555305  0.99494073  0.09715962]
 [-0.95352918 -0.0049297   0.30126037]
 [ 0.30021518 -0.10034265  0.94857904]]
[[ 0.03049767  0.99245983  0.11871553]
 [-0.95691492 -0.00532191  0.29031968]
 [ 0.28876241 -0.12245474  0.94953731]]
[[ 0.02755548  0.99425468  0.10343268]
 [-0.95599803 -0.00402163  0.29334551]
 [ 0.29207612 -0.10696472  0.9503947 ]]
[[ 0.02921104  0.99383406  0.1069606 ]
 [-0.95463163 -0.00398767  0.29776258]
 [ 0.29635311 -0.11080592  0.94862895]]
[[ 0.03234847  0.99275927  0.11568326]
 [-0.95459494 -0.00360674  0.29788504]
 [ 0.29614538 -0.12006678  0.9475663 ]]
[[ 0.03124538  0.99331087  0.1111631 ]
 [-0.95527119 -0.00304522  0.29571554]
 [ 0.29407598 -0.11543065  0.94878611]]
[[ 0.03513     0.99103539  0.1288982 ]
 [-0.95643683 -0.00406362  0.29191108]
 [ 0.28981801 -0.13353783  0.94771999]]
[[ 0.03316959  0.99219887  0.12017146]
 [-0.95415405 -0.00435047  0.29928435]
 [ 0.2974724  -0.12458922  0.94656627]]
[[ 0.03374078  0.99261644  0.11650823]
 [-0.9557358  -0.00204679  0.29421914]
 [ 0.29228522 -0.12127827  0.94861   ]]
[[ 0.03692677  0.99158142  0.1241076 ]
 [-0.95545586 -0.00135752  0.29513091]
 [ 0.2928148  -0.12947756  0.94736215]]
[[ 0.03735102  0.99130936  0.12613748]
 [-0.9537192  -0.00232607  0.30068968]
 [ 0.2983699  -0.1315308   0.94534388]]
[[ 3.81049767e-02  9.91114970e-01  1.27432835e-01]
 [-9.55970494e-01 -9.78044971e-04  2.93461168e-01]
 [ 2.90978392e-01 -1.33004361e-01  9.47439399e-01]]
[[ 0.03674795  0.99165954  0.12353518]
 [-0.9556622  -0.00126842  0.29446248]
 [ 0.29216322 -0.12887879  0.94764493]]
[[ 0.04022715  0.99015273  0.13408713]
 [-0.95524829 -0.00124869  0.29580253]
 [ 0.29305711 -0.13998579  0.94579147]]
[[ 0.03941007  0.99094588  0.12834761]
 [-0.95319248 -0.00125335  0.30236157]
 [ 0.29978481 -0.13425607  0.94451277]]
[[ 4.12326902e-02  9.90521162e-01  1.31025541e-01]
 [-9.55096310e-01  5.64328351e-04  2.96294989e-01]
 [ 2.93412515e-01 -1.37359050e-01  9.46066376e-01]]
[[ 4.28174817e-02  9.89503126e-01  1.38022561e-01]
 [-9.55875897e-01  3.85283016e-04  2.93770524e-01]
 [ 2.90633674e-01 -1.44510953e-01  9.45858685e-01]]
[[ 4.33662746e-02  9.89124735e-01  1.40540476e-01]
 [-9.55147046e-01 -1.99513963e-04  2.96131865e-01]
 [ 2.92939392e-01 -1.47078956e-01  9.44750916e-01]]
[[ 4.20808140e-02  9.90193259e-01  1.33216048e-01]
 [-9.54395324e-01  3.94550949e-04  2.98545490e-01]
 [ 2.95565171e-01 -1.39703811e-01  9.45052419e-01]]
[[ 4.27795214e-02  9.89881860e-01  1.35291593e-01]
 [-9.54335536e-01  4.13662196e-04  2.98736528e-01]
 [ 2.95657905e-01 -1.41893381e-01  9.44697132e-01]]
[[ 0.04529805  0.98909275  0.14015567]
 [-0.95467962  0.00154727  0.29763137]
 [ 0.29416817 -0.14728588  0.94433678]]
[[ 4.52124224e-02  9.88925367e-01  1.41359310e-01]
 [-9.54355706e-01  9.39223230e-04  2.98670895e-01]
 [ 2.95230457e-01 -1.48410699e-01  9.43829032e-01]]
[[ 4.49640745e-02  9.89041584e-01  1.40623530e-01]
 [-9.54350474e-01  9.19041773e-04  2.98687676e-01]
 [ 2.95285294e-01 -1.47634347e-01  9.43933628e-01]]
[[ 0.04716354  0.98850763  0.14362543]
 [-0.95465812  0.00229479  0.29769551]
 [ 0.29394469 -0.15115356  0.94379506]]
[[ 0.0470404   0.98836707  0.14462966]
 [-0.95552316  0.00232293  0.29490693]
 [ 0.29114034 -0.15206953  0.94451689]]
[[ 0.04791257  0.98815843  0.14576456]
 [-0.95331263  0.00167747  0.3019805 ]
 [ 0.29816006 -0.15342785  0.94210428]]
[[ 0.04825052  0.98794726  0.14707855]
 [-0.9533779   0.00163613  0.30177458]
 [ 0.29789673 -0.15478222  0.94196603]]
[[ 0.04842457  0.98792817  0.14714956]
 [-0.95525543  0.00276896  0.29576916]
 [ 0.29179123 -0.15488791  0.94385783]]
[[ 0.05021511  0.98720022  0.15137427]
 [-0.95505982  0.0031317   0.29639658]
 [ 0.29212871 -0.15945507  0.94299252]]
[[ 0.05120108  0.98688836  0.153068  ]
 [-0.95296426  0.00243395  0.30307293]
 [ 0.29872658 -0.16138599  0.94059396]]
[[ 0.05150979  0.98734398  0.14999536]
 [-0.95490909  0.00471914  0.29686083]
 [ 0.2923959  -0.15852317  0.94306683]]
[[ 0.05223469  0.9872842   0.15013809]
 [-0.95494518  0.00539897  0.29673315]
 [ 0.29214936 -0.15887341  0.9430843 ]]
[[ 0.0530213   0.98613825  0.15722627]
 [-0.95346599  0.00319718  0.30148364]
 [ 0.29680187 -0.16589496  0.9404188 ]]
[[ 0.05452292  0.98564517  0.15978377]
 [-0.95497818  0.00473825  0.29663819]
 [ 0.2916229  -0.1687636   0.94152798]]
[[ 0.05139669  0.98791464  0.14622943]
 [-0.95462452  0.00559089  0.29775958]
 [ 0.2933435  -0.15489806  0.94337489]]
[[ 0.05545564  0.98573966  0.15887729]
 [-0.95474676  0.00578423  0.29736371]
 [ 0.29220421 -0.16817807  0.94145251]]
[[ 0.05537499  0.98571675  0.15904748]
 [-0.95380093  0.00511254  0.30039581]
 [ 0.29529205 -0.16833405  0.94046066]]
[[ 0.05410505  0.98647694  0.15471231]
 [-0.95537272  0.00607991  0.29534047]
 [ 0.29040593 -0.16378733  0.94278211]]
[[ 0.05796167  0.98481288  0.16365827]
 [-0.95477116  0.0067936   0.297264  ]
 [ 0.29163759 -0.17348612  0.9406647 ]]
[[ 0.05596537  0.98622274  0.15566821]
 [-0.95369167  0.00665403  0.30071236]
 [ 0.29553355 -0.16528895  0.9409248 ]]
[[ 0.0578551   0.98506145  0.16219349]
 [-0.95435832  0.00688894  0.29858456]
 [ 0.2930068  -0.17206534  0.94050015]]
[[ 0.06027588  0.98293685  0.17378716]
 [-0.95395036  0.00547226  0.2999146 ]
 [ 0.2938461  -0.18386194  0.9380028 ]]
[[ 0.05748912  0.98553734  0.15940876]
 [-0.9536742   0.00698306  0.30076029]
 [ 0.29529733 -0.16931446  0.94028299]]
[[ 0.06143532  0.98302374  0.17288734]
 [-0.95428191  0.00708397  0.29882413]
 [ 0.29252649 -0.18334162  0.93851697]]
[[ 0.05850892  0.98486443  0.16315259]
 [-0.95372654  0.00686219  0.30059707]
 [ 0.29492778 -0.17319056  0.93969284]]
[[ 0.06025504  0.98313778  0.17265411]
 [-0.9549131   0.00639966  0.29681646]
 [ 0.29070654 -0.18275436  0.93919676]]
[[ 0.061444    0.98355619  0.16982888]
 [-0.95420613  0.00797515  0.29904357]
 [ 0.29277174 -0.18042619  0.93900538]]
[[ 0.0586948   0.98416205  0.16727217]
 [-0.95556341  0.00689997  0.29470485]
 [ 0.28888316 -0.17713681  0.94083424]]
[[ 0.06264202  0.98199733  0.17820558]
 [-0.95450746  0.00678969  0.29810972]
 [ 0.29153299 -0.18877275  0.93774909]]
[[ 0.06229569  0.98381826  0.16799072]
 [-0.95386816  0.0091584   0.30008608]
 [ 0.29369164 -0.17893506  0.93900344]]
[[ 0.06169387  0.9824363   0.17610449]
 [-0.95485467  0.00672424  0.2969972 ]
 [ 0.29059666 -0.1864771   0.93849873]]
[[ 0.06415662  0.98190862  0.17815552]
 [-0.95432798  0.00816821  0.29864928]
 [ 0.29179109 -0.18917912  0.93758691]]
[[ 0.06238199  0.9837823   0.16816918]
 [-0.95436028  0.00948911  0.29850697]
 [ 0.2920701  -0.17911545  0.9394747 ]]
[[ 0.0626589   0.98287646  0.1732851 ]
 [-0.95337716  0.00758986  0.3016859 ]
 [ 0.29520476 -0.18410936  0.93752754]]
[[ 0.06486931  0.98216917  0.17645308]
 [-0.95362148  0.0089295   0.30087596]
 [ 0.29393546 -0.18778706  0.93719687]]
[[ 0.06210566  0.98334862  0.1707875 ]
 [-0.95347839  0.00787936  0.30135838]
 [ 0.29499465 -0.18155826  0.93809102]]
[[ 0.06601172  0.98094296  0.1827385 ]
 [-0.95420195  0.00850402  0.29904233]
 [ 0.29178946 -0.19410973  0.93657905]]
[[ 0.06457819  0.98276732  0.17319948]
 [-0.95432351  0.01008403  0.29860502]
 [ 0.2917127  -0.18457171  0.93852916]]
[[ 0.06439047  0.98222103  0.17633975]
 [-0.95368717  0.0085385   0.30067902]
 [ 0.29382758 -0.18753382  0.9372814 ]]
[[ 0.06799887  0.98032517  0.1853071 ]
 [-0.95323343  0.00901477  0.30210059]
 [ 0.29448631 -0.19718342  0.93509171]]
[[ 0.06365497  0.98315018  0.17135858]
 [-0.95423977  0.00968875  0.29888557]
 [ 0.29218916 -0.18254273  0.93877774]]
[[ 0.06670223  0.98161639  0.17882974]
 [-0.95448289  0.01055481  0.29807885]
 [ 0.29071157 -0.19057245  0.93764008]]
[[ 0.06825466  0.98085751  0.1823728 ]
 [-0.95361344  0.01042055  0.30085348]
 [ 0.29319397 -0.19444781  0.93607016]]
[[ 0.06573119  0.98145577  0.18006663]
 [-0.95417188  0.00902412  0.29912303]
 [ 0.29195108 -0.19147623  0.93707066]]
[[ 0.06945017  0.97964258  0.18835362]
 [-0.95466831  0.01048251  0.29748704]
 [ 0.28945656 -0.20047576  0.93596174]]
[[ 0.06787616  0.98100568  0.18171595]
 [-0.95348707  0.010168    0.30126238]
 [ 0.29369241 -0.19371234  0.9360664 ]]
[[ 0.06695799  0.98168188  0.17837407]
 [-0.953413    0.01024763  0.30149399]
 [ 0.29414328 -0.19025159  0.93663443]]
[[ 0.07007529  0.97897703  0.19155531]
 [-0.95425944  0.00983664  0.29881793]
 [ 0.29065163 -0.20373322  0.93488738]]
[[ 0.06791317  0.98076977  0.1829712 ]
 [-0.95329105  0.00968872  0.30189782]
 [ 0.2943195  -0.19492764  0.93561704]]
[[ 0.06888023  0.98091903  0.18180585]
 [-0.95391789  0.01140915  0.29985079]
 [ 0.2920551  -0.19408165  0.93650207]]
[[ 0.06996802  0.97955404  0.18862226]
 [-0.95378474  0.01029907  0.30031416]
 [ 0.29223132 -0.20091742  0.9350043 ]]
[[ 0.06851163  0.9806771   0.18324458]
 [-0.95254846  0.00969912  0.30423239]
 [ 0.29657643 -0.1953928   0.93480697]]
[[ 0.06969502  0.98052046  0.18363616]
 [-0.95443597  0.01199752  0.2981745 ]
 [ 0.29016302 -0.19605023  0.93668016]]
[[ 0.06908626  0.98009591  0.18611581]
 [-0.9540358   0.01037311  0.29951307]
 [ 0.29162094 -0.19825339  0.93576323]]
[[ 0.07007314  0.98027275  0.18481097]
 [-0.95370187  0.0115142   0.30053314]
 [ 0.2924765  -0.19731387  0.93569479]]
[[ 0.07170941  0.97938805  0.18883009]
 [-0.95305211  0.01144049  0.30259013]
 [ 0.29419285 -0.20166348  0.93422824]]
[[ 0.06945714  0.98042996  0.18420857]
 [-0.95325262  0.01079382  0.30198167]
 [ 0.29408357 -0.19657209  0.93534714]]
[[ 0.07163105  0.97963106  0.18759526]
 [-0.95358792  0.01211121  0.30087107]
 [ 0.29247064 -0.20044028  0.93503188]]
[[ 0.07015178  0.9796297   0.18816052]
 [-0.95307528  0.01013586  0.30256366]
 [ 0.29449318 -0.20055652  0.9343719 ]]
[[ 0.069407    0.98067175  0.18293602]
 [-0.95263411  0.01072715  0.30392956]
 [ 0.29609275 -0.19536593  0.9349659 ]]
[[ 0.07231382  0.97913273  0.18992054]
 [-0.95371992  0.01215915  0.30045045]
 [ 0.2918716  -0.20285772  0.93469766]]
[[ 0.06958037  0.98035118  0.18458097]
 [-0.95230386  0.01016757  0.30498194]
 [ 0.29711266 -0.19699792  0.93429968]]
[[ 0.06830901  0.98118911  0.18055972]
 [-0.95441043  0.011556    0.29827368]
 [ 0.29057634 -0.19270286  0.9372465 ]]
[[ 0.07035224  0.98017705  0.18521209]
 [-0.95371184  0.01167174  0.30049543]
 [ 0.29237697 -0.19777949  0.93562759]]
[[ 0.06994539  0.98030984  0.18466258]
 [-0.95286847  0.01087528  0.30318873]
 [ 0.29521064 -0.1971658   0.93486701]]
[[ 0.06964314  0.98044735  0.1840457 ]
 [-0.95429104  0.01172402  0.29864888]
 [ 0.29065175 -0.19643201  0.93644862]]
[[ 0.0707272   0.97958055  0.18820098]
 [-0.95242527  0.01024557  0.30459996]
 [ 0.29645196 -0.20079087  0.93370191]]
[[ 0.06919321  0.98102915  0.18109142]
 [-0.95357363  0.01170664  0.30093238]
 [ 0.29310346 -0.19350648  0.93629354]]
[[ 0.07039749  0.98024081  0.18485711]
 [-0.95443753  0.01231703  0.29815649]
 [ 0.28998827 -0.19742403  0.9364457 ]]
[[ 0.07063278  0.97993717  0.18637103]
 [-0.95287026  0.01102143  0.30317784]
 [ 0.29504116 -0.19900171  0.93453145]]
[[ 0.06992542  0.98081148  0.18198702]
 [-0.95267959  0.01155857  0.30375649]
 [ 0.29582435 -0.19461562  0.93520731]]
[[ 0.07034458  0.98013567  0.18543382]
 [-0.95404984  0.01182556  0.29941454]
 [ 0.29127401 -0.1979753   0.93593014]]
[[ 0.06931487  0.98054369  0.18365597]
 [-0.95355034  0.01102338  0.30103194]
 [ 0.29315046 -0.1959912   0.93576186]]
[[ 0.07048123  0.97985653  0.18685175]
 [-0.95321141  0.01095517  0.30210592]
 [ 0.29397347 -0.19940202  0.93478256]]
[[ 0.0696845   0.98009152  0.18591577]
 [-0.9549934   0.01167578  0.29639717]
 [ 0.28832564 -0.19820262  0.93679456]]
[[ 0.06878484  0.98076703  0.18266002]
 [-0.95441105  0.01138445  0.29827831]
 [ 0.29046204 -0.19484977  0.93683796]]
[[ 0.07153646  0.97933016  0.18919557]
 [-0.95384217  0.01170253  0.30008025]
 [ 0.29166357 -0.20192939  0.93496357]]
[[ 0.07039048  0.97979743  0.18719557]
 [-0.9539033   0.01123195  0.29990387]
 [ 0.29174247 -0.19967685  0.93542262]]
[[ 0.06973648  0.98060772  0.18315384]
 [-0.95476921  0.01240994  0.29708879]
 [ 0.28905463 -0.19558758  0.93711948]]
[[ 0.07203387  0.9787657   0.19190838]
 [-0.95397613  0.01145383  0.29966374]
 [ 0.29110251 -0.20466195  0.93454418]]
[[ 0.07053257  0.98014413  0.18531768]
 [-0.95530344  0.01290352  0.29534527]
 [ 0.28708968 -0.19786608  0.93724518]]
[[ 0.07023962  0.98020253  0.18511997]
 [-0.95529378  0.0126683   0.29538669]
 [ 0.28719363 -0.1975918   0.9372712 ]]
[[ 0.07185938  0.97878743  0.19186295]
 [-0.95547408  0.01235762  0.29481616]
 [ 0.28619138 -0.20450538  0.93609403]]
[[ 0.06962575  0.97992352  0.18682118]
 [-0.95579159  0.01189773  0.29380416]
 [ 0.28568286 -0.19901845  0.93743104]]
[[ 0.07217716  0.97897371  0.19079026]
 [-0.95626043  0.01355582  0.29220239]
 [ 0.28347214 -0.20353552  0.93713224]]
[[ 0.07166793  0.97866581  0.19255373]
 [-0.95582891  0.0122157   0.29366967]
 [ 0.28505229 -0.20509512  0.93631255]]
[[ 0.07153718  0.97924926  0.18961362]
 [-0.95589962  0.01301895  0.2934049 ]
 [ 0.28484796 -0.20224094  0.93699533]]
[[ 0.07145214  0.97919588  0.1899211 ]
 [-0.95659124  0.01333666  0.29112768]
 [ 0.28253811 -0.20247856  0.93764314]]
[[ 0.07198187  0.97887529  0.19136819]
 [-0.95523654  0.01245815  0.29558069]
 [ 0.28695254 -0.20407834  0.9359542 ]]
[[ 0.07284034  0.97856965  0.19260253]
 [-0.95578562  0.01332598  0.29376225]
 [ 0.2849002  -0.20548447  0.93627347]]
[[ 0.07272088  0.97862884  0.19234674]
 [-0.95535136  0.01297294  0.2951872 ]
 [ 0.28638341 -0.205225    0.93587779]]
[[ 0.07222116  0.97876065  0.19186375]
 [-0.95495891  0.0123465   0.29648109]
 [ 0.28781518 -0.2046342   0.93556788]]
[[ 0.07311435  0.97832584  0.19373397]
 [-0.95539956  0.01297717  0.29503098]
 [ 0.28612231 -0.20666435  0.93564089]]
[[ 0.07395769  0.97822191  0.19393854]
 [-0.95551579  0.01383168  0.29461543]
 [ 0.28551677 -0.20710042  0.93572944]]
[[ 0.07317555  0.97822213  0.19423388]
 [-0.95536226  0.01285974  0.29515688]
 [ 0.2862312  -0.20716198  0.93549752]]
[[ 0.07284598  0.97808499  0.1950467 ]
 [-0.95562407  0.01247985  0.29432447]
 [ 0.28544019 -0.20783167  0.93559067]]
[[ 0.07459544  0.97748766  0.19736612]
 [-0.95546133  0.01338848  0.29481247]
 [ 0.28553312 -0.21056736  0.93495039]]
[[ 0.07427064  0.97784367  0.19571823]
 [-0.95551957  0.01360729  0.29461362]
 [ 0.28542287 -0.20889374  0.93535939]]
[[ 0.07497958  0.97727229  0.19828499]
 [-0.95484983  0.01303908  0.2968026 ]
 [ 0.2874715  -0.21158652  0.93412594]]
[[ 0.07453661  0.97892878  0.19011243]
 [-0.95480746  0.01505159  0.29684368]
 [ 0.28772733 -0.20364648  0.93581039]]
[[ 0.07472696  0.97712314  0.19911365]
 [-0.95468826  0.01241892  0.29734844]
 [ 0.28807327 -0.21231141  0.93377602]]
[[ 0.07458844  0.97807739  0.19442525]
 [-0.95529809  0.01414954  0.29530552]
 [ 0.28608063 -0.20776045  0.93541086]]
[[ 0.07442556  0.97772823  0.19623545]
 [-0.95417779  0.0126272   0.29897374]
 [ 0.28983716 -0.20949479  0.93386635]]
[[ 0.07477504  0.97807615  0.19435984]
 [-0.95550146  0.01450141  0.2946297 ]
 [ 0.28535179 -0.20774206  0.93563753]]
[[ 0.07310915  0.97904774  0.19005415]
 [-0.95534468  0.0140423   0.29515989]
 [ 0.28630682 -0.20314611  0.93635467]]
[[ 0.07450607  0.9785292   0.19217035]
 [-0.95706456  0.01603122  0.28943123]
 [ 0.28013618 -0.20548382  0.93771004]]
[[ 0.07471579  0.97854498  0.19200851]
 [-0.95558045  0.01520787  0.29433778]
 [ 0.28510272 -0.20547126  0.93621472]]
[[ 0.07397779  0.97767214  0.19668369]
 [-0.95735508  0.01439019  0.28855531]
 [ 0.27928218 -0.20964281  0.93704395]]
[[ 0.07362373  0.97900446  0.19007842]
 [-0.95714301  0.0158335   0.28918258]
 [ 0.28010143 -0.20322293  0.938213  ]]
[[ 0.07455544  0.97730722  0.19827277]
 [-0.95666077  0.01396979  0.29086942]
 [ 0.28149896 -0.21136568  0.93599299]]
[[ 0.07389748  0.97893953  0.1903065 ]
 [-0.95707628  0.01598854  0.28939482]
 [ 0.28025731 -0.20352339  0.93810131]]
[[ 0.07450063  0.97732426  0.19820937]
 [-0.95902782  0.01573663  0.28287453]
 [ 0.27334099 -0.21116263  0.93845354]]
[[ 0.07407302  0.97885999  0.19064708]
 [-0.95779498  0.0165868   0.28697325]
 [ 0.27774441 -0.20385779  0.93877582]]
[[ 0.07359934  0.97911013  0.18954285]
 [-0.95793311  0.01654204  0.28651444]
 [ 0.27739376 -0.20265664  0.93913949]]
[[ 0.07360314  0.9784663   0.19283744]
 [-0.95829035  0.01584696  0.28535675]
 [ 0.27615608 -0.20579741  0.9388212 ]]
[[ 0.07357754  0.9793088   0.18852222]
 [-0.95844937  0.01719558  0.28474395]
 [ 0.27561051 -0.20163976  0.93988311]]
[[ 0.07332094  0.97961705  0.18701464]
 [-0.95857897  0.01747362  0.28429038]
 [ 0.27522789 -0.20011274  0.94032149]]
[[ 0.07407281  0.97839828  0.19300267]
 [-0.96007794  0.01761416  0.27917753]
 [ 0.26974723 -0.20597707  0.94064333]]
[[ 0.07363087  0.97937535  0.1881553 ]
 [-0.95904646  0.01779288  0.28268942]
 [ 0.27351122 -0.20126434  0.94057657]]
[[ 0.0734937   0.9783219   0.19361029]
 [-0.9606654   0.01731563  0.27716811]
 [ 0.26780714 -0.20636481  0.94111259]]
[[ 0.07349966  0.97980888  0.18593646]
 [-0.96078128  0.01957958  0.27661521]
 [ 0.26738948 -0.19897539  0.94282112]]
[[ 0.07389175  0.97836554  0.19323791]
 [-0.96146716  0.01843807  0.27430083]
 [ 0.26480355 -0.20606047  0.94202875]]
[[ 0.07486476  0.9783598   0.19289211]
 [-0.96140275  0.01945577  0.27445623]
 [ 0.26476408 -0.2059941   0.94205436]]
[[ 0.07341999  0.97922108  0.18903857]
 [-0.96148219  0.01915588  0.27419892]
 [ 0.26488016 -0.2018889   0.94291006]]
[[ 0.07397571  0.97863775  0.19182216]
 [-0.96193665  0.0192828   0.27259137]
 [ 0.26306934 -0.20468591  0.94281398]]
[[ 0.07396526  0.97926863  0.18857915]
 [-0.96222219  0.02039449  0.27150052]
 [ 0.26202596 -0.20153665  0.94378248]]
[[ 0.07361731  0.97862643  0.19201771]
 [-0.9626956   0.01946424  0.26988576]
 [ 0.26037986 -0.20472287  0.94355226]]
[[ 0.07464525  0.9779005   0.19529133]
 [-0.96358851  0.02030806  0.26661727]
 [ 0.25675917 -0.20808219  0.94380958]]
[[ 0.07367145  0.97978503  0.18599412]
 [-0.96342416  0.02173761  0.26709804]
 [ 0.2576556  -0.19886873  0.94555001]]
[[ 0.07334307  0.9786579   0.19196226]
 [-0.96411599  0.02033245  0.26470162]
 [ 0.25514927 -0.20448791  0.94503097]]
[[ 0.07462137  0.97903934  0.18950891]
 [-0.96402089  0.02220143  0.26489775]
 [ 0.25513795 -0.20245758  0.94547108]]
[[ 0.07379028  0.97895845  0.19025077]
 [-0.9637377   0.02094307  0.26602825]
 [ 0.25644617 -0.20298214  0.94500456]]
[[ 0.07336005  0.97906505  0.18986821]
 [-0.96492734  0.02156333  0.26163   ]
 [ 0.2520586  -0.20240221  0.94630852]]
[[ 0.07386024  0.97985917  0.18552811]
 [-0.96397116  0.0224766   0.26505547]
 [ 0.25554699 -0.1984208   0.94621611]]
[[ 0.07201358  0.98034302  0.18368886]
 [-0.96495143  0.02188242  0.26151461]
 [ 0.25235446 -0.19608343  0.94755924]]
[[ 0.07268044  0.97912592  0.18981566]
 [-0.96603463  0.02179062  0.25749224]
 [ 0.24798113 -0.20208315  0.9474533 ]]
[[ 0.07250324  0.97909498  0.19004291]
 [-0.96651928  0.0219495   0.25565347]
 [ 0.24613768 -0.20221584  0.94790558]]
[[ 0.07297577  0.9791106   0.18978136]
 [-0.96627562  0.02229327  0.25654323]
 [ 0.24695335 -0.20210254  0.94771758]]
[[ 0.07294701  0.97982166  0.18608667]
 [-0.96718609  0.02396899  0.25293586]
 [ 0.24337172 -0.19843135  0.94941835]]
[[ 0.072698    0.97939686  0.18840593]
 [-0.96641935  0.02249125  0.25598394]
 [ 0.24647238 -0.20068865  0.94814315]]
[[ 0.07124882  0.9799571   0.1860314 ]
 [-0.96774819  0.02273281  0.25089173]
 [ 0.24163411 -0.19790729  0.9499714 ]]
[[ 0.07176153  0.97986079  0.18634142]
 [-0.96791864  0.02330982  0.25018027]
 [ 0.24079825 -0.19831665  0.95009826]]
[[ 0.07141435  0.97977572  0.1869212 ]
 [-0.96794304  0.02283221  0.25012988]
 [ 0.24080336 -0.19879194  0.94999763]]
[[ 0.07005858  0.98038927  0.18419737]
 [-0.96837418  0.02251425  0.2484845 ]
 [ 0.23946447 -0.19578045  0.95096098]]
[[ 0.07040097  0.98037818  0.18412584]
 [-0.96856629  0.02303444  0.24768682]
 [ 0.23858552 -0.19577547  0.9511829 ]]
[[ 0.0698675   0.98025634  0.1849758 ]
 [-0.96926784  0.02286317  0.24494312]
 [ 0.23587791 -0.19640466  0.95172833]]
[[ 0.07014965  0.98054612  0.18332577]
 [-0.96880783  0.02318115  0.24672662]
 [ 0.23767712 -0.19491523  0.95158691]]
[[ 0.06887926  0.9805823   0.18361374]
 [-0.96955453  0.02244478  0.24384471]
 [ 0.23498864 -0.19481938  0.95227399]]
[[ 0.06803719  0.98170355  0.17784566]
 [-0.96923102  0.02277089  0.24509735]
 [ 0.23656324 -0.18904927  0.9530468 ]]
[[ 0.06704728  0.98168347  0.17833178]
 [-0.96972903  0.02205393  0.24318558]
 [ 0.23479834 -0.18923843  0.95344562]]
[[ 0.06823006  0.98170013  0.17779063]
 [-0.9705249   0.02402434  0.23980043]
 [ 0.23114082 -0.18891183  0.95440361]]
[[ 0.06797171  0.98159787  0.178453  ]
 [-0.96936319  0.02265942  0.24458447]
 [ 0.23603995 -0.1896106   0.95306504]]
[[ 0.0677577   0.98139492  0.17964661]
 [-0.97077117  0.02329786  0.2388735 ]
 [ 0.23024386 -0.19058126  0.9542885 ]]
[[ 0.06565448  0.98237853  0.17499116]
 [-0.97041523  0.02202619  0.24043529]
 [ 0.23234408 -0.18559974  0.95476121]]
[[ 0.0667468   0.98151782  0.17935339]
 [-0.97225828  0.02359258  0.23271706]
 [ 0.22418453 -0.18991094  0.95586355]]
[[ 0.0656055   0.98196238  0.17732963]
 [-0.97072807  0.02165803  0.23920273]
 [ 0.23104747 -0.18783187  0.95463933]]
[[ 0.0660201   0.98228227  0.17539355]
 [-0.97027124  0.02218026  0.24100158]
 [ 0.23284131 -0.18609026  0.95454457]]
[[ 0.06639426  0.98180354  0.1779146 ]
 [-0.972166    0.0234999   0.2331116 ]
 [ 0.22468882 -0.1884398   0.95603628]]
[[ 0.06518982  0.9823683   0.17522216]
 [-0.97090367  0.0218943   0.23846741]
 [ 0.23042646 -0.18566949  0.95521227]]
[[ 0.06481095  0.98278275  0.17302486]
 [-0.97101399  0.02213428  0.23799559]
 [ 0.23006818 -0.18343428  0.95573035]]
[[ 0.06449624  0.98347578  0.16916155]
 [-0.97189294  0.02344424  0.23425303]
 [ 0.22641632 -0.17951536  0.95734523]]
[[ 0.06428987  0.98315141  0.17111433]
 [-0.97190887  0.02278388  0.23425208]
 [ 0.22640662 -0.18136757  0.95699835]]
[[ 0.06371154  0.98336256  0.17011444]
 [-0.97065531  0.02145371  0.23951621]
 [ 0.23188169 -0.18038243  0.95587293]]
[[ 0.06406507  0.98322544  0.17077296]
 [-0.97255485  0.02315818  0.2315184 ]
 [ 0.22367999 -0.18091832  0.95772429]]
[[ 0.0637891   0.98343601  0.16966013]
 [-0.97256627  0.02315119  0.23147109]
 [ 0.22370917 -0.17977105  0.95793349]]
[[ 0.06231056  0.98389563  0.16753143]
 [-0.9712467   0.02113157  0.23713562]
 [ 0.22977649 -0.1774904   0.95692211]]
[[ 0.06217898  0.98370917  0.16867142]
 [-0.97271712  0.02188268  0.23096007]
 [ 0.22350656 -0.17843044  0.95823139]]
[[ 0.06270744  0.98406774  0.16636843]
 [-0.97293361  0.02312642  0.22992467]
 [ 0.22241394 -0.17628342  0.95888278]]
[[ 0.06101092  0.98471894  0.1631143 ]
 [-0.97192272  0.02140323  0.23432482]
 [ 0.22725292 -0.17283086  0.95837655]]
[[ 0.06026097  0.98452542  0.16455489]
 [-0.97194572  0.02032553  0.23432539]
 [ 0.22735464 -0.17405909  0.95813011]]
[[ 0.06113339  0.9843504   0.16527857]
 [-0.9735505   0.02228369  0.22738265]
 [ 0.22014118 -0.17480771  0.95967709]]
[[ 0.05918549  0.9855831   0.15850248]
 [-0.97310087  0.02154849  0.22936947]
 [ 0.22264718 -0.16781425  0.96034713]]
[[ 0.05880001  0.98579807  0.15730453]
 [-0.9722007   0.02077295  0.23322581]
 [ 0.22664587 -0.16664526  0.95961503]]
[[ 0.05732625  0.98560483  0.15904972]
 [-0.9726589   0.01922496  0.23144129]
 [ 0.22505193 -0.16796878  0.9597594 ]]
[[ 0.05847297  0.98544375  0.15962935]
 [-0.97373577  0.02105486  0.22670542]
 [ 0.22004446 -0.16869295  0.96079297]]
[[ 0.05840556  0.98607386  0.15571492]
 [-0.97287638  0.02124874  0.23034766]
 [ 0.22383106 -0.16494495  0.96056901]]
[[ 0.05639456  0.98702939  0.15030848]
 [-0.97187591  0.01979384  0.23466021]
 [ 0.22864134 -0.15931475  0.96038635]]
[[ 0.05606413  0.98596292  0.15727026]
 [-0.97386437  0.0192775   0.22631079]
 [ 0.22010227 -0.16584782  0.96127493]]
[[ 0.05590698  0.98653334  0.15370876]
 [-0.97340193  0.01959765  0.22826436]
 [ 0.22217807 -0.16238197  0.9613891 ]]
[[ 0.05538259  0.98687829  0.1516707 ]
 [-0.97346728  0.01959141  0.22798602]
 [ 0.22202302 -0.16027292  0.96177875]]
[[ 0.05455769  0.98743922  0.14828093]
 [-0.97291958  0.01916475  0.23034803]
 [ 0.22461291 -0.15683268  0.96174454]]
[[ 0.05337994  0.98721288  0.1502042 ]
 [-0.97296106  0.01756923  0.23030003]
 [ 0.22471618 -0.15843624  0.96145754]]
[[ 0.05321843  0.98725712  0.14997056]
 [-0.97241538  0.01708046  0.23262971]
 [ 0.22710377 -0.15821387  0.96093301]]
[[ 0.05409135  0.98676508  0.15286856]
 [-0.97275106  0.01750743  0.2311901 ]
 [ 0.22545399 -0.16120843  0.96082378]]
[[ 0.05285235  0.98771643  0.14704723]
 [-0.97418468  0.01863383  0.22498219]
 [ 0.21947855 -0.155142    0.96320305]]
[[ 0.04988951  0.98901756  0.13912332]
 [-0.9744917   0.01768569  0.2237256 ]
 [ 0.21880806 -0.14673608  0.96467173]]
[[ 0.05014596  0.98923886  0.13744765]
 [-0.97454341  0.01835476  0.2234463 ]
 [ 0.21851895 -0.14515363  0.96497663]]
[[ 0.04938461  0.98910942  0.13864964]
 [-0.97377583  0.01681481  0.22688741]
 [ 0.22208511 -0.14621842  0.96400123]]
[[ 0.04782456  0.98952477  0.13621137]
 [-0.97435279  0.01619606  0.22444228]
 [ 0.2198851  -0.14345178  0.96492079]]
[[ 0.04732396  0.98923289  0.13848733]
 [-0.97345865  0.01459496  0.22839711]
 [ 0.22391672 -0.14562034  0.963668  ]]
[[ 0.04693167  0.98878526  0.14177844]
 [-0.97359293  0.0135343   0.22788951]
 [ 0.22341492 -0.14872972  0.96330953]]
[[ 0.04480341  0.9900926   0.13307632]
 [-0.97398714  0.01367282  0.22619041]
 [ 0.22212993 -0.13974873  0.96495004]]
[[ 0.0458362   0.98991773  0.1340221 ]
 [-0.97440669  0.01474958  0.22430796]
 [ 0.22006966 -0.14087345  0.96525852]]
[[ 0.04454432  0.99014675  0.13275997]
 [-0.97409673  0.01355681  0.22572501]
 [ 0.22170108 -0.13937582  0.96510259]]
[[ 0.04393471  0.99125406  0.12443922]
 [-0.97514049  0.01547093  0.22104679]
 [ 0.21718834 -0.13105735  0.96729168]]
[[ 0.04402001  0.9910115   0.12632674]
 [-0.9750006   0.01504918  0.22169201]
 [ 0.21779822 -0.13292753  0.96689927]]
[[ 0.0434979   0.99105112  0.1261967 ]
 [-0.97475446  0.01441033  0.222814  ]
 [ 0.21900153 -0.13270274  0.96665832]]
[[ 0.04273701  0.99110555  0.12602909]
 [-0.97458153  0.01358887  0.22362062]
 [ 0.21991905 -0.1323825   0.96649391]]
[[ 0.04218643  0.99149555  0.12311328]
 [-0.97520813  0.01407167  0.22084176]
 [ 0.21723122 -0.12937759  0.96750816]]
[[ 0.03933935  0.99264403  0.11449999]
 [-0.97481829  0.01295354  0.22262416]
 [ 0.21950336 -0.12037457  0.96815713]]
[[ 0.04021358  0.99149046  0.12381251]
 [-0.97475596  0.01169185  0.22296665]
 [ 0.21962171 -0.12965327  0.9669314 ]]
[[ 0.03796069  0.99277111  0.11386181]
 [-0.97485934  0.01175583  0.22251082]
 [ 0.21956377 -0.11944591  0.96825845]]
[[ 0.03749995  0.99243935  0.11686697]
 [-0.97438058  0.01036144  0.22466668]
 [ 0.22175714 -0.1222979   0.96740219]]
[[ 0.03779899  0.99227095  0.11819305]
 [-0.9749909   0.01069903  0.22198711]
 [ 0.2190068  -0.12362804  0.96785956]]
[[ 0.03328558  0.99401941  0.10400713]
 [-0.97495327  0.00939652  0.22221123]
 [ 0.21990497 -0.10879852  0.96943524]]
[[ 0.03711503  0.99260442  0.11558084]
 [-0.97431521  0.01023688  0.22495573]
 [ 0.22210886 -0.12096141  0.96748953]]
[[ 0.03213673  0.99408824  0.10371015]
 [-0.97474262  0.00822769  0.22317959]
 [ 0.22100691 -0.10826297  0.96924459]]
[[ 0.03508253  0.99342853  0.10894481]
 [-0.97454357  0.00985257  0.22398159]
 [ 0.22143632 -0.1140293   0.96848504]]
[[ 0.0326196   0.99343822  0.1096196 ]
 [-0.97550016  0.00777028  0.21986148]
 [ 0.21756702 -0.11410573  0.96935261]]
[[ 0.03041608  0.99454892  0.09973623]
 [-0.97515489  0.00762103  0.22139302]
 [ 0.21942609 -0.10399218  0.97007104]]
[[ 0.03298454  0.99329512  0.11080083]
 [-0.97459492  0.00739306  0.22385284]
 [ 0.22153277 -0.11536961  0.96830423]]
[[ 0.02814985  0.99466668  0.09922592]
 [-0.975164    0.00550995  0.22141548]
 [ 0.21968787 -0.10299436  0.97011824]]
[[ 0.02722765  0.99516182  0.09440128]
 [-0.97449537  0.00538098  0.22434308]
 [ 0.22274969 -0.09810195  0.9699271 ]]
[[ 0.02622931  0.99528371  0.09339354]
 [-0.97541861  0.00503346  0.2203025 ]
 [ 0.2187934  -0.09687617  0.97095028]]
[[ 0.02383068  0.99598922  0.08624139]
 [-0.97587026  0.00444648  0.21830591]
 [ 0.21704687 -0.08936278  0.97206222]]
[[ 0.02746038  0.99474906  0.09859122]
 [-0.97496144  0.00487959  0.22232043]
 [ 0.22067195 -0.10222764  0.96997598]]
[[ 0.02147051  0.99674307  0.07773205]
 [-0.97678018  0.00433588  0.21420009]
 [ 0.21316541 -0.08052611  0.97369197]]
[[ 0.02349884  0.99585503  0.08786677]
 [-0.97561001  0.0036558   0.21948061]
 [ 0.21824964 -0.09088124  0.97165204]]
[[ 0.02165832  0.99631395  0.08300255]
 [-0.97612851  0.00312707  0.21717125]
 [ 0.2161112  -0.08572472  0.97259818]]
[[ 0.01898308  0.99710278  0.07365923]
 [-0.97530391  0.00225274  0.22085565]
 [ 0.22004985 -0.07603265  0.972521  ]]
[[ 0.02187384  0.99631362  0.08295002]
 [-0.97558958  0.00313734  0.21957942]
 [ 0.21850972 -0.08572822  0.97206182]]
[[ 0.01699332  0.99754133  0.0679892 ]
 [-0.97653916  0.00195928  0.21533096]
 [ 0.21466832 -0.07005331  0.97417147]]
[[ 1.54134060e-02  9.97751757e-01  6.52216050e-02]
 [-9.75638755e-01  7.31110303e-04  2.19382054e-01]
 [ 2.18841146e-01 -6.70141501e-02  9.73456551e-01]]
[[ 1.55043420e-02  9.97645694e-01  6.68033291e-02]
 [-9.76578396e-01  7.69579019e-04  2.15160509e-01]
 [ 2.14602545e-01 -6.85746100e-02  9.74291163e-01]]
[[ 1.29251714e-02  9.98185291e-01  5.88138169e-02]
 [-9.76305651e-01 -1.08358290e-04  2.16396081e-01]
 [ 2.16009758e-01 -6.02172182e-02  9.74532540e-01]]
[[ 1.55916469e-02  9.97320378e-01  7.14770214e-02]
 [-9.77133152e-01  3.71756804e-05  2.12628321e-01]
 [ 2.12055900e-01 -7.31577929e-02  9.74515383e-01]]
[[ 1.08778013e-02  9.98479967e-01  5.40317453e-02]
 [-9.77310979e-01 -8.14594017e-04  2.11807899e-01]
 [ 2.11529958e-01 -5.51098221e-02  9.75816573e-01]]
[[ 0.01092637  0.99828429  0.05752463]
 [-0.97732928 -0.00150301  0.21171965]
 [ 0.21144287 -0.05853383  0.97563605]]
[[ 0.01007237  0.99845664  0.05461583]
 [-0.97788636 -0.00157466  0.20913103]
 [ 0.20889427 -0.05551452  0.97636127]]
[[ 0.00783387  0.9988597   0.04709498]
 [-0.97732424 -0.00231809  0.21173557]
 [ 0.2116033  -0.04768577  0.97619164]]
[[ 0.00898972  0.99866039  0.05095697]
 [-0.97562628 -0.00241389  0.21942545]
 [ 0.21925451 -0.05168753  0.97429762]]
[[ 0.00546747  0.99912919  0.04136383]
 [-0.9752644  -0.00381285  0.22100863]
 [ 0.22097389 -0.04154903  0.97439428]]
[[ 0.0063736   0.99915873  0.04051177]
 [-0.97624479 -0.00255705  0.21665542]
 [ 0.21657674 -0.04093028  0.97540721]]
[[ 0.004136    0.99925155  0.0384608 ]
 [-0.97497143 -0.00452014  0.22228424]
 [ 0.22229172 -0.03841755  0.97422301]]
[[ 0.00274899  0.99943003  0.03364603]
 [-0.97425032 -0.00490894  0.22541563]
 [ 0.22545232 -0.03339932  0.97368154]]
[[ 0.00366484  0.99913787  0.04135319]
 [-0.97515822 -0.00558822  0.22143899]
 [ 0.22147917 -0.04113744  0.97429702]]
[[-1.27760358e-04  9.99462498e-01  3.27825987e-02]
 [-9.75934463e-01 -7.27332345e-03  2.17942706e-01]
 [ 2.18064000e-01 -3.19658234e-02  9.75410825e-01]]
[[-0.00109415  0.99951678  0.03106454]
 [-0.97500719 -0.00796793  0.22203039]
 [ 0.22217062 -0.03004521  0.97454477]]
[[-0.00116651  0.99953483  0.03047566]
 [-0.97561242 -0.00782686  0.21936077]
 [ 0.21949725 -0.02947655  0.97516772]]
[[-0.00461618  0.9998332   0.01767101]
 [-0.9756843  -0.00837565  0.21902052]
 [ 0.21913199 -0.01623029  0.97556022]]
[[-0.00136324  0.99963469  0.02699293]
 [-0.97694815 -0.00709359  0.21335886]
 [ 0.21347239 -0.02607984  0.97660093]]
[[-0.00653162  0.99975235  0.02127397]
 [-0.97623186 -0.01098385  0.21645025]
 [ 0.21663031 -0.01935455  0.97606184]]
[[-0.00608198  0.99975521  0.02127274]
 [-0.97833695 -0.01035111  0.20675992]
 [ 0.20692951 -0.0195544   0.97816042]]
[[-0.00724563  0.99984361  0.01613239]
 [-0.97644032 -0.01055358  0.21552941]
 [ 0.21566595 -0.01419067  0.97636408]]
[[-0.00936559  0.99990749  0.00986403]
 [-0.97470439 -0.01133148  0.22321057]
 [ 0.22330169 -0.00752401  0.97472034]]
[[-0.01003853  0.99989894  0.01006631]
 [-0.97541687 -0.01200796  0.22004029]
 [ 0.22013893 -0.00760997  0.97543885]]
[[-0.01235453  0.99992303  0.0011389 ]
 [-0.97527383 -0.0123013   0.22065729]
 [ 0.22065432  0.00161538  0.97535074]]
[[-0.01206053  0.99992583  0.00169677]
 [-0.97412331 -0.01213229  0.22569136]
 [ 0.2256952   0.00106909  0.97419738]]
[[-0.01274997  0.99991736  0.00164628]
 [-0.97556588 -0.01280058  0.21933389]
 [ 0.21933684  0.00119044  0.97564847]]
[[-0.01764692  0.99979632 -0.00979327]
 [-0.97577599 -0.01508512  0.21825136]
 [ 0.21805917  0.0134075   0.97584345]]
[[-0.01435877  0.9998945  -0.00219576]
 [-0.97562928 -0.01352937  0.21900791]
 [ 0.21895509  0.00528694  0.97572061]]
[[-0.01778144  0.99979624 -0.00955555]
 [-0.97568695 -0.01526304  0.21863673]
 [ 0.21844633  0.0132109   0.97575954]]
[[-0.01990807  0.99965202 -0.01730647]
 [-0.97592532 -0.01566937  0.21754137]
 [ 0.21719448  0.02122065  0.97589766]]
[[-0.0187496   0.99976115 -0.01122899]
 [-0.97626936 -0.01588326  0.21597654]
 [ 0.2157466   0.01501199  0.97633398]]
[[-0.02308276  0.9993694  -0.02698126]
 [-0.97538182 -0.01659185  0.21989776]
 [ 0.21931142  0.03139288  0.97514973]]
[[-0.02097599  0.99960738 -0.01857667]
 [-0.9762695  -0.0164734   0.21593166]
 [ 0.21554086  0.02266521  0.97623175]]
[[-0.02500861  0.9993347  -0.02654666]
 [-0.97525702 -0.01855409  0.22029409]
 [ 0.21965498  0.03139906  0.9750722 ]]
[[-0.02504489  0.99922018 -0.03052526]
 [-0.97503216 -0.01767631  0.22135905]
 [ 0.22064686  0.03530703  0.97471451]]
[[-0.02456771  0.99932947 -0.02714835]
 [-0.97570777 -0.0180557   0.21833079]
 [ 0.21769421  0.03185274  0.97549712]]
[[-0.02992721  0.99865801 -0.0422676 ]
 [-0.97438117 -0.01971746  0.22403694]
 [ 0.22290288  0.04788955  0.97366365]]
[[-0.02786124  0.99903136 -0.03406021]
 [-0.97555513 -0.01974468  0.21886603]
 [ 0.21798152  0.03932549  0.97516028]]
[[-0.03125192  0.99846937 -0.04563158]
 [-0.97512961 -0.02043546  0.22069127]
 [ 0.21942097  0.05139373  0.97427569]]
[[-0.0327869   0.99825995 -0.0490111 ]
 [-0.975174   -0.0212067   0.22042219]
 [ 0.21899928  0.05502131  0.97417245]]
[[-0.03132647  0.99861371 -0.0423003 ]
 [-0.97546781 -0.02131921  0.21910738]
 [ 0.21790182  0.04812644  0.97478338]]
[[-0.03730178  0.99736014 -0.06230029]
 [-0.97471921 -0.02256957  0.22229053]
 [ 0.22029762  0.06901712  0.97298797]]
[[-0.03369099  0.99854957 -0.04199618]
 [-0.9761393  -0.02385764  0.21583069]
 [ 0.21451572  0.04826567  0.97552726]]
[[-0.03677391  0.99764006 -0.05798261]
 [-0.97430751 -0.0228918   0.22405544]
 [ 0.22219935  0.06473229  0.97285003]]
[[-0.03873956  0.99763784 -0.05672722]
 [-0.9751584  -0.02535411  0.22005288]
 [ 0.21809481  0.06384277  0.97383713]]
[[-0.0373045   0.9980388  -0.05026861]
 [-0.97642796 -0.02570262  0.21430777]
 [ 0.21259543  0.05707832  0.97547181]]
[[-0.04286242  0.99650404 -0.07171125]
 [-0.97430143 -0.02580464  0.22376517]
 [ 0.22113241  0.07945949  0.97200136]]
[[-0.04186274  0.9973112  -0.06014875]
 [-0.97507996 -0.02765372  0.22012348]
 [ 0.21786828  0.06786481  0.97361583]]
[[-0.04313823  0.99671216 -0.0685855 ]
 [-0.97645115 -0.0275374   0.21397395]
 [ 0.21138177  0.07620085  0.97442864]]
[[-0.04533187  0.99626759 -0.07345691]
 [-0.97553707 -0.02831471  0.21800392]
 [ 0.21511033  0.08154247  0.97317952]]
[[-0.04506566  0.99654644 -0.06974434]
 [-0.97585796 -0.02897986  0.21647497]
 [ 0.21370618  0.07781616  0.97379377]]
[[-0.04894662  0.99523736 -0.084302  ]
 [-0.97480561 -0.02921042  0.22113517]
 [ 0.21761949  0.09300188  0.97159272]]
[[-0.04721291  0.99627648 -0.07213962]
 [-0.97573571 -0.03054036  0.21681121]
 [ 0.21380074  0.08062549  0.97354444]]
[[-0.04967404  0.99542578 -0.08160884]
 [-0.97484035 -0.03054462  0.22080155]
 [ 0.21729885  0.09052369  0.97189849]]
[[-0.05117977  0.99515626 -0.08393237]
 [-0.97472485 -0.03147444  0.22118053]
 [ 0.21746746  0.09313094  0.97161439]]
[[-0.04988869  0.99542398 -0.08149978]
 [-0.97554825 -0.03107857  0.21757695]
 [ 0.21404842  0.0903616   0.9726346 ]]
[[-0.05553159  0.99399399 -0.09429843]
 [-0.9734666  -0.03290175  0.22645144]
 [ 0.22198879  0.10437158  0.96944703]]
[[-0.05374224  0.99452139 -0.08966038]
 [-0.97592815 -0.03330617  0.21553407]
 [ 0.211367    0.09908538  0.97237137]]
[[-0.05718572  0.99386888 -0.09462796]
 [-0.97407535 -0.03476351  0.22353682]
 [ 0.21887668  0.10495788  0.97009115]]
[[-0.05853492  0.99357469 -0.09686591]
 [-0.97333771 -0.03524579  0.2266527 ]
 [ 0.22178227  0.10755034  0.96914682]]
[[-0.05900878  0.9931905  -0.10045196]
 [-0.97398196 -0.03522504  0.22387125]
 [ 0.21880838  0.11104877  0.96942822]]
[[-0.05920912  0.99379252 -0.09418446]
 [-0.97355002 -0.03663009  0.2255185 ]
 [ 0.22066861  0.10504603  0.96967556]]
[[-0.06311484  0.99194003 -0.1098703 ]
 [-0.97431534 -0.03739728  0.22206092]
 [ 0.21616227  0.12106366  0.96882272]]
[[-0.06316034  0.99249133 -0.10474606]
 [-0.97281142 -0.037793    0.22849426]
 [ 0.22281991  0.11632993  0.96789392]]
[[-0.06406818  0.99221652 -0.1067785 ]
 [-0.97390013 -0.03881898  0.2236328 ]
 [ 0.21774712  0.11831934  0.96880686]]
[[-0.06535245  0.99177324 -0.11006766]
 [-0.97384361 -0.03933476  0.22378875]
 [ 0.21761821  0.12181383  0.96840266]]
[[-0.06678722  0.99162915 -0.11050387]
 [-0.97358757 -0.04053373  0.22468702]
 [ 0.21832707  0.12259142  0.96814495]]
[[-0.06806894  0.99127961 -0.11283334]
 [-0.97274045 -0.04081205  0.22827703]
 [ 0.2216814   0.12529613  0.9670358 ]]
[[-0.06987238  0.99024943 -0.12051517]
 [-0.97442015 -0.04188412  0.22079649]
 [ 0.21359593  0.13285999  0.96784555]]
[[-0.07206813  0.98913337 -0.12814585]
 [-0.97382634 -0.0420136   0.22337664]
 [ 0.21556542  0.14089014  0.96627197]]
[[-0.07097497  0.98951719 -0.12577078]
 [-0.97471654 -0.04201949  0.2194585 ]
 [ 0.21187313  0.13816692  0.9674811 ]]
[[-0.07458309  0.9879435  -0.13566506]
 [-0.97322999 -0.04245457  0.22587827]
 [ 0.21739537  0.14888     0.96466263]]
[[-0.07439027  0.98752517 -0.13878084]
 [-0.97373716 -0.04190209  0.22378595]
 [ 0.21517906  0.15178356  0.96470707]]
[[-0.07720031  0.98628779 -0.14586466]
 [-0.97445752 -0.04369658  0.22027972]
 [ 0.21088541  0.15914458  0.96446894]]
[[-0.0775215   0.98683596 -0.14193383]
 [-0.97295593 -0.04381144  0.22679796]
 [ 0.21759406  0.15567708  0.96354423]]
[[-0.07781275  0.98668692 -0.14280793]
 [-0.97403549 -0.04469256  0.22194016]
 [ 0.212603    0.15636977  0.96454573]]
[[-0.0802784   0.98540919 -0.15008035]
 [-0.97359878 -0.04524036  0.22373808]
 [ 0.21368387  0.16407939  0.963025  ]]
[[-0.08148809  0.98493557 -0.15251758]
 [-0.9731804  -0.04560013  0.22547846]
 [ 0.21512694  0.16680093  0.96223586]]
[[-0.08109536  0.98506309 -0.1519021 ]
 [-0.97347816 -0.04556944  0.22419565]
 [ 0.21392477  0.16605461  0.96263288]]
[[-0.08490999  0.98364212 -0.15886622]
 [-0.97179009 -0.04654476  0.23120902]
 [ 0.22003254  0.17401658  0.95984578]]
[[-0.08406652  0.98384298 -0.15806898]
 [-0.97383653 -0.0475072   0.22222842]
 [ 0.21112846  0.17261532  0.96209601]]
[[-0.08658629  0.98292839 -0.16234096]
 [-0.97322106 -0.04862463  0.22466957]
 [ 0.21294033  0.17744695  0.96081684]]
[[-0.08720044  0.98255856 -0.16423994]
 [-0.97352221 -0.0490791   0.22326163]
 [ 0.21130688  0.17935974  0.9608223 ]]
[[-0.08925922  0.98172912 -0.16804976]
 [-0.9736364  -0.05044365  0.22245808]
 [ 0.20991653  0.1834758   0.96034977]]
[[-0.09001577  0.98230469 -0.16423961]
 [-0.97323509 -0.05174731  0.22390996]
 [ 0.21144885  0.17999918  0.96067147]]
[[-0.09201499  0.98052624 -0.17349795]
 [-0.97287561 -0.05138756  0.22554903]
 [ 0.21224111  0.18954581  0.95865849]]
[[-0.09195312  0.98102933 -0.17066364]
 [-0.97358593 -0.05260445  0.22217833]
 [ 0.2089858   0.18658571  0.95995349]]
[[-0.09295595  0.98078317 -0.17153298]
 [-0.973268   -0.05316646  0.22343392]
 [ 0.21002043  0.18771708  0.95950702]]
[[-0.09295743  0.98072053 -0.17188996]
 [-0.97400105 -0.05374815  0.22007521]
 [ 0.20659351  0.18787863  0.96021911]]
[[-0.09562203  0.97925638 -0.17864311]
 [-0.97341099 -0.05446169  0.22249714]
 [ 0.20815254  0.19516879  0.95842666]]
[[-0.09493141  0.9798968  -0.17547162]
 [-0.97422186 -0.05521312  0.21873105]
 [ 0.20464553  0.19171273  0.95987834]]
[[-0.09614086  0.97925348 -0.17838038]
 [-0.9740879  -0.05570384  0.21920276]
 [ 0.20471859  0.19483251  0.95923438]]
[[-0.09841762  0.97763005 -0.18588563]
 [-0.97317194 -0.05551433  0.2232813 ]
 [ 0.20796719  0.20287349  0.95686571]]
[[-0.09775746  0.97855871 -0.18129071]
 [-0.97373708 -0.05641117  0.22057622]
 [ 0.20561996  0.19809246  0.95837352]]
[[-0.10259229  0.97583264 -0.19293905]
 [-0.97249681 -0.05762149  0.22567615]
 [ 0.20910472  0.21078525  0.95490565]]
[[-0.10035581  0.97675006 -0.18944138]
 [-0.97330902 -0.05687961  0.22233815]
 [ 0.20639345  0.20669793  0.95638785]]
[[-0.10301511  0.97569157 -0.19342659]
 [-0.9731533  -0.05862429  0.22256649]
 [ 0.20581675  0.21116144  0.95553666]]
[[-0.10468625  0.97419221 -0.19997583]
 [-0.97283344 -0.05856384  0.22397628]
 [ 0.2064846   0.21799041  0.95385759]]
[[-0.10456546  0.97373646 -0.20224581]
 [-0.9737933  -0.0589474   0.21966296]
 [ 0.20197197  0.21991477  0.9543819 ]]
[[-0.10777865  0.97280715 -0.20501224]
 [-0.97196487 -0.05976141  0.22740464]
 [ 0.20896904  0.22377406  0.95197537]]
[[-0.10696538  0.97193645 -0.20951836]
 [-0.97299245 -0.05897177  0.22317709]
 [ 0.20455828  0.227732    0.95199477]]
[[-0.10886727  0.97214462 -0.20756387]
 [-0.97239783 -0.06079819  0.22526882]
 [ 0.20637436  0.22635906  0.95193025]]
[[-0.11170178  0.97011381 -0.21541103]
 [-0.97131929 -0.0607975   0.22987498]
 [ 0.20990844  0.23491033  0.94908144]]
[[-0.10987472  0.96972761 -0.21807315]
 [-0.97342321 -0.0606303   0.22084207]
 [ 0.20093481  0.23654243  0.9506171 ]]
[[-0.1131147   0.96911604 -0.21913274]
 [-0.97210284 -0.06233379  0.22612068]
 [ 0.20547781  0.23859714  0.94913133]]
[[-0.11382474  0.96795148 -0.22386127]
 [-0.97233605 -0.06227321  0.22513251]
 [ 0.20397678  0.24329403  0.94826235]]
[[-0.11577596  0.96729164 -0.22570514]
 [-0.97289649 -0.0646407   0.22202251]
 [ 0.20017078  0.24529261  0.94855848]]
[[-0.11783086  0.9660458  -0.22993781]
 [-0.97169463 -0.06442106  0.22728719]
 [ 0.20475699  0.25021078  0.94629231]]
[[-0.11631198  0.96705558 -0.2264399 ]
 [-0.97355572 -0.06587346  0.21874633]
 [ 0.19662347  0.24589468  0.94914436]]
[[-0.12146311  0.96379059 -0.23739083]
 [-0.97124692 -0.06606588  0.2287241 ]
 [ 0.20475871  0.25834665  0.94410321]]
[[-0.12031125  0.96399496 -0.23714747]
 [-0.97284303 -0.06690436  0.22158575]
 [ 0.19774135  0.25736652  0.94586512]]
[[-0.12329585  0.96281485 -0.24038656]
 [-0.97109108 -0.06716476  0.22906552]
 [ 0.20440217  0.26168007  0.94326205]]
[[-0.12354224  0.96296043 -0.23967586]
 [-0.97148873 -0.06811476  0.22709033]
 [ 0.20235354  0.26089765  0.94392026]]
[[-0.12405777  0.96209812 -0.24285156]
 [-0.97172976 -0.06824899  0.22601626]
 [ 0.20087544  0.26402516  0.94336619]]
[[-0.12591508  0.96100827 -0.24618791]
 [-0.97109933 -0.06868021  0.22858066]
 [ 0.20275966  0.26785467  0.94188237]]
[[-0.12779412  0.95961043 -0.25063219]
 [-0.97091456 -0.06945486  0.22913083]
 [ 0.20246871  0.27262401  0.94057566]]
[[-0.12856569  0.95859743 -0.25409019]
 [-0.97091698 -0.06948897  0.22911024]
 [ 0.20196802  0.27615619  0.93965242]]
[[-0.13111932  0.95666986 -0.25998174]
 [-0.97018189 -0.06990208  0.23207929]
 [ 0.20384999  0.28265965  0.93730929]]
[[-0.12989108  0.95729633 -0.25828676]
 [-0.97078821 -0.06978282  0.22956614]
 [ 0.20173884  0.28056034  0.93839615]]
[[-0.13296112  0.95509821 -0.26478056]
 [-0.97085817 -0.07176469  0.2286575 ]
 [ 0.19938847  0.28746693  0.93680681]]
[[-0.13314411  0.95498648 -0.26509144]
 [-0.97101071 -0.07211687  0.22789769]
 [ 0.19852165  0.28774986  0.93690404]]
[[-0.13499927  0.95328034 -0.27024394]
 [-0.97064472 -0.07244039  0.22934955]
 [ 0.19905784  0.29327287  0.93507593]]
[[-0.13638115  0.9530156  -0.27048372]
 [-0.97013964 -0.07320231  0.2312369 ]
 [ 0.20057234  0.29394333  0.93454163]]
[[-0.13686595  0.9521027  -0.27343768]
 [-0.97068677 -0.07385023  0.22872108]
 [ 0.19757252  0.29672647  0.93430108]]
[[-0.13913608  0.9507652  -0.2769236 ]
 [-0.96974995 -0.07417902  0.23255645]
 [ 0.20056466  0.30090364  0.93232549]]
[[-0.13981043  0.95024446 -0.27836759]
 [-0.97002809 -0.07501507  0.23112385]
 [ 0.19874239  0.30233791  0.93225171]]
[[-0.14126279  0.94965251 -0.27965146]
 [-0.96964376 -0.07577498  0.23248468]
 [ 0.19958908  0.30400373  0.93152881]]
[[-0.14202038  0.94846753 -0.28326587]
 [-0.97035946 -0.07687206  0.22911395]
 [ 0.19553191  0.30740857  0.93127184]]
[[-0.14278072  0.94810227 -0.28410518]
 [-0.97041363 -0.07763076  0.22862821]
 [ 0.19470762  0.30834324  0.93113554]]
[[-0.1448139   0.94658911 -0.28809373]
 [-0.96978988 -0.07801935  0.23112891]
 [ 0.19630722  0.31286106  0.92929082]]
[[-0.14597911  0.9454735  -0.29115283]
 [-0.97014647 -0.07920081  0.22922273]
 [ 0.19366448  0.31592262  0.92880944]]
[[-0.14601456  0.94551819 -0.29098988]
 [-0.96982383 -0.07875747  0.23073579]
 [ 0.19524726  0.3158997   0.9284858 ]]
[[-0.14708698  0.94430938 -0.29435558]
 [-0.97029081 -0.07995417  0.22834858]
 [ 0.19209675  0.31919762  0.92801494]]
[[-0.14938447  0.94304116 -0.29725014]
 [-0.96936083 -0.08039046  0.23211409]
 [ 0.19499706  0.32281689  0.92615625]]
[[-0.14931439  0.94135326 -0.3025876 ]
 [-0.97011233 -0.08026784  0.22899595]
 [ 0.19127803  0.32773635  0.92520354]]
[[-0.1519156   0.94050558 -0.30392583]
 [-0.96849624 -0.08025668  0.23574118]
 [ 0.19732382  0.33016379  0.92306835]]
[[-0.15096051  0.9405174  -0.30436481]
 [-0.96973271 -0.08112169  0.23029925]
 [ 0.19190986  0.32991861  0.92429666]]
[[-0.15412763  0.93723162 -0.31279637]
 [-0.96918112 -0.08183257  0.23236048]
 [ 0.19217866  0.33896951  0.92095985]]
[[-0.1558445   0.93682188 -0.3131729 ]
 [-0.96867323 -0.08288562  0.23409857]
 [ 0.19335113  0.33984518  0.92039154]]
[[-0.15546157  0.9366952  -0.31374162]
 [-0.96880397 -0.08251826  0.23368697]
 [ 0.19300405  0.34028347  0.92030245]]
[[-0.15614472  0.9353014  -0.31753758]
 [-0.96906174 -0.08284679  0.23249895]
 [ 0.19114962  0.344017    0.91930089]]
[[-0.15814859  0.93474546 -0.31818225]
 [-0.96845277 -0.08398921  0.23461682]
 [ 0.19258313  0.3452488   0.9185396 ]]
[[-0.15876612  0.93456847 -0.31839455]
 [-0.96861236 -0.08496358  0.23360498]
 [ 0.19126791  0.34548945  0.91872391]]
[[-0.16054433  0.93296012 -0.32219705]
 [-0.9682942  -0.08557133  0.23469956]
 [ 0.1913945   0.34966122  0.91711787]]
[[-0.16169323  0.93148109 -0.32588078]
 [-0.96796041 -0.08541534  0.23612891]
 [ 0.19211439  0.35362014  0.9154479 ]]
[[-0.1624955   0.93068489 -0.3277512 ]
 [-0.96800637 -0.08599712  0.235729  ]
 [ 0.19120376  0.35557016  0.91488305]]
[[-0.164534    0.92973711 -0.32941991]
 [-0.96740966 -0.08693588  0.23782493]
 [ 0.19247626  0.35781429  0.91374057]]
[[-0.16549637  0.9288897  -0.33132291]
 [-0.96730569 -0.08742484  0.23806848]
 [ 0.1921735   0.35989     0.91298879]]
[[-0.16606318  0.92879905 -0.33129343]
 [-0.96687468 -0.08731808  0.23985184]
 [ 0.19384626  0.36014979  0.91253261]]
[[-0.1665443   0.92716372 -0.33560459]
 [-0.96724533 -0.08749065  0.23828946]
 [ 0.19157107  0.36429772  0.91136584]]
[[-0.16792779  0.92541387 -0.33971963]
 [-0.96677804 -0.08722947  0.24027326]
 [ 0.19271864  0.36878204  0.90931806]]
[[-0.16912301  0.92553898 -0.33878461]
 [-0.96624614 -0.08792384  0.24215244]
 [ 0.19433428  0.36830287  0.9091684 ]]
[[-0.16771733  0.92628702 -0.33743631]
 [-0.96695015 -0.08789192  0.23933746]
 [ 0.19203726  0.36642513  0.91041437]]
[[-0.16843919  0.92589114 -0.33816243]
 [-0.96684578 -0.08838967  0.23957569]
 [ 0.19193095  0.36730485  0.91008222]]
[[-0.16952142  0.92510148 -0.33977897]
 [-0.96670448 -0.08902932  0.2399088 ]
 [ 0.1916897   0.36913553  0.90939211]]
[[-0.16891743  0.92471695 -0.34112382]
 [-0.96684626 -0.08821125  0.23963951]
 [ 0.19150775  0.37029358  0.90895954]]
[[-0.16898107  0.92488683 -0.34063139]
 [-0.96684326 -0.08841133  0.23957785]
 [ 0.19146673  0.36982128  0.90916044]]
[[-0.1678033   0.92636465 -0.33718034]
 [-0.96733279 -0.08879682  0.23744978]
 [ 0.19002454  0.36601046  0.9110033 ]]
[[-0.16847608  0.9264209  -0.33668995]
 [-0.96671735 -0.08857125  0.24002645]
 [ 0.19254447  0.36592274  0.9105093 ]]
[[-0.16899273  0.92618113 -0.33709044]
 [-0.96667706 -0.08902423  0.24002114]
 [ 0.19229383  0.36641943  0.9103625 ]]
[[-0.16784364  0.92659196 -0.33653506]
 [-0.96717686 -0.08871246  0.23811555]
 [ 0.19078111  0.3654551   0.91106813]]
[[-0.16909229  0.92655981 -0.3359981 ]
 [-0.96603786 -0.08822377  0.24287327]
 [ 0.19539359  0.36565488  0.91000981]]
[[-0.16744615  0.92655715 -0.33682878]
 [-0.9671601  -0.08811735  0.23840443]
 [ 0.19121487  0.36568726  0.91088402]]
[[-0.16804378  0.9260538  -0.33791367]
 [-0.96713199 -0.08851749  0.23837024]
 [ 0.19083239  0.36686376  0.91049107]]
[[-0.16778538  0.92656214 -0.33664621]
 [-0.96675304 -0.08780484  0.24016424]
 [ 0.19296792  0.3657498   0.91048914]]
[[-0.16711703  0.92694397 -0.33592675]
 [-0.96724428 -0.08810681  0.23806655]
 [ 0.19107692  0.3647082   0.9113054 ]]
[[-0.16878612  0.9263548  -0.33671655]
 [-0.96656059 -0.08864657  0.2406292 ]
 [ 0.19305924  0.36607181  0.91034035]]
[[-0.16699748  0.92747662 -0.33451302]
 [-0.96718456 -0.08820993  0.23827094]
 [ 0.19148336  0.36332647  0.9117719 ]]
[[-0.16653219  0.92762048 -0.33434603]
 [-0.96752119 -0.08832376  0.23685787]
 [ 0.19018351  0.36293133  0.91220123]]
[[-0.16800018  0.92640777 -0.33696376]
 [-0.9671173  -0.08868024  0.23836932]
 [ 0.19094517  0.36592957  0.91084328]]
[[-0.16829942  0.92651377 -0.33652272]
 [-0.9670517  -0.08903543  0.23850304]
 [ 0.1910139   0.36557479  0.91097133]]
[[-0.16808488  0.92631666 -0.33717195]
 [-0.96722851 -0.08894427  0.2378191 ]
 [ 0.19030629  0.36609611  0.91091007]]
[[-0.16751699  0.92624691 -0.33764584]
 [-0.96739084 -0.08843761  0.23734732]
 [ 0.18998163  0.3663952   0.91085758]]
[[-0.16809307  0.92565566 -0.33897834]
 [-0.96776253 -0.08952969  0.23541478]
 [ 0.1875644   0.36762213  0.91086419]]
[[-0.16911011  0.9253192  -0.33939085]
 [-0.96691298 -0.08902561  0.23906847]
 [ 0.19100017  0.36859032  0.90975827]]
[[-0.16867842  0.92523366 -0.33983857]
 [-0.96725103 -0.08903346  0.23769411]
 [ 0.18966559  0.36880308  0.90995124]]
[[-0.1687828   0.92447634 -0.34184187]
 [-0.96766068 -0.08945265  0.23586233]
 [ 0.18747049  0.37059644  0.90967747]]
[[-0.17058729  0.9233923  -0.34387009]
 [-0.96704212 -0.08994572  0.23820014]
 [ 0.18902253  0.37317078  0.90830284]]
[[-0.16984015  0.92402752 -0.34253097]
 [-0.96705587 -0.08939333  0.23835221]
 [ 0.18962402  0.37172836  0.90876881]]
[[-0.17046946  0.92334627 -0.34405207]
 [-0.96711838 -0.08990343  0.23790631]
 [ 0.18873844  0.37329484  0.90831094]]
[[-0.17035387  0.92301705 -0.34499141]
 [-0.9669817  -0.08924759  0.23870748]
 [ 0.18954142  0.37426513  0.90774427]]
[[-0.17046862  0.92323613 -0.34434792]
 [-0.96745003 -0.09048546  0.236332  ]
 [ 0.18703176  0.3734266   0.90860976]]
[[-0.17121796  0.92221963 -0.34669202]
 [-0.96681502 -0.08954845  0.23926931]
 [ 0.18961312  0.37615426  0.90694809]]
[[-0.17182687  0.92190783 -0.34721965]
 [-0.96704076 -0.09061924  0.23795023]
 [ 0.1879034   0.3766618   0.90709327]]
[[-0.17235365  0.92146327 -0.34813742]
 [-0.96667127 -0.09029846  0.23956805]
 [ 0.18931688  0.37782487  0.90631534]]
[[-0.17160934  0.9212127  -0.34916672]
 [-0.96726984 -0.09030754  0.23713626]
 [ 0.18692055  0.37843323  0.90655888]]
[[-0.17235164  0.92116917 -0.34891586]
 [-0.96692933 -0.0906113   0.23840568]
 [ 0.18799624  0.37846658  0.90632249]]
[[-0.17226925  0.92072353 -0.35013067]
 [-0.96689321 -0.09012103  0.23873775]
 [ 0.18825733  0.37966614  0.90576641]]
[[-0.1731707   0.92049375 -0.35029011]
 [-0.96662548 -0.09066514  0.23961429]
 [ 0.18880435  0.38009352  0.90547326]]
[[-0.17346867  0.91977126 -0.35203615]
 [-0.9667032  -0.09074029  0.23927205]
 [ 0.18813169  0.38182068  0.90488642]]
[[-0.17453227  0.91898971 -0.3535483 ]
 [-0.96651876 -0.09130354  0.23980232]
 [ 0.18809565  0.38356431  0.90415621]]
[[-0.1742544   0.91928245 -0.35292378]
 [-0.96637656 -0.09082962  0.24055418]
 [ 0.18908131  0.38297489  0.90420047]]
[[-0.17475361  0.91920765 -0.35287174]
 [-0.96620094 -0.09111261  0.24115191]
 [ 0.18951761  0.38308718  0.90406155]]
[[-0.17473907  0.91952986 -0.3520385 ]
 [-0.96609491 -0.09109938  0.24158132]
 [ 0.19007074  0.38231629  0.90427173]]
[[-0.17383158  0.91928037 -0.35313762]
 [-0.96689443 -0.09129909  0.23828478]
 [ 0.18680938  0.38286822  0.90471774]]
[[-0.17493801  0.91914138 -0.35295301]
 [-0.96627591 -0.09147401  0.24071431]
 [ 0.18896445  0.38316007  0.90414645]]
[[-0.17451786  0.91974497 -0.35158599]
 [-0.96624643 -0.09124656  0.24091885]
 [ 0.18950289  0.38176335  0.90462445]]
[[-0.17451011  0.91964317 -0.35185602]
 [-0.96639023 -0.09145655  0.24026156]
 [ 0.18877536  0.3819583   0.90469427]]
[[-0.17421235  0.91916735 -0.35324417]
 [-0.96661189 -0.09117153  0.23947693]
 [ 0.18791356  0.38316986  0.9043613 ]]
[[-0.17466355  0.91989229 -0.35112792]
 [-0.96611617 -0.09128684  0.24142547]
 [ 0.19003208  0.38139859  0.9046673 ]]
[[-0.17517008  0.91916127 -0.35278605]
 [-0.96612554 -0.09150407  0.24130572]
 [ 0.18951752  0.38310515  0.90405395]]
[[-0.17477885  0.91929355 -0.35263539]
 [-0.96607655 -0.09095528  0.24170899]
 [ 0.19012746  0.3829184   0.904005  ]]
[[-0.17427822  0.9197287  -0.35174739]
 [-0.96668094 -0.09178425  0.23896361]
 [ 0.18749682  0.38167365  0.9050802 ]]
[[-0.17341096  0.92033909 -0.35057752]
 [-0.96680098 -0.09124523  0.23868427]
 [ 0.18768193  0.38032916  0.90560765]]
[[-0.17400646  0.91962881 -0.35214288]
 [-0.96666175 -0.0913017   0.23922596]
 [ 0.18784785  0.38202992  0.90485708]]
[[-0.17436584  0.91991835 -0.3512076 ]
 [-0.96641079 -0.09148687  0.24016729]
 [ 0.18880341  0.38128779  0.90497121]]
[[-0.17339264  0.92034873 -0.35056128]
 [-0.96653847 -0.09069644  0.23995319]
 [ 0.18904595  0.38043708  0.90527855]]
[[-0.17304045  0.91964614 -0.35257337]
 [-0.96726478 -0.09121211  0.23681048]
 [ 0.18562288  0.38200959  0.9053247 ]]
[[-0.17294721  0.91999961 -0.35169586]
 [-0.96741963 -0.09163942  0.2360116 ]
 [ 0.18490138  0.38105503  0.90587447]]
[[-0.17304263  0.9204561  -0.35045231]
 [-0.96741799 -0.09207477  0.23584884]
 [ 0.18482069  0.37984577  0.90639864]]
[[-0.17316175  0.92081285 -0.34945486]
 [-0.96696494 -0.0915562   0.23789971]
 [ 0.18706635  0.37910573  0.90624777]]
[[-0.17341861  0.91960821 -0.3524865 ]
 [-0.96679025 -0.09073749  0.23892116]
 [ 0.18773012  0.38221389  0.90480382]]
[[-0.17346254  0.92036369 -0.35048741]
 [-0.96710664 -0.09195508  0.23716874]
 [ 0.18605239  0.38009859  0.9060406 ]]
[[-0.17387849  0.92038988 -0.35021243]
 [-0.96675645 -0.09183499  0.23863845]
 [ 0.18747865  0.38006421  0.90576098]]
[[-0.17391123  0.92011146 -0.35092705]
 [-0.96730544 -0.09281403  0.23602065]
 [ 0.18459435  0.38050028  0.90617022]]
[[-0.17358734  0.92119967 -0.34822206]
 [-0.96730963 -0.09310847  0.23588744]
 [ 0.18487701  0.37778563  0.90724777]]
[[-0.17367699  0.91988252 -0.3516425 ]
 [-0.96791456 -0.09360232  0.23319521]
 [ 0.18159764  0.38086054  0.90662426]]
[[-0.17305021  0.92064392 -0.34995486]
 [-0.96776772 -0.09293302  0.2340707 ]
 [ 0.1829734   0.379181    0.90705154]]
[[-0.17377644  0.9208906  -0.34894449]
 [-0.96758715 -0.09373209  0.2344982 ]
 [ 0.18323989  0.37838446  0.90733034]]
[[-0.17352058  0.92085264 -0.3491719 ]
 [-0.96800659 -0.09422212  0.23256276]
 [ 0.18125632  0.37835513  0.9077409 ]]
[[-0.17410683  0.91995003 -0.35125311]
 [-0.96824492 -0.09494245  0.2312741 ]
 [ 0.17941179  0.38036544  0.90726707]]
[[-0.17361038  0.92013123 -0.35102416]
 [-0.96864367 -0.09521678  0.22948466]
 [ 0.17773262  0.37985825  0.90780991]]
[[-0.17363882  0.91950441 -0.35264884]
 [-0.96897894 -0.09557083  0.2279167 ]
 [ 0.17586747  0.38128449  0.90757522]]
[[-0.173342    0.92006021 -0.35134279]
 [-0.96888577 -0.09531442  0.22841963]
 [ 0.17667178  0.38000575  0.90795524]]
[[-0.17329758  0.92011791 -0.35121359]
 [-0.96964443 -0.09693943  0.22448258]
 [ 0.172504    0.37945459  0.90898657]]
[[-0.17291353  0.91985409 -0.35209282]
 [-0.96944765 -0.09579976  0.22581777]
 [ 0.173989    0.38038251  0.90831546]]
[[-0.17316023  0.92090588 -0.34921039]
 [-0.96961517 -0.0971874   0.22450173]
 [ 0.17280611  0.37747446  0.90975331]]
[[-0.17282836  0.92063908 -0.35007719]
 [-0.9701014  -0.09762065  0.22220143]
 [ 0.17039256  0.37801308  0.90998488]]
[[-0.17266026  0.92000809 -0.35181464]
 [-0.9701179  -0.09702094  0.222392  ]
 [ 0.17046905  0.37969994  0.90926798]]
[[-0.17311309  0.92085895 -0.3493575 ]
 [-0.97049269 -0.09903486  0.21985458]
 [ 0.16785648  0.3771086   0.91083111]]
[[-0.1727186   0.91980135 -0.35232622]
 [-0.97049964 -0.09782948  0.22036297]
 [ 0.16822227  0.37999326  0.90956385]]
[[-0.17249782  0.92004661 -0.3517936 ]
 [-0.97124244 -0.09936528  0.21636696]
 [ 0.16411162  0.3789997   0.91072861]]
[[-0.17293816  0.92070107 -0.34985988]
 [-0.97075151 -0.09927236  0.21860126]
 [ 0.166535    0.37743151  0.91093993]]
[[-0.17278552  0.92090111 -0.34940851]
 [-0.97084168 -0.09938559  0.21814889]
 [ 0.16616738  0.37691332  0.91122157]]
[[-0.17281459  0.91934257 -0.35347469]
 [-0.97150549 -0.09999788  0.21488952]
 [ 0.16221037  0.38053865  0.91042745]]
[[-0.17309167  0.91930571 -0.35343497]
 [-0.97191757 -0.10134653  0.21237964]
 [ 0.15942241  0.38027081  0.91103162]]
[[-0.17259286  0.91928372 -0.35373598]
 [-0.97208073 -0.10100832  0.21179325]
 [ 0.15896781  0.38041393  0.9110513 ]]
[[-0.17285291  0.91919806 -0.3538316 ]
 [-0.97210948 -0.10139883  0.21147444]
 [ 0.15850879  0.38051702  0.91108823]]
[[-0.17253103  0.91868895 -0.35530783]
 [-0.97230915 -0.10111517  0.21069086]
 [ 0.15763236  0.38181977  0.91069518]]
[[-0.17223505  0.92044539 -0.350878  ]
 [-0.97249041 -0.10217247  0.20933988]
 [ 0.15683586  0.37728115  0.912722  ]]
[[-0.17253562  0.92013018 -0.35155641]
 [-0.97243351 -0.10227907  0.20955203]
 [ 0.15685828  0.37802043  0.91241221]]
[[-0.17242776  0.91954579 -0.35313483]
 [-0.97239117 -0.10167406  0.21004236]
 [ 0.15723891  0.37960233  0.91168964]]
[[-0.17309706  0.91904921 -0.3540988 ]
 [-0.972407   -0.1023804   0.20962557]
 [ 0.15640344  0.38061372  0.91141163]]
[[-0.1723365   0.91937543 -0.3536226 ]
 [-0.9729786  -0.10287682  0.20670996]
 [ 0.15366449  0.37969089  0.91226205]]
[[-0.17283112  0.91990849 -0.35199116]
 [-0.9733065  -0.10471886  0.2042264 ]
 [ 0.15100949  0.37789196  0.91345159]]
[[-0.17289864  0.9202926  -0.3509524 ]
 [-0.97326712 -0.10494175  0.20429964]
 [ 0.15118588  0.37689357  0.91383481]]
[[-0.17252663  0.92010403 -0.35162926]
 [-0.97306162 -0.1037829   0.20586449]
 [ 0.15292364  0.37767404  0.91322324]]
[[-0.17294467  0.91948645 -0.35303655]
 [-0.97316895 -0.10429479  0.20509701]
 [ 0.15176405  0.37903464  0.9128529 ]]
[[-0.17333024  0.92013323 -0.35115732]
 [-0.97380979 -0.10684964  0.20069289]
 [ 0.14714317  0.37674658  0.91455503]]
[[-0.17211473  0.92002379 -0.35204082]
 [-0.97465784 -0.10720818  0.19633772]
 [ 0.14289371  0.37691196  0.91516051]]
[[-0.17311687  0.91948509 -0.35295569]
 [-0.97401576 -0.10669895  0.19977144]
 [ 0.14602686  0.37836821  0.91406436]]
[[-0.17278924  0.92023619 -0.35115413]
 [-0.97439837 -0.10763759  0.19738784]
 [ 0.14384605  0.37627051  0.91527527]]
[[-0.17263234  0.92065657 -0.35012792]
 [-0.97458372 -0.10812855  0.19620087]
 [ 0.14277479  0.37509959  0.91592339]]
[[-0.17257577  0.92050278 -0.35055988]
 [-0.97489132 -0.10877358  0.19430701]
 [ 0.14072849  0.37529047  0.91616186]]
[[-0.17261665  0.92039181 -0.35083102]
 [-0.97508846 -0.10930129  0.19301739]
 [ 0.13930535  0.37540929  0.91633066]]
[[-0.17262811  0.91992402 -0.35205018]
 [-0.97530883 -0.10966032  0.19169586]
 [ 0.13773969  0.37644975  0.91614047]]
[[-0.17240794  0.92076632 -0.34994984]
 [-0.97545429 -0.11018887  0.19064981]
 [ 0.13698335  0.37422961  0.91716289]]
[[-0.17294481  0.91978534 -0.35225705]
 [-0.97531872 -0.1100837   0.19140266]
 [ 0.13727161  0.37666499  0.91612226]]
[[-0.17217274  0.92063593 -0.35040836]
 [-0.97560976 -0.11019394  0.18984965]
 [ 0.13616953  0.37454876  0.9171538 ]]
[[-0.17249938  0.92033085 -0.35104855]
 [-0.97583366 -0.11113853  0.18814061]
 [ 0.13413659  0.37501913  0.91726116]]
[[-0.17294961  0.91975931 -0.35232265]
 [-0.97581528 -0.11145678  0.18804768]
 [ 0.13368986  0.3763246   0.91679159]]
[[-0.17328382  0.91900724 -0.35411637]
 [-0.97613538 -0.11247538  0.18576599]
 [ 0.13089091  0.37785576  0.91656565]]
[[-0.17293976  0.91989195 -0.35198103]
 [-0.97645897 -0.11335457  0.18351733]
 [ 0.12891746  0.37543248  0.91784026]]
[[-0.17291699  0.91937278 -0.35334602]
 [-0.97669551 -0.11374552  0.18201057]
 [ 0.12714403  0.37658419  0.91761579]]
[[-0.17344126  0.91951906 -0.35270786]
 [-0.97670298 -0.11464404  0.18140569]
 [ 0.12637013  0.37595405  0.91798101]]
[[-0.17321917  0.92022438 -0.35097323]
 [-0.97668204 -0.1146064   0.18154217]
 [ 0.12683575  0.37423583  0.91861866]]
[[-0.17241726  0.91946509 -0.35335002]
 [-0.97741149 -0.11518653  0.17719716]
 [ 0.12222544  0.37592022  0.91855589]]
[[-0.17277116  0.91911527 -0.3540865 ]
 [-0.97724276 -0.11503858  0.178221  ]
 [ 0.12307203  0.37681992  0.91807408]]
[[-0.17250256  0.91948566 -0.35325485]
 [-0.97750283 -0.11561039  0.17641556]
 [ 0.12137165  0.37573976  0.91874292]]
[[-0.17277979  0.92024931 -0.3511244 ]
 [-0.97750863 -0.11643897  0.17583755]
 [ 0.12092982  0.37360831  0.91966995]]
[[-0.17287826  0.91837115 -0.35596003]
 [-0.97809758 -0.11753779  0.17178472]
 [ 0.11592338  0.37786149  0.91857633]]
[[-0.17311296  0.91920796 -0.35367871]
 [-0.97796779 -0.11789168  0.17228045]
 [ 0.11666578  0.37571037  0.91936435]]
[[-0.17301471  0.91949544 -0.35297881]
 [-0.97809766 -0.11829664  0.17126257]
 [ 0.11571895  0.37487869  0.9198234 ]]
[[-0.17323781  0.91874288 -0.35482415]
 [-0.97837648 -0.11920307  0.1690269 ]
 [ 0.11299614  0.37643346  0.9195269 ]]
[[-0.17317851  0.91855489 -0.35533943]
 [-0.97839102 -0.11906794  0.16903798]
 [ 0.11296113  0.37693466  0.91932587]]
[[-0.17349963  0.91886006 -0.35439254]
 [-0.97852156 -0.12016183  0.16750135]
 [ 0.11132584  0.37584217  0.9199724 ]]
[[-0.17329152  0.91899842 -0.35413551]
 [-0.97881892 -0.12090733  0.16521183]
 [ 0.10901183  0.37526435  0.92048525]]
[[-0.17278429  0.91886702 -0.35472382]
 [-0.97895533 -0.12050225  0.16469873]
 [ 0.10859122  0.37571613  0.92035066]]
[[-0.17327972  0.91854099 -0.35532603]
 [-0.97905692 -0.12150492  0.16335268]
 [ 0.10687227  0.37619011  0.92035825]]
[[-0.17310613  0.91917053 -0.35377933]
 [-0.97941948 -0.12280152  0.16017887]
 [ 0.10378705  0.37422631  0.92151121]]
[[-0.17307991  0.91819121 -0.35632604]
 [-0.97925239 -0.12171442  0.1620196 ]
 [ 0.10539496  0.37697547  0.92020726]]
[[-0.17328439  0.91890315 -0.35438613]
 [-0.97943769 -0.12303791  0.15988587]
 [ 0.1033167   0.37480486  0.92132892]]
[[-0.17349348  0.91908368 -0.35381519]
 [-0.97962942 -0.12416473  0.15782686]
 [ 0.10112472  0.37398971  0.92190319]]
[[-0.17327926  0.91799096 -0.35674486]
 [-0.97980533 -0.12398357  0.15687442]
 [ 0.0997788   0.3767236   0.92093622]]
[[-0.1732154   0.91877162 -0.35476067]
 [-0.9799184  -0.12464815  0.15563668]
 [ 0.09877431  0.37459517  0.92191219]]
[[-0.17339238  0.91963958 -0.35241754]
 [-0.9799341  -0.12538339  0.15494568]
 [ 0.09830687  0.37221236  0.92292671]]
[[-0.17243566  0.91871524 -0.35528616]
 [-0.98055301 -0.12578438  0.15064554]
 [ 0.0937109   0.37435358  0.92253871]]
[[-0.17344113  0.91965372 -0.35235665]
 [-0.98018538 -0.12643489  0.15248229]
 [ 0.09568073  0.37182154  0.92336014]]
[[-0.17323975  0.91947702 -0.35291642]
 [-0.98038418 -0.12679889  0.15089366]
 [ 0.09399385  0.37213446  0.92340733]]
[[-0.17349573  0.91860623 -0.35505186]
 [-0.98067717 -0.12805376  0.14790041]
 [ 0.09039652  0.37385134  0.92307294]]
[[-0.17337257  0.91887381 -0.35441905]
 [-0.98062617 -0.12774399  0.14850519]
 [ 0.09118263  0.37329933  0.92321901]]
[[-0.17340874  0.91897182 -0.35414714]
 [-0.98076214 -0.1284082   0.14702705]
 [ 0.08963832  0.37282989  0.92355988]]
[[-0.17354801  0.9183826  -0.35560441]
 [-0.98097395 -0.12930342  0.14481278]
 [ 0.08701267  0.37397063  0.92334975]]
[[-0.17327231  0.91767353 -0.35756398]
 [-0.98106008 -0.12890451  0.14458475]
 [ 0.08658999  0.37584428  0.92262845]]
[[-0.1732041   0.91940193 -0.35312948]
 [-0.98113803 -0.12982253  0.14322806]
 [ 0.08583999  0.37127645  0.92454599]]
[[-0.1735119   0.91891596 -0.35424155]
 [-0.98120929 -0.13048006  0.14213826]
 [ 0.08439166  0.37224778  0.92428872]]
[[-0.17301278  0.91860795 -0.35528299]
 [-0.98155359 -0.13101587  0.13923859]
 [ 0.08135796  0.37281935  0.92433036]]
[[-0.17364401  0.91787765 -0.35685905]
 [-0.9815861  -0.13202317  0.1380529 ]
 [ 0.07960201  0.37425994  0.92390098]]
[[-0.17309427  0.91918404 -0.35375002]
 [-0.98168844 -0.13201095  0.13733509]
 [ 0.07953735  0.37104422  0.92520268]]
[[-0.17204703  0.91878044 -0.35530594]
 [-0.98226751 -0.13272863  0.13241471]
 [ 0.07450078  0.37178704  0.92532374]]
[[-0.17346081  0.91920749 -0.35350945]
 [-0.9818297  -0.13335818  0.13500386]
 [ 0.07695318  0.37050396  0.92563763]]
[[-0.17350244  0.91977864 -0.35200021]
 [-0.98191064 -0.13404418  0.13372979]
 [ 0.07581823  0.3688352   0.92639743]]
[[-0.17262483  0.91869362 -0.3552502 ]
 [-0.98229666 -0.1339248   0.13098636]
 [ 0.07275953  0.37157258  0.92554842]]
[[-0.17273974  0.91915113 -0.35400874]
 [-0.98226851 -0.13416656  0.13095005]
 [ 0.07286675  0.37035192  0.9260291 ]]
[[-0.17329781  0.91905994 -0.35397273]
 [-0.9821871  -0.13476933  0.13094167]
 [ 0.07263858  0.37035936  0.92604405]]
[[-0.17348306  0.91823421 -0.35601904]
 [-0.98233059 -0.13556531  0.12902965]
 [ 0.07021561  0.37211285  0.92552785]]
[[-0.17352938  0.91940651 -0.35295783]
 [-0.98243579 -0.13663956  0.12708085]
 [ 0.06861095  0.36881067  0.92696884]]
[[-0.17332123  0.91927485 -0.35340275]
 [-0.98273878 -0.13786091  0.12336471]
 [ 0.06468565  0.36868432  0.92730127]]
[[-0.17345361  0.92107918 -0.34860721]
 [-0.98256657 -0.13780029  0.12479587]
 [ 0.0669087   0.36417609  0.92892357]]
[[-0.17432307  0.9203258  -0.3501598 ]
 [-0.98249691 -0.13885387  0.12417496]
 [ 0.06566037  0.36567748  0.92842269]]
[[-0.17335152  0.92167612 -0.3470769 ]
 [-0.98269161 -0.13850017  0.12302399]
 [ 0.06531806  0.36239596  0.92973261]]
[[-0.17332548  0.92056131 -0.35003593]
 [-0.98306105 -0.14021264  0.11803128]
 [ 0.05957557  0.36456451  0.9292704 ]]
[[-0.1736356   0.92098615 -0.34876238]
 [-0.98305463 -0.14095813  0.11719383]
 [ 0.058773    0.36320149  0.92985505]]
[[-0.17351861  0.91996643 -0.35150115]
 [-0.9831818  -0.14117443  0.11585908]
 [ 0.0569635   0.36569324  0.92899064]]
[[-0.17375563  0.92064575 -0.34960031]
 [-0.98302841 -0.14093099  0.11744613]
 [ 0.05885676  0.36407397  0.92950849]]
[[-0.17309953  0.92047528 -0.35037382]
 [-0.98346617 -0.14232203  0.11197646]
 [ 0.05320565  0.36396387  0.92989218]]
[[-0.17392432  0.92164227 -0.34688016]
 [-0.98323217 -0.14291667  0.11326663]
 [ 0.05481636  0.36076356  0.93104502]]
[[-0.17347558  0.92112052 -0.34848704]
 [-0.98360108 -0.14431776  0.10817251]
 [ 0.04934705  0.36153752  0.93105074]]
[[-0.17462412  0.92073055 -0.34894364]
 [-0.98330644 -0.14466567  0.11036431]
 [ 0.05113563  0.3623908   0.9306224 ]]
[[-0.173691    0.92106492 -0.34852667]
 [-0.9835997  -0.14478248  0.10756236]
 [ 0.04861136  0.36149335  0.9311066 ]]
[[-0.17407258  0.92166168 -0.34675422]
 [-0.98346894 -0.14487926  0.10862251]
 [ 0.04987571  0.3599302   0.93164514]]
[[-0.1736301   0.92151299 -0.3473707 ]
 [-0.98380521 -0.14636717  0.10345993]
 [ 0.044496    0.35970886  0.93200302]]
[[-0.17374202  0.92144357 -0.34749885]
 [-0.98384344 -0.14693207  0.10228908]
 [ 0.04319489  0.35965638  0.93208449]]
[[-0.17297316  0.92262404 -0.34473928]
 [-0.98398393 -0.14656699  0.10145808]
 [ 0.04308026  0.35676744  0.93319938]]
[[-0.17163068  0.92236943 -0.34608893]
 [-0.98445954 -0.14731889  0.0955853 ]
 [ 0.03717952  0.35711592  0.93331983]]
[[-0.17071513  0.9240485  -0.34203907]
 [-0.98466425 -0.14732591  0.09344195]
 [ 0.03595368  0.3527456   0.93502828]]
[[-0.17057385  0.92310864 -0.34463749]
 [-0.98476628 -0.14772156  0.0917263 ]
 [ 0.03376296  0.35503349  0.9342437 ]]
[[-0.17083122  0.92272641 -0.34553244]
 [-0.98467587 -0.14739754  0.09320622]
 [ 0.0350732   0.35615999  0.93376653]]
[[-0.17018497  0.92279761 -0.34566117]
 [-0.98485137 -0.14744818  0.09125142]
 [ 0.03323948  0.3559545   0.93391195]]
[[-0.16995681  0.92413006 -0.34219632]
 [-0.98487368 -0.14739769  0.09109201]
 [ 0.03374192  0.35250185  0.93520261]]
[[-0.16922003  0.92407337 -0.34271416]
 [-0.985037   -0.14704964  0.08988054]
 [ 0.03266022  0.35279572  0.9351302 ]]
[[-0.16895574  0.92447575 -0.34175802]
 [-0.98507628 -0.14683147  0.0898067 ]
 [ 0.03284328  0.35183108  0.93548715]]
[[-0.1688185   0.92424807 -0.34244096]
 [-0.98512625 -0.14692475  0.08910328]
 [ 0.03204048  0.35238986  0.93530465]]
[[-0.16860471  0.92494852 -0.3406504 ]
 [-0.98516061 -0.1468736   0.08880717]
 [ 0.03210951  0.35056866  0.93598643]]
[[-0.16796966  0.92467158 -0.3417143 ]
 [-0.98532937 -0.14686085  0.08693631]
 [ 0.03020308  0.3513038   0.93577423]]
[[-0.16826467  0.92472828 -0.34141559]
 [-0.9852686  -0.14704278  0.08731669]
 [ 0.03054151  0.35107837  0.93584785]]
[[-0.16862405  0.92517129 -0.34003532]
 [-0.98517487 -0.14714369  0.08819984]
 [ 0.0315659   0.34986686  0.93626747]]
[[-0.16833286  0.92479877 -0.34119099]
 [-0.98521597 -0.14666623  0.08853538]
 [ 0.03183621  0.35105022  0.93581526]]
[[-0.1682286   0.92509659 -0.34043418]
 [-0.98523901 -0.14669937  0.08822349]
 [ 0.03167377  0.35025075  0.93612028]]
[[-0.16810936  0.92488007 -0.34108077]
 [-0.98529174 -0.14689124  0.08731063]
 [ 0.03065008  0.3507418   0.93597049]]
[[-0.1679983   0.9245576  -0.34200851]
 [-0.98533365 -0.14696698  0.0867082 ]
 [ 0.02990276  0.35155932  0.93568791]]
[[-0.16784511  0.92498601 -0.34092361]
 [-0.9853863  -0.14724185  0.08563685]
 [ 0.02901466  0.35031518  0.93618237]]
[[-0.16847103  0.92384658 -0.34369319]
 [-0.98525263 -0.14724448  0.08715685]
 [ 0.02991263  0.35330803  0.9350287 ]]
[[-0.16827318  0.9240936  -0.34312556]
 [-0.98527471 -0.14697661  0.08735915]
 [ 0.0302966   0.35277314  0.93521828]]
[[-0.16831387  0.9241523  -0.34294748]
 [-0.98531445 -0.14758876  0.08586617]
 [ 0.02873823  0.35236358  0.93542184]]
[[-0.16845061  0.92285239 -0.34636377]
 [-0.98522966 -0.14666224  0.08838954]
 [ 0.03077201  0.35613713  0.93392688]]
[[-0.16741241  0.92375523 -0.34445515]
 [-0.985438   -0.14624764  0.08673852]
 [ 0.02974941  0.3539603   0.93478718]]
[[-0.16764418  0.92381068 -0.34419364]
 [-0.98525028 -0.14484808  0.09110941]
 [ 0.03431205  0.35439084  0.93446766]]
[[-0.16716884  0.92450378 -0.34255997]
 [-0.98534597 -0.14472157  0.09027178]
 [ 0.03388078  0.35263072  0.93514901]]
[[-0.16821063  0.92374953 -0.34408136]
 [-0.98505719 -0.14442502  0.09382824]
 [ 0.03697983  0.35472272  0.93423995]]
[[-0.16758497  0.92379792 -0.3442567 ]
 [-0.98513933 -0.14359344  0.09424136]
 [ 0.03762696  0.35493425  0.93413376]]
[[-0.16817944  0.92371608 -0.3441864 ]
 [-0.98486864 -0.14263779  0.09842873]
 [ 0.04182621  0.35553209  0.93372775]]
[[-0.16741962  0.92370894 -0.34457577]
 [-0.98503361 -0.14219708  0.09741031]
 [ 0.04098111  0.35572712  0.93369094]]
[[-0.16723919  0.92304576 -0.34643553]
 [-0.9851044  -0.14218785  0.09670537]
 [ 0.04000456  0.3574481   0.93307582]]
[[-0.16773996  0.92386614 -0.34399805]
 [-0.98494885 -0.14229503  0.09812183]
 [ 0.04170222  0.35527944  0.93382945]]
[[-0.16595728  0.92362399 -0.34550965]
 [-0.98540267 -0.14184107  0.09414188]
 [ 0.03794424  0.35608966  0.9336811 ]]
[[-0.16751395  0.92395925 -0.34385809]
 [-0.98484776 -0.14095476  0.10102798]
 [ 0.0448773   0.35557147  0.93357108]]
[[-0.16669682  0.9230758  -0.34661685]
 [-0.98497273 -0.139787    0.10143137]
 [ 0.04517631  0.35831643  0.93250654]]
[[-0.16668383  0.92439251 -0.34309619]
 [-0.984782   -0.13870902  0.10471016]
 [ 0.04920276  0.35532844  0.93344565]]
[[-0.1665188   0.92390515 -0.34448622]
 [-0.9847784  -0.13817148  0.10545206]
 [ 0.04982953  0.35680234  0.93284999]]
[[-0.16685637  0.92402459 -0.34400218]
 [-0.98474011 -0.13867463  0.10514874]
 [ 0.04945565  0.35629748  0.93306283]]
[[-0.16673021  0.92490344 -0.34169382]
 [-0.98461847 -0.13782358  0.10738311]
 [ 0.05222554  0.35434205  0.93365636]]
[[-0.16637279  0.92463937 -0.34258156]
 [-0.98454498 -0.13649893  0.10972338]
 [ 0.05469254  0.35554194  0.93305876]]
[[-0.16644285  0.92436183 -0.34329577]
 [-0.9844828  -0.13615371  0.1107058 ]
 [ 0.05559123  0.35639497  0.93268014]]
[[-0.16720503  0.92418457 -0.34340262]
 [-0.98425797 -0.13624139  0.11258124]
 [ 0.05726019  0.35682092  0.93241627]]
[[-0.16676427  0.92383357 -0.34455944]
 [-0.9842768  -0.13534592  0.11349302]
 [ 0.05821394  0.35806845  0.93187881]]
[[-0.16650014  0.92392142 -0.3444516 ]
 [-0.98438045 -0.13548048  0.11242848]
 [ 0.05720862  0.35779078  0.93204771]]
[[-0.16540369  0.92525348 -0.34139071]
 [-0.98460873 -0.13510768  0.11086731]
 [ 0.05645586  0.35447413  0.93335997]]
[[-0.16690658  0.92443103 -0.34288404]
 [-0.984122   -0.13489743  0.11535408]
 [ 0.06038272  0.35669309  0.93226819]]
[[-0.16605766  0.9254867  -0.34043975]
 [-0.98405576 -0.13321743  0.11784474]
 [ 0.06371122  0.35458072  0.93285229]]
[[-0.16624482  0.92565564 -0.33988864]
 [-0.98385805 -0.13255515  0.12021845]
 [ 0.0662269   0.35438787  0.93275036]]
[[-0.16489991  0.9260882  -0.33936509]
 [-0.98414718 -0.1317166   0.11876471]
 [ 0.06528659  0.35356948  0.93312715]]
[[-0.16501979  0.92735876 -0.33581869]
 [-0.98383727 -0.13077503  0.12231975]
 [ 0.06951759  0.35057612  0.93395058]]
[[-0.16534158  0.9271299  -0.33629201]
 [-0.98374944 -0.13084038  0.12295462]
 [ 0.06999433  0.35115659  0.93369687]]
[[-0.16565901  0.92746548 -0.3352087 ]
 [-0.98328037 -0.1292769   0.12824665]
 [ 0.0756096   0.35084935  0.93337448]]
[[-0.16426668  0.92924876 -0.3309278 ]
 [-0.98354914 -0.12873802  0.12671861]
 [ 0.07515012  0.3462994   0.93510918]]
[[-0.16549344  0.92877204 -0.33165408]
 [-0.98295294 -0.12802757  0.13195627]
 [ 0.08009643  0.34783825  0.93412693]]
[[-0.16438318  0.92951352 -0.3301254 ]
 [-0.98313018 -0.12717683  0.13145757]
 [ 0.08020729  0.34616566  0.93473854]]
[[-0.1635275   0.93124766 -0.32563253]
 [-0.98308658 -0.12623317  0.13268743]
 [ 0.08245923  0.34182302  0.93613968]]
[[-0.16322522  0.93189386 -0.3239311 ]
 [-0.98290601 -0.12525758  0.13493079]
 [ 0.08516635  0.34041793  0.93640927]]
[[-0.16232358  0.93320545 -0.32059108]
 [-0.98292303 -0.12438304  0.13561404]
 [ 0.08667967  0.33712971  0.93745944]]
[[-0.16301506  0.93433218 -0.31693764]
 [-0.98243609 -0.12415505  0.1393013 ]
 [ 0.09080428  0.33407918  0.9381608 ]]
[[-0.16256976  0.93477762 -0.31585104]
 [-0.98216796 -0.12267273  0.14246932]
 [ 0.09443082  0.33337997  0.9380515 ]]
[[-0.16104797  0.93626316 -0.31220962]
 [-0.98231536 -0.121451    0.14249979]
 [ 0.09549913  0.32963761  0.93926512]]
[[-0.16153286  0.93575142 -0.31349069]
 [-0.9821883  -0.12154303  0.14329491]
 [ 0.09598581  0.33105373  0.93871729]]
[[-0.16104163  0.93668363 -0.31094914]
 [-0.98198285 -0.12050905  0.14555842]
 [ 0.09887001  0.32878769  0.93921424]]
[[-0.15891799  0.93910125 -0.30468657]
 [-0.98225905 -0.11926993  0.14471297]
 [ 0.09956019  0.32227864  0.94139484]]
[[-0.15797788  0.939995   -0.30241095]
 [-0.98255876 -0.11922092  0.14270476]
 [ 0.09808805  0.31968073  0.9424346 ]]
[[-0.15634313  0.94153745 -0.29843601]
 [-0.9826838  -0.11785662  0.14297682]
 [ 0.09944537  0.31562168  0.94365967]]
[[-0.15645762  0.94181375 -0.29750273]
 [-0.98223983 -0.11678447  0.14685473]
 [ 0.10356611  0.31519557  0.94335879]]
[[-0.15564596  0.94291594 -0.29442125]
 [-0.98210823 -0.11572771  0.14856153]
 [ 0.10600833  0.31227653  0.94405805]]
[[-0.15357713  0.94504014 -0.28864027]
 [-0.9826538  -0.11533516  0.1452216 ]
 [ 0.10394987  0.30593618  0.94636012]]
[[-0.15231362  0.94617787 -0.28556611]
 [-0.98284557 -0.11460462  0.14450039]
 [ 0.10399588  0.30267677  0.94740257]]
[[-0.15117028  0.94715825 -0.28291129]
 [-0.98278057 -0.11324414  0.14600723]
 [ 0.1062539   0.30011167  0.94796787]]
[[-0.15074294  0.94794356 -0.28049881]
 [-0.98245077 -0.11212308  0.14906004]
 [ 0.10985011  0.29804602  0.94820964]]
[[-0.14962262  0.94948734 -0.27583848]
 [-0.9826774  -0.11194607  0.14769291]
 [ 0.10935351  0.29315844  0.94978942]]
[[-0.14770262  0.95029028 -0.27410277]
 [-0.98283792 -0.11006011  0.14804187]
 [ 0.11051497  0.29126477  0.95023748]]
[[-0.14649464  0.95301439 -0.26514691]
 [-0.98284392 -0.10986202  0.1481491 ]
 [ 0.11205865  0.28230108  0.9527586 ]]
[[-0.14650966  0.95260878 -0.26659227]
 [-0.98290427 -0.10981021  0.14778672]
 [ 0.11150837  0.28368686  0.95241149]]
[[-0.14446085  0.95450493 -0.26086664]
 [-0.98279504 -0.10774239  0.15001831]
 [ 0.11508682  0.27805021  0.95364726]]
[[-0.1433755   0.95514343 -0.25912256]
 [-0.98302308 -0.10715376  0.14894193]
 [ 0.11449495  0.27607808  0.95429126]]
[[-0.14329699  0.95511117 -0.25928481]
 [-0.9828234  -0.10654846  0.15068378]
 [ 0.11629336  0.27642371  0.95397368]]
[[-0.14124489  0.95712557 -0.25290417]
 [-0.98319624 -0.10577923  0.1487814 ]
 [ 0.11565047  0.26966904  0.95598304]]
[[-0.13991612  0.95830242 -0.2491585 ]
 [-0.98333836 -0.10498669  0.14840307]
 [ 0.11605669  0.26577109  0.95702485]]
[[-0.1398855   0.95850449 -0.24839723]
 [-0.98289033 -0.10405816  0.15198191]
 [ 0.11982758  0.2654073   0.95666102]]
[[-0.13720986  0.95961231 -0.24559656]
 [-0.9834826  -0.10242956  0.14923191]
 [ 0.11804843  0.26201604  0.95781635]]
[[-0.13653572  0.96050065 -0.24247991]
 [-0.98353203 -0.10217381  0.14908139]
 [ 0.11841767  0.25884169  0.95863352]]
[[-0.13496332  0.96209501 -0.23697697]
 [-0.98367829 -0.10137357  0.14866209]
 [ 0.11900385  0.25317303  0.96007369]]
[[-0.13450169  0.96317913 -0.23279875]
 [-0.98338381 -0.10083696  0.15095755]
 [ 0.12192444  0.24923457  0.96073751]]
[[-0.13401908  0.96266392 -0.23519578]
 [-0.983284   -0.09965998  0.15238263]
 [ 0.12325365  0.25168642  0.95992837]]
[[-0.13263265  0.96489921 -0.22666737]
 [-0.98284852 -0.09847145  0.15592355]
 [ 0.12813025  0.24346024  0.96141029]]
[[-0.13144467  0.96434381 -0.22970268]
 [-0.98357739 -0.09795804  0.15159068]
 [ 0.12368431  0.24585615  0.96138283]]
[[-0.12944435  0.96674661 -0.22055646]
 [-0.98344821 -0.09672665  0.15321087]
 [ 0.12678241  0.23673814  0.96326594]]
[[-0.1285887   0.96759998 -0.21729063]
 [-0.98337583 -0.09608468  0.15407695]
 [ 0.12820655  0.23349091  0.96386984]]
[[-0.12709805  0.9685716  -0.21381099]
 [-0.98332932 -0.09477912  0.15517851]
 [ 0.13003668  0.2299695   0.96447109]]
[[-0.12635163  0.9693437  -0.2107322 ]
 [-0.9831015  -0.09399463  0.1570874 ]
 [ 0.13246399  0.22701939  0.96483962]]
[[-0.12471711  0.96990601 -0.20911233]
 [-0.98393661 -0.09376985  0.15190776]
 [ 0.12772782  0.22469877  0.96602074]]
[[-0.12397602  0.97097687 -0.20453328]
 [-0.98349191 -0.09285856  0.15530918]
 [ 0.13180895  0.22041145  0.96646014]]
[[-0.12337653  0.97155495 -0.2021366 ]
 [-0.98323416 -0.09211843  0.15736832]
 [ 0.13427146  0.21816316  0.96663127]]
[[-0.12121444  0.97302084 -0.19630973]
 [-0.98358825 -0.09111122  0.15573341]
 [ 0.13364584  0.21196508  0.96809586]]
[[-0.11980827  0.97335904 -0.19549467]
 [-0.98401837 -0.09029557  0.15347493]
 [ 0.13173391  0.21075791  0.96862133]]
[[-0.11967955  0.97390443 -0.19283923]
 [-0.98301529 -0.08902171  0.16048701]
 [ 0.13913213  0.20877092  0.96801702]]
[[-0.11866774  0.97401641 -0.19289896]
 [-0.98320971 -0.08814445  0.15977866]
 [ 0.13862406  0.2086207   0.96812229]]
[[-0.11695478  0.9745194  -0.19139886]
 [-0.98383865 -0.08737724  0.15629051]
 [ 0.13558423  0.20658452  0.96898904]]
[[-0.11544441  0.97605222 -0.18437638]
 [-0.98361129 -0.08644968  0.15822539]
 [ 0.13849696  0.19962093  0.97003612]]
[[-0.11339671  0.97719107 -0.17955167]
 [-0.98403584 -0.08551237  0.15608041]
 [ 0.13716649  0.19438429  0.97128786]]
[[-0.11359868  0.97720583 -0.17934355]
 [-0.9832351  -0.0846605   0.1614972 ]
 [ 0.14263269  0.19468274  0.97044039]]
[[-0.11241831  0.9790084  -0.17001376]
 [-0.98295561 -0.0845195   0.16326271]
 [ 0.14546609  0.1854697   0.97182334]]
[[-0.11049787  0.97957255 -0.16801144]
 [-0.98379153 -0.08378184  0.15853968]
 [ 0.14122481  0.18280653  0.97295289]]
[[-0.10888136  0.9807516  -0.1620838 ]
 [-0.98390225 -0.08308293  0.15822004]
 [ 0.14170816  0.17670183  0.97400989]]
[[-0.10902407  0.98058411 -0.16299866]
 [-0.98338009 -0.08244624  0.16175974]
 [ 0.1451804   0.17792534  0.97327551]]
[[-0.10738686  0.98159519 -0.15792069]
 [-0.9834517  -0.08156386  0.1617717 ]
 [ 0.1459137   0.17267952  0.97411035]]
[[-0.10537648  0.98209148 -0.15617976]
 [-0.98377312 -0.08001955  0.16058434]
 [ 0.14521107  0.17056726  0.97458738]]
[[-0.10369338  0.9832647  -0.14979388]
 [-0.9838009  -0.07925409  0.16079357]
 [ 0.14623086  0.16404059  0.97555483]]
[[-0.10302008  0.98341615 -0.1492633 ]
 [-0.98356473 -0.07834509  0.16267287]
 [ 0.14828108  0.16356869  0.97532456]]
[[-0.10247828  0.98303335 -0.15213032]
 [-0.9835563  -0.07727093  0.16323668]
 [ 0.14871185  0.16635695  0.97478723]]
[[-0.10142868  0.98344476 -0.15016202]
 [-0.98387547 -0.07681039  0.1615216 ]
 [ 0.14731357  0.16412365  0.97537795]]
[[-0.09879273  0.98552593 -0.13776295]
 [-0.98407936 -0.07620304  0.16056432]
 [ 0.14774235  0.15143227  0.97736404]]
[[-0.09748726  0.9858791  -0.13615668]
 [-0.98404943 -0.0750299   0.16129856]
 [ 0.14880505  0.14970946  0.97746823]]
[[-0.09638917  0.98639878 -0.13314119]
 [-0.98434333 -0.07463514  0.15968032]
 [ 0.14757146  0.1464481   0.97814908]]
[[-0.09534105  0.98698422 -0.12950767]
 [-0.98435945 -0.0741163   0.15982254]
 [ 0.14814369  0.14271975  0.97861357]]
[[-0.09378501  0.98730131 -0.12822048]
 [-0.98391631 -0.07224693  0.16336791]
 [ 0.15202982  0.14147968  0.97819754]]
[[-0.09262035  0.9885516  -0.11911002]
 [-0.98397528 -0.07256748  0.16286989]
 [ 0.15236178  0.13228638  0.97943157]]
[[-0.09272105  0.98861071 -0.11853977]
 [-0.98449919 -0.07322592  0.15937164]
 [ 0.14887632  0.13147941  0.98007602]]
[[-0.09088688  0.9889804  -0.11686465]
 [-0.98431805 -0.0713971   0.1613085 ]
 [ 0.15118715  0.12969281  0.97996032]]
[[-0.08958796  0.98965529 -0.11205533]
 [-0.98405285 -0.07059453  0.16326787]
 [ 0.15366841  0.12489521  0.98019753]]
[[-0.08931853  0.9900792  -0.10846831]
 [-0.98436468 -0.07115005  0.16113303]
 [ 0.15181694  0.12116454  0.98095401]]
[[-0.08897197  0.99028482 -0.10686425]
 [-0.9845509  -0.07119383  0.15997177]
 [ 0.15080954  0.1194463   0.98132006]]
[[-0.08793754  0.99023419 -0.10818155]
 [-0.98451856 -0.0698679   0.16075348]
 [ 0.15162517  0.120643    0.98104795]]
[[-0.08701445  0.99076516 -0.10398501]
 [-0.98442209 -0.06950738  0.16149882]
 [ 0.15277968  0.11641787  0.98137926]]
[[-0.08726157  0.99073546 -0.10406084]
 [-0.98399243 -0.06942846  0.16412977]
 [ 0.1553844   0.1167173   0.98093464]]
[[-0.08806213  0.99105371 -0.10028763]
 [-0.98317293 -0.07029985  0.16860878]
 [ 0.16005015  0.11344813  0.98056793]]
[[-0.08512359  0.99132188 -0.10017437]
 [-0.98453457 -0.06823559  0.16135546]
 [ 0.15311975  0.11236029  0.98179912]]
[[-0.08561596  0.99135635 -0.09941073]
 [-0.98405039 -0.06852317  0.16416273]
 [ 0.15593183  0.11188011  0.98141128]]
[[-0.08489796  0.99169384 -0.09662121]
 [-0.98447395 -0.06853528  0.16159813]
 [ 0.15363391  0.10884042  0.98211526]]
[[-0.08466872  0.99148055 -0.09898246]
 [-0.98346627 -0.06719612  0.16816296]
 [ 0.16007906  0.11158405  0.98077709]]
[[-0.08286976  0.9920923  -0.09426275]
 [-0.98489217 -0.06710028  0.15964009]
 [ 0.15205265  0.10606798  0.98266453]]
[[-0.08262031  0.99230537 -0.09221676]
 [-0.9844415  -0.06686476  0.16249322]
 [ 0.15507684  0.10420725  0.98239097]]
[[-0.08311943  0.99184853 -0.09657977]
 [-0.98446549 -0.06668515  0.16242166]
 [ 0.15465724  0.10857985  0.98198348]]
[[-0.08211463  0.99276366 -0.08762133]
 [-0.98407695 -0.06686074  0.16468821]
 [ 0.15763804  0.09974945  0.98244608]]
[[-0.08205277  0.99242764 -0.09140417]
 [-0.98504836 -0.0668176   0.15879274]
 [ 0.1514829   0.10306691  0.98307179]]
[[-0.08075411  0.99302988 -0.08585117]
 [-0.98440141 -0.06595111  0.16310826]
 [ 0.1563094   0.09768368  0.98286585]]
[[-0.08015249  0.99321279 -0.08428482]
 [-0.9844048  -0.06558955  0.1632336 ]
 [ 0.1565975   0.09605396  0.9829806 ]]
[[-0.08084609  0.99294507 -0.08674096]
 [-0.98461435 -0.06603481  0.16178377]
 [ 0.15491447  0.09848598  0.98300662]]
[[-0.07958495  0.99309113 -0.0862336 ]
 [-0.98506388 -0.06509962  0.15940891]
 [ 0.1526938   0.09763215  0.98343915]]
[[-0.0785277   0.99356275 -0.08164842]
 [-0.98451571 -0.06441508  0.16303226]
 [ 0.15672339  0.0931867   0.9832365 ]]
[[-0.07938378  0.99331661 -0.08378745]
 [-0.98429871 -0.06481429  0.16418025]
 [ 0.15765234  0.09550513  0.98286546]]
[[-0.07859583  0.99329108 -0.08482649]
 [-0.98424788 -0.06379953  0.16488096]
 [ 0.15836289  0.09644925  0.98265901]]
[[-0.07853178  0.99354924 -0.08180869]
 [-0.98437887 -0.06431169  0.16389704]
 [ 0.15757852  0.09340187  0.9830794 ]]
[[-0.07810889  0.99374795 -0.0797747 ]
 [-0.98407801 -0.06403901  0.1657995 ]
 [ 0.15965422  0.09145494  0.98292753]]
[[-0.07724836  0.99426819 -0.07391516]
 [-0.98503397 -0.06465305  0.15977502]
 [ 0.15408038  0.0851513   0.98438229]]
[[-0.07862524  0.99341968 -0.08327914]
 [-0.98411777 -0.06400874  0.16557506]
 [ 0.15915493  0.09497485  0.98267466]]
[[-0.07555657  0.99456021 -0.07170218]
 [-0.98563735 -0.06360012  0.15644183]
 [ 0.15103055  0.08249256  0.98508109]]
[[-0.07534573  0.99459724 -0.07140975]
 [-0.98455894 -0.062855    0.16337973]
 [ 0.15800857  0.08261707  0.98397546]]
[[-0.07720224  0.99336248 -0.08526898]
 [-0.98447751 -0.06243146  0.16403153]
 [ 0.1576193   0.096609    0.98276287]]
[[-0.07439293  0.9943393  -0.07586198]
 [-0.98514864 -0.06147373  0.16032196]
 [ 0.15475091  0.08666215  0.98414523]]
[[-0.07553974  0.99424064 -0.07602164]
 [-0.98509976 -0.06259697  0.16018767]
 [ 0.15450637  0.08698944  0.98415477]]
[[-0.07376392  0.99492045 -0.06849954]
 [-0.98457871 -0.06172722  0.16369028]
 [ 0.15863052  0.07951763  0.98413074]]
[[-0.07294938  0.99522864 -0.06479458]
 [-0.98525045 -0.06182996  0.15955752]
 [ 0.15478997  0.07547851  0.98505993]]
[[-0.07345154  0.99506056 -0.06677841]
 [-0.98366247 -0.06124963  0.16928266]
 [ 0.16435635  0.07812149  0.98330261]]
[[-0.06957924  0.99571802 -0.06086344]
 [-0.98498891 -0.05891172  0.1622537 ]
 [ 0.15797336  0.0712393   0.98487023]]
[[-0.07200659  0.99509034 -0.06789895]
 [-0.98521028 -0.06034893  0.16037054]
 [ 0.15548555  0.07844248  0.98471875]]
[[-0.06909376  0.99600909 -0.05649737]
 [-0.98478654 -0.05904492  0.16342939]
 [ 0.15944127  0.0669298   0.98493598]]
[[-0.0699858   0.99551088 -0.06371879]
 [-0.98521162 -0.05896467  0.16087648]
 [ 0.15639713  0.07403556  0.98491557]]
[[-0.06696505  0.99629292 -0.05400093]
 [-0.98555051 -0.05760952  0.15928382]
 [ 0.15558238  0.06388709  0.98575482]]
[[-0.06759801  0.99645143 -0.05015028]
 [-0.9845299  -0.05847641  0.1651708 ]
 [ 0.16165207  0.06053967  0.98498911]]
[[-0.06569567  0.99659027 -0.04991909]
 [-0.98633297 -0.05728129  0.15448664]
 [ 0.15110045  0.05938595  0.98673297]]
[[-0.06673111  0.99638598 -0.05255409]
 [-0.98479619 -0.05730533  0.16398955]
 [ 0.16038526  0.06269827  0.98506116]]
[[-0.06392463  0.99666574 -0.05070543]
 [-0.98591785 -0.05520435  0.15785585]
 [ 0.15453036  0.06008226  0.98615946]]
[[-0.06332089  0.9971068  -0.04205341]
 [-0.98466882 -0.0555573   0.16535026]
 [ 0.16253549  0.0518788   0.98533791]]
[[-0.06224553  0.99738916 -0.03661103]
 [-0.98558986 -0.05564568  0.15973789]
 [ 0.15728359  0.04602642  0.98648033]]
[[-0.06319677  0.99679169 -0.04911718]
 [-0.98510128 -0.05441689  0.16313878]
 [ 0.15994257  0.05869524  0.98537975]]
[[-0.06445418  0.99662352 -0.05086473]
 [-0.98441424 -0.05514154  0.16699703]
 [ 0.1636284   0.06083563  0.98464449]]
[[-0.06195165  0.99738145 -0.0373128 ]
 [-0.98472175 -0.05498405  0.16522661]
 [ 0.16274234  0.04697879  0.98554955]]
[[-0.06008795  0.99737653 -0.04036702]
 [-0.98418082 -0.05244381  0.16922693]
 [ 0.16666596  0.04989695  0.9847501 ]]
[[-0.0594135   0.99764688 -0.03421592]
 [-0.98465479 -0.05293656  0.16629093]
 [ 0.16408835  0.04357079  0.98548293]]
[[-0.05956383  0.99741326 -0.04023601]
 [-0.98502181 -0.05219428  0.16434047]
 [ 0.16181528  0.04942209  0.98558271]]
[[-0.05854454  0.99749782 -0.03963112]
 [-0.98487751 -0.05122823  0.16550515]
 [ 0.16306079  0.04872122  0.98541231]]
[[-0.05657032  0.99808892 -0.02486597]
 [-0.98377936 -0.05147818  0.17183761]
 [ 0.17022916  0.03418354  0.98481141]]
[[-0.05571153  0.99814167 -0.02468654]
 [-0.98423488 -0.05074488  0.16943038]
 [ 0.16786281  0.03373658  0.98523293]]
[[-0.05573438  0.99801866 -0.02919643]
 [-0.98317932 -0.04976473  0.17573246]
 [ 0.17393133  0.03849967  0.98400491]]
[[-0.05533471  0.99802371 -0.02977811]
 [-0.98334367 -0.04930104  0.1749418 ]
 [ 0.17312798  0.03896247  0.98412836]]
[[-0.05287745  0.99845632 -0.01699847]
 [-0.98245789 -0.04896674  0.17994097]
 [ 0.17883084  0.0262151   0.98353053]]
[[-0.05215795  0.99850997 -0.01604346]
 [-0.98225228 -0.04839709  0.18121309]
 [ 0.18016662  0.02521043  0.98331298]]
[[-0.04849849  0.99882097 -0.00213881]
 [-0.98262578 -0.04732783  0.17946214]
 [ 0.17914932  0.0108053   0.98376256]]
[[-0.05073797  0.99864121 -0.01189119]
 [-0.98244527 -0.04776783  0.18033173]
 [ 0.17951868  0.02083211  0.98353397]]
[[-0.04714205  0.99887877 -0.00433907]
 [-0.98241338 -0.04557841  0.18107059]
 [ 0.1806698   0.0127988   0.98346053]]
[[-4.58839018e-02  9.98946744e-01  2.65746409e-04]
 [-9.81532591e-01 -4.51334830e-02  1.85894435e-01]
 [ 1.85710634e-01  8.26872323e-03  9.82569686e-01]]
[[-4.55198723e-02  9.98963113e-01  7.99715265e-04]
 [-9.81531080e-01 -4.48744182e-02  1.85965117e-01]
 [ 1.85808179e-01  7.68016299e-03  9.82556022e-01]]
[[-0.04464483  0.99899056  0.00497056]
 [-0.98087963 -0.0447778   0.18939404]
 [ 0.18942543  0.00357995  0.98188858]]
[[-0.04407786  0.99902116  0.00372436]
 [-0.97955692 -0.04395091  0.1963073 ]
 [ 0.19627884  0.00500458  0.98053535]]
[[-0.04252566  0.9990472   0.00981092]
 [-0.98136865 -0.04361071  0.18711942]
 [ 0.18736899 -0.00167075  0.98228818]]
[[-0.04163677  0.99908105  0.01016986]
 [-0.98118997 -0.04280728  0.18823863]
 [ 0.18850099 -0.00214092  0.98207067]]
[[-0.04123472  0.99908313  0.01151506]
 [-0.98073069 -0.04267459  0.1906468 ]
 [ 0.1909634  -0.0034319   0.98159116]]
[[-0.03903971  0.99907049  0.01827726]
 [-0.98038613 -0.041833    0.19259552]
 [ 0.19318109 -0.0103999   0.981108  ]]
[[-0.04011257  0.99909989  0.01379827]
 [-0.97953567 -0.04204545  0.19683   ]
 [ 0.19723299 -0.00562054  0.98034053]]
[[-0.0369528   0.999036    0.02369719]
 [-0.97946735 -0.04091152  0.19740808]
 [ 0.19818727 -0.01591585  0.98003495]]
[[-0.0341633   0.99884034  0.03392401]
 [-0.97949608 -0.04020639  0.19741043]
 [ 0.19854547 -0.02648424  0.97973378]]
[[-0.03649174  0.99901     0.02544362]
 [-0.97716031 -0.04100412  0.20850995]
 [ 0.20934681 -0.0172536   0.97768923]]
[[-0.03318636  0.99880109  0.0359868 ]
 [-0.97873025 -0.03977086  0.2012595 ]
 [ 0.20244943 -0.0285423   0.97887669]]
[[-0.03380028  0.99897812  0.0300042 ]
 [-0.9784709  -0.03919237  0.20262933]
 [ 0.20359821 -0.02250931  0.97879574]]
[[-0.03287792  0.99895438  0.03176758]
 [-0.97886055 -0.03860387  0.20085261]
 [ 0.20186895 -0.02449241  0.97910625]]
[[-0.02848574  0.99837094  0.04943717]
 [-0.97692872 -0.03827801  0.2101073 ]
 [ 0.21165738 -0.04231153  0.97642762]]
[[-0.03111502  0.998703    0.04030113]
 [-0.97682629 -0.0389264   0.21046409]
 [ 0.21175989 -0.03281861  0.97677054]]
[[-0.0290362   0.99864256  0.0432428 ]
 [-0.97614049 -0.03764208  0.21385231]
 [ 0.21518977 -0.03600159  0.97590842]]
[[-0.02763962  0.99859298  0.04525601]
 [-0.97582759 -0.03677256  0.21542586]
 [ 0.21678693 -0.03820777  0.97547096]]
[[-0.02533446  0.99839654  0.05062133]
 [-0.97572449 -0.03571447  0.2160699 ]
 [ 0.21753135 -0.04391845  0.97506476]]
[[-0.02542831  0.9982368   0.05363474]
 [-0.97494989 -0.03662277  0.21938888]
 [ 0.22096631 -0.0467125   0.97416212]]
[[-0.02532515  0.99842991  0.04996347]
 [-0.97642084 -0.03542332  0.2129496 ]
 [ 0.21438512 -0.04339239  0.97578487]]
[[-0.02428704  0.9985277   0.04850323]
 [-0.9757081  -0.0342427   0.21638192]
 [ 0.21772423 -0.04206972  0.97510322]]
[[-0.02023424  0.99766363  0.06525232]
 [-0.97341199 -0.03455273  0.22644029]
 [ 0.22816588 -0.05893554  0.97183689]]
[[-0.02051519  0.99755032  0.06687665]
 [-0.97446765 -0.03490998  0.22179741]
 [ 0.22358874 -0.06061892  0.9727967 ]]
[[-0.01955149  0.99791974  0.06143229]
 [-0.97144078 -0.03349362  0.23490635]
 [ 0.23647528 -0.05508506  0.97007478]]
[[-0.01842673  0.99758971  0.0668972 ]
 [-0.97199314 -0.03355194  0.23260183]
 [ 0.23428572 -0.06073753  0.9702686 ]]
[[-0.01622271  0.9973158   0.07140048]
 [-0.97174553 -0.03254347  0.2337767 ]
 [ 0.23547281 -0.0655906   0.96966511]]
[[-0.01406889  0.99696487  0.07657094]
 [-0.97153424 -0.03174079  0.23476316]
 [ 0.23648105 -0.07108843  0.96903207]]
[[-0.01506624  0.99726347  0.0723781 ]
 [-0.97104656 -0.03185322  0.23675715]
 [ 0.23841473 -0.06671546  0.96886917]]
[[-0.01350614  0.99695086  0.07685416]
 [-0.96900966 -0.03200985  0.24494011]
 [ 0.24665334 -0.07116423  0.96648734]]
[[-0.01203347  0.99668657  0.080443  ]
 [-0.97047334 -0.03102332  0.23920504]
 [ 0.24090806 -0.07518932  0.96763106]]
[[-0.01016428  0.9965105   0.08284628]
 [-0.96858552 -0.03039881  0.24681572]
 [ 0.24847289 -0.077735    0.96551463]]
[[-0.0098089   0.99644237  0.08370418]
 [-0.968393   -0.03033012  0.24757845]
 [ 0.24923641 -0.07863007  0.96524532]]
[[-0.01033035  0.99676813  0.07966545]
 [-0.96941133 -0.02952105  0.24365998]
 [ 0.24522431 -0.0747115   0.96658328]]
[[-0.00867894  0.99667189  0.0810544 ]
 [-0.96806706 -0.02868345  0.24904501]
 [ 0.25054108 -0.07630464  0.96509418]]
[[-0.00457369  0.99540404  0.09565496]
 [-0.96788835 -0.02844888  0.24976548]
 [ 0.25133885 -0.09144097  0.9635701 ]]
[[-0.00270869  0.9949453   0.10038183]
 [-0.96879599 -0.02749021  0.24633029]
 [ 0.24784469 -0.09658228  0.96397348]]
[[-0.00347271  0.99545965  0.09512107]
 [-0.96681128 -0.02764293  0.25399176]
 [ 0.25546797 -0.09108208  0.96251762]]
[[-0.00263797  0.99529011  0.09690532]
 [-0.96732084 -0.02710949  0.2521021 ]
 [ 0.25354178 -0.0930735   0.96283638]]
[[-0.0016457   0.99528173  0.09701327]
 [-0.96679674 -0.02637452  0.25418191]
 [ 0.25554129 -0.09337381  0.96227854]]
[[-2.40614871e-04  9.94927885e-01  1.00590485e-01]
 [-9.66817928e-01 -2.59289326e-02  2.54147173e-01]
 [ 2.55466313e-01 -9.71915324e-02  9.61920355e-01]]
[[ 8.01933786e-05  9.94948907e-01  1.00382594e-01]
 [-9.67533550e-01 -2.52937606e-02  2.51473769e-01]
 [ 2.52742605e-01 -9.71436943e-02  9.62644420e-01]]
[[ 0.00278493  0.99412969  0.10815911]
 [-0.96546997 -0.02550261  0.25926312]
 [ 0.2604995  -0.10514641  0.95973134]]
[[ 0.0018913   0.99478289  0.10199718]
 [-0.96685567 -0.02422258  0.25417195]
 [ 0.25531654 -0.09909727  0.96176567]]
[[ 0.00343047  0.99420804  0.10741785]
 [-0.96827003 -0.02353976  0.24879517]
 [ 0.24988275 -0.10486297  0.9625811 ]]
[[ 0.00421541  0.99448167  0.10482574]
 [-0.9662129  -0.02296463  0.2567202 ]
 [ 0.25771082 -0.10236616  0.96078421]]
[[ 0.00643298  0.9933198   0.11521453]
 [-0.96747372 -0.02295536  0.25192788]
 [ 0.25288974 -0.11308768  0.96086313]]
[[ 0.00680821  0.99335333  0.11490352]
 [-0.96723073 -0.0226231   0.25288911]
 [ 0.25380771 -0.11285994  0.96064784]]
[[ 0.00659437  0.99346132  0.11397863]
 [-0.96843782 -0.02205631  0.24827747]
 [ 0.24916801 -0.11201845  0.96196007]]
[[ 0.01003505  0.9929538   0.11807644]
 [-0.9662607  -0.02076333  0.25672774]
 [ 0.25737045 -0.1166689   0.95924388]]
[[ 0.00967798  0.99250549  0.12181622]
 [-0.96894565 -0.02079367  0.24639797]
 [ 0.24708434 -0.12041793  0.96148263]]
[[ 0.01102398  0.99226748  0.1236273 ]
 [-0.96954977 -0.01964168  0.24410541]
 [ 0.24464611 -0.12255384  0.96183618]]
[[ 0.01091079  0.99192084  0.12638829]
 [-0.96918849 -0.02061471  0.24545613]
 [ 0.24607851 -0.1251722   0.96113333]]
[[ 0.01306968  0.99099682  0.13324596]
 [-0.96971632 -0.0199402   0.24341866]
 [ 0.24388406 -0.13239219  0.96072518]]
[[ 0.01418748  0.99099236  0.13316479]
 [-0.96943304 -0.01899201  0.24461986]
 [ 0.24494548 -0.13256488  0.96043129]]
[[ 0.01551885  0.99071015  0.13510207]
 [-0.96785326 -0.01903967  0.25079384]
 [ 0.2510363  -0.13465101  0.95856657]]
[[ 0.01512176  0.99063064  0.13572866]
 [-0.96849025 -0.01923739  0.24830739]
 [ 0.24859197 -0.13520672  0.95912521]]
[[ 0.01528772  0.99132902  0.13051074]
 [-0.96970007 -0.01712914  0.2436973 ]
 [ 0.24381974 -0.13028185  0.96102995]]
[[ 0.01902731  0.9900227   0.13961739]
 [-0.96822028 -0.01658415  0.24954851]
 [ 0.24937412 -0.13992862  0.9582445 ]]
[[ 0.01960794  0.98940383  0.14385959]
 [-0.96804535 -0.01719234  0.25018519]
 [ 0.25000747 -0.14416822  0.95745067]]
[[ 0.0200294   0.98976114  0.14132131]
 [-0.96867923 -0.01578084  0.24781345]
 [ 0.24750629 -0.14185857  0.95844498]]
[[ 0.0209525   0.98994528  0.13989043]
 [-0.96827779 -0.01475481  0.2494402 ]
 [ 0.24899621 -0.14067919  0.95823288]]
[[ 0.02190597  0.98980068  0.14076487]
 [-0.96868249 -0.01381914  0.24791785]
 [ 0.2473345  -0.14178735  0.95849986]]
[[ 0.02471766  0.98877543  0.14735058]
 [-0.96836753 -0.01292808  0.24919309]
 [ 0.24830096 -0.14884899  0.95717846]]
[[ 0.02617324  0.98821296  0.1508314 ]
 [-0.96753975 -0.01289664  0.2523896 ]
 [ 0.25135989 -0.15254123  0.95579777]]
[[ 0.02602835  0.98863817  0.14804422]
 [-0.96765539 -0.01225664  0.25197782]
 [ 0.25092941 -0.14981436  0.95634203]]
[[ 0.02637777  0.98815438  0.15117917]
 [-0.96723022 -0.0129747   0.25356924]
 [ 0.25252706 -0.15291365  0.95543053]]
[[ 0.02805254  0.98787376  0.1527039 ]
 [-0.96867477 -0.01084292  0.24809599]
 [ 0.24674327 -0.15488014  0.95662422]]
[[ 0.03071852  0.98559025  0.16633771]
 [-0.966859   -0.012899    0.25498487]
 [ 0.25345619 -0.16865787  0.95253057]]
[[ 0.03075433  0.98528191  0.16814792]
 [-0.96840815 -0.01227825  0.24906806]
 [ 0.24746682 -0.17049574  0.95377743]]
[[ 0.03095261  0.98627237  0.16219971]
 [-0.96824727 -0.0106889   0.24976585]
 [ 0.2480709  -0.16478034  0.95462468]]
[[ 0.03383826  0.98484316  0.17011442]
 [-0.96696468 -0.01076804  0.25468286]
 [ 0.25265447 -0.17311266  0.95194418]]
[[ 0.03555441  0.98428664  0.17296155]
 [-0.9668076  -0.0099411   0.25531204]
 [ 0.25301966 -0.17629801  0.95126235]]
[[ 0.03633121  0.98375442  0.17580465]
 [-0.96636376 -0.01023456  0.25697535]
 [ 0.25459992 -0.17922747  0.95029279]]
[[ 0.03644813  0.98342651  0.17760586]
 [-0.96740817 -0.00984265  0.25303073]
 [ 0.25058523 -0.18103985  0.95101609]]
[[ 0.0380137   0.98329199  0.17802199]
 [-0.96737845 -0.00844167  0.25319492]
 [ 0.25046734 -0.18183952  0.95089458]]
[[ 0.04015596  0.9821422   0.18380479]
 [-0.96780869 -0.00751151  0.25157485]
 [ 0.24846293 -0.18799011  0.95022413]]
[[ 0.04153855  0.98134517  0.18771312]
 [-0.96780148 -0.00716358  0.25161276]
 [ 0.24826366 -0.19212066  0.94944974]]
[[ 0.04216806  0.98174295  0.18547949]
 [-0.96752893 -0.00618187  0.25268471]
 [ 0.24921804 -0.190112    0.94960402]]
[[ 0.04274658  0.9816527   0.18582439]
 [-0.96817272 -0.0052081   0.25022881]
 [ 0.24660558 -0.19060653  0.95018674]]
[[ 0.04457067  0.9807135   0.19030107]
 [-0.96743107 -0.00514197  0.25308239]
 [ 0.24917983 -0.19538321  0.94854352]]
[[ 0.0462099   0.98003294  0.19339102]
 [-0.96784175 -0.00399924  0.25152802]
 [ 0.24727916 -0.19879498  0.94833199]]
[[ 0.04736184  0.97930676  0.1967616 ]
 [-0.96748306 -0.00402324  0.25290382]
 [ 0.24846204 -0.2023415   0.94727215]]
[[ 0.04898484  0.97837802  0.20094014]
 [-0.9674995  -0.00349014  0.25284885]
 [ 0.24808306 -0.20679525  0.94640928]]
[[ 0.04828335  0.97878808  0.19910451]
 [-0.96764132 -0.00359008  0.25230415]
 [ 0.2476671  -0.20484384  0.94694245]]
[[ 0.05151406  0.97708672  0.20651354]
 [-0.9671586  -0.0027275   0.254159  ]
 [ 0.24889865 -0.2128241   0.94485732]]
[[ 0.05247377  0.97622575  0.21030879]
 [-0.96723037 -0.00270453  0.253886  ]
 [ 0.24841884 -0.21673941  0.94409327]]
[[ 0.05527633  0.97527841  0.21395454]
 [-0.96630751 -0.00169665  0.25738477]
 [ 0.25138482 -0.22097316  0.94232507]]
[[ 0.05483931  0.97510718  0.2148456 ]
 [-0.96749097 -0.00131101  0.25290218]
 [ 0.24688839 -0.22173016  0.9433355 ]]
[[ 0.05601762  0.97415416  0.21882803]
 [-0.96754303 -0.00112839  0.25270382]
 [ 0.2464194  -0.2258814   0.94247285]]
[[ 5.69424585e-02  9.74320393e-01  2.17847030e-01]
 [-9.67221858e-01 -2.48884612e-04  2.53932698e-01]
 [ 2.47466024e-01 -2.25165961e-01  9.42369809e-01]]
[[ 5.91158763e-02  9.73490137e-01  2.20957610e-01]
 [-9.66579510e-01  5.07515314e-04  2.56366520e-01]
 [ 2.49458140e-01 -2.28728430e-01  9.40985623e-01]]
[[ 5.92907678e-02  9.72566244e-01  2.24943338e-01]
 [-9.67487593e-01  4.84140950e-04  2.52918018e-01]
 [ 2.45870622e-01 -2.32625592e-01  9.40974480e-01]]
[[ 0.06040129  0.97249788  0.22494344]
 [-0.96746068  0.00156449  0.25301656]
 [ 0.24570615 -0.23290646  0.94094796]]
[[ 0.06032629  0.97320492  0.22188494]
 [-0.96784414  0.00264511  0.25153671]
 [ 0.24420985 -0.22992432  0.94207025]]
[[ 0.06331823  0.97092106  0.23087465]
 [-0.96733722  0.00281028  0.25347743]
 [ 0.24545775 -0.23938339  0.93938602]]
[[ 0.06332006  0.97110232  0.23011053]
 [-0.96790341  0.00356457  0.25129721]
 [ 0.24321506 -0.23863692  0.94015895]]
[[ 0.06148799  0.97164139  0.22832487]
 [-0.96849541  0.00277293  0.24901598]
 [ 0.24132111 -0.23644308  0.94120072]]
[[ 0.06131742  0.97140283  0.22938335]
 [-0.97064575  0.00448553  0.24047183]
 [ 0.23256611 -0.23739508  0.94316307]]
[[ 0.06417358  0.97029552  0.23325599]
 [-0.96941821  0.00513155  0.24536096]
 [ 0.23687568 -0.2418683   0.94095145]]
[[ 0.06902035  0.96900263  0.23721317]
 [-0.96838127  0.0079352   0.24934866]
 [ 0.23973717 -0.24692292  0.93891169]]
[[ 0.06864532  0.9678843   0.24184251]
 [-0.9687311   0.00673291  0.24802163]
 [ 0.23842794 -0.25130589  0.9380818 ]]
[[ 0.06757112  0.9685171   0.23960125]
 [-0.96812816  0.00559938  0.25039272]
 [ 0.24116801 -0.24888404  0.93802704]]
[[ 0.06859087  0.96877293  0.23827358]
 [-0.96934988  0.00823864  0.24554622]
 [ 0.23591548 -0.24781269  0.93964502]]
[[ 0.07145511  0.96756762  0.2422954 ]
 [-0.96888257  0.00961557  0.247334  ]
 [ 0.23698256 -0.25242907  0.93814649]]
[[ 0.0738983   0.9651377   0.25109413]
 [-0.96665566  0.00741976  0.25597223]
 [ 0.24518539 -0.26163748  0.93350413]]
[[ 0.07267911  0.9669217   0.24449983]
 [-0.96708144  0.00838042  0.25432902]
 [ 0.24386724 -0.25493565  0.93570112]]
[[ 0.07089693  0.96737661  0.24322031]
 [-0.96873136  0.00865322  0.24796101]
 [ 0.23776705 -0.25319481  0.93774155]]
[[ 0.0723346   0.96700103  0.24428818]
 [-0.9681875   0.00925342  0.25005466]
 [ 0.23954261 -0.25460436  0.93690766]]
[[ 0.07414688  0.96582689  0.24835592]
 [-0.96727781  0.00905755  0.2535579 ]
 [ 0.24264354 -0.25902969  0.9348945 ]]
[[ 0.07259898  0.9663651   0.24671417]
 [-0.96755958  0.00822284  0.25250911]
 [ 0.2419873  -0.25704256  0.93561278]]
[[ 0.07197486  0.96656275  0.24612205]
 [-0.96798568  0.00819982  0.25087145]
 [ 0.24046484 -0.25629906  0.93620909]]
[[ 0.07237025  0.9668403   0.24491301]
 [-0.96788344  0.00880472  0.25124515]
 [ 0.24075754 -0.25522992  0.93642591]]
[[ 0.07163321  0.96699937  0.24450134]
 [-0.96838136  0.00869542  0.24932295]
 [ 0.23896909 -0.25463034  0.93704704]]
[[ 0.07128274  0.96695307  0.24478671]
 [-0.96864464  0.00854884  0.2483032 ]
 [ 0.2380049  -0.25481107  0.93724329]]
[[ 0.07002413  0.96847898  0.2390504 ]
 [-0.96826774  0.0083566   0.24977541]
 [ 0.23990458 -0.2489551   0.93833211]]
[[ 0.06900762  0.96894425  0.23745525]
 [-0.96811288  0.00758401  0.25039954]
 [ 0.24082234 -0.24716296  0.93857076]]
[[ 0.06899486  0.96966971  0.2344789 ]
 [-0.96792458  0.0081493   0.25110873]
 [ 0.24158169 -0.2442831   0.93912941]]
[[ 0.06936732  0.96872013  0.2382635 ]
 [-0.96754646  0.00715654  0.25259184]
 [ 0.24298566 -0.24805262  0.93777816]]
[[ 0.06978039  0.96689451  0.24545001]
 [-0.9673806   0.00552259  0.2532672 ]
 [ 0.24352714 -0.25511666  0.93574036]]
[[ 0.06918177  0.96734952  0.24382121]
 [-0.96763635  0.00561332  0.25228631]
 [ 0.2426804  -0.25338388  0.9364309 ]]
[[ 0.06962922  0.96752635  0.24299082]
 [-0.96759022  0.00623223  0.25244865]
 [ 0.24273634 -0.25269335  0.93660298]]
[[ 0.06851285  0.96735477  0.24398922]
 [-0.96772237  0.0049864   0.25196935]
 [ 0.24252713 -0.25337696  0.93647248]]
[[ 0.06887201  0.96724978  0.24430415]
 [-0.96737105  0.00489895  0.25331652]
 [ 0.24382352 -0.25377918  0.93602683]]
[[ 0.06874218  0.96708496  0.24499222]
 [-0.96725385  0.00446607  0.25377163]
 [ 0.24432457 -0.25441448  0.93572366]]
[[ 0.06677094  0.96829446  0.24072284]
 [-0.96772398  0.00408828  0.25197934]
 [ 0.24300606 -0.24977816  0.93731474]]
[[ 0.06555021  0.97065199  0.23138255]
 [-0.96774934  0.00531642  0.251859  ]
 [ 0.24323732 -0.24042972  0.93969631]]
[[ 0.06455804  0.97145229  0.22828208]
 [-0.96795792  0.00533007  0.25105587]
 [ 0.24267204 -0.23717512  0.94066904]]
[[ 0.06579307  0.97019559  0.23322048]
 [-0.96755523  0.00488981  0.25261229]
 [ 0.24394293 -0.24227383  0.93903953]]
[[ 0.06518417  0.96969039  0.23548159]
 [-0.96799278  0.00413028  0.25094407]
 [ 0.24236545 -0.24430206  0.93892252]]
[[ 0.06308254  0.97049296  0.23273161]
 [-0.96759521  0.00234382  0.25249556]
 [ 0.24449969 -0.24111805  0.9391922 ]]
[[ 0.06180073  0.97186216  0.2272985 ]
 [-0.96868369  0.00353271  0.24827289]
 [ 0.24048405 -0.23552379  0.94164535]]
[[ 0.06335755  0.97058453  0.2322746 ]
 [-0.96714915  0.00229983  0.2541992 ]
 [ 0.24618762 -0.24074962  0.93884571]]
[[ 0.06240571  0.97161866  0.22817255]
 [-0.96764157  0.00289792  0.25231209]
 [ 0.24448991 -0.23653496  0.94035945]]
[[ 0.06028449  0.97322587  0.22180437]
 [-0.96731841  0.00213158  0.25355582]
 [ 0.24629429 -0.22984093  0.9415478 ]]
[[ 0.05908898  0.97382506  0.21948406]
 [-0.96758589  0.00179301  0.25253578]
 [ 0.24553213 -0.22729176  0.94236534]]
[[ 0.05896687  0.97403702  0.21857445]
 [-0.96793029  0.00222572  0.25120906]
 [ 0.24420044 -0.22637784  0.94293118]]
[[ 0.06011295  0.97325228  0.22173507]
 [-0.96762419  0.00226466  0.25238523]
 [ 0.24513234 -0.22972783  0.94187858]]
[[ 5.74690993e-02  9.73620959e-01  2.20815604e-01]
 [-9.67577537e-01 -1.71005897e-04  2.52574109e-01]
 [ 2.45949207e-01 -2.28171425e-01  9.42043942e-01]]
[[ 5.51318929e-02  9.75146825e-01  2.14590645e-01]
 [-9.68366343e-01 -1.63592126e-04  2.49532760e-01]
 [ 2.43366184e-01 -2.21559572e-01  9.44290346e-01]]
[[ 5.56525884e-02  9.74558714e-01  2.17113110e-01]
 [-9.67742898e-01 -8.63697262e-04  2.51938360e-01]
 [ 2.45716244e-01 -2.24130692e-01  9.43074207e-01]]
[[ 5.44907239e-02  9.75983158e-01  2.10920924e-01]
 [-9.67541283e-01 -5.94568716e-04  2.52712311e-01]
 [ 2.46768366e-01 -2.17845178e-01  9.44271599e-01]]
[[ 0.05329189  0.97646294  0.20899784]
 [-0.9677832  -0.00107228  0.25178271]
 [ 0.24608059 -0.21568257  0.94494728]]
[[ 0.05123841  0.97825733  0.20096573]
 [-0.96729016 -0.00144773  0.2536684 ]
 [ 0.24844392 -0.20738974  0.9461845 ]]
[[ 0.05174712  0.97734781  0.20521573]
 [-0.96698688 -0.00230564  0.25481572]
 [ 0.24951674 -0.2116269   0.9449632 ]]
[[ 0.05177029  0.97799743  0.20209121]
 [-0.96669914 -0.00170842  0.25590985]
 [ 0.25062444 -0.20860993  0.94534083]]
[[ 0.05018789  0.97694579  0.20750445]
 [-0.96780375 -0.00373852  0.25167822]
 [ 0.24665174 -0.21345478  0.94530417]]
[[ 0.04687981  0.97857538  0.20048067]
 [-0.96861231 -0.0045149   0.24853534]
 [ 0.24411572 -0.20583934  0.9476485 ]]
[[ 0.04876665  0.9780552   0.20255826]
 [-0.96715146 -0.00441486  0.25416246]
 [ 0.24947918 -0.20829917  0.94571221]]
[[ 0.04853941  0.97887653  0.19860682]
 [-0.96671016 -0.00397255  0.2558431 ]
 [ 0.25122778 -0.2044137   0.94609706]]
[[ 0.0447368   0.98159153  0.18567899]
 [-0.96775705 -0.00353597  0.25186067]
 [ 0.24788085 -0.19095959  0.94978393]]
[[ 0.04652961  0.97961142  0.19543917]
 [-0.96709851 -0.00481062  0.25435669]
 [ 0.2501109  -0.20084405  0.94715691]]
[[ 0.04303413  0.98070528  0.19069665]
 [-0.96692622 -0.00714633  0.25495609]
 [ 0.25139956 -0.19536141  0.94796212]]
[[ 0.04259681  0.98150418  0.18664152]
 [-0.96615613 -0.00710364  0.25786018]
 [ 0.25441668 -0.19130887  0.94798369]]
[[ 0.04448524  0.97987241  0.19460502]
 [-0.96742942 -0.00633829  0.25306154]
 [ 0.24920148 -0.19952413  0.94767544]]
[[ 0.03947746  0.9832359   0.17801319]
 [-0.96805654 -0.0065113   0.25064743]
 [ 0.24760465 -0.18222176  0.95157089]]
[[ 0.04030707  0.98229148  0.1829721 ]
 [-0.96831868 -0.0067643   0.24962608]
 [ 0.24644325 -0.18723699  0.95089854]]
[[ 0.03968121  0.98209693  0.18414945]
 [-0.96597926 -0.00943058  0.25844754]
 [ 0.25555717 -0.18814006  0.94831105]]
[[ 0.03741847  0.98372094  0.17576395]
 [-0.96662055 -0.00898195  0.25605474]
 [ 0.25346511 -0.17947822  0.95054879]]
[[ 0.03963436  0.98226759  0.18324711]
 [-0.96565724 -0.00947427  0.25964655]
 [ 0.25677853 -0.18724483  0.9481583 ]]
[[ 0.03608167  0.98350544  0.17724324]
 [-0.96807429 -0.00962466  0.25047862]
 [ 0.24805299 -0.18062231  0.95175905]]
[[ 0.03692007  0.98332515  0.17806895]
 [-0.96631004 -0.01029025  0.25717509]
 [ 0.25471911 -0.18156473  0.94981705]]
[[ 0.03768152  0.98253314  0.18223266]
 [-0.96589688 -0.01093743  0.25869594]
 [ 0.25617049 -0.18576601  0.94861355]]
[[ 0.03313688  0.98625326  0.16188408]
 [-0.96557754 -0.01022029  0.25991451]
 [ 0.25799603 -0.16492439  0.95196533]]
[[ 0.03514526  0.98434483  0.17271381]
 [-0.96550859 -0.01117011  0.26013148]
 [ 0.25798832 -0.17589905  0.95000082]]
[[ 0.0353063   0.98472374  0.17050695]
 [-0.9651685  -0.01065883  0.26141184]
 [ 0.25923585 -0.17379742  0.95004801]]
[[ 0.02957766  0.98709878  0.15735676]
 [-0.96532903 -0.01263851  0.26073   ]
 [ 0.25935502 -0.15961284  0.95250129]]
[[ 0.03355804  0.98553615  0.16610948]
 [-0.96358203 -0.01221421  0.26713384]
 [ 0.26529895 -0.1690246   0.94923503]]
[[ 0.0306752   0.98592287  0.16436278]
 [-0.96442079 -0.01400525  0.26400073]
 [ 0.2625863  -0.16661316  0.9504149 ]]
[[ 0.0290581   0.98745274  0.1552183 ]
 [-0.96470072 -0.01295723  0.2630297 ]
 [ 0.2617406  -0.15738236  0.95221986]]
[[ 0.03136972  0.98602959  0.16358971]
 [-0.96351628 -0.01369346  0.2672992 ]
 [ 0.26580503 -0.16600645  0.949626  ]]
[[ 0.02540572  0.98918233  0.14447443]
 [-0.96515763 -0.01337926  0.2613269 ]
 [ 0.26043291 -0.1460798   0.95437697]]
[[ 0.02713273  0.98805238  0.15171125]
 [-0.96288714 -0.01493748  0.26949068]
 [ 0.26853709 -0.15339283  0.95097764]]
[[ 0.02684944  0.98804024  0.15184068]
 [-0.96249865 -0.01546776  0.27084515]
 [ 0.26995454 -0.15341849  0.9505721 ]]
[[ 0.02514867  0.98871089  0.14771027]
 [-0.96277867 -0.01582232  0.26982753]
 [ 0.26911853 -0.1489981   0.95151184]]
[[ 0.02448862  0.98827315  0.15071991]
 [-0.96373131 -0.01673994  0.26634891]
 [ 0.26574852 -0.15177601  0.95201983]]
[[ 0.02336048  0.98821394  0.15128616]
 [-0.96578182 -0.01679142  0.25881176]
 [ 0.2583017  -0.15215539  0.9540068 ]]
[[ 0.02287579  0.98933217  0.14386993]
 [-0.96361013 -0.01651749  0.26680085]
 [ 0.26633104 -0.1447378   0.95295265]]
[[ 0.02374652  0.98769484  0.15458009]
 [-0.96673571 -0.01670262  0.25523143]
 [ 0.25467266 -0.15549895  0.95444325]]
[[ 0.02029377  0.98996876  0.13982139]
 [-0.96423396 -0.01758682  0.26446848]
 [ 0.26427455 -0.1401876   0.95420459]]
[[ 0.01862785  0.98944478  0.14370813]
 [-0.96812937 -0.01805455  0.24979904]
 [ 0.24975694 -0.14378129  0.95757423]]
[[ 0.02033827  0.99025418  0.13777889]
 [-0.96333019 -0.01746801  0.26774954]
 [ 0.26754682 -0.13817212  0.95358647]]
[[ 0.01684672  0.99063031  0.13552775]
 [-0.96675103 -0.01845304  0.25505278]
 [ 0.25516392 -0.1353184   0.95738201]]
[[ 0.01682772  0.99108219  0.13218517]
 [-0.96521718 -0.01839572  0.26080143]
 [ 0.2609073  -0.13197609  0.9563    ]]
[[ 0.01506525  0.99082863  0.13428202]
 [-0.96632284 -0.02007608  0.25654849]
 [ 0.25689145 -0.13362474  0.95715788]]
[[ 0.0128413   0.99228869  0.1232812 ]
 [-0.96533606 -0.01984137  0.26025489]
 [ 0.26069406 -0.1223498   0.95763727]]
[[ 0.01372331  0.99124472  0.1313224 ]
 [-0.96575915 -0.02088918  0.25859797]
 [ 0.25907709 -0.13037463  0.95701699]]
[[ 0.01140911  0.9918242   0.12710071]
 [-0.96549561 -0.0221452   0.25947605]
 [ 0.2601693  -0.12567557  0.95734925]]
[[ 0.00756739  0.99358162  0.11286407]
 [-0.96564025 -0.02205975  0.25894455]
 [ 0.2597723  -0.11094562  0.95927547]]
[[ 0.01048703  0.99212407  0.12481925]
 [-0.96579299 -0.02229486  0.25835409]
 [ 0.25910214 -0.12325893  0.95795267]]
[[ 0.0057668   0.99349811  0.11370249]
 [-0.96493908 -0.02430911  0.26134583]
 [ 0.2624106  -0.11122311  0.95852496]]
[[ 0.00793908  0.9924133   0.12268991]
 [-0.96482074 -0.0246414   0.26175128]
 [ 0.26278871 -0.12045183  0.95730531]]
[[ 0.00421672  0.99379825  0.11111821]
 [-0.96704022 -0.02423742  0.25346746]
 [ 0.25458874 -0.10852458  0.96094068]]
[[ 0.00160115  0.99487527  0.10109717]
 [-0.96629646 -0.02448593  0.2562647 ]
 [ 0.25742687 -0.09810016  0.96130524]]
[[ 0.00512968  0.99371262  0.11184326]
 [-0.96602968 -0.02397445  0.25731671]
 [ 0.25838024 -0.10936386  0.9598329 ]]
[[ 3.88979294e-05  9.94720188e-01  1.02624298e-01]
 [-9.66379833e-01 -2.63492324e-02  2.55765001e-01]
 [ 2.57118682e-01 -9.91840002e-02  9.61276504e-01]]
[[ 1.81218473e-04  9.94880644e-01  1.01056770e-01]
 [-9.65173666e-01 -2.62634450e-02  2.60288353e-01]
 [ 2.61609944e-01 -9.75845026e-02  9.60227839e-01]]
[[ 5.52794498e-04  9.94062184e-01  1.08812078e-01]
 [-9.64480782e-01 -2.82129915e-02  2.62642055e-01]
 [ 2.64152449e-01 -1.05092345e-01  9.58738277e-01]]
[[-0.0036273   0.99565033  0.09309814]
 [-0.96590212 -0.02759018  0.25743326]
 [ 0.2588821  -0.0889899   0.96180084]]
[[-0.00361224  0.99603347  0.08890605]
 [-0.96657356 -0.0262703   0.25504003]
 [ 0.256364   -0.08501297  0.96283451]]
[[-0.0021391   0.99545606  0.09519803]
 [-0.96712962 -0.02626598  0.25292371]
 [ 0.25427491 -0.0915278   0.96279122]]
[[-0.00554459  0.99590129  0.09027668]
 [-0.9658312  -0.0287259   0.25757508]
 [ 0.25911263 -0.08576389  0.96203181]]
[[-0.00717861  0.99545099  0.0950042 ]
 [-0.96573927 -0.03154826  0.25758952]
 [ 0.25941496 -0.08990015  0.96157259]]
[[-0.008487    0.99602193  0.08870338]
 [-0.96642237 -0.0309523   0.25508774]
 [ 0.25681855 -0.08356     0.96284057]]
[[-0.00862372  0.99600579  0.08887124]
 [-0.9658878  -0.03130002  0.25706239]
 [ 0.2588173  -0.08362281  0.96229976]]
[[-0.00886691  0.99650523  0.08305841]
 [-0.96593002 -0.03002043  0.25705635]
 [ 0.25865144 -0.07794932  0.96282051]]
[[-0.01281698  0.99729924  0.07231836]
 [-0.96603738 -0.03101757  0.256534  ]
 [ 0.25808431 -0.06657425  0.9638259 ]]
[[-0.0124468   0.99702238  0.07610157]
 [-0.96586117 -0.03168311  0.25711551]
 [ 0.25876105 -0.07030329  0.96337955]]
[[-0.01321212  0.99677825  0.07911105]
 [-0.96466808 -0.03352713  0.2613263 ]
 [ 0.26313674 -0.07286323  0.96200312]]
[[-0.01385434  0.99685866  0.07797996]
 [-0.96547631 -0.03362479  0.25831157]
 [ 0.26012219 -0.07170906  0.96290927]]
[[-0.01417326  0.99684964  0.07803785]
 [-0.96432392 -0.03426039  0.26249876]
 [ 0.2643454  -0.0715333   0.96177154]]
[[-0.01807585  0.99781391  0.06356627]
 [-0.96541558 -0.03395651  0.2584951 ]
 [ 0.26008849 -0.05669535  0.96391888]]
[[-0.01805161  0.99786595  0.06275097]
 [-0.96616407 -0.03356009  0.25573561]
 [ 0.25729579 -0.05601129  0.96470805]]
[[-0.01740568  0.99765429  0.06620399]
 [-0.96443514 -0.03421867  0.26209531]
 [ 0.26374592 -0.05928751  0.96276845]]
[[-0.02148214  0.99791115  0.06092499]
 [-0.9647437  -0.03667982  0.26062267]
 [ 0.26231298 -0.05317827  0.96351646]]
[[-0.02184532  0.99798296  0.05960539]
 [-0.96461943 -0.03670813  0.26107828]
 [ 0.26273967 -0.05179318  0.96347565]]
[[-0.02442441  0.99828599  0.05318389]
 [-0.96468154 -0.03749305  0.26073704]
 [ 0.26228416 -0.04493717  0.96394381]]
[[-0.02352577  0.99813791  0.05627842]
 [-0.96517944 -0.03734712  0.25890896]
 [ 0.26052868 -0.04822774  0.9642608 ]]
[[-0.02452681  0.99824791  0.05384741]
 [-0.96475093 -0.03775257  0.26044267]
 [ 0.26201923 -0.04556151  0.96398655]]
[[-0.02672457  0.99854554  0.04682529]
 [-0.96400466 -0.03813949  0.26313568]
 [ 0.26453885 -0.03810761  0.96362182]]
[[-0.02610471  0.998372    0.05071392]
 [-0.96344056 -0.03865847  0.26511849]
 [ 0.2666474  -0.041939    0.96288124]]
[[-0.02899636  0.99864247  0.04327153]
 [-0.9650705  -0.03924562  0.25903418]
 [ 0.26038075 -0.03424903  0.96489837]]
[[-0.0296537   0.9985642   0.04461163]
 [-0.96586968 -0.04011547  0.25590331]
 [ 0.2573255  -0.03550054  0.96567246]]
[[-0.0325783   0.99883051  0.03572474]
 [-0.9649944  -0.04074133  0.25908677]
 [ 0.26023925 -0.02603356  0.96519313]]
[[-0.03284084  0.99875279  0.03760767]
 [-0.96480266 -0.04150263  0.25967932]
 [ 0.26091626 -0.02775589  0.96496234]]
[[-0.03162401  0.99852778  0.04407028]
 [-0.96332659 -0.04220465  0.26499179]
 [ 0.26646163 -0.03407397  0.96324304]]
[[-0.03398117  0.99864947  0.03930024]
 [-0.96445135 -0.04307795  0.26072569]
 [ 0.26206655 -0.02904341  0.96461267]]
[[-0.03629425  0.9989368   0.02842532]
 [-0.96360871 -0.04252048  0.26391337]
 [ 0.26484144 -0.01781235  0.96412745]]
[[-0.03725128  0.99895549  0.02646255]
 [-0.96416977 -0.04288915  0.26179606]
 [ 0.26265756 -0.01576215  0.96476036]]
[[-0.03876778  0.99900558  0.02202079]
 [-0.96561752 -0.04312309  0.25636537]
 [ 0.25706004 -0.01132495  0.96632908]]
[[-0.03904573  0.99890736  0.02568108]
 [-0.96385994 -0.04442903  0.26267864]
 [ 0.26353261 -0.01449648  0.96454156]]
[[-0.04186318  0.99892684  0.01981509]
 [-0.9635179  -0.04561068  0.26372888]
 [ 0.26434963 -0.00805166  0.9643933 ]]
[[-0.04274526  0.99883461  0.02241118]
 [-0.96466499 -0.04709952  0.25923558]
 [ 0.25998903 -0.01053819  0.96555407]]
[[-0.04352189  0.99889819  0.01755698]
 [-0.96298368 -0.04662356  0.26549704]
 [ 0.26602309 -0.00535216  0.9639518 ]]
[[-0.04630402  0.99891812  0.00430408]
 [-0.96366757 -0.04580385  0.2631479 ]
 [ 0.26306035  0.00803711  0.9647459 ]]
[[-0.04768454  0.9988599   0.00225514]
 [-0.96494593 -0.04664862  0.25826973]
 [ 0.25808048  0.01013938  0.96607021]]
[[-0.04803323  0.99880289  0.00925184]
 [-0.96390984 -0.04877951  0.26172194]
 [ 0.26185993  0.00365341  0.96509897]]
[[-0.0491029   0.99877391  0.00629118]
 [-0.96364557 -0.04903027  0.26264662]
 [ 0.26263305  0.00683424  0.96487158]]
[[-0.04973926  0.99876121  0.00143051]
 [-0.96248036 -0.04831489  0.26701542]
 [ 0.26675376  0.01190431  0.9636912 ]]
[[-0.05233199  0.99861182 -0.00598349]
 [-0.96186683 -0.0487938   0.26913075]
 [ 0.26846519  0.01983947  0.96308506]]
[[-5.24684470e-02  9.98622444e-01 -5.25913113e-04]
 [-9.62697323e-01 -5.04409112e-02  2.65837504e-01]
 [ 2.65444770e-01  1.44543761e-02  9.64017710e-01]]
[[-0.05407505  0.99853334 -0.00265809]
 [-0.96348498 -0.05147754  0.26276749]
 [ 0.26224526  0.01677019  0.96485552]]
[[-0.05650474  0.99832932 -0.01207399]
 [-0.96327669 -0.05133326  0.26355817]
 [ 0.26249805  0.02652288  0.96456794]]
[[-0.05701013  0.99825305 -0.01551404]
 [-0.96231244 -0.0508056   0.2671583 ]
 [ 0.26590339  0.03016009  0.96352777]]
[[-0.05893011  0.99809547 -0.01823964]
 [-0.96176357 -0.05187054  0.26892432]
 [ 0.26746604  0.03338996  0.96298859]]
[[-0.05879907  0.99820921 -0.01100225]
 [-0.9629609  -0.05381059  0.26421718]
 [ 0.26315199  0.02613046  0.96440045]]
[[-0.06094779  0.99802965 -0.01490616]
 [-0.96347574 -0.05492299  0.26210296]
 [ 0.26076783  0.03033632  0.96492479]]
[[-0.06315312  0.9977548  -0.02229454]
 [-0.96165098 -0.05486316  0.268733  ]
 [ 0.26690649  0.03841089  0.96295666]]
[[-0.0641128   0.99753239 -0.02861249]
 [-0.96258735 -0.05425186  0.26548507]
 [ 0.26327768  0.04456301  0.9636903 ]]
[[-0.06482907  0.99742714 -0.03059879]
 [-0.96204088 -0.05432453  0.2674438 ]
 [ 0.26509344  0.04677542  0.9630875 ]]
[[-0.06694625  0.99728954 -0.03052498]
 [-0.9618448  -0.0563724   0.26772512]
 [ 0.2652787   0.04728349  0.96301167]]
[[-0.06839333  0.99713584 -0.03228722]
 [-0.96065145 -0.05708914  0.27182646]
 [ 0.26920466  0.04960788  0.96180451]]
[[-0.06938932  0.99694374 -0.03589283]
 [-0.96216146 -0.05737832  0.26637014]
 [ 0.26349658  0.05301794  0.96320229]]
[[-0.06933147  0.99705905 -0.03265567]
 [-0.96221485 -0.05819653  0.26599951]
 [ 0.26331677  0.04986391  0.96341988]]
[[-0.0723187   0.99648623 -0.04225172]
 [-0.9621434  -0.05853998  0.26618256]
 [ 0.26277384  0.05990219  0.96299618]]
[[-0.07371874  0.99636504 -0.04268776]
 [-0.96085532 -0.05949859  0.27058636]
 [ 0.26706293  0.06096405  0.96174881]]
[[-0.07497183  0.99609174 -0.0466956 ]
 [-0.96123711 -0.05972982  0.26917571]
 [ 0.26533458  0.06506614  0.9619584 ]]
[[-0.07548994  0.99605041 -0.04674247]
 [-0.96231254 -0.06049086  0.26513287]
 [ 0.26125821  0.06499573  0.96307824]]
[[-0.07871376  0.9955376  -0.05204841]
 [-0.96106924 -0.06190991  0.26928254]
 [ 0.26485858  0.07121837  0.96165372]]
[[-0.07977082  0.99541871 -0.05270871]
 [-0.96020917 -0.06253637  0.27219029]
 [ 0.2676471   0.07232423  0.96079875]]
[[-0.08150842  0.99483353 -0.06051968]
 [-0.95985108 -0.06199974  0.27357255]
 [ 0.26840694  0.08038835  0.95994553]]
[[-0.08164356  0.99473189 -0.06199034]
 [-0.96105329 -0.06209717  0.26929634]
 [ 0.26402824  0.08156233  0.96106018]]
[[-0.08362829  0.99452252 -0.06269977]
 [-0.96141398 -0.06397566  0.26756357]
 [ 0.26208674  0.08265632  0.96149804]]
[[-0.08701883  0.99373011 -0.07020114]
 [-0.95998725 -0.06481783  0.27243921]
 [ 0.26618076  0.09109955  0.95960861]]
[[-0.08651143  0.9939822  -0.06719498]
 [-0.95935906 -0.06493347  0.27461581]
 [ 0.26860002  0.08822152  0.95920331]]
[[-0.087529    0.9934858  -0.07297008]
 [-0.95969879 -0.06446131  0.27353788]
 [ 0.26705226  0.09397179  0.95908936]]
[[-0.08977851  0.9929334  -0.07760849]
 [-0.95972275 -0.06542012  0.27322602]
 [ 0.26621808  0.09901246  0.95881409]]
[[-0.09288822  0.99212808 -0.08398598]
 [-0.95953231 -0.06667632  0.27359097]
 [ 0.26583741  0.10600064  0.95817239]]
[[-0.09308469  0.99220889 -0.08280553]
 [-0.96010428 -0.06742352  0.27139242]
 [ 0.26369493  0.10476442  0.9589001 ]]
[[-0.09421414  0.99177017 -0.08669268]
 [-0.96021101 -0.06752849  0.2709884 ]
 [ 0.26290399  0.10877421  0.95867078]]
[[-0.09494271  0.99165756 -0.08718465]
 [-0.96025089 -0.06813683  0.27069466]
 [ 0.26249593  0.10941963  0.95870915]]
[[-0.09805091  0.99100921 -0.09103167]
 [-0.95907841 -0.06968302  0.27443193]
 [ 0.26562121  0.11421481  0.95728802]]
[[-0.09739977  0.99104627 -0.09132673]
 [-0.96072203 -0.06966513  0.26862604]
 [ 0.25985855  0.11390371  0.95890535]]
[[-0.09913136  0.99093163 -0.09070543]
 [-0.96007283 -0.07128246  0.27051613]
 [ 0.26159728  0.11390045  0.95843286]]
[[-0.1019728   0.98993982 -0.09808512]
 [-0.95769168 -0.07101736  0.27889637]
 [ 0.26912487  0.12237515  0.95529897]]
[[-0.10255465  0.98949235 -0.10191874]
 [-0.95911598 -0.07119305  0.27391257]
 [ 0.26377848  0.1258429   0.9563391 ]]
[[-0.10471582  0.98927696 -0.10181202]
 [-0.95793245 -0.07282867  0.27759937]
 [ 0.26720783  0.12659809  0.95528682]]
[[-0.10537146  0.98893362 -0.10443731]
 [-0.95752824 -0.0725546   0.27906181]
 [ 0.2683962   0.12940683  0.95457706]]
[[-0.10670625  0.98861059 -0.10612673]
 [-0.95816922 -0.07373402  0.2765412 ]
 [ 0.26556641  0.13119604  0.95512412]]
[[-0.1106871   0.9871526  -0.11523068]
 [-0.95696925 -0.0745662   0.28044559]
 [ 0.26825028  0.14131393  0.9529282 ]]
[[-0.1095951   0.98783326 -0.11033753]
 [-0.95760785 -0.07517983  0.27809206]
 [ 0.26641343  0.13613762  0.95419622]]
[[-0.11115917  0.98737379 -0.1128567 ]
 [-0.95691768 -0.0756898   0.28032053]
 [ 0.26823904  0.13915477  0.95324906]]
[[-0.11273001  0.98656782 -0.1182196 ]
 [-0.95642735 -0.07548906  0.28204277]
 [ 0.26933003  0.14486314  0.95209033]]
[[-0.11558293  0.98593604 -0.12070924]
 [-0.95529281 -0.07704297  0.28544706]
 [ 0.27213274  0.14830547  0.95076246]]
[[-0.11613672  0.98526341 -0.12557179]
 [-0.95654457 -0.07690472  0.2812617 ]
 [ 0.2674598   0.15277983  0.95137983]]
[[-0.11629622  0.98519062 -0.12599457]
 [-0.9566068  -0.07698168  0.28102893]
 [ 0.26716779  0.15320987  0.95139272]]
[[-0.11869584  0.98454767 -0.12875244]
 [-0.95583442 -0.0781841   0.28331574]
 [ 0.26887146  0.15669441  0.95034467]]
[[-0.12144749  0.98336929 -0.13503834]
 [-0.95508754 -0.07872518  0.28567488]
 [ 0.27029299  0.16366793  0.94876473]]
[[-0.12213625  0.98376103 -0.13151797]
 [-0.95382257 -0.07970258  0.28960317]
 [ 0.27441799  0.16081586  0.94806805]]
[[-0.1236225   0.98299042 -0.13582088]
 [-0.95440831 -0.08030381  0.28749969]
 [ 0.2717025   0.16517     0.94810159]]
[[-0.12498415  0.98206955 -0.14113242]
 [-0.95566548 -0.08093798  0.28311223]
 [ 0.26661293  0.17025992  0.94864593]]
[[-0.12800354  0.98071688 -0.14768036]
 [-0.95462628 -0.08146371  0.28644778]
 [ 0.26889359  0.17764588  0.94664575]]
[[-0.12938025  0.9807272  -0.14640667]
 [-0.95264487 -0.08196058  0.29283137]
 [ 0.27518812  0.17736016  0.94488882]]
[[-0.13010865  0.98002628 -0.15040021]
 [-0.95382266 -0.08229732  0.28887625]
 [ 0.27072878  0.18104042  0.94547887]]
[[-0.13175853  0.97913773 -0.15468997]
 [-0.95356718 -0.08255789  0.2896443 ]
 [ 0.27083079  0.18567039  0.94455132]]
[[-0.13467263  0.97789808 -0.15993321]
 [-0.9528982  -0.08354632  0.29155621]
 [ 0.27175043  0.19166471  0.94308872]]
[[-0.13436153  0.97825071 -0.15802697]
 [-0.95369634 -0.08435223  0.28870053]
 [ 0.26909157  0.18949999  0.94428782]]
[[-0.1374449   0.97635081 -0.16687722]
 [-0.95292782 -0.08437218  0.29122141]
 [ 0.27025446  0.19904884  0.94198837]]
[[-0.13861925  0.97613756 -0.16715315]
 [-0.95266133 -0.08531471  0.29181809]
 [ 0.27059397  0.19969195  0.94175476]]
[[-0.13947141  0.97606411 -0.16687293]
 [-0.95270697 -0.08631919  0.29137334]
 [ 0.26999472  0.19961926  0.94194214]]
[[-0.14314922  0.97413142 -0.17486072]
 [-0.95082425 -0.08632948  0.29745668]
 [ 0.27466626  0.2088425   0.93858577]]
