400.63196558485834, -205.79002924936935, -8.325650323891294, -159.6460632475785, 83.39066338508533, -173.23777023889514
400.63196558485834, -205.79002924936935, -8.325650323891294, -159.6460632475785, 83.39066338508533, -173.23777023889514
400.63196558485834, -205.79002924936935, -8.325650323891294, -159.6460632475785, 83.39066338508533, -173.23777023889514
400.63196558485834, -205.79002924936935, -8.325650323891294, -159.6460632475785, 83.39066338508533, -173.23777023889514
400.63196558485834, -205.79002924936935, -8.325650323891294, -159.6460632475785, 83.39066338508533, -173.23777023889514
400.63196558485834, -205.79002924936935, -8.325650323891294, -159.6460632475785, 83.39066338508533, -173.23777023889514
400.63196558485834, -205.79002924936935, -8.325650323891294, -159.6460632475785, 83.39066338508533, -173.23777023889514
400.63332606428855, -205.78865542410134, -8.324014059117397, -159.6436708559944, 83.39078857012976, -173.23515325763753
400.63332606428855, -205.78865542410134, -8.324014059117397, -159.6436708559944, 83.39078857012976, -173.23515325763753
400.63332606428855, -205.78865542410134, -8.324014059117397, -159.6436708559944, 83.39078857012976, -173.23515325763753
400.63332606428855, -205.78865542410134, -8.324014059117397, -159.6436708559944, 83.39078857012976, -173.23515325763753
400.63332606428855, -205.78865542410134, -8.324014059117397, -159.6436708559944, 83.39078857012976, -173.23515325763753
400.63332606428855, -205.78865542410134, -8.324014059117397, -159.6436708559944, 83.39078857012976, -173.23515325763753
400.63332606428855, -205.78865542410134, -8.324014059117397, -159.6436708559944, 83.39078857012976, -173.23515325763753
400.6344501970377, -205.78933804229374, -8.324983087002359, -159.64347713714716, 83.39078002810803, -173.23518078652086
400.6344501970377, -205.78933804229374, -8.324983087002359, -159.64347713714716, 83.39078002810803, -173.23518078652086
400.6344501970377, -205.78933804229374, -8.324983087002359, -159.64347713714716, 83.39078002810803, -173.23518078652086
400.6344501970377, -205.78933804229374, -8.324983087002359, -159.64347713714716, 83.39078002810803, -173.23518078652086
400.6344501970377, -205.78933804229374, -8.324983087002359, -159.64347713714716, 83.39078002810803, -173.23518078652086
400.6344501970377, -205.78933804229374, -8.324983087002359, -159.64347713714716, 83.39078002810803, -173.23518078652086
400.6346302404803, -205.78860070500767, -8.324982403153077, -159.6438578950839, 83.39079681760934, -173.23512667823033
400.6346302404803, -205.78860070500767, -8.324982403153077, -159.6438578950839, 83.39079681760934, -173.23512667823033
400.6346302404803, -205.78860070500767, -8.324982403153077, -159.6438578950839, 83.39079681760934, -173.23512667823033
400.6346302404803, -205.78860070500767, -8.324982403153077, -159.6438578950839, 83.39079681760934, -173.23512667823033
400.6346302404803, -205.78860070500767, -8.324982403153077, -159.6438578950839, 83.39079681760934, -173.23512667823033
400.6346302404803, -205.78860070500767, -8.324982403153077, -159.6438578950839, 83.39079681760934, -173.23512667823033
400.6346302404803, -205.78860070500767, -8.324982403153077, -159.6438578950839, 83.39079681760934, -173.23512667823033
400.6346302404803, -205.78860070500767, -8.324982403153077, -159.6438578950839, 83.39079681760934, -173.23512667823033
400.6346302404803, -205.78860070500767, -8.324982403153077, -159.6438578950839, 83.39079681760934, -173.23512667823033
400.6346302404803, -205.78860070500767, -8.324982403153077, -159.6438578950839, 83.39079681760934, -173.23512667823033
400.6346302404803, -205.78860070500767, -8.324982403153077, -159.6438578950839, 83.39079681760934, -173.23512667823033
400.63332606428855, -205.78865542410134, -8.324014059117397, -159.6436708559944, 83.39078857012976, -173.23515325763753
400.63332606428855, -205.78865542410134, -8.324014059117397, -159.6436708559944, 83.39078857012976, -173.23515325763753
400.63332606428855, -205.78865542410134, -8.324014059117397, -159.6436708559944, 83.39078857012976, -173.23515325763753
400.63332606428855, -205.78865542410134, -8.324014059117397, -159.6436708559944, 83.39078857012976, -173.23515325763753
400.6352097462831, -205.78874728074453, -8.32334613148636, -159.64319398666387, 83.39099630678663, -173.23446718260425
400.6336870045405, -205.78702878413958, -8.324355442278803, -159.6443584316803, 83.39058195537513, -173.23561882518453
400.6336870045405, -205.78702878413958, -8.324355442278803, -159.6443584316803, 83.39058195537513, -173.23561882518453
400.6336870045405, -205.78702878413958, -8.324355442278803, -159.6443584316803, 83.39058195537513, -173.23561882518453
400.6336870045405, -205.78702878413958, -8.324355442278803, -159.6443584316803, 83.39058195537513, -173.23561882518453
400.63265495432523, -205.78888398409785, -8.325650671748871, -159.64235079028097, 83.39050357210834, -173.23403804910797
400.63265495432523, -205.78888398409785, -8.325650671748871, -159.64235079028097, 83.39050357210834, -173.23403804910797
400.63265495432523, -205.78888398409785, -8.325650671748871, -159.64235079028097, 83.39050357210834, -173.23403804910797
400.63265495432523, -205.78888398409785, -8.325650671748871, -159.64235079028097, 83.39050357210834, -173.23403804910797
400.6336692226778, -205.7908584503746, -8.324983087002387, -159.64168687825594, 83.39070305983377, -173.23359598803603
400.6336692226778, -205.7908584503746, -8.324983087002387, -159.64168687825594, 83.39070305983377, -173.23359598803603
400.6345417987827, -205.78896290594946, -8.324982739156662, -159.64188059252265, 83.39071160255689, -173.2333510168285
400.6345417987827, -205.78896290594946, -8.324982739156662, -159.64188059252265, 83.39071160255689, -173.2333510168285
400.6345417987827, -205.78896290594946, -8.324982739156662, -159.64188059252265, 83.39071160255689, -173.2333510168285
400.6328349977703, -205.78814664681244, -8.325649987876245, -159.6427315425308, 83.39052036306032, -173.23398393513187
400.6328349977703, -205.78814664681244, -8.325649987876245, -159.6427315425308, 83.39052036306032, -173.23398393513187
400.6347956698898, -205.78692462340743, -8.322319017974616, -159.64317027491083, 83.39100343138388, -173.2342261907068
400.6347956698898, -205.78692462340743, -8.322319017974616, -159.64317027491083, 83.39100343138388, -173.2342261907068
400.63747173569, -205.7887688841483, -8.323938531045766, -159.64191482555688, 83.39118500747729, -173.23362379647418
400.6327618511186, -205.78851269968956, -8.33000841680401, -159.64391962915232, 83.39009888757226, -173.23537649859992
400.6327618511186, -205.78851269968956, -8.33000841680401, -159.64391962915232, 83.39009888757226, -173.23537649859992
400.63336207226365, -205.78866451500542, -8.328313713900275, -159.64323208909062, 83.39030550169196, -173.23469352936345
400.63336207226365, -205.78866451500542, -8.328313713900275, -159.64323208909062, 83.39030550169196, -173.23469352936345
400.6327618511185, -205.78851269968956, -8.330008416804038, -159.64570974882523, 83.39017584776319, -173.2371785968811
400.6309666009959, -205.78805863961952, -8.330675980332964, -159.64458342033316, 83.38989939718239, -173.23603587656928
400.6309666009959, -205.78805863961952, -8.330675980332964, -159.64458342033316, 83.38989939718239, -173.23603587656928
400.6327618511185, -205.78851269968956, -8.330008416804038, -159.64570974882523, 83.39017584776319, -173.2371785968811
400.6327618511185, -205.78851269968956, -8.330008416804038, -159.64570974882523, 83.39017584776319, -173.2371785968811
400.6339415901078, -205.7888110937877, -8.32667744675955, -159.64435843168036, 83.39058195537503, -173.23583626292873
400.65140964995993, -205.79229490428435, -8.092529098231743, -159.6675899297956, 83.38346131737433, -173.2591280619184
400.65140964995993, -205.79229490428435, -8.092529098231743, -159.6675899297956, 83.38346131737433, -173.2591280619184
400.6802037021963, -205.8012967008546, -7.786864522108445, -159.67974344067397, 83.37979851777119, -173.2714180034886
400.6802037021963, -205.8012967008546, -7.786864522108445, -159.67974344067397, 83.37979851777119, -173.2714180034886
400.73598936485047, -205.81447216983457, -7.380860943464517, -159.6732638060666, 83.38162028779827, -173.2651964585239
400.7997996726071, -205.83101067849657, -6.996353862595617, -159.6426682037535, 83.39076069850128, -173.2350244630593
400.7997996726071, -205.83101067849657, -6.996353862595617, -159.6426682037535, 83.39076069850128, -173.2350244630593
400.857812325039, -205.84646787732024, -6.493196636034343, -159.64337584807953, 83.39101058836812, -173.23618279274427
400.857812325039, -205.84646787732024, -6.493196636034343, -159.64337584807953, 83.39101058836812, -173.23618279274427
400.9343569525476, -205.8673952286658, -5.932824799608411, -159.6249841472804, 83.39627035106527, -173.21877791023533
400.9343569525476, -205.8673952286658, -5.932824799608411, -159.6249841472804, 83.39627035106527, -173.21877791023533
401.00780065168345, -205.88776220212253, -5.222846160408884, -159.62669348423773, 83.39516911270044, -173.2221992472635
401.1694426843222, -205.93358948607127, -3.999537618997767, -159.57475339558124, 83.41081265173347, -173.17411125554534
401.1694426843222, -205.93358948607127, -3.999537618997767, -159.57475339558124, 83.41081265173347, -173.17411125554534
401.2610365354953, -205.96217278276947, -2.9205997817495497, -159.59451382528306, 83.40375449566389, -173.198953006081
401.2610365354953, -205.96217278276947, -2.9205997817495497, -159.59451382528306, 83.40375449566389, -173.198953006081
401.34306048409564, -205.99913175322393, -1.7246650007297362, -159.62450799679516, 83.3941381775102, -173.23703775521608
401.512741698864, -206.03500399182866, -0.5055767116628751, -159.5738254909636, 83.41006200572937, -173.1902306374971
401.512741698864, -206.03500399182866, -0.5055767116628751, -159.5738254909636, 83.41006200572937, -173.1902306374971
401.5787792349016, -206.05594780996796, 0.1658658006727098, -159.5530880687984, 83.41589541222439, -173.17422041406357
401.5787792349016, -206.05594780996796, 0.1658658006727098, -159.5530880687984, 83.41589541222439, -173.17422041406357
401.59684595196154, -206.05315490580475, 0.6289470988964928, -159.59666394497248, 83.40267046371874, -173.2186023350511
401.59684595196154, -206.05315490580475, 0.6289470988964928, -159.59666394497248, 83.40267046371874, -173.2186023350511
401.6386788232249, -206.07312729645537, 1.1210752288801362, -159.5952201411431, 83.40214750350613, -173.22238007286117
401.680798603924, -206.0654457855786, 1.4513070787464668, -159.59831479197052, 83.402035101424, -173.22418693746317
401.680798603924, -206.0654457855786, 1.4513070787464668, -159.59831479197052, 83.402035101424, -173.22418693746317
401.7184289779373, -206.0806811113097, 1.8929762722437462, -159.58450091809146, 83.40493206670347, -173.2143581809686
401.7184289779373, -206.0806811113097, 1.8929762722437462, -159.58450091809146, 83.40493206670347, -173.2143581809686
401.7371941402934, -206.06788217459322, 2.1748408172016234, -159.62101228901966, 83.39465694073634, -173.2497935474372
401.7925962118565, -206.08352779763095, 2.584582287371961, -159.58777830248604, 83.40437663275144, -173.21918109466912
401.7925962118565, -206.08352779763095, 2.584582287371961, -159.58777830248604, 83.40437663275144, -173.21918109466912
401.8261797396167, -206.07173581835576, 2.8478874011933217, -159.59765381333972, 83.40317196666776, -173.2266716271097
401.8261797396167, -206.07173581835576, 2.8478874011933217, -159.59765381333972, 83.40317196666776, -173.2266716271097
401.8561040643338, -206.0838379440792, 3.204391264611112, -159.59513849119188, 83.4046819394418, -173.22748412120623
401.8561040643338, -206.0838379440792, 3.204391264611112, -159.59513849119188, 83.4046819394418, -173.22748412120623
401.8668964663778, -206.0682273202806, 3.5133997138437625, -159.66464237964192, 83.38398451947873, -173.29523623742492
401.86045787919664, -206.07035896684005, 3.7660934309032, -159.7217385877735, 83.36576493588625, -173.3547599182222
401.86045787919664, -206.07035896684005, 3.7660934309032, -159.7217385877735, 83.36576493588625, -173.3547599182222
401.8545695969869, -206.0557948697992, 4.047455726728794, -159.8211571402008, 83.3350102345286, -173.45438604069082
401.8545695969869, -206.0557948697992, 4.047455726728794, -159.8211571402008, 83.3350102345286, -173.45438604069082
401.85770465157026, -206.05517735229225, 4.358414611562861, -159.90269172019669, 83.3083447814915, -173.5375001354042
401.8864318056849, -206.04355369230151, 4.660279935471217, -159.97895551485007, 83.28404446300273, -173.61236274457218
401.8864318056849, -206.04355369230151, 4.660279935471217, -159.97895551485007, 83.28404446300273, -173.61236274457218
401.86686732133313, -206.04221494325415, 4.917243309705388, -160.07907374577317, 83.25080356105126, -173.71522124171608
401.86686732133313, -206.04221494325415, 4.917243309705388, -160.07907374577317, 83.25080356105126, -173.71522124171608
401.8836899922518, -206.02374104976016, 5.115295123682279, -160.15660272140963, 83.22635802154548, -173.7907007394659
401.91336942071104, -206.03405104217683, 5.410601939068227, -160.20545557050056, 83.20969253017543, -173.84223427622538
401.91336942071104, -206.03405104217683, 5.410601939068227, -160.20545557050056, 83.20969253017543, -173.84223427622538
401.8916892994955, -206.01941740309053, 5.530034955573333, -160.31250491747463, 83.1744879514954, -173.94785046706568
401.9734340981763, -206.043108814906, 5.796334684267823, -160.34886125831693, 83.16310775980972, -173.98044958823832
401.9734340981763, -206.043108814906, 5.796334684267823, -160.34886125831693, 83.16310775980972, -173.98044958823832
402.0318114976189, -206.16032777625287, 6.032347809443255, -160.45753741544564, 83.13104228039035, -174.06665132812958
402.0318114976189, -206.16032777625287, 6.032347809443255, -160.45753741544564, 83.13104228039035, -174.06665132812958
401.9777164543455, -206.47548325682618, 6.249167847517861, -160.58008534980453, 83.09639762918677, -174.1752436952711
401.91647015039683, -207.04933980668284, 6.595972748365319, -160.67202610422427, 83.07253159214054, -174.25473337789984
401.91647015039683, -207.04933980668284, 6.595972748365319, -160.67202610422427, 83.07253159214054, -174.25473337789984
401.78215870907724, -207.71706703355113, 6.9126422958493965, -160.78703912713024, 83.04349598950267, -174.35248993996078
401.78215870907724, -207.71706703355113, 6.9126422958493965, -160.78703912713024, 83.04349598950267, -174.35248993996078
401.65405000107415, -208.50407392347273, 7.314268607646528, -160.8497147862091, 83.02890574363563, -174.40660463004545
401.65405000107415, -208.50407392347273, 7.314268607646528, -160.8497147862091, 83.02890574363563, -174.40660463004545
401.4690707729808, -209.3834111580836, 7.710477141810252, -160.90560734777884, 83.00966712788689, -174.47179809886435
401.4690707729808, -209.3834111580836, 7.710477141810252, -160.90560734777884, 83.00966712788689, -174.47179809886435
401.29100654426423, -210.2903205105682, 8.09156398561564, -160.95974078258, 82.98834959371369, -174.53619923573325
401.1321737613463, -210.9969852884789, 8.433632301068778, -161.0109314728492, 82.9701195838094, -174.58635219336261
401.1321737613463, -210.9969852884789, 8.433632301068778, -161.0109314728492, 82.9701195838094, -174.58635219336261
400.98578879412395, -211.64952409266564, 8.689469859912952, -161.0774532953347, 82.94869142916825, -174.64197382499046
400.8221097865927, -212.52974685749015, 9.172607516422877, -161.0569347919457, 82.95683618709324, -174.61319084890204
400.8221097865927, -212.52974685749015, 9.172607516422877, -161.0569347919457, 82.95683618709324, -174.61319084890204
400.6608420306438, -213.35500237513517, 9.562325805692304, -161.04733986063383, 82.9557785054661, -174.60561019782097
400.6608420306438, -213.35500237513517, 9.562325805692304, -161.04733986063383, 82.9557785054661, -174.60561019782097
400.4832037251089, -214.2681737808384, 10.06946552703106, -161.03110056030107, 82.95657725758046, -174.59330534103344
400.3923673108937, -214.858607809695, 10.62062971906544, -161.0251697576983, 82.95464243605257, -174.5931712112322
400.3923673108937, -214.858607809695, 10.62062971906544, -161.0251697576983, 82.95464243605257, -174.5931712112322
400.34606168419, -215.32387006610682, 11.135776968350246, -161.02975285823885, 82.94916574598376, -174.59988021659518
400.36449260458807, -215.65201563687754, 12.1643857137326, -161.0669601825147, 82.9337304437572, -174.63476408679222
400.36449260458807, -215.65201563687754, 12.1643857137326, -161.0669601825147, 82.9337304437572, -174.63476408679222
400.54327938054064, -215.69465197792812, 13.890181246241168, -161.1086486805422, 82.92032076143998, -174.6754790567274
400.7183440041864, -215.74250548692052, 15.434808059359012, -161.18708197931127, 82.8939805299668, -174.75458205940217
400.7183440041864, -215.74250548692052, 15.434808059359012, -161.18708197931127, 82.8939805299668, -174.75458205940217
400.87965359636814, -215.78771279561863, 17.228725972014885, -161.3668984197625, 82.83106116073392, -174.93785634743506
400.87965359636814, -215.78771279561863, 17.228725972014885, -161.3668984197625, 82.83106116073392, -174.93785634743506
401.0501393166719, -215.84686435305642, 18.79966323298329, -161.496637546389, 82.78349030157605, -175.07469972911883
401.0501393166719, -215.84686435305642, 18.79966323298329, -161.496637546389, 82.78349030157605, -175.07469972911883
401.2858964225719, -215.89025153430484, 20.658135071689482, -161.66451505227604, 82.72151807846427, -175.24848960880897
401.44148004057047, -215.93771456490342, 22.362212318224632, -161.8335349147031, 82.65596273598787, -175.4298497297836
401.44148004057047, -215.93771456490342, 22.362212318224632, -161.8335349147031, 82.65596273598787, -175.4298497297836
401.6701605684214, -215.9671062113966, 23.918498282942156, -161.96409151533976, 82.60281667919068, -175.56518654211018
401.8251217500708, -215.97700616732257, 25.322334124094823, -162.14214052193608, 82.53387653575092, -175.749210713224
401.8251217500708, -215.97700616732257, 25.322334124094823, -162.14214052193608, 82.53387653575092, -175.749210713224
402.04048469481893, -216.0120270828843, 27.229685356421793, -162.32119476437435, 82.45930898468845, -175.93929914772485
402.04048469481893, -216.0120270828843, 27.229685356421793, -162.32119476437435, 82.45930898468845, -175.93929914772485
402.2849568166954, -216.00982201670917, 29.074470423820028, -162.5201860351988, 82.37516743460381, -176.14210338205027
402.5137364566757, -216.01347133635633, 30.94812920559385, -162.70064586645245, 82.2964950571016, -176.328484322253
402.5137364566757, -216.01347133635633, 30.94812920559385, -162.70064586645245, 82.2964950571016, -176.328484322253
402.72378529317365, -216.01722125365453, 32.636603577722674, -162.85976086430477, 82.22541432315379, -176.4937130117588
402.72378529317365, -216.01722125365453, 32.636603577722674, -162.85976086430477, 82.22541432315379, -176.4937130117588
402.9533275322256, -215.9974382197535, 34.422237916570275, -163.06309385224682, 82.13556902047696, -176.70033269953026
402.9533275322256, -215.9974382197535, 34.422237916570275, -163.06309385224682, 82.13556902047696, -176.70033269953026
403.24299282774905, -216.0516918384748, 36.08008742823403, -163.0867245270783, 82.1174038979202, -176.72802700045347
403.33617790366424, -216.15570810170829, 36.824549895304315, -163.13267537760032, 82.09522206592702, -176.74796462234022
403.33617790366424, -216.15570810170829, 36.824549895304315, -163.13267537760032, 82.09522206592702, -176.74796462234022
403.3404489438709, -216.44472552002892, 37.34255628810345, -163.13791529431353, 82.08862229328048, -176.74969582552083
403.3404489438709, -216.44472552002892, 37.34255628810345, -163.13791529431353, 82.08862229328048, -176.74969582552083
403.41136660868733, -216.86018469304653, 37.95665343298779, -163.09932428890528, 82.10310862387077, -176.69372457715315
403.27584787707747, -217.2531316649022, 38.20998489421328, -163.16671215125479, 82.07590451580772, -176.75038202202646
403.27584787707747, -217.2531316649022, 38.20998489421328, -163.16671215125479, 82.07590451580772, -176.75038202202646
403.22169089296324, -217.9364340992556, 38.78019899227327, -163.14864610275785, 82.08462982364506, -176.7269677834566
403.14266830254275, -218.63237547260596, 39.223365837993065, -163.13524835905855, 82.08791255501002, -176.71084406505705
403.14266830254275, -218.63237547260596, 39.223365837993065, -163.13524835905855, 82.08791255501002, -176.71084406505705
402.9703876080279, -219.54134559959013, 39.7048869859368, -163.11372341179, 82.08849347002263, -176.7003844867071
402.9703876080279, -219.54134559959013, 39.7048869859368, -163.11372341179, 82.08849347002263, -176.7003844867071
402.86313553897014, -220.33354131693113, 40.106391921912326, -163.09996374954068, 82.09025473360134, -176.69315433442029
402.7038303728802, -221.42143971297372, 40.65170952465718, -163.0744224002903, 82.09907299256041, -176.65942675515828
402.7038303728802, -221.42143971297372, 40.65170952465718, -163.0744224002903, 82.09907299256041, -176.65942675515828
402.4498382431537, -222.6285067078942, 41.164087985943624, -163.0840070368325, 82.09617514643439, -176.66344216798734
402.4498382431537, -222.6285067078942, 41.164087985943624, -163.0840070368325, 82.09617514643439, -176.66344216798734
402.1701098576407, -223.91499947333077, 41.62260937856995, -163.10006809068688, 82.08499856180651, -176.68601977919639
402.1701098576407, -223.91499947333077, 41.62260937856995, -163.10006809068688, 82.08499856180651, -176.68601977919639
402.03829027493265, -224.9192895184074, 42.12907841896456, -163.0311351219078, 82.10775152559198, -176.61266138862655
401.7469601340692, -226.2025834345595, 42.552834315924926, -163.0841613150537, 82.09670652425763, -176.65401003954238
401.7469601340692, -226.2025834345595, 42.552834315924926, -163.0841613150537, 82.09670652425763, -176.65401003954238
401.52433338336306, -227.52249342131725, 43.114180633627896, -163.04785144349978, 82.10728927417804, -176.62174899823273
401.52433338336306, -227.52249342131725, 43.114180633627896, -163.04785144349978, 82.10728927417804, -176.62174899823273
401.2583116255837, -228.88324080622007, 43.6249372349475, -163.04443262626611, 82.11002679436308, -176.6314237729928
401.2583116255837, -228.88324080622007, 43.6249372349475, -163.04443262626611, 82.11002679436308, -176.6314237729928
401.0035822508738, -230.05067927929312, 44.04597945266586, -163.10017497528892, 82.09735780139538, -176.68087918429669
401.0035822508738, -230.05067927929312, 44.04597945266586, -163.10017497528892, 82.09735780139538, -176.68087918429669
400.8040786653255, -231.28129397200485, 44.60655428921614, -163.09620011370785, 82.10636083031201, -176.67378685673484
400.56896665472226, -232.49423994802353, 45.04403038413287, -163.1246545361693, 82.10191934186318, -176.70884579867447
400.56896665472226, -232.49423994802353, 45.04403038413287, -163.1246545361693, 82.10191934186318, -176.70884579867447
400.3513629153689, -233.72345241442193, 45.590439846622836, -163.1054873378567, 82.11192431699877, -176.6955304708397
400.3513629153689, -233.72345241442193, 45.590439846622836, -163.1054873378567, 82.11192431699877, -176.6955304708397
400.07330204292674, -234.87667649972067, 45.95219356783649, -163.21624190036675, 82.07843393349084, -176.79474291590105
400.07330204292674, -234.87667649972067, 45.95219356783649, -163.21624190036675, 82.07843393349084, -176.79474291590105
399.848686485151, -236.08897150195858, 46.34987170135257, -163.33483466630256, 82.02635350272554, -176.9087488331154
399.848686485151, -236.08897150195858, 46.34987170135257, -163.33483466630256, 82.02635350272554, -176.9087488331154
399.5297308058328, -237.2658236308154, 46.29968343506382, -163.49153980440457, 81.95290019687316, -177.07763527692003
399.34095912471975, -237.99090215986595, 46.25845022019194, -163.61492534928172, 81.88970281735934, -177.20752740278712
399.34095912471975, -237.99090215986595, 46.25845022019194, -163.61492534928172, 81.88970281735934, -177.20752740278712
399.2886143710154, -238.49409582759301, 46.28159511150613, -163.6838952354515, 81.84551161458991, -177.2786381801256
399.14620829743455, -238.77853440384428, 46.09319309593216, -163.89564947214404, 81.74624974067288, -177.49218066617723
399.14620829743455, -238.77853440384428, 46.09319309593216, -163.89564947214404, 81.74624974067288, -177.49218066617723
399.1527357226532, -238.80323417612001, 46.03566560703579, -164.01500961554729, 81.68684358654053, -177.60829216075902
399.13568757555197, -238.7994419431046, 45.90403966775659, -164.18135081048231, 81.60076844003625, -177.77195892191162
399.13568757555197, -238.7994419431046, 45.90403966775659, -164.18135081048231, 81.60076844003625, -177.77195892191162
399.1067967726954, -238.78820572378123, 45.70535112670389, -164.40091615144033, 81.49155029106998, -177.98790447057232
399.1067967726954, -238.78820572378123, 45.70535112670389, -164.40091615144033, 81.49155029106998, -177.98790447057232
399.11259647897515, -238.7973591660016, 45.573356339817494, -164.58654597096086, 81.39002034528899, -178.17135687709407
399.0931284514965, -238.7853876388143, 45.39037225499745, -164.75926451418306, 81.29681042887346, -178.3402842455349
399.0931284514965, -238.7853876388143, 45.39037225499745, -164.75926451418306, 81.29681042887346, -178.3402842455349
399.0900371195945, -238.7909937845798, 45.279022658898846, -164.89715879759603, 81.2170194959241, -178.4765298569013
399.0900371195945, -238.7909937845798, 45.279022658898846, -164.89715879759603, 81.2170194959241, -178.4765298569013
399.052617509924, -238.7783478187005, 45.067213698781984, -165.1077035185817, 81.09972450335219, -178.68393224250002
399.052617509924, -238.7783478187005, 45.067213698781984, -165.1077035185817, 81.09972450335219, -178.68393224250002
399.0001663948863, -238.7674987850348, 44.82588291076861, -165.3575106539735, 80.95348345250096, -178.93100232234855
398.96881836417765, -238.74818546381107, 44.58289901286714, -165.5915844832992, 80.81421604235386, -179.1562282407904
398.96881836417765, -238.74818546381107, 44.58289901286714, -165.5915844832992, 80.81421604235386, -179.1562282407904
398.9232258571206, -238.70620570759834, 44.33636812553462, -165.81670956890522, 80.68268971248021, -179.3631794647726
398.8954986244889, -238.66001649380786, 44.09655781223825, -166.06743119865658, 80.53018382556911, -179.58674390926464
398.8954986244889, -238.66001649380786, 44.09655781223825, -166.06743119865658, 80.53018382556911, -179.58674390926464
398.83446336312494, -238.5881483459389, 43.786095457472314, -166.34585278865072, 80.36279614346236, -179.8322718073727
398.83446336312494, -238.5881483459389, 43.786095457472314, -166.34585278865072, 80.36279614346236, -179.8322718073727
398.8066597316994, -238.5394625045383, 43.57003002751808, -166.56207629846574, 80.22500833888228, 179.97794706627408
398.75462550227996, -238.4673976115434, 43.232847268695636, -166.8397080088427, 80.04463235174373, 179.73649727639813
398.75462550227996, -238.4673976115434, 43.232847268695636, -166.8397080088427, 80.04463235174373, 179.73649727639813
398.72932971898234, -238.40654174432342, 42.920118911764, -167.10126265553282, 79.8668678523753, 179.50936880733167
398.72932971898234, -238.40654174432342, 42.920118911764, -167.10126265553282, 79.8668678523753, 179.50936880733167
398.66598073639386, -238.33730087150272, 42.58186217561889, -167.37667325020135, 79.6751667809466, 179.26694164199765
398.66598073639386, -238.33730087150272, 42.58186217561889, -167.37667325020135, 79.6751667809466, 179.26694164199765
398.6082581856558, -238.27444606340958, 42.213018285977256, -167.63829146937204, 79.48396284339985, 179.03598581511167
398.58421438832437, -238.21954984421612, 41.948581563277024, -167.8639671532116, 79.31393937681098, 178.84399054448835
398.58421438832437, -238.21954984421612, 41.948581563277024, -167.8639671532116, 79.31393937681098, 178.84399054448835
398.51510176220603, -238.14821215539388, 41.540947978112314, -168.1315053950115, 79.10363842457417, 178.60889889581807
398.51510176220603, -238.14821215539388, 41.540947978112314, -168.1315053950115, 79.10363842457417, 178.60889889581807
398.4981504202258, -238.10279974002668, 41.20696550493757, -168.3736193396136, 78.8995633304691, 178.39745299014493
398.4473069027009, -238.05137989707166, 40.86912941019577, -168.5800022619693, 78.72327993866858, 178.2157566176288
398.4473069027009, -238.05137989707166, 40.86912941019577, -168.5800022619693, 78.72327993866858, 178.2157566176288
398.3862546781537, -237.9919978339704, 40.474749144514966, -168.8278437233267, 78.50583946006873, 177.9982915391755
398.3558888666497, -237.95122995409014, 40.20009106235321, -169.0042735236851, 78.34382802087246, 177.8450446537333
398.3558888666497, -237.95122995409014, 40.20009106235321, -169.0042735236851, 78.34382802087246, 177.8450446537333
398.2742013139471, -237.88691365798, 39.81525988784427, -169.22296329618524, 78.14420654891792, 177.65319402358043
398.2742013139471, -237.88691365798, 39.81525988784427, -169.22296329618524, 78.14420654891792, 177.65319402358043
398.2100387479404, -237.83261205549928, 39.46344233150745, -169.44166352279353, 77.93346446176956, 177.46063102794244
398.2100387479404, -237.83261205549928, 39.46344233150745, -169.44166352279353, 77.93346446176956, 177.46063102794244
398.1255357449759, -237.78114237311382, 39.127490345287455, -169.62830726369725, 77.74831911904589, 177.29358702101837
398.04685610558073, -237.73094290968285, 38.754150698715506, -169.83194882582396, 77.53559589716878, 177.1112836760291
398.04685610558073, -237.73094290968285, 38.754150698715506, -169.83194882582396, 77.53559589716878, 177.1112836760291
397.9980913620684, -237.69145899680143, 38.431273204224894, -170.01755303327928, 77.33676330636243, 176.9456086253297
397.9980913620684, -237.69145899680143, 38.431273204224894, -170.01755303327928, 77.33676330636243, 176.9456086253297
397.89935148006083, -237.65064199913732, 38.09579151823408, -170.19536616205528, 77.1472660416737, 176.78058260283225
397.8735014285225, -237.6355023560931, 37.926357936278066, -170.2889400093016, 77.04078339559132, 176.69490347495056
397.8735014285225, -237.6355023560931, 37.926357936278066, -170.2889400093016, 77.04078339559132, 176.69490347495056
397.84992009347576, -237.62214441268443, 37.78674703624174, -170.36824488832275, 76.94996737673995, 176.62147711548212
397.84992009347576, -237.62214441268443, 37.78674703624174, -170.36824488832275, 76.94996737673995, 176.62147711548212
397.894977971061, -237.6370284571691, 38.0641711651387, -170.43669024584162, 76.88503915603194, 176.5552815427951
398.03800166715274, -237.69176585595775, 38.7281160123769, -170.4433783614158, 76.87868045615785, 176.54727938868746
398.03800166715274, -237.69176585595775, 38.7281160123769, -170.4433783614158, 76.87868045615785, 176.54727938868746
398.1440847179326, -237.72351168992034, 39.411974538366614, -170.47074945837767, 76.8577879963508, 176.52054904978073
398.1440847179326, -237.72351168992034, 39.411974538366614, -170.47074945837767, 76.8577879963508, 176.52054904978073
398.381863571799, -237.81732675214624, 40.60416299848736, -170.4750121061451, 76.85389144622515, 176.51174143995678
398.6740048556063, -237.90889881438355, 41.91195779928637, -170.4622302898251, 76.86247972640277, 176.5210968081161
398.6740048556063, -237.90889881438355, 41.91195779928637, -170.4622302898251, 76.86247972640277, 176.5210968081161
398.9062788694706, -237.98309227127163, 43.10182571102241, -170.46340196173148, 76.85900936542808, 176.514010874504
399.2598633494836, -238.052071821872, 44.7329311867581, -170.46294370936235, 76.85607563139581, 176.5119704097587
399.2598633494836, -238.052071821872, 44.7329311867581, -170.46294370936235, 76.85607563139581, 176.5119704097587
399.48712113818016, -238.10374512879224, 45.92949891520628, -170.4845825083571, 76.83252159493792, 176.48623609778807
399.84308353939116, -238.14735210862875, 47.49013265731081, -170.51189002612813, 76.79724907709358, 176.45859462227997
399.84308353939116, -238.14735210862875, 47.49013265731081, -170.51189002612813, 76.79724907709358, 176.45859462227997
400.18709894058816, -238.19448669479155, 49.051347398361635, -170.56244742208355, 76.73959985382184, 176.40655409413895
400.18709894058816, -238.19448669479155, 49.051347398361635, -170.56244742208355, 76.73959985382184, 176.40655409413895
400.47920466477814, -238.21491590914164, 50.48862011510066, -170.66066913446193, 76.63632840013796, 176.30670289769176
400.47920466477814, -238.21491590914164, 50.48862011510066, -170.66066913446193, 76.63632840013796, 176.30670289769176
400.8312639963671, -238.2354819304747, 52.026166663565434, -170.7630597653354, 76.50682820932902, 176.20366776067164
401.0959175599837, -238.24866755370866, 53.15520539158218, -170.8568329819462, 76.38328447403718, 176.11050008205487
401.0959175599837, -238.24866755370866, 53.15520539158218, -170.8568329819462, 76.38328447403718, 176.11050008205487
401.4742293654069, -238.29419132276576, 54.58373823705344, -170.96236499865014, 76.23133185943517, 176.00227857695617
401.4742293654069, -238.29419132276576, 54.58373823705344, -170.96236499865014, 76.23133185943517, 176.00227857695617
401.7139378053455, -238.29626715467344, 55.59593823003868, -171.06603178281915, 76.09045490406963, 175.89952271594743
402.02934599361043, -238.31393129942896, 56.97687052806312, -171.20020498318414, 75.89206213481121, 175.76292682983072
402.02934599361043, -238.31393129942896, 56.97687052806312, -171.20020498318414, 75.89206213481121, 175.76292682983072
402.38264019974173, -238.3481220722049, 58.36742034992508, -171.32131982036304, 75.70084301837274, 175.6381059159368
402.38264019974173, -238.3481220722049, 58.36742034992508, -171.32131982036304, 75.70084301837274, 175.6381059159368
402.72549884605957, -238.37451148675925, 59.69798626232688, -171.44645102004918, 75.49886120877981, 175.5095465691796
403.01228724822494, -238.40615994004108, 60.87173671777331, -171.5587251210789, 75.30738805901387, 175.3908812816055
403.01228724822494, -238.40615994004108, 60.87173671777331, -171.5587251210789, 75.30738805901387, 175.3908812816055
403.3830468637249, -238.44650339135157, 62.1920207075914, -171.67174794111924, 75.10517435473643, 175.2712966730952
403.3830468637249, -238.44650339135157, 62.1920207075914, -171.67174794111924, 75.10517435473643, 175.2712966730952
403.669607440248, -238.48460694428297, 63.31438547356002, -171.75757356430947, 74.94386105841666, 175.17806777804995
403.669607440248, -238.48460694428297, 63.31438547356002, -171.75757356430947, 74.94386105841666, 175.17806777804995
403.98983498903715, -238.51711323507368, 64.62833137377223, -171.87130961610018, 74.7340376165712, 175.05568565029787
404.2973334141509, -238.55678328392835, 65.66153248175067, -171.9435642409196, 74.58695073515467, 174.97768783081548
404.2973334141509, -238.55678328392835, 65.66153248175067, -171.9435642409196, 74.58695073515467, 174.97768783081548
404.63542003175854, -238.60696849127137, 66.96430583689784, -172.04840539845216, 74.38137904550828, 174.8607405242376
404.956692180586, -238.6351716887601, 68.12810610449505, -172.14349970959844, 74.1907097047777, 174.75933906588196
404.956692180586, -238.6351716887601, 68.12810610449505, -172.14349970959844, 74.1907097047777, 174.75933906588196
405.33110391215615, -238.69153755844764, 69.33478665730111, -172.18950932929187, 74.06450751967486, 174.70629051981322
405.55891538868957, -238.71974711135928, 70.35583019680985, -172.268985470492, 73.90879272817905, 174.61834879663135
405.55891538868957, -238.71974711135928, 70.35583019680985, -172.268985470492, 73.90879272817905, 174.61834879663135
405.9546665552415, -238.74478308036905, 71.73129257817808, -172.34510893286458, 73.74082889099085, 174.53774321944866
405.9546665552415, -238.74478308036905, 71.73129257817808, -172.34510893286458, 73.74082889099085, 174.53774321944866
406.31137667899446, -238.8026850175367, 73.03519511465566, -172.40915481139655, 73.59632043680875, 174.46579989589276
406.6244800318374, -238.83783756915537, 74.05374321316168, -172.4662163268934, 73.47009462564633, 174.40574345990035
406.6244800318374, -238.83783756915537, 74.05374321316168, -172.4662163268934, 73.47009462564633, 174.40574345990035
407.0396515867406, -238.8646260521621, 75.43860740448349, -172.53835112939257, 73.34139687006599, 174.34730067077288
407.35755974019474, -238.87146819338918, 76.49431500039368, -172.59920972669659, 73.2452372324332, 174.30300622975648
407.35755974019474, -238.87146819338918, 76.49431500039368, -172.59920972669659, 73.2452372324332, 174.30300622975648
407.7132648363366, -238.84321685040865, 77.70269636853068, -172.68808341560253, 73.11878225480709, 174.24461410320973
407.9548850999227, -238.78434936056613, 78.50768225112878, -172.77912330572966, 73.0300985539159, 174.20229867837858
407.9548850999227, -238.78434936056613, 78.50768225112878, -172.77912330572966, 73.0300985539159, 174.20229867837858
408.43078258433275, -238.65172316347582, 79.94802056654457, -172.97013437052183, 72.85414797488222, 174.1260865334374
408.43078258433275, -238.65172316347582, 79.94802056654457, -172.97013437052183, 72.85414797488222, 174.1260865334374
408.7724027087092, -238.5876838258534, 80.90617871600979, -173.1162378013991, 72.73374270458672, 174.08557101435807
409.27866789763004, -238.49928724165048, 82.12063864935357, -173.32223988761513, 72.59110440528028, 174.07184245212935
409.27866789763004, -238.49928724165048, 82.12063864935357, -173.32223988761513, 72.59110440528028, 174.07184245212935
409.518244437023, -238.89196052478496, 83.0831973143404, -173.52866748816248, 72.42092784384238, 174.03245351998618
409.518244437023, -238.89196052478496, 83.0831973143404, -173.52866748816248, 72.42092784384238, 174.03245351998618
409.7707463091322, -239.47554152647783, 84.14336608369487, -173.70835003062194, 72.29045680895666, 174.01767874772926
409.7707463091322, -239.47554152647783, 84.14336608369487, -173.70835003062194, 72.29045680895666, 174.01767874772926
409.90984493950975, -240.1979042540005, 84.96882925694298, -173.89278788326953, 72.1590533284401, 173.99075349058486
409.9525007951797, -240.99722756099183, 85.59661292221217, -174.05076859012115, 72.02949567342542, 173.9614612517583
409.9525007951797, -240.99722756099183, 85.59661292221217, -174.05076859012115, 72.02949567342542, 173.9614612517583
409.7626646763845, -242.18826855866322, 85.95292185264448, -174.26122310815745, 71.8916824822573, 173.91944998863417
409.5195595954473, -243.3444149964497, 85.92953119934455, -174.40267806633278, 71.79305033896493, 173.88575480590882
409.5195595954473, -243.3444149964497, 85.92953119934455, -174.40267806633278, 71.79305033896493, 173.88575480590882
409.18167567368005, -244.74224692815162, 85.85514349234819, -174.5827129610739, 71.69859307554673, 173.850803219437
408.8375122416633, -246.15613214033465, 85.77941545120667, -174.70153224930658, 71.63313772561419, 173.81430197106567
408.8375122416633, -246.15613214033465, 85.77941545120667, -174.70153224930658, 71.63313772561419, 173.81430197106567
408.618843387098, -247.44268447624444, 85.76593727666331, -174.81806108961754, 71.5904381703786, 173.80548842760106
408.618843387098, -247.44268447624444, 85.76593727666331, -174.81806108961754, 71.5904381703786, 173.80548842760106
408.2498799653758, -249.1115381771568, 85.71226800811353, -174.9439340455416, 71.53252224416389, 173.79828544653063
407.8547811477798, -250.83508982660123, 85.6503956687412, -175.06273697989474, 71.48450340978516, 173.79583033425203
407.8547811477798, -250.83508982660123, 85.6503956687412, -175.06273697989474, 71.48450340978516, 173.79583033425203
407.4950912489163, -252.70566635807972, 85.70454195748526, -175.143149027909, 71.46307546148297, 173.8112058289237
407.1671228799595, -254.5846180372362, 85.79726989024486, -175.24104843433173, 71.46834357725703, 173.815333148826
407.1671228799595, -254.5846180372362, 85.79726989024486, -175.24104843433173, 71.46834357725703, 173.815333148826
406.8054874506878, -256.38788612508, 85.86716460549033, -175.31416320860916, 71.465314849609, 173.79920132562887
406.8054874506878, -256.38788612508, 85.86716460549033, -175.31416320860916, 71.465314849609, 173.79920132562887
406.347347137414, -258.70436072160106, 85.93230408452936, -175.42405383162205, 71.46328839965214, 173.77944266633597
406.347347137414, -258.70436072160106, 85.93230408452936, -175.42405383162205, 71.46328839965214, 173.77944266633597
405.996012750809, -260.64346664604165, 85.97823697036414, -175.4444706199962, 71.46774939330392, 173.78178167160686
405.6329613622968, -262.77407899840114, 86.0378566696851, -175.4931560903601, 71.46904921377654, 173.79234419141366
405.6329613622968, -262.77407899840114, 86.0378566696851, -175.4931560903601, 71.46904921377654, 173.79234419141366
405.2448787785785, -264.8161388907733, 86.07425830149376, -175.50862908755292, 71.46680104396621, 173.79234032525983
404.79874301618383, -267.20744414239647, 86.121591169379, -175.5446613815254, 71.46618215734023, 173.8061259532992
404.79874301618383, -267.20744414239647, 86.121591169379, -175.5446613815254, 71.46618215734023, 173.8061259532992
404.3967398177143, -269.1880627281968, 86.18106516697993, -175.55709497280944, 71.46390148332998, 173.79766597908625
404.3967398177143, -269.1880627281968, 86.18106516697993, -175.55709497280944, 71.46390148332998, 173.79766597908625
404.0111438485506, -271.530697270807, 86.27254455416372, -175.60114537604355, 71.46688151664836, 173.79453209573762
403.58143090026556, -273.81968025746534, 86.34846987254231, -175.6084179255642, 71.47069665893962, 173.78513932955494
403.58143090026556, -273.81968025746534, 86.34846987254231, -175.6084179255642, 71.47069665893962, 173.78513932955494
403.2196434407745, -275.7919627052088, 86.40223226306732, -175.62360735984768, 71.4740605824591, 173.7857015460945
402.83513390383416, -277.9286166418041, 86.41869199755894, -175.64656107733228, 71.47129043528567, 173.79061986732825
402.83513390383416, -277.9286166418041, 86.41869199755894, -175.64656107733228, 71.47129043528567, 173.79061986732825
402.52501769410367, -279.54042486919775, 86.46183201269592, -175.64648692484982, 71.46852766686816, 173.78949845904194
402.52501769410367, -279.54042486919775, 86.46183201269592, -175.64648692484982, 71.46852766686816, 173.78949845904194
402.21376172667993, -281.31395319020686, 86.45869091982122, -175.66676052824727, 71.46475924295508, 173.79752278875793
402.21376172667993, -281.31395319020686, 86.45869091982122, -175.66676052824727, 71.46475924295508, 173.79752278875793
401.883260461414, -282.51639792532166, 86.26408909583418, -175.68345470632255, 71.4647661486207, 173.79447777682225
401.5815407380476, -283.36859476504225, 85.84647672808269, -175.71939641222286, 71.4974110940865, 173.7955510744468
401.5815407380476, -283.36859476504225, 85.84647672808269, -175.71939641222286, 71.4974110940865, 173.7955510744468
401.2051504567134, -284.28616745666255, 85.38172293308338, -175.773148416894, 71.61097676781968, 173.8053882785806
401.0461767088461, -284.8211893710284, 84.90565149084354, -175.8167403041139, 71.76706442371511, 173.8659393103293
401.0461767088461, -284.8211893710284, 84.90565149084354, -175.8167403041139, 71.76706442371511, 173.8659393103293
400.75653650449675, -285.10442287029923, 84.11483673979629, -175.86881671233013, 71.90526980589529, 173.9091029390491
400.75653650449675, -285.10442287029923, 84.11483673979629, -175.86881671233013, 71.90526980589529, 173.9091029390491
400.44459376728867, -284.8711602299672, 82.80455605051465, -175.97821454559616, 72.2209075290808, 174.0257788617693
400.2420098226005, -284.51541947076066, 81.70747390887385, -176.0979230494118, 72.45733786403625, 174.1090536701238
400.2420098226005, -284.51541947076066, 81.70747390887385, -176.0979230494118, 72.45733786403625, 174.1090536701238
399.81249519390167, -284.0131522835472, 80.12794557624107, -176.26593440378892, 72.75003681680498, 174.1874994519105
399.81249519390167, -284.0131522835472, 80.12794557624107, -176.26593440378892, 72.75003681680498, 174.1874994519105
399.43671778041255, -283.5512431150106, 78.64647256721462, -176.4458895265795, 73.02396576218753, 174.25215098901847
399.11556874019004, -283.17130133470266, 77.28387628946679, -176.57305892910887, 73.2762410148028, 174.32816022179532
399.11556874019004, -283.17130133470266, 77.28387628946679, -176.57305892910887, 73.2762410148028, 174.32816022179532
398.6334364699571, -282.7123161940822, 75.43084646005519, -176.74058032943785, 73.58806292361321, 174.40581539827284
398.6334364699571, -282.7123161940822, 75.43084646005519, -176.74058032943785, 73.58806292361321, 174.40581539827284
398.08787180781445, -282.3004852020801, 73.54259251045347, -176.92837301068374, 73.81579516221743, 174.42661155226088
397.3930894336294, -281.82771177707247, 70.87212975599225, -177.11589483372566, 74.11385665453393, 174.47650386002033
397.3930894336294, -281.82771177707247, 70.87212975599225, -177.11589483372566, 74.11385665453393, 174.47650386002033
396.57537801584436, -281.3320132394048, 67.92647503706591, -177.33145528840163, 74.3917027629805, 174.5070458127525
396.57537801584436, -281.3320132394048, 67.92647503706591, -177.33145528840163, 74.3917027629805, 174.5070458127525
395.7652500295622, -280.8544965649557, 64.75426714633514, -177.51349776137116, 74.68869257978638, 174.55453399992652
394.9623835502186, -280.4172459118918, 61.538451450530836, -177.6565030820069, 75.00328422986739, 174.63184838116706
394.9623835502186, -280.4172459118918, 61.538451450530836, -177.6565030820069, 75.00328422986739, 174.63184838116706
394.1978616444306, -280.03765191581715, 58.696722712701366, -177.8137904242571, 75.23725840333873, 174.65893043726635
393.541346131978, -279.7659493477925, 55.9765475006527, -177.8978364742235, 75.46336923223652, 174.72525608194846
393.541346131978, -279.7659493477925, 55.9765475006527, -177.8978364742235, 75.46336923223652, 174.72525608194846
392.54555385104436, -279.655097869483, 52.077079215584035, -177.98585471974482, 75.50846832844528, 174.71576361937645
392.54555385104436, -279.655097869483, 52.077079215584035, -177.98585471974482, 75.50846832844528, 174.71576361937645
391.59680995097347, -279.5301636925811, 48.4578249952889, -178.06668091678642, 75.52863354764098, 174.6885270956754
391.59680995097347, -279.5301636925811, 48.4578249952889, -178.06668091678642, 75.52863354764098, 174.6885270956754
390.6208081856777, -279.503684260047, 44.6419456286421, -178.07934450330657, 75.57142413396683, 174.71028218638216
389.5650855409807, -279.4943579520855, 40.651054636156324, -178.11506071538906, 75.59115458630662, 174.69497903252545
389.5650855409807, -279.4943579520855, 40.651054636156324, -178.11506071538906, 75.59115458630662, 174.69497903252545
388.71816346255684, -279.60282542197854, 37.47855810479452, -178.14714221291453, 75.60365300899494, 174.67852966328525
387.93520691804474, -279.82564598001, 34.484534701940355, -178.15191250367124, 75.63208103158183, 174.68901190629282
387.93520691804474, -279.82564598001, 34.484534701940355, -178.15191250367124, 75.63208103158183, 174.68901190629282
387.07514786031254, -280.110367927797, 31.303892023803236, -178.19882848880425, 75.64480325990482, 174.6690694821725
387.07514786031254, -280.110367927797, 31.303892023803236, -178.19882848880425, 75.64480325990482, 174.6690694821725
386.2678462706106, -280.6671335664327, 28.39204332193325, -178.2771452393335, 75.67651879303108, 174.66123681552455
385.4948995830075, -281.5063538540829, 25.865336098748337, -178.37449889193616, 75.74285438783913, 174.65051838755022
385.4948995830075, -281.5063538540829, 25.865336098748337, -178.37449889193616, 75.74285438783913, 174.65051838755022
384.69100888487384, -282.42877014546616, 23.45901208435372, -178.47938711107227, 75.8241335734935, 174.64065281191913
384.69100888487384, -282.42877014546616, 23.45901208435372, -178.47938711107227, 75.8241335734935, 174.64065281191913
383.9320232187485, -283.2965272763537, 21.260157506704903, -178.65405032413761, 75.88108880490321, 174.58236041625673
383.9320232187485, -283.2965272763537, 21.260157506704903, -178.65405032413761, 75.88108880490321, 174.58236041625673
383.6732385252378, -284.11656695202333, 20.482169753853725, -178.6885286757027, 75.97647573835712, 174.6308330728814
383.2432065255729, -284.9820952633933, 19.553180359095233, -178.8076642823682, 76.0367660412841, 174.60161246962068
383.2432065255729, -284.9820952633933, 19.553180359095233, -178.8076642823682, 76.0367660412841, 174.60161246962068
382.8178125579198, -286.1996077541581, 18.462328229201187, -178.92930772385105, 76.12003161820942, 174.5916379704736
382.8178125579198, -286.1996077541581, 18.462328229201187, -178.92930772385105, 76.12003161820942, 174.5916379704736
382.46077468107677, -287.64383228218253, 17.697022080312685, -179.00322917330857, 76.25249427108449, 174.61693792388223
382.09554024911586, -288.82268849957103, 16.853871695290234, -179.12962617237872, 76.35049544806672, 174.59287258638417
382.09554024911586, -288.82268849957103, 16.853871695290234, -179.12962617237872, 76.35049544806672, 174.59287258638417
381.73166917373413, -290.2736074629419, 16.077947175224843, -179.20356563192908, 76.48773114103285, 174.61257358022783
381.53546285296625, -291.2600968604909, 15.516636728938964, -179.28677384936046, 76.60154052102328, 174.63263789594902
381.53546285296625, -291.2600968604909, 15.516636728938964, -179.28677384936046, 76.60154052102328, 174.63263789594902
381.475384420807, -292.04093025193856, 15.63491166254663, -179.35956064809736, 76.72444299981115, 174.65817753746737
381.475384420807, -292.04093025193856, 15.63491166254663, -179.35956064809736, 76.72444299981115, 174.65817753746737
381.511706465448, -292.29860714190613, 15.817197911589503, -179.4194255630609, 76.82955884574355, 174.68463866668546
381.59487275056216, -292.2470549774472, 15.927839040180553, -179.5213859004743, 76.9389272478493, 174.68370226440757
381.59487275056216, -292.2470549774472, 15.927839040180553, -179.5213859004743, 76.9389272478493, 174.68370226440757
381.73761289406866, -292.10218525257466, 16.155853968403054, -179.60627440154332, 77.07534798991978, 174.71482702350335
381.73761289406866, -292.10218525257466, 16.155853968403054, -179.60627440154332, 77.07534798991978, 174.71482702350335
381.83085810486534, -291.93294826274683, 16.319806394665097, -179.71109855803368, 77.2022690676392, 174.71961307009173
381.9189408411549, -291.81079831658946, 16.499039148633404, -179.7662329643225, 77.31304885090034, 174.74637809698632
381.9189408411549, -291.81079831658946, 16.499039148633404, -179.7662329643225, 77.31304885090034, 174.74637809698632
382.00899797854817, -291.6700022040025, 16.743866725777433, -179.83197370087152, 77.44741291351185, 174.77674822863202
382.00899797854817, -291.6700022040025, 16.743866725777433, -179.83197370087152, 77.44741291351185, 174.77674822863202
382.0832523610194, -291.61338056224326, 16.863499787193508, -179.91238711720135, 77.54266996418862, 174.7897664969622
381.99717710631137, -292.22754571756315, 17.15508106260538, 179.9875643593466, 77.67372788750532, 174.80195546849453
381.99717710631137, -292.22754571756315, 17.15508106260538, 179.9875643593466, 77.67372788750532, 174.80195546849453
381.9260003050546, -292.8890703366934, 17.347755544963512, 179.88227391593838, 77.78497677816318, 174.79130988408488
381.9260003050546, -292.8890703366934, 17.347755544963512, 179.88227391593838, 77.78497677816318, 174.79130988408488
381.8795079752967, -293.667066836542, 17.642074267304434, 179.79430391814003, 77.92131856247522, 174.80812126640606
381.7918898976877, -294.39768533171673, 17.832538224771906, 179.65806827611343, 78.04417667800683, 174.7925694340336
381.7918898976877, -294.39768533171673, 17.832538224771906, 179.65806827611343, 78.04417667800683, 174.7925694340336
381.7369758489538, -295.1401785222656, 18.047763807581326, 179.55347682998715, 78.16936346795379, 174.7917663092079
381.7369758489538, -295.1401785222656, 18.047763807581326, 179.55347682998715, 78.16936346795379, 174.7917663092079
381.7359812445074, -295.9219659954361, 18.3186039348561, 179.4669846587864, 78.30695018853007, 174.80867925833064
381.7359812445074, -295.9219659954361, 18.3186039348561, 179.4669846587864, 78.30695018853007, 174.80867925833064
381.68094855260193, -296.4943287349193, 18.420029378348442, 179.34958357551253, 78.4020422411067, 174.78169583746373
381.6558566193034, -297.34792741611506, 18.714355269976668, 179.25837309994043, 78.54783335994944, 174.79748148868865
381.6558566193034, -297.34792741611506, 18.714355269976668, 179.25837309994043, 78.54783335994944, 174.79748148868865
381.6237267578797, -298.2096698809991, 18.903087667037827, 179.14843686941583, 78.67284955906621, 174.7854587010575
381.6237267578797, -298.2096698809991, 18.903087667037827, 179.14843686941583, 78.67284955906621, 174.7854587010575
381.6181692434302, -299.13548659907474, 19.15771094607227, 179.0300614528008, 78.81270617701209, 174.78366935199006
381.64005151339154, -299.92587684424956, 19.350768684214007, 178.94528543848295, 78.91799210648578, 174.78318309117847
381.64005151339154, -299.92587684424956, 19.350768684214007, 178.94528543848295, 78.91799210648578, 174.78318309117847
381.6321783829208, -300.89344222420715, 19.52458096281326, 178.8249301062936, 79.02793071376263, 174.77050234078263
381.6321783829208, -300.89344222420715, 19.52458096281326, 178.8249301062936, 79.02793071376263, 174.77050234078263
381.5898184885628, -302.04028093018655, 19.75102953245728, 178.69220501900094, 79.14468888214213, 174.7685921553562
381.51917087692306, -303.049496081087, 19.83940030555281, 178.56397611624573, 79.20821542466356, 174.72857821418015
381.51917087692306, -303.049496081087, 19.83940030555281, 178.56397611624573, 79.20821542466356, 174.72857821418015
381.43548464545006, -304.3259939034584, 19.891371615239105, 178.41943641315433, 79.22442685011647, 174.71464618896584
381.43548464545006, -304.3259939034584, 19.891371615239105, 178.41943641315433, 79.22442685011647, 174.71464618896584
381.4162965476191, -305.9490318587813, 19.934362434635727, 178.33024670499364, 79.24025961851841, 174.75171528461152
381.28933128121844, -307.52103383357144, 19.945234701830376, 178.24187417104744, 79.24196248640584, 174.75480992637105
381.28933128121844, -307.52103383357144, 19.945234701830376, 178.24187417104744, 79.24196248640584, 174.75480992637105
381.13091907054536, -309.87574700424983, 19.932040477869617, 178.13003401360942, 79.23965281130666, 174.73578649805032
381.13091907054536, -309.87574700424983, 19.932040477869617, 178.13003401360942, 79.23965281130666, 174.73578649805032
381.0011809646139, -312.30643219530265, 19.890457168375757, 178.06573870598743, 79.23932550279794, 174.72331585592642
380.78984030407423, -315.1710574125744, 19.8591571773529, 177.99582931174933, 79.23451818047074, 174.67451179194506
380.78984030407423, -315.1710574125744, 19.8591571773529, 177.99582931174933, 79.23451818047074, 174.67451179194506
380.6879164875907, -317.5475038969653, 19.850565127535912, 177.97184567798706, 79.2349407587588, 174.65916927766347
380.5369835211849, -319.759207092691, 19.872828640508043, 177.96215961111042, 79.23895891741977, 174.65560997919485
380.5369835211849, -319.759207092691, 19.872828640508043, 177.96215961111042, 79.23895891741977, 174.65560997919485
380.41895138962866, -322.5078847718083, 19.889186091322813, 177.98184659540172, 79.24485501362318, 174.6652764626734
380.232171493911, -324.8453139702807, 19.825660326841497, 177.94678676851288, 79.2380965611986, 174.6450445627721
380.232171493911, -324.8453139702807, 19.825660326841497, 177.94678676851288, 79.2380965611986, 174.6450445627721
380.1076500804746, -327.12915033083834, 19.80411188748884, 177.97361024373538, 79.241118030477, 174.66254090273273
380.1076500804746, -327.12915033083834, 19.80411188748884, 177.97361024373538, 79.241118030477, 174.66254090273273
379.9637891421608, -330.05624686700264, 19.75638940003269, 177.9984055393584, 79.24011254800506, 174.68470786165383
379.9637891421608, -330.05624686700264, 19.75638940003269, 177.9984055393584, 79.24011254800506, 174.68470786165383
379.7902956564853, -333.0641592981747, 19.799979270436392, 178.03407533351088, 79.24765103031513, 174.72017638999816
379.66169032930884, -335.6368968365361, 19.765280695768578, 178.01376247156963, 79.24186381730524, 174.70351497056566
379.66169032930884, -335.6368968365361, 19.765280695768578, 178.01376247156963, 79.24186381730524, 174.70351497056566
379.4437011870516, -338.5090829783359, 19.698455052965635, 177.9598376746229, 79.23751590519953, 174.65772401370324
379.3492499557036, -340.79079892365337, 19.696774774683927, 177.97150897807938, 79.24014459648656, 174.66125497374296
379.3492499557036, -340.79079892365337, 19.696774774683927, 177.97150897807938, 79.24014459648656, 174.66125497374296
379.1541864847412, -343.26656225345016, 19.643959200436463, 177.8912090377016, 79.2324799880572, 174.62595280294104
379.1541864847412, -343.26656225345016, 19.643959200436463, 177.8912090377016, 79.2324799880572, 174.62595280294104
379.0689752223286, -345.6135219697463, 19.685266012717168, 177.86882890253239, 79.24646377915795, 174.6698241948037
379.0689752223286, -345.6135219697463, 19.685266012717168, 177.86882890253239, 79.24646377915795, 174.6698241948037
378.785373208456, -347.18763081532586, 18.71744748036999, 177.698093034665, 79.28517427061719, 174.63206625282865
378.785373208456, -347.18763081532586, 18.71744748036999, 177.698093034665, 79.28517427061719, 174.63206625282865
378.4733775907293, -348.4039397640605, 17.35134730746227, 177.52228719870865, 79.4319352171987, 174.62915228943177
378.2280621362053, -349.2336801103536, 16.452424576602482, 177.34869842588134, 79.62864442536103, 174.61327627350965
378.2280621362053, -349.2336801103536, 16.452424576602482, 177.34869842588134, 79.62864442536103, 174.61327627350965
378.00513905948196, -349.2369782249904, 14.90184206316786, 177.06299694281964, 79.92448025991139, 174.55689080057005
377.8483675922173, -348.80278881422566, 13.469422600526887, 176.80793292249152, 80.19994979940115, 174.5176755178067
377.8483675922173, -348.80278881422566, 13.469422600526887, 176.80793292249152, 80.19994979940115, 174.5176755178067
377.6380652888374, -348.3865738610852, 11.885603219322556, 176.51724189257183, 80.52044633611767, 174.47324156319087
377.6380652888374, -348.3865738610852, 11.885603219322556, 176.51724189257183, 80.52044633611767, 174.47324156319087
377.4342135582103, -347.98093715886864, 10.280483264392542, 176.1787720743802, 80.82944257354674, 174.3603122295625
377.2827596449152, -347.64593631875584, 9.032792097091985, 175.87573260994918, 81.08514210634948, 174.25584237609434
377.2827596449152, -347.64593631875584, 9.032792097091985, 175.87573260994918, 81.08514210634948, 174.25584237609434
377.1115025083942, -347.25992157797003, 7.708321582246714, 175.58785133480325, 81.32822780624231, 174.1684264187608
377.1115025083942, -347.25992157797003, 7.708321582246714, 175.58785133480325, 81.32822780624231, 174.1684264187608
376.87504731093924, -346.83897791604164, 6.0296027931329705, 175.25548035654876, 81.63579892944738, 174.06102905970542
376.5828724236081, -346.3884485762978, 3.9814579550884464, 174.81127551599002, 81.91312084630272, 173.84443165571216
376.5828724236081, -346.3884485762978, 3.9814579550884464, 174.81127551599002, 81.91312084630272, 173.84443165571216
376.2568326627048, -345.95792858821915, 1.4978372779412552, 174.40867066823913, 82.22999355042677, 173.67115859492426
376.2568326627048, -345.95792858821915, 1.4978372779412552, 174.40867066823913, 82.22999355042677, 173.67115859492426
375.8884197874419, -345.49856122272615, -1.2702983571108997, 173.98288098174288, 82.53306488218534, 173.47994846391217
375.8884197874419, -345.49856122272615, -1.2702983571108997, 173.98288098174288, 82.53306488218534, 173.47994846391217
375.50207673200106, -345.02065343828684, -4.368902805219955, 173.47520172647975, 82.84531330385104, 173.218167438289
375.0763906203527, -344.6318743064607, -7.988087387777343, 172.9270687516959, 83.1564128711236, 172.89748459798417
375.0763906203527, -344.6318743064607, -7.988087387777343, 172.9270687516959, 83.1564128711236, 172.89748459798417
374.56466847576155, -344.22686831130767, -12.42664513791733, 172.44509556106627, 83.47498468146392, 172.66081149506329
374.56466847576155, -344.22686831130767, -12.42664513791733, 172.44509556106627, 83.47498468146392, 172.66081149506329
374.05176157258006, -343.9408458728176, -16.248137031982328, 171.9162125219252, 83.70962109015362, 172.30186631875065
373.65511736545983, -343.66297265263836, -20.002238973015064, 171.40890604501953, 83.95692948566553, 171.9733313830194
373.65511736545983, -343.66297265263836, -20.002238973015064, 171.40890604501953, 83.95692948566553, 171.9733313830194
373.10210893639595, -343.2782008124033, -24.928110163597722, 170.68641388450067, 84.25780104291398, 171.48421739896605
373.10210893639595, -343.2782008124033, -24.928110163597722, 170.68641388450067, 84.25780104291398, 171.48421739896605
372.6259321295567, -343.00362814163253, -29.383060158363698, 170.11482428223243, 84.53687080810383, 171.0979761846852
372.1151880159704, -342.6499495241196, -34.336233568267204, 169.24012315677675, 84.8276127333283, 170.45753108979466
372.1151880159704, -342.6499495241196, -34.336233568267204, 169.24012315677675, 84.8276127333283, 170.45753108979466
371.563581157077, -342.5644826615995, -39.322353013883166, 168.2220585795733, 85.11647904586361, 169.65043870719512
371.563581157077, -342.5644826615995, -39.322353013883166, 168.2220585795733, 85.11647904586361, 169.65043870719512
371.05040069992856, -342.5938096430735, -44.330989604575876, 167.10141374198642, 85.39345887660309, 168.74681954665024
371.05040069992856, -342.5938096430735, -44.330989604575876, 167.10141374198642, 85.39345887660309, 168.74681954665024
370.75849601496896, -343.37738066290854, -48.45051324278507, 165.95716326075691, 85.69065575228475, 167.80921671499647
370.5924549433842, -344.6822521518426, -50.72840890256238, 164.79693086337605, 85.91641887228275, 166.81698326768213
370.5924549433842, -344.6822521518426, -50.72840890256238, 164.79693086337605, 85.91641887228275, 166.81698326768213
370.4124695207048, -346.7265699632578, -53.281486558677564, 163.38780557814613, 86.20750426600695, 165.60070967587598
370.4124695207048, -346.7265699632578, -53.281486558677564, 163.38780557814613, 86.20750426600695, 165.60070967587598
370.51201880365926, -348.50564256743553, -54.9873410430032, 162.38773549997433, 86.46031151552542, 164.7898384417637
370.3449076436987, -351.025512149152, -57.507350353718756, 160.26782135906487, 86.71971754971514, 162.85306602816257
370.3449076436987, -351.025512149152, -57.507350353718756, 160.26782135906487, 86.71971754971514, 162.85306602816257
370.4073875965294, -354.5212253293046, -59.35445283009754, 158.12861431509526, 86.9798838592941, 160.9231116428754
370.4073875965294, -354.5212253293046, -59.35445283009754, 158.12861431509526, 86.9798838592941, 160.9231116428754
370.65627417207537, -358.75867363436186, -60.30425597909722, 156.45088955866137, 87.23329654799375, 159.44569565547457
370.7704732027675, -362.6638842147862, -61.374208180953104, 154.67463939238917, 87.37702898009294, 157.82308521371576
370.7704732027675, -362.6638842147862, -61.374208180953104, 154.67463939238917, 87.37702898009294, 157.82308521371576
370.9143353427963, -367.2455518116368, -62.456298879637366, 152.8743545796922, 87.52327925708532, 156.1499126000631
370.9143353427963, -367.2455518116368, -62.456298879637366, 152.8743545796922, 87.52327925708532, 156.1499126000631
371.3019979147288, -371.9155826311311, -63.48686335857087, 151.5484263021753, 87.65592637495408, 154.93921444254983
371.3019979147288, -371.9155826311311, -63.48686335857087, 151.5484263021753, 87.65592637495408, 154.93921444254983
371.4471978152879, -376.76120913385785, -64.8398766351275, 150.60527673795548, 87.70394322133812, 154.0358284727786
371.4471978152879, -376.76120913385785, -64.8398766351275, 150.60527673795548, 87.70394322133812, 154.0358284727786
371.6584449013073, -381.48289879371833, -66.35748257818805, 150.22731436904505, 87.67806658774822, 153.68970551575003
371.9625912552859, -385.51008612246096, -67.30393972732615, 150.35860069095492, 87.70495658065931, 153.8153007466225
371.9625912552859, -385.51008612246096, -67.30393972732615, 150.35860069095492, 87.70495658065931, 153.8153007466225
372.15018085629, -390.35765629335083, -68.83996019812486, 150.19408639425737, 87.69314866420103, 153.65370389621944
372.15018085629, -390.35765629335083, -68.83996019812486, 150.19408639425737, 87.69314866420103, 153.65370389621944
372.4145742725799, -395.2337230024626, -71.2930745518279, 150.28679225637484, 87.70721946712021, 153.74183065178474
372.4145742725799, -395.2337230024626, -71.2930745518279, 150.28679225637484, 87.70721946712021, 153.74183065178474
372.6564833171924, -399.8289496771501, -74.48384246367556, 150.4219579532858, 87.7232503945162, 153.87717219533135
372.6362875118715, -404.01862759606786, -79.3333249831323, 150.27768151426622, 87.70616714080107, 153.7251994677271
372.6362875118715, -404.01862759606786, -79.3333249831323, 150.27768151426622, 87.70616714080107, 153.7251994677271
372.6169339502246, -407.4537635653791, -85.21756090314581, 150.0484708220965, 87.67978189128904, 153.50156817453293
372.6169339502246, -407.4537635653791, -85.21756090314581, 150.0484708220965, 87.67978189128904, 153.50156817453293
372.6892547877445, -409.9758992238807, -89.5819816071587, 149.94295577294608, 87.75136877088228, 153.38740983827196
372.50645525344976, -411.97395294899866, -96.00203663929851, 148.11351621301787, 87.81806274329004, 151.5776363066323
372.50645525344976, -411.97395294899866, -96.00203663929851, 148.11351621301787, 87.81806274329004, 151.5776363066323
372.44077496530934, -413.1430031165652, -102.04701056555561, 145.9332046781319, 87.96208359409438, 149.43333811709977
372.44077496530934, -413.1430031165652, -102.04701056555561, 145.9332046781319, 87.96208359409438, 149.43333811709977
372.34324293327484, -413.98893041931115, -107.58381696289274, 143.47896117644558, 88.0909707985275, 147.0089297779683
372.1704152412993, -414.5847991501103, -112.70180035355125, 140.7181394645839, 88.18940389252299, 144.27137202375368
372.1704152412993, -414.5847991501103, -112.70180035355125, 140.7181394645839, 88.18940389252299, 144.27137202375368
372.14330894560874, -415.4965290323391, -118.72106585273649, 136.8236875975637, 88.33982952700194, 140.39380704109516
371.9552097614719, -415.9941059326665, -123.67366530838683, 133.22604735499203, 88.41289974211372, 136.8061166679299
371.9552097614719, -415.9941059326665, -123.67366530838683, 133.22604735499203, 88.41289974211372, 136.8061166679299
371.9647603428035, -416.78682179637417, -129.6768774683702, 127.90599321949693, 88.56534359459894, 131.51103317197672
371.9647603428035, -416.78682179637417, -129.6768774683702, 127.90599321949693, 88.56534359459894, 131.51103317197672
371.925104976234, -417.30454541649925, -135.26561424814724, 121.7712666070421, 88.65863072481714, 125.41153244053493
371.84453897288967, -417.83021027451866, -140.26595620100076, 115.38797690960577, 88.7278873347449, 119.05562246325422
371.84453897288967, -417.83021027451866, -140.26595620100076, 115.38797690960577, 88.7278873347449, 119.05562246325422
371.9419663576662, -418.44116933919173, -146.1945027348753, 106.48526266267358, 88.81388528880733, 110.1951515224127
371.9419663576662, -418.44116933919173, -146.1945027348753, 106.48526266267358, 88.81388528880733, 110.1951515224127
371.4238538657106, -418.2121167176194, -148.65730555477356, 106.6353605830864, 88.70169961559186, 110.35895549551685
371.81136997584616, -418.8215882726637, -148.29117614264524, 103.50805494034584, 88.82882257353927, 107.20599449605706
371.81136997584616, -418.8215882726637, -148.29117614264524, 103.50805494034584, 88.82882257353927, 107.20599449605706
372.09873930776405, -418.9604184267771, -147.85759247771094, 102.33183119017278, 88.87698275762715, 106.04980349292981
372.09873930776405, -418.9604184267771, -147.85759247771094, 102.33183119017278, 88.87698275762715, 106.04980349292981
371.61234400127455, -418.67129321968775, -148.4812121984067, 104.57240715571751, 88.78603750093004, 108.28164288288664
371.716591020459, -418.6922485552803, -148.36565240447806, 104.27547575576557, 88.7993211611366, 107.99632270375996
371.716591020459, -418.6922485552803, -148.36565240447806, 104.27547575576557, 88.7993211611366, 107.99632270375996
371.8022635382444, -418.8362836970949, -148.14686569759544, 103.62846553946827, 88.82679405908004, 107.34139303635186
371.70190138400096, -418.7031306206772, -148.409146105642, 104.28762393461207, 88.79854261573544, 108.00410318776296
371.70190138400096, -418.7031306206772, -148.409146105642, 104.28762393461207, 88.79854261573544, 108.00410318776296
371.7333298756819, -418.769674157766, -148.29701162757473, 104.01285576301856, 88.81044333557304, 107.72482593364133
371.7333298756819, -418.769674157766, -148.29701162757473, 104.01285576301856, 88.81044333557304, 107.72482593364133
371.7268647339101, -418.7362336161915, -148.3412648303344, 104.12423459923637, 88.805767297094, 107.83944602531908
371.7268647339101, -418.7362336161915, -148.3412648303344, 104.12423459923637, 88.805767297094, 107.83944602531908
371.6757580764817, -418.73584562660255, -148.4127209926414, 104.23733954939553, 88.80069422066168, 107.94861517204468
371.6757580764817, -418.73584562660255, -148.4127209926414, 104.23733954939553, 88.80069422066168, 107.94861517204468
371.74695130498037, -418.7618541362321, -148.3147646407917, 103.94150346052645, 88.81336295156235, 107.65697552726522
371.7844377287748, -418.83283203791063, -148.198960137181, 103.61832748967727, 88.82657470794233, 107.33039670073252
371.7844377287748, -418.83283203791063, -148.198960137181, 103.61832748967727, 88.82657470794233, 107.33039670073252
371.6415828371038, -418.67269984966657, -148.509163820044, 104.51758955868864, 88.78836619519733, 108.23120148214242
371.7586345494866, -418.8120957959307, -148.24024364705704, 103.45536863518853, 88.82719589902223, 107.16723090853527
371.7586345494866, -418.8120957959307, -148.24024364705704, 103.45536863518853, 88.82719589902223, 107.16723090853527
371.8067856569408, -418.8134719323282, -148.0425365764512, 96.81500559786743, 88.84478726030785, 100.53568868039446
371.8067856569408, -418.8134719323282, -148.0425365764512, 96.81500559786743, 88.84478726030785, 100.53568868039446
371.71323387040366, -418.7296673830763, -148.17342678474776, 98.50214033445738, 88.83360282493267, 102.22170169127756
371.71323387040366, -418.7296673830763, -148.17342678474776, 98.50214033445738, 88.83360282493267, 102.22170169127756
371.8483160541435, -418.860183421575, -147.91353569844412, 97.7570745012948, 88.86482007708868, 101.4768001176059
371.7335359960081, -418.7678326543015, -148.1378021498913, 98.67160560734719, 88.8374454287345, 102.38875565485336
371.7335359960081, -418.7678326543015, -148.1378021498913, 98.67160560734719, 88.8374454287345, 102.38875565485336
371.7541712406002, -418.7775317940761, -148.12461617060245, 98.57994595873197, 88.8412357447302, 102.29755930154485
371.83203133834047, -418.8607953900934, -147.8548496962621, 98.10985200436609, 88.85675959407828, 101.82713033783587
371.83203133834047, -418.8607953900934, -147.8548496962621, 98.10985200436609, 88.85675959407828, 101.82713033783587
371.80852386672314, -418.8359881463094, -147.34400204753743, 98.50158736544768, 88.844027753515, 102.21921350687992
371.80852386672314, -418.8359881463094, -147.34400204753743, 98.50158736544768, 88.844027753515, 102.21921350687992
371.83653887447855, -418.86671083191374, -145.85287375370072, 98.46711190018985, 88.84513174401808, 102.1851837298105
371.90544474525547, -418.93026026354505, -143.53715617438556, 98.22607532836767, 88.85308303387474, 101.94528739093491
371.90544474525547, -418.93026026354505, -143.53715617438556, 98.22607532836767, 88.85308303387474, 101.94528739093491
371.90916778878955, -418.9621937839045, -141.12366193682638, 98.31885737320191, 88.8501426782338, 102.03565137246997
371.90916778878955, -418.9621937839045, -141.12366193682638, 98.31885737320191, 88.8501426782338, 102.03565137246997
371.96905042420605, -419.0084274257345, -138.56010139226743, 98.27846141544107, 88.85142668442823, 101.99635072336464
372.0453048531814, -419.11101935027034, -135.7750658101028, 97.97625315548416, 88.8611824141207, 101.69246372707467
372.0453048531814, -419.11101935027034, -135.7750658101028, 97.97625315548416, 88.8611824141207, 101.69246372707467
372.0239225225328, -419.0744450503243, -132.5099045034773, 98.49692379992022, 88.84442827241749, 102.21542508925035
372.0239225225328, -419.0744450503243, -132.5099045034773, 98.49692379992022, 88.84442827241749, 102.21542508925035
372.06830435297815, -419.17754161685275, -128.32108741868828, 98.34884156138732, 88.84943330366103, 102.06345193481124
372.06830435297815, -419.17754161685275, -128.32108741868828, 98.34884156138732, 88.84943330366103, 102.06345193481124
372.1824823379901, -419.29974367279124, -123.7064212214928, 97.96537301616401, 88.86176893915952, 101.68028169559577
372.2002870778099, -419.37843878979993, -120.62133355879342, 97.66767026935483, 88.87091623981243, 101.38025297462485
372.2002870778099, -419.37843878979993, -120.62133355879342, 97.66767026935483, 88.87091623981243, 101.38025297462485
372.1705108270348, -419.34097806175953, -118.32535596902929, 98.33831152313981, 88.84999481299636, 102.05335948432601
372.1705108270348, -419.34097806175953, -118.32535596902929, 98.33831152313981, 88.84999481299636, 102.05335948432601
372.29828100924266, -419.5293378746305, -115.53461110266929, 97.29641103983158, 88.88181653489107, 101.00796967910955
372.29828100924266, -419.5293378746305, -115.53461110266929, 97.29641103983158, 88.88181653489107, 101.00796967910955
372.27364176317064, -419.4971124945635, -114.5569912962854, 97.61750996751046, 88.87213963481048, 101.33162002240068
372.2485439710709, -419.5181213951332, -114.41325075127293, 97.67318372025264, 88.87071397870504, 101.38336587347258
372.2485439710709, -419.5181213951332, -114.41325075127293, 97.67318372025264, 88.87071397870504, 101.38336587347258
372.21746516774687, -419.4634786521714, -114.48232466316756, 99.32413694701026, 88.86250824066528, 103.03649310308694
372.21746516774687, -419.4634786521714, -114.48232466316756, 99.32413694701026, 88.86250824066528, 103.03649310308694
372.1666679333406, -419.4570860926561, -114.54513622624721, 103.55631686523698, 88.85001725741436, 107.26497839865056
372.1120707116377, -419.3752026582137, -114.77813031219978, 107.78591623644074, 88.81433167615002, 111.49684984781383
372.1120707116377, -419.3752026582137, -114.77813031219978, 107.78591623644074, 88.81433167615002, 111.49684984781383
372.09987758873973, -419.3793293359481, -114.82473462173408, 112.3182483399947, 88.788961133325, 116.02711720296611
372.09987758873973, -419.3793293359481, -114.82473462173408, 112.3182483399947, 88.788961133325, 116.02711720296611
371.89581076575996, -419.0444232371081, -115.09882159659983, 117.74044252194516, 88.72036952814514, 121.44872577065364
371.89581076575996, -419.0444232371081, -115.09882159659983, 117.74044252194516, 88.72036952814514, 121.44872577065364
371.7081369344895, -418.64058665869055, -115.3912770984041, 124.17794159369156, 88.63444730825447, 127.88126754088333
371.6519124849876, -418.2895896651321, -115.61241510815731, 129.36246338911243, 88.54464785471747, 133.06893688842842
371.6519124849876, -418.2895896651321, -115.61241510815731, 129.36246338911243, 88.54464785471747, 133.06893688842842
371.4761130338023, -417.8330645740633, -115.84802923314484, 134.59626146742775, 88.38924298594854, 138.29829230424846
371.446815120717, -417.1103797631557, -114.52853413129773, 139.68107462546786, 88.21539928573367, 143.3843197166546
371.446815120717, -417.1103797631557, -114.52853413129773, 139.68107462546786, 88.21539928573367, 143.3843197166546
371.4916436666028, -416.0999304969102, -112.12568405061864, 144.27650701293362, 88.07556468492793, 147.96685155690787
371.4916436666028, -416.0999304969102, -112.12568405061864, 144.27650701293362, 88.07556468492793, 147.96685155690787
371.4047813533251, -414.8561715257399, -110.3810701482801, 146.9553800401234, 87.90022372968455, 150.64390575842583
371.39475584025104, -413.2630604675277, -107.9025867650957, 150.1418383565497, 87.72044543324101, 153.81959562054084
371.39475584025104, -413.2630604675277, -107.9025867650957, 150.1418383565497, 87.72044543324101, 153.81959562054084
371.3799199085552, -411.9171166245985, -106.02044590064655, 152.38029750520596, 87.57510872120814, 156.05694230907912
371.3799199085552, -411.9171166245985, -106.02044590064655, 152.38029750520596, 87.57510872120814, 156.05694230907912
371.367317715754, -410.1717464534585, -103.64556191743736, 154.51814915843335, 87.38269632928082, 158.20792350905987
371.30769673907525, -408.37799115114694, -101.54260274497561, 156.1713645743305, 87.17712943984027, 159.8658523930536
371.30769673907525, -408.37799115114694, -101.54260274497561, 156.1713645743305, 87.17712943984027, 159.8658523930536
371.29461261864947, -406.35184220735175, -99.13736031315182, 158.05895897258893, 86.98391960613216, 161.74149668361486
371.29461261864947, -406.35184220735175, -99.13736031315182, 158.05895897258893, 86.98391960613216, 161.74149668361486
371.2633873216352, -404.06415568891276, -96.94253110859322, 159.51531789736208, 86.77576530287664, 163.19185323929992
371.2369392190081, -401.8664840595444, -95.00370676428372, 160.44040032023022, 86.6110076162797, 164.13432476763634
371.2369392190081, -401.8664840595444, -95.00370676428372, 160.44040032023022, 86.6110076162797, 164.13432476763634
371.18269233176113, -399.0946847247957, -92.79762503268651, 161.47191964370694, 86.4163332418305, 165.15840031694688
371.18269233176113, -399.0946847247957, -92.79762503268651, 161.47191964370694, 86.4163332418305, 165.15840031694688
371.17426627213223, -396.8554713519438, -90.94974510976634, 162.4130577450663, 86.27726879774397, 166.09617290311033
371.17426627213223, -396.8554713519438, -90.94974510976634, 162.4130577450663, 86.27726879774397, 166.09617290311033
371.16228285013983, -393.38376322584827, -88.2291456963254, 163.45154491331283, 86.07244547878649, 167.1560728278823
371.05421517251835, -391.0766706278132, -86.6934920208842, 163.80428189711662, 85.94212902091328, 167.49819291788785
371.05421517251835, -391.0766706278132, -86.6934920208842, 163.80428189711662, 85.94212902091328, 167.49819291788785
370.9377097241393, -388.4968958271179, -85.28528318191069, 164.04510413178068, 85.86228066287012, 167.72212616447442
370.9377097241393, -388.4968958271179, -85.28528318191069, 164.04510413178068, 85.86228066287012, 167.72212616447442
370.93764780909544, -385.5935449171042, -83.7448194128711, 164.34704175000132, 85.82162504558879, 168.0362565577038
370.7486827362163, -383.1451872176523, -82.87270680478682, 164.21116052072387, 85.7577146021088, 167.90258131735348
370.7486827362163, -383.1451872176523, -82.87270680478682, 164.21116052072387, 85.7577146021088, 167.90258131735348
370.76155697250147, -380.3307609836071, -81.44302086303097, 164.48875824411277, 85.73291722808031, 168.17614366816605
370.617172001177, -378.0689120711497, -80.44989627878725, 164.56685183807616, 85.702911690798, 168.25507259908468
370.617172001177, -378.0689120711497, -80.44989627878725, 164.56685183807616, 85.702911690798, 168.25507259908468
370.5048366510876, -375.1879603724517, -79.28219872864985, 164.58515167386267, 85.6860212017151, 168.24951178534414
370.5048366510876, -375.1879603724517, -79.28219872864985, 164.58515167386267, 85.6860212017151, 168.24951178534414
370.5351475243398, -372.8719209015591, -78.12676434123573, 164.98081310980166, 85.72085699755903, 168.57060571088275
370.35375775236633, -370.10736839757044, -77.31491034688895, 164.95318971722713, 85.70298184203324, 168.44051730101017
370.35375775236633, -370.10736839757044, -77.31491034688895, 164.95318971722713, 85.70298184203324, 168.44051730101017
370.24907737282314, -367.9534825936591, -76.59990888564822, 165.05534751121314, 85.69901806192797, 168.4325831340093
370.19694244779953, -366.05604618790477, -76.10736821007094, 165.2039515623825, 85.70375374557356, 168.4858203270373
370.19694244779953, -366.05604618790477, -76.10736821007094, 165.2039515623825, 85.70375374557356, 168.4858203270373
370.08018356947116, -363.57068558394656, -75.84883323602547, 165.39475220780264, 85.70162775721883, 168.50667091838642
370.08018356947116, -363.57068558394656, -75.84883323602547, 165.39475220780264, 85.70162775721883, 168.50667091838642
370.055654109203, -361.82276109242713, -75.83058311665906, 165.51982548126563, 85.69569138864554, 168.4972902258713
370.055654109203, -361.82276109242713, -75.83058311665906, 165.51982548126563, 85.69569138864554, 168.4972902258713
370.0003121266889, -361.6680843009351, -75.79113228919296, 165.7380022263568, 85.69713957650876, 168.53190810608038
370.0003121266889, -361.6680843009351, -75.79113228919296, 165.7380022263568, 85.69713957650876, 168.53190810608038
370.01667110646355, -361.9718244203446, -75.81517110133233, 165.9026164315289, 85.69356670760308, 168.51955511765192
370.0392034303321, -362.2562258798098, -75.82194526512382, 166.08230009173576, 85.69580662869606, 168.54523077000434
370.0392034303321, -362.2562258798098, -75.82194526512382, 166.08230009173576, 85.69580662869606, 168.54523077000434
370.08144078063276, -362.58192830440277, -75.79718912281282, 166.30636946650887, 85.70131122979971, 168.59057054347255
370.1007424729725, -362.9198219602946, -75.7896564785782, 166.52179691205222, 85.70382693658699, 168.6234726128649
370.1007424729725, -362.9198219602946, -75.7896564785782, 166.52179691205222, 85.70382693658699, 168.6234726128649
370.112957869105, -363.31641642303094, -75.83464358655709, 166.7364747700798, 85.70052454401056, 168.6062640602582
370.112957869105, -363.31641642303094, -75.83464358655709, 166.7364747700798, 85.70052454401056, 168.6062640602582
370.16671116849363, -363.76602226584885, -75.75637409148369, 167.06797609129592, 85.71238729449202, 168.70012218448707
370.17633209159226, -364.07068112849794, -75.77065660744884, 167.2442084303329, 85.7109346936788, 168.6986748864966
370.17633209159226, -364.07068112849794, -75.77065660744884, 167.2442084303329, 85.7109346936788, 168.6986748864966
370.18164789850647, -364.54633748858566, -75.80020162419724, 167.51059907314882, 85.70979036612361, 168.69107695384818
370.18164789850647, -364.54633748858566, -75.80020162419724, 167.51059907314882, 85.70979036612361, 168.69107695384818
370.21737513497413, -364.9526904198536, -75.76215589349161, 167.79642644529324, 85.71719352017608, 168.7554808839489
370.21737513497413, -364.9526904198536, -75.76215589349161, 167.79642644529324, 85.71719352017608, 168.7554808839489
370.21147087295975, -365.39894921480254, -75.78999563527569, 168.04786293660194, 85.71483970553253, 168.74780706590656
370.22385747407236, -365.84768234583385, -75.79925026290171, 168.31929199459515, 85.71550224015031, 168.76487691252262
370.22385747407236, -365.84768234583385, -75.79925026290171, 168.31929199459515, 85.71550224015031, 168.76487691252262
370.21058491020773, -365.9017541017491, -75.75891993319992, 168.6599782008855, 85.72637765474235, 168.8466057127539
370.21058491020773, -365.9017541017491, -75.75891993319992, 168.6599782008855, 85.72637765474235, 168.8466057127539
370.1524725897941, -364.185762910243, -75.82276278419565, 168.83309905748288, 85.71401401433403, 168.7699193530573
370.1524725897941, -364.185762910243, -75.82276278419565, 168.83309905748288, 85.71401401433403, 168.7699193530573
370.15233936683376, -361.75172328775903, -75.73829846655619, 169.15040577281354, 85.72150051390862, 168.81674736406467
370.10058514505175, -359.1679375549259, -75.8247354741686, 169.19239328255344, 85.7027837329345, 168.6761697239833
370.10058514505175, -359.1679375549259, -75.8247354741686, 169.19239328255344, 85.7027837329345, 168.6761697239833
370.1612813803863, -355.76754186756034, -75.65935835329215, 169.54332048349053, 85.71982774486666, 168.77467509599424
370.1612813803863, -355.76754186756034, -75.65935835329215, 169.54332048349053, 85.71982774486666, 168.77467509599424
370.28641690712914, -352.06677358361736, -75.59127031326861, 169.7878493436301, 85.72282556237943, 168.77217148498954
370.2604374231868, -349.02010949041915, -75.61511319467532, 169.86118692559992, 85.70994533941095, 168.63830224617527
370.2604374231868, -349.02010949041915, -75.61511319467532, 169.86118692559992, 85.70994533941095, 168.63830224617527
370.4002816770888, -345.6565968258772, -75.49532000076263, 170.10805547540647, 85.71768219858932, 168.65911654932077
370.3945417633471, -342.867003053813, -75.57488938621556, 170.22181168803124, 85.70994214340367, 168.57335731804696
370.3945417633471, -342.867003053813, -75.57488938621556, 170.22181168803124, 85.70994214340367, 168.57335731804696
370.49869773927566, -339.0284763362853, -75.53608059139668, 170.4136892419677, 85.70235136372497, 168.52785914564154
370.49869773927566, -339.0284763362853, -75.53608059139668, 170.4136892419677, 85.70235136372497, 168.52785914564154
370.660345208725, -335.93858922463426, -75.42070746178645, 170.64485257225508, 85.70990582663305, 168.57790339988009
370.75741619785896, -332.06940887991544, -75.40310136394349, 170.97049072322662, 85.71292282584048, 168.6253211892614
370.75741619785896, -332.06940887991544, -75.40310136394349, 170.97049072322662, 85.71292282584048, 168.6253211892614
370.94768150479985, -328.532192544361, -75.33248304964162, 171.24741861422646, 85.71569454529237, 168.677575780638
370.94768150479985, -328.532192544361, -75.33248304964162, 171.24741861422646, 85.71569454529237, 168.677575780638
371.1071119474541, -324.3655344660864, -75.28936613002736, 171.53495643961696, 85.71561255324434, 168.71801649302657
371.1071119474541, -324.3655344660864, -75.28936613002736, 171.53495643961696, 85.71561255324434, 168.71801649302657
371.2945373893454, -320.46817745700884, -75.32703655325305, 171.81140362193247, 85.70958811291395, 168.73608468490556
371.5348423292323, -317.26088203002695, -75.22959787650241, 172.11299209857253, 85.72416891181679, 168.84189755711455
371.5348423292323, -317.26088203002695, -75.22959787650241, 172.11299209857253, 85.72416891181679, 168.84189755711455
371.71084359486105, -313.21748378449263, -75.21752820092298, 172.33097128839538, 85.71178881406883, 168.79711427674212
371.963681923035, -310.56943659263777, -75.04068384033182, 172.61877678044792, 85.73394213690231, 168.89853041954368
371.963681923035, -310.56943659263777, -75.04068384033182, 172.61877678044792, 85.73394213690231, 168.89853041954368
372.26425690821236, -306.5380461074456, -74.999992631497, 172.8621312275311, 85.73186387920964, 168.8902126654283
372.26425690821236, -306.5380461074456, -74.999992631497, 172.8621312275311, 85.73186387920964, 168.8902126654283
372.38512740000203, -302.4966768110387, -74.83017090293296, 172.94893724975714, 85.70500359381457, 168.68787718352172
372.78115388743106, -298.5596452215456, -74.55804294044324, 173.20241957452563, 85.71157843338723, 168.67569692329488
372.78115388743106, -298.5596452215456, -74.55804294044324, 173.20241957452563, 85.71157843338723, 168.67569692329488
373.1946341095179, -295.11429436734454, -74.17759218302106, 173.6342152980806, 85.74371222449531, 168.81741422468883
373.1946341095179, -295.11429436734454, -74.17759218302106, 173.6342152980806, 85.74371222449531, 168.81741422468883
373.3761059281195, -291.50497426115885, -73.97437908368664, 173.66132961544534, 85.70912817064358, 168.65344284284697
373.3761059281195, -291.50497426115885, -73.97437908368664, 173.66132961544534, 85.70912817064358, 168.65344284284697
373.76437278115816, -289.0744412369855, -73.64798780174134, 174.04876431388587, 85.74180224057628, 168.8029455302707
374.10598400619756, -285.3369850732008, -73.31355189984286, 174.3658122674606, 85.73763308781291, 168.83119069058534
374.10598400619756, -285.3369850732008, -73.31355189984286, 174.3658122674606, 85.73763308781291, 168.83119069058534
374.3552566088366, -282.03902226901, -73.00101867105317, 174.68568215405145, 85.72515769544988, 168.80786093816297
374.3552566088366, -282.03902226901, -73.00101867105317, 174.68568215405145, 85.72515769544988, 168.80786093816297
374.63728132140335, -280.1622140570539, -72.9506025716241, 175.02866991320545, 85.72984564804543, 168.86841312284142
374.57923014523664, -281.26590189271076, -72.78431877041054, 175.52333024824463, 85.75526148941286, 168.9915240452987
374.57923014523664, -281.26590189271076, -72.78431877041054, 175.52333024824463, 85.75526148941286, 168.9915240452987
374.50101107874826, -281.7375946878225, -72.91826386546929, 175.79985203660814, 85.73615142979327, 168.92989380945704
374.50101107874826, -281.7375946878225, -72.91826386546929, 175.79985203660814, 85.73615142979327, 168.92989380945704
374.41627588386655, -282.3750387964906, -72.78659862195249, 176.20862701243954, 85.75100174550396, 169.00537967544903
374.41627588386655, -282.3750387964906, -72.78659862195249, 176.20862701243954, 85.75100174550396, 169.00537967544903
374.3772917408319, -282.78086863765566, -72.87027888712741, 176.44708731865302, 85.74377861296, 168.98824801252516
374.28995439038846, -283.5604985436534, -72.78073410274166, 176.93520082069074, 85.75528070934524, 169.04820537209375
374.28995439038846, -283.5604985436534, -72.78073410274166, 176.93520082069074, 85.75528070934524, 169.04820537209375
374.2409581300692, -283.92932470136066, -72.87091668506407, 177.13682017386057, 85.74613122954493, 169.00879900054696
374.2409581300692, -283.92932470136066, -72.87091668506407, 177.13682017386057, 85.74613122954493, 169.00879900054696
374.16210602716666, -284.44229429245866, -72.82978041825714, 177.44418888248086, 85.74949590224388, 169.03173315754378
374.0909930979419, -284.9348395059883, -72.86239452379684, 177.72614649607962, 85.74636213445011, 169.02321921055355
374.0909930979419, -284.9348395059883, -72.86239452379684, 177.72614649607962, 85.74636213445011, 169.02321921055355
374.0212316571053, -285.5631135074995, -72.80431013691874, 178.1223776867713, 85.75580963434388, 169.0720524483947
374.0212316571053, -285.5631135074995, -72.80431013691874, 178.1223776867713, 85.75580963434388, 169.0720524483947
373.92991901803396, -286.0966831202173, -72.85875389504379, 178.40722442009977, 85.74881605046295, 169.0355364311374
373.92991901803396, -286.0966831202173, -72.85875389504379, 178.40722442009977, 85.74881605046295, 169.0355364311374
373.8550877683301, -286.70679954641105, -72.79768182087578, 178.78078401841313, 85.757766596756, 169.07299052068305
373.7602811739489, -287.189875191791, -72.85923216004971, 179.040559155738, 85.74949281736536, 169.04017996409894
373.7602811739489, -287.189875191791, -72.85923216004971, 179.040559155738, 85.74949281736536, 169.04017996409894
373.69563483474604, -287.6264815700582, -72.83887280795146, 179.3038943448206, 85.75382757464328, 169.05668094383083
373.59354935369254, -288.2253569169665, -72.83535036836021, 179.6640017922237, 85.75582642205039, 169.06683898864995
373.59354935369254, -288.2253569169665, -72.83535036836021, 179.6640017922237, 85.75582642205039, 169.06683898864995
373.45339391475386, -288.5479012544668, -72.78491135552093, 179.97212749792533, 85.74790189534778, 169.02413860526298
373.45339391475386, -288.5479012544668, -72.78491135552093, 179.97212749792533, 85.74790189534778, 169.02413860526298
373.47243761224416, -288.64371829365035, -72.50928850445726, -179.67033673215943, 85.74981166270055, 169.04459046045534
373.47243761224416, -288.64371829365035, -72.50928850445726, -179.67033673215943, 85.74981166270055, 169.04459046045534
373.5303975926959, -288.4865812530456, -72.05208873804628, -179.34730046444741, 85.75261716576132, 169.06569249734483
373.5303975926959, -288.4865812530456, -72.05208873804628, -179.34730046444741, 85.75261716576132, 169.06569249734483
383.56018983729484, -251.1902069352701, -67.46631872746187, -175.80359003254407, 85.77077939090069, 168.9494378283053
384.143637023445, -248.9388459165331, -67.57270088320793, -175.70720326966864, 85.75805302650312, 168.93998004262215
384.143637023445, -248.9388459165331, -67.57270088320793, -175.70720326966864, 85.75805302650312, 168.93998004262215
384.9776650424161, -246.1561527701628, -67.49601331039287, -175.51293799275103, 85.774606733365, 169.0085778319119
384.9776650424161, -246.1561527701628, -67.49601331039287, -175.51293799275103, 85.774606733365, 169.0085778319119
385.7106037443619, -243.32999226907287, -67.5699549038592, -175.37389216157246, 85.76352651462358, 169.024134130215
386.2974598287967, -241.14712188903192, -67.57216843784086, -175.26294440832493, 85.762027526692, 169.02433461946077
386.2974598287967, -241.14712188903192, -67.57216843784086, -175.26294440832493, 85.762027526692, 169.02433461946077
387.12139712017677, -238.31625134639302, -67.61747101428088, -175.0959938312484, 85.76161398989497, 169.06705082034708
387.9266262095861, -235.55386909183218, -67.60515974827175, -174.92912423786368, 85.7673881494328, 169.0989561793207
387.9266262095861, -235.55386909183218, -67.60515974827175, -174.92912423786368, 85.7673881494328, 169.0989561793207
388.72920988528745, -232.75976560474825, -67.6439112088026, -174.79264015572124, 85.76797773182184, 169.10414686362444
388.72920988528745, -232.75976560474825, -67.6439112088026, -174.79264015572124, 85.76797773182184, 169.10414686362444
389.42050625601405, -230.31541014978774, -67.6401215384664, -174.63767886622654, 85.76864442949919, 169.11929719914153
389.42050625601405, -230.31541014978774, -67.6401215384664, -174.63767886622654, 85.76864442949919, 169.11929719914153
390.25737261682514, -227.4178346038826, -67.70109523651583, -174.54164683121755, 85.76244170091098, 169.09506216574496
390.95788603163356, -225.16502116344932, -67.66935241231745, -174.42061155046272, 85.77221769699707, 169.11374663057777
390.95788603163356, -225.16502116344932, -67.66935241231745, -174.42061155046272, 85.77221769699707, 169.11374663057777
391.786660006507, -222.362747192139, -67.72987503685384, -174.31231625519058, 85.76975612720491, 169.08631955834372
391.786660006507, -222.362747192139, -67.72987503685384, -174.31231625519058, 85.76975612720491, 169.08631955834372
392.6324738912737, -219.5908813386317, -67.71002830230348, -174.22823599011238, 85.77632048810196, 169.0461272392116
393.3219017638998, -217.28898669386123, -67.7621490512695, -174.16453517571944, 85.7735367008125, 169.01329239064654
393.3219017638998, -217.28898669386123, -67.7621490512695, -174.16453517571944, 85.7735367008125, 169.01329239064654
394.13725667057656, -214.5164396801966, -67.77124400167743, -174.06123993737418, 85.77117566441599, 168.96819158628574
394.13725667057656, -214.5164396801966, -67.77124400167743, -174.06123993737418, 85.77117566441599, 168.96819158628574
395.03729477551775, -211.62894670340367, -67.81819185304258, -173.97743128944308, 85.76884045155424, 168.9377483399499
395.8156928128739, -209.1208736892252, -67.80550749032284, -173.88193735139123, 85.77401933952802, 168.93381170344475
395.8156928128739, -209.1208736892252, -67.80550749032284, -173.88193735139123, 85.77401933952802, 168.93381170344475
396.74432888891374, -206.18983347583233, -67.85442752823354, -173.7570810539266, 85.77369892760711, 168.95213102754474
396.74432888891374, -206.18983347583233, -67.85442752823354, -173.7570810539266, 85.77369892760711, 168.95213102754474
397.6412251033124, -203.36058362856312, -67.83972961197094, -173.64293042908855, 85.78221020829615, 168.96040224042733
397.6412251033124, -203.36058362856312, -67.83972961197094, -173.64293042908855, 85.78221020829615, 168.96040224042733
398.5356495211304, -200.38932704301362, -67.89387890016567, -173.52555183354482, 85.77573350833539, 168.98847056591887
398.5356495211304, -200.38932704301362, -67.89387890016567, -173.52555183354482, 85.77573350833539, 168.98847056591887
399.47734324491165, -197.48279140137822, -67.88835709850876, -173.39175612930748, 85.7820918242731, 169.02426672511353
400.20255140352316, -195.08031704973823, -67.93782412289498, -173.29875236175775, 85.77319339298113, 169.05107994193781
400.20255140352316, -195.08031704973823, -67.93782412289498, -173.29875236175775, 85.77319339298113, 169.05107994193781
401.1101887070924, -192.27056406489353, -67.95115350396836, -173.15509413158597, 85.77376777856988, 169.09550347028602
401.91087976884387, -189.8924927393208, -67.95636253400062, -173.04508546730764, 85.78448946580406, 169.13128371149116
401.91087976884387, -189.8924927393208, -67.95636253400062, -173.04508546730764, 85.78448946580406, 169.13128371149116
402.6835031251843, -187.40033274281834, -67.94854331021334, -172.9268172753616, 85.79936107656015, 169.206753909487
402.6835031251843, -187.40033274281834, -67.94854331021334, -172.9268172753616, 85.79936107656015, 169.206753909487
403.187614354451, -186.02040834369214, -67.87296279625542, -172.7687310106671, 85.86657808328637, 169.31207104284059
403.2418588634715, -185.97677936336572, -68.10961331099372, -172.70592249790116, 85.95227315588163, 169.34065354058208
403.2418588634715, -185.97677936336572, -68.10961331099372, -172.70592249790116, 85.95227315588163, 169.34065354058208
403.12184039179914, -186.01391969848123, -68.80876924851401, -172.55924823076901, 86.02300146074512, 169.44699645631678
403.12184039179914, -186.01391969848123, -68.80876924851401, -172.55924823076901, 86.02300146074512, 169.44699645631678
403.03195260730024, -186.06396724732755, -69.45301844568915, -172.43500702482314, 86.0862772131811, 169.5343204171357
402.9321102130443, -186.10499151273874, -69.97957878622441, -172.27869706565002, 86.14237770848985, 169.65070938467323
402.9321102130443, -186.10499151273874, -69.97957878622441, -172.27869706565002, 86.14237770848985, 169.65070938467323
402.98699424030013, -186.21341180932654, -69.73045464163599, -172.08052348908635, 86.23465599265134, 169.79620787453072
402.98699424030013, -186.21341180932654, -69.73045464163599, -172.08052348908635, 86.23465599265134, 169.79620787453072
403.0397570042099, -186.30726713027607, -69.64347398334606, -171.8852131172764, 86.3180685077161, 169.94184305158814
402.9905591847867, -186.3890927273967, -69.56295254886145, -171.7115258879787, 86.37712277750612, 170.06795793819674
402.9905591847867, -186.3890927273967, -69.56295254886145, -171.7115258879787, 86.37712277750612, 170.06795793819674
403.0553071156381, -186.46374306458, -69.40894268110834, -171.53420080405124, 86.44910068884069, 170.2062048160565
402.97735340799943, -186.5511261269568, -69.31758567153115, -171.29425242460707, 86.51436616120164, 170.39126081659506
402.97735340799943, -186.5511261269568, -69.31758567153115, -171.29425242460707, 86.51436616120164, 170.39126081659506
402.9920637703583, -186.61902373376986, -69.21974160444252, -171.0976208981456, 86.58427546335521, 170.54858491253864
402.9920637703583, -186.61902373376986, -69.21974160444252, -171.0976208981456, 86.58427546335521, 170.54858491253864
402.98497810620853, -186.70216050277537, -69.04618616001682, -170.87288864532633, 86.66355639721553, 170.72683892202417
402.9355151389396, -186.7447111623412, -69.08230643333873, -170.8139616220619, 86.66656272102492, 170.75382786945903
402.9355151389396, -186.7447111623412, -69.08230643333873, -170.8139616220619, 86.66656272102492, 170.75382786945903
402.94769518628516, -186.80240978733988, -69.02887768306273, -170.77880758675687, 86.67479019948318, 170.75787704424
402.94769518628516, -186.80240978733988, -69.02887768306273, -170.77880758675687, 86.67479019948318, 170.75787704424
402.9163088033295, -186.8209748606114, -68.81672500712658, -170.762166780492, 86.66544708557869, 170.7579871855781
403.0373299412885, -186.89005722400614, -67.25354414530526, -170.7356992477324, 86.68279275046696, 170.76161905065186
403.0373299412885, -186.89005722400614, -67.25354414530526, -170.7356992477324, 86.68279275046696, 170.76161905065186
403.0439504826586, -186.9066304917417, -65.5360694351301, -170.72601844679832, 86.65802880642228, 170.75737045486977
403.13451400493904, -186.96034523106297, -63.59077147196871, -170.70389662315694, 86.65951385813733, 170.76035530700847
403.13451400493904, -186.96034523106297, -63.59077147196871, -170.70389662315694, 86.65951385813733, 170.76035530700847
403.2765078561948, -187.019888359423, -61.102180384170644, -170.67988051620395, 86.65904626570443, 170.76392319077675
403.2765078561948, -187.019888359423, -61.102180384170644, -170.67988051620395, 86.65904626570443, 170.76392319077675
403.39357022605174, -187.07357816854707, -59.015769793743566, -170.66007335372566, 86.66102740256868, 170.76131732401424
403.53975465475895, -187.17968459511158, -56.40093670827492, -170.6919999608863, 86.60950710643641, 170.68402085260206
403.53975465475895, -187.17968459511158, -56.40093670827492, -170.6919999608863, 86.60950710643641, 170.68402085260206
403.60461241776835, -187.28025470817843, -53.90153352648499, -170.78668513906374, 86.53257674418325, 170.53774567427243
403.60461241776835, -187.28025470817843, -53.90153352648499, -170.78668513906374, 86.53257674418325, 170.53774567427243
403.8478441780088, -187.3874929196493, -51.497526910757685, -170.92191509299266, 86.48321823976104, 170.35975358662196
403.7983444385222, -187.4772723187935, -49.589113455494406, -171.06269092192588, 86.36099168425713, 170.16680060952746
403.7983444385222, -187.4772723187935, -49.589113455494406, -171.06269092192588, 86.36099168425713, 170.16680060952746
404.11927203102096, -187.63143363763925, -46.99602931750438, -171.3043245881036, 86.2638919467463, 169.86335254627807
404.11927203102096, -187.63143363763925, -46.99602931750438, -171.3043245881036, 86.2638919467463, 169.86335254627807
403.9899010155966, -187.7203445582641, -45.27051104756963, -171.4714058082585, 86.09560715298504, 169.6344787888338
404.27327224241463, -187.88630650675037, -42.951737221878254, -171.69975109826734, 85.97051322717765, 169.33739490849698
404.27327224241463, -187.88630650675037, -42.951737221878254, -171.69975109826734, 85.97051322717765, 169.33739490849698
404.4016617279471, -188.03586358530083, -40.49599652277199, -171.96131851845203, 85.81134390315802, 168.9976672197902
404.4016617279471, -188.03586358530083, -40.49599652277199, -171.96131851845203, 85.81134390315802, 168.9976672197902
404.2634440387163, -188.16328845870396, -38.37001337693504, -172.1838103805415, 85.56039184650191, 168.69479846057797
404.6373476731021, -188.30207928477265, -36.239903404972544, -172.432295441716, 85.46679716364868, 168.39269375938534
404.6373476731021, -188.30207928477265, -36.239903404972544, -172.432295441716, 85.46679716364868, 168.39269375938534
404.52312798938004, -188.40694865832413, -34.48215113281491, -172.6092876174583, 85.26359723249581, 168.15271156948782
404.74959456993423, -188.54115941305943, -32.115157362481106, -172.845546983437, 85.06866425550061, 167.85286318192266
404.74959456993423, -188.54115941305943, -32.115157362481106, -172.845546983437, 85.06866425550061, 167.85286318192266
404.9278579158979, -188.67362475733623, -29.909266980297495, -173.05678644657033, 84.9223138698063, 167.5840595566528
405.009444982768, -188.80890562483947, -27.627869628673892, -173.2446013291362, 84.70335414885265, 167.32362176495295
405.009444982768, -188.80890562483947, -27.627869628673892, -173.2446013291362, 84.70335414885265, 167.32362176495295
405.1151767001498, -188.9223292836688, -25.69955266070936, -173.40192043868203, 84.53512218623482, 167.1102693598885
405.1151767001498, -188.9223292836688, -25.69955266070936, -173.40192043868203, 84.53512218623482, 167.1102693598885
405.25916637934426, -189.03428327783806, -23.824550665145523, -173.55792166627708, 84.38074916907938, 166.90123300380753
405.25916637934426, -189.03428327783806, -23.824550665145523, -173.55792166627708, 84.38074916907938, 166.90123300380753
405.41563702434297, -189.2169876800898, -21.51878997896559, -173.71396854219313, 84.18660001514564, 166.69356281794322
405.46662486696687, -189.5866706750131, -19.44689188494189, -173.83518576091095, 83.98056339792737, 166.51886449853137
405.46662486696687, -189.5866706750131, -19.44689188494189, -173.83518576091095, 83.98056339792737, 166.51886449853137
405.5703847404089, -190.29970598422085, -16.931488985321536, -173.9668578936074, 83.81457683995137, 166.2997328109052
405.4319718413768, -190.9702331627883, -15.194471057205423, -174.04317441502977, 83.62208267294922, 166.16382901861982
405.4319718413768, -190.9702331627883, -15.194471057205423, -174.04317441502977, 83.62208267294922, 166.16382901861982
405.42829834496507, -191.9483835449316, -12.687621441577896, -174.15905839007598, 83.43408730521311, 165.96929141545516
405.42829834496507, -191.9483835449316, -12.687621441577896, -174.15905839007598, 83.43408730521311, 165.96929141545516
405.36649625969704, -192.70924016022275, -10.877223200826041, -174.2430658439958, 83.26563109764106, 165.83039700691313
405.2547939803154, -193.69203686012256, -8.519996502131782, -174.3315790042643, 83.05219687022664, 165.66417370165885
405.2547939803154, -193.69203686012256, -8.519996502131782, -174.3315790042643, 83.05219687022664, 165.66417370165885
405.2384557853617, -194.56111266206526, -6.398650380081277, -174.40851138334438, 82.87292851632395, 165.5233153750441
405.1122718586966, -195.4065542420847, -4.607558447964733, -174.45161639498053, 82.69635049622825, 165.40576186185407
405.1122718586966, -195.4065542420847, -4.607558447964733, -174.45161639498053, 82.69635049622825, 165.40576186185407
405.093613625747, -196.46019314276242, -2.115769674907564, -174.52672390488902, 82.50052899414008, 165.2465150010602
405.093613625747, -196.46019314276242, -2.115769674907564, -174.52672390488902, 82.50052899414008, 165.2465150010602
404.922875755999, -197.51557176050213, 0.09814240476282987, -174.56777069933227, 82.26215504662929, 165.11285210740638
404.922875755999, -197.51557176050213, 0.09814240476282987, -174.56777069933227, 82.26215504662929, 165.11285210740638
405.0660543548853, -198.31184152405766, 2.554821444577527, -174.63813977340266, 82.07901938397164, 164.97159379431525
405.2065363961488, -198.59306855994132, 4.35732951282053, -174.69096389042573, 81.90345265351966, 164.8698921951175
405.2065363961488, -198.59306855994132, 4.35732951282053, -174.69096389042573, 81.90345265351966, 164.8698921951175
405.46182189987485, -198.79748808890412, 6.4684155729574915, -174.74181390113935, 81.70169547264284, 164.7530659985063
405.7402917728124, -198.95688307786372, 8.39359713077603, -174.78792263523417, 81.53262238713702, 164.65020129918247
405.7402917728124, -198.95688307786372, 8.39359713077603, -174.78792263523417, 81.53262238713702, 164.65020129918247
406.0454279504685, -199.15487699618095, 9.421980127917562, -174.8919889911331, 81.38468280209726, 164.47101974084384
405.5453669436697, -199.15438675976557, 8.560163676789688, -174.86394993592376, 81.07016798988184, 164.44168276145237
406.99255848402936, -191.66700581226033, -0.19073396926741482, -175.25066760020835, 78.44444756267512, 162.98407160477063
406.99255848402936, -191.66700581226033, -0.19073396926741482, -175.25066760020835, 78.44444756267512, 162.98407160477063
406.7412525057274, -191.19111944790035, -2.8712096544339922, -175.27386864428266, 78.48320850554101, 162.95743730109024
406.7412525057274, -191.19111944790035, -2.8712096544339922, -175.27386864428266, 78.48320850554101, 162.95743730109024
406.22541933938766, -190.53998631989884, -6.309812754315164, -175.26168066962668, 78.46886781246985, 162.96584701310286
406.22541933938766, -190.53998631989884, -6.309812754315164, -175.26168066962668, 78.46886781246985, 162.96584701310286
405.82345480216696, -189.1486985479391, -10.279884417305372, -175.26278304473007, 78.46338263624723, 162.9494163666451
405.82345480216696, -189.1486985479391, -10.279884417305372, -175.26278304473007, 78.46338263624723, 162.9494163666451
406.02887368810946, -186.5487248101542, -14.820521067903435, -175.27562326404623, 78.4790171723089, 162.94656076224845
405.95241446461074, -183.86272466962424, -19.50266438925888, -175.29479861121723, 78.4634269131937, 162.92595932907824
405.95241446461074, -183.86272466962424, -19.50266438925888, -175.29479861121723, 78.4634269131937, 162.92595932907824
406.0888399635953, -181.51283337303084, -23.503492038563863, -175.30893723434843, 78.46397682240631, 162.91273712143007
406.0888399635953, -181.51283337303084, -23.503492038563863, -175.30893723434843, 78.46397682240631, 162.91273712143007
406.17112318205324, -179.17045662271008, -27.446609207901677, -175.308257116136, 78.47058662421406, 162.9108459963386
406.15410776295346, -177.32352896777397, -30.614354985872474, -175.28250653454836, 78.45471535831464, 162.93380824605433
406.15410776295346, -177.32352896777397, -30.614354985872474, -175.28250653454836, 78.45471535831464, 162.93380824605433
406.3859198055738, -175.0283422032635, -34.29740834994725, -175.29625637877163, 78.4829969302546, 162.92696789358422
406.3859198055738, -175.0283422032635, -34.29740834994725, -175.29625637877163, 78.4829969302546, 162.92696789358422
406.41526669281455, -172.72369334790034, -38.152052721326996, -175.27205349074305, 78.47285376802152, 162.9571939059492
406.41526669281455, -172.72369334790034, -38.152052721326996, -175.27205349074305, 78.47285376802152, 162.9571939059492
406.21268666845657, -170.88443466442916, -41.885895755916806, -175.2403261953262, 78.44582118042909, 162.97249213973808
405.96421161012114, -170.19075129804156, -44.61919458060465, -175.26219962470105, 78.46488285793659, 162.97228950953837
405.96421161012114, -170.19075129804156, -44.61919458060465, -175.26219962470105, 78.46488285793659, 162.97228950953837
406.4181746744779, -170.2715872233176, -43.38763191051257, -175.31316181850332, 78.61592897070122, 162.9228715851891
406.4181746744779, -170.2715872233176, -43.38763191051257, -175.31316181850332, 78.61592897070122, 162.9228715851891
405.8667802767531, -170.21378740651508, -44.07057186868479, -175.1564093450877, 78.55577565538167, 163.07637853765667
405.9373188651305, -170.25740185101284, -43.88519599293738, -175.13945389268574, 78.64408154905767, 163.08491489147454
405.9373188651305, -170.25740185101284, -43.88519599293738, -175.13945389268574, 78.64408154905767, 163.08491489147454
406.4119795058099, -170.27420876842902, -43.351445207970016, -175.2099169199173, 78.8388346233601, 163.02704852360858
406.4119795058099, -170.27420876842902, -43.351445207970016, -175.2099169199173, 78.8388346233601, 163.02704852360858
405.9580654927111, -170.27041333325636, -43.56261377672469, -175.03713323680742, 78.85966852577072, 163.18906517050706
405.9580654927111, -170.27041333325636, -43.56261377672469, -175.03713323680742, 78.85966852577072, 163.18906517050706
406.27098067278854, -170.28761788898098, -43.108809968746385, -175.0154488084049, 79.06169861752733, 163.22059419226036
406.37325930675956, -170.3219072560569, -42.72205995406495, -174.94294821243685, 79.28121191902869, 163.29199103116335
406.37325930675956, -170.3219072560569, -42.72205995406495, -174.94294821243685, 79.28121191902869, 163.29199103116335
406.26147232068234, -170.31420360060642, -42.60227571729667, -174.8118930047574, 79.45306985124051, 163.42601729344753
406.26147232068234, -170.31420360060642, -42.60227571729667, -174.8118930047574, 79.45306985124051, 163.42601729344753
406.4592101760988, -170.36530885508438, -41.99333150273687, -174.757970534369, 79.70345996095662, 163.47687676144184
406.4592101760988, -170.36530885508438, -41.99333150273687, -174.757970534369, 79.70345996095662, 163.47687676144184
406.5566686155465, -170.35867639424154, -41.78948026839133, -174.66352415302595, 79.92072070241048, 163.5797773614157
406.48255342122303, -170.39724798886655, -41.37079972393217, -174.560967921641, 80.08813236222448, 163.6740244527201
406.48255342122303, -170.39724798886655, -41.37079972393217, -174.560967921641, 80.08813236222448, 163.6740244527201
406.6853437504182, -170.40451572845572, -41.11481179812543, -174.4954919005476, 80.28362593900722, 163.7471669239652
406.5667720930076, -170.41413042464896, -40.9989914591849, -174.37610304831665, 80.46581854425249, 163.86359549794767
406.5667720930076, -170.41413042464896, -40.9989914591849, -174.37610304831665, 80.46581854425249, 163.86359549794767
406.4199489147578, -170.42002214255103, -42.12195368194192, -174.25382809547162, 80.69602554086875, 163.98174161499477
406.4199489147578, -170.42002214255103, -42.12195368194192, -174.25382809547162, 80.69602554086875, 163.98174161499477
406.36469567010477, -170.36248138229644, -43.25355001115844, -174.16799362093656, 80.89939198282744, 164.0747281176698
406.0509400243975, -170.38209668214637, -44.44768851736813, -174.03002819905436, 81.07458475449646, 164.19891364547632
406.0509400243975, -170.38209668214637, -44.44768851736813, -174.03002819905436, 81.07458475449646, 164.19891364547632
405.9346238734801, -170.27095172802586, -46.125540720671296, -173.87311590521782, 81.2984563848377, 164.3709207411507
405.9346238734801, -170.27095172802586, -46.125540720671296, -173.87311590521782, 81.2984563848377, 164.3709207411507
405.64775738150576, -170.28203979568607, -47.65489648680935, -173.71389216812088, 81.5317778651668, 164.5191651882573
405.64775738150576, -170.28203979568607, -47.65489648680935, -173.71389216812088, 81.5317778651668, 164.5191651882573
405.32431472861606, -170.16925622083434, -49.57050261658386, -173.51213404299682, 81.72724791099033, 164.72916923480307
405.16419419714697, -170.1520079668233, -51.36198256183253, -173.40248834704823, 81.96967915575384, 164.8364798950008
405.16419419714697, -170.1520079668233, -51.36198256183253, -173.40248834704823, 81.96967915575384, 164.8364798950008
404.88808550283665, -170.05086018692447, -53.29026384498023, -173.26320084486358, 82.17218193522235, 164.9818400120756
404.56766595734587, -170.02843973739735, -55.1212036311178, -173.10293687550558, 82.3238266950011, 165.13655096305519
404.56766595734587, -170.02843973739735, -55.1212036311178, -173.10293687550558, 82.3238266950011, 165.13655096305519
404.37217957149704, -169.90494147427003, -57.27488483051676, -172.95931668151923, 82.56005117354802, 165.2944124308737
404.37217957149704, -169.90494147427003, -57.27488483051676, -172.95931668151923, 82.56005117354802, 165.2944124308737
404.09247836380325, -169.90735111728026, -58.997808899095915, -172.78799250349314, 82.72585506591335, 165.45511870846377
403.72644741667983, -169.76511186888044, -61.50723524948021, -172.54999369616843, 82.92679117556486, 165.707514162217
403.72644741667983, -169.76511186888044, -61.50723524948021, -172.54999369616843, 82.92679117556486, 165.707514162217
403.5492436857248, -169.77254769683785, -63.28963085768699, -172.36897773905847, 83.15255183572303, 165.88017104206955
403.5492436857248, -169.77254769683785, -63.28963085768699, -172.36897773905847, 83.15255183572303, 165.88017104206955
403.1239743818944, -169.6372228506001, -65.81780515564007, -172.05500178041484, 83.3288370020406, 166.20649098276633
402.90558243238286, -169.6334649323857, -67.55248039308772, -171.8387977118092, 83.52273414052081, 166.41628092203607
402.90558243238286, -169.6334649323857, -67.55248039308772, -171.8387977118092, 83.52273414052081, 166.41628092203607
402.65953922633963, -169.51261694771043, -69.93530104979573, -171.5258888893599, 83.73459014504914, 166.74409311084548
402.65953922633963, -169.51261694771043, -69.93530104979573, -171.5258888893599, 83.73459014504914, 166.74409311084548
402.2630859845802, -169.49363771938485, -72.32405817697932, -171.16451907348744, 83.93839936059544, 167.09902820406904
402.1371661504256, -169.4138369939665, -74.23984585683839, -170.90748881964103, 84.12308575195958, 167.36674432731255
402.1371661504256, -169.4138369939665, -74.23984585683839, -170.90748881964103, 84.12308575195958, 167.36674432731255
401.82813171667317, -169.379070602178, -76.7009451294486, -170.55185518866628, 84.33444940697972, 167.72033955372578
401.82813171667317, -169.379070602178, -76.7009451294486, -170.55185518866628, 84.33444940697972, 167.72033955372578
401.53384524367215, -169.32353802750123, -78.95183141748294, -170.2243997724158, 84.5118329885953, 168.05012413925408
401.3045714038912, -169.28361302158055, -81.44929155580378, -169.85565019812165, 84.73054118788488, 168.41891268991972
401.3045714038912, -169.28361302158055, -81.44929155580378, -169.85565019812165, 84.73054118788488, 168.41891268991972
401.1205676015074, -169.2225856075481, -83.94306910590237, -169.45212537575404, 84.95862070404635, 168.82954614536285
401.1205676015074, -169.2225856075481, -83.94306910590237, -169.45212537575404, 84.95862070404635, 168.82954614536285
400.8607704545864, -169.20319083058797, -85.96928427185368, -169.07244865290284, 85.12520167788595, 169.20512133464683
400.8607704545864, -169.20319083058797, -85.96928427185368, -169.07244865290284, 85.12520167788595, 169.20512133464683
400.69336834924417, -169.14359553002123, -88.51166912923712, -168.5999118040887, 85.3376239000097, 169.68507702914636
400.5693258135417, -169.13607021071675, -90.83800756213739, -168.04849281590353, 85.57676568844047, 170.23502329489938
400.5693258135417, -169.13607021071675, -90.83800756213739, -168.04849281590353, 85.57676568844047, 170.23502329489938
400.2392923242815, -169.08304125272824, -93.12818083121206, -167.48392950591085, 85.70342518482526, 170.80304496544034
400.2974005492898, -169.07635718346395, -95.15090731782395, -166.91276827321508, 85.94334759712504, 171.3761647030323
400.2974005492898, -169.07635718346395, -95.15090731782395, -166.91276827321508, 85.94334759712504, 171.3761647030323
400.02133650492823, -169.04389210553268, -97.77890519593856, -166.1202815907258, 86.13323767998746, 172.16970198019575
400.02133650492823, -169.04389210553268, -97.77890519593856, -166.1202815907258, 86.13323767998746, 172.16970198019575
399.73259004545815, -169.013995493712, -100.48091348240402, -165.22528488613105, 86.3222157687304, 173.06403945950456
399.73259004545815, -169.013995493712, -100.48091348240402, -165.22528488613105, 86.3222157687304, 173.06403945950456
399.7916207390514, -168.99303391559093, -102.84202294852676, -164.3162693040979, 86.58394966666154, 173.98010685965536
399.4765970331453, -168.97107637304643, -105.47499709820733, -163.29720343790441, 86.76758684669795, 174.99741301778192
399.4765970331453, -168.97107637304643, -105.47499709820733, -163.29720343790441, 86.76758684669795, 174.99741301778192
399.28271956846254, -168.94457612291336, -107.63709710975792, -162.40626791903478, 86.91419604590564, 175.89064897164536
399.28271956846254, -168.94457612291336, -107.63709710975792, -162.40626791903478, 86.91419604590564, 175.89064897164536
399.3101235960657, -168.9461043837051, -110.12851472275884, -161.10249153134998, 87.16183054591416, 177.19633352815157
399.076721165176, -168.92128342098835, -112.25811484731499, -159.989146151739, 87.29656013019773, 178.3105697143017
399.076721165176, -168.92128342098835, -112.25811484731499, -159.989146151739, 87.29656013019773, 178.3105697143017
399.02368007726096, -168.92127253353823, -114.81408211303635, -158.22426403837315, 87.519665702955, -179.92451392708583
399.02368007726096, -168.92127253353823, -114.81408211303635, -158.22426403837315, 87.519665702955, -179.92451392708583
398.93222697140226, -168.90241118441335, -117.44550640026351, -156.25370934903478, 87.72230074828073, -177.95094033646296
398.80476191866245, -168.89563589054617, -119.712205442998, -154.65972446467995, 87.85288358617063, -176.35769454789659
398.80476191866245, -168.89563589054617, -119.712205442998, -154.65972446467995, 87.85288358617063, -176.35769454789659
398.68215192905836, -168.87804579584616, -121.9837439899779, -153.1671366576198, 87.9514847430024, -174.8635399294884
398.68215192905836, -168.87804579584616, -121.9837439899779, -153.1671366576198, 87.9514847430024, -174.8635399294884
398.748974429343, -168.8841845766209, -124.5085090072411, -150.74758932766804, 88.12513606616815, -172.44310191361606
398.51233208201364, -168.86220671334056, -126.85048098600515, -149.0923683655824, 88.19160243290519, -170.78813596645446
398.51233208201364, -168.86220671334056, -126.85048098600515, -149.0923683655824, 88.19160243290519, -170.78813596645446
398.5015053653681, -168.86284603092406, -129.24771148639047, -146.86322188389988, 88.3029790806845, -168.55864389975844
398.56290947279876, -168.85462433836526, -131.8442563015603, -143.78445339803662, 88.44370978059675, -165.4753920552966
398.56290947279876, -168.85462433836526, -131.8442563015603, -143.78445339803662, 88.44370978059675, -165.4753920552966
398.2705698370406, -168.839050630691, -134.7401962569215, -141.54772894588623, 88.49349917938142, -163.2410217094807
398.2705698370406, -168.839050630691, -134.7401962569215, -141.54772894588623, 88.49349917938142, -163.2410217094807
398.30866494912976, -168.83076371377484, -137.47377336653884, -137.83763659120157, 88.61125942378474, -159.5257040248306
398.30866494912976, -168.83076371377484, -137.47377336653884, -137.83763659120157, 88.61125942378474, -159.5257040248306
398.36098975595144, -168.82661541263897, -140.11067903507066, -133.54036466661245, 88.72367997503987, -155.22354038645656
398.36098975595144, -168.82661541263897, -140.11067903507066, -133.54036466661245, 88.72367997503987, -155.22354038645656
398.1876677589331, -168.80411925364442, -142.92311515473656, -129.7736337951729, 88.78762521013441, -151.45368746193296
398.178203329163, -168.799491890144, -145.70272030590738, -124.75493723820182, 88.86807874660575, -146.43123913516993
398.178203329163, -168.799491890144, -145.70272030590738, -124.75493723820182, 88.86807874660575, -146.43123913516993
398.24430483591726, -168.78451814831257, -147.84405985292824, -119.81469795022285, 88.93577427304108, -141.48183880510038
398.07114533433156, -168.779857075451, -150.13070419818325, -115.7156098046855, 88.97168698247933, -137.38385551124676
398.07114533433156, -168.779857075451, -150.13070419818325, -115.7156098046855, 88.97168698247933, -137.38385551124676
398.12739474422057, -168.76063267620248, -152.87121463438976, -108.88195810233405, 89.02539083746224, -130.53927132884007
398.12739474422057, -168.76063267620248, -152.87121463438976, -108.88195810233405, 89.02539083746224, -130.53927132884007
398.202512512273, -168.75935536626153, -155.23664021820164, -100.97271776254212, 89.06848098570158, -122.62379933317484
398.202512512273, -168.75935536626153, -155.23664021820164, -100.97271776254212, 89.06848098570158, -122.62379933317484
398.0656069382468, -168.74224609588012, -158.03586049114574, -94.86022728929888, 89.07632521830493, -116.50681358304442
398.0361856575156, -168.729218685407, -160.86721515221788, -87.10681747139428, 89.07893864563935, -108.7454776482562
398.0361856575156, -168.729218685407, -160.86721515221788, -87.10681747139428, 89.07893864563935, -108.7454776482562
398.2246930192144, -168.73071384386213, -162.90260318595574, -78.52228621097815, 89.07217700653112, -100.15298311786053
398.05823496361836, -168.73328936442184, -165.2818406699533, -74.48110983636657, 89.04676215027645, -96.11202387265267
398.05823496361836, -168.73328936442184, -165.2818406699533, -74.48110983636657, 89.04676215027645, -96.11202387265267
398.2418150011919, -168.72987485156415, -167.91171936566118, -65.44405162127126, 89.00000964614108, -87.06256845401231
398.2418150011919, -168.72987485156415, -167.91171936566118, -65.44405162127126, 89.00000964614108, -87.06256845401231
398.0651255217758, -168.78012568518693, -170.4240325453333, -61.34757604367114, 88.9541358970673, -82.9739731362584
398.0731526284363, -168.78034772132258, -173.24779287266975, -56.33530973143624, 88.88902425541659, -77.95406454104479
398.0731526284363, -168.78034772132258, -173.24779287266975, -56.33530973143624, 88.88902425541659, -77.95406454104479
398.3244354675142, -168.82841036245304, -175.80715124265603, -48.79478657933448, 88.78838729924396, -70.40752107554535
398.3244354675142, -168.82841036245304, -175.80715124265603, -48.79478657933448, 88.78838729924396, -70.40752107554535
398.0726538112643, -168.84813542347385, -178.20744816163457, -47.665962802164955, 88.74372465089937, -69.28331666274826
398.0726538112643, -168.84813542347385, -178.20744816163457, -47.665962802164955, 88.74372465089937, -69.28331666274826
398.26541239538574, -168.88032006539075, -180.87013214816142, -42.52386297548018, 88.63552620843292, -64.13405915100093
398.2788586101815, -168.93358945537474, -183.03183247004927, -39.91245350377162, 88.55781379307594, -61.526201507272546
398.2788586101815, -168.93358945537474, -183.03183247004927, -39.91245350377162, 88.55781379307594, -61.526201507272546
398.15652703472324, -168.96457701600113, -185.63740734668957, -38.217256200401934, 88.48740140849785, -59.83115870300827
398.5467882678897, -169.02443047940204, -188.11779952309124, -33.625236267450276, 88.33937947618612, -55.230472192910106
398.5467882678897, -169.02443047940204, -188.11779952309124, -33.625236267450276, 88.33937947618612, -55.230472192910106
398.22307400776333, -169.1196126137408, -191.1053687834863, -32.86365770529762, 88.27186572559893, -54.483655371246975
398.22307400776333, -169.1196126137408, -191.1053687834863, -32.86365770529762, 88.27186572559893, -54.483655371246975
398.32706135759054, -169.16054434505122, -193.83292204462543, -30.67618224118164, 88.1643234490237, -52.29207592059784
398.62712597018054, -169.2307573009833, -195.84371867518922, -28.040905093875157, 88.03925787062647, -49.65036091694165
398.62712597018054, -169.2307573009833, -195.84371867518922, -28.040905093875157, 88.03925787062647, -49.65036091694165
398.2871634687768, -169.30934452541226, -198.88349721017985, -27.565935390826944, 87.97301854375533, -49.19004130486951
398.2871634687768, -169.30934452541226, -198.88349721017985, -27.565935390826944, 87.97301854375533, -49.19004130486951
398.6296132272331, -169.34026026366612, -201.52558502459308, -25.2658542299411, 87.83173196443802, -46.87455862343513
398.6296132272331, -169.34026026366612, -201.52558502459308, -25.2658542299411, 87.83173196443802, -46.87455862343513
398.7252720096492, -169.44208889706732, -204.14406020042858, -23.580899324109705, 87.70603567667175, -45.1915961428093
398.7252720096492, -169.44208889706732, -204.14406020042858, -23.580899324109705, 87.70603567667175, -45.1915961428093
398.563876401015, -169.50845074046555, -207.0797146857988, -22.9318715458586, 87.62260234084494, -44.549368119074245
398.8618614302488, -169.5497921160867, -209.71891664085464, -21.360740659605245, 87.48139644585497, -42.96518605564574
398.8618614302488, -169.5497921160867, -209.71891664085464, -21.360740659605245, 87.48139644585497, -42.96518605564574
398.78633819540664, -169.6582791491453, -212.08853949362543, -20.677923981521502, 87.39633498210829, -42.28833021821377
398.78633819540664, -169.6582791491453, -212.08853949362543, -20.677923981521502, 87.39633498210829, -42.28833021821377
398.8950352181606, -169.73420587347937, -215.0489540959226, -19.81098717584038, 87.28301177687683, -41.42300854111979
398.8950352181606, -169.73420587347937, -215.0489540959226, -19.81098717584038, 87.28301177687683, -41.42300854111979
399.18712541588826, -169.79894482127546, -217.9285049471688, -18.525286896058777, 87.1340390566379, -40.122822679737936
399.15509079402693, -169.94528649356667, -221.01241252684127, -17.961138625086967, 87.03023224007104, -39.5685230361062
399.15509079402693, -169.94528649356667, -221.01241252684127, -17.961138625086967, 87.03023224007104, -39.5685230361062
399.23588503259685, -169.96836876986603, -223.70784955614374, -17.48079138936078, 86.9352515298391, -39.08067319794734
399.44472250208884, -170.09764943229726, -226.00527937852556, -16.632184186603055, 86.81164373279573, -38.232878227638295
399.44472250208884, -170.09764943229726, -226.00527937852556, -16.632184186603055, 86.81164373279573, -38.232878227638295
399.38000153968903, -170.16177009594327, -229.18154774769, -16.376983377524756, 86.72155374998269, -37.9766117777549
399.38000153968903, -170.16177009594327, -229.18154774769, -16.376983377524756, 86.72155374998269, -37.9766117777549
399.7975059568145, -170.21702464480373, -231.4033983934897, -15.471064823178784, 86.57728726035204, -37.05376967730519
399.6723380894965, -170.3692254357431, -234.5876549196638, -15.271638029795826, 86.48761443543093, -36.86665787292721
399.6723380894965, -170.3692254357431, -234.5876549196638, -15.271638029795826, 86.48761443543093, -36.86665787292721
399.84435466163325, -170.4101403789629, -237.59551043926257, -14.8137797384762, 86.36751417947927, -36.39346500685678
399.84435466163325, -170.4101403789629, -237.59551043926257, -14.8137797384762, 86.36751417947927, -36.39346500685678
400.2484071183209, -170.51974481375936, -240.44185365307857, -14.036670320508456, 86.20403056096518, -35.60194727411761
400.2484071183209, -170.51974481375936, -240.44185365307857, -14.036670320508456, 86.20403056096518, -35.60194727411761
400.1087770744578, -170.66406065689273, -243.5467088629046, -13.901887551568018, 86.11578579914077, -35.48008435321494
400.1087770744578, -170.66406065689273, -243.5467088629046, -13.901887551568018, 86.11578579914077, -35.48008435321494
400.37643737653855, -170.71073465832345, -246.55162158607425, -13.390080349423632, 85.97314850266433, -34.95258665937198
400.72459605716625, -170.84550926974535, -248.9925831383997, -12.75977692372375, 85.8164026167539, -34.31794835259425
400.72459605716625, -170.84550926974535, -248.9925831383997, -12.75977692372375, 85.8164026167539, -34.31794835259425
400.54183876785015, -170.95082686898303, -252.22951520105013, -12.657963320239993, 85.7141868997336, -34.221468855243366
400.54183876785015, -170.95082686898303, -252.22951520105013, -12.657963320239993, 85.7141868997336, -34.221468855243366
401.079953445807, -171.03609889327393, -254.94427583484142, -11.877751194741032, 85.51243706759497, -33.4238440324397
401.079953445807, -171.03609889327393, -254.94427583484142, -11.877751194741032, 85.51243706759497, -33.4238440324397
401.19726861262393, -171.1956601808263, -257.91858558451116, -11.505890512367506, 85.36556953612373, -33.054660840565624
401.1369223022167, -171.33838171519025, -261.03835847591404, -11.293955392178919, 85.24535176523749, -32.85448956935843
401.1369223022167, -171.33838171519025, -261.03835847591404, -11.293955392178919, 85.24535176523749, -32.85448956935843
401.6313922676174, -171.41836629958385, -263.8162525179604, -10.685732182509415, 85.05175305696874, -32.23029436697514
401.6313922676174, -171.41836629958385, -263.8162525179604, -10.685732182509415, 85.05175305696874, -32.23029436697514
401.7320136507296, -171.61908391980256, -266.7933506253497, -10.365913602712833, 84.90131279442402, -31.920504621058758
401.7320136507296, -171.61908391980256, -266.7933506253497, -10.365913602712833, 84.90131279442402, -31.920504621058758
401.78726205193584, -171.74723104416728, -269.82586428371076, -10.159592629797698, 84.76953113772295, -31.719991523685074
401.78726205193584, -171.74723104416728, -269.82586428371076, -10.159592629797698, 84.76953113772295, -31.719991523685074
402.3779519979817, -171.87446319091305, -272.5558181077441, -9.596183703039019, 84.5594816148655, -31.146214587008505
402.08632268751575, -172.04658217331354, -275.169511283366, -9.65587616094689, 84.4954086240665, -31.22636607590643
402.08632268751575, -172.04658217331354, -275.169511283366, -9.65587616094689, 84.4954086240665, -31.22636607590643
402.7237196564223, -172.15096340620346, -277.9058944304453, -9.147122821275067, 84.28393090453811, -30.706036370377422
402.7237196564223, -172.15096340620346, -277.9058944304453, -9.147122821275067, 84.28393090453811, -30.706036370377422
402.9032749028544, -172.3218843703763, -280.8326343569775, -8.922079974139661, 84.12618622898603, -30.484685965547975
402.9150878509794, -172.50092065306075, -283.9445432545799, -8.863222583448858, 84.006464265019, -30.44114695287942
402.9150878509794, -172.50092065306075, -283.9445432545799, -8.863222583448858, 84.006464265019, -30.44114695287942
403.4950528236862, -172.57102843200664, -286.1117974098227, -8.48288094945056, 83.82406379747734, -30.041629230604926
403.4950528236862, -172.57102843200664, -286.1117974098227, -8.48288094945056, 83.82406379747734, -30.041629230604926
403.41046494103034, -172.7882776557629, -289.24710235933287, -8.459379763867844, 83.70599983331567, -30.035180639172992
403.41046494103034, -172.7882776557629, -289.24710235933287, -8.459379763867844, 83.70599983331567, -30.035180639172992
403.81455653603103, -172.87003395378957, -291.8112039528338, -8.197737596056339, 83.52782819517807, -29.766900772194557
404.1077972855791, -172.89611561853752, -293.1165889187088, -7.95674227834461, 83.34229651147567, -29.543121260734633
404.1077972855791, -172.89611561853752, -293.1165889187088, -7.95674227834461, 83.34229651147567, -29.543121260734633
403.95054457656806, -172.73998516747963, -293.9299317220684, -7.921890973843616, 83.22095341234743, -29.537992784161553
403.95054457656806, -172.73998516747963, -293.9299317220684, -7.921890973843616, 83.22095341234743, -29.537992784161553
404.33496046703647, -172.38397593461565, -293.447704184431, -7.628786954621364, 83.03730040262819, -29.245719271189042
404.55800717111276, -171.97865427344945, -293.20953123737513, -7.412911547342862, 82.86438875657751, -29.03036238599496
404.55800717111276, -171.97865427344945, -293.20953123737513, -7.412911547342862, 82.86438875657751, -29.03036238599496
404.62819861795634, -171.60246905085145, -293.01607955492835, -7.301450766286063, 82.74923710535374, -28.921443140121877
404.62819861795634, -171.60246905085145, -293.01607955492835, -7.301450766286063, 82.74923710535374, -28.921443140121877
404.90584050118275, -171.16947454152043, -292.7207390836824, -7.070802566461003, 82.56726506199392, -28.67520634912889
404.89966208829725, -171.10144043262605, -292.4491630072622, -6.917306502118859, 82.43393688081383, -28.52057602952014
404.89966208829725, -171.10144043262605, -292.4491630072622, -6.917306502118859, 82.43393688081383, -28.52057602952014
404.8985435542683, -171.07348549748212, -292.2325078142737, -6.7661648631079965, 82.27713532649382, -28.36954324991465
404.8985435542683, -171.07348549748212, -292.2325078142737, -6.7661648631079965, 82.27713532649382, -28.36954324991465
404.9437806818968, -171.08284210984837, -291.8368622398226, -6.5545091036764065, 82.09235374512116, -28.16517796084476
404.9437806818968, -171.08284210984837, -291.8368622398226, -6.5545091036764065, 82.09235374512116, -28.16517796084476
404.76151650317604, -171.04964581603815, -291.7020847175997, -6.493956386708183, 81.96009426547737, -28.105625058396257
404.9213787465658, -171.03405887123733, -291.37081665400694, -6.325144653302879, 81.80732115045684, -27.940938818835765
404.9213787465658, -171.03405887123733, -291.37081665400694, -6.325144653302879, 81.80732115045684, -27.940938818835765
404.9724780355877, -170.60780592670596, -291.2760401524708, -6.320901308388488, 81.73745837418517, -27.923552423068834
404.9724780355877, -170.60780592670596, -291.2760401524708, -6.320901308388488, 81.73745837418517, -27.923552423068834
405.0441252978045, -170.29587540406553, -291.23861582639194, -6.3191861475404725, 81.69248882303941, -27.926992155395197
405.33452203320377, -169.7202884556622, -291.1172169413129, -6.259334006166578, 81.63717977193441, -27.870714431349914
405.33452203320377, -169.7202884556622, -291.1172169413129, -6.259334006166578, 81.63717977193441, -27.870714431349914
405.3512090398197, -169.05839972631344, -291.07857366496705, -6.330179321651249, 81.66209846142048, -27.95296783473574
405.3512090398197, -169.05839972631344, -291.07857366496705, -6.330179321651249, 81.66209846142048, -27.95296783473574
405.4838512170867, -168.48921433690887, -290.6707136419416, -6.338797758661318, 81.6602498650848, -27.964715515145954
405.4838512170867, -168.48921433690887, -290.6707136419416, -6.338797758661318, 81.6602498650848, -27.964715515145954
405.5789370607129, -167.6928695606981, -289.5560386976677, -6.361598215279679, 81.66613583494453, -27.985928277477548
405.5374062860532, -166.84151049002793, -288.21667032539386, -6.43310486882627, 81.68403635743765, -28.048854575585107
405.5374062860532, -166.84151049002793, -288.21667032539386, -6.43310486882627, 81.68403635743765, -28.048854575585107
405.6014985388039, -166.00561860323546, -286.4783651626225, -6.431432454372907, 81.67989287140335, -28.040721804110326
405.6014985388039, -166.00561860323546, -286.4783651626225, -6.431432454372907, 81.67989287140335, -28.040721804110326
405.6423439030317, -164.97424326612943, -283.98329769686484, -6.42276449097218, 81.67699544055256, -28.047927527731975
405.60076117601295, -163.8448011530396, -281.46523068180215, -6.455316586354452, 81.6885721793163, -28.08216234926709
405.60076117601295, -163.8448011530396, -281.46523068180215, -6.455316586354452, 81.6885721793163, -28.08216234926709
405.727139267613, -162.79148920200814, -278.6745938711566, -6.41611329955258, 81.67020965353109, -28.031519739731817
405.727139267613, -162.79148920200814, -278.6745938711566, -6.41611329955258, 81.67020965353109, -28.031519739731817
405.4205769304459, -161.686978938596, -275.38054080588887, -6.501572363106898, 81.69940727195788, -28.12197551649702
405.4205769304459, -161.686978938596, -275.38054080588887, -6.501572363106898, 81.69940727195788, -28.12197551649702
405.52434331297695, -160.65978851686208, -271.55479069042434, -6.376128968674988, 81.66158553781868, -28.002661793472807
405.13689366237537, -159.85278827383414, -267.8611526301324, -6.42263028236154, 81.68084446238821, -28.05091195471269
405.13689366237537, -159.85278827383414, -267.8611526301324, -6.42263028236154, 81.68084446238821, -28.05091195471269
404.788510105338, -159.48808254540702, -264.5877990771186, -6.41763232574951, 81.67977132259847, -28.039348662392307
404.788510105338, -159.48808254540702, -264.5877990771186, -6.41763232574951, 81.67977132259847, -28.039348662392307
404.40269365962126, -159.19773482989055, -260.34220082596096, -6.353247978952156, 81.65671018966157, -27.96507618832983
403.46090301034957, -158.9484608216382, -256.16838086086, -6.516096083641348, 81.71246813901334, -28.13962451541164
403.46090301034957, -158.9484608216382, -256.16838086086, -6.516096083641348, 81.71246813901334, -28.13962451541164
403.366389303241, -158.60914933716407, -252.39292493548453, -6.375786837488483, 81.66518907822017, -27.97602849343478
403.366389303241, -158.60914933716407, -252.39292493548453, -6.375786837488483, 81.66518907822017, -27.97602849343478
402.60052229153024, -158.36093080448126, -248.0494799431757, -6.449325931982633, 81.68950197860957, -28.05776999117764
402.60052229153024, -158.36093080448126, -248.0494799431757, -6.449325931982633, 81.68950197860957, -28.05776999117764
401.98239012886086, -158.05078583114508, -243.6208589096745, -6.452215392095941, 81.6931045692132, -28.059262427010392
401.80221433873515, -157.7894477281986, -239.60282423581265, -6.3113930200680475, 81.64835429741836, -27.912929428852223
401.80221433873515, -157.7894477281986, -239.60282423581265, -6.3113930200680475, 81.64835429741836, -27.912929428852223
400.97553514955797, -157.5976171631119, -236.4055742513215, -6.457727618850639, 81.70175063466203, -28.075475826097595
400.7237727550459, -157.25406266150034, -231.98037286697297, -6.308338706271281, 81.65515873008614, -27.91416449738477
400.7237727550459, -157.25406266150034, -231.98037286697297, -6.308338706271281, 81.65515873008614, -27.91416449738477
400.14494361547344, -157.01890700034855, -227.65387032061108, -6.277241603454642, 81.65050677525308, -27.89674411145732
400.14494361547344, -157.01890700034855, -227.65387032061108, -6.277241603454642, 81.65050677525308, -27.89674411145732
399.40539936768175, -156.73583205137504, -223.47389304137872, -6.363527713924867, 81.6876315691362, -27.99305115415564
399.2376558145494, -156.51809592716327, -219.8401511709143, -6.219624927980203, 81.65518598104448, -27.854024467437434
399.2376558145494, -156.51809592716327, -219.8401511709143, -6.219624927980203, 81.65518598104448, -27.854024467437434
398.3756035771896, -156.25465416864554, -215.7818387006519, -6.414307305383811, 81.73674281263439, -28.061065260755697
398.3756035771896, -156.25465416864554, -215.7818387006519, -6.414307305383811, 81.73674281263439, -28.061065260755697
397.9906962890324, -155.9511122450917, -211.55537748386277, -6.420259944978072, 81.76916184232064, -28.064282435296803
397.9906962890324, -155.9511122450917, -211.55537748386277, -6.420259944978072, 81.76916184232064, -28.064282435296803
397.6837709325349, -155.67110612143392, -207.79918040536975, -6.405028670469179, 81.80373635213482, -28.041299649105472
396.8848820622606, -155.43489629732835, -203.80877715093564, -6.657906822587852, 81.93901194635478, -28.30510019941821
396.8848820622606, -155.43489629732835, -203.80877715093564, -6.657906822587852, 81.93901194635478, -28.30510019941821
396.6294278396418, -155.06214623995257, -199.60582191464604, -6.638659499598131, 81.99305060177997, -28.264468971810498
396.6294278396418, -155.06214623995257, -199.60582191464604, -6.638659499598131, 81.99305060177997, -28.264468971810498
396.1732316106954, -154.81073165867676, -195.3628573247164, -6.678233757922469, 82.06707282357546, -28.303741498659154
395.5349753677938, -154.59552561523893, -192.25419100946894, -6.942657750614986, 82.19544019314212, -28.571609932446155
395.5349753677938, -154.59552561523893, -192.25419100946894, -6.942657750614986, 82.19544019314212, -28.571609932446155
395.2411187891188, -154.27592624062822, -188.01668843423974, -6.919179459290473, 82.25021127593237, -28.532347965731294
395.2411187891188, -154.27592624062822, -188.01668843423974, -6.919179459290473, 82.25021127593237, -28.532347965731294
394.7293615843466, -154.0400406554509, -183.86199980508394, -7.002591691869818, 82.33857495531296, -28.62044293053854
394.7293615843466, -154.0400406554509, -183.86199980508394, -7.002591691869818, 82.33857495531296, -28.62044293053854
394.2475632785936, -153.82769242380718, -180.58515763967284, -7.163668240714586, 82.43758890403197, -28.784142853948616
393.9080508432292, -153.5538203326765, -176.3435873514608, -7.164787375617176, 82.50484108123095, -28.784079846274565
393.9080508432292, -153.5538203326765, -176.3435873514608, -7.164787375617176, 82.50484108123095, -28.784079846274565
393.33956254997827, -153.33206421195834, -172.25187132619448, -7.296483716729839, 82.61382689023208, -28.92707303475151
392.9426155461214, -153.1209416667909, -168.65865854372095, -7.395592319760043, 82.71062082746448, -29.034662311098476
392.9426155461214, -153.1209416667909, -168.65865854372095, -7.395592319760043, 82.71062082746448, -29.034662311098476
392.55434750305477, -152.90714904257797, -165.3451502263407, -7.482107522802242, 82.79391555150266, -29.122468907949695
392.55434750305477, -152.90714904257797, -165.3451502263407, -7.482107522802242, 82.79391555150266, -29.122468907949695
392.10266971034594, -152.68621644199803, -161.27161192842001, -7.593404067878668, 82.90255537071661, -29.24498429749381
391.7298853049617, -152.47080961038745, -157.8988331301961, -7.677055798048179, 82.98924098872041, -29.330399550975688
391.7298853049617, -152.47080961038745, -157.8988331301961, -7.677055798048179, 82.98924098872041, -29.330399550975688
391.37210797069974, -152.23296146650063, -154.04494490111912, -7.774071649013717, 83.09135541472062, -29.42733795685506
391.37210797069974, -152.23296146650063, -154.04494490111912, -7.774071649013717, 83.09135541472062, -29.42733795685506
391.01276090710724, -152.00802779601668, -150.4606397607653, -7.859216631876009, 83.19455470780258, -29.51140281875118
391.01276090710724, -152.00802779601668, -150.4606397607653, -7.859216631876009, 83.19455470780258, -29.51140281875118
390.71109419210086, -151.83616901189663, -147.32036798206258, -7.942445524566515, 83.29084107834039, -29.595643068824106
390.3172765365905, -151.62217480124818, -143.91644962124664, -8.093286156345565, 83.41158621266673, -29.74200858794893
390.3172765365905, -151.62217480124818, -143.91644962124664, -8.093286156345565, 83.41158621266673, -29.74200858794893
389.99824253368774, -151.44572327572962, -141.09894915837745, -8.225188875619777, 83.51110213891154, -29.86872780550234
389.99824253368774, -151.44572327572962, -141.09894915837745, -8.225188875619777, 83.51110213891154, -29.86872780550234
389.7019459801383, -151.2434320174065, -137.670771026406, -8.34959756399247, 83.62138638420396, -29.9882672313184
389.50634806723036, -151.06765468814714, -134.81761102685545, -8.392622599560145, 83.69865622203098, -30.025809069009703
389.50634806723036, -151.06765468814714, -134.81761102685545, -8.392622599560145, 83.69865622203098, -30.025809069009703
389.16141636955405, -150.9115805233454, -131.7859735599965, -8.57686198467501, 83.81390622125959, -30.210500101200747
388.82629421358604, -150.71755686140378, -128.36885319286264, -8.781329079212997, 83.94296118201635, -30.414202435706315
388.82629421358604, -150.71755686140378, -128.36885319286264, -8.781329079212997, 83.94296118201635, -30.414202435706315
388.5357442188782, -150.51367479527673, -124.95093665222461, -8.965493559713739, 84.06641942681314, -30.593243190019567
388.5357442188782, -150.51367479527673, -124.95093665222461, -8.965493559713739, 84.06641942681314, -30.593243190019567
388.3035857659871, -150.3696937847089, -122.19747472690035, -9.113652573794717, 84.16538710552229, -30.74240059609937
388.08856381066164, -150.23349208919075, -119.40202364338109, -9.278170620062614, 84.26813959552243, -30.911315866674805
388.08856381066164, -150.23349208919075, -119.40202364338109, -9.278170620062614, 84.26813959552243, -30.911315866674805
387.81463579869614, -150.05891687615804, -115.9456537353459, -9.479725545367621, 84.3944642454338, -31.11630443004658
387.81463579869614, -150.05891687615804, -115.9456537353459, -9.479725545367621, 84.3944642454338, -31.11630443004658
387.5061750471169, -149.92532512338957, -112.9807767264492, -9.768675208463632, 84.52368486383232, -31.413700827172
387.2894177725441, -149.85670044981245, -110.33064818832229, -9.965895069232541, 84.6295007003682, -31.611159718160483
387.2894177725441, -149.85670044981245, -110.33064818832229, -9.965895069232541, 84.6295007003682, -31.611159718160483
386.99436137376074, -150.0345447763659, -107.41029958028257, -10.167406300772404, 84.75720877163285, -31.779306208528766
386.52047632449654, -150.51324496218078, -105.26412522892944, -10.475822011969296, 84.8867086538827, -32.07963762514128
386.52047632449654, -150.51324496218078, -105.26412522892944, -10.475822011969296, 84.8867086538827, -32.07963762514128
385.85433989994385, -151.5718945292566, -102.82323645758933, -10.827668766306532, 85.04444411987616, -32.42275639358947
385.85433989994385, -151.5718945292566, -102.82323645758933, -10.827668766306532, 85.04444411987616, -32.42275639358947
385.0848694878719, -153.06788092910074, -100.5023919283247, -11.126982723830961, 85.20685008469921, -32.72052017557926
385.0848694878719, -153.06788092910074, -100.5023919283247, -11.126982723830961, 85.20685008469921, -32.72052017557926
384.21876206605947, -154.96059075714345, -98.46664925428621, -11.477572079575612, 85.39120454293227, -33.0438636929228
383.11681194594684, -157.16557462331383, -97.23166203464825, -12.085383143350716, 85.59521711007555, -33.68539176891463
383.11681194594684, -157.16557462331383, -97.23166203464825, -12.085383143350716, 85.59521711007555, -33.68539176891463
382.4930236614752, -158.9105068133912, -95.89105443336973, -12.31725505721601, 85.72050570720738, -33.8878216050586
382.4930236614752, -158.9105068133912, -95.89105443336973, -12.31725505721601, 85.72050570720738, -33.8878216050586
381.28273711066856, -161.41151602236556, -94.56422169192216, -13.118371335232315, 85.93593452457044, -34.702534810865565
380.19623673668247, -163.8949862447035, -93.30722068475664, -13.905211276867618, 86.13932749910978, -35.5102586657416
380.19623673668247, -163.8949862447035, -93.30722068475664, -13.905211276867618, 86.13932749910978, -35.5102586657416
379.49247279529953, -165.83863058699603, -92.14329865727915, -14.341405582419672, 86.27251933672663, -35.90640785788205
379.49247279529953, -165.83863058699603, -92.14329865727915, -14.341405582419672, 86.27251933672663, -35.90640785788205
378.2322032181882, -168.33083341284737, -91.09023438567405, -15.487044925511576, 86.50248554201312, -37.092953972769514
377.75013643671565, -169.941568983163, -90.13098108028076, -15.924325453052584, 86.63891212268278, -37.51659188323633
377.75013643671565, -169.941568983163, -90.13098108028076, -15.924325453052584, 86.63891212268278, -37.51659188323633
377.0052682391674, -171.39970029921656, -89.73687927630696, -17.041850298920608, 86.85240456413182, -38.64335372150996
377.0052682391674, -171.39970029921656, -89.73687927630696, -17.041850298920608, 86.85240456413182, -38.64335372150996
376.3743440593841, -172.52874541420454, -89.78573228502347, -18.518395185015795, 87.07522144803063, -40.11833181766661
376.2845763538268, -173.0788061174976, -89.99032434835232, -19.26046294672955, 87.20744176422396, -40.849417190635144
376.2845763538268, -173.0788061174976, -89.99032434835232, -19.26046294672955, 87.20744176422396, -40.849417190635144
375.93402799968703, -173.59583579639374, -90.46962753377233, -21.288432863350298, 87.44296192463499, -42.88356332950731
375.93402799968703, -173.59583579639374, -90.46962753377233, -21.288432863350298, 87.44296192463499, -42.88356332950731
375.7621601631006, -173.99386363236016, -90.8847694294728, -23.64329839134088, 87.67387353435987, -45.23205515858324
375.7621601631006, -173.99386363236016, -90.8847694294728, -23.64329839134088, 87.67387353435987, -45.23205515858324
375.64848387174004, -174.28651124622996, -91.41149985407363, -27.11125529684346, 87.93821562327189, -48.65125154443349
375.5452707610561, -174.5271411944744, -91.93009100901297, -31.773521197458866, 88.20333883109795, -53.21969351829301
375.5452707610561, -174.5271411944744, -91.93009100901297, -31.773521197458866, 88.20333883109795, -53.21969351829301
375.45347658713297, -174.66999426894415, -92.38484431531671, -36.68149169098497, 88.40820954675502, -58.03636259432838
375.45347658713297, -174.66999426894415, -92.38484431531671, -36.68149169098497, 88.40820954675502, -58.03636259432838
375.40783899121635, -174.78895161115489, -92.86621021141472, -43.80659183615353, 88.6252983473891, -65.0586711968209
375.38201124378065, -174.8456266631424, -93.28032486976653, -51.684533612579195, 88.78733279932374, -72.86081029150557
375.38201124378065, -174.8456266631424, -93.28032486976653, -51.684533612579195, 88.78733279932374, -72.86081029150557
375.3588468337092, -174.8396139815699, -93.67955872630765, -60.76582901702169, 88.91104080376462, -81.86655999029206
375.3588468337092, -174.8396139815699, -93.67955872630765, -60.76582901702169, 88.91104080376462, -81.86655999029206
375.43333832931495, -174.8072367607008, -94.07233129510705, -73.08726941215507, 89.01370864408196, -94.08174610444962
375.44504133767816, -174.74833484888387, -94.56271624476105, -88.62845552104201, 89.05833497607682, -109.51201796085698
375.4972380262202, -174.70931437537487, -94.87737452622635, -100.39733308815642, 89.04515693739815, -121.19473166239399
375.4972380262202, -174.70931437537487, -94.87737452622635, -100.39733308815642, 89.04515693739815, -121.19473166239399
375.4972380262202, -174.70931437537487, -94.87737452622635, -100.39733308815642, 89.04515693739815, -121.19473166239399
375.5227512199505, -174.65471357952993, -95.36631496576418, -115.42753786219326, 88.96097920958752, -136.11405205759328
375.53951100349803, -174.59899221952026, -95.77749130864038, -126.15844040421001, 88.83651006679098, -146.75521028028913
375.53951100349803, -174.59899221952026, -95.77749130864038, -126.15844040421001, 88.83651006679098, -146.75521028028913
375.5594189888342, -174.5847033098596, -96.15491777156657, -134.20140776751256, 88.68945988431084, -154.7180700508232
375.4730446254936, -174.6804020436628, -96.48251826275629, -139.20746926818325, 88.55611119868786, -159.66677472526547
375.4730446254936, -174.6804020436628, -96.48251826275629, -139.20746926818325, 88.55611119868786, -159.66677472526547
375.34318648752304, -175.07065738891953, -96.73480506736097, -143.2416439226426, 88.42560835301926, -163.644864314466
375.0085845607605, -175.89369186611503, -97.07365510401675, -147.072323192432, 88.26462815528032, -167.41594362532246
375.0085845607605, -175.89369186611503, -97.07365510401675, -147.072323192432, 88.26462815528032, -167.41594362532246
374.53730150006834, -177.05832709621944, -97.47278281666448, -150.88695175879158, 88.05911459485645, -171.1811930961974
374.53730150006834, -177.05832709621944, -97.47278281666448, -150.88695175879158, 88.05911459485645, -171.1811930961974
374.14438709605673, -178.17194572324246, -97.81241317969965, -153.9198679355361, 87.8584614241536, -174.13925861281456
373.73369779424274, -179.12333744989138, -98.1924345700982, -156.18720138857412, 87.66704930965827, -176.3694981378907
373.73369779424274, -179.12333744989138, -98.1924345700982, -156.18720138857412, 87.66704930965827, -176.3694981378907
373.42139098243274, -180.08358783226947, -98.48696708626026, -158.0592456463934, 87.48930625921562, -178.18894284639785
373.0601397426629, -181.0618799756618, -98.92434057531955, -160.20275286644204, 87.24704807910452, 179.7528818448759
373.0601397426629, -181.0618799756618, -98.92434057531955, -160.20275286644204, 87.24704807910452, 179.7528818448759
372.57180493958134, -182.25794122726663, -99.4694399975097, -162.3200795073666, 86.94952172190635, 177.7063485752709
372.57180493958134, -182.25794122726663, -99.4694399975097, -162.3200795073666, 86.94952172190635, 177.7063485752709
372.1595573490773, -183.37825760030606, -99.96497146115, -164.11700160921387, 86.65291676226596, 176.00715165986608
372.1595573490773, -183.37825760030606, -99.96497146115, -164.11700160921387, 86.65291676226596, 176.00715165986608
371.74777945551455, -184.28120737710023, -100.47291672536244, -165.41277701329014, 86.37466045448431, 174.77252569453245
371.30347823743404, -185.42280874288267, -101.01386449442244, -166.77520893696237, 86.04935542705206, 173.50816520617747
371.30347823743404, -185.42280874288267, -101.01386449442244, -166.77520893696237, 86.04935542705206, 173.50816520617747
370.95914408813525, -186.3385126383433, -101.45704078065346, -167.6672437945815, 85.79564544545879, 172.68582605906806
370.95914408813525, -186.3385126383433, -101.45704078065346, -167.6672437945815, 85.79564544545879, 172.68582605906806
370.51553923420204, -187.3939415007525, -101.98416853038135, -168.6137452253035, 85.48911088346226, 171.84872507820316
370.13276746795367, -188.44446430119345, -102.44207965952123, -169.33155876919244, 85.21672204818955, 171.2064809443137
370.13276746795367, -188.44446430119345, -102.44207965952123, -169.33155876919244, 85.21672204818955, 171.2064809443137
369.69964274205296, -189.57377736883439, -102.96229485497632, -170.0548668364164, 84.91963966579226, 170.57429152827177
369.34719301681145, -190.4296437107535, -103.36094271079587, -170.56745523859666, 84.67810442009421, 170.14719368389558
369.34719301681145, -190.4296437107535, -103.36094271079587, -170.56745523859666, 84.67810442009421, 170.14719368389558
368.8320177578753, -191.64674530487093, -103.80998655459886, -171.07061307489687, 84.41091479178048, 169.7033084498034
368.8320177578753, -191.64674530487093, -103.80998655459886, -171.07061307489687, 84.41091479178048, 169.7033084498034
368.44906947517865, -192.64479349931025, -103.57607926077154, -171.3508687643854, 84.2536362442907, 169.46167855455
368.1567945713683, -193.96010278163578, -102.68599254658591, -171.60923162055684, 84.13774752785427, 169.2229985674168
368.1567945713683, -193.96010278163578, -102.68599254658591, -171.60923162055684, 84.13774752785427, 169.2229985674168
367.65416910903673, -195.4146630238373, -101.7595275268625, -171.88063649563958, 83.9774304069986, 168.9929596396195
367.65416910903673, -195.4146630238373, -101.7595275268625, -171.88063649563958, 83.9774304069986, 168.9929596396195
367.25417125988145, -197.01239403425794, -100.57859181502958, -172.09281226741126, 83.85982865251134, 168.78509751387432
366.94269361346045, -198.21029960969454, -99.74247176026532, -172.26355462232692, 83.75650416842096, 168.63797674136774
366.94269361346045, -198.21029960969454, -99.74247176026532, -172.26355462232692, 83.75650416842096, 168.63797674136774
366.4436947154297, -199.80204580662888, -98.67087754864303, -172.46522582168805, 83.61767948104256, 168.45466685453027
366.4436947154297, -199.80204580662888, -98.67087754864303, -172.46522582168805, 83.61767948104256, 168.45466685453027
366.13327999986706, -201.19169773578244, -97.6285296788922, -172.61363966792575, 83.51276149945092, 168.32332940566508
365.6741835230552, -202.8460312825875, -96.48460434264935, -172.81000517164566, 83.38530074601675, 168.1600303675112
365.6741835230552, -202.8460312825875, -96.48460434264935, -172.81000517164566, 83.38530074601675, 168.1600303675112
365.3544613312434, -204.26332174092082, -95.47673343410636, -172.96874307078193, 83.2614787240159, 168.03412888261738
364.98473017038344, -205.50850681917981, -94.72629148708405, -173.25802077712152, 83.05078318246132, 167.81606539504534
364.98473017038344, -205.50850681917981, -94.72629148708405, -173.25802077712152, 83.05078318246132, 167.81606539504534
364.61909659897896, -207.07302505805785, -93.82985138719583, -173.6414418145674, 82.75251384956412, 167.52622191995164
364.61909659897896, -207.07302505805785, -93.82985138719583, -173.6414418145674, 82.75251384956412, 167.52622191995164
364.26480998682865, -208.52972742645542, -92.96278325554958, -174.0328888030338, 82.44326419185558, 167.254232027384
364.26480998682865, -208.52972742645542, -92.96278325554958, -174.0328888030338, 82.44326419185558, 167.254232027384
363.8942120194843, -209.8638196597869, -92.08954843491004, -174.38340704097365, 82.13561584892616, 167.02081936765745
363.6575990195494, -210.8728941810788, -91.37652139281926, -174.64338722022785, 81.8899394935619, 166.8535530268477
363.6575990195494, -210.8728941810788, -91.37652139281926, -174.64338722022785, 81.8899394935619, 166.8535530268477
363.43516640669964, -211.87293583753177, -90.58164179611157, -174.91308114572732, 81.62925282202667, 166.6794949204962
363.43516640669964, -211.87293583753177, -90.58164179611157, -174.91308114572732, 81.62925282202667, 166.6794949204962
363.28539529228357, -212.4981469146698, -89.74060198451093, -175.19661937395944, 81.32452553119356, 166.50710786720938
363.4433161202052, -212.5753399485794, -88.82659466480499, -175.43934589358892, 81.03229512425771, 166.3840944921926
363.4433161202052, -212.5753399485794, -88.82659466480499, -175.43934589358892, 81.03229512425771, 166.3840944921926
363.6673421771753, -212.5745948644881, -87.86054531535609, -175.65973403374642, 80.76269160840722, 166.27155607740286
363.6673421771753, -212.5745948644881, -87.86054531535609, -175.65973403374642, 80.76269160840722, 166.27155607740286
363.6689403448938, -212.4764514462646, -87.31209871772539, -175.84259099255607, 80.51230093448977, 166.17551754821054
363.6689403448938, -212.4764514462646, -87.31209871772539, -175.84259099255607, 80.51230093448977, 166.17551754821054
364.0009226575189, -212.38649488076055, -86.21071702133489, -176.04621665420868, 80.29250236220278, 166.08852580692366
364.09661218997866, -212.31662733509646, -85.43536059431692, -176.21019280354977, 80.09198409355837, 166.0143251917554
364.09661218997866, -212.31662733509646, -85.43536059431692, -176.21019280354977, 80.09198409355837, 166.0143251917554
364.2345363724577, -212.3483394524448, -84.5373610300249, -176.38412319343425, 79.87920126043547, 165.94004681780797
364.4980295236432, -212.63483270297766, -83.18836547570461, -176.5333199304597, 79.72125489135136, 165.8658858326364
364.4980295236432, -212.63483270297766, -83.18836547570461, -176.5333199304597, 79.72125489135136, 165.8658858326364
364.51680560447556, -212.87956105580128, -82.15790428873687, -176.64252015971772, 79.55911996920818, 165.80492210794398
364.51680560447556, -212.87956105580128, -82.15790428873687, -176.64252015971772, 79.55911996920818, 165.80492210794398
364.6536625855184, -213.2785214645679, -80.74647858537557, -176.78091209590536, 79.38815208947531, 165.73226704430968
364.8954749447644, -213.70349103608794, -79.33096385833502, -176.88202932803475, 79.29962682187032, 165.69308904033514
364.8954749447644, -213.70349103608794, -79.33096385833502, -176.88202932803475, 79.29962682187032, 165.69308904033514
364.8669408798635, -214.39823515085777, -77.79691161363439, -177.00554510166683, 79.13117624278519, 165.63562392273337
365.07033651809735, -215.20510755102697, -76.02151455982901, -177.07764567371837, 79.05799489007107, 165.61099987647975
365.07033651809735, -215.20510755102697, -76.02151455982901, -177.07764567371837, 79.05799489007107, 165.61099987647975
365.144484803016, -216.09537015342218, -74.18623094304887, -177.14178288911577, 78.97716266550702, 165.59276207456338
365.144484803016, -216.09537015342218, -74.18623094304887, -177.14178288911577, 78.97716266550702, 165.59276207456338
365.2502999064644, -216.94627587324882, -72.27564765462695, -177.20506456045075, 78.9297637912975, 165.5902210363213
365.2502999064644, -216.94627587324882, -72.27564765462695, -177.20506456045075, 78.9297637912975, 165.5902210363213
365.4073746900649, -217.89528239759778, -70.19174191903707, -177.24062443306101, 78.94110014553387, 165.59747001220757
365.5295810055708, -218.57150335508595, -68.65422275619885, -177.26780904771002, 78.94881487145666, 165.60437246543432
365.5295810055708, -218.57150335508595, -68.65422275619885, -177.26780904771002, 78.94881487145666, 165.60437246543432
365.6524339640088, -219.48853685738422, -66.60030338883251, -177.3146402293491, 78.9452395082565, 165.61287706936776
365.6524339640088, -219.48853685738422, -66.60030338883251, -177.3146402293491, 78.9452395082565, 165.61287706936776
365.7839372439764, -220.13799478935323, -65.0254608380226, -177.35994238929226, 78.93809345700171, 165.62675911523908
365.90613180616253, -220.95104072709603, -63.18008350379017, -177.4017979522071, 78.94148081970518, 165.63389604528507
365.90613180616253, -220.95104072709603, -63.18008350379017, -177.4017979522071, 78.94148081970518, 165.63389604528507
366.0024113071973, -221.67043234370504, -61.60531791351863, -177.445964969978, 78.93953434696589, 165.63710186353214
366.1170766310926, -222.38103556418346, -59.98920513204228, -177.50388916594716, 78.94046384244282, 165.63981012584992
366.1170766310926, -222.38103556418346, -59.98920513204228, -177.50388916594716, 78.94046384244282, 165.63981012584992
366.25243380995687, -223.20829009043948, -58.08056272573767, -177.5709142847549, 78.94276590149668, 165.63691708742374
366.3549188596679, -224.06659986595523, -56.17487383628727, -177.64098918126817, 78.91432209375097, 165.6303096041616
366.3549188596679, -224.06659986595523, -56.17487383628727, -177.64098918126817, 78.91432209375097, 165.6303096041616
366.48298146762187, -224.75047961783363, -54.60958963549516, -177.70558239608704, 78.90690848651606, 165.61930245139098
366.48298146762187, -224.75047961783363, -54.60958963549516, -177.70558239608704, 78.90690848651606, 165.61930245139098
366.59376622266024, -225.64416876564468, -52.649592480692434, -177.80880558363384, 78.87458272673848, 165.600966084534
366.59376622266024, -225.64416876564468, -52.649592480692434, -177.80880558363384, 78.87458272673848, 165.600966084534
366.6832492804016, -226.53472380293644, -50.70870698394142, -177.90415506753016, 78.8383504596776, 165.56977378680466
366.8541667240565, -227.25384020110548, -49.07099659962207, -177.97207682578752, 78.82874042930709, 165.55727948518393
366.8541667240565, -227.25384020110548, -49.07099659962207, -177.97207682578752, 78.82874042930709, 165.55727948518393
366.962973130603, -227.91843286245967, -47.3892496611625, -178.07752961672952, 78.78771207728236, 165.53476631779085
367.1612874049548, -228.69839523125046, -45.45956926519998, -178.15133291005992, 78.77378905346991, 165.5292434216043
367.1612874049548, -228.69839523125046, -45.45956926519998, -178.15133291005992, 78.77378905346991, 165.5292434216043
367.27872704770584, -229.20311027505704, -44.230856863947146, -178.20620422134203, 78.75208228333501, 165.52269609977722
367.2974604458841, -229.56260132566553, -43.23928539514601, -178.28420311848322, 78.70704623783617, 165.5032841818292
367.2974604458841, -229.56260132566553, -43.23928539514601, -178.28420311848322, 78.70704623783617, 165.5032841818292
367.5510628599786, -229.76797530832206, -42.19949266844502, -178.35210771867085, 78.71140033043002, 165.51070030096886
367.5510628599786, -229.76797530832206, -42.19949266844502, -178.35210771867085, 78.71140033043002, 165.51070030096886
367.61256539850643, -229.6447284497081, -41.85229943332661, -178.45361572685516, 78.63590419037119, 165.49406958016488
367.61256539850643, -229.6447284497081, -41.85229943332661, -178.45361572685516, 78.63590419037119, 165.49406958016488
367.72330539206376, -229.56426228264215, -41.41689834608847, -178.53810639877332, 78.57233976587715, 165.48107391314176
367.8093151021478, -229.47527922583023, -41.13422328546706, -178.61553335667207, 78.49601380894356, 165.4661025785361
367.8093151021478, -229.47527922583023, -41.13422328546706, -178.61553335667207, 78.49601380894356, 165.4661025785361
367.88543036992905, -229.3841361488435, -40.84160115171906, -178.69486844662487, 78.41627206801927, 165.45215434374322
367.97063726708836, -229.30076582440495, -40.56302296959498, -178.7716167552336, 78.33148661901096, 165.436924280372
367.97063726708836, -229.30076582440495, -40.56302296959498, -178.7716167552336, 78.33148661901096, 165.436924280372
367.97063726708836, -229.30076582440495, -40.56302296959498, -178.7716167552336, 78.33148661901096, 165.436924280372
367.9862661408337, -229.19796435155405, -40.411554856953494, -178.85366214310324, 78.21153412658548, 165.41575247855525
368.1413356278361, -229.1646660347501, -40.134982388139036, -178.89857045538568, 78.15348242184557, 165.42331474579802
368.1413356278361, -229.1646660347501, -40.134982388139036, -178.89857045538568, 78.15348242184557, 165.42331474579802
368.15422644046976, -229.10957953382825, -39.991680981961856, -178.98715820810887, 78.01902223407092, 165.4034992126872
368.2886395448404, -229.07126367576836, -39.74746734268095, -179.03946498833318, 77.94459672744844, 165.40916746720777
368.2886395448404, -229.07126367576836, -39.74746734268095, -179.03946498833318, 77.94459672744844, 165.40916746720777
368.36331999791685, -229.07387763107442, -39.471456506827764, -179.11169228221434, 77.83077572193561, 165.4023291632342
368.36331999791685, -229.07387763107442, -39.471456506827764, -179.11169228221434, 77.83077572193561, 165.4023291632342
368.4662872633199, -229.2466816411829, -38.82919938249147, -179.19340792222522, 77.71798284277875, 165.39561127046483
368.5797348814606, -229.6268839818666, -37.83050564132826, -179.26939918385244, 77.60542871679593, 165.3801367419378
368.5797348814606, -229.6268839818666, -37.83050564132826, -179.26939918385244, 77.60542871679593, 165.3801367419378
368.6518628726482, -229.96300259321578, -36.99642032795706, -179.33431124933566, 77.4747408571401, 165.36999484186202
368.6518628726482, -229.96300259321578, -36.99642032795706, -179.33431124933566, 77.4747408571401, 165.36999484186202
368.8103255273924, -230.4372928566661, -35.874608136521076, -179.37177421185928, 77.37498226670111, 165.36885500376897
368.8103255273924, -230.4372928566661, -35.874608136521076, -179.37177421185928, 77.37498226670111, 165.36885500376897
368.8768102292922, -230.81913931447994, -34.93594509607306, -179.42716218794223, 77.24069004224859, 165.36059011132687
368.964535856343, -231.15735535947067, -34.11389597933956, -179.46328182254157, 77.14512584311159, 165.36063959457292
368.964535856343, -231.15735535947067, -34.11389597933956, -179.46328182254157, 77.14512584311159, 165.36063959457292
369.07957880636496, -231.55476997316177, -33.1509684698757, -179.5224458991375, 77.0190248681952, 165.35975463921852
369.07957880636496, -231.55476997316177, -33.1509684698757, -179.5224458991375, 77.0190248681952, 165.35975463921852
369.0929711256704, -231.9658698066987, -32.27074320942635, -179.57764163462525, 76.86447456760999, 165.35033363312635
369.29164036937124, -232.3586934745546, -31.343841902613967, -179.58903103254985, 76.76825093351596, 165.36662808269304
369.29164036937124, -232.3586934745546, -31.343841902613967, -179.58903103254985, 76.76825093351596, 165.36662808269304
369.3858680412294, -232.86604395603607, -30.195928140781152, -179.61799279850985, 76.59137907287415, 165.36240857898926
369.3858680412294, -232.86604395603607, -30.195928140781152, -179.61799279850985, 76.59137907287415, 165.36240857898926
369.5668833059224, -233.336850679337, -29.038293783161944, -179.63432446486087, 76.43971895180563, 165.37136069559855
369.5668833059224, -233.336850679337, -29.038293783161944, -179.63432446486087, 76.43971895180563, 165.37136069559855
369.74452556181865, -233.90389730754697, -27.76417098613751, -179.65669939651852, 76.26613823244413, 165.37385175509465
369.96913917857444, -234.41063520308276, -26.41146967557287, -179.6777102238052, 76.09248243236955, 165.38907132320412
369.96913917857444, -234.41063520308276, -26.41146967557287, -179.6777102238052, 76.09248243236955, 165.38907132320412
370.10076049753366, -234.92399078801787, -25.158651389744545, -179.71969162886606, 75.89352081556517, 165.38323506202755
370.10076049753366, -234.92399078801787, -25.158651389744545, -179.71969162886606, 75.89352081556517, 165.38323506202755
370.2482235797113, -235.32775944217786, -24.142992268960963, -179.74720542654936, 75.7299286784294, 165.3817391915211
370.4642213126919, -236.2114871989753, -22.37998950603809, -179.76223771406018, 75.54174797591818, 165.37524241220987
370.4642213126919, -236.2114871989753, -22.37998950603809, -179.76223771406018, 75.54174797591818, 165.37524241220987
370.64827010047384, -236.95285727687332, -21.001043281131395, -179.78364599096426, 75.38199069945361, 165.36071099824247
370.64827010047384, -236.95285727687332, -21.001043281131395, -179.78364599096426, 75.38199069945361, 165.36071099824247
370.9236544039366, -237.96754894987438, -19.081973307821272, -179.81059504019422, 75.18583172286225, 165.3411427397348
371.11703230043537, -238.8773963618406, -17.37149228677276, -179.83204377216975, 74.99577452489791, 165.32604571356026
371.11703230043537, -238.8773963618406, -17.37149228677276, -179.83204377216975, 74.99577452489791, 165.32604571356026
371.44635852057365, -239.7049951301842, -15.528036349415464, -179.86488768468655, 74.79444796830728, 165.32286972351443
371.44635852057365, -239.7049951301842, -15.528036349415464, -179.86488768468655, 74.79444796830728, 165.32286972351443
371.7847105831351, -240.47532747916318, -13.613501166454405, -179.88663277316078, 74.57572377187688, 165.32024295557923
371.7847105831351, -240.47532747916318, -13.613501166454405, -179.88663277316078, 74.57572377187688, 165.32024295557923
372.0775240559924, -241.20594176238205, -11.841682567344721, -179.89943369423733, 74.34316107830435, 165.3085246760196
372.49458986475145, -241.66017986829868, -10.23979353418869, -179.8918734171059, 74.18898096838633, 165.31483450425935
372.49458986475145, -241.66017986829868, -10.23979353418869, -179.8918734171059, 74.18898096838633, 165.31483450425935
373.01040604856416, -241.87050250830413, -7.978152050829718, -179.912723387859, 73.94570843252738, 165.29365759263567
373.01040604856416, -241.87050250830413, -7.978152050829718, -179.912723387859, 73.94570843252738, 165.29365759263567
373.5175591601993, -242.07270402215184, -5.81356273855016, -179.9349902394859, 73.6726097371435, 165.27315816281114
373.5175591601993, -242.07270402215184, -5.81356273855016, -179.9349902394859, 73.6726097371435, 165.27315816281114
374.1549111331176, -242.33470311536033, -3.4420591074272586, -179.9412614512616, 73.43594539916867, 165.26437736244355
374.6497089080196, -242.52907441223525, -1.6697607057491182, -179.94465630978277, 73.23910927464635, 165.2598083576056
374.6497089080196, -242.52907441223525, -1.6697607057491182, -179.94465630978277, 73.23910927464635, 165.2598083576056
375.17776659641106, -242.73939163939306, 0.38232379027894337, -179.95332273343692, 72.99691657879457, 165.24718853925924
375.83637642057033, -242.96590411275517, 2.672306837671168, -179.9543336863458, 72.75490557426507, 165.24610054362256
375.83637642057033, -242.96590411275517, 2.672306837671168, -179.9543336863458, 72.75490557426507, 165.24610054362256
376.3525363319617, -243.14213874476027, 4.5498521153612135, -179.96048830613537, 72.54709594495493, 165.23902236497108
376.3525363319617, -243.14213874476027, 4.5498521153612135, -179.96048830613537, 72.54709594495493, 165.23902236497108
377.03733160866994, -243.36127251079904, 6.921215270236121, -179.96470714948728, 72.29328058941933, 165.23453675112273
377.85401346501084, -243.57513550102905, 9.348544491771998, -179.96031535761534, 72.05808542331735, 165.24620436200834
377.85401346501084, -243.57513550102905, 9.348544491771998, -179.96031535761534, 72.05808542331735, 165.24620436200834
378.6040369955316, -243.7986661448888, 11.825954447277436, -179.9592896401473, 71.8104595639916, 165.2481847135863
378.6040369955316, -243.7986661448888, 11.825954447277436, -179.9592896401473, 71.8104595639916, 165.2481847135863
379.1208569353564, -243.91104462404056, 13.70536317612628, -179.98080640235423, 71.5530016505356, 165.23250162020165
379.1208569353564, -243.91104462404056, 13.70536317612628, -179.98080640235423, 71.5530016505356, 165.23250162020165
380.2630658264487, -244.21484582929554, 17.023654866955706, -179.96784584066526, 71.34156776374266, 165.25159390888373
381.2037879129066, -244.4680030187048, 19.999373969611653, -179.97791456938592, 71.08731461734823, 165.24452442702517
381.2037879129066, -244.4680030187048, 19.999373969611653, -179.97791456938592, 71.08731461734823, 165.24452442702517
382.0455471694629, -244.6723914983628, 22.541407971436417, -179.97982357675133, 70.89186863693757, 165.24570803072683
382.9423298152134, -244.91730379363574, 25.288798202375922, -179.981979359014, 70.68196914651432, 165.24552023605344
382.9423298152134, -244.91730379363574, 25.288798202375922, -179.981979359014, 70.68196914651432, 165.24552023605344
384.0529841473023, -245.195455439763, 28.578969117786745, -179.99182805444437, 70.41813140625257, 165.23881691302196
384.0529841473023, -245.195455439763, 28.578969117786745, -179.99182805444437, 70.41813140625257, 165.23881691302196
385.2742102323981, -245.50771734808885, 32.0319588126798, -179.988424308654, 70.18871432894436, 165.24647169431807
386.391049569911, -245.8258504938307, 35.171872276172294, -179.9834846740495, 69.98759201666677, 165.24858435665988
386.391049569911, -245.8258504938307, 35.171872276172294, -179.9834846740495, 69.98759201666677, 165.24858435665988
387.20663834305634, -246.02143542027747, 37.65476564981817, -179.99689740422124, 69.75800397172625, 165.2355075609817
388.6594596814838, -246.39567028346502, 41.56414659572316, -179.99477070410074, 69.56979934293608, 165.24691110588088
388.6594596814838, -246.39567028346502, 41.56414659572316, -179.99477070410074, 69.56979934293608, 165.24691110588088
390.07283157922456, -246.73709585182274, 45.4350744648332, 179.98734194339775, 69.3703454816629, 165.24433020185725
390.07283157922456, -246.73709585182274, 45.4350744648332, 179.98734194339775, 69.3703454816629, 165.24433020185725
391.12505735906814, -246.9830435244938, 48.48322299091052, 179.96000505691174, 69.16980920374631, 165.2314311755571
391.12505735906814, -246.9830435244938, 48.48322299091052, 179.96000505691174, 69.16980920374631, 165.2314311755571
392.70735395625, -247.36502741820843, 52.612216197702004, 179.9442518847509, 69.00222593877102, 165.2393581108217
394.0453199341482, -247.69823655860324, 56.25334118659982, 179.9265509184775, 68.75996785499989, 165.23229834171102
394.0453199341482, -247.69823655860324, 56.25334118659982, 179.9265509184775, 68.75996785499989, 165.23229834171102
395.34772429572627, -248.0487202597098, 59.795456381468576, 179.91421517110777, 68.54300137173574, 165.22604555426778
396.54138608992264, -248.33495859045402, 62.8132747951818, 179.91114983126826, 68.3830721498308, 165.23339270714706
396.54138608992264, -248.33495859045402, 62.8132747951818, 179.91114983126826, 68.3830721498308, 165.23339270714706
397.93212279345624, -248.70817675121862, 66.54507059536976, 179.89432660639412, 68.13175341279926, 165.2217126044103
397.93212279345624, -248.70817675121862, 66.54507059536976, 179.89432660639412, 68.13175341279926, 165.2217126044103
399.1314657203777, -249.0043030809177, 69.6097708511266, 179.88684941043357, 67.95422323764342, 165.2227682899771
400.510468224405, -249.34098948398952, 73.02109841776567, 179.87486237888436, 67.73268871011308, 165.2219118309315
400.510468224405, -249.34098948398952, 73.02109841776567, 179.87486237888436, 67.73268871011308, 165.2219118309315
401.86078000303445, -249.70550987400463, 76.57224066731753, 179.86057534152042, 67.4900196744743, 165.21200365622883
403.116978677445, -249.98365508025574, 79.4629475233593, 179.85844023082703, 67.33246342383062, 165.2240576683749
403.116978677445, -249.98365508025574, 79.4629475233593, 179.85844023082703, 67.33246342383062, 165.2240576683749
404.51706933497275, -250.34856786221582, 83.06909709912624, 179.84674556609644, 67.09540496251462, 165.2189458963073
404.51706933497275, -250.34856786221582, 83.06909709912624, 179.84674556609644, 67.09540496251462, 165.2189458963073
406.0228755112677, -250.75821280015427, 86.73282079423109, 179.83832382264313, 66.84097252903038, 165.21167758522455
407.22970340715506, -251.03538835813723, 89.61427797815037, 179.83900406263533, 66.66366917745361, 165.21971020089097
407.22970340715506, -251.03538835813723, 89.61427797815037, 179.83900406263533, 66.66366917745361, 165.21971020089097
408.59385606267193, -251.43494980291203, 92.94380538810984, 179.8430333011733, 66.45771949366588, 165.2189346746641
408.59385606267193, -251.43494980291203, 92.94380538810984, 179.8430333011733, 66.45771949366588, 165.2189346746641
410.0880113279894, -251.81207038397264, 96.43341137166253, 179.83622787741658, 66.18782545338877, 165.2157278694797
411.25686368898243, -252.103726429659, 99.23954681264874, 179.83392196688212, 65.99559300547678, 165.21869266659712
411.25686368898243, -252.103726429659, 99.23954681264874, 179.83392196688212, 65.99559300547678, 165.21869266659712
412.53552876616646, -252.46319623998124, 102.23297902317577, 179.8359274369992, 65.80910000017651, 165.2206597664196
412.53552876616646, -252.46319623998124, 102.23297902317577, 179.8359274369992, 65.80910000017651, 165.2206597664196
414.0311794200403, -252.81077445558398, 105.62263800344965, 179.82384263660893, 65.53675471382111, 165.21898894172492
415.66867773790744, -253.26635905172935, 109.3293737025479, 179.82510145718405, 65.31147867399076, 165.22114444861185
415.66867773790744, -253.26635905172935, 109.3293737025479, 179.82510145718405, 65.31147867399076, 165.22114444861185
416.99779832074876, -253.60932232177962, 112.42195738095015, 179.8150457481261, 65.05010172224948, 165.2134882619497
416.99779832074876, -253.60932232177962, 112.42195738095015, 179.8150457481261, 65.05010172224948, 165.2134882619497
418.58818378202767, -253.99757967974674, 115.9310598150161, 179.81046990292532, 64.7947645626948, 165.21701361858777
419.9210340170043, -254.38954632085247, 118.78327877405309, 179.82089318185095, 64.63918152859004, 165.22472806314664
419.9210340170043, -254.38954632085247, 118.78327877405309, 179.82089318185095, 64.63918152859004, 165.22472806314664
421.05280675294574, -254.63842308244332, 121.30478912701226, 179.80528926373628, 64.37721514716067, 165.21585897427144
422.7534744245397, -255.09309949519215, 124.97234080010588, 179.8155625402505, 64.16761167660458, 165.22729975466447
422.7534744245397, -255.09309949519215, 124.97234080010588, 179.8155625402505, 64.16761167660458, 165.22729975466447
424.1786393328581, -255.4829151326437, 128.01181986778528, 179.81554768670978, 63.930923773967095, 165.22494151873912
425.3183574441353, -255.74233113190948, 130.41632286705268, 179.80883599274978, 63.7111926918608, 165.22315967002615
425.3183574441353, -255.74233113190948, 130.41632286705268, 179.80883599274978, 63.7111926918608, 165.22315967002615
427.04996988016694, -256.2386642488185, 133.9848534360393, 179.8266044069381, 63.5017696090167, 165.2348174618725
427.04996988016694, -256.2386642488185, 133.9848534360393, 179.8266044069381, 63.5017696090167, 165.2348174618725
428.5553987280474, -256.6458174574271, 137.014096378217, 179.82652272998877, 63.22363781643527, 165.2296986966481
428.5553987280474, -256.6458174574271, 137.014096378217, 179.82652272998877, 63.22363781643527, 165.2296986966481
430.0219891930797, -257.0155178670468, 140.19171093696497, 179.8254732677914, 62.9335918481342, 165.2264408474141
430.0219891930797, -257.0155178670468, 140.19171093696497, 179.8254732677914, 62.9335918481342, 165.2264408474141
431.6829817360821, -257.4392443722221, 143.53004494649207, 179.83657407878334, 62.70597114560525, 165.23736164486039
432.90859338773544, -257.8007806991134, 145.91154180654635, 179.8470738583592, 62.51339880706947, 165.23905353731348
432.90859338773544, -257.8007806991134, 145.91154180654635, 179.8470738583592, 62.51339880706947, 165.23905353731348
434.2793769993382, -258.1752365439836, 148.82528356673149, 179.85016680464008, 62.24721361063138, 165.23679700574354
434.2793769993382, -258.1752365439836, 148.82528356673149, 179.85016680464008, 62.24721361063138, 165.23679700574354
435.75611357963714, -258.5409681350735, 151.65195122310703, 179.85681808433225, 61.995421553932445, 165.24489217041918
437.0280269792479, -258.9304125603814, 154.17137273131283, 179.86686658260263, 61.765686811422846, 165.24463078852932
437.0280269792479, -258.9304125603814, 154.17137273131283, 179.86686658260263, 61.765686811422846, 165.24463078852932
438.2162114368315, -259.2409939353656, 156.48981853089424, 179.8715065242822, 61.50464930546999, 165.24758327323536
438.2162114368315, -259.2409939353656, 156.48981853089424, 179.8715065242822, 61.50464930546999, 165.24758327323536
439.2080847112716, -259.4989477858046, 158.3065192590203, 179.87605198233922, 61.26577139111187, 165.2537999014876
439.8591518669553, -259.7024025954694, 159.64083180215368, 179.876413070228, 61.05571203318538, 165.25107675227693
439.8591518669553, -259.7024025954694, 159.64083180215368, 179.876413070228, 61.05571203318538, 165.25107675227693
440.5920458502028, -259.87567399303947, 160.9713940088947, 179.8788184615805, 60.86017640416452, 165.25679427244836
440.5920458502028, -259.87567399303947, 160.9713940088947, 179.8788184615805, 60.86017640416452, 165.25679427244836
441.4793686020715, -260.1232436431249, 162.68192319826383, 179.88069431363104, 60.613137987762585, 165.25926844915682
442.0503491984019, -260.29331143122903, 163.85249844768418, 179.88399469749578, 60.40267348858042, 165.26125494247654
442.0503491984019, -260.29331143122903, 163.85249844768418, 179.88399469749578, 60.40267348858042, 165.26125494247654
441.8686658694549, -260.22721990326306, 163.62929764320856, 179.88169168959448, 60.15116230699858, 165.26232364832921
441.8686658694549, -260.22721990326306, 163.62929764320856, 179.88169168959448, 60.15116230699858, 165.26232364832921
441.70895101234356, -260.1817691667322, 163.3772526258128, 179.8858580257084, 59.93786649824776, 165.26947986696217
441.70895101234356, -260.1817691667322, 163.3772526258128, 179.8858580257084, 59.93786649824776, 165.26947986696217
441.52406220694286, -260.12640335916603, 163.12363142407503, 179.88629031784922, 59.72956800660705, 165.27264412619033
441.3933217218324, -260.0878449450925, 162.85964856626268, 179.88695866672484, 59.57464437941819, 165.27507827449242
441.3933217218324, -260.0878449450925, 162.85964856626268, 179.88695866672484, 59.57464437941819, 165.27507827449242
441.32923540283304, -260.07023190605304, 162.73684656275182, 179.89036001347532, 59.4756768039231, 165.2797441999414
441.2693262261171, -260.0537377254873, 162.62096541648455, 179.89211026438363, 59.4038426380955, 165.28236132182175
441.2693262261171, -260.0537377254873, 162.62096541648455, 179.89211026438363, 59.4038426380955, 165.28236132182175
441.2708562055192, -260.05914840550895, 162.6187217437375, 179.89450937881242, 59.39835662269857, 165.2834523726948
441.2708562055192, -260.05914840550895, 162.6187217437375, 179.89450937881242, 59.39835662269857, 165.2834523726948
441.27532266308503, -260.05709804515664, 162.61934253750036, 179.89530429531078, 59.397488952179714, 165.28460917469897
441.27887959367047, -260.05512737709716, 162.6225957279632, 179.8958530911147, 59.398107001014004, 165.28514252404904
441.27887959367047, -260.05512737709716, 162.6225957279632, 179.8958530911147, 59.398107001014004, 165.28514252404904
441.27874822203006, -260.055489175299, 162.6197010760395, 179.8955449104447, 59.39723017815596, 165.28457441356005
441.2803633045587, -260.0475356235582, 162.62196027890013, 179.89565983241798, 59.39702810346843, 165.2858459372993
441.2803633045587, -260.0475356235582, 162.62196027890013, 179.89565983241798, 59.39702810346843, 165.2858459372993
441.2795406737799, -260.0496792775701, 162.62877813637314, 179.89522319541047, 59.397450126572174, 165.2848410685991
441.2795406737799, -260.0496792775701, 162.62877813637314, 179.89522319541047, 59.397450126572174, 165.2848410685991
441.2796923209505, -260.0497342169644, 162.62113520840208, 179.8943328414278, 59.39658316887165, 165.28385334155138
441.2796923209505, -260.0497342169644, 162.62113520840208, 179.8943328414278, 59.39658316887165, 165.28385334155138
441.32066622598865, -259.97985317868967, 162.6352604187707, 179.89750605665782, 59.397775896381276, 165.28982560799176
441.5080042117828, -259.5157370656622, 162.64228517613162, 179.89512966289172, 59.39585839405414, 165.29600847405055
441.5080042117828, -259.5157370656622, 162.64228517613162, 179.89512966289172, 59.39585839405414, 165.29600847405055
441.66012364118103, -259.02753166883986, 162.62160450630518, 179.8944650023745, 59.39099702827968, 165.29780067343629
441.66012364118103, -259.02753166883986, 162.62160450630518, 179.8944650023745, 59.39099702827968, 165.29780067343629
441.95049732919097, -258.04925759746226, 162.6497795832232, 179.886568903165, 59.39311160326123, 165.29371125190508
442.3371217331053, -256.61229477400076, 162.59195562002503, 179.88633012340193, 59.38517647168598, 165.28955140134113
442.3371217331053, -256.61229477400076, 162.59195562002503, 179.88633012340193, 59.38517647168598, 165.28955140134113
442.64554932629176, -255.3965566174312, 162.5753786080532, 179.88870805961707, 59.3798327112869, 165.2892373139468
443.01856683993327, -254.05144947363544, 162.5724266824265, 179.89253996870437, 59.380166068524126, 165.2911675160669
443.01856683993327, -254.05144947363544, 162.5724266824265, 179.89253996870437, 59.380166068524126, 165.2911675160669
443.39788486339484, -252.56746738495244, 162.5462399778514, 179.88810241457006, 59.37479312610097, 165.29605809795086
443.39788486339484, -252.56746738495244, 162.5462399778514, 179.88810241457006, 59.37479312610097, 165.29605809795086
443.6875957780747, -251.41101163330882, 162.51557359729554, 179.89402361515292, 59.36821228816205, 165.3028053434007
443.6875957780747, -251.41101163330882, 162.51557359729554, 179.89402361515292, 59.36821228816205, 165.3028053434007
444.0471457852391, -250.07120078087175, 162.516515745942, 179.90875356618574, 59.36757391499443, 165.30944022851236
444.3112487858929, -249.02376991307807, 162.47228996616565, 179.91434922266535, 59.36184926879156, 165.3083335357412
444.3112487858929, -249.02376991307807, 162.47228996616565, 179.91434922266535, 59.36184926879156, 165.3083335357412
444.65450998368016, -247.7338329386678, 162.50422330405405, 179.90144287988892, 59.36553057428035, 165.29903659001297
444.9872007684444, -246.5325484521908, 162.48794522111842, 179.89186527671674, 59.365245973835, 165.29499731941354
444.9872007684444, -246.5325484521908, 162.48794522111842, 179.89186527671674, 59.365245973835, 165.29499731941354
445.30164897124894, -245.24950869514117, 162.48232045047848, 179.8915774428927, 59.36251285600597, 165.29330484341364
445.30164897124894, -245.24950869514117, 162.48232045047848, 179.8915774428927, 59.36251285600597, 165.29330484341364
445.61995733013396, -243.95035682455608, 162.48076923331405, 179.90281759102103, 59.3620938373226, 165.29510176091023
445.896416091492, -242.96480761259426, 162.50799572896057, 179.90975966113973, 59.36908896767229, 165.30313150040763
445.896416091492, -242.96480761259426, 162.50799572896057, 179.90975966113973, 59.36908896767229, 165.30313150040763
446.2255611433484, -241.65085601245949, 162.53109143602765, 179.9097279478257, 59.371685555186474, 165.31563938703079
446.2255611433484, -241.65085601245949, 162.53109143602765, 179.9097279478257, 59.371685555186474, 165.31563938703079
446.48771098001095, -240.59915678495258, 162.52677295296644, 179.9005827639761, 59.37085399849103, 165.3166221131348
446.7874307505045, -239.49701052610462, 162.54575363982954, 179.90475878238547, 59.37546700914075, 165.3137518778278
446.7874307505045, -239.49701052610462, 162.54575363982954, 179.90475878238547, 59.37546700914075, 165.3137518778278
447.01914076310516, -238.5678918501735, 162.56726080597826, 179.90731235055068, 59.377747317284445, 165.31207065442408
447.01914076310516, -238.5678918501735, 162.56726080597826, 179.90731235055068, 59.377747317284445, 165.31207065442408
447.3199068991488, -237.4188913744838, 162.58446681130698, 179.9048917791331, 59.380641952803, 165.2997166795047
447.68008784408966, -236.30610739851832, 162.64446347547104, 179.89220621143372, 59.43412346760201, 165.29138054230506
447.68008784408966, -236.30610739851832, 162.64446347547104, 179.89220621143372, 59.43412346760201, 165.29138054230506
447.97162081634525, -235.4499002312081, 162.77614595946764, 179.8856416846822, 59.50857003666521, 165.2919494753065
447.97162081634525, -235.4499002312081, 162.77614595946764, 179.8856416846822, 59.50857003666521, 165.2919494753065
448.2908603073868, -234.57859881702208, 162.88977588110475, 179.88098690254338, 59.59784965538059, 165.29312770107137
448.44538959416695, -234.35804547390626, 163.0382238453479, 179.8839239596967, 59.686090896348894, 165.2939579225715
448.44538959416695, -234.35804547390626, 163.0382238453479, 179.8839239596967, 59.686090896348894, 165.2939579225715
448.5009148865795, -234.37187890217808, 163.1442928369719, 179.88787755043248, 59.7580586085466, 165.29683652739706
448.58587015505367, -234.39270339716694, 163.24218335624877, 179.8897945743331, 59.84309275481716, 165.29816040296882
448.58587015505367, -234.39270339716694, 163.24218335624877, 179.8897945743331, 59.84309275481716, 165.29816040296882
448.66455867365727, -234.4187652710333, 163.38656969407137, 179.89288366258614, 59.92353539901857, 165.29951025798727
448.66455867365727, -234.4187652710333, 163.38656969407137, 179.89288366258614, 59.92353539901857, 165.29951025798727
448.72956272842305, -234.43338840160428, 163.4839172844988, 179.8940101297904, 60.01162230684316, 165.3001236266835
448.72956272842305, -234.43338840160428, 163.4839172844988, 179.8940101297904, 60.01162230684316, 165.3001236266835
448.80933328245806, -234.45897535715704, 163.61068766831022, 179.89586942056218, 60.10534722055442, 165.30035325185685
448.9104201581391, -234.48016459036526, 163.76280800437956, 179.89762014253725, 60.19777414182165, 165.30206255444398
448.9104201581391, -234.48016459036526, 163.76280800437956, 179.89762014253725, 60.19777414182165, 165.30206255444398
448.96432756038064, -234.49782968978298, 163.86752140023248, 179.89870941473546, 60.288016239089195, 165.3017112284957
449.03809815043184, -234.5141986505912, 163.98468189215905, 179.89962080859854, 60.36587498529887, 165.30275611410522
449.03809815043184, -234.5141986505912, 163.98468189215905, 179.89962080859854, 60.36587498529887, 165.30275611410522
449.11166675497674, -234.53995669393785, 164.13975823185848, 179.90152304495123, 60.46003465731512, 165.30281459566427
449.11166675497674, -234.53995669393785, 164.13975823185848, 179.90152304495123, 60.46003465731512, 165.30281459566427
449.16444736435506, -234.55179126717823, 164.23847938988033, 179.90215046524946, 60.54505703932972, 165.30242976723858
449.16444736435506, -234.55179126717823, 164.23847938988033, 179.90215046524946, 60.54505703932972, 165.30242976723858
449.2371321294073, -234.5745385616518, 164.41848941367374, 179.9038730505094, 60.64358501754811, 165.30293974224364
449.2371321294073, -234.5745385616518, 164.41848941367374, 179.9038730505094, 60.64358501754811, 165.30293974224364
449.32341700045015, -234.59455001480364, 164.5570856621098, 179.9046305604441, 60.7397084597701, 165.30354251874996
449.400742890162, -234.6198279074409, 164.72120949618756, 179.90707971535912, 60.83973800823854, 165.30412600593954
449.400742890162, -234.6198279074409, 164.72120949618756, 179.90707971535912, 60.83973800823854, 165.30412600593954
449.4681367881279, -234.637492962869, 164.85968995522046, 179.90847190704494, 60.92127910027291, 165.30471287489888
449.4681367881279, -234.637492962869, 164.85968995522046, 179.90847190704494, 60.92127910027291, 165.30471287489888
449.5589779884451, -234.66552956465313, 165.037705319703, 179.91096013927478, 61.02632063711836, 165.3060135080877
449.6419378274895, -234.68969364710966, 165.199886773946, 179.91268911070094, 61.120925834632466, 165.306578041884
449.6419378274895, -234.68969364710966, 165.199886773946, 179.91268911070094, 61.120925834632466, 165.306578041884
449.6925737345159, -234.6997203637855, 165.32086180929272, 179.91437419323088, 61.19421400826164, 165.308343285515
449.763221322728, -234.72068577667628, 165.44435562613185, 179.91548456461183, 61.27358612915969, 165.3081891827353
449.763221322728, -234.72068577667628, 165.44435562613185, 179.91548456461183, 61.27358612915969, 165.3081891827353
449.84809149510954, -234.7465820192571, 165.62819498377584, 179.9169734461935, 61.371453599029124, 165.30871820469304
449.92924893419297, -234.76904401885574, 165.7705208096623, 179.9175664424958, 61.459081625941636, 165.30782578785892
449.92924893419297, -234.76904401885574, 165.7705208096623, 179.9175664424958, 61.459081625941636, 165.30782578785892
450.02132355320964, -234.79507190959342, 165.93825501845657, 179.9189233736331, 61.56150956161339, 165.30836302052347
450.02132355320964, -234.79507190959342, 165.93825501845657, 179.9189233736331, 61.56150956161339, 165.30836302052347
450.1133741644292, -234.82228519052413, 166.11027648759588, 179.92097823991213, 61.66459260351531, 165.30894204486742
450.18662820090236, -234.84321946973685, 166.2350115821858, 179.9212783325833, 61.74461849064302, 165.30837009304145
450.18662820090236, -234.84321946973685, 166.2350115821858, 179.9212783325833, 61.74461849064302, 165.30837009304145
450.26576631486324, -234.8635111435718, 166.4065056778814, 179.92324269190556, 61.84357695796275, 165.30987570306115
450.26576631486324, -234.8635111435718, 166.4065056778814, 179.92324269190556, 61.84357695796275, 165.30987570306115
450.3414313249532, -234.88554948448177, 166.55190597724902, 179.92463676443114, 61.93882278649872, 165.31008054980356
450.3414313249532, -234.88554948448177, 166.55190597724902, 179.92463676443114, 61.93882278649872, 165.31008054980356
450.4033030723334, -234.90318214077965, 166.66561595248595, 179.92510704461415, 62.014494152498024, 165.30976633595077
450.471813608052, -234.9231367019875, 166.80947262564518, 179.926312712824, 62.10671228298739, 165.30980878612817
450.471813608052, -234.9231367019875, 166.80947262564518, 179.926312712824, 62.10671228298739, 165.30980878612817
450.55023716617444, -234.94360685364705, 166.94777459311513, 179.92744938548486, 62.20130513313628, 165.31021090129624
450.55023716617444, -234.94360685364705, 166.94777459311513, 179.92744938548486, 62.20130513313628, 165.31021090129624
450.6199343230687, -234.96351844487228, 167.07052782317922, 179.9290691279598, 62.28981242171991, 165.3110229429688
450.52068413888566, -234.93420901175273, 166.89016532129017, 179.93137244500156, 62.390064781187824, 165.3124510936345
450.52068413888566, -234.93420901175273, 166.89016532129017, 179.93137244500156, 62.390064781187824, 165.3124510936345
450.3473415182272, -234.88293106851276, 166.4905556868964, 179.93383053121983, 62.49641346024007, 165.3142106931623
450.3473415182272, -234.88293106851276, 166.4905556868964, 179.93383053121983, 62.49641346024007, 165.3142106931623
450.05858054796215, -234.79763497100348, 165.97985119088557, 179.9344223853377, 62.56036152665854, 165.31471583058806
449.8058891007176, -234.72285803892242, 165.47784267202516, 179.9378991307505, 62.644536149465885, 165.31817789524462
449.8058891007176, -234.72285803892242, 165.47784267202516, 179.9378991307505, 62.644536149465885, 165.31817789524462
449.49745623946126, -234.63104177170004, 164.8531963142906, 179.94012038060768, 62.74306085364518, 165.3205221195398
449.12553379636034, -234.51838202324907, 164.16238045854033, 179.94144224052366, 62.83702722231834, 165.322377232542
449.12553379636034, -234.51838202324907, 164.16238045854033, 179.94144224052366, 62.83702722231834, 165.322377232542
448.7596931413419, -234.41221114939108, 163.46471343916588, 179.94440140562895, 62.936403408382205, 165.32507376129604
448.7596931413419, -234.41221114939108, 163.46471343916588, 179.94440140562895, 62.936403408382205, 165.32507376129604
448.39249067835124, -234.30288955259488, 162.72360151957284, 179.94673570517102, 63.0466904386825, 165.32762238685754
448.39249067835124, -234.30288955259488, 162.72360151957284, 179.94673570517102, 63.0466904386825, 165.32762238685754
447.935663245016, -234.16627181127734, 161.86004023350597, 179.94878051050827, 63.14129828422636, 165.3308002645343
447.53358879467095, -234.04836253894717, 161.10039628692118, 179.94892219555038, 63.21114443098137, 165.3314750701515
447.53358879467095, -234.04836253894717, 161.10039628692118, 179.94892219555038, 63.21114443098137, 165.3314750701515
447.16150872952, -233.9344705794945, 160.2753891927786, 179.9518008707233, 63.31880864886931, 165.33562277537283
447.16150872952, -233.9344705794945, 160.2753891927786, 179.9518008707233, 63.31880864886931, 165.33562277537283
446.38274542386773, -233.70406970623375, 158.70166382476214, 179.95253203079798, 63.408655268024376, 165.33838947093847
446.38274542386773, -233.70406970623375, 158.70166382476214, 179.95253203079798, 63.408655268024376, 165.33838947093847
445.53304900943357, -233.45221178805298, 157.00697168764378, 179.95420556104355, 63.50633221110267, 165.3425865622239
444.87739907709835, -233.24864338264484, 155.59234076520977, 179.95483316693256, 63.61491551850047, 165.3475806303385
444.87739907709835, -233.24864338264484, 155.59234076520977, 179.95483316693256, 63.61491551850047, 165.3475806303385
444.0534760149079, -233.00778642201337, 153.84064210521603, 179.95491505460922, 63.71042820018413, 165.34982976162527
443.31250112128686, -232.78796805871937, 152.390703926197, 179.95420544513445, 63.765264076307695, 165.35171142100765
443.31250112128686, -232.78796805871937, 152.390703926197, 179.95420544513445, 63.765264076307695, 165.35171142100765
442.7665000300682, -232.617184771316, 151.1107988752047, 179.95686544575733, 63.86643065931359, 165.35758281685793
442.7665000300682, -232.617184771316, 151.1107988752047, 179.95686544575733, 63.86643065931359, 165.35758281685793
441.91930995002497, -232.37417938440592, 149.30838596331486, 179.9578957055651, 63.9551960193277, 165.3600576276923
441.12678215816135, -232.1330938213742, 147.6547734162994, 179.956925923674, 64.02571219776351, 165.36331936885202
441.12678215816135, -232.1330938213742, 147.6547734162994, 179.956925923674, 64.02571219776351, 165.36331936885202
440.4099579899773, -231.91717095881467, 145.9953110778702, 179.95961334414272, 64.14276416423607, 165.36907291278607
440.4099579899773, -231.91717095881467, 145.9953110778702, 179.95961334414272, 64.14276416423607, 165.36907291278607
439.58147633935675, -231.6765113089675, 144.2101809597297, 179.9614935094542, 64.2295637794078, 165.37246254511578
438.9086784267936, -231.47109477830807, 142.7677892546603, 179.96129656897648, 64.30419235036696, 165.37603822073098
438.9086784267936, -231.47109477830807, 142.7677892546603, 179.96129656897648, 64.30419235036696, 165.37603822073098
438.32390489345215, -231.29674246819425, 141.46754266942497, 179.9622137055547, 64.38905217213797, 165.37930972869015
438.32390489345215, -231.29674246819425, 141.46754266942497, 179.9622137055547, 64.38905217213797, 165.37930972869015
437.497454102173, -231.05272315795224, 139.68675610018937, 179.96321919526216, 64.48500079960434, 165.3830289177222
436.7075317651194, -230.8119432920682, 138.01341564177244, 179.961869586983, 64.5674899414794, 165.3869262655154
436.7075317651194, -230.8119432920682, 138.01341564177244, 179.961869586983, 64.5674899414794, 165.3869262655154
435.92308546436624, -230.58085672385613, 136.2476523062175, 179.96361458579912, 64.6832287337765, 165.39170106167012
435.28201271876605, -230.39548426123807, 134.78480829873982, 179.96479189172425, 64.7574154902005, 165.3939919851718
435.28201271876605, -230.39548426123807, 134.78480829873982, 179.96479189172425, 64.7574154902005, 165.3939919851718
434.37081575379835, -230.12512901061962, 132.84109090214244, 179.96386395127462, 64.83555128762934, 165.39677586071153
434.37081575379835, -230.12512901061962, 132.84109090214244, 179.96386395127462, 64.83555128762934, 165.39677586071153
433.5855479663752, -229.89098908858358, 130.9890768747915, 179.96425054648302, 64.94522212417088, 165.40180113301946
433.5855479663752, -229.89098908858358, 130.9890768747915, 179.96425054648302, 64.94522212417088, 165.40180113301946
432.7316180343511, -229.6476597405282, 129.06624595467795, 179.96537457284882, 65.03724142958907, 165.40410420509417
432.03975048893466, -229.44873673069705, 127.49174231075366, 179.96399384984954, 65.11472048929888, 165.4055151962333
432.03975048893466, -229.44873673069705, 127.49174231075366, 179.96399384984954, 65.11472048929888, 165.4055151962333
431.2007935216341, -229.20501122487298, 125.61113431383141, 179.96371744378644, 65.20785606577495, 165.4081591740796
431.2007935216341, -229.20501122487298, 125.61113431383141, 179.96371744378644, 65.20785606577495, 165.4081591740796
430.42674356982354, -228.9923087146846, 123.90454866311042, 179.96521750449088, 65.29923241417376, 165.41098709733114
429.7677140050609, -228.80590085432667, 122.39771367125583, 179.9655508433363, 65.38409290786323, 165.4132516861149
429.7677140050609, -228.80590085432667, 122.39771367125583, 179.9655508433363, 65.38409290786323, 165.4132516861149
428.93659547182574, -228.57109713463348, 120.51827982026828, 179.9660757477923, 65.47984133556267, 165.41633475761955
428.93659547182574, -228.57109713463348, 120.51827982026828, 179.9660757477923, 65.47984133556267, 165.41633475761955
428.0907468975115, -228.33953779627615, 118.57575153124799, 179.96745424322586, 65.57840556137006, 165.41847266455488
427.23784207044486, -228.1080045548545, 116.59559478690525, 179.96749014263798, 65.67000973759254, 165.41974657996636
427.23784207044486, -228.1080045548545, 116.59559478690525, 179.96749014263798, 65.67000973759254, 165.41974657996636
426.5869022427881, -227.91616887346393, 115.08463382686472, 179.9666720868429, 65.74531936603682, 165.42270810638092
426.5869022427881, -227.91616887346393, 115.08463382686472, 179.9666720868429, 65.74531936603682, 165.42270810638092
425.76264546316673, -227.6929584415386, 113.16766470966976, 179.96886396812923, 65.85060636443936, 165.42518209010018
424.9770227517345, -227.4775751181415, 111.41285364341728, 179.9693166161996, 65.92850525898716, 165.42631230681593
424.9770227517345, -227.4775751181415, 111.41285364341728, 179.9693166161996, 65.92850525898716, 165.42631230681593
424.3435676655077, -227.29830025163145, 109.92956731695428, 179.97018079684372, 66.0174822486943, 165.42908981217326
423.70306012391336, -227.13152549819395, 108.38841457004885, 179.971207871327, 66.096473590027, 165.42969500560642
423.70306012391336, -227.13152549819395, 108.38841457004885, 179.971207871327, 66.096473590027, 165.42969500560642
422.847314308444, -226.89735132802218, 106.41822989102769, 179.97258402367422, 66.18588722349763, 165.43146046990276
422.847314308444, -226.89735132802218, 106.41822989102769, 179.97258402367422, 66.18588722349763, 165.43146046990276
422.12252211603965, -226.69895142842356, 104.60840871217447, 179.97341618477023, 66.28488692192981, 165.43392938065546
421.17653101040065, -226.44897286660753, 102.40963757944135, 179.97440712634008, 66.37757407067151, 165.43415605751397
421.17653101040065, -226.44897286660753, 102.40963757944135, 179.97440712634008, 66.37757407067151, 165.43415605751397
420.3839762773593, -226.2354829986259, 100.57234797127339, 179.97440043334436, 66.46241914336954, 165.4347479858597
420.3839762773593, -226.2354829986259, 100.57234797127339, 179.97440043334436, 66.46241914336954, 165.4347479858597
419.4036318026201, -225.97573961327677, 98.17302157145495, 179.9748473787953, 66.57686810317868, 165.43555702118266
418.5324993369196, -225.74907528864586, 96.17953360989162, 179.97396256745083, 66.65673505466485, 165.43368574934746
418.5324993369196, -225.74907528864586, 96.17953360989162, 179.97396256745083, 66.65673505466485, 165.43368574934746
417.66865933890375, -225.52163379955246, 94.0443749075203, 179.97655371110807, 66.79508804279776, 165.43650096298097
416.698638442377, -225.2750581063021, 91.69500395197954, 179.97912853723108, 66.97107899649978, 165.43775706873856
416.698638442377, -225.2750581063021, 91.69500395197954, 179.97912853723108, 66.97107899649978, 165.43775706873856
415.69038714623065, -225.01055991213093, 89.32543755799284, 179.9807059210254, 67.1403226306488, 165.43841534210122
415.69038714623065, -225.01055991213093, 89.32543755799284, 179.9807059210254, 67.1403226306488, 165.43841534210122
414.9464762202464, -224.81529616821848, 87.45919215994122, 179.9821268134171, 67.2719245857407, 165.4397622567842
414.9464762202464, -224.81529616821848, 87.45919215994122, 179.9821268134171, 67.2719245857407, 165.4397622567842
413.9756209133216, -224.56545422301232, 85.06117121583345, 179.98427544587148, 67.43725249803428, 165.4404247243572
412.9983121476892, -224.30289974139077, 82.68982855823488, 179.98580926852426, 67.60432091293075, 165.44241847584968
412.9983121476892, -224.30289974139077, 82.68982855823488, 179.98580926852426, 67.60432091293075, 165.44241847584968
412.30155015793275, -224.12429911365095, 80.85566063888025, 179.9881672094641, 67.75420279293405, 165.44435084495515
412.30155015793275, -224.12429911365095, 80.85566063888025, 179.9881672094641, 67.75420279293405, 165.44435084495515
411.34557298215486, -223.87674498270115, 78.43334575406345, 179.9889122700574, 67.91606138173697, 165.44447339481388
410.47864639528285, -223.64243947198105, 76.20518257345002, 179.98816151528013, 68.07203219816867, 165.44458914994365
410.47864639528285, -223.64243947198105, 76.20518257345002, 179.98816151528013, 68.07203219816867, 165.44458914994365
409.7834656349342, -223.46754508575353, 74.39448687556403, 179.99121589539652, 68.22734176131733, 165.44677068536717
408.8499706618409, -223.21953258245125, 72.02253246770124, 179.9920413000626, 68.4079038505364, 165.44810201592338
408.8499706618409, -223.21953258245125, 72.02253246770124, 179.9920413000626, 68.4079038505364, 165.44810201592338
407.95202955228234, -222.9865284762397, 69.65413299646838, 179.99463923356325, 68.59410834646458, 165.45014958289948
407.95202955228234, -222.9865284762397, 69.65413299646838, 179.99463923356325, 68.59410834646458, 165.45014958289948
407.21763520534915, -222.80152521041433, 67.75980918066067, 179.99727416428405, 68.74725008514899, 165.4516888202613
406.40164892209833, -222.58331737634188, 65.6194891428324, 179.9983373651216, 68.93235475449058, 165.4531854138179
406.40164892209833, -222.58331737634188, 65.6194891428324, 179.9983373651216, 68.93235475449058, 165.4531854138179
405.56794411434106, -222.37765891149098, 63.31739736493973, -179.99758986927563, 69.14400327533093, 165.45541971104478
404.6894895599077, -222.14776633422136, 60.91448251344333, -179.99589085184795, 69.34953290186994, 165.45577827671852
404.6894895599077, -222.14776633422136, 60.91448251344333, -179.99589085184795, 69.34953290186994, 165.45577827671852
404.0064287247251, -221.9634416499806, 59.10726761798513, -179.99267682723928, 69.52115359408424, 165.45922509376274
404.0064287247251, -221.9634416499806, 59.10726761798513, -179.99267682723928, 69.52115359408424, 165.45922509376274
403.23384857873083, -221.7693395369901, 56.90631726203506, -179.98767739461337, 69.74975111617978, 165.46242634765574
403.23384857873083, -221.7693395369901, 56.90631726203506, -179.98767739461337, 69.74975111617978, 165.46242634765574
402.60338332537077, -221.59849037435686, 55.17510978357154, -179.98558495248687, 69.93200796263021, 165.46477834216455
402.0315675640735, -221.4463879467308, 53.461649735534984, -179.982135852709, 70.17713291883408, 165.46857083630468
402.0315675640735, -221.4463879467308, 53.461649735534984, -179.982135852709, 70.17713291883408, 165.46857083630468
401.43622410489644, -221.2914427868717, 51.93483229026514, -179.98322530601783, 70.36592129149929, 165.4666036584631
400.86515421534904, -221.13705944628663, 50.24182215930002, -179.98155500952012, 70.65320653629715, 165.46780580004696
400.86515421534904, -221.13705944628663, 50.24182215930002, -179.98155500952012, 70.65320653629715, 165.46780580004696
400.46304056652684, -221.0380173198729, 48.89063252532296, -179.97826854321772, 70.88962610451371, 165.47042670279
400.46304056652684, -221.0380173198729, 48.89063252532296, -179.97826854321772, 70.88962610451371, 165.47042670279
399.83903311856443, -220.86852862294865, 47.145719081567975, -179.97887641297356, 71.15779156577432, 165.4699559171943
399.40200911109207, -220.75613067021564, 45.72679496111772, -179.97657505720196, 71.43269414325265, 165.47207011338574
399.40200911109207, -220.75613067021564, 45.72679496111772, -179.97657505720196, 71.43269414325265, 165.47207011338574
398.9469910563495, -220.63547417531237, 44.29821355575392, -179.97653109974198, 71.65277084128687, 165.47169664724342
398.3526159253681, -220.4813713089844, 42.53984046254248, -179.97594494642163, 71.92790133148743, 165.47092870213237
398.3526159253681, -220.4813713089844, 42.53984046254248, -179.97594494642163, 71.92790133148743, 165.47092870213237
397.9867399714821, -220.38646441740053, 41.266640921264276, -179.96996352636884, 72.16624060373832, 165.476879658691
397.4595674065898, -220.2526450378378, 39.69651703469273, -179.9701015172676, 72.41395067507753, 165.47453262502233
397.4595674065898, -220.2526450378378, 39.69651703469273, -179.9701015172676, 72.41395067507753, 165.47453262502233
397.02820193032176, -220.1338995542903, 38.33955441041201, -179.96932680767523, 72.63555479581319, 165.47542774979013
396.65516503151997, -220.03539939672194, 36.985268186260846, -179.9673038004034, 72.86955893517947, 165.47731497044674
396.65516503151997, -220.03539939672194, 36.985268186260846, -179.9673038004034, 72.86955893517947, 165.47731497044674
396.1061200782405, -219.89489076199948, 35.25123904694991, -179.96753129926927, 73.15749416459383, 165.47617823036185
395.67270942687804, -219.7806673807229, 33.70989503378934, -179.96352658417035, 73.42368087625687, 165.47942294434228
395.67270942687804, -219.7806673807229, 33.70989503378934, -179.96352658417035, 73.42368087625687, 165.47942294434228
395.67270942687804, -219.7806673807229, 33.70989503378934, -179.96352658417035, 73.42368087625687, 165.47942294434228
395.18891629953856, -219.64783795270654, 31.994871488202904, -179.96162548277456, 73.6985699446757, 165.48176229413409
394.79055675958045, -219.54424767221187, 30.601758722392805, -179.96072531934217, 73.92756452021113, 165.48195678106774
394.79055675958045, -219.54424767221187, 30.601758722392805, -179.96072531934217, 73.92756452021113, 165.48195678106774
394.4472423352814, -219.44829539140952, 29.28832024117628, -179.95697185344682, 74.16133908428121, 165.4868758133233
393.96072006644243, -219.31960822132183, 27.671687306357125, -179.9583671209146, 74.39883106886037, 165.48488413893466
393.96072006644243, -219.31960822132183, 27.671687306357125, -179.9583671209146, 74.39883106886037, 165.48488413893466
393.4864732723322, -219.19075077478794, 25.929336729711956, -179.95789257390626, 74.67827819871653, 165.4858281481583
393.4864732723322, -219.19075077478794, 25.929336729711956, -179.95789257390626, 74.67827819871653, 165.4858281481583
393.0986818419631, -219.0893445579703, 24.283615882128597, -179.9544108505163, 74.98402915331775, 165.48855345059857
392.7066319176033, -218.98570066755823, 22.855851670252086, -179.95530779209048, 75.20149816137351, 165.487339166629
392.7066319176033, -218.98570066755823, 22.855851670252086, -179.95530779209048, 75.20149816137351, 165.487339166629
392.35887622607066, -218.88985797594924, 21.464328993649335, -179.95607010887198, 75.4259207682244, 165.4868906452962
391.9913855674003, -218.79181454608215, 19.959972176221143, -179.9491139469384, 75.70079695269877, 165.4942366981774
391.9913855674003, -218.79181454608215, 19.959972176221143, -179.9491139469384, 75.70079695269877, 165.4942366981774
391.4914459168162, -218.66369365952932, 18.140859140467704, -179.95171555175887, 75.96501988768001, 165.49053448423763
391.201935583642, -218.5756759607737, 16.77022402061884, -179.95092167967212, 76.1955348718071, 165.49392849457442
391.201935583642, -218.5756759607737, 16.77022402061884, -179.95092167967212, 76.1955348718071, 165.49392849457442
390.84201635631945, -218.48958796174375, 15.082457139929254, -179.94432847956398, 76.50106399523264, 165.49897188603384
390.84201635631945, -218.48958796174375, 15.082457139929254, -179.94432847956398, 76.50106399523264, 165.49897188603384
390.3779081750523, -218.35516879131706, 13.236820146566215, -179.94620487194794, 76.77311212743228, 165.4986883865931
390.3779081750523, -218.35516879131706, 13.236820146566215, -179.94620487194794, 76.77311212743228, 165.4986883865931
390.0862674274763, -218.27827555495566, 11.873709992253263, -179.94265059671443, 77.00035426264789, 165.50214874268798
389.66254093470997, -218.16568107447637, 10.082070726860653, -179.94476248715873, 77.28348897754542, 165.50052938966655
389.66254093470997, -218.16568107447637, 10.082070726860653, -179.94476248715873, 77.28348897754542, 165.50052938966655
389.2859867890293, -218.06469587620066, 8.26760829620096, -179.94748244102684, 77.56444459545662, 165.49812141389074
389.2859867890293, -218.06469587620066, 8.26760829620096, -179.94748244102684, 77.56444459545662, 165.49812141389074
388.95371014229676, -217.97811806410667, 6.549181285034899, -179.94574557446, 77.86800825283855, 165.50014440585576
388.95371014229676, -217.97811806410667, 6.549181285034899, -179.94574557446, 77.86800825283855, 165.50014440585576
388.5352517027269, -217.86919410413813, 4.669276122230254, -179.950776412289, 78.13765087300705, 165.4937705972046
388.5352517027269, -217.86919410413813, 4.669276122230254, -179.950776412289, 78.13765087300705, 165.4937705972046
388.1528610531003, -217.76599166184647, 2.891511048112555, -179.95592444538457, 78.42426269360446, 165.48920432954844
387.8526575500546, -217.68482246399955, 1.2555208470778623, -179.96125883155153, 78.69390284885887, 165.4843806048199
387.8526575500546, -217.68482246399955, 1.2555208470778623, -179.96125883155153, 78.69390284885887, 165.4843806048199
387.49102806920973, -217.58678643783156, -0.5422024889056021, -179.9693531059937, 78.96920902620485, 165.47676398407552
387.49102806920973, -217.58678643783156, -0.5422024889056021, -179.9693531059937, 78.96920902620485, 165.47676398407552
387.1578276953684, -217.50515693278476, -2.3378553826798045, -179.97412972355565, 79.26667570835801, 165.47090106777551
386.87859390767863, -217.42391035928227, -3.79909977336193, -179.98027063785344, 79.47738504719666, 165.46554731532785
386.87859390767863, -217.42391035928227, -3.79909977336193, -179.98027063785344, 79.47738504719666, 165.46554731532785
386.5763519040736, -217.34677511381472, -5.576872673967309, -179.98417431686576, 79.77224577897465, 165.46178212913713
386.5763519040736, -217.34677511381472, -5.576872673967309, -179.98417431686576, 79.77224577897465, 165.46178212913713
386.20876908948946, -217.24582083470796, -7.594909499974018, -179.98830717233645, 80.053181896757, 165.45747111575855
385.8734548476041, -217.15528884335473, -9.605756515891155, -179.98715895487499, 80.34411596664422, 165.4587361293623
385.8734548476041, -217.15528884335473, -9.605756515891155, -179.98715895487499, 80.34411596664422, 165.4587361293623
385.57834993958966, -217.08716219223933, -11.392617098836489, -179.98957770632342, 80.57374510497482, 165.4545783211321
385.57834993958966, -217.08716219223933, -11.392617098836489, -179.98957770632342, 80.57374510497482, 165.4545783211321
385.2119058025137, -216.97516049996278, -13.64995014494383, -179.9922524535846, 80.85707358432343, 165.4544970499066
385.2119058025137, -216.97516049996278, -13.64995014494383, -179.9922524535846, 80.85707358432343, 165.4544970499066
384.83366722732274, -216.88130145050948, -16.174907685969494, -179.99070041231155, 81.13757601895824, 165.45548742686844
384.456118006096, -216.76806657536775, -18.85858837112534, -179.9912274157735, 81.40938704685816, 165.45729325230988
384.456118006096, -216.76806657536775, -18.85858837112534, -179.9912274157735, 81.40938704685816, 165.45729325230988
384.1118701145023, -216.6805213254302, -21.327027201034827, -179.99030610734258, 81.6516225092992, 165.45922915816487
383.7458124935009, -216.58101606155427, -23.626978539626087, -179.99093811303746, 81.8436258731973, 165.45854570986222
383.7458124935009, -216.58101606155427, -23.626978539626087, -179.99093811303746, 81.8436258731973, 165.45854570986222
383.4539037158928, -216.49948053056394, -26.339761128045758, -179.98617750259675, 82.1165172780023, 165.46513308934223
383.4539037158928, -216.49948053056394, -26.339761128045758, -179.98617750259675, 82.1165172780023, 165.46513308934223
383.06657899065317, -216.4013384122835, -29.11239689175343, -179.9827884175849, 82.37504930775432, 165.4675919057882
383.06657899065317, -216.4013384122835, -29.11239689175343, -179.9827884175849, 82.37504930775432, 165.4675919057882
382.5804922408487, -216.26202585894066, -32.0992068150145, -179.9915615397641, 82.59270339601069, 165.45952586969565
382.5804922408487, -216.26202585894066, -32.0992068150145, -179.9915615397641, 82.59270339601069, 165.45952586969565
382.3383002205234, -216.19582435330562, -34.913083766313015, -179.98494796576108, 82.87602462734445, 165.46694700351313
382.0001365263299, -216.10835672378408, -37.37060029853228, -179.98489583228437, 83.0767275850932, 165.46704089971954
382.0001365263299, -216.10835672378408, -37.37060029853228, -179.98489583228437, 83.0767275850932, 165.46704089971954
381.57501090808665, -216.00322479595314, -40.191055604500036, -179.98989172366566, 83.28217759296093, 165.4589982265442
381.2741866181897, -215.9089556635853, -43.32724468985013, -179.98854756671014, 83.55464394278123, 165.46211453185967
381.2741866181897, -215.9089556635853, -43.32724468985013, -179.98854756671014, 83.55464394278123, 165.46211453185967
381.0167251853504, -215.83327289643978, -45.694963153946, -179.98407363736735, 83.76271191166708, 165.46692150031495
380.67679511144803, -215.73722741267684, -48.23096170339267, -179.99200980789124, 83.95927676935837, 165.45778160432386
380.67679511144803, -215.73722741267684, -48.23096170339267, -179.99200980789124, 83.95927676935837, 165.45778160432386
380.3098379445195, -215.62431760522108, -51.07790193719605, -179.99952406433192, 84.17212919879817, 165.45034397438755
380.3098379445195, -215.62431760522108, -51.07790193719605, -179.99952406433192, 84.17212919879817, 165.45034397438755
379.95868277394374, -215.5173027427773, -54.22282586939802, -179.99834301076405, 84.42889917383738, 165.4508684495332
379.95868277394374, -215.5173027427773, -54.22282586939802, -179.99834301076405, 84.42889917383738, 165.4508684495332
379.63177401173755, -215.42123162372852, -57.26329621114481, -179.99663465272266, 84.6800338113008, 165.45133014888486
379.34742758885767, -215.33450813182918, -59.76507769295361, -179.99393981794185, 84.87244374899205, 165.45408913962447
379.34742758885767, -215.33450813182918, -59.76507769295361, -179.99393981794185, 84.87244374899205, 165.45408913962447
379.05719476247583, -215.24841427261165, -62.870501205448434, -179.98681411469207, 85.12922746491834, 165.45981712516553
379.05719476247583, -215.24841427261165, -62.870501205448434, -179.98681411469207, 85.12922746491834, 165.45981712516553
378.74972596071547, -215.16364273159846, -66.0047929145311, -179.9882225917031, 85.37077741593745, 165.45422532008368
378.56899947160736, -215.1073341768331, -68.45939309401334, -179.97570368527838, 85.58471374001941, 165.46489170807553
378.56899947160736, -215.1073341768331, -68.45939309401334, -179.97570368527838, 85.58471374001941, 165.46489170807553
378.2511533878277, -215.0224820582838, -71.65550007727148, -179.9775200375554, 85.82518958026895, 165.45590042825805
378.2511533878277, -215.0224820582838, -71.65550007727148, -179.9775200375554, 85.82518958026895, 165.45590042825805
378.0273574894328, -214.96588403680732, -74.69847862746145, -179.95711967869966, 86.0802148562864, 165.4689700640953
377.7955699563425, -214.88713167853726, -77.49260912072045, -179.9506594083767, 86.30347397330847, 165.4670774361386
377.7955699563425, -214.88713167853726, -77.49260912072045, -179.9506594083767, 86.30347397330847, 165.4670774361386
377.5888983508405, -214.79324368561086, -80.29996038035803, -179.9333133288743, 86.55262286081839, 165.473007447585
377.5888983508405, -214.79324368561086, -80.29996038035803, -179.9333133288743, 86.55262286081839, 165.473007447585
377.4411154962776, -214.63808549886414, -83.08213049940154, -179.90698973504445, 86.80283534845746, 165.4975353009145
377.307158307739, -214.50378426600687, -85.85504771167395, -179.89064189316193, 87.05480735046922, 165.50927822527115
377.307158307739, -214.50378426600687, -85.85504771167395, -179.89064189316193, 87.05480735046922, 165.50927822527115
377.21078026058296, -214.31915621084963, -88.39087207005062, -179.87095283097275, 87.2932812182873, 165.528775570353
377.21078026058296, -214.31915621084963, -88.39087207005062, -179.87095283097275, 87.2932812182873, 165.528775570353
377.16824004355266, -214.21489643519914, -90.1452841783798, -179.84010820281947, 87.49548419195511, 165.55430721428013
377.1864643724927, -214.06747552648466, -91.76469984047404, -179.81417786509093, 87.7004957952522, 165.58539158200261
377.1864643724927, -214.06747552648466, -91.76469984047404, -179.81417786509093, 87.7004957952522, 165.58539158200261
377.051121085207, -213.90379474934346, -93.94688321870723, -179.7944115809091, 87.92030506574432, 165.60007775108934
377.051121085207, -213.90379474934346, -93.94688321870723, -179.7944115809091, 87.92030506574432, 165.60007775108934
377.06788905990055, -213.71955674730773, -96.05280616288134, -179.74356645304232, 88.16642896694191, 165.6558619714731
377.06788905990055, -213.71955674730773, -96.05280616288134, -179.74356645304232, 88.16642896694191, 165.6558619714731
377.0696296971578, -213.55490971165804, -98.12682034499935, -179.67716015237002, 88.40755653338941, 165.72530118711035
376.96266187317684, -213.36996098002817, -100.1500088575907, -179.62032197101064, 88.59084836627603, 165.7845901811767
376.96266187317684, -213.36996098002817, -100.1500088575907, -179.62032197101064, 88.59084836627603, 165.7845901811767
376.993197918592, -213.20793121890563, -102.21620166239555, -179.5242740584593, 88.81284953968498, 165.8835155942084
376.993197918592, -213.20793121890563, -102.21620166239555, -179.5242740584593, 88.81284953968498, 165.8835155942084
376.96403622249176, -212.84472571841064, -104.43272001656831, -179.4140599614476, 88.99981752998221, 165.99360180788068
376.96403622249176, -212.84472571841064, -104.43272001656831, -179.4140599614476, 88.99981752998221, 165.99360180788068
377.2369186064446, -211.87305819465297, -106.33383412825982, -179.17470640280095, 89.216329705608, 166.23522959764767
377.47484649619923, -210.86151656495122, -108.26515870917301, -178.8097345277757, 89.42153718749302, 166.5938063100791
377.47484649619923, -210.86151656495122, -108.26515870917301, -178.8097345277757, 89.42153718749302, 166.5938063100791
377.5744124332259, -210.34445496338844, -109.7861762811803, -178.30994128723046, 89.57784352211415, 167.083104584526
377.7847351849719, -209.7741734881762, -111.26142737855085, -177.12844657372094, 89.74671292360111, 168.2743499679508
377.7847351849719, -209.7741734881762, -111.26142737855085, -177.12844657372094, 89.74671292360111, 168.2743499679508
377.8917679801972, -209.1494492805066, -113.18881850557217, -167.01735030336596, 89.94017799381817, 178.38932969728475
377.8917679801972, -209.1494492805066, -113.18881850557217, -167.01735030336596, 89.94017799381817, 178.38932969728475
378.043380848031, -208.5117572093471, -115.14525097909954, -5.4695717263831085, 89.85818346504725, -20.057910054333178
378.043380848031, -208.5117572093471, -115.14525097909954, -5.4695717263831085, 89.85818346504725, -20.057910054333178
378.2099186815428, -207.89762943515422, -116.84650307322687, -2.5551564814500214, 89.6792447851025, -17.144816071292166
378.44456175269937, -207.2122119072666, -118.75735468871987, -1.5168258048017411, 89.46815275795875, -16.108669883423545
378.44456175269937, -207.2122119072666, -118.75735468871987, -1.5168258048017411, 89.46815275795875, -16.108669883423545
378.5251508276306, -206.60996134217552, -120.72821586886116, -1.1171083281275045, 89.28762759723637, -15.718752002954442
378.5251508276306, -206.60996134217552, -120.72821586886116, -1.1171083281275045, 89.28762759723637, -15.718752002954442
378.6984696844211, -206.07579831913574, -122.68241003234466, -0.8563490334564852, 89.09012456232384, -15.456707483194329
378.6984696844211, -206.07579831913574, -122.68241003234466, -0.8563490334564852, 89.09012456232384, -15.456707483194329
378.8584722259309, -205.58530425282876, -124.69832322648436, -0.6803098426414849, 88.89282487198086, -15.273498302066585
379.040684066914, -205.25072473529124, -126.38274410659925, -0.5677963918413791, 88.72575310831529, -15.160565047004297
379.040684066914, -205.25072473529124, -126.38274410659925, -0.5677963918413791, 88.72575310831529, -15.160565047004297
379.1209245472379, -204.88323629068321, -128.28852547021418, -0.47946824619622164, 88.58719067153824, -15.066379598974779
379.341281169206, -204.49006638042715, -130.45544289097927, -0.3884321169071034, 88.38530424014853, -14.968839863023646
379.341281169206, -204.49006638042715, -130.45544289097927, -0.3884321169071034, 88.38530424014853, -14.968839863023646
379.4650622410562, -204.07938414995076, -132.9496677471945, -0.288799811184537, 88.19800166298384, -14.875983037987467
379.4650622410562, -204.07938414995076, -132.9496677471945, -0.288799811184537, 88.19800166298384, -14.875983037987467
379.63264269113677, -203.74992283931132, -134.97448220121734, -0.22487211201362922, 88.04616496568245, -14.816650038817281
379.85007466022114, -203.4613637423648, -136.90345017668398, -0.18319068590436818, 87.87518589656284, -14.781333602334447
379.85007466022114, -203.4613637423648, -136.90345017668398, -0.18319068590436818, 87.87518589656284, -14.781333602334447
379.9129266846456, -203.04383979720433, -139.60693084206923, -0.13731273733535923, 87.70704568032936, -14.747064890038619
379.9129266846456, -203.04383979720433, -139.60693084206923, -0.13731273733535923, 87.70704568032936, -14.747064890038619
380.23494004075025, -202.65139346184318, -142.1746857451307, -0.10024392373505096, 87.49495652312866, -14.706396319967949
380.56549800105944, -202.28535691081512, -144.78988474356177, -0.054804010200386215, 87.26547273806135, -14.659984483341619
380.56549800105944, -202.28535691081512, -144.78988474356177, -0.054804010200386215, 87.26547273806135, -14.659984483341619
380.6245198261993, -201.85914562736343, -147.79680122241444, -0.04281975030527803, 87.10907359794611, -14.644877687909668
380.6245198261993, -201.85914562736343, -147.79680122241444, -0.04281975030527803, 87.10907359794611, -14.644877687909668
380.8168207538276, -201.43888977194223, -150.81387484569962, -0.030435062333264734, 86.93095402891096, -14.624398161161965
380.8168207538276, -201.43888977194223, -150.81387484569962, -0.030435062333264734, 86.93095402891096, -14.624398161161965
381.37137375401625, -201.10936685411272, -153.29624999367834, -0.009212681780285783, 86.68102969350272, -14.592083350219534
381.2952912976149, -200.79012277192672, -155.86343811010883, 0.00933414783354265, 86.5881834532352, -14.581945256236445
381.2952912976149, -200.79012277192672, -155.86343811010883, 0.00933414783354265, 86.5881834532352, -14.581945256236445
381.61631973279077, -200.3724409369517, -158.86588454010993, 0.02607900797232538, 86.3874663405012, -14.561999780958665
381.61631973279077, -200.3724409369517, -158.86588454010993, 0.02607900797232538, 86.3874663405012, -14.561999780958665
382.18120658595245, -200.00761903410122, -161.66690587164982, 0.06641566719440194, 86.13129739916877, -14.519152810820382
382.3001598551381, -199.6619690104448, -164.67092011464754, 0.08254191978842998, 85.97107061713359, -14.519453291223082
382.3001598551381, -199.6619690104448, -164.67092011464754, 0.08254191978842998, 85.97107061713359, -14.519453291223082
382.45229424678297, -199.32487689368494, -167.22065023765865, 0.11287156426200196, 85.83717129952689, -14.493946827867816
382.45229424678297, -199.32487689368494, -167.22065023765865, 0.11287156426200196, 85.83717129952689, -14.493946827867816
382.97368303812294, -198.97267316596108, -170.11034150020794, 0.12864014504373272, 85.59560019636912, -14.473199137422077
383.14366703310156, -198.62067079885907, -172.88308345715507, 0.1334889545087406, 85.4434465578451, -14.466350938843146
383.14366703310156, -198.62067079885907, -172.88308345715507, 0.1334889545087406, 85.4434465578451, -14.466350938843146
383.4233263734943, -198.1710787000969, -175.91832086848333, 0.13215268581364784, 85.260017747651, -14.4621532504388
383.4233263734943, -198.1710787000969, -175.91832086848333, 0.13215268581364784, 85.260017747651, -14.4621532504388
383.96067152908154, -197.75748839760215, -178.87275421920216, 0.1396447603578588, 85.05398238425009, -14.44177302526733
384.1804076430774, -197.4421497569735, -181.2252663977307, 0.1400974957497513, 84.93687001730365, -14.439807585238107
384.1804076430774, -197.4421497569735, -181.2252663977307, 0.1400974957497513, 84.93687001730365, -14.439807585238107
384.4482527887663, -197.10793904576644, -183.82163710302217, 0.1482076637476457, 84.82286120829433, -14.437858662810534
384.4482527887663, -197.10793904576644, -183.82163710302217, 0.1482076637476457, 84.82286120829433, -14.437858662810534
384.96568902455437, -196.71478814250895, -186.84217159430867, 0.16292071826050034, 84.64280338434106, -14.424951357983513
385.224776690672, -196.34510126010133, -189.69338742033676, 0.16520973591463434, 84.52710176492984, -14.430263491465965
385.224776690672, -196.34510126010133, -189.69338742033676, 0.16520973591463434, 84.52710176492984, -14.430263491465965
385.67886837958736, -195.98549886190568, -192.64477728540197, 0.17921365769253036, 84.36362016659533, -14.42575268372176
385.67886837958736, -195.98549886190568, -192.64477728540197, 0.17921365769253036, 84.36362016659533, -14.42575268372176
386.04190631306045, -195.5538409864307, -195.80331568250307, 0.1775536211126809, 84.22623318939154, -14.425404748787278
386.04190631306045, -195.5538409864307, -195.80331568250307, 0.1775536211126809, 84.22623318939154, -14.425404748787278
386.55898753243144, -195.1813225323937, -198.76479926919856, 0.1778267836891162, 84.05558463533461, -14.419077849454322
386.81485924916547, -194.84783568170272, -201.29606182762348, 0.17762461306778216, 83.95123292818278, -14.41868091860452
386.81485924916547, -194.84783568170272, -201.29606182762348, 0.17762461306778216, 83.95123292818278, -14.41868091860452
387.19832600081116, -194.46393770271652, -204.36155033372276, 0.1671101339739928, 83.81498454015502, -14.426025385935093
387.69255922181736, -194.13707594275624, -206.70176880426047, 0.16557494519262064, 83.6671639334693, -14.414974590788136
387.69255922181736, -194.13707594275624, -206.70176880426047, 0.16557494519262064, 83.6671639334693, -14.414974590788136
388.1023701222511, -193.77619825123364, -209.81038374428263, 0.16562583097117334, 83.52492305901382, -14.425843202834344
388.1023701222511, -193.77619825123364, -209.81038374428263, 0.16562583097117334, 83.52492305901382, -14.425843202834344
388.4444817497309, -193.36592011000124, -212.92413134747287, 0.1721347174839852, 83.39642563950872, -14.425204509230625
388.4444817497309, -193.36592011000124, -212.92413134747287, 0.1721347174839852, 83.39642563950872, -14.425204509230625
389.01864172485034, -192.98001960806033, -215.97451894588875, 0.18265985070897353, 83.23316337208294, -14.417691357839784
389.5175066001426, -192.66821966810852, -218.6036076460519, 0.19738439956274462, 83.08705696927703, -14.408899021993438
389.5175066001426, -192.66821966810852, -218.6036076460519, 0.19738439956274462, 83.08705696927703, -14.408899021993438
389.78448882540926, -192.2625076096441, -221.83626408148262, 0.1854773565119775, 82.97819462549361, -14.424231475565229
389.78448882540926, -192.2625076096441, -221.83626408148262, 0.1854773565119775, 82.97819462549361, -14.424231475565229
390.44363479188195, -191.96769267294462, -224.0983159594924, 0.18493504389824253, 82.82506719236399, -14.412313831254243
390.8326733222284, -191.68435275819513, -227.2744637383039, 0.17321328730675073, 82.71176524810483, -14.421954860653157
390.8326733222284, -191.68435275819513, -227.2744637383039, 0.17321328730675073, 82.71176524810483, -14.421954860653157
391.0700047962009, -191.50160892640142, -230.53567501953054, 0.1476764458188885, 82.6411711932504, -14.450415281878097
391.0700047962009, -191.50160892640142, -230.53567501953054, 0.1476764458188885, 82.6411711932504, -14.450415281878097
391.75723297574314, -191.408817528258, -233.53785976404316, 0.15116506566676666, 82.50611651104865, -14.429120064603028
391.75723297574314, -191.408817528258, -233.53785976404316, 0.15116506566676666, 82.50611651104865, -14.429120064603028
392.2194171717448, -191.41943829843717, -236.6029653209045, 0.14346535073697952, 82.40365555364097, -14.439829986247018
392.2194171717448, -191.41943829843717, -236.6029653209045, 0.14346535073697952, 82.40365555364097, -14.439829986247018
392.36200779735026, -191.42193036859047, -239.9810039692811, 0.12342396270080815, 82.36329225122337, -14.461879085550478
393.03055941267473, -191.54628944602922, -242.25237038513148, 0.14060437165641904, 82.23007006262627, -14.441424578531816
393.03055941267473, -191.54628944602922, -242.25237038513148, 0.14060437165641904, 82.23007006262627, -14.441424578531816
393.36414324067033, -191.6104872441463, -245.54310068578386, 0.1387813031358186, 82.15379263662896, -14.442649538521449
393.48659381069285, -191.65822049749346, -248.5649542111842, 0.1247472461047998, 82.11468885334689, -14.460990898223745
393.48659381069285, -191.65822049749346, -248.5649542111842, 0.1247472461047998, 82.11468885334689, -14.460990898223745
394.38696296000273, -191.81475664161047, -251.44166405543888, 0.14427469564205356, 81.94625948383387, -14.435578067215562
394.38696296000273, -191.81475664161047, -251.44166405543888, 0.14427469564205356, 81.94625948383387, -14.435578067215562
394.3023082331645, -191.82843049936187, -254.262816755779, 0.12681010421937147, 81.94715307326877, -14.459542845967098
394.9934574258443, -191.94961327578898, -256.55551114937, 0.1397105427513708, 81.82021214157997, -14.442531739114866
394.9934574258443, -191.94961327578898, -256.55551114937, 0.1397105427513708, 81.82021214157997, -14.442531739114866
395.2986889615098, -192.01610772151915, -259.4348954444458, 0.13962628976515715, 81.74808730800181, -14.443086496240186
395.43579507305105, -192.05758541607094, -262.0728649195212, 0.1282263947031713, 81.72005171642185, -14.45697802733111
395.43579507305105, -192.05758541607094, -262.0728649195212, 0.1282263947031713, 81.72005171642185, -14.45697802733111
396.2263964639373, -192.1980940551708, -264.3348927066749, 0.1487379320422459, 81.5663769806373, -14.430917898526433
396.06689765923335, -192.19045526226353, -267.5828345205908, 0.12346214793673171, 81.57987605331896, -14.461627937795221
396.06689765923335, -192.19045526226353, -267.5828345205908, 0.12346214793673171, 81.57987605331896, -14.461627937795221
397.0383152293667, -192.37139625481205, -270.4983370024292, 0.14350828933549997, 81.41100245424154, -14.436155628426953
397.1151980234862, -192.39375433940808, -273.1869724692101, 0.13522386321735538, 81.3807879463832, -14.445389237211458
397.1151980234862, -192.39375433940808, -273.1869724692101, 0.13522386321735538, 81.3807879463832, -14.445389237211458
397.5577656312719, -192.49544019430977, -276.3775898719663, 0.13141290033460418, 81.3034208710287, -14.44976738390223
397.5577656312719, -192.49544019430977, -276.3775898719663, 0.13141290033460418, 81.3034208710287, -14.44976738390223
398.27491294648104, -192.61149032797394, -278.6101310068221, 0.14514640505375526, 81.17822299464653, -14.4281979643444
398.31894739077046, -192.64878655547702, -281.6535924606841, 0.13004709565731307, 81.16889842772663, -14.448566969376735
398.31894739077046, -192.64878655547702, -281.6535924606841, 0.13004709565731307, 81.16889842772663, -14.448566969376735
398.89078695361286, -192.74101797236537, -284.23287195208104, 0.13439635054266563, 81.07955124654914, -14.43712523951758
398.89078695361286, -192.74101797236537, -284.23287195208104, 0.13439635054266563, 81.07955124654914, -14.43712523951758
399.43828412624725, -192.85278695889895, -286.32633432731967, 0.14075977445371482, 81.0156372195542, -14.428715869443725
399.311656001536, -192.83792713209166, -288.1679941728607, 0.12224106066683804, 81.07430835514917, -14.448566099829758
399.311656001536, -192.83792713209166, -288.1679941728607, 0.12224106066683804, 81.07430835514917, -14.448566099829758
399.98105859734045, -192.96201530297307, -289.9596308907024, 0.13854307122608586, 81.01125305464899, -14.427686610596307
399.98105859734045, -192.96201530297307, -289.9596308907024, 0.13854307122608586, 81.01125305464899, -14.427686610596307
400.27648594473436, -193.02236919147725, -291.8615025541157, 0.13758404675618854, 81.00669728221023, -14.427801868953251
400.25196302922296, -193.02688429810897, -293.6095160612879, 0.12499917211936769, 81.05406330248289, -14.441292751520171
400.25196302922296, -193.02688429810897, -293.6095160612879, 0.12499917211936769, 81.05406330248289, -14.441292751520171
400.89861731538855, -193.14360706109008, -295.23405648554166, 0.14055714289470397, 80.98992899050045, -14.421178417726264
400.89861731538855, -193.14360706109008, -295.23405648554166, 0.14055714289470397, 80.98992899050045, -14.421178417726264
400.80694162396856, -193.13521469468526, -297.1794942051043, 0.12378545267527256, 81.04926614342502, -14.439479414383944
400.80694162396856, -193.13521469468526, -297.1794942051043, 0.12378545267527256, 81.04926614342502, -14.439479414383944
401.2116268301818, -193.2219698201686, -299.00884074126685, 0.12748747062323504, 81.03057340811783, -14.43475672488544
401.52999525359206, -193.26804952896168, -300.4690160235123, 0.12973224421751145, 81.01533010226488, -14.428216487069314
401.52999525359206, -193.26804952896168, -300.4690160235123, 0.12973224421751145, 81.01533010226488, -14.428216487069314
401.69907916825684, -193.3223316277025, -301.9685538805926, 0.1267910971978924, 81.02620761920971, -14.433725318566863
402.1156204623061, -193.380436834055, -303.7518339712356, 0.13493787863268772, 80.98836705587424, -14.418733584889392
402.1156204623061, -193.380436834055, -303.7518339712356, 0.13493787863268772, 80.98836705587424, -14.418733584889392
402.1522255596573, -193.41563371269552, -305.54451034007246, 0.1300246835647612, 80.9957555269938, -14.428238713762202
402.1522255596573, -193.41563371269552, -305.54451034007246, 0.1300246835647612, 80.9957555269938, -14.428238713762202
402.42034691206305, -193.6240029686464, -306.93022240453234, 0.10558901293669408, 80.95045933421868, -14.414957268051856
402.5001280680101, -194.3781300339863, -307.8187042867336, 0.11115267935526886, 80.89694245621256, -14.428685398125863
402.5001280680101, -194.3781300339863, -307.8187042867336, 0.11115267935526886, 80.89694245621256, -14.428685398125863
402.2531846237882, -195.23907310646126, -309.16421034340857, 0.10515275709652977, 80.89042071306496, -14.426878240081313
402.39502414737467, -196.1729979894486, -309.8195252246287, 0.10885368047595162, 80.81201571704732, -14.416129137511618
402.39502414737467, -196.1729979894486, -309.8195252246287, 0.10885368047595162, 80.81201571704732, -14.416129137511618
401.9476639834856, -197.18649398691034, -310.77440292460426, 0.08717327666346616, 80.82432259439601, -14.424104983280172
401.8968701101054, -198.4498454873829, -310.852979268991, 0.0903707875464094, 80.74904309954057, -14.418257248908525
401.8968701101054, -198.4498454873829, -310.852979268991, 0.0903707875464094, 80.74904309954057, -14.418257248908525
401.21270869008987, -200.49023994026533, -310.93975313356435, 0.09151211469328514, 80.72587028934566, -14.419669769553186
401.21270869008987, -200.49023994026533, -310.93975313356435, 0.09151211469328514, 80.72587028934566, -14.419669769553186
400.46321927905166, -202.73026070741867, -310.9758020531716, 0.08196421025996291, 80.70843456797023, -14.440017865520423
400.46321927905166, -202.73026070741867, -310.9758020531716, 0.08196421025996291, 80.70843456797023, -14.440017865520423
399.9855264709122, -204.95479735499947, -310.87555063762636, 0.05232327834525187, 80.64610629280608, -14.445764205760815
399.32248582927565, -206.96581030098548, -310.9096761776897, 0.047473844773984, 80.62457182574643, -14.475084375654761
399.32248582927565, -206.96581030098548, -310.9096761776897, 0.047473844773984, 80.62457182574643, -14.475084375654761
398.69822201039665, -209.22124662362887, -310.871394816213, 0.003101612382241759, 80.58766387687979, -14.49962996980574
398.69822201039665, -209.22124662362887, -310.871394816213, 0.003101612382241759, 80.58766387687979, -14.49962996980574
398.1475572097514, -211.35229429849983, -310.78134413165634, -0.009102024186153954, 80.53987251443279, -14.527447364788767
397.4035447130919, -213.7008931487094, -310.79015344537953, -0.030653960852956838, 80.51716559739404, -14.540639003287126
397.4035447130919, -213.7008931487094, -310.79015344537953, -0.030653960852956838, 80.51716559739404, -14.540639003287126
396.94529613805804, -215.5509622162619, -310.71233897867694, -0.02344422537953863, 80.47782265778945, -14.543808632190775
396.94529613805804, -215.5509622162619, -310.71233897867694, -0.02344422537953863, 80.47782265778945, -14.543808632190775
396.29255586542297, -217.80970996161003, -310.6869297614309, -0.03776942431122872, 80.4494954170758, -14.53584601792778
395.73329378211923, -219.68147640584013, -310.71277864345114, -0.050535566969323265, 80.45604458356249, -14.531811306626118
395.73329378211923, -219.68147640584013, -310.71277864345114, -0.050535566969323265, 80.45604458356249, -14.531811306626118
395.2109716050266, -221.86163123032327, -310.70467511602, -0.10394822673183672, 80.45055238026195, -14.50314189391663
394.636703244981, -223.88269787522742, -310.73979549804017, -0.14468189330894515, 80.45569289172519, -14.487937715447847
394.636703244981, -223.88269787522742, -310.73979549804017, -0.14468189330894515, 80.45569289172519, -14.487937715447847
394.08779769967197, -226.06636867699703, -310.76256933255485, -0.21955735465653722, 80.45657981695612, -14.467335595391585
394.08779769967197, -226.06636867699703, -310.76256933255485, -0.21955735465653722, 80.45657981695612, -14.467335595391585
393.6971397517765, -227.807255190559, -310.71307862114975, -0.3181598700868271, 80.44452885098578, -14.467789446126531
393.6971397517765, -227.807255190559, -310.71307862114975, -0.3181598700868271, 80.44452885098578, -14.467789446126531
393.08200453776044, -229.95953071802643, -310.7611834403324, -0.41754694179708063, 80.4551985144521, -14.478388639404034
392.721529247109, -231.63893394723152, -310.7020305314802, -0.5194185434463334, 80.44574058775402, -14.495404449119233
392.721529247109, -231.63893394723152, -310.7020305314802, -0.5194185434463334, 80.44574058775402, -14.495404449119233
392.1544917138898, -233.70586054127102, -310.73426410710715, -0.6492022744602768, 80.45672389852487, -14.508295959066913
392.1544917138898, -233.70586054127102, -310.73426410710715, -0.6492022744602768, 80.45672389852487, -14.508295959066913
391.66457382957157, -235.78725532038374, -310.69654540891224, -0.7730281470477167, 80.45303994027996, -14.531165340743138
391.3508801539655, -237.29916668137986, -310.650120074823, -0.9106912423236756, 80.44084501310579, -14.541191595852032
391.3508801539655, -237.29916668137986, -310.650120074823, -0.9106912423236756, 80.44084501310579, -14.541191595852032
391.0387348302739, -238.526801363901, -310.6469917895837, -1.0705272637084644, 80.4377060678439, -14.556954992507814
390.9247238030137, -239.22061522373022, -310.6198429633437, -1.2109405133559705, 80.43269412561071, -14.555206619852575
390.9247238030137, -239.22061522373022, -310.6198429633437, -1.2109405133559705, 80.43269412561071, -14.555206619852575
390.79157669963337, -239.87194485241326, -310.6015452159403, -1.332310081848989, 80.42682191165713, -14.557469801121961
390.79157669963337, -239.87194485241326, -310.6015452159403, -1.332310081848989, 80.42682191165713, -14.557469801121961
390.5848998696058, -240.66464598235964, -310.6084396631583, -1.514895874963895, 80.4312104320883, -14.561133815989871
390.5848998696058, -240.66464598235964, -310.6084396631583, -1.514895874963895, 80.4312104320883, -14.561133815989871
390.4203279898119, -241.4756560186009, -310.59182223723093, -1.6606513809669536, 80.42952678683822, -14.55348024948528
390.23699012653765, -242.19717646202622, -310.5874314162199, -1.8248350042664738, 80.43341439978987, -14.538647617553732
390.23699012653765, -242.19717646202622, -310.5874314162199, -1.8248350042664738, 80.43341439978987, -14.538647617553732
390.10050484625435, -242.77639191830036, -310.6017450390255, -1.953617682137737, 80.43999506259043, -14.502275809027573
390.10050484625435, -242.77639191830036, -310.6017450390255, -1.953617682137737, 80.43999506259043, -14.502275809027573
389.9982993567754, -243.1779488123511, -310.59329645536917, -2.0753031818968424, 80.44339791292184, -14.490530039619914
389.9288727418488, -243.42416333144868, -310.60906134945355, -2.1799042084316214, 80.44763513084865, -14.475580368410357
389.9288727418488, -243.42416333144868, -310.60906134945355, -2.1799042084316214, 80.44763513084865, -14.475580368410357
389.8489142984305, -243.7764047620627, -310.5981746305084, -2.2887872291114504, 80.446987769665, -14.471273773426429
389.8489142984305, -243.7764047620627, -310.5981746305084, -2.2887872291114504, 80.446987769665, -14.471273773426429
389.7918844665144, -244.01408360090323, -310.6047011944746, -2.3950852241894287, 80.44888244998232, -14.460464882007694
389.81256126357954, -243.94140400329397, -310.57248793029027, -2.477580436938241, 80.44826148662774, -14.459440861008416
389.81256126357954, -243.94140400329397, -310.57248793029027, -2.477580436938241, 80.44826148662774, -14.459440861008416
389.8021069862801, -243.69958801646698, -309.8128224023489, -2.6129331395074638, 80.44481739487118, -14.46378110315902
389.8021069862801, -243.69958801646698, -309.8128224023489, -2.6129331395074638, 80.44481739487118, -14.46378110315902
389.6876180789787, -243.44723699964982, -308.56710986476935, -2.7199288654212705, 80.45905202834284, -14.454500403333403
389.4933519444073, -243.2110838472251, -307.29423327301055, -2.808033769862812, 80.51192409565822, -14.44955552892683
389.4933519444073, -243.2110838472251, -307.29423327301055, -2.808033769862812, 80.51192409565822, -14.44955552892683
389.39420885601726, -243.00434754719663, -305.57438559967954, -2.9140639762740297, 80.56030439828265, -14.462485056667683
389.39420885601726, -243.00434754719663, -305.57438559967954, -2.9140639762740297, 80.56030439828265, -14.462485056667683
389.1942302119577, -242.82943972327953, -304.19236066997513, -2.981841293782214, 80.62320815176491, -14.467991913566024
388.89282202713906, -242.57808343880853, -302.427749607175, -3.0595838435784874, 80.70950411992501, -14.470836123171408
388.89282202713906, -242.57808343880853, -302.427749607175, -3.0595838435784874, 80.70950411992501, -14.470836123171408
388.7319220156926, -242.4350499709052, -300.7126906750856, -3.142178670433349, 80.7616996525236, -14.493968530718943
388.4362443605672, -242.20093357350396, -298.666991931265, -3.2285249009358377, 80.83728682585753, -14.5088016171999
388.4362443605672, -242.20093357350396, -298.666991931265, -3.2285249009358377, 80.83728682585753, -14.5088016171999
388.0866794637445, -241.94218142618686, -296.34728601751783, -3.331980279556524, 80.92189813638015, -14.529634214045648
388.0866794637445, -241.94218142618686, -296.34728601751783, -3.331980279556524, 80.92189813638015, -14.529634214045648
387.85401356717125, -241.73754972180646, -293.93024973344126, -3.4573047865503863, 80.98988413751972, -14.574683801542951
387.85401356717125, -241.73754972180646, -293.93024973344126, -3.4573047865503863, 80.98988413751972, -14.574683801542951
387.49743961102024, -241.50250114248695, -292.11226858953495, -3.531477162083671, 81.0745382349538, -14.585886141078388
387.2648802885916, -241.32706658313046, -289.74133962281445, -3.645236134696506, 81.14443021664455, -14.631321379271643
387.2648802885916, -241.32706658313046, -289.74133962281445, -3.645236134696506, 81.14443021664455, -14.631321379271643
386.95335683692883, -241.13698003194696, -287.8922425093994, -3.7190700349317325, 81.22069780896182, -14.65630041743151
386.6640402273832, -240.98327562681564, -285.7227075529319, -3.801720262060878, 81.30220448511534, -14.6937527253468
386.6640402273832, -240.98327562681564, -285.7227075529319, -3.801720262060878, 81.30220448511534, -14.6937527253468
386.39737016382236, -240.8384673348205, -283.85129669164814, -3.869104976847239, 81.36910441629242, -14.726528179373052
386.39737016382236, -240.8384673348205, -283.85129669164814, -3.869104976847239, 81.36910441629242, -14.726528179373052
386.10827468543243, -240.68283809422303, -281.5099712114722, -3.9623267641416633, 81.45164659166751, -14.777513681461564
385.8576673485652, -240.54970148047133, -279.67852989773957, -4.03421953228834, 81.52795768928976, -14.814068407342877
385.8576673485652, -240.54970148047133, -279.67852989773957, -4.03421953228834, 81.52795768928976, -14.814068407342877
385.55758366428944, -240.37634918832134, -277.5794110165909, -4.127787893539442, 81.61563219469686, -14.862803570298114
385.2970370415214, -240.24993506565312, -275.2585403738357, -4.241013765560105, 81.73332122387778, -14.935127049286796
385.2970370415214, -240.24993506565312, -275.2585403738357, -4.241013765560105, 81.73332122387778, -14.935127049286796
384.9371943918456, -240.0489772644082, -273.0417295456193, -4.358857666584202, 81.88551020393061, -15.006264001128146
384.9371943918456, -240.0489772644082, -273.0417295456193, -4.358857666584202, 81.88551020393061, -15.006264001128146
384.6708736916099, -239.91128412234332, -270.78246151330444, -4.486946210004887, 82.02552420919818, -15.092049576940056
384.6708736916099, -239.91128412234332, -270.78246151330444, -4.486946210004887, 82.02552420919818, -15.092049576940056
384.45151655498427, -239.7929326750333, -268.999387497275, -4.598503563183951, 82.13302726954788, -15.16893581353472
384.1556692460884, -239.630865663095, -266.69273125136897, -4.738493582703598, 82.2820044772574, -15.266714515815998
384.1556692460884, -239.630865663095, -266.69273125136897, -4.738493582703598, 82.2820044772574, -15.266714515815998
383.92528979773834, -239.52117241387361, -264.930041259696, -4.844897812455737, 82.40056684170953, -15.343238901643524
383.92528979773834, -239.52117241387361, -264.930041259696, -4.844897812455737, 82.40056684170953, -15.343238901643524
383.68090563865854, -239.37804498876133, -262.6222434636148, -4.9816699216004645, 82.5493744514967, -15.442428526228994
383.3851549608347, -239.24248386753706, -260.65549956027735, -5.099639471833268, 82.69220074134469, -15.531446233621308
383.3851549608347, -239.24248386753706, -260.65549956027735, -5.099639471833268, 82.69220074134469, -15.531446233621308
383.1694380217653, -239.10983030632508, -258.3894190786626, -5.237410768753962, 82.83867104359456, -15.636465101178
383.1694380217653, -239.10983030632508, -258.3894190786626, -5.237410768753962, 82.83867104359456, -15.636465101178
382.8806794817168, -238.984339824858, -256.1391983918031, -5.36969705099553, 83.00521961583885, -15.744848189081406
382.8806794817168, -238.984339824858, -256.1391983918031, -5.36969705099553, 83.00521961583885, -15.744848189081406
382.6787300105659, -238.87682844843644, -253.86924404407452, -5.517517701432763, 83.15588527104589, -15.868358677288061
382.37108213316276, -238.74262231066635, -251.59084993380665, -5.6490386060585545, 83.3410360677106, -15.978348908910316
382.37108213316276, -238.74262231066635, -251.59084993380665, -5.6490386060585545, 83.3410360677106, -15.978348908910316
382.1778377227139, -238.65047272572437, -249.57503353162338, -5.777418890880141, 83.47500020198741, -16.08997942677283
381.9633043417419, -238.57263583163092, -247.54017970182414, -5.902396438748458, 83.61455791902364, -16.20208960216317
381.9633043417419, -238.57263583163092, -247.54017970182414, -5.902396438748458, 83.61455791902364, -16.20208960216317
381.65013156887204, -238.4364983780304, -244.88750997290092, -6.080460237831512, 83.80686769737774, -16.36189518156993
381.65013156887204, -238.4364983780304, -244.88750997290092, -6.080460237831512, 83.80686769737774, -16.36189518156993
381.36468145105414, -238.32721198422965, -242.10569781758338, -6.267008310276874, 83.99245023183893, -16.5326231354434
381.36468145105414, -238.32721198422965, -242.10569781758338, -6.267008310276874, 83.99245023183893, -16.5326231354434
381.2220642698289, -238.2525753050596, -239.11763361482, -6.506211157295274, 84.15136742062725, -16.75656958391999
380.8070421038958, -238.12362874193792, -236.6694484908503, -6.683321603102858, 84.34607249507611, -16.925407349970545
380.8070421038958, -238.12362874193792, -236.6694484908503, -6.683321603102858, 84.34607249507611, -16.925407349970545
380.5549108195908, -238.00724129257227, -233.68654961476452, -6.93053002535402, 84.53748346029705, -17.156428133521757
380.5549108195908, -238.00724129257227, -233.68654961476452, -6.93053002535402, 84.53748346029705, -17.156428133521757
380.41642883160375, -237.9517336667444, -230.53816911079983, -7.222486533632642, 84.69577548116435, -17.433272525471775
380.41642883160375, -237.9517336667444, -230.53816911079983, -7.222486533632642, 84.69577548116435, -17.433272525471775
379.9551426429409, -237.8056213174797, -227.4249590671147, -7.492044090035526, 84.92855100255913, -17.695309196398703
379.77149019663756, -237.71281054324106, -224.56947821749242, -7.7808880749678435, 85.08770744298778, -17.97478906391154
379.77149019663756, -237.71281054324106, -224.56947821749242, -7.7808880749678435, 85.08770744298778, -17.97478906391154
379.6539981387268, -237.67465492415874, -220.97319998323968, -8.193216434312026, 85.26169392383497, -18.3785117910184
379.1467347147523, -237.50197736420552, -218.33122516084308, -8.498235486661306, 85.49217226811494, -18.684602597354957
379.1467347147523, -237.50197736420552, -218.33122516084308, -8.498235486661306, 85.49217226811494, -18.684602597354957
379.0024793679705, -237.44016481085856, -214.76395731344107, -8.99388285138292, 85.70142348830805, -19.176547543860718
379.0024793679705, -237.44016481085856, -214.76395731344107, -8.99388285138292, 85.70142348830805, -19.176547543860718
378.97423619698367, -237.42768419732238, -211.3898261928256, -9.527333123506232, 85.8617418127653, -19.708817897930878
378.4966637679399, -237.26116891177307, -208.65368192236895, -10.039444831835448, 86.13058833392043, -20.222663053578344
378.4966637679399, -237.26116891177307, -208.65368192236895, -10.039444831835448, 86.13058833392043, -20.222663053578344
378.3837452770426, -237.21667201821882, -204.8667582699343, -10.807645962016617, 86.38041506120963, -20.991882979045602
378.24657513058895, -237.17040634163394, -202.00445623206284, -11.437074213229865, 86.5731089672514, -21.62209263528703
378.24657513058895, -237.17040634163394, -202.00445623206284, -11.437074213229865, 86.5731089672514, -21.62209263528703
377.8817896931279, -237.0469259447243, -198.65115640533887, -12.29878425864168, 86.85902921778722, -22.48742787149456
378.04136720881826, -237.09405995325272, -195.40760878606272, -13.111149851571172, 87.00694896652652, -23.298347426596727
378.04136720881826, -237.09405995325272, -195.40760878606272, -13.111149851571172, 87.00694896652652, -23.298347426596727
377.66529467622837, -236.96615203814943, -191.71295851084673, -14.410247332613233, 87.30750942522369, -24.60075857112749
377.66529467622837, -236.96615203814943, -191.71295851084673, -14.410247332613233, 87.30750942522369, -24.60075857112749
377.4481065965236, -236.8852902426431, -188.7304212761301, -15.646738807165747, 87.55422061866126, -25.838602466128883
377.4481065965236, -236.8852902426431, -188.7304212761301, -15.646738807165747, 87.55422061866126, -25.838602466128883
377.52485579025006, -236.91405203763267, -184.50506206907443, -17.472626134847495, 87.77005788300163, -27.66513687490983
377.2043663363719, -236.7860860507321, -180.73458411441945, -19.848136930842827, 88.05030536865054, -30.04038733051958
377.2043663363719, -236.7860860507321, -180.73458411441945, -19.848136930842827, 88.05030536865054, -30.04038733051958
377.002254589699, -236.72085665893385, -177.08392788962644, -22.93500209794445, 88.31408027931019, -33.12960264406338
377.002254589699, -236.72085665893385, -177.08392788962644, -22.93500209794445, 88.31408027931019, -33.12960264406338
377.0952337294436, -236.74568267241193, -172.9475564302883, -26.862290930366083, 88.52338557298938, -37.05574278740451
377.00466565160957, -236.71830791009046, -168.86549574161126, -32.53577343799586, 88.74828674416096, -42.7310101505263
377.00466565160957, -236.71830791009046, -168.86549574161126, -32.53577343799586, 88.74828674416096, -42.7310101505263
376.7377772707205, -236.6155582040764, -165.80674845255535, -40.27447183866665, 88.97010344249753, -50.470016882586584
376.7377772707205, -236.6155582040764, -165.80674845255535, -40.27447183866665, 88.97010344249753, -50.470016882586584
376.84596962216875, -236.66208021135054, -161.48439589561016, -51.20430670768593, 89.13345816149092, -61.40274514145984
376.68261462902376, -236.60201817428205, -158.23719153548018, -64.88326624717358, 89.25428294555202, -75.08440656188631
376.68261462902376, -236.60201817428205, -158.23719153548018, -64.88326624717358, 89.25428294555202, -75.08440656188631
376.61583717193315, -236.6045176093968, -154.0314524999056, -87.95891317877464, 89.32675399949206, -98.16959383225263
376.61583717193315, -236.6045176093968, -154.0314524999056, -87.95891317877464, 89.32675399949206, -98.16959383225263
376.7207090667225, -236.65083284857525, -149.63391636644596, -108.13709085526506, 89.28591310685304, -118.35428178005607
376.6663537437233, -236.657844752852, -145.80714023849305, -125.3890988001615, 89.17210008511596, -135.61686717816522
376.6663537437233, -236.657844752852, -145.80714023849305, -125.3890988001615, 89.17210008511596, -135.61686717816522
376.52771720389353, -236.6296743475344, -141.73556744237607, -140.6480148203734, 88.95653200286068, -150.8882314736674
376.52771720389353, -236.6296743475344, -141.73556744237607, -140.6480148203734, 88.95653200286068, -150.8882314736674
376.7184071836682, -236.7240268345115, -137.39206064682028, -148.22123898235793, 88.73367540796093, -158.47333506590377
376.7878439577846, -236.761802540227, -133.92568839979955, -153.20596640203604, 88.52042605997401, -163.46585617105018
376.7878439577846, -236.761802540227, -133.92568839979955, -153.20596640203604, 88.52042605997401, -163.46585617105018
376.688448136041, -236.74965992165306, -129.85088513249624, -158.5752612479154, 88.19938491161982, -168.84748505744247
376.688448136041, -236.74965992165306, -129.85088513249624, -158.5752612479154, 88.19938491161982, -168.84748505744247
376.9691864995525, -236.84143768461243, -126.3555930670981, -160.56923130412335, 87.99886087472233, -170.84687203056322
376.93522193786754, -236.83476982131629, -122.71569450962974, -163.23489489438424, 87.70454040048392, -173.52277057454603
376.93522193786754, -236.83476982131629, -122.71569450962974, -163.23489489438424, 87.70454040048392, -173.52277057454603
377.1089258183888, -236.83971390183132, -119.34025940757995, -164.79746208828357, 87.46413004952193, -175.0851267069191
377.1089258183888, -236.83971390183132, -119.34025940757995, -164.79746208828357, 87.46413004952193, -175.0851267069191
377.39165851040815, -236.88956856328264, -114.97058449336626, -166.0772260096746, 87.18409728451884, -176.36866801129142
377.4446581854133, -236.8549516571629, -110.85316373236523, -167.64881635657522, 86.84473352870378, -177.94460843083303
377.4446581854133, -236.8549516571629, -110.85316373236523, -167.64881635657522, 86.84473352870378, -177.94460843083303
377.6143640225056, -236.8450936862066, -107.65807225163951, -168.60347662980757, 86.58855823314912, -178.8985975024286
377.6143640225056, -236.8450936862066, -107.65807225163951, -168.60347662980757, 86.58855823314912, -178.8985975024286
378.019219613198, -236.88984869893093, -103.31159373008073, -169.30619690502434, 86.31547360636723, -179.5991803964811
378.113266331267, -236.85266422250885, -99.23859178579228, -170.36302886413864, 85.97105588070495, 179.34222440127766
378.113266331267, -236.85266422250885, -99.23859178579228, -170.36302886413864, 85.97105588070495, 179.34222440127766
378.35183691970684, -236.82640327487366, -95.12369885803975, -171.1816945454443, 85.64467758277908, 178.52617565622782
378.35183691970684, -236.82640327487366, -95.12369885803975, -171.1816945454443, 85.64467758277908, 178.52617565622782
378.8614311820542, -236.88475224975664, -91.23740400099608, -171.56492978198517, 85.40977556542023, 178.14892049986534
378.9617567578451, -236.86108656445055, -87.98884165635302, -172.14049838078495, 85.13078623235168, 177.57021510263965
378.9617567578451, -236.86108656445055, -87.98884165635302, -172.14049838078495, 85.13078623235168, 177.57021510263965
379.31949086905354, -236.85214215950754, -83.80501805812314, -172.72167282737635, 84.79321922037397, 176.99316472849856
379.31949086905354, -236.85214215950754, -83.80501805812314, -172.72167282737635, 84.79321922037397, 176.99316472849856
379.84706682953595, -236.93015133793116, -80.28204121922523, -172.85205129311018, 84.60727608819268, 176.86718103947845
379.98618047127195, -236.90382656215775, -76.29573273547963, -173.43318260908805, 84.2356745163745, 176.27998365175
379.98618047127195, -236.90382656215775, -76.29573273547963, -173.43318260908805, 84.2356745163745, 176.27998365175
380.4587710160424, -236.92312506146155, -72.4675772601352, -173.6905390674716, 83.96806057765374, 176.02714982052262
380.87364651093714, -236.99084566797438, -68.9486385682115, -173.87073827776578, 83.72933511456313, 175.8434710844239
380.87364651093714, -236.99084566797438, -68.9486385682115, -173.87073827776578, 83.72933511456313, 175.8434710844239
381.1435998311523, -236.97270210433027, -65.05461847629931, -174.23931869480757, 83.3822503550176, 175.4702367377999
381.1435998311523, -236.97270210433027, -65.05461847629931, -174.23931869480757, 83.3822503550176, 175.4702367377999
381.7607323862746, -237.03346556262466, -60.69648176601281, -174.43874729391987, 83.07703187522179, 175.27006520403745
382.2087802697288, -237.0960901262355, -57.34912859343277, -174.546929933132, 82.85210389502839, 175.15657534162708
382.2087802697288, -237.0960901262355, -57.34912859343277, -174.546929933132, 82.85210389502839, 175.15657534162708
382.56156556476293, -237.10047138602283, -53.357957131095624, -174.86884591404703, 82.49056480285009, 174.82589555939802
382.56156556476293, -237.10047138602283, -53.357957131095624, -174.86884591404703, 82.49056480285009, 174.82589555939802
383.1768270086174, -237.15957035721735, -49.17023879245338, -175.05276665074211, 82.18450367126688, 174.63763664209898
383.1768270086174, -237.15957035721735, -49.17023879245338, -175.05276665074211, 82.18450367126688, 174.63763664209898
383.7856167245171, -237.2199084221534, -44.937759188330816, -175.20566155462984, 81.89331695873061, 174.47938940917572
384.172741208985, -237.23929377959027, -41.31300781839051, -175.4272043970319, 81.58432382967825, 174.24894002704008
384.172741208985, -237.23929377959027, -41.31300781839051, -175.4272043970319, 81.58432382967825, 174.24894002704008
384.7092666235546, -237.27606026026044, -37.20792715983526, -175.6189464157337, 81.26239667640363, 174.04999847981165
384.7092666235546, -237.27606026026044, -37.20792715983526, -175.6189464157337, 81.26239667640363, 174.04999847981165
385.21532780267376, -237.29409613829426, -33.80277317353449, -175.7804616657464, 80.9971375955438, 173.89154994323175
385.6739099937351, -237.3616090833147, -30.568989896556847, -175.89141225008214, 80.75285422819945, 173.77322003621575
385.6739099937351, -237.3616090833147, -30.568989896556847, -175.89141225008214, 80.75285422819945, 173.77322003621575
386.2632341424623, -237.38874317506088, -26.82491323506817, -176.04992228938104, 80.45247833122224, 173.61893150933784
386.9536786601945, -237.4762825581138, -22.702505624267094, -176.1653740283564, 80.14591496379224, 173.50406001661713
386.9536786601945, -237.4762825581138, -22.702505624267094, -176.1653740283564, 80.14591496379224, 173.50406001661713
387.6349824136365, -237.5354430042456, -18.635742344595727, -176.2969848175761, 79.82112106917758, 173.37767750728347
387.6349824136365, -237.5354430042456, -18.635742344595727, -176.2969848175761, 79.82112106917758, 173.37767750728347
388.40175880389666, -237.61936358400294, -14.469894727451166, -176.40206301260397, 79.50407438693274, 173.27714956356675
388.40175880389666, -237.61936358400294, -14.469894727451166, -176.40206301260397, 79.50407438693274, 173.27714956356675
389.24778773409184, -237.719055066961, -10.26567149198898, -176.4610337079558, 79.21517379159297, 173.22344672854447
389.73350036491314, -237.76479256842435, -7.075889175089528, -176.57095942033826, 78.93351792153263, 173.11348813483167
389.73350036491314, -237.76479256842435, -7.075889175089528, -176.57095942033826, 78.93351792153263, 173.11348813483167
390.4335429722556, -237.84243696439157, -3.7603381912441884, -176.60927457726856, 78.70539786579727, 173.0787731642475
390.4335429722556, -237.84243696439157, -3.7603381912441884, -176.60927457726856, 78.70539786579727, 173.0787731642475
391.155345357906, -237.9197397377373, 0.29674157462958317, -176.71903147025614, 78.36793911826076, 172.9690435591352
391.99519015504615, -238.0290309471347, 4.424848554512834, -176.819108825367, 78.03022109308665, 172.86459554915834
391.99519015504615, -238.0290309471347, 4.424848554512834, -176.819108825367, 78.03022109308665, 172.86459554915834
392.92457791972885, -238.14985767537732, 8.600014153388486, -176.89458434337155, 77.72235449008377, 172.78518055480677
392.92457791972885, -238.14985767537732, 8.600014153388486, -176.89458434337155, 77.72235449008377, 172.78518055480677
393.83601231607366, -238.25671784501253, 12.737337337165284, -176.96656588986468, 77.41323966336506, 172.70881414853787
393.83601231607366, -238.25671784501253, 12.737337337165284, -176.96656588986468, 77.41323966336506, 172.70881414853787
394.64206243292807, -238.3923725585493, 16.402015944118304, -177.02259842297497, 77.13805204066662, 172.6406518140341
395.4382290895548, -238.48791132145132, 19.80152846936115, -177.09085104580123, 76.87436051236476, 172.56873422610454
395.4382290895548, -238.48791132145132, 19.80152846936115, -177.09085104580123, 76.87436051236476, 172.56873422610454
396.11033606584624, -238.6176511433879, 22.815641000243552, -177.13830033869837, 76.63022097189919, 172.5098555082
396.8072400647461, -238.69010254993478, 25.891998143430516, -177.22646134139939, 76.2904926905995, 172.4195400576577
396.8072400647461, -238.69010254993478, 25.891998143430516, -177.22646134139939, 76.2904926905995, 172.4195400576577
397.44058698029215, -238.7968395322061, 28.221009415598047, -177.2380298337613, 76.0539732835129, 172.40635012083735
397.7015545126058, -238.81863996871155, 29.62861713641099, -177.33165891721677, 75.75236682811315, 172.31084045316922
397.7015545126058, -238.81863996871155, 29.62861713641099, -177.33165891721677, 75.75236682811315, 172.31084045316922
398.1254755511684, -238.8575219994439, 31.31232582372666, -177.39773239035634, 75.42774932708274, 172.2481207268459
398.1254755511684, -238.8575219994439, 31.31232582372666, -177.39773239035634, 75.42774932708274, 172.2481207268459
398.58547916132045, -238.93950852147066, 32.8741665501952, -177.40134497880655, 75.22094434223644, 172.24613613668632
398.85127042730085, -238.95766023920146, 34.192965699549994, -177.47746129982005, 74.90147450715634, 172.17119184074505
398.85127042730085, -238.95766023920146, 34.192965699549994, -177.47746129982005, 74.90147450715634, 172.17119184074505
399.31820891769723, -239.00310032069677, 35.685521433582586, -177.5020358388936, 74.66143570694592, 172.15500651982703
399.78325823220564, -239.08031742518554, 37.36793007688541, -177.5397359518701, 74.35028181290367, 172.1177563054314
399.78325823220564, -239.08031742518554, 37.36793007688541, -177.5397359518701, 74.35028181290367, 172.1177563054314
400.15183996365386, -239.11523083093752, 38.951714249503055, -177.60390374916167, 74.00551915725265, 172.0563910017994
400.15183996365386, -239.11523083093752, 38.951714249503055, -177.60390374916167, 74.00551915725265, 172.0563910017994
400.69499474688035, -239.16779282969563, 40.69890437834944, -177.63258143020528, 73.7033295408975, 172.03328765286605
400.69499474688035, -239.16779282969563, 40.69890437834944, -177.63258143020528, 73.7033295408975, 172.03328765286605
401.0644546005365, -239.2264581658195, 41.99244455491968, -177.67389263602365, 73.4438375394126, 171.99127269758833
401.56266635855224, -239.2789785729461, 43.718160753769475, -177.7227426643939, 73.11628307743831, 171.94344466536313
401.56266635855224, -239.2789785729461, 43.718160753769475, -177.7227426643939, 73.11628307743831, 171.94344466536313
402.14812051419915, -239.35492227290322, 45.60015326879344, -177.75617478168328, 72.85074828774222, 171.90915428523
402.14812051419915, -239.35492227290322, 45.60015326879344, -177.75617478168328, 72.85074828774222, 171.90915428523
402.80968696952556, -239.46160894522754, 47.78230808381906, -177.80659064715675, 72.52748398951739, 171.85061003132085
403.5584534782388, -239.58670288511226, 50.179376611388165, -177.8473476931392, 72.20937999862124, 171.799977471415
403.5584534782388, -239.58670288511226, 50.179376611388165, -177.8473476931392, 72.20937999862124, 171.799977471415
404.18536552190017, -239.662497855049, 52.170979809190506, -177.88072918913062, 71.94990304957587, 171.76315451654602
404.18536552190017, -239.662497855049, 52.170979809190506, -177.88072918913062, 71.94990304957587, 171.76315451654602
404.9720856006178, -239.7856965200989, 54.57659651863517, -177.91441818703157, 71.63764203627133, 171.7219239237692
405.5687986161044, -239.89394738976245, 56.4939344497365, -177.94483630502924, 71.37749060866403, 171.6815351679015
405.5687986161044, -239.89394738976245, 56.4939344497365, -177.94483630502924, 71.37749060866403, 171.6815351679015
406.31045482174744, -239.9996064633625, 58.71772599058518, -177.97008188403322, 71.09868941941943, 171.65286842920912
407.12482600049884, -240.13664136565276, 61.08974527650134, -178.0059253213359, 70.78021413413163, 171.61172713793846
407.12482600049884, -240.13664136565276, 61.08974527650134, -178.0059253213359, 70.78021413413163, 171.61172713793846
407.97118030347286, -240.27186119086937, 63.57636277626687, -178.0347764102055, 70.46920455748847, 171.58047426250673
407.97118030347286, -240.27186119086937, 63.57636277626687, -178.0347764102055, 70.46920455748847, 171.58047426250673
408.8028830641515, -240.38919848059248, 65.96947098774856, -178.06999963166936, 70.1457155848289, 171.5475921435695
408.8028830641515, -240.38919848059248, 65.96947098774856, -178.06999963166936, 70.1457155848289, 171.5475921435695
409.67065301329006, -240.50057171526146, 68.36317722619738, -178.1051530775243, 69.82219336028736, 171.52014365057
410.3723751384444, -240.60658321508933, 70.33497299429467, -178.12019613292753, 69.58315649112203, 171.50734523200995
410.3723751384444, -240.60658321508933, 70.33497299429467, -178.12019613292753, 69.58315649112203, 171.50734523200995
411.06933865222624, -240.69434683029993, 72.2544642374393, -178.14645560320224, 69.32255590348487, 171.48647371422206
411.06933865222624, -240.69434683029993, 72.2544642374393, -178.14645560320224, 69.32255590348487, 171.48647371422206
411.87376977686296, -240.82247283084416, 74.38560718430966, -178.17059977658664, 69.03348139579991, 171.46252038993586
412.58905808269867, -240.9417914500942, 76.24114195527433, -178.17740265437115, 68.81134295328064, 171.45499467622093
412.58905808269867, -240.9417914500942, 76.24114195527433, -178.17740265437115, 68.81134295328064, 171.45499467622093
413.2686619174263, -241.04657155954646, 78.0907881476709, -178.20452077779868, 68.53758718790074, 171.42588576258854
414.1111766122816, -241.195920502995, 80.30549277612847, -178.21791342482067, 68.25446183438174, 171.4057243129889
414.1111766122816, -241.195920502995, 80.30549277612847, -178.21791342482067, 68.25446183438174, 171.4057243129889
414.9882903631007, -241.32447051560206, 82.49374839239164, -178.23283605091098, 67.96895108052063, 171.38786899714813
414.9882903631007, -241.32447051560206, 82.49374839239164, -178.23283605091098, 67.96895108052063, 171.38786899714813
415.82969503289627, -241.47621083182958, 84.61443982303719, -178.25156796823313, 67.67261343018421, 171.35863089902233
415.82969503289627, -241.47621083182958, 84.61443982303719, -178.25156796823313, 67.67261343018421, 171.35863089902233
416.5422868656096, -241.580400610172, 86.3769196094593, -178.26221613411244, 67.44768622100011, 171.344731104283
417.4195723261497, -241.73264105609306, 88.54868587043458, -178.27928437568042, 67.16087751761164, 171.31744519806708
417.4195723261497, -241.73264105609306, 88.54868587043458, -178.27928437568042, 67.16087751761164, 171.31744519806708
418.1422611717074, -241.84186918220524, 90.31218697070896, -178.29970008210262, 66.91713952502714, 171.29191719531892
418.1422611717074, -241.84186918220524, 90.31218697070896, -178.29970008210262, 66.91713952502714, 171.29191719531892
419.04548199460976, -241.97140067588046, 92.48602917129432, -178.32096070617084, 66.65644459363222, 171.26946953360434
419.95510181576844, -242.11368919064995, 94.50995938090375, -178.336755171134, 66.4624476256722, 171.25176213212703
419.95510181576844, -242.11368919064995, 94.50995938090375, -178.336755171134, 66.4624476256722, 171.25176213212703
420.9614458722488, -242.2590336903397, 96.86835364880525, -178.35508898940617, 66.29947638717451, 171.23559250493238
421.81663523941853, -242.36799465769388, 98.84583996592846, -178.36660442010478, 66.2037487815109, 171.22907155004708
421.81663523941853, -242.36799465769388, 98.84583996592846, -178.36660442010478, 66.2037487815109, 171.22907155004708
422.93144356877576, -242.5420163936361, 101.37074911691849, -178.36697284612816, 66.1402438501751, 171.2333848444985
422.93144356877576, -242.5420163936361, 101.37074911691849, -178.36697284612816, 66.1402438501751, 171.2333848444985
424.0188892268666, -242.6771549618776, 103.83640963249175, -178.3698898199867, 66.0979975033866, 171.2386179662295
424.0188892268666, -242.6771549618776, 103.83640963249175, -178.3698898199867, 66.0979975033866, 171.2386179662295
424.9961627306356, -242.81804194653967, 106.03501687598595, -178.35786354844217, 66.11879210213348, 171.25582261695715
426.16943039764317, -242.99767557445801, 108.71379860421769, -178.3533399495022, 66.11663952277513, 171.26340353614728
426.16943039764317, -242.99767557445801, 108.71379860421769, -178.3533399495022, 66.11663952277513, 171.26340353614728
427.1608247108049, -243.11817944564908, 110.97779958624307, -178.35515892864757, 66.11260585878226, 171.2691652945759
427.1608247108049, -243.11817944564908, 110.97779958624307, -178.35515892864757, 66.11260585878226, 171.2691652945759
428.32131671792075, -243.30252647467526, 113.61969699313293, -178.3508123883639, 66.11649246623439, 171.27475109269815
429.39495729727497, -243.47000057829047, 116.02194743576581, -178.3470114946682, 66.12291611218599, 171.28022773657108
429.39495729727497, -243.47000057829047, 116.02194743576581, -178.3470114946682, 66.12291611218599, 171.28022773657108
430.081088009703, -243.57493476070377, 117.70566395204884, -178.35234792425524, 66.11051043891982, 171.27507034748908
430.081088009703, -243.57493476070377, 117.70566395204884, -178.35234792425524, 66.11051043891982, 171.27507034748908
430.83904190402797, -243.6821358474697, 119.41973348405132, -178.34928011687714, 66.10849962844428, 171.280144701124
430.83904190402797, -243.6821358474697, 119.41973348405132, -178.34928011687714, 66.10849962844428, 171.280144701124
431.3995191901552, -243.7999360531729, 120.73577332201593, -178.34705679353104, 66.08836571436186, 171.27903499772822
432.0840591987132, -243.8909698807313, 122.26733798920047, -178.3566775903746, 66.021062062538, 171.27033352340052
432.0840591987132, -243.8909698807313, 122.26733798920047, -178.3566775903746, 66.021062062538, 171.27033352340052
432.66469319110143, -243.9952033916395, 123.56551617486369, -178.35085174133513, 65.99206742598903, 171.27336723763992
432.66469319110143, -243.9952033916395, 123.56551617486369, -178.35085174133513, 65.99206742598903, 171.27336723763992
433.3700114895534, -244.1130728908193, 125.14054422934132, -178.35397905881092, 65.9294574571199, 171.26676001476747
434.01535331073404, -244.20802887157154, 126.60658125314205, -178.36082284823001, 65.86163166530854, 171.25843262163937
434.01535331073404, -244.20802887157154, 126.60658125314205, -178.36082284823001, 65.86163166530854, 171.25843262163937
434.84147384963865, -244.3498786880487, 128.43944134235468, -178.35802495797225, 65.80593222433521, 171.25822400064357
435.39769354025805, -244.45807018156816, 129.79658954896217, -178.3647357149737, 65.73323668225402, 171.24369188355172
435.39769354025805, -244.45807018156816, 129.79658954896217, -178.3647357149737, 65.73323668225402, 171.24369188355172
436.20116447056085, -244.58116146628976, 131.5994535651524, -178.36828397972573, 65.65795693107222, 171.2382114379923
436.20116447056085, -244.58116146628976, 131.5994535651524, -178.36828397972573, 65.65795693107222, 171.2382114379923
436.8984377875764, -244.723127531452, 133.17653155417403, -178.36261568325276, 65.60585343409404, 171.2353421290117
436.8984377875764, -244.723127531452, 133.17653155417403, -178.36261568325276, 65.60585343409404, 171.2353421290117
437.6819077629395, -244.84805425883906, 134.9163794340456, -178.3701242736412, 65.51936177042816, 171.22434463053906
438.4957327903641, -244.98401859008573, 136.76751672640202, -178.37368745879758, 65.44095777759088, 171.21628127623077
438.4957327903641, -244.98401859008573, 136.76751672640202, -178.37368745879758, 65.44095777759088, 171.21628127623077
439.3558269049245, -245.12653515135284, 138.58781597485165, -178.37418645605402, 65.36655385062537, 171.21160305729757
439.3558269049245, -245.12653515135284, 138.58781597485165, -178.37418645605402, 65.36655385062537, 171.21160305729757
440.1658483000173, -245.26586185239714, 140.37636449848762, -178.37907567213603, 65.2826990887604, 171.20085558050528
440.1658483000173, -245.26586185239714, 140.37636449848762, -178.37907567213603, 65.2826990887604, 171.20085558050528
441.0229454266035, -245.38885530639166, 142.27140582694904, -178.37936563574397, 65.21844754622202, 171.20094467121675
441.7568823653761, -245.51004401541215, 143.90930251747318, -178.38176990661347, 65.16002177133448, 171.19707959481897
441.7568823653761, -245.51004401541215, 143.90930251747318, -178.38176990661347, 65.16002177133448, 171.19707959481897
442.6031205387198, -245.63600521906827, 145.79237858370897, -178.38113447583999, 65.10972920048748, 171.19910055790726
442.6031205387198, -245.63600521906827, 145.79237858370897, -178.38113447583999, 65.10972920048748, 171.19910055790726
443.350382116397, -245.74190549620005, 147.4368551939353, -178.37759178173087, 65.08878906459148, 171.20505732534033
444.0187947693902, -245.84280872072947, 148.88179129386126, -178.38136231745122, 65.05593660392694, 171.2022885182972
444.0187947693902, -245.84280872072947, 148.88179129386126, -178.38136231745122, 65.05593660392694, 171.2022885182972
444.9184252718782, -245.97237131847217, 150.8279671613386, -178.38182046496917, 65.03014611852375, 171.2048238437386
444.9184252718782, -245.97237131847217, 150.8279671613386, -178.38182046496917, 65.03014611852375, 171.2048238437386
445.75649950673613, -246.0863083969791, 152.59398554565274, -178.381700223609, 65.01251793447469, 171.2096232867371
446.43414078955874, -246.17201830622176, 154.0047217911662, -178.38808613416424, 64.98503315510041, 171.20769372286273
446.43414078955874, -246.17201830622176, 154.0047217911662, -178.38808613416424, 64.98503315510041, 171.20769372286273
447.04024160457556, -246.25595751987234, 155.31370009275628, -178.38712441064283, 64.9726295892005, 171.2117271046788
447.04024160457556, -246.25595751987234, 155.31370009275628, -178.38712441064283, 64.9726295892005, 171.2117271046788
447.4793619968495, -246.2978513836732, 156.19070522163133, -178.38738435412378, 64.96959032187652, 171.21656120733942
447.4793619968495, -246.2978513836732, 156.19070522163133, -178.38738435412378, 64.96959032187652, 171.21656120733942
447.73000273740695, -246.32818623517144, 156.76661392058566, -178.39271600202093, 64.96967378665627, 171.2167931714405
447.81018849155123, -246.28887148303286, 156.92569807976176, -178.4098960398182, 64.96976747856458, 171.2190490954693
447.81018849155123, -246.28887148303286, 156.92569807976176, -178.4098960398182, 64.96976747856458, 171.2190490954693
447.82638326159645, -246.23578263592378, 156.95035680454606, -178.43983173418133, 64.96580804349695, 171.21779007082512
447.82638326159645, -246.23578263592378, 156.95035680454606, -178.43983173418133, 64.96580804349695, 171.21779007082512
447.84230833007314, -246.16868516400015, 156.95872974533438, -178.47363215249806, 64.967472260272, 171.2192376496575
447.8599897416175, -246.08436369485042, 156.96941005437048, -178.52160911867625, 64.96790483034823, 171.21794642588029
447.8599897416175, -246.08436369485042, 156.96941005437048, -178.52160911867625, 64.96790483034823, 171.21794642588029
447.8755255972351, -245.99574016748815, 156.97491022041453, -178.57024831457326, 64.96823266652565, 171.2181015309028
447.8755255972351, -245.99574016748815, 156.97491022041453, -178.57024831457326, 64.96823266652565, 171.2181015309028
447.8986056253959, -245.87439191178805, 156.9903297361325, -178.64043600584384, 64.96974785756652, 171.2177696753398
447.8986056253959, -245.87439191178805, 156.9903297361325, -178.64043600584384, 64.96974785756652, 171.2177696753398
447.947884887591, -245.73617855458247, 157.01365882850087, -178.72214057026056, 64.97261887601951, 171.22224589500541
448.01878015309944, -245.5331565321521, 157.05358091094607, -178.83765826058655, 64.97729797842756, 171.23601446675966
448.01878015309944, -245.5331565321521, 157.05358091094607, -178.83765826058655, 64.97729797842756, 171.23601446675966
448.1013985728523, -245.37305001341275, 157.07798890521642, -178.93917355358568, 64.9797929365106, 171.25292121119503
448.1013985728523, -245.37305001341275, 157.07798890521642, -178.93917355358568, 64.9797929365106, 171.25292121119503
448.133298897695, -245.4176744889157, 157.12273789285896, -179.04423727154054, 64.98467004586195, 171.26196848979373
448.139918181403, -245.5704706234029, 157.1491397440143, -179.1477803381546, 64.98789423101607, 171.26858986852068
448.139918181403, -245.5704706234029, 157.1491397440143, -179.1477803381546, 64.98789423101607, 171.26858986852068
448.1177514951279, -245.75472017594186, 157.176096239883, -179.24253201789622, 64.99034617438403, 171.26412458212985
448.0941355656336, -245.92419173155895, 157.19257453385123, -179.33774517749654, 64.9921947239142, 171.2629441856014
448.0941355656336, -245.92419173155895, 157.19257453385123, -179.33774517749654, 64.9921947239142, 171.2629441856014
448.0662517446414, -246.18266776663415, 157.20702014070426, -179.46457259894976, 64.99503952206715, 171.25987535450486
448.0662517446414, -246.18266776663415, 157.20702014070426, -179.46457259894976, 64.99503952206715, 171.25987535450486
447.99678652619576, -246.61285441977589, 157.2274548225178, -179.55738031457173, 64.99587925373712, 171.2597079520798
447.99678652619576, -246.61285441977589, 157.2274548225178, -179.55738031457173, 64.99587925373712, 171.2597079520798
447.8924249450244, -247.25570981648391, 157.2244882509873, -179.66875413822143, 64.99625636701525, 171.2538692500506
447.7924222293217, -248.00780612791144, 157.2603982420005, -179.78375885557378, 65.00342286224976, 171.25582195053022
447.7924222293217, -248.00780612791144, 157.2603982420005, -179.78375885557378, 65.00342286224976, 171.25582195053022
447.6776658681072, -248.77127380608482, 157.28110992872433, -179.86284847369012, 65.00521495220482, 171.2552229211313
447.6776658681072, -248.77127380608482, 157.28110992872433, -179.86284847369012, 65.00521495220482, 171.2552229211313
447.50776010016875, -249.95431094340742, 157.31915485126675, -179.95756768916004, 65.01155873743268, 171.26044681002566
447.34767296686925, -251.0629783181937, 157.3867830699005, 179.96484602493038, 65.02435637343889, 171.27079538931497
447.34767296686925, -251.0629783181937, 157.3867830699005, 179.96484602493038, 65.02435637343889, 171.27079538931497
447.1342541902967, -252.28473044543304, 157.38776552080026, 179.88674107435781, 65.0222739066505, 171.27786504532955
446.97458944767334, -253.38207241522693, 157.38798981263588, 179.81523320070494, 65.02306446281331, 171.29190390692142
446.97458944767334, -253.38207241522693, 157.38798981263588, 179.81523320070494, 65.02306446281331, 171.29190390692142
446.8011599999699, -254.5071641616277, 157.41580052342184, 179.72606512101018, 65.03019741382695, 171.2932065142863
446.58237127516753, -255.92803490991156, 157.3796023361139, 179.62350522594414, 65.0241408192584, 171.28270446796816
446.58237127516753, -255.92803490991156, 157.3796023361139, 179.62350522594414, 65.0241408192584, 171.28270446796816
446.3970662168543, -257.32379996055175, 157.3688551458258, 179.49864071807383, 65.02271894915842, 171.27671954163463
446.3970662168543, -257.32379996055175, 157.3688551458258, 179.49864071807383, 65.02271894915842, 171.27671954163463
446.26432735449697, -258.50707204571574, 157.38085488322244, 179.3653803127782, 65.02541525160403, 171.27825917278489
446.0575403904914, -259.69171919454357, 157.34581008173288, 179.25637650058542, 65.0196257986271, 171.26765533816325
446.0575403904914, -259.69171919454357, 157.34581008173288, 179.25637650058542, 65.0196257986271, 171.26765533816325
445.8588289990239, -261.0141114608527, 157.36154245416412, 179.10598899881697, 65.01750586300432, 171.27411737597006
445.7106815047293, -262.16448015760255, 157.3737464832535, 179.00979310347782, 65.02213450086248, 171.2851847135721
445.7106815047293, -262.16448015760255, 157.3737464832535, 179.00979310347782, 65.02213450086248, 171.2851847135721
445.5189002870853, -263.4441492178891, 157.3841417333533, 178.88390847027262, 65.02511709394173, 171.29212310643786
445.5189002870853, -263.4441492178891, 157.3841417333533, 178.88390847027262, 65.02511709394173, 171.29212310643786
445.31514928940715, -264.9242705104723, 157.39463746884658, 178.7493866773891, 65.02557381267098, 171.28999531579967
445.31514928940715, -264.9242705104723, 157.39463746884658, 178.7493866773891, 65.02557381267098, 171.28999531579967
445.1042954717159, -266.4694265640413, 157.36137800879817, 178.5911125125146, 65.02588291086069, 171.28190353944882
444.89871748285157, -268.0925487497962, 157.32048852171388, 178.44843908279256, 65.02557907776807, 171.27439532894746
444.89871748285157, -268.0925487497962, 157.32048852171388, 178.44843908279256, 65.02557907776807, 171.27439532894746
444.71780073486786, -269.4489457429718, 157.27973190788842, 178.3205238657073, 65.02133862763799, 171.26816645429565
444.53925307443814, -270.84975099013474, 157.24301865737527, 178.19880978386098, 65.0185917656476, 171.269754539665
444.53925307443814, -270.84975099013474, 157.24301865737527, 178.19880978386098, 65.0185917656476, 171.269754539665
444.3320368891044, -272.6546312613761, 157.2767844615686, 178.07285389409412, 65.02319640689223, 171.2825327400943
444.3320368891044, -272.6546312613761, 157.2767844615686, 178.07285389409412, 65.02319640689223, 171.2825327400943
444.0829196502421, -274.42748406739855, 157.248502414369, 177.94238471083636, 65.0221218329191, 171.285138681775
443.8704198459374, -276.10675190070026, 157.21407967480343, 177.8036838091656, 65.02050349963955, 171.27845648261413
443.8704198459374, -276.10675190070026, 157.21407967480343, 177.8036838091656, 65.02050349963955, 171.27845648261413
443.72226584902336, -277.5699690094047, 157.1808120013913, 177.67503300801718, 65.0217308586104, 171.27764010903908
443.72226584902336, -277.5699690094047, 157.1808120013913, 177.67503300801718, 65.0217308586104, 171.27764010903908
443.50573615220895, -279.52910269266545, 157.14437376028712, 177.53819315727728, 65.02624183737875, 171.26928485873464
443.3244619744712, -281.08172783482297, 157.10434235988026, 177.41925965937747, 65.02185247963044, 171.2764942835198
443.3244619744712, -281.08172783482297, 157.10434235988026, 177.41925965937747, 65.02185247963044, 171.2764942835198
443.12471277991386, -282.85895368421967, 157.1009063386619, 177.30838377704538, 65.0236735953036, 171.287648473975
442.9304272676537, -284.5229482611737, 157.10221560652974, 177.18834148563238, 65.02825824879196, 171.2894236743153
442.9304272676537, -284.5229482611737, 157.10221560652974, 177.18834148563238, 65.02825824879196, 171.2894236743153
442.7780267026891, -286.2313236555969, 157.0783961622483, 177.07090597710166, 65.02616675214496, 171.28890794360146
442.5211367191967, -288.3008663534645, 156.97825062494454, 176.89722257614326, 65.02162815150328, 171.27150582749755
442.5211367191967, -288.3008663534645, 156.97825062494454, 176.89722257614326, 65.02162815150328, 171.27150582749755
442.32797450579443, -290.22433545566474, 156.94191259200872, 176.7808048125806, 65.02465141200567, 171.26779606428576
442.32797450579443, -290.22433545566474, 156.94191259200872, 176.7808048125806, 65.02465141200567, 171.26779606428576
442.16018805734404, -292.313463150081, 156.96592377997874, 176.64604774891103, 65.03360624890465, 171.2845812757444
441.93829227511316, -294.01424492803596, 156.9030863362812, 176.5282217843149, 65.02725376724645, 171.28054762179383
441.93829227511316, -294.01424492803596, 156.9030863362812, 176.5282217843149, 65.02725376724645, 171.28054762179383
441.78989116831366, -295.70652126674304, 156.86122222583924, 176.40160901394228, 65.02758055817813, 171.28759813994733
441.78989116831366, -295.70652126674304, 156.86122222583924, 176.40160901394228, 65.02758055817813, 171.28759813994733
441.5927909830377, -297.7663577713038, 156.74107126756329, 176.23634879076866, 65.01782139332899, 171.26912343546852
441.35749885188704, -299.9205905344059, 156.6777906010005, 176.0951248126883, 65.01704198430794, 171.25912243155085
441.35749885188704, -299.9205905344059, 156.6777906010005, 176.0951248126883, 65.01704198430794, 171.25912243155085
441.17884989851024, -302.03072314458404, 156.65031062372958, 175.95410365516383, 65.02442743925378, 171.2667661094974
441.17884989851024, -302.03072314458404, 156.65031062372958, 175.95410365516383, 65.02442743925378, 171.2667661094974
441.01225175624427, -303.9302498984864, 156.61374644667774, 175.83794503946828, 65.02445856034498, 171.28069912651395
440.84885690213156, -305.6285261493497, 156.5283576276363, 175.71742692545064, 65.02213676158563, 171.2816633738535
440.84885690213156, -305.6285261493497, 156.5283576276363, 175.71742692545064, 65.02213676158563, 171.2816633738535
440.70794294686533, -307.69365619832485, 156.46175647290517, 175.56908620439683, 65.02155179937884, 171.28246439459755
440.70794294686533, -307.69365619832485, 156.46175647290517, 175.56908620439683, 65.02155179937884, 171.28246439459755
440.56505836297197, -309.39969469933084, 156.45285408437778, 175.44874275723683, 65.02610125404719, 171.2782834876502
440.4259889987312, -311.3211692394602, 156.42488924721948, 175.3151766754487, 65.03289709018316, 171.27628682104373
440.4259889987312, -311.3211692394602, 156.42488924721948, 175.3151766754487, 65.03289709018316, 171.27628682104373
440.2768073237478, -312.98179835562024, 156.3125392714883, 175.1953477463549, 65.02579886531407, 171.2756623971091
440.117733492724, -315.11104059879943, 156.22857556632658, 175.04584794390374, 65.02472706913467, 171.2815318252445
440.117733492724, -315.11104059879943, 156.22857556632658, 175.04584794390374, 65.02472706913467, 171.2815318252445
439.9553398978504, -317.06037511262434, 156.1595314114797, 174.87503324745646, 65.02574879568324, 171.27872651454405
439.9553398978504, -317.06037511262434, 156.1595314114797, 174.87503324745646, 65.02574879568324, 171.27872651454405
439.89260232311216, -318.24649301942907, 156.15372375722825, 174.73203910453722, 65.033177456309, 171.28019978002752
439.8299766018925, -318.8934193391216, 156.1061207217248, 174.56201869778695, 65.02513341745853, 171.2717598564877
439.8299766018925, -318.8934193391216, 156.1061207217248, 174.56201869778695, 65.02513341745853, 171.2717598564877
439.8004939928354, -318.67995750041956, 156.09832675746154, 174.37097497474633, 65.02598157128728, 171.24954277761105
439.8423481591725, -318.43870574094007, 156.14020232911847, 174.21981267853218, 65.03238859352955, 171.25363388759467
439.8423481591725, -318.43870574094007, 156.14020232911847, 174.21981267853218, 65.03238859352955, 171.25363388759467
439.83668315520777, -318.18813554244025, 156.1515320410281, 174.07465917177984, 65.0324382853112, 171.24876455907247
439.83668315520777, -318.18813554244025, 156.1515320410281, 174.07465917177984, 65.0324382853112, 171.24876455907247
439.8557764535835, -317.88258176455525, 156.1422445953798, 173.8962570022638, 65.02928430587589, 171.2466760949669
439.87491033158324, -317.5846669020782, 156.1882350894389, 173.7277161849363, 65.03481605310752, 171.24703098448566
439.87491033158324, -317.5846669020782, 156.1882350894389, 173.7277161849363, 65.03481605310752, 171.24703098448566
439.9083102210108, -317.30000708826464, 156.21806421904, 173.55977090719688, 65.05518392170468, 171.23986068649242
439.9083102210108, -317.30000708826464, 156.21806421904, 173.55977090719688, 65.05518392170468, 171.23986068649242
439.97008001551313, -317.0095382516062, 156.28899147536362, 173.37325841443098, 65.10045338119282, 171.23122386700732
440.0394113420325, -316.79363213949347, 156.3723392328442, 173.22780939584743, 65.1494374777236, 171.22039256473207
440.0394113420325, -316.79363213949347, 156.3723392328442, 173.22780939584743, 65.1494374777236, 171.22039256473207
440.1389904555717, -316.51486605783003, 156.47614081041075, 173.03752738931013, 65.22275768526941, 171.204023666223
440.19623158655077, -316.23349846510075, 156.466271224875, 172.87412210756327, 65.30555730111315, 171.2028275321612
440.19623158655077, -316.23349846510075, 156.466271224875, 172.87412210756327, 65.30555730111315, 171.2028275321612
439.87789917241525, -315.845097193075, 155.75918268448058, 172.69695016908, 65.39221568051695, 171.19138203803368
439.87789917241525, -315.845097193075, 155.75918268448058, 172.69695016908, 65.39221568051695, 171.19138203803368
439.5339480913919, -315.60816806848993, 154.97991125691834, 172.59346371435998, 65.47110192339314, 171.17965153031614
439.1341758473568, -315.53379411404916, 154.08371817426848, 172.57554312163614, 65.56334093007024, 171.16910833732328
439.1341758473568, -315.53379411404916, 154.08371817426848, 172.57554312163614, 65.56334093007024, 171.16910833732328
438.62721740616547, -315.4425495913655, 152.9566405786797, 172.5633637225312, 65.66033472826761, 171.15022921096835
438.12415214872715, -315.3656286394, 151.83134197923803, 172.5497921040376, 65.72094945319013, 171.12984987601828
438.12415214872715, -315.3656286394, 151.83134197923803, 172.5497921040376, 65.72094945319013, 171.12984987601828
437.67565626006296, -315.28729254868296, 150.790153338424, 172.54478540254374, 65.74048357885887, 171.12518272903847
437.1967833452519, -315.18979952974, 149.667197438453, 172.53627240033867, 65.74364986436294, 171.11807311448814
437.1967833452519, -315.18979952974, 149.667197438453, 172.53627240033867, 65.74364986436294, 171.11807311448814
436.5663028735263, -315.1035104877843, 148.27954991506365, 172.52363105228852, 65.73663112853758, 171.1018255882845
436.5663028735263, -315.1035104877843, 148.27954991506365, 172.52363105228852, 65.73663112853758, 171.1018255882845
436.06494923194447, -315.00562644350157, 147.11938427317378, 172.52211600085144, 65.7407932304109, 171.10270761895148
436.06494923194447, -315.00562644350157, 147.11938427317378, 172.52211600085144, 65.7407932304109, 171.10270761895148
435.4221503074812, -314.892811806487, 145.72311103212664, 172.51123675751577, 65.73537012967807, 171.0921219214849
434.9330489159267, -314.83195558277123, 144.6343327928966, 172.52362077107992, 65.73817921021653, 171.0906042429853
434.9330489159267, -314.83195558277123, 144.6343327928966, 172.52362077107992, 65.73817921021653, 171.0906042429853
434.4327859608115, -314.7727148818545, 143.5289080870996, 172.54674762574416, 65.73799702090925, 171.08766007518204
433.82878069623854, -314.79452376927077, 142.17358085109757, 172.61257354167208, 65.7466613724398, 171.09090235340753
433.82878069623854, -314.79452376927077, 142.17358085109757, 172.61257354167208, 65.7466613724398, 171.09090235340753
433.32860155656294, -314.90659944145614, 140.98998209731775, 172.73961005893077, 65.76210448238814, 171.10547065411592
432.80303150255594, -314.99447016758046, 139.86415673792536, 172.83821222705834, 65.75772178097652, 171.09925364254653
432.80303150255594, -314.99447016758046, 139.86415673792536, 172.83821222705834, 65.75772178097652, 171.09925364254653
432.15683227294636, -315.1291716820711, 138.408290761804, 172.97554129823249, 65.76043136299684, 171.09928231412758
432.15683227294636, -315.1291716820711, 138.408290761804, 172.97554129823249, 65.76043136299684, 171.09928231412758
431.5125708850589, -315.26349854938167, 136.96331238759325, 173.1187522614894, 65.76651279293439, 171.1034374370993
431.5125708850589, -315.26349854938167, 136.96331238759325, 173.1187522614894, 65.76651279293439, 171.1034374370993
430.7837345482759, -315.4043266404635, 135.3416469771526, 173.26001516370687, 65.76363438338856, 171.09959203591285
429.9967187766697, -315.51730631093767, 133.54989057910572, 173.38797238137371, 65.76677278489524, 171.1004508000757
429.9967187766697, -315.51730631093767, 133.54989057910572, 173.38797238137371, 65.76677278489524, 171.1004508000757
428.9108101472519, -315.5994500947415, 131.13061928975833, 173.53691648024218, 65.75677728643329, 171.0937054254681
428.9108101472519, -315.5994500947415, 131.13061928975833, 173.53691648024218, 65.75677728643329, 171.0937054254681
427.80379082576025, -315.71460264744655, 128.7026754647137, 173.69747018712, 65.76148118734694, 171.09375563436558
426.8335922311653, -315.7833092141591, 126.55377580176602, 173.8278852391806, 65.76091465062353, 171.09188653164728
426.8335922311653, -315.7833092141591, 126.55377580176602, 173.8278852391806, 65.76091465062353, 171.09188653164728
425.727814216561, -315.87858480815237, 124.06547202352387, 173.9735984274322, 65.77133797781194, 171.09242006758208
425.727814216561, -315.87858480815237, 124.06547202352387, 173.9735984274322, 65.77133797781194, 171.09242006758208
424.44410264448175, -315.9405706028113, 121.20647333482223, 174.10722622927332, 65.77863346108997, 171.0803738821896
423.3889827484704, -315.99509658817027, 118.83347673085261, 174.22289981934549, 65.79738505051078, 171.07487861333794
423.3889827484704, -315.99509658817027, 118.83347673085261, 174.22289981934549, 65.79738505051078, 171.07487861333794
422.09258409304573, -316.1306311667767, 115.96735001854792, 174.39093694336464, 65.86038032293632, 171.07880739291332
422.09258409304573, -316.1306311667767, 115.96735001854792, 174.39093694336464, 65.86038032293632, 171.07880739291332
420.9901888414587, -316.1289586776476, 113.61804328727918, 174.48185979086102, 65.89619561326549, 171.05193899986563
419.8685596523064, -316.23371705337064, 111.09248573566758, 174.62037674897212, 65.98776274879108, 171.05132478960243
419.8685596523064, -316.23371705337064, 111.09248573566758, 174.62037674897212, 65.98776274879108, 171.05132478960243
418.62680162563476, -316.3143110415281, 108.23636183740423, 174.75779257875905, 66.09146372053274, 171.0424482898129
418.62680162563476, -316.3143110415281, 108.23636183740423, 174.75779257875905, 66.09146372053274, 171.0424482898129
417.34894294874687, -316.02184338363134, 105.35361732141476, 174.84101597105567, 66.20200193150627, 171.00501344313074
417.34894294874687, -316.02184338363134, 105.35361732141476, 174.84101597105567, 66.20200193150627, 171.00501344313074
416.211496842978, -315.70572836733913, 102.66213852205927, 174.95392529663724, 66.37227103155779, 170.997115358598
415.163513302421, -315.20965297234966, 100.46224080479573, 175.00167088508692, 66.50189635941271, 170.94909984234803
415.163513302421, -315.20965297234966, 100.46224080479573, 175.00167088508692, 66.50189635941271, 170.94909984234803
413.96752828119304, -314.4972046405936, 97.90655720590286, 175.07779653236977, 66.74369967771398, 170.89137737592822
413.96752828119304, -314.4972046405936, 97.90655720590286, 175.07779653236977, 66.74369967771398, 170.89137737592822
412.88063455697954, -313.4943061587906, 95.37908728295837, 175.13172213939836, 67.0104361055551, 170.82166210086135
412.0263361081115, -312.4524880622075, 93.39466152055836, 175.1465695944152, 67.22368612925827, 170.74377535041776
412.0263361081115, -312.4524880622075, 93.39466152055836, 175.1465695944152, 67.22368612925827, 170.74377535041776
411.26088042391416, -311.3940845254209, 91.34061884419272, 175.20779297552417, 67.51627932221157, 170.69454543011005
410.3015220958054, -310.0113447987069, 88.92501482542023, 175.21992200975683, 67.81098406700373, 170.61414425024026
410.3015220958054, -310.0113447987069, 88.92501482542023, 175.21992200975683, 67.81098406700373, 170.61414425024026
409.684443170453, -308.91327791649525, 87.15250364077289, 175.2280210651986, 68.09866331863104, 170.56034025653676
409.0316735541804, -307.7540947456662, 85.2778771722562, 175.20282066087066, 68.39054273717464, 170.47890561190843
409.0316735541804, -307.7540947456662, 85.2778771722562, 175.20282066087066, 68.39054273717464, 170.47890561190843
408.2052373208559, -306.3120427304831, 82.97129275549716, 175.17879987132486, 68.74269963240995, 170.39039053843786
407.54883264864316, -305.11515808625325, 81.02016753678211, 175.18873514171707, 69.06747119819963, 170.3308852813006
407.54883264864316, -305.11515808625325, 81.02016753678211, 175.18873514171707, 69.06747119819963, 170.3308852813006
406.69828574391744, -303.8040815335546, 78.61687621703607, 175.17714693443864, 69.42256927167423, 170.2344618054094
406.69828574391744, -303.8040815335546, 78.61687621703607, 175.17714693443864, 69.42256927167423, 170.2344618054094
406.0403661306366, -302.7880053663948, 76.66208246064801, 175.16641904263642, 69.71089686299376, 170.15821237920912
406.0403661306366, -302.7880053663948, 76.66208246064801, 175.16641904263642, 69.71089686299376, 170.15821237920912
405.2643292843341, -301.50568562484705, 74.18617175498939, 175.1701961917204, 70.08927183357741, 170.0876229268588
404.5207578215854, -300.364038039026, 72.08644670355855, 175.1469794917228, 70.37119772234621, 170.0179673758773
404.5207578215854, -300.364038039026, 72.08644670355855, 175.1469794917228, 70.37119772234621, 170.0179673758773
403.92328214892905, -299.3209738581376, 69.95139807460289, 175.14220453916903, 70.71465140767839, 169.95122699772222
403.92328214892905, -299.3209738581376, 69.95139807460289, 175.14220453916903, 70.71465140767839, 169.95122699772222
403.0327248494099, -298.00911571726874, 67.26439918903621, 175.07668027758191, 71.06013945228179, 169.81897824903447
402.49323841192194, -297.0902913113064, 65.28394293089539, 175.0774201124291, 71.36427078383856, 169.75815523233072
402.49323841192194, -297.0902913113064, 65.28394293089539, 175.0774201124291, 71.36427078383856, 169.75815523233072
401.6661471135448, -295.89273381037464, 62.68743010878298, 175.05583065757023, 71.7151753122849, 169.65401208088406
401.6661471135448, -295.89273381037464, 62.68743010878298, 175.05583065757023, 71.7151753122849, 169.65401208088406
400.89426344439016, -294.7246472608752, 60.159675460643626, 175.03637377721518, 72.0810267806989, 169.55700827732363
400.89426344439016, -294.7246472608752, 60.159675460643626, 175.03637377721518, 72.0810267806989, 169.55700827732363
400.2140413095352, -293.66327183500573, 57.65660661890569, 174.99017222928262, 72.45177023466297, 169.4411502013737
399.5807778302591, -292.77235302013656, 55.50995713178368, 174.94393090208825, 72.73247915371599, 169.3471907055001
399.5807778302591, -292.77235302013656, 55.50995713178368, 174.94393090208825, 72.73247915371599, 169.3471907055001
398.93904644055397, -291.764248698725, 53.004118589990185, 174.92980096365437, 73.10379407224023, 169.27304554109725
398.93904644055397, -291.764248698725, 53.004118589990185, 174.92980096365437, 73.10379407224023, 169.27304554109725
398.20917241103297, -290.72723012204744, 50.376836141262636, 174.88349155831452, 73.47043148832573, 169.15556529117916
397.6240355817175, -289.91401566914413, 48.096326912471234, 174.8339223030741, 73.78668374088421, 169.03759519314005
397.6240355817175, -289.91401566914413, 48.096326912471234, 174.8339223030741, 73.78668374088421, 169.03759519314005
397.07646762669805, -289.15015834974815, 45.9625331037188, 174.80465319995372, 74.08072487771575, 168.94678037697048
396.54939704896856, -288.46215363135474, 43.872342896982126, 174.780726372977, 74.3700277865439, 168.86262448964223
396.54939704896856, -288.46215363135474, 43.872342896982126, 174.780726372977, 74.3700277865439, 168.86262448964223
395.92650079160154, -287.66619538211233, 41.334209220096945, 174.74203966002406, 74.74655147446927, 168.75365522107728
395.92650079160154, -287.66619538211233, 41.334209220096945, 174.74203966002406, 74.74655147446927, 168.75365522107728
395.22350895425296, -286.80418854013055, 38.595357529202694, 174.6351138829175, 75.09929019192936, 168.58321797194475
395.22350895425296, -286.80418854013055, 38.595357529202694, 174.6351138829175, 75.09929019192936, 168.58321797194475
394.6335162897406, -285.98780374472386, 36.00923492613298, 174.5629135700067, 75.47936003001817, 168.44867870088976
394.1019490617191, -285.28785331443305, 33.69824107931119, 174.50214133581687, 75.79857089596582, 168.32575811803906
394.1019490617191, -285.28785331443305, 33.69824107931119, 174.50214133581687, 75.79857089596582, 168.32575811803906
393.5014511194658, -284.4578337116926, 30.966680066774643, 174.45229332842894, 76.16555932429682, 168.20286431876244
393.03186656761767, -283.83425870534916, 28.916128409182825, 174.38919387413054, 76.4450843045113, 168.0770457808012
393.03186656761767, -283.83425870534916, 28.916128409182825, 174.38919387413054, 76.4450843045113, 168.0770457808012
392.5151649711837, -283.0682096981088, 26.2632452521088, 174.2986021092505, 76.81609223639182, 167.90753371756557
392.5151649711837, -283.0682096981088, 26.2632452521088, 174.2986021092505, 76.81609223639182, 167.90753371756557
392.058497673199, -282.396764838863, 24.094892914894277, 174.21925783200723, 77.10474281496623, 167.77413005647094
391.55380532699814, -281.5910923267607, 21.523690101560856, 174.13595470985848, 77.47619473121247, 167.63304367223418
391.55380532699814, -281.5910923267607, 21.523690101560856, 174.13595470985848, 77.47619473121247, 167.63304367223418
391.06306570047354, -280.74726812553376, 18.844047301753847, 174.03717365178116, 77.83244851848553, 167.47397226513243
391.06306570047354, -280.74726812553376, 18.844047301753847, 174.03717365178116, 77.83244851848553, 167.47397226513243
390.6575099744447, -280.014058328986, 16.518955895550803, 173.9423397055256, 78.16593380731423, 167.31687262414513
390.23686969229374, -279.3582927853307, 14.350339359679694, 173.817762638105, 78.44752823311599, 167.13030696640791
390.23686969229374, -279.3582927853307, 14.350339359679694, 173.817762638105, 78.44752823311599, 167.13030696640791
389.8159182791125, -278.54929579647876, 11.668395895914868, 173.69273221699268, 78.79603727439103, 166.93040047886151
389.8159182791125, -278.54929579647876, 11.668395895914868, 173.69273221699268, 78.79603727439103, 166.93040047886151
389.3178613001352, -277.68588568914265, 8.804941011214403, 173.6081719973601, 79.05503739159214, 166.7917954399882
389.3178613001352, -277.68588568914265, 8.804941011214403, 173.6081719973601, 79.05503739159214, 166.7917954399882
388.8660507166687, -276.78366234418314, 5.939898219717188, 173.5194513697493, 79.28312010096447, 166.66974667892572
388.41516766696594, -275.8925363000468, 2.9869455356577035, 173.42785268114454, 79.48595436809939, 166.5505810424234
388.41516766696594, -275.8925363000468, 2.9869455356577035, 173.42785268114454, 79.48595436809939, 166.5505810424234
388.0591302720134, -275.1489573330058, 0.515522797755047, 173.35040532684874, 79.64417967406307, 166.4516627217471
388.0591302720134, -275.1489573330058, 0.515522797755047, 173.35040532684874, 79.64417967406307, 166.4516627217471
387.56594742369464, -274.311933129263, -2.4921789146963578, 173.24095664628553, 79.81304469628093, 166.30664479726477
387.56594742369464, -274.311933129263, -2.4921789146963578, 173.24095664628553, 79.81304469628093, 166.30664479726477
387.15015578861914, -273.4386231313688, -5.57996986397749, 173.15202651390794, 79.99052276216447, 166.18875777117398
386.7163758248621, -272.69111135439454, -8.329696342008337, 173.0530590302869, 80.13002624363662, 166.0640342624678
386.7163758248621, -272.69111135439454, -8.329696342008337, 173.0530590302869, 80.13002624363662, 166.0640342624678
386.31356987138076, -271.7783369289817, -11.368134787074073, 172.9451561927234, 80.28318834018427, 165.95019938150108
386.31356987138076, -271.7783369289817, -11.368134787074073, 172.9451561927234, 80.28318834018427, 165.95019938150108
385.8954539142596, -270.86255465507213, -14.499041588731997, 172.84663102007613, 80.44766552174767, 165.85018911824756
385.5906817958969, -270.1122556650069, -16.964766011357906, 172.77838048303977, 80.5617995455294, 165.78773965605185
385.5906817958969, -270.1122556650069, -16.964766011357906, 172.77838048303977, 80.5617995455294, 165.78773965605185
385.21569571632597, -269.3484088470992, -19.55374026516546, 172.7058885893003, 80.66070193564182, 165.71708884483675
384.81700804720214, -268.3788693130899, -22.760203460502723, 172.62737518623732, 80.77201394977297, 165.64405766502415
384.81700804720214, -268.3788693130899, -22.760203460502723, 172.62737518623732, 80.77201394977297, 165.64405766502415
384.46094091166725, -267.49736132779435, -25.883722478566877, 172.5624792417449, 80.90143512905001, 165.5718745154352
384.46094091166725, -267.49736132779435, -25.883722478566877, 172.5624792417449, 80.90143512905001, 165.5718745154352
384.03057600082343, -266.59773700840526, -29.146707214879275, 172.47693599967764, 81.01197803236218, 165.47454581870045
384.03057600082343, -266.59773700840526, -29.146707214879275, 172.47693599967764, 81.01197803236218, 165.47454581870045
383.6976716521786, -265.8584657005445, -31.910774022070676, 172.40383199077104, 81.1231678528285, 165.38641489685978
383.3829356772805, -265.1098992609891, -34.439403450863466, 172.30723590130438, 81.20484667741958, 165.29457755098082
383.3829356772805, -265.1098992609891, -34.439403450863466, 172.30723590130438, 81.20484667741958, 165.29457755098082
382.9502481700021, -264.17994749633226, -37.70807068411744, 172.16184015309568, 81.31610363289745, 165.15031363708397
382.76203948726913, -263.4320759005683, -40.151209591666664, 172.07948144346616, 81.42885926300777, 165.07938430118355
382.76203948726913, -263.4320759005683, -40.151209591666664, 172.07948144346616, 81.42885926300777, 165.07938430118355
382.29176699293555, -262.64865864112033, -43.12143933705285, 171.92288045093747, 81.50749710144177, 164.92582150623642
382.1279961455587, -262.12948536218244, -45.52308080253229, 171.85749180997118, 81.63815769335726, 164.8679936586834
382.1279961455587, -262.12948536218244, -45.52308080253229, 171.85749180997118, 81.63815769335726, 164.8679936586834
381.659141179267, -261.5101503816447, -48.7923619933375, 171.7026025848987, 81.77330287942182, 164.70807461098738
381.659141179267, -261.5101503816447, -48.7923619933375, 171.7026025848987, 81.77330287942182, 164.70807461098738
381.24531340337137, -261.09727754308625, -51.716968302699144, 171.55603832672142, 81.90657007788997, 164.55535553218598
380.95657905690734, -260.71943188695053, -54.751608415411525, 171.39371931857613, 82.11678352063306, 164.39572549415553
380.95657905690734, -260.71943188695053, -54.751608415411525, 171.39371931857613, 82.11678352063306, 164.39572549415553
380.4128120939636, -260.3254638622855, -58.36268749879431, 171.14534121953756, 82.35205375309776, 164.13281807154036
380.08560852677095, -260.05063432187416, -61.236000253623, 170.91563080991156, 82.55172523035824, 163.90106451953227
380.08560852677095, -260.05063432187416, -61.236000253623, 170.91563080991156, 82.55172523035824, 163.90106451953227
379.64413040166977, -259.79450917713825, -64.75566284863777, 170.60440579119503, 82.81713258975172, 163.5734221225715
379.64413040166977, -259.79450917713825, -64.75566284863777, 170.60440579119503, 82.81713258975172, 163.5734221225715
379.2511768573855, -259.59893925240897, -67.73246584276306, 170.3027602503827, 83.02383239400402, 163.26008636800717
378.8302232763843, -259.4341535688488, -70.91860777566997, 169.94574713296078, 83.23744134965611, 162.88033005371423
378.8302232763843, -259.4341535688488, -70.91860777566997, 169.94574713296078, 83.23744134965611, 162.88033005371423
378.3735394697424, -259.3471145229477, -74.61076677199704, 169.5753836138427, 83.48947575121504, 162.42912713014786
378.3735394697424, -259.3471145229477, -74.61076677199704, 169.5753836138427, 83.48947575121504, 162.42912713014786
378.07355847212347, -259.3482951051643, -77.43786545468836, 169.32583032604452, 83.69054250888091, 162.0978483088073
377.6614451504615, -259.31799580153626, -80.92306906936115, 168.95337023677848, 83.9315738466712, 161.6256722722691
377.6614451504615, -259.31799580153626, -80.92306906936115, 168.95337023677848, 83.9315738466712, 161.6256722722691
377.47224414105386, -259.40702671797237, -82.92117261313307, 168.6032926983621, 84.19819671896283, 161.17518217815814
377.47224414105386, -259.40702671797237, -82.92117261313307, 168.6032926983621, 84.19819671896283, 161.17518217815814
377.3435670974238, -259.5302331985889, -84.34645042742315, 168.2159860261588, 84.45196117156922, 160.6827640493609
377.3386885797771, -259.6824413675207, -85.22058502376294, 167.8868239207907, 84.6741506923538, 160.2620947514169
377.3386885797771, -259.6824413675207, -85.22058502376294, 167.8868239207907, 84.6741506923538, 160.2620947514169
377.25622010001956, -259.9456891030136, -86.42479290682789, 167.43662425062655, 84.95103403547718, 159.64404220585007
377.25622010001956, -259.9456891030136, -86.42479290682789, 167.43662425062655, 84.95103403547718, 159.64404220585007
377.0993377569732, -260.1956671884812, -87.68668340014982, 166.92837942453568, 85.19408761314847, 158.95663501459808
377.0993377569732, -260.1956671884812, -87.68668340014982, 166.92837942453568, 85.19408761314847, 158.95663501459808
376.99131245113404, -260.4146158359861, -88.79076184134918, 166.34632711529642, 85.41748339522873, 158.22317845569606
376.946349367004, -260.6308104685703, -89.71159783810631, 165.80201310154098, 85.63778841717696, 157.5477679776985
376.946349367004, -260.6308104685703, -89.71159783810631, 165.80201310154098, 85.63778841717696, 157.5477679776985
376.732082136787, -260.8247732115116, -91.30112777778146, 165.06261015201974, 85.88041952985868, 156.6428938265483
376.732082136787, -260.8247732115116, -91.30112777778146, 165.06261015201974, 85.88041952985868, 156.6428938265483
376.5101838626422, -261.045390488889, -93.26332931024847, 164.25560494077615, 86.12971894987932, 155.65866666647747
376.2214613389986, -261.2327363506654, -95.88210642548736, 163.35663917109278, 86.36637025077475, 154.58053279825918
376.2214613389986, -261.2327363506654, -95.88210642548736, 163.35663917109278, 86.36637025077475, 154.58053279825918
376.0349172953577, -261.4504697028369, -98.44102750135788, 162.32260270541602, 86.61906066912518, 153.3827390079558
376.0349172953577, -261.4504697028369, -98.44102750135788, 162.32260270541602, 86.61906066912518, 153.3827390079558
375.892992685038, -261.6164177933752, -100.55804940306926, 161.33464018020373, 86.82338346572986, 152.26232734701173
375.66291748711944, -261.8487998084153, -103.2221109876426, 159.90716463503787, 87.06390440085167, 150.65359017356286
375.66291748711944, -261.8487998084153, -103.2221109876426, 159.90716463503787, 87.06390440085167, 150.65359017356286
375.6007032150638, -262.1132406914206, -105.5291237042186, 158.3217534931421, 87.29734575893325, 148.90305513140717
375.6007032150638, -262.1132406914206, -105.5291237042186, 158.3217534931421, 87.29734575893325, 148.90305513140717
375.35966678524153, -262.3263384956705, -108.35125837744722, 156.17532617334862, 87.53012122078158, 146.58138855119066
375.35966678524153, -262.3263384956705, -108.35125837744722, 156.17532617334862, 87.53012122078158, 146.58138855119066
375.115057851108, -262.5152854438134, -111.39606296280844, 153.63216294905206, 87.74995077990187, 143.87313560352047
375.04866810639044, -262.8252226268547, -114.34154641465784, 150.2351018321599, 88.00452460711128, 140.2940823284501
375.04866810639044, -262.8252226268547, -114.34154641465784, 150.2351018321599, 88.00452460711128, 140.2940823284501
374.9059574433006, -263.08108523421254, -117.67952886362329, 146.16656874887244, 88.23133532001442, 136.04303360529536
374.9059574433006, -263.08108523421254, -117.67952886362329, 146.16656874887244, 88.23133532001442, 136.04303360529536
374.6289323121949, -263.24131944961704, -120.58810473211236, 142.56680766282932, 88.37286834591588, 132.29537266063767
374.5793696198841, -263.52096200843863, -123.98284847277071, 135.98543685935437, 88.59033560582283, 125.54762845333552
374.5793696198841, -263.52096200843863, -123.98284847277071, 135.98543685935437, 88.59033560582283, 125.54762845333552
374.43773029026903, -263.7303752195698, -126.86816585586666, 129.40374692451505, 88.738200772164, 118.82088411760195
374.28079543459285, -263.94849083965613, -130.12037765352267, 120.97227021189413, 88.86410395200578, 110.22650911139937
374.28079543459285, -263.94849083965613, -130.12037765352267, 120.97227021189413, 88.86410395200578, 110.22650911139937
374.2755639363026, -264.2413853616276, -133.0679327717429, 110.25756273453608, 88.96819885784548, 99.3585730975849
374.2755639363026, -264.2413853616276, -133.0679327717429, 110.25756273453608, 88.96819885784548, 99.3585730975849
374.04081223614776, -264.43779186023806, -137.15753583535692, 96.57697570543962, 89.01894712768265, 85.50291740536296
374.0149262934368, -264.6674122149074, -140.21056559933507, 83.76251259920646, 89.02129514074444, 72.55238259434354
374.0149262934368, -264.6674122149074, -140.21056559933507, 83.76251259920646, 89.02129514074444, 72.55238259434354
374.02231993917, -264.9091207205772, -144.2081410709562, 68.0268967028078, 88.94729707022536, 56.65746237610284
374.02231993917, -264.9091207205772, -144.2081410709562, 68.0268967028078, 88.94729707022536, 56.65746237610284
373.8752934945515, -265.0907851131121, -148.34255409854023, 56.46535287723085, 88.81648853203065, 44.93583511390298
373.9795609296746, -265.24618068194684, -151.97867008811184, 46.94875416835584, 88.64943920281866, 35.31215288173728
373.9795609296746, -265.24618068194684, -151.97867008811184, 46.94875416835584, 88.64943920281866, 35.31215288173728
373.9911922206917, -265.3201900603054, -155.2113266007751, 40.60927879502801, 88.48403976213096, 28.905818874788125
373.9911922206917, -265.3201900603054, -155.2113266007751, 40.60927879502801, 88.48403976213096, 28.905818874788125
374.05524154181, -265.0462755251487, -159.3833574228534, 34.76486600590636, 88.26507903061002, 23.027214802212434
374.3020964952475, -264.66071188623863, -162.5420903095451, 30.434214433130524, 88.05991669432424, 18.68388089491138
374.6046018541938, -263.66208111851745, -166.19553109899482, 26.99256533508543, 87.83787746756254, 15.242521871852368
374.6046018541938, -263.66208111851745, -166.19553109899482, 26.99256533508543, 87.83787746756254, 15.242521871852368
374.8445425510176, -262.64648253133186, -169.4419926572563, 24.759126738813286, 87.65452773575609, 12.996113969775763
374.8445425510176, -262.64648253133186, -169.4419926572563, 24.759126738813286, 87.65452773575609, 12.996113969775763
375.3608535955101, -261.124666536245, -173.2774292386163, 22.28211549589193, 87.42244150658938, 10.533127728615728
375.8276617426299, -259.78876637838033, -176.21706937958362, 20.692462390520927, 87.24100735247015, 8.943112830504864
375.8276617426299, -259.78876637838033, -176.21706937958362, 20.692462390520927, 87.24100735247015, 8.943112830504864
376.1854998576743, -258.25943236758775, -179.65866048887438, 19.454683946039243, 87.06036354080344, 7.68655952434329
376.1854998576743, -258.25943236758775, -179.65866048887438, 19.454683946039243, 87.06036354080344, 7.68655952434329
376.8485844960568, -256.49605040857267, -183.2571860234327, 17.843955073009816, 86.82464432374483, 6.091956759223455
376.8485844960568, -256.49605040857267, -183.2571860234327, 17.843955073009816, 86.82464432374483, 6.091956759223455
377.3981738043889, -254.83159531842503, -187.0216253765967, 16.660779344968883, 86.6009283081825, 4.895676010282247
377.7961104417115, -253.5754798061927, -190.99602247054239, 15.704969573067814, 86.38928033598735, 3.936507871607915
377.7961104417115, -253.5754798061927, -190.99602247054239, 15.704969573067814, 86.38928033598735, 3.936507871607915
378.2622099599572, -252.85861728493953, -194.92394976730313, 14.740873505256864, 86.16234621650969, 2.983487120007661
378.2622099599572, -252.85861728493953, -194.92394976730313, 14.740873505256864, 86.16234621650969, 2.983487120007661
378.5510816116295, -252.47603636092637, -199.2118914536496, 14.049464403977204, 85.95108787189947, 2.2905978369418287
378.8621454613063, -252.41022722859307, -202.80499371613254, 13.411457019983299, 85.76023859767373, 1.6579082138504795
378.8621454613063, -252.41022722859307, -202.80499371613254, 13.411457019983299, 85.76023859767373, 1.6579082138504795
379.07805361519144, -252.4323637164983, -206.27649787740236, 12.90062603567263, 85.58601217872749, 1.13953830073938
379.07805361519144, -252.4323637164983, -206.27649787740236, 12.90062603567263, 85.58601217872749, 1.13953830073938
379.41997320028014, -252.4156247015149, -210.85774227234387, 12.280757659946234, 85.34996428808248, 0.5186099780343962
379.41997320028014, -252.4156247015149, -210.85774227234387, 12.280757659946234, 85.34996428808248, 0.5186099780343962
379.8613048986637, -252.48772117341184, -215.32905634336518, 11.547473076480948, 85.07839172906598, -0.2266777805787131
380.09800004469406, -252.42534950612145, -219.4439399299517, 11.127202017953099, 84.8720130346163, -0.6483924501965166
380.09800004469406, -252.42534950612145, -219.4439399299517, 11.127202017953099, 84.8720130346163, -0.6483924501965166
380.5745616684125, -252.50252326737854, -223.93438565122116, 10.52777418017436, 84.60482471389167, -1.2600058646879628
380.5745616684125, -252.50252326737854, -223.93438565122116, 10.52777418017436, 84.60482471389167, -1.2600058646879628
380.964516624991, -252.4864675788157, -228.4566350679372, 9.994280539211012, 84.32822967047133, -1.7977116878128232
381.26721881292667, -252.48137855796293, -232.10085474686014, 9.596632931771502, 84.0990908604226, -2.2002332122377473
381.26721881292667, -252.48137855796293, -232.10085474686014, 9.596632931771502, 84.0990908604226, -2.2002332122377473
381.8499997988195, -252.52406785321784, -236.4892960771892, 9.054021380286308, 83.78756968858761, -2.742997486834445
381.8499997988195, -252.52406785321784, -236.4892960771892, 9.054021380286308, 83.78756968858761, -2.742997486834445
382.26468769042367, -252.54566175547777, -240.99511071657125, 8.639115530839806, 83.49811205839222, -3.1645351010991263
382.5885485374145, -252.4915687411835, -244.67418269966453, 8.379188813594704, 83.27204919053814, -3.419057826200637
382.5885485374145, -252.4915687411835, -244.67418269966453, 8.379188813594704, 83.27204919053814, -3.419057826200637
383.2002623423028, -252.58343856372377, -248.52837475245673, 7.971369088992177, 82.97760748850303, -3.8264212522794367
383.2002623423028, -252.58343856372377, -248.52837475245673, 7.971369088992177, 82.97760748850303, -3.8264212522794367
383.6872124433322, -252.58340620601965, -253.10220152467207, 7.670377267124832, 82.68548789709864, -4.125224232539308
384.2248097073841, -252.5780245718554, -257.58807055367936, 7.434722222706351, 82.39929293952432, -4.354421061668246
384.2248097073841, -252.5780245718554, -257.58807055367936, 7.434722222706351, 82.39929293952432, -4.354421061668246
384.9194656102986, -252.63549130719, -261.9742868692552, 7.127279531655459, 82.07631725224442, -4.655177801493327
384.9194656102986, -252.63549130719, -261.9742868692552, 7.127279531655459, 82.07631725224442, -4.655177801493327
385.25637398823, -252.62143338441734, -265.64448504723106, 6.995819657354262, 81.86035520715451, -4.786635056057527
386.01912532935194, -252.71338262122956, -269.97306671647317, 6.705019048930188, 81.53627233116717, -5.075891451185972
386.01912532935194, -252.71338262122956, -269.97306671647317, 6.705019048930188, 81.53627233116717, -5.075891451185972
386.47339481728517, -252.7585854854899, -273.6307699084169, 6.5519626678225995, 81.30815156056113, -5.233498103050516
386.47339481728517, -252.7585854854899, -273.6307699084169, 6.5519626678225995, 81.30815156056113, -5.233498103050516
387.11380649493685, -252.7952889152795, -278.19148897908207, 6.338748380457203, 81.00786195466263, -5.448854083387785
387.79202606682713, -252.87437414538445, -282.0012812286604, 6.121977520981287, 80.73082112627588, -5.667702819937926
387.79202606682713, -252.87437414538445, -282.0012812286604, 6.121977520981287, 80.73082112627588, -5.667702819937926
388.4377096811291, -252.97418966833197, -286.45904512782295, 5.932319318935293, 80.43615580965196, -5.872532962074601
388.4377096811291, -252.97418966833197, -286.45904512782295, 5.932319318935293, 80.43615580965196, -5.872532962074601
389.1356136986731, -253.0347261398014, -290.9679666382324, 5.761534543942983, 80.14266314850941, -6.051953251003623
389.1356136986731, -253.0347261398014, -290.9679666382324, 5.761534543942983, 80.14266314850941, -6.051953251003623
389.92607556793195, -253.16882541418607, -295.1518989675, 5.55259642743329, 79.82493087319747, -6.272265625179593
390.44757883102693, -253.2417267992869, -298.4539676680412, 5.427152960797893, 79.58838984344425, -6.408492603491063
390.44757883102693, -253.2417267992869, -298.4539676680412, 5.427152960797893, 79.58838984344425, -6.408492603491063
390.9316587920286, -253.29103953428722, -301.31680812532244, 5.308176803915468, 79.34999952553463, -6.532250031644811
391.52808244413217, -253.37657295429196, -304.4148587214739, 5.147098368840596, 79.03486783767747, -6.697404017030953
391.52808244413217, -253.37657295429196, -304.4148587214739, 5.147098368840596, 79.03486783767747, -6.697404017030953
391.9209936977447, -253.428419918992, -306.5595727766446, 5.039753594480999, 78.77305394679067, -6.808485442605019
391.9209936977447, -253.428419918992, -306.5595727766446, 5.039753594480999, 78.77305394679067, -6.808485442605019
391.9366509288765, -253.38086498672595, -306.7854868933759, 4.900264616616477, 78.46846176715684, -6.941889331350446
391.9366509288765, -253.38086498672595, -306.7854868933759, 4.900264616616477, 78.46846176715684, -6.941889331350446
392.076849512004, -253.4668125362429, -306.09479391282986, 4.755847150909193, 78.14561279724906, -7.086488161160671
391.9227890789441, -253.40477804712395, -305.88824172937757, 4.717408122107153, 77.97235122042073, -7.122594187496333
391.9227890789441, -253.40477804712395, -305.88824172937757, 4.717408122107153, 77.97235122042073, -7.122594187496333
391.99566232000456, -253.43604492756177, -305.6254604870112, 4.6571330920943135, 77.83003730582365, -7.180703537812941
392.02838077566656, -253.4603688288196, -305.39022506300284, 4.6147196092622815, 77.72422512584718, -7.225510824736608
392.02838077566656, -253.4603688288196, -305.39022506300284, 4.6147196092622815, 77.72422512584718, -7.225510824736608
391.9211496553863, -253.42406842420507, -305.3985865075679, 4.623225695105451, 77.6820645632889, -7.218821965789413
391.9211496553863, -253.42406842420507, -305.3985865075679, 4.623225695105451, 77.6820645632889, -7.218821965789413
391.9761932938026, -253.44982217863821, -305.3448701880814, 4.614708201618327, 77.67245514621436, -7.229426297638842
391.9761932938026, -253.44982217863821, -305.3448701880814, 4.614708201618327, 77.67245514621436, -7.229426297638842
391.9365068964829, -253.4267681119563, -305.38714084292286, 4.628296700113075, 77.67944045596475, -7.216404553735723
391.897024382948, -253.41918313877676, -305.42804609082685, 4.636202981368829, 77.68507750542065, -7.210190631050778
391.897024382948, -253.41918313877676, -305.42804609082685, 4.636202981368829, 77.68507750542065, -7.210190631050778
391.7803545351436, -253.3629295625761, -305.1424355350401, 4.649804246661928, 77.69428363486628, -7.195723866405679
391.7803545351436, -253.3629295625761, -305.1424355350401, 4.649804246661928, 77.69428363486628, -7.195723866405679
391.4087788387853, -253.21381145225425, -303.9469623458049, 4.682375805167581, 77.71136963122713, -7.16273293465007
391.10475363894534, -253.07999191438802, -302.8017136256225, 4.701850406428819, 77.721237089928, -7.139836999107198
391.10475363894534, -253.07999191438802, -302.8017136256225, 4.701850406428819, 77.721237089928, -7.139836999107198
390.74171153563964, -252.9254883375557, -300.7524016178661, 4.709077951512642, 77.72339696339901, -7.124519503576641
390.74171153563964, -252.9254883375557, -300.7524016178661, 4.709077951512642, 77.72339696339901, -7.124519503576641
390.3901177862028, -252.75806120635818, -298.91576501339745, 4.743623178833959, 77.76436879095364, -7.077103628100032
389.9584013211439, -252.57592161771402, -296.5667793112231, 4.8010523475536715, 77.85962651738333, -7.0073963489244315
389.9584013211439, -252.57592161771402, -296.5667793112231, 4.8010523475536715, 77.85962651738333, -7.0073963489244315
389.51083508802367, -252.4822245925315, -294.0854487506795, 4.879975093566879, 78.00211823104736, -6.934946168093659
389.51083508802367, -252.4822245925315, -294.0854487506795, 4.879975093566879, 78.00211823104736, -6.934946168093659
389.03536391775845, -252.3768697637322, -291.7499981704868, 4.985089642514388, 78.16295207167722, -6.837703460383979
388.3791939616332, -252.3075506379814, -288.8120153542166, 5.084046364290186, 78.33604930355291, -6.758269237273101
388.3791939616332, -252.3075506379814, -288.8120153542166, 5.084046364290186, 78.33604930355291, -6.758269237273101
388.0573773338822, -252.26725547682761, -286.33064524756946, 5.1260246743465805, 78.45179426581143, -6.720609598382907
387.26252836421924, -252.19201352848953, -283.44118653422345, 5.271026629770337, 78.65734142450816, -6.602351012583497
387.26252836421924, -252.19201352848953, -283.44118653422345, 5.271026629770337, 78.65734142450816, -6.602351012583497
386.85912182679186, -252.1692748594943, -280.2404855581434, 5.318455099366962, 78.80300882897386, -6.563503931625708
386.85912182679186, -252.1692748594943, -280.2404855581434, 5.318455099366962, 78.80300882897386, -6.563503931625708
386.23254203974017, -252.13142166715562, -277.94420773368336, 5.441112882927891, 78.9811769846642, -6.464541407323146
385.74134072407463, -252.06627118427505, -275.261496152605, 5.540725448633613, 79.16429660547647, -6.375032718580136
385.74134072407463, -252.06627118427505, -275.261496152605, 5.540725448633613, 79.16429660547647, -6.375032718580136
385.34137737865365, -252.09293773368142, -272.10778014519167, 5.603737087233618, 79.34613322026306, -6.324925733428925
385.34137737865365, -252.09293773368142, -272.10778014519167, 5.603737087233618, 79.34613322026306, -6.324925733428925
384.5409784373973, -252.01129281574842, -269.34765887330445, 5.797325278047585, 79.59990683462729, -6.157768860989422
384.5409784373973, -252.01129281574842, -269.34765887330445, 5.797325278047585, 79.59990683462729, -6.157768860989422
384.1624206147708, -251.98043891535076, -266.22302855489875, 5.886000369814293, 79.79156845500951, -6.075721162609803
383.65428174511817, -251.9752493338106, -263.92450596817247, 6.018900332030811, 79.97771440707339, -5.962019254783241
383.65428174511817, -251.9752493338106, -263.92450596817247, 6.018900332030811, 79.97771440707339, -5.962019254783241
383.10936915325243, -251.92513204379173, -260.9197698249242, 6.178599786690018, 80.19681403703417, -5.817325943151693
382.845826020108, -251.95190638913556, -258.4173550318094, 6.258757631593223, 80.34642344023524, -5.745584660159473
382.845826020108, -251.95190638913556, -258.4173550318094, 6.258757631593223, 80.34642344023524, -5.745584660159473
382.1569357564195, -251.85079344585566, -255.9081016043278, 6.5032297594973425, 80.58542778047989, -5.519265153305233
382.1569357564195, -251.85079344585566, -255.9081016043278, 6.5032297594973425, 80.58542778047989, -5.519265153305233
381.9861800139519, -251.90580767741955, -252.66290515560576, 6.557925045490812, 80.74065426640965, -5.468667543578545
381.9861800139519, -251.90580767741955, -252.66290515560576, 6.557925045490812, 80.74065426640965, -5.468667543578545
381.24096743544055, -251.85286704064143, -249.82703377162306, 6.84318343785764, 80.99669633569748, -5.20840415159836
381.0100179644819, -251.8260980331084, -247.34808264759877, 6.967464045648294, 81.15218237845811, -5.0861296552023205
381.0100179644819, -251.8260980331084, -247.34808264759877, 6.967464045648294, 81.15218237845811, -5.0861296552023205
380.54053617734934, -251.8382869596733, -244.97443355088362, 7.144100676826892, 81.32829526054557, -4.92732063472843
380.0587395383102, -251.76890858883937, -242.38155851227623, 7.39007988477032, 81.54924586920306, -4.6907885948679455
380.0587395383102, -251.76890858883937, -242.38155851227623, 7.39007988477032, 81.54924586920306, -4.6907885948679455
379.88236104822516, -251.83277129483105, -239.77811328832357, 7.469250601555197, 81.67926930423896, -4.619102118509268
379.88236104822516, -251.83277129483105, -239.77811328832357, 7.469250601555197, 81.67926930423896, -4.619102118509268
379.20875591739355, -251.7957496962092, -236.95760149974436, 7.804881828565172, 81.94144207094033, -4.310538686279467
378.91078458281913, -251.69767794627984, -234.1851739996652, 7.957945602433522, 82.1312623947199, -4.184077379869564
378.91078458281913, -251.69767794627984, -234.1851739996652, 7.957945602433522, 82.1312623947199, -4.184077379869564
378.71911162205566, -251.190989140184, -232.13455759377965, 8.0953747091651, 82.28342115482407, -4.088101089660355
378.36377228528863, -250.04582654757118, -230.0999898959655, 8.448792403088097, 82.53093490385928, -3.777864236459948
378.36377228528863, -250.04582654757118, -230.0999898959655, 8.448792403088097, 82.53093490385928, -3.777864236459948
378.8741060863573, -248.20795947021085, -227.58434601090806, 8.458951961479775, 82.67066563432917, -3.7730966578443184
378.8741060863573, -248.20795947021085, -227.58434601090806, 8.458951961479775, 82.67066563432917, -3.7730966578443184
378.7243293070236, -245.93880313655868, -225.6281310201516, 8.85434534530595, 82.93544367877105, -3.4274528008441156
378.7243293070236, -245.93880313655868, -225.6281310201516, 8.85434534530595, 82.93544367877105, -3.4274528008441156
379.0564810614963, -243.9193618106284, -223.84816719002444, 9.01765640008843, 83.09944511265078, -3.2631701657782743
379.5129676782707, -241.19498461920205, -221.57649986270934, 9.251392297880896, 83.27771905323152, -3.065743720765374
379.5129676782707, -241.19498461920205, -221.57649986270934, 9.251392297880896, 83.27771905323152, -3.065743720765374
379.46337490646306, -238.72802307561764, -220.09089386950208, 9.760402864717394, 83.53184044930612, -2.5691843036107516
379.46337490646306, -238.72802307561764, -220.09089386950208, 9.760402864717394, 83.53184044930612, -2.5691843036107516
380.182704762697, -235.841218685392, -217.61398117561427, 9.969463192710524, 83.68979281760792, -2.3747773310996774
380.4194313905703, -232.9251240694496, -215.74391620514513, 10.408151047294268, 83.90181476828913, -1.964476830792754
380.4194313905703, -232.9251240694496, -215.74391620514513, 10.408151047294268, 83.90181476828913, -1.964476830792754
380.7937425580937, -230.53211327933482, -213.47256147415482, 10.78880245376922, 84.1065164637539, -1.5758383848178596
380.81593516040977, -229.86146835202757, -212.06176628963095, 11.116895442486403, 84.27305814954981, -1.2679877268823614
380.81593516040977, -229.86146835202757, -212.06176628963095, 11.116895442486403, 84.27305814954981, -1.2679877268823614
380.64790697496727, -229.72016564795305, -210.84623579401193, 11.562023263983702, 84.46575620568586, -0.8339511186171138
380.64790697496727, -229.72016564795305, -210.84623579401193, 11.562023263983702, 84.46575620568586, -0.8339511186171138
380.65029734879846, -229.71985304776783, -208.83494291965553, 11.934867969499757, 84.64869662184175, -0.4682405536139002
380.43012280415576, -229.64059116519044, -206.9054660133569, 12.475301974284916, 84.86492528154324, 0.068585496356501
380.43012280415576, -229.64059116519044, -206.9054660133569, 12.475301974284916, 84.86492528154324, 0.068585496356501
380.2711211944896, -229.5815658778621, -204.85404235942835, 12.990630609239794, 85.0617104127504, 0.5807214985296761
380.2711211944896, -229.5815658778621, -204.85404235942835, 12.990630609239794, 85.0617104127504, 0.5807214985296761
380.2074580019042, -229.5719151996392, -201.98027878489987, 13.554639600748214, 85.27904342502795, 1.1390946678562315
379.7406637634547, -229.48931139014766, -199.00158078451122, 14.551749248600034, 85.5692164835622, 2.1197984321167924
379.7406637634547, -229.48931139014766, -199.00158078451122, 14.551749248600034, 85.5692164835622, 2.1197984321167924
379.7927754886124, -229.52966876750676, -196.1463658277951, 15.012337759336189, 85.72749742508161, 2.57471791566951
379.4932429649898, -229.544995476247, -192.73366543834837, 15.908840048023958, 85.95734679597399, 3.451671382119934
379.4932429649898, -229.544995476247, -192.73366543834837, 15.908840048023958, 85.95734679597399, 3.451671382119934
379.07605473783764, -229.51600878029566, -188.76529325644304, 17.145842745745846, 86.22764658460245, 4.669212316391658
379.07605473783764, -229.51600878029566, -188.76529325644304, 17.145842745745846, 86.22764658460245, 4.669212316391658
378.99966131698545, -229.590256039694, -184.5064660145029, 18.142639002303625, 86.44080379734864, 5.650979198778627
378.6558376624357, -229.6267050705704, -181.28412023500815, 19.414391399180765, 86.65403269718476, 6.899699667459306
378.6558376624357, -229.6267050705704, -181.28412023500815, 19.414391399180765, 86.65403269718476, 6.899699667459306
378.4261705147963, -229.6645117240792, -177.09813209503332, 21.014321948793217, 86.89547795287865, 8.482652583957258
378.4261705147963, -229.6645117240792, -177.09813209503332, 21.014321948793217, 86.89547795287865, 8.482652583957258
378.3494463832637, -229.7957150518582, -172.79505630593485, 22.555463210324678, 87.10396030910934, 10.002175089092303
378.3494463832637, -229.7957150518582, -172.79505630593485, 22.555463210324678, 87.10396030910934, 10.002175089092303
377.9709308415508, -229.8333498899247, -168.73529682258393, 25.107235146924307, 87.36578599201815, 12.53079863228064
377.9709308415508, -229.8333498899247, -168.73529682258393, 25.107235146924307, 87.36578599201815, 12.53079863228064
377.810919190631, -229.92565113690281, -164.53115704911662, 27.70017354326038, 87.59081548460816, 15.103342990015472
377.8016859081719, -230.02403657786084, -161.06404568670618, 29.76818864867452, 87.74568187364319, 17.158200917809182
377.8016859081719, -230.02403657786084, -161.06404568670618, 29.76818864867452, 87.74568187364319, 17.158200917809182
377.447487762493, -230.05440024770346, -157.41578010616186, 33.845863992655794, 87.97490017094317, 21.214409950034327
377.5305393041515, -230.1659333001916, -153.93145093776943, 36.618598736920255, 88.11273632407358, 23.97619311206214
377.5305393041515, -230.1659333001916, -153.93145093776943, 36.618598736920255, 88.11273632407358, 23.97619311206214
377.3149509091159, -230.24325286698, -149.70151126605882, 42.04934782850787, 88.3151867275389, 29.385549729869876
377.227539076053, -230.31942668565307, -146.34770021439166, 47.44283886173604, 88.46404686809018, 34.76340420849233
377.227539076053, -230.31942668565307, -146.34770021439166, 47.44283886173604, 88.46404686809018, 34.76340420849233
377.1996480754727, -230.43995992929888, -142.4286920804631, 53.773331668231116, 88.59890799199212, 41.075284082451645
377.1996480754727, -230.43995992929888, -142.4286920804631, 53.773331668231116, 88.59890799199212, 41.075284082451645
377.01122691740295, -230.51308857721963, -138.33808818825435, 64.70885060058954, 88.74324159449759, 51.990351559551854
377.06817118455615, -230.61819020677765, -134.84407088542144, 72.54487552589251, 88.81192562142682, 59.81418799460499
377.06817118455615, -230.61819020677765, -134.84407088542144, 72.54487552589251, 88.81192562142682, 59.81418799460499
376.9798472559767, -230.70915126071972, -131.44718804674588, 82.7731652157825, 88.85634291285753, 70.02481336052219
376.9536603029927, -230.78488464586255, -127.675007323957, 95.59549907684331, 88.85770791400486, 82.83417295167578
376.9536603029927, -230.78488464586255, -127.675007323957, 95.59549907684331, 88.85770791400486, 82.83417295167578
376.92932646855917, -230.9170411149083, -124.25725173581073, 106.09839531955015, 88.81868638755738, 93.31697116013159
376.92932646855917, -230.9170411149083, -124.25725173581073, 106.09839531955015, 88.81868638755738, 93.31697116013159
376.90944201106265, -231.00461043254293, -120.08337470593587, 118.60622176420146, 88.70781705849348, 105.81024336953931
376.99345741931825, -231.1482113025663, -115.84445746949949, 128.38244985394147, 88.55737896051095, 115.56941155420567
376.99345741931825, -231.1482113025663, -115.84445746949949, 128.38244985394147, 88.55737896051095, 115.56941155420567
377.0147015160546, -231.25086699864283, -112.49262577836924, 134.9635080163296, 88.40421008719755, 122.13586394412675
377.0147015160546, -231.25086699864283, -112.49262577836924, 134.9635080163296, 88.40421008719755, 122.13586394412675
377.0158038385411, -231.35610032898558, -108.33032613873941, 141.76386655845837, 88.1769077864729, 128.91883918138168
377.1563064738807, -231.52203116291008, -104.07452510806667, 146.66634081115112, 87.95491681368527, 133.80086673398088
377.1563064738807, -231.52203116291008, -104.07452510806667, 146.66634081115112, 87.95491681368527, 133.80086673398088
377.203486215775, -231.63406915791478, -100.37277880884658, 150.51606113895735, 87.71833365794583, 137.63178276178976
377.203486215775, -231.63406915791478, -100.37277880884658, 150.51606113895735, 87.71833365794583, 137.63178276178976
377.3735130506074, -231.80011309964408, -96.102866737797, 153.75774791332861, 87.47107919594767, 140.85183623278522
377.4509677549921, -231.93244076091045, -92.78377848634828, 155.99277968209148, 87.25634694931344, 143.065766899024
377.4509677549921, -231.93244076091045, -92.78377848634828, 155.99277968209148, 87.25634694931344, 143.065766899024
377.5963418235541, -232.08324318858303, -88.59862752241239, 158.29373715769214, 86.98737611478181, 145.34445296769982
377.5963418235541, -232.08324318858303, -88.59862752241239, 158.29373715769214, 86.98737611478181, 145.34445296769982
377.77603627053145, -232.25231038270647, -85.19953021909501, 159.83771125277926, 86.77454815866227, 146.8663412792451
377.9168868494987, -232.4093965069753, -81.11027549955888, 161.56811255577344, 86.48144013715789, 148.57118623849308
377.9168868494987, -232.4093965069753, -81.11027549955888, 161.56811255577344, 86.48144013715789, 148.57118623849308
378.18486849577306, -232.599588872269, -77.26204323375258, 162.78875258064426, 86.24805396605599, 149.7693042452844
378.31876055919344, -232.73897497830305, -73.95947458950671, 163.81845095882971, 86.00948848625247, 150.77777082935083
378.31876055919344, -232.73897497830305, -73.95947458950671, 163.81845095882971, 86.00948848625247, 150.77777082935083
378.504047551593, -232.87631014445515, -70.65264140056816, 164.75906431402106, 85.76583374446093, 151.69969284807132
378.504047551593, -232.87631014445515, -70.65264140056816, 164.75906431402106, 85.76583374446093, 151.69969284807132
378.78563620256944, -233.08586107193932, -66.4503411678031, 165.77060406942203, 85.47466755543289, 152.68572093941472
378.99259014644224, -233.24239030263521, -62.806150847135115, 166.6392451091009, 85.18408108814067, 153.53356189020036
378.99259014644224, -233.24239030263521, -62.806150847135115, 166.6392451091009, 85.18408108814067, 153.53356189020036
379.2470433538284, -233.4136514587681, -59.42055147596223, 167.30003376487008, 84.93903121248499, 154.17437289648177
379.58968751429006, -233.63377782042122, -55.287428406272745, 168.05012897674874, 84.63358519301075, 154.8992939345953
379.58968751429006, -233.63377782042122, -55.287428406272745, 168.05012897674874, 84.63358519301075, 154.8992939345953
379.9274017077721, -233.84205828949393, -51.41419150026061, 168.74072816558964, 84.3280792729986, 155.5623785226312
379.9274017077721, -233.84205828949393, -51.41419150026061, 168.74072816558964, 84.3280792729986, 155.5623785226312
380.209397271605, -234.0310078145636, -47.97993885399454, 169.3668130263419, 84.00082144396337, 156.16060142454975
380.42281281991797, -234.160216360392, -45.278835984183445, 169.841268725633, 83.73821751345331, 156.61516176951784
380.42281281991797, -234.160216360392, -45.278835984183445, 169.841268725633, 83.73821751345331, 156.61516176951784
380.63303571169115, -234.32531788901284, -42.23236634877561, 170.32486085031016, 83.43879013165008, 157.07232536703705
380.63303571169115, -234.32531788901284, -42.23236634877561, 170.32486085031016, 83.43879013165008, 157.07232536703705
380.89227768752187, -234.487592586135, -38.92049910499438, 170.83346538491236, 83.10361855643484, 157.55429259263565
381.1941858812384, -234.65906024805386, -36.170603484143804, 171.19992849378067, 82.8615124600131, 157.8997395135384
381.1941858812384, -234.65906024805386, -36.170603484143804, 171.19992849378067, 82.8615124600131, 157.8997395135384
381.4791267001141, -234.83250543155603, -33.078512763457994, 171.59699355632887, 82.5612962482361, 158.27021546347478
381.4791267001141, -234.83250543155603, -33.078512763457994, 171.59699355632887, 82.5612962482361, 158.27021546347478
381.79172343364496, -235.0168898462735, -29.785753790384256, 171.9967692066211, 82.21333174731215, 158.6417532091398
382.2403822490308, -235.25154679648358, -26.315400553231168, 172.36958135541735, 81.89845129399531, 158.9862733299663
382.2403822490308, -235.25154679648358, -26.315400553231168, 172.36958135541735, 81.89845129399531, 158.9862733299663
382.5063355953645, -235.4102867180799, -23.791183227370784, 172.6513266203894, 81.61892944138647, 159.2430634412459
382.90929800406406, -235.60162790557055, -21.054583795202614, 172.91209427576212, 81.37247039370865, 159.4816516284346
382.90929800406406, -235.60162790557055, -21.054583795202614, 172.91209427576212, 81.37247039370865, 159.4816516284346
383.34198642634016, -235.84516012193376, -17.838416035446556, 173.2087311631875, 81.03823213128013, 159.74470501425884
383.34198642634016, -235.84516012193376, -17.838416035446556, 173.2087311631875, 81.03823213128013, 159.74470501425884
383.61899803452127, -236.01836355443595, -15.543717082461992, 173.46582053144684, 80.71311797964802, 159.96814274727473
383.94335938859064, -236.24574241257662, -13.098490213186958, 173.71944159492085, 80.39197706688621, 160.14757461371673
383.94335938859064, -236.24574241257662, -13.098490213186958, 173.71944159492085, 80.39197706688621, 160.14757461371673
384.21942790204224, -236.19241987525032, -11.206210455002392, 173.91951763058313, 80.1324074127574, 160.29161304504407
384.54250161342986, -235.91249170357298, -9.406685581645977, 174.10699985865892, 79.85029069758242, 160.42932081681872
384.54250161342986, -235.91249170357298, -9.406685581645977, 174.10699985865892, 79.85029069758242, 160.42932081681872
385.11279799014574, -235.52107469991276, -6.967405572795125, 174.3176127518416, 79.53700820182776, 160.59527171243104
385.11279799014574, -235.52107469991276, -6.967405572795125, 174.3176127518416, 79.53700820182776, 160.59527171243104
385.550401093652, -235.0020444560486, -4.781475287547992, 174.51066713436302, 79.17368445577982, 160.75578508888398
385.550401093652, -235.0020444560486, -4.781475287547992, 174.51066713436302, 79.17368445577982, 160.75578508888398
386.1785348422902, -234.23438733332887, -2.4186529622496065, 174.71811110592657, 78.82950738263973, 160.92519668084375
386.1785348422902, -234.23438733332887, -2.4186529622496065, 174.71811110592657, 78.82950738263973, 160.92519668084375
386.93321273361005, -233.16629501246555, -0.1217922772001889, 174.9433715931281, 78.49068461930784, 161.111915155692
387.68993573272616, -232.11709071159504, 2.276844436527509, 175.13656302410152, 78.16562741114393, 161.27187869317146
387.68993573272616, -232.11709071159504, 2.276844436527509, 175.13656302410152, 78.16562741114393, 161.27187869317146
388.41110688453466, -230.97557968859817, 4.495043601756899, 175.32506347990028, 77.80630687835057, 161.42464366314084
388.41110688453466, -230.97557968859817, 4.495043601756899, 175.32506347990028, 77.80630687835057, 161.42464366314084
389.24560841027755, -229.90684411162061, 6.8968304203755055, 175.50860510326572, 77.47932851275647, 161.56687075981347
389.24560841027755, -229.90684411162061, 6.8968304203755055, 175.50860510326572, 77.47932851275647, 161.56687075981347
390.0871211225341, -228.78957503314805, 9.206086219107041, 175.65749087876685, 77.14844097617086, 161.6944917637302
390.7303430933211, -227.80763756919208, 11.266976948594909, 175.80879285854186, 76.8175510929958, 161.80448973820828
390.7303430933211, -227.80763756919208, 11.266976948594909, 175.80879285854186, 76.8175510929958, 161.80448973820828
391.7618831365985, -226.70340584733327, 14.273108333105105, 175.95972249624546, 76.47962057397203, 161.92717028672507
391.7618831365985, -226.70340584733327, 14.273108333105105, 175.95972249624546, 76.47962057397203, 161.92717028672507
392.47095649800093, -225.92994528961967, 16.62375986196315, 176.0662649075841, 76.19792692017438, 162.0097901049142
393.56406626808933, -224.95066940876285, 19.815996143515147, 176.21134330393284, 75.8648162891185, 162.12029520041003
393.56406626808933, -224.95066940876285, 19.815996143515147, 176.21134330393284, 75.8648162891185, 162.12029520041003
394.73049700827227, -224.00524001764947, 23.193555605693106, 176.34380464196386, 75.54187556572897, 162.21731136235988
394.73049700827227, -224.00524001764947, 23.193555605693106, 176.34380464196386, 75.54187556572897, 162.21731136235988
395.4422919372299, -223.27203204870443, 25.502377005013454, 176.4332744712163, 75.23462219120813, 162.28602396174153
