-0.07092009616549307, 0.10481882420097136, 0.5373173670575164
-0.07076337725609268, 0.10494245972618539, 0.5384452137590806
-0.07086010228490493, 0.1048100629213931, 0.5380691188402993
-0.07083906461514625, 0.10482241860850797, 0.5380878176339137
-0.07077325048779558, 0.10484666048561862, 0.5380959750938099
-0.07086950755183412, 0.10471404093498304, 0.5374537795292111
-0.07084487114431438, 0.10463383936404312, 0.5371459330060224
-0.0708968680455264, 0.10479979201709384, 0.5381360694277082
-0.07087197878057472, 0.10480909705049656, 0.538055038247176
-0.07081054102207725, 0.1046878693053065, 0.5373506045468882
-0.07089704101724066, 0.10464391243859876, 0.5374996812667863
-0.07088583641260318, 0.104629904399552, 0.5372098307603832
-0.07087170490598184, 0.1047252703130445, 0.53740172990315
-0.07088187875743902, 0.10469898762093578, 0.537625434636164
-0.07087823184849115, 0.10466456827419535, 0.5371489716999792
-0.07088992961115995, 0.1047088233293701, 0.5375976308224527
-0.07084515381273022, 0.10457509279792672, 0.5367073508644061
-0.07086708194928386, 0.10468331040076446, 0.5372300320502458
-0.07089250320815528, 0.10466325101228091, 0.537606635377794
-0.07095274982754418, 0.10462268155446706, 0.5372737501524119
-0.07091632769322577, 0.10473446426366781, 0.5376772599428515
-0.07092477982048681, 0.10473204034844802, 0.5379720142145701
-0.07093719331162184, 0.10459672337519396, 0.5372505079250859
-0.07090279836548039, 0.10460333139110671, 0.5371299952145664
-0.07090804575832693, 0.10468955116521486, 0.5375864322332077
-0.07089847885792055, 0.10458998885488335, 0.5367837525706342
-0.07091006687241544, 0.10469538807678075, 0.5372535760892855
-0.07091947274682649, 0.1046581007847548, 0.5374200020390535
-0.07090238561492496, 0.10467427189174114, 0.5376472134894309
-0.07087915478281658, 0.10473784524068228, 0.5376640920203722
-0.07093559164460654, 0.1045804914267949, 0.537116512670236
-0.07087753261530987, 0.1046052400562392, 0.5371828158633969
-0.07094248674973322, 0.10466934447800182, 0.5376363659200084
-0.07092220373409491, 0.10457079072324775, 0.537296116848648
-0.07090517264722984, 0.10457047849369389, 0.5367927153996259
-0.07094433890956772, 0.10462527720728929, 0.5372693476521471
-0.07097122489080764, 0.10463104689497313, 0.5377713760099055
-0.07091857541228386, 0.10470608454507578, 0.5376999594640319
-0.07095878811607997, 0.10457854348074078, 0.5375622192676711
-0.0709220493569029, 0.10461162003700589, 0.5373588351976232
-0.07089127664804946, 0.10463160666993893, 0.5369496886832501
-0.0708778011728694, 0.10458741272418953, 0.5368408820398788
-0.07085543331180982, 0.1046588547419001, 0.537276381584086
-0.07089471266465454, 0.10464482306951346, 0.5371427518485251
-0.07086770610552064, 0.10454457617164319, 0.5365067415671992
-0.07091203898513145, 0.10466420032082326, 0.5374708676031961
-0.07088360686068385, 0.1046480993474768, 0.5372039630809794
-0.07091124777004389, 0.10466253793728926, 0.5372873731150966
-0.07093032265420757, 0.10456658147854792, 0.537142520242491
-0.0708858936252588, 0.10465971813666025, 0.5373344756937484
-0.07091986304815527, 0.10458384777656442, 0.5366979594707604
-0.07088703157680447, 0.10463814803605162, 0.5370941880249368
-0.07087138908266145, 0.10466961478730998, 0.537058144747808
-0.07093856979256752, 0.10459050916758147, 0.5369489351322237
-0.07091401881573176, 0.1046358770893655, 0.5371645508586851
-0.07089038440082943, 0.10466020267411835, 0.5373700044191979
-0.07095512989400775, 0.10447743187411208, 0.5365714356247206
-0.07092339131721254, 0.10460860262820318, 0.5369567039295614
-0.07091508678865309, 0.1045843226180467, 0.537334029584432
-0.07090161615613967, 0.10463273330553946, 0.5371539071638379
-0.07091730391722136, 0.10455945834425849, 0.5370162613939602
-0.07088997807010834, 0.10455752455388105, 0.5368919892050689
-0.07090169220261135, 0.10466920123447931, 0.5375669187833829
-0.07090911159492644, 0.10467641545210146, 0.5375261679991422
-0.07087253014078587, 0.10466019287375683, 0.5372260555299297
-0.07083158062170525, 0.10451779902816868, 0.5355130237270124
-0.07042177320450442, 0.1045235559882348, 0.5356808804787977
-0.07009954801479792, 0.10459764642154995, 0.5369674124726153
-0.06995739993616927, 0.1047625887767338, 0.5371628370420605
-0.06982491679528377, 0.10477189252924825, 0.5367813652617817
-0.0691474286834327, 0.10486355148107768, 0.5375313757277339
-0.06898838495362286, 0.10483442042164416, 0.5377351691178032
-0.06898538202393875, 0.10468353461237001, 0.5359250645183369
-0.06817247044906467, 0.10489036292956241, 0.5362880274187368
-0.06810663971331914, 0.1047861722974749, 0.5365095699697874
-0.06742739675602522, 0.10467289310301992, 0.5349073060910526
-0.06646692186577285, 0.1047469030329704, 0.5346650531255432
-0.06608785986229007, 0.10457874965288536, 0.5353326677280281
-0.06529159031325026, 0.1046710410279797, 0.5356521912133441
-0.06482333691024485, 0.10464411243473558, 0.5350966207330987
-0.06418756508304743, 0.10462073346972511, 0.5350056876501733
-0.06335860452397926, 0.10447128244591525, 0.5349414840880125
-0.06259142521629274, 0.1046720130029292, 0.5349236689686949
-0.062469908213975384, 0.10469056842296437, 0.536327669346611
-0.06244602725185863, 0.10478246911966027, 0.5364410681183305
-0.06165972842616899, 0.10472300321162359, 0.5348389755029068
-0.061555816394540434, 0.10478262514807542, 0.535622906416971
-0.06149997065364302, 0.10494430993960839, 0.5365931183603697
-0.061355620002388776, 0.1046900479469585, 0.5359925883304336
-0.060683158897868725, 0.10495719643383192, 0.5353533843338267
-0.06058675935773991, 0.10511134398242947, 0.5360921594320593
-0.06069628450530657, 0.10483112823377973, 0.5370677067787601
-0.06064261497001694, 0.10477354767963443, 0.5364211744317315
-0.05975220884473717, 0.10522943356573818, 0.5358976612353386
-0.05970880702140165, 0.10518087293618338, 0.5354440651545077
-0.05973705755249681, 0.1047436198243789, 0.5348026287646894
-0.05957703400079402, 0.10502824332869792, 0.5357328825068708
-0.05929466363017957, 0.10523438999127756, 0.5360673928974025
-0.05910400296029915, 0.10486790963242063, 0.5358576871296274
-0.05947241780266786, 0.10493249196206263, 0.5364970383958024
-0.059170541182159336, 0.10523062170105843, 0.536878479482191
-0.05946594066847384, 0.1048746694139261, 0.53633031699538
-0.05916193210910492, 0.10493629764840604, 0.5362149024220936
-0.05904439656948046, 0.10523451630228227, 0.5370674848804978
-0.059506629049769735, 0.10498136281160579, 0.536665838501621
-0.05935382445767784, 0.10486961401293551, 0.5361970461591541
-0.059095864270030794, 0.10514423353731983, 0.5366191984117124
-0.059162008166675065, 0.10529609099566181, 0.5371098199036254
-0.05949132926159052, 0.10486193323954623, 0.5363073756696323
-0.05941062336801292, 0.10480036624122727, 0.5349388751021735
-0.05902748660252586, 0.10514418434282896, 0.5363116377128028
-0.0592870181239982, 0.10520123849425894, 0.537308567196125
-0.05957247929673323, 0.10489477136462888, 0.5351129847127576
-0.05943154707014086, 0.1048693290651922, 0.5347825556782653
-0.05937567119833723, 0.10464911280860882, 0.5353492788164379
-0.05944933947516012, 0.10466846953185968, 0.534980298287422
-0.05954390694848652, 0.10484116943039429, 0.5349696458453448
-0.059345321048864794, 0.10566230397844259, 0.5355265249689221
-0.05939294593728231, 0.10582361900737026, 0.5361076291061845
-0.05941626027585772, 0.10578285936514008, 0.5352323297533821
-0.05936971625102687, 0.10603806176301259, 0.5351279233289149
-0.05927353895726045, 0.10680988465121685, 0.5361838064184491
-0.05910882151969196, 0.10681612552051259, 0.5355396689780437
-0.05888495169414853, 0.10770910727340974, 0.5360974417471821
-0.05914670225417386, 0.10789271230846366, 0.5358355208154192
-0.05906486061498681, 0.1087179659240358, 0.5360235192274233
-0.058309843798347714, 0.10909680012240683, 0.5353992344686708
-0.05832547334484657, 0.10992543348471127, 0.5371315404869914
-0.058524153904689256, 0.11013492354281815, 0.5363199050616946
-0.05827773955498369, 0.11056043157688251, 0.536585059813825
-0.05816196289398131, 0.11077047270939688, 0.5355335330356698
-0.0575232323427108, 0.11180621837803907, 0.5374840949386623
-0.05750039158787942, 0.11191617650058609, 0.5367168178682328
-0.057303873150666824, 0.11274666612661681, 0.5372588462370271
-0.057072192634560356, 0.11305992837603582, 0.5356205590091929
-0.05645196484211898, 0.11358400547503385, 0.5372266342125234
-0.056422643710682646, 0.11353110666151399, 0.5362756467880332
-0.05620726282762851, 0.11423263299318966, 0.5373059549878397
-0.05542730897475577, 0.11462298008535238, 0.5374577231362524
-0.05438240172228519, 0.11453722037745728, 0.5377544014264305
-0.05339750701459934, 0.11464713710866441, 0.5376877907464995
-0.052525986522983174, 0.11454681107923498, 0.5370466782228331
-0.05242023057669498, 0.11436868875418617, 0.5371535485813741
-0.05159448139145813, 0.1144955099906617, 0.5359494135742419
-0.05051734013363701, 0.11445735859281872, 0.5354952878726759
-0.049622684353410496, 0.11453155593019587, 0.5349112795896782
-0.049487379430889454, 0.1142995347398253, 0.5353252366366192
-0.04859151013735949, 0.11460013665471196, 0.5353899459197029
-0.047684560438474605, 0.1149431263763811, 0.5346775761445381
-0.0467721207797944, 0.11494361795053312, 0.5350423248268039
-0.04651298070159211, 0.11500860840914467, 0.5354545985649287
-0.04598271995887013, 0.11499035659728546, 0.5344385956503902
-0.04539005647672663, 0.11529288994656361, 0.5354720056432922
-0.04442690521238396, 0.11549555367455881, 0.5362545168351173
-0.04368317182570894, 0.11524339778294063, 0.5354717999069125
-0.04348886854065018, 0.11553764929518527, 0.5365900368750158
-0.043139235582691504, 0.11553393198907257, 0.5362906441826022
-0.04227858372191518, 0.1154420931638802, 0.5355515391699721
-0.041406671069689864, 0.11564455491952252, 0.5364501399732416
-0.04120577326613004, 0.1156341657844062, 0.5370374138510469
-0.04063730842192304, 0.1156932669070907, 0.5362757191847518
-0.03957046210521002, 0.11555986070085693, 0.5345528321683535
-0.03866879881962843, 0.1157633614610692, 0.5369782180141383
-0.038850915103301784, 0.11549780109761551, 0.5364078096149437
-0.0386353528443765, 0.11546539861412265, 0.5349037987110322
-0.038292196065030315, 0.11579798557306113, 0.5356640593829914
-0.037608547636011604, 0.11556616664583366, 0.5345242473783935
-0.03773461450706388, 0.11596251276522922, 0.5370846814041113
-0.03775256544669613, 0.11609740998435662, 0.533142780128481
-0.03692716802941674, 0.11664842269931937, 0.535800071727929
-0.0367302251595332, 0.11683752322008047, 0.5346573991145281
-0.03666396550296688, 0.11718220294272838, 0.5351174795576855
-0.03673860762013995, 0.11790675426896713, 0.5357562068330598
-0.03585281218780359, 0.11857890373561561, 0.5358004879898893
-0.03552880547739445, 0.11908779650645383, 0.5353984492990429
-0.03573602944008099, 0.11969297510142943, 0.536394742577782
-0.03553665788749833, 0.120094957516845, 0.5348541470116134
-0.03478002707054144, 0.1206519197943989, 0.5355923254934812
-0.03469376274866008, 0.12124264145839259, 0.5357056327973695
-0.03439737797346018, 0.1220323843223954, 0.5361628062070477
-0.03466179017373231, 0.12281309519046833, 0.535303521578203
-0.033852464324344404, 0.12365022597885181, 0.5352757778406743
-0.033121068426232136, 0.12432102281294023, 0.5370319407470411
-0.033620716853728916, 0.1247246154039739, 0.536337420171032
-0.0332236876396151, 0.1254233938615005, 0.5363997956189968
-0.03278277206763451, 0.12631349915580148, 0.5365191549377232
-0.031990142497802306, 0.12722900229907308, 0.5369871578604748
-0.032054929868404296, 0.12787545398665032, 0.5375172402523418
-0.03249813948015345, 0.12880613406680239, 0.5372894555103268
-0.031766323178671264, 0.1291504199613345, 0.536569585763662
-0.031008005428755425, 0.12970305268768714, 0.5365469746557948
-0.031159850263461235, 0.1307139000001221, 0.5370687217866302
-0.031266344802483075, 0.13133879349554153, 0.5365497674565545
-0.030730511377164392, 0.13220110034018823, 0.5373328299382414
-0.030078627140208848, 0.1323606211870076, 0.536171430216559
-0.03011249283674347, 0.13349698897945753, 0.53785291394876
-0.03067202679183981, 0.13387133907688992, 0.5387799346696016
-0.030594507203825557, 0.13451810545875778, 0.536724582157225
-0.030517674243243816, 0.13539223809667655, 0.5375079027000006
-0.030989280467549916, 0.13618695805043055, 0.5397457336823607
-0.0317795015176264, 0.1366589942197874, 0.5385969961107311
-0.032222422286221394, 0.13714590172712093, 0.5385055179960279
-0.03219013623015022, 0.13732445398278104, 0.5373080713756074
-0.0326611009707798, 0.13773908080509775, 0.5402267507996897
-0.03359701603340837, 0.13798500708084224, 0.5401126569974175
-0.03406100490242049, 0.13782450443377509, 0.5395228980776726
-0.03416990485848679, 0.1377866382785705, 0.5391886740834645
-0.03499083653865137, 0.13782874756832614, 0.539857180275153
-0.0360850951920454, 0.13773668393655406, 0.540092879484903
-0.03663995579741668, 0.1377374789458791, 0.538455995979568
-0.03687186062202654, 0.1376948738263604, 0.5387949712514638
-0.037679513903774366, 0.13780678989817938, 0.5398897047283895
-0.03853462844779387, 0.13775287238596723, 0.5388966625029324
-0.03927533703940892, 0.13801021267875282, 0.5397945670834039
-0.03938392735989709, 0.13794725305660804, 0.5389944321160219
-0.040241822403723634, 0.13816384409526275, 0.5401216115027865
-0.04108394819324447, 0.1382672997909346, 0.5405678082664942
-0.0418874432069851, 0.13825254846818846, 0.5398592468173596
-0.042686726029392344, 0.13833520311747458, 0.5400662637618066
-0.04390933449320755, 0.1381530374956679, 0.5401099977905515
-0.04529145388066273, 0.13786039843335215, 0.5392175871639073
-0.046141309875100386, 0.1375322298374276, 0.5385262393717367
-0.046932511740712085, 0.13743929312043646, 0.5400671107019928
-0.04795504937630027, 0.13775335092636587, 0.5413752245711159
-0.04907551384990131, 0.13726117011621514, 0.5383238318827309
-0.0500492365346448, 0.13692950015218713, 0.538241791949551
-0.05107828293587106, 0.13671283607950172, 0.5396098991212747
-0.052443941901747414, 0.13683524346495987, 0.5403432794572326
-0.05364170123068904, 0.1365715734245572, 0.5385924321777898
-0.05473065908722012, 0.13603284337481752, 0.5387104005855342
-0.05582457833347885, 0.13613263733186967, 0.5398175978186719
-0.05684303557065797, 0.136069821295823, 0.5393943610154611
-0.05835856523637773, 0.13572878670083885, 0.538347004886392
-0.05935250976097892, 0.1355487957094765, 0.5386082796099313
-0.06030899226257624, 0.1354812827827181, 0.5386075612966925
-0.06193120959203609, 0.13538729673062816, 0.540097738155597
-0.06331815122248828, 0.13489326918447278, 0.5381104242964639
-0.06439064137600409, 0.1348035589202297, 0.5365662878571099
-0.0656227979473235, 0.13487703361405498, 0.5387252203704486
-0.06713291338068743, 0.13469592221355808, 0.5397703887323649
-0.06867684860055624, 0.13422126071229004, 0.5371852429858408
-0.06977022427801481, 0.1341682925610827, 0.5359045984723106
-0.07094878821851582, 0.13446238537125507, 0.5380474316650276
-0.07247862840350043, 0.1340318158780843, 0.5389210026342994
-0.07397859890377495, 0.13362022430546386, 0.5366760492346897
-0.07511662764281792, 0.1336287141954758, 0.5356918504447531
-0.07647761328031065, 0.1337618303916601, 0.5370729098763601
-0.07785634330192678, 0.13385841307614377, 0.5388762913885952
-0.07944168276597001, 0.13341449100436753, 0.5377451078435658
-0.08064461302870876, 0.133067622096496, 0.5354445929840542
-0.08190481642072432, 0.13284841591943625, 0.5340571672074448
-0.08307405888847283, 0.1331781748781804, 0.5357123694047048
-0.08444515796985853, 0.1332706158794648, 0.5364024270769143
-0.08539370938319499, 0.13336889275209507, 0.5363343398200179
-0.08630006207514468, 0.133318262412284, 0.5365082902585148
-0.08688948901468364, 0.13306633540009014, 0.5348712218022987
-0.08729102066543143, 0.13300950760353783, 0.5340829855823644
-0.08787321034170324, 0.13297357918756736, 0.5340721242771449
-0.08751348715415559, 0.13294499745312105, 0.5329383797327767
-0.08666738369141141, 0.13297437327245856, 0.5320683365691325
-0.08664183480334037, 0.1330401508482593, 0.5330892989257865
-0.08600156769941575, 0.13291707220742355, 0.5322655051126981
-0.08553770943308633, 0.1331838931180047, 0.5329150226348255
-0.08439664727848296, 0.1331361518732954, 0.5319409977482102
-0.08364634799298827, 0.13308792425007318, 0.5320157108755454
-0.08280120452729585, 0.1332186483519226, 0.5318108142180288
-0.08191082319859015, 0.13325988818417384, 0.532290457458531
-0.08088294139630842, 0.13335290496449292, 0.5322717357217425
-0.08011552542988556, 0.13329327325833495, 0.5322276335428205
-0.0793178456329418, 0.13311532543781257, 0.5313249477175133
-0.07880554041226157, 0.13323524442089957, 0.5322579957429056
-0.07793910239417944, 0.13313151180822627, 0.5312595943641497
-0.07759641535440055, 0.13308315766939308, 0.531560238830139
-0.07718343432972755, 0.1332378301848728, 0.5319769695653018
-0.07683764671330551, 0.13314257856488038, 0.5311626540776303
-0.0765874280614174, 0.13333543769818523, 0.5321967891171729
-0.07668979848601995, 0.13344412950591553, 0.5325610633848296
-0.07664823899093708, 0.13344301339446135, 0.5321419370231473
-0.07656562946108691, 0.1333893335832058, 0.5312332374073475
-0.0765330160615365, 0.1336290089023355, 0.5319154669087107
-0.07673602405672722, 0.13364616045276043, 0.5321096001742162
-0.07717867978219654, 0.13355934593579663, 0.5313836968477863
-0.07730126393134566, 0.1336435465500433, 0.5310489256765195
-0.0772396546456308, 0.13362784032706992, 0.5305970151697205
-0.0777860489881525, 0.13357296949866967, 0.5303588161385828
-0.07806155875767665, 0.1336022487080253, 0.5299529034625852
-0.07842097258450591, 0.13363617463618796, 0.5293885028850015
-0.07845857616700735, 0.1337957174662481, 0.5294556974777835
-0.07877893272956492, 0.13384500757504844, 0.5294218516670898
-0.0792083423801245, 0.13391448033857778, 0.5292663502909503
-0.07958720423140943, 0.13401858514352336, 0.528815619348182
-0.07941716023571177, 0.13405943497088044, 0.5285108490465712
-0.07998389252655119, 0.13420808253178462, 0.5295234078451596
-0.0805280522757578, 0.13470032453846092, 0.5304418063340247
-0.080489008083994, 0.134504943899736, 0.5286359797475589
-0.08092524404189269, 0.13479614204663654, 0.5290887886338638
-0.08069040614709334, 0.13483438889163465, 0.5284075890569321
-0.08157620406145615, 0.1350898052933546, 0.5300017992176813
-0.08153105950807746, 0.1348099101953536, 0.5272947673107099
-0.08141758547260694, 0.13492121807018295, 0.5274718989080754
-0.08164244025929693, 0.13508821809978808, 0.5279826460417288
-0.08159954742834703, 0.1349255271095522, 0.5267937221421856
-0.08198286854084628, 0.13513459100830777, 0.5273647111908932
-0.08171757209130046, 0.1348918655821138, 0.5252685722562775
-0.08161836421494938, 0.13490180032862062, 0.5257938699101752
-0.08195604484802349, 0.13516356225177054, 0.5262814840927651
-0.08190818252937745, 0.13510828535609176, 0.5257572235888821
-0.08158074813917104, 0.13524142972087935, 0.5269600399256841
-0.08104956808590777, 0.13511804643127426, 0.5264449247251405
-0.08154115873752497, 0.13456197948214718, 0.5263562216450176
-0.08132471472245706, 0.13413532945695314, 0.5242488338538805
-0.08144239626641349, 0.1341919802863629, 0.5271564741854605
-0.0811631540452278, 0.13346116017100187, 0.525770416304201
-0.08132556806184994, 0.13258326876468213, 0.5245399592632701
-0.08185048607548785, 0.13215350365022765, 0.5260816347540281
-0.0816052706378627, 0.13105283234297216, 0.524569288813895
-0.08151348958667623, 0.1300452904985098, 0.5247575136320713
-0.08180161647219308, 0.1293440815272471, 0.5268015008946436
-0.08216506524068491, 0.1286861156443675, 0.5239108592245548
-0.08213942857558576, 0.12837838137214286, 0.5253783961400942
-0.08217854710500197, 0.12781766908534942, 0.5255748443988204
-0.08245827187281818, 0.12716189328654462, 0.5236329765313651
-0.08297076797894012, 0.12690344001148665, 0.5257670523962273
-0.0829689094747856, 0.12659174738653486, 0.5229483065232701
-0.08323719335000278, 0.12656424638285646, 0.5239830661710033
-0.08427377338969248, 0.1263399169181677, 0.5261724499355238
-0.0850794786629138, 0.12654620368738337, 0.525931822815368
-0.08566304429135213, 0.12673960264595516, 0.5249359124887312
-0.08593093874986082, 0.1268210691420631, 0.5253330542490945
-0.08646423248980592, 0.12723818277750804, 0.5246758470283208
-0.08690281701621248, 0.12749452994910052, 0.5234643552761232
-0.08715576977919719, 0.1276658211958176, 0.5232989211546537
-0.08759611344213734, 0.12817473232444984, 0.524938312955511
-0.0879059194026363, 0.12861474111700807, 0.5257523499764749
-0.08819142215136604, 0.12872345490866285, 0.5237060459367402
-0.08823053017437033, 0.12899506210726125, 0.5237220094873165
-0.08821959798624661, 0.12989093684434633, 0.5246093497034615
-0.08829787915502903, 0.1301313359493032, 0.5244368550235108
-0.08826708611021444, 0.1312213105438147, 0.5246136161649242
-0.08822745098320284, 0.13218828177006195, 0.5260056178228671
-0.08803423616281117, 0.1329050569728512, 0.5262277925069718
-0.08831801298265589, 0.13373758579387898, 0.52636208667125
-0.08812475353090733, 0.13502748037363738, 0.525668316348847
-0.0882401964944183, 0.13606082892590277, 0.5270865728139251
-0.08805679906360807, 0.13677973681234434, 0.5264704034928142
-0.08802248138924466, 0.13858502261052644, 0.5274745112718022
-0.08820336794318454, 0.13951338562386092, 0.5272907328554942
-0.08806632178844745, 0.14054106371206643, 0.526696810201481
-0.08807579562677682, 0.14169423108101736, 0.5275443565016165
-0.088036268340559, 0.143337226846339, 0.5282142958147718
-0.08805355587668705, 0.14437096230411545, 0.5288244845304252
-0.08793782119786, 0.14532135367192994, 0.5281225063421151
-0.08781953874597823, 0.14714813405749413, 0.5285888241966202
-0.08782610936271563, 0.14817549435067254, 0.5289767836141016
-0.08796913520750564, 0.14946483204507388, 0.5299756239601378
-0.08792854675685881, 0.15012397573904418, 0.5289229624875491
-0.08785801108909598, 0.15178479896246191, 0.5292921197763223
-0.08790164615293297, 0.15289990886431012, 0.5311844485682001
-0.08823039637582064, 0.1538505717423964, 0.5323951700658717
-0.08793779244412217, 0.15383013226872444, 0.5293475183544425
-0.08790061640180451, 0.15478795668224984, 0.5302226321455885
-0.08844484770958067, 0.15526630272147293, 0.5318003435601466
-0.08852759767410288, 0.15557178391935175, 0.5323277583720334
-0.08809057500534576, 0.15570012714586792, 0.5310805224151708
-0.08731446585310558, 0.1557194728132549, 0.5301582233213887
-0.08692169648806645, 0.15531215315841967, 0.5326751685690239
-0.08660622115080073, 0.15475058093617666, 0.5313440500341189
-0.08635913510509229, 0.1544695686224844, 0.5329744702565463
-0.08515161150583486, 0.15351214655197767, 0.5326134629024036
-0.08470507208218968, 0.15174330673778777, 0.5333045705828163
-0.08393716632582843, 0.15015920621353596, 0.5328269949938231
-0.0837634354582014, 0.14872398975415102, 0.5349338366902594
-0.08282727438490559, 0.14696309397060253, 0.5333724489507615
-0.0823918537674111, 0.1453936159459596, 0.5358028466856014
-0.08185637181597698, 0.14358843380445355, 0.5354599988103756
-0.08119482642421691, 0.1419294030650954, 0.5349048994481398
-0.08083989326386877, 0.14046756904256277, 0.5358928120273687
-0.08006847558064455, 0.13882708895202542, 0.536718419236905
-0.08020126942684005, 0.1372000284645051, 0.536859975192878
-0.07989541315303426, 0.13547195912033516, 0.5362162740895137
-0.08028877662981247, 0.1338160550131157, 0.5370016996252994
-0.08031344682451423, 0.132382530011247, 0.5386031139216065
-0.08086164008006876, 0.1308300769929742, 0.5390091554867836
-0.0811219213174493, 0.1291336518747645, 0.5390333316730767
-0.08127779765699578, 0.12784054601826642, 0.5388756106897165
-0.08155808866544696, 0.12632243399236143, 0.5395011071924555
-0.08213207535839062, 0.12509214149023637, 0.5411628931874917
-0.0827697072367046, 0.12347816966411726, 0.5404814962697394
-0.08305954828461869, 0.12233442387478549, 0.5411771475677832
-0.08485203399379394, 0.12156522176661519, 0.5439919868904993
-0.08697364530232297, 0.12147777716630787, 0.5433909116577968
-0.08941154622901039, 0.12094090281045937, 0.5441200106137092
-0.09122883343388694, 0.12106439317499279, 0.5428913099025785
-0.09305985828108594, 0.12085021244899322, 0.5443132679686515
-0.09535067409685415, 0.12071503063622747, 0.5436976344025608
-0.09776365214911892, 0.12069826755464975, 0.54406820511783
-0.09983461979733624, 0.12059018578186709, 0.5436026613960683
-0.10177216575436054, 0.1207751055864388, 0.5433049973664918
-0.10390000975868247, 0.12083915335034974, 0.5441130774359604
-0.1062917607957023, 0.12105133050368613, 0.5443955190226664
-0.10813130049558116, 0.1210240906661946, 0.5440674485365419
-0.10929360495587667, 0.12114632133039814, 0.5440935625056241
-0.11048134523722702, 0.1209515648597797, 0.5429987357499003
-0.11204908623389827, 0.12114673971108642, 0.5445228270875795
-0.11258238763089841, 0.12102504429013695, 0.5425300581179603
-0.11358091477897773, 0.12125832389260138, 0.5441458237752074
-0.11442299030601698, 0.12103543422245545, 0.5443693818810657
-0.1157225192915194, 0.12083636614621411, 0.5437013819220365
-0.11543569975001439, 0.12061981326636044, 0.5414859758113865
-0.1150861204293604, 0.12094114303490382, 0.5433100136878249
-0.11530544366568422, 0.1207267756882137, 0.5432872174758155
-0.11619807905024208, 0.12065270429301075, 0.5456584135694525
-0.11594435308397713, 0.12095962698610442, 0.5426782081497407
-0.11511165734778854, 0.12134691196497897, 0.5420801607406116
-0.11539825822699189, 0.12146158669540724, 0.5458990497963803
-0.11550811926319543, 0.12151801765507836, 0.5446656381887817
-0.11523412644313645, 0.12186723915200316, 0.5459039039494179
-0.1144910878331789, 0.1218501274443386, 0.5441466861347037
-0.11430718812988282, 0.12180614962902646, 0.5452908067462939
-0.11447620889415216, 0.12192551833000165, 0.546620641687875
-0.11313531659745274, 0.12175605329099867, 0.5441357975840609
-0.11180989406270152, 0.12124677975944748, 0.5450345878853886
-0.11145503616316764, 0.12079440811338639, 0.5470544381957239
-0.11093866192008588, 0.11999556552916771, 0.546508657924241
-0.11002228206429839, 0.11925603640814027, 0.5445890555431958
-0.10879204462180084, 0.11823686934963154, 0.5438641174208825
-0.10831090752038319, 0.11768929068825384, 0.5475258584430621
-0.10801527166468236, 0.11690453043226659, 0.5468221377594322
-0.10690660947378319, 0.11623294948643859, 0.5447065825563808
-0.10537631303701792, 0.11562139991865701, 0.5453343339363521
-0.10498052266753846, 0.11505765783226024, 0.5472410429638375
-0.10465264454981085, 0.11413910274014934, 0.5473709626804888
-0.10361749316026884, 0.11354643930760713, 0.54615311072495
-0.10246524100278497, 0.11353087410036403, 0.5465588660423792
-0.10187801015169774, 0.11307966288986968, 0.5489690979400479
-0.10144940384407557, 0.11315680251060592, 0.5494966905920328
-0.10025230043190503, 0.11267460381129393, 0.5465735262145786
-0.09905459320164728, 0.1126992235339941, 0.5474862968437519
-0.09857749543115818, 0.11251116557892145, 0.5498161905545697
-0.09825681126700334, 0.11192130941010792, 0.5491220400834372
-0.09707637067684914, 0.11183982288019248, 0.54822974674615
-0.09576114481070488, 0.11180166684118385, 0.5488052095133547
-0.09511536904601164, 0.11162683702965381, 0.5500592425105862
-0.09476684737227177, 0.11129037483607297, 0.5488726188521065
-0.0937491010670583, 0.11101269539383844, 0.5484371138764352
-0.09270685419425219, 0.11087706626444581, 0.550356363554473
-0.0920765158577436, 0.110899054318454, 0.5518048921571231
-0.09121055469958231, 0.11091434053978212, 0.5511511007547403
-0.09048756589482548, 0.11086202476444487, 0.5510679234944045
-0.08944338715731494, 0.11027268683089364, 0.5500619232129027
-0.08859896299364042, 0.11007531344990132, 0.5503460865736474
-0.08796368840206767, 0.11013588533104332, 0.5507274839505969
-0.08712954689630234, 0.11009321606896215, 0.5510030755884999
-0.08597850644574716, 0.11014312372031244, 0.552300130161263
-0.08563128941391958, 0.11015009490799699, 0.554981142467796
-0.08522044068795999, 0.11027215367782645, 0.5547006858065254
-0.08514365333545058, 0.11023818775716487, 0.5555448280405917
-0.08491512351234794, 0.11008624228897294, 0.5547158585358117
-0.08456362143139262, 0.11013588163632178, 0.5541900200473769
-0.0849566254435109, 0.11065375816634052, 0.5549235167481239
-0.08464250885867758, 0.11081047843772587, 0.5527108999459571
-0.08448087980451212, 0.11163131973503085, 0.5552576933617982
-0.08442841990037382, 0.11238488938653743, 0.5534285044460859
-0.08467027611284238, 0.11377631661368619, 0.5540210647917888
-0.08456974521716056, 0.11495960020569719, 0.554001067264046
-0.08453519475241447, 0.1165355162400678, 0.5553453397658269
-0.0844483379640562, 0.11777119197920176, 0.5539849673127121
-0.08465722161115322, 0.11965831145548546, 0.555567304974776
-0.08431527156923532, 0.12102007181515619, 0.5546080741711996
-0.08399527484602402, 0.12262163144813813, 0.5537491328355744
-0.08422049175047326, 0.12442723713503594, 0.5565769608208627
-0.08435861766245761, 0.12561653766178704, 0.5548996255449075
-0.08425421669073699, 0.12749291605295665, 0.5548283710285558
-0.08392543762102334, 0.12913036141258674, 0.5552794301996791
-0.08416896777081467, 0.13079333489191167, 0.5568664094177093
-0.08470521572092052, 0.13218663189074362, 0.5576440278173561
-0.08402678770818789, 0.1339665211870822, 0.5560367010696399
-0.08397214870928539, 0.13567028379087717, 0.5580116090323836
-0.08398542938422457, 0.13704552869969422, 0.5574703008974549
-0.08429193428549347, 0.13869302421530405, 0.5584905301400117
-0.08410080592269654, 0.1402605343906919, 0.5585530465099774
-0.08396084381620766, 0.1419446484690125, 0.5580374629076261
-0.08419836865868348, 0.14323130220784674, 0.5607731564435998
-0.0842942557772116, 0.14419852423996024, 0.5598995481135393
-0.08416706875862809, 0.14527168186352168, 0.5612939290839968
-0.08404829915496585, 0.146027055893423, 0.5621609229290484
-0.08418113449246672, 0.14606232358280197, 0.5639396746226601
-0.08503886796296548, 0.1463021462234636, 0.5645263992395705
-0.08507018595384036, 0.14543087728349083, 0.561642448333822
-0.08449026680936252, 0.14517051347219376, 0.5622910154675719
-0.08324242484863063, 0.14429488220351985, 0.5609857450671056
-0.08261246773218629, 0.14319173710642932, 0.5640621702281805
-0.08267524050932332, 0.1415301538829391, 0.5649160893171541
-0.08175304782774778, 0.13999568083988453, 0.5644930973573202
-0.08075601573115529, 0.13836449355587116, 0.5637344106307319
-0.07996074430064662, 0.13667417552626202, 0.564646831424751
-0.07933911935332615, 0.13508659501673187, 0.5648619494149028
-0.07851099072274592, 0.13351727318321135, 0.5644946604709686
-0.07760862783625488, 0.13189058809963156, 0.5648017326177085
-0.07690546120851646, 0.13023314165755862, 0.5668636462063732
-0.07623011910661746, 0.1283728556711461, 0.5657000136316149
-0.07538056634095985, 0.12686949654599516, 0.565710030092757
-0.0746280164910769, 0.12523916544307748, 0.5656794899275817
-0.07456394403135798, 0.12371079983840516, 0.5698703060807986
-0.07449613929980722, 0.12183819818832799, 0.568809216401061
-0.0737890829863935, 0.12056791478671938, 0.5685595017676257
-0.07377927113453156, 0.11873911240787119, 0.5696940036043814
-0.0739219932100107, 0.11715859276405992, 0.571992685768733
-0.07399991370340536, 0.11544639370729247, 0.5706092474010142
-0.07401049473020957, 0.11393339912374706, 0.5708391822445688
-0.07370754917690533, 0.11242802677545395, 0.571259606974019
-0.0749146527649708, 0.11070653053013062, 0.5738156137785436
-0.07583397483262813, 0.10900846017470245, 0.5753992625207164
-0.07699456273077687, 0.10743728996544145, 0.5731375154790239
-0.07754951971102185, 0.10617712111177227, 0.5744052731732417
-0.0784804788331242, 0.10452814784315766, 0.5748409825707832
-0.07990010238936225, 0.10318906104934114, 0.5767555153315627
-0.080775175007334, 0.10153106827481535, 0.5742013277155749
-0.08189774964082866, 0.10015938191428526, 0.5773824431265421
-0.0830310412649994, 0.09863179325020797, 0.5788920882347827
-0.0843443594720789, 0.09710737688196801, 0.5764056668906623
-0.08536324028203336, 0.09564952774078536, 0.5794365217240832
-0.08643979201563676, 0.09444652803718871, 0.5787257583194323
-0.08768757864274392, 0.09310741470599886, 0.5778478875275931
-0.08894256940220135, 0.09198011694965383, 0.5810669117484623
-0.08975283537557359, 0.09119695975549966, 0.5776173327860579
-0.08988544707849706, 0.09045562867668502, 0.5793445548470602
-0.08984247748337439, 0.09044615318399987, 0.5788298292007183
-0.0889229142493891, 0.090269658728463, 0.5744969002328335
-0.08889470210020173, 0.0903109044383066, 0.5795105484891144
-0.08818780778560081, 0.09010542210679358, 0.5762632186967028
-0.08812220543013288, 0.09018046648746642, 0.5815016400169828
-0.08793434899777323, 0.09053061282700978, 0.5802547828358183
-0.08720490654668114, 0.09041859358140916, 0.579736888092129
-0.0864297071093254, 0.09193217967432615, 0.578898076758837
-0.0853702290908032, 0.09287849695101319, 0.5785364953509882
-0.08455737960204826, 0.094246988013141, 0.5792178569984185
-0.08431440234965815, 0.0953581784459136, 0.5799714666883067
-0.08348645146142178, 0.09718542155745316, 0.5807638695353321
-0.08351152662032509, 0.09853683432937656, 0.5849398676501013
-0.08293498947709516, 0.1010493685035048, 0.579754911044645
-0.08277038211753987, 0.1021323099102429, 0.5864472441275506
-0.08328932798462396, 0.10450102431019756, 0.5852168082713749
-0.08365053008858668, 0.107181711038904, 0.5820359985924212
-0.08435017328390754, 0.1091652144573784, 0.5851293276605164
-0.08523855802118994, 0.11257455429920257, 0.581210269945147
-0.08573575062427602, 0.11487842770934718, 0.5854306122693171
-0.08645596959554798, 0.11764621546847268, 0.5818700430511644
-0.08711193711054067, 0.12017927265597705, 0.5846578960621022
-0.08795728894896286, 0.12295893354293864, 0.5834285191730118
-0.08992524900677328, 0.1255672727322242, 0.5871122844404668
-0.09185752781143254, 0.12804227406356905, 0.5855366101533129
-0.09350273831146465, 0.13079361564307898, 0.5861185490222899
-0.09626539946104071, 0.13304228786335068, 0.5860798244715885
-0.0994418895739743, 0.1347448711726513, 0.5903341863097362
-0.1033564566658298, 0.13674799417428135, 0.5880660754430453
-0.10591984636763187, 0.13889514689743537, 0.5866168738948081
-0.10825280069898459, 0.14044592541797776, 0.5886232373518496
-0.1114017986983698, 0.1414917987095578, 0.5907400906558722
-0.11402286164371946, 0.1416469434327944, 0.589543202611731
-0.11652816034315562, 0.14218448271465725, 0.5930226006963685
-0.11877899530278327, 0.142543734188438, 0.5902241156940294
-0.12145524249879631, 0.1426419260678695, 0.5949279447740651
-0.12403308997538448, 0.14294951174570114, 0.5937947887479954
-0.12620027407350884, 0.14372723171246055, 0.5954581056347396
-0.12852079566303193, 0.1436219059925185, 0.5938513795872467
-0.1313713162908707, 0.1440626742625795, 0.5917549936950126
-0.13350198738687258, 0.14448527847865777, 0.595160485915019
-0.13551789802430747, 0.14472119582529394, 0.5934020120323029
-0.1379390017469721, 0.144733981078527, 0.59378552564582
-0.14055518822673227, 0.14476477673546656, 0.5953993374542359
-0.14277686038100118, 0.1452348453317001, 0.5957368729123453
-0.1445798718227007, 0.14551278339008664, 0.5944476983160579
-0.1466686100805626, 0.14528467126513742, 0.5940749890045696
-0.14988369163858084, 0.14521222619264262, 0.5940416127295838
-0.1513769191830684, 0.14603887854603514, 0.6010798378396067
-0.14735356075506745, 0.1461040443728235, 0.6032649905122697
-0.1472433162519959, 0.14653729336952312, 0.598495691652197
-0.14794018558888158, 0.14494119285730597, 0.5943172695083079
-0.1501904693989346, 0.1459449940377914, 0.5969706271910505
-0.1488306562809955, 0.14654384367138354, 0.6025420688562569
-0.14826613483131168, 0.14576258253073868, 0.5967519664648578
-0.14797287036898063, 0.14594217370617935, 0.5989705122006921
-0.14865387687584172, 0.14578019180263552, 0.5984660509364829
-0.14906974342825477, 0.14612638279802695, 0.5985167866230061
-0.1486428384706176, 0.14593213615938946, 0.5985743281681399
-0.14856672620647762, 0.1460474233804387, 0.5993696106647
-0.14835741729684118, 0.14597272026943767, 0.6005423221872215
-0.148706293826144, 0.14589841349197447, 0.5969508704928975
-0.14861682387933642, 0.145878680750231, 0.5955344163268951
-0.1489413988152586, 0.14606221897004196, 0.5999050590222045
-0.1488804320082724, 0.14605302028180284, 0.59938350609972
-0.14845714705207189, 0.1458657661490856, 0.5983820137443427
-0.14787197711097072, 0.14600329994883515, 0.5994172960937921
-0.1490569797656238, 0.14572662465373998, 0.5966820528204619
-0.14963787186258584, 0.1460691116466193, 0.5967539706199902
-0.1484183292085518, 0.14603619735005544, 0.6005844386893178
-0.14607422984749, 0.14615645247296433, 0.6025359036177929
-0.14654864483226607, 0.14551218115935993, 0.5953172560866522
-0.14806404860184438, 0.14586479245482367, 0.5970291011601938
-0.14761634818640057, 0.1459608214590118, 0.5967461112230577
-0.14677311251387562, 0.1458767695098058, 0.5991882348039315
-0.14661881581315067, 0.14560583933315774, 0.5962451371099388
-0.1476314547098516, 0.1456638212157854, 0.5960754197479828
-0.14773169683651, 0.14600873833417005, 0.5968774277167344
-0.14722618199650728, 0.14590799996771553, 0.5985849467393912
-0.14678778492710887, 0.14583108773386075, 0.5985436969551418
-0.14684690513500667, 0.1458053876830721, 0.5994136170595249
-0.14678083645836493, 0.14592060612792598, 0.598240551969376
-0.14568491387962848, 0.14604883999486323, 0.5978286835059504
-0.14436338493126666, 0.14597571309151372, 0.5992892760276063
-0.1431509932581484, 0.1459585678401796, 0.5997491029492491
-0.141699128749007, 0.14599914324896235, 0.5994234118679925
-0.14019385543925794, 0.14599922494058787, 0.6000507479566031
-0.13902964373880894, 0.146019642703252, 0.597282971186585
-0.1376565621565014, 0.146012849400061, 0.5973584642941446
-0.13556508151561705, 0.1460913053326246, 0.6007088737043428
-0.13381398323705723, 0.14597900315475715, 0.5981758873383926
-0.13234186339772025, 0.14598020470646667, 0.5968197624769459
-0.13041200937047517, 0.14616744128506054, 0.5987323647684296
-0.12768103681243603, 0.14619374223712697, 0.6002438745926145
-0.1244970076376068, 0.1462158234080961, 0.5986372375014376
-0.12232128743599245, 0.14597043407760904, 0.597001903673953
-0.12037645900743145, 0.1460531573199159, 0.5976537152524313
-0.11861023340835478, 0.14596249158539354, 0.5976725757099444
-0.11684348361872177, 0.14590797691406418, 0.5961822278443291
-0.11521754324419449, 0.14586985916017725, 0.5973486783742947
-0.11392530167840606, 0.1458460020522756, 0.597801904873819
-0.11356647661415563, 0.14573097110633562, 0.598961243450521
-0.11341736451323954, 0.1455784431697322, 0.5945319727464728
-0.11361501483249048, 0.14561283816634224, 0.5981552207103622
-0.11366698975567317, 0.14575219890701543, 0.5982870391343241
-0.11391479248102697, 0.14565083028417178, 0.5947899109483534
-0.11449835613321979, 0.14571447858526523, 0.5970503169552488
-0.1149470459117535, 0.14573120709153486, 0.5956487645287195
-0.116007696653089, 0.14562770390621635, 0.5945735056169953
-0.11648984497459558, 0.1458996952416573, 0.5949993415582174
-0.11718773266876842, 0.14567943891457183, 0.5940379763376534
-0.11802454266612203, 0.14559556464095538, 0.595341616396688
-0.11913790150493854, 0.14533565760220887, 0.5963048273396253
-0.12021934389862296, 0.14518304380269267, 0.5986569586680774
-0.12143612841939247, 0.1450609247801038, 0.5971301902942316
-0.12275146519847915, 0.14481855472811742, 0.594394430583898
-0.1241971896116717, 0.144730240776746, 0.5968793434456684
-0.12575547230945555, 0.14469096139110124, 0.5975115110219479
-0.12637011879635834, 0.1444387747846346, 0.5949254486307489
-0.12582873874556896, 0.1441907027039815, 0.5983172327319018
-0.12534608120731933, 0.14358023071373985, 0.5920298525904186
-0.125695697547126, 0.14265948171578943, 0.5944258810987364
-0.1261626098502993, 0.1422470237181444, 0.595110117547957
-0.1259927709770224, 0.14161183177164133, 0.5947538901970894
-0.12559589460113635, 0.14046819929965648, 0.594385634131378
-0.12554465644833512, 0.13951409372217455, 0.5919575907444776
-0.12552781945917868, 0.13866414364716212, 0.5937643219596206
-0.12566945736849228, 0.13789431961218226, 0.5941622024582941
-0.12578398277480626, 0.1367339444943661, 0.5926833473797091
-0.12540224003219227, 0.13589312471630235, 0.594730329531367
-0.12518414286758847, 0.13486080813361798, 0.5912175569959075
-0.12539125319475336, 0.13369760930491328, 0.5907420893122437
-0.12591655536438, 0.1322683616637588, 0.5901954821229343
-0.1258640584887902, 0.13083059204206454, 0.5871755652725748
-0.12509883101124575, 0.12941672733043813, 0.5879811044340131
-0.1251697900295855, 0.1279073900763172, 0.5890805686175675
-0.1252570153157826, 0.1261213560927958, 0.5874276965521308
-0.12560635849194504, 0.1250597693101583, 0.5882994634214086
-0.1252411220528358, 0.12329693211362117, 0.5871810372808375
-0.12457759880960352, 0.12164262461114789, 0.5849046803329289
-0.12463232195909768, 0.12015569437807663, 0.5870942900662623
-0.12411473788700557, 0.11883189103653578, 0.5829108029455344
-0.12438656957210112, 0.11713468683848308, 0.5845358920374149
-0.12349584303214796, 0.11572399137381036, 0.582092058846241
-0.12266875919975752, 0.11399837110730784, 0.5832881868640316
-0.1225845787051874, 0.1123468624250597, 0.5825904999946214
-0.12253348835525514, 0.1107155699388271, 0.582919114496297
-0.12175310924348566, 0.1095042712454176, 0.5817576271796687
-0.12130301924218889, 0.10785035532890175, 0.5798196301497794
-0.12043544647543754, 0.10578767550897768, 0.5796055289127238
-0.12045131695671005, 0.10471653360337395, 0.5807183723522387
-0.11962306637294366, 0.10408912100725502, 0.5802433086198668
-0.11887223331260834, 0.10279427525945241, 0.5838402782370353
-0.11854971237068206, 0.10175087502257137, 0.579666212777565
-0.11765977462783825, 0.10120729628428876, 0.5796613143963748
-0.11768445992724395, 0.10039419698329481, 0.5790716072444132
-0.11739666145822962, 0.09996081188838657, 0.577334569165909
-0.11674909760672304, 0.09927457563068326, 0.5795582468087364
-0.1167131242409099, 0.09888217151704264, 0.5794132280084122
-0.11701926696004387, 0.0982569187198084, 0.5805927063860848
-0.11733850818035854, 0.09835074827578252, 0.5793328545596736
-0.11733283805841996, 0.09958790273413112, 0.5778490985648362
-0.11638542023090268, 0.10092684049614792, 0.5744900777896781
-0.11684343431640411, 0.10174843542764943, 0.580276254943496
-0.11680551603210008, 0.10302351454060972, 0.5781866024843885
-0.11704262772694696, 0.10402412232111397, 0.5788609102331186
-0.11713905221357858, 0.10529228135265369, 0.5783577207774031
-0.11654453739058811, 0.1065101273373288, 0.5776813877716952
-0.11646346945668137, 0.10808710151556258, 0.5768053264222464
-0.11668378009669966, 0.10951438606400156, 0.5795002462808407
-0.11688025367245929, 0.11103438088627916, 0.5790022885716015
-0.11659115869853727, 0.11263673178592488, 0.5775060599921297
-0.116519121773268, 0.11428678211344076, 0.5763458245394115
-0.11648672089837932, 0.11594449348203867, 0.577341540502967
-0.11665968316033988, 0.1176928335508412, 0.5783842694198461
-0.11665469480539477, 0.1193146926863768, 0.5776185600269542
-0.11660058116332737, 0.12088965467782029, 0.577366957108882
-0.11651148778176712, 0.12237113469406909, 0.577761734779898
-0.1166169188672351, 0.12404037328507007, 0.5780893735725035
-0.11678760989817855, 0.12596051679499154, 0.5801930754074219
-0.11673617194428437, 0.12771414136944734, 0.5796918849014498
-0.11647273790025328, 0.12898725054726107, 0.5780947506423953
-0.1160347397452247, 0.1310022091640658, 0.5780527646528069
-0.11674545368648298, 0.13130954683038717, 0.5786103668116122
-0.11712077218064018, 0.13175542381927835, 0.5829779589251907
-0.11688242845763673, 0.13195253322086176, 0.5812540628807688
-0.11618645217621461, 0.13242851591658483, 0.5777113945122988
-0.1169993082044937, 0.13145571194070793, 0.5808060375911607
-0.11674355509969057, 0.13132720138627255, 0.5733213057689712
-0.11692039722538769, 0.13061744461913016, 0.5777020007055637
-0.11674730622125663, 0.13024112735089155, 0.5781744308161931
-0.11683623353202956, 0.12936049218062817, 0.5793718394077185
-0.11705634150639148, 0.12868643859027792, 0.5795013433370187
-0.11703438693402551, 0.1285014318616529, 0.578844796322097
-0.1170783639457045, 0.12749798644441995, 0.5790342519334917
-0.11696727731561816, 0.12671369271057928, 0.5768514938252495
-0.11689672487118918, 0.12657321456304038, 0.5753470154636923
-0.1171278004175505, 0.125595523563563, 0.5794850073455743
-0.11691217222065682, 0.12529296331998507, 0.5730019484327621
-0.1166060627547825, 0.12396866119281393, 0.5717383880838348
-0.11672709445137917, 0.12416503190359501, 0.5749565906499515
-0.11713156670961374, 0.12243059101850451, 0.5741569323380544
-0.1170873803115709, 0.12236909348903235, 0.5758563414785615
-0.1169734212167643, 0.12131640016743378, 0.572585415548317
-0.11698792867790007, 0.12019109754581135, 0.5715427669041786
-0.11705805498809475, 0.11949527129583043, 0.5718354721110311
-0.11685703873737421, 0.1191399384784968, 0.5704987763221359
-0.1170631556397114, 0.11811995647179449, 0.5718321764637274
-0.11707821575260495, 0.11738616903669295, 0.5702831051222127
-0.1167619744763921, 0.11658684255262464, 0.5684342660931825
-0.11653659939764507, 0.11611944130505565, 0.5684353730703946
-0.11703345247640971, 0.11515954322340675, 0.5706967477914462
-0.11673421188723325, 0.11441635902373395, 0.5675777662121173
-0.11696852395978512, 0.11420886394127394, 0.567861635572586
-0.11620361975101753, 0.11325385392711405, 0.567133561588837
-0.11619615652673074, 0.11284736455332024, 0.567207424970637
-0.11699097911442771, 0.11131754577681893, 0.5670862786154403
-0.11580752602681357, 0.11226404880769192, 0.5670722350524412
-0.1159858614897068, 0.11065140821900518, 0.5658342697424815
-0.1156883750184813, 0.10995595233408484, 0.5647140782696436
-0.1154981432605582, 0.11012938147624321, 0.5654725337037648
-0.1152900794064577, 0.1098804057498032, 0.5651511285038844
-0.11506508023522138, 0.10906022788101491, 0.5648585718416017
-0.11494347589148139, 0.10927503498982011, 0.5641707476986164
-0.11481182997042284, 0.10933119180053336, 0.5633203451466096
-0.11492825704802187, 0.10958553917701597, 0.5649084330516783
-0.11513864728247895, 0.11137659180935669, 0.5660695846566519
-0.11425430000095843, 0.11544370391196315, 0.5646677144440039
-0.11428774126647287, 0.11648824101712173, 0.5668185679416705
-0.11506017197909171, 0.11840993762695336, 0.5645937890684302
-0.11469754381000256, 0.12078268876469374, 0.5648449000620094
-0.11414935624832111, 0.12385345443178451, 0.566356725835467
-0.1145467496923977, 0.12534562579429095, 0.5661239848169216
-0.11485186005031026, 0.12714980799122486, 0.5644928757023837
-0.11393187083322641, 0.13082359334230903, 0.5668247088830101
-0.11429514247309296, 0.13200957802469518, 0.5654640080627135
-0.11494286332128109, 0.13393710805617384, 0.5672117244371889
-0.11416767441463939, 0.13672288966805793, 0.5656841667331414
-0.11404762200295078, 0.1388643456065445, 0.564630085269361
-0.11456752339470433, 0.1407122929255781, 0.5666070662777374
-0.11420553922425886, 0.14304490821703564, 0.566222610936207
-0.11392447670662312, 0.14555725654437912, 0.5649464949551528
-0.11431727191296041, 0.14748873749373814, 0.5660851844796827
-0.11431955088830621, 0.1498110551021546, 0.5666744413714855
-0.11397303407920463, 0.15190985294850903, 0.5653910118798087
-0.11424769302611833, 0.15421360534614204, 0.5676062273212603
-0.11434764912479363, 0.15645653074785507, 0.566151333833222
-0.11409145514247487, 0.1583074765857403, 0.5644802296895273
-0.11360065790106136, 0.1613820155526626, 0.5673148773217795
-0.1143571000117507, 0.16283848203448692, 0.5667610503894349
-0.11423608343154565, 0.16516597077942835, 0.5649663618298733
-0.11393938883414229, 0.16712222719875797, 0.5651884583893412
-0.11354189310161099, 0.16920811995784785, 0.5653505423405502
-0.11352474897838274, 0.17077043656146315, 0.565122103346901
-0.1132378414332147, 0.1722162870436699, 0.5634275632337895
-0.11321092919644597, 0.1738501983729744, 0.5636257561815132
-0.1128555277650379, 0.17525552596400945, 0.5633125342166881
-0.10866884831506238, 0.1695445757130942, 0.552294128837153
-0.1085340828331937, 0.16827900939229046, 0.5498168608131376
-0.108366126661973, 0.16709089645152356, 0.5483384254357277
-0.10861694298368338, 0.1667533570723713, 0.5502080756561943
-0.10859845076301966, 0.16531438444384347, 0.5488190292051928
-0.10854890104738807, 0.16531531523337567, 0.5495086977123262
-0.10852426879562524, 0.16386712220755406, 0.5478125484746386
-0.10863882493444468, 0.16320851423951735, 0.548737851446356
-0.10854865071637539, 0.16206283123116796, 0.5475328559109521
-0.10854745277000927, 0.16149246509824253, 0.5479480685395616
-0.10860875566182293, 0.16063164302109417, 0.5484778568779718
-0.10859525617749834, 0.1593675017635808, 0.5465136850095413
-0.10842849136733712, 0.15876136203436778, 0.545453334551439
-0.10872230476642954, 0.1580996626715292, 0.5473754096062565
-0.10896353474055345, 0.15673026816545918, 0.5456684807532715
-0.10879269246417564, 0.15607739097812584, 0.5463228086200084
-0.10845794764423534, 0.1550023272854847, 0.5444709001975425
-0.10880536256853722, 0.15401171199121644, 0.5449031414999773
-0.1085455886424639, 0.15356800449461078, 0.5445740855854414
-0.10849020911695127, 0.15240873549877987, 0.5438743504998982
-0.1087447756442687, 0.1521531046383816, 0.5458726457838338
-0.10877803051929028, 0.15043661142625656, 0.5439989846691178
-0.10863615350211887, 0.14974043311692645, 0.5432323277255909
-0.10880711171089084, 0.14858443918320097, 0.5426355708650809
-0.10908932657029545, 0.1475375167828343, 0.5420233416241125
-0.10918054491812375, 0.1462357516441016, 0.5413718360742799
-0.10882386622117461, 0.14547774141498296, 0.5410896251107634
-0.10907902237985473, 0.14434367186460442, 0.5415627837914386
-0.10914445210561573, 0.14319393940651262, 0.5402308432191081
-0.10895689792458331, 0.14212354168928648, 0.5399255724493579
-0.10871013412206185, 0.14109059245001107, 0.5392151289317302
-0.10911749253921126, 0.13965609743275448, 0.5395780905112714
-0.10923668274480157, 0.13862324073057702, 0.5395092249250535
-0.10909603784110487, 0.1373635819466798, 0.5385797513394129
-0.10922895411587864, 0.13650040958767118, 0.538998761493471
-0.10915479535784806, 0.13479127716141823, 0.5377868437664489
-0.10920803313744153, 0.13426423558315456, 0.5381586954667644
-0.10923468047380971, 0.13281556153454305, 0.538259765145432
-0.10914485208294304, 0.13131542589237596, 0.5367558785476032
-0.10907336808745306, 0.1301542854892092, 0.5367946298624049
-0.10850921463513524, 0.1291053582153157, 0.5372101350073608
-0.10822482677310286, 0.128523255919141, 0.536022933537585
-0.10739686596016064, 0.12854988058246872, 0.5365340255214741
-0.10747883273445213, 0.12878703864505162, 0.5380011123905734
-0.10754721118693533, 0.12867199964230158, 0.5372832536307897
-0.10755751241421249, 0.12951990979974234, 0.537646368180581
-0.10745977281753938, 0.1294524281507053, 0.5375901150129101
-0.1076535654595073, 0.12958625238371738, 0.5377596917978685
-0.10761283550940616, 0.13005032100759176, 0.5380766183617839
-0.10690350324259812, 0.13044306748398748, 0.537043788383852
-0.10558953363988069, 0.13053403731860663, 0.5365911592510396
-0.10551993119904769, 0.1308172586850192, 0.5380810756736791
-0.10551740462708381, 0.13114475617154048, 0.5374263710272285
-0.10485538567405589, 0.13182761380719954, 0.5379672958149825
-0.10395561120832271, 0.13198880363201687, 0.5381860569654225
-0.10344405717819796, 0.13217777980301668, 0.5386319891049391
-0.10331370728975324, 0.13275703337491143, 0.5395479606779784
-0.10315398124361347, 0.13257997020863255, 0.5376393664996906
-0.10214227964347786, 0.13290857582179508, 0.5380727323068486
-0.10143041737929513, 0.13320902829957565, 0.5381022081748569
-0.10155136279164792, 0.13381499607906952, 0.540074545254317
-0.10193826127195608, 0.13379992447326253, 0.5391690005923285
-0.10147347012874276, 0.1340973524506391, 0.5391608752078341
-0.10151293444628456, 0.13408346945077151, 0.5383474432716959
-0.10180147343306034, 0.1342803253436342, 0.5402579906732743
-0.10122299969116202, 0.13425960575026344, 0.5380251657376408
-0.09933913989569709, 0.13449083643515997, 0.5371084962653433
-0.09846322646180984, 0.1343424254073734, 0.5375949622362676
-0.09749174876218837, 0.13471492453539838, 0.5378244091524815
-0.0963526351531574, 0.13485439450913272, 0.5372883342234478
-0.09442459310958119, 0.13501202393035325, 0.5371886955947494
-0.09285801863820643, 0.1348482507874896, 0.5366716075849356
-0.09183231902889463, 0.13523726600945643, 0.5375302051522395
-0.0907037778230567, 0.13556376060943998, 0.5371917706130239
-0.08901680954654909, 0.13576310437362138, 0.5367230540618859
-0.08790556033278175, 0.1357504363327554, 0.5366159086963207
-0.08730345601545408, 0.13658577010783968, 0.5378251154414434
-0.08642296074157023, 0.13674903554644394, 0.5368803513295476
-0.08504440958345036, 0.13669558581886407, 0.5360515418130254
-0.08452606409085921, 0.1374807972689342, 0.5369700728496689
-0.08369214046369464, 0.13786488024299717, 0.5368763792370909
-0.08383275649404963, 0.13818433489892373, 0.5376245796530021
-0.0829558474557359, 0.1389169092953528, 0.5361138668453295
-0.08130285055201542, 0.13905267592021042, 0.5353419127789907
-0.08236444566265176, 0.1401470943500493, 0.5384779363757072
-0.08186358588694899, 0.14018739728419405, 0.5346167642409347
-0.08049874085549329, 0.1406363350991805, 0.5342381072818382
-0.08078605357917226, 0.14157947648617913, 0.5373327718108738
-0.08051895351745147, 0.14170386488610992, 0.5358758416006661
-0.08038895276184381, 0.14224720166988794, 0.535253788261776
-0.07994116204753686, 0.142909431997182, 0.5339342437315023
-0.07906007218603937, 0.14251556050890646, 0.5329407036109551
-0.07963378802731744, 0.1435782306818829, 0.5354296691747464
-0.07911435429527996, 0.143943692871726, 0.5317580229459047
-0.07864693149832343, 0.1441825527726999, 0.5329204048288086
-0.07814260180783532, 0.1452110892781919, 0.5343907771104217
-0.07789006713133194, 0.14530624978337645, 0.5332435534980043
-0.07835932924972312, 0.1460042934743044, 0.5341398002180117
-0.07751277115769406, 0.14593589634963308, 0.5309289697691769
-0.07692557425677911, 0.1467388126512865, 0.5330623306624622
-0.07705177404528095, 0.14696151273127306, 0.5327793555714994
-0.0770330937525489, 0.14776022373438258, 0.5326865414846262
-0.07656898025100031, 0.1478239358806233, 0.5303187151646426
-0.07554462023248179, 0.14917900146775884, 0.5318591189858017
-0.07573063583259187, 0.15010618918503835, 0.532364569819234
-0.07580275300266841, 0.15113989157354069, 0.5321533411224576
-0.07513017282672003, 0.1518391368967001, 0.5307233080311345
-0.07444613382361442, 0.15297345110906949, 0.5309068082029883
-0.07454340806619054, 0.15406876784728799, 0.5321313337646193
-0.07473091579774614, 0.15462977720115814, 0.5312266224059756
-0.07391733721013016, 0.1557199869555302, 0.5296758747745851
-0.07351663549845108, 0.15670563405353433, 0.5307511567820338
-0.07374746265926517, 0.15765348217545352, 0.5318048346202598
-0.07365248751916807, 0.15887716224943976, 0.5301921477382038
-0.07317084149238241, 0.15987654866952486, 0.5290699592835657
-0.07244751581726294, 0.16041432505504313, 0.5289358666207329
-0.07239773385122175, 0.1620396836477151, 0.5305839851621172
-0.07268847589469114, 0.163345895333763, 0.5303280220619918
-0.07199908063201017, 0.16348372175687548, 0.5282841310497856
-0.07128277671604089, 0.16426419983105256, 0.5288508523533861
-0.07144972432986682, 0.16488027409023684, 0.5295536563371623
-0.07170321049035547, 0.16537285877637306, 0.5289324875897373
-0.07112517859838619, 0.1655724989235032, 0.5276736721415682
-0.070480490008636, 0.16628404584626036, 0.5281415713964555
-0.07002136477289403, 0.16641871244967682, 0.5270518367262549
-0.07202176499742427, 0.1681178003769444, 0.5331182104577161
-0.07596875952758318, 0.1680485627023789, 0.5309362835527535
-0.10803807565299693, 0.17214425279773363, 0.5240878873173413
-0.10940270593896158, 0.1714523164033073, 0.5218115964765913
-0.11008497135662398, 0.17189258663141355, 0.5224128417105303
-0.1120244974619982, 0.17169997030499895, 0.5231391744448147
-0.11507803122917468, 0.17103378346948, 0.5237409332509865
-0.11720833498382656, 0.17074938256251282, 0.5224702122104441
-0.11875254979192051, 0.16916907986353016, 0.5223072811663444
-0.12197907807093561, 0.16777657114309316, 0.5239980692163456
-0.12589538939278644, 0.16662157533520067, 0.5235993620331729
-0.12751429066130487, 0.1652358827362268, 0.5211257857406097
-0.12929827412199438, 0.16354625513573778, 0.521375069722898
-0.13280574234702458, 0.1620272068452964, 0.5216645821699015
-0.13478755630483413, 0.16097576509988967, 0.5204298915460724
-0.13693120809763773, 0.16021885128851335, 0.5200554217478165
-0.1388253167619203, 0.1581357695770385, 0.5188490453282136
-0.14059890101654057, 0.15709765042580645, 0.5200685999922685
-0.14364016245892985, 0.15693361394853328, 0.5212840257391852
-0.14595275785397707, 0.15520600811071847, 0.5191062557191868
-0.1471296379319241, 0.1531974340089287, 0.5190345532138645
-0.1495554649765993, 0.15312058144554233, 0.5192782477879505
-0.15179634362587222, 0.15218237042163646, 0.5188239265161823
-0.15508310941831102, 0.15247230957730332, 0.5208563987644449
-0.15072980871427058, 0.150732313444613, 0.5098526390390992
-0.1477437931296508, 0.1524059576230663, 0.5166735807133851
-0.1509682074687971, 0.15217423212651265, 0.5200440680977113
-0.15119533051305648, 0.15122677393222267, 0.518021019956485
-0.1508220014699878, 0.15262329807855057, 0.5173117786929827
-0.14679784802684626, 0.15204903769487357, 0.514407938206044
-0.14716538108306343, 0.15115744863356884, 0.519482928457154
-0.148967970862972, 0.15217551492673376, 0.5196772576038635
-0.1471261810780902, 0.15218413801729783, 0.5173502993379944
-0.1449262321340801, 0.1510469223317849, 0.516214130504423
-0.14382958243605354, 0.15133083711493117, 0.5180355554658301
-0.14311464734293958, 0.15117570965873936, 0.5182739547251536
-0.14345458659031632, 0.1520231323215543, 0.5204729211006531
-0.14046241085380487, 0.1507592763406928, 0.5166001394349279
-0.1378704636725112, 0.15100553070032746, 0.5187453042359611
-0.13826203358761469, 0.15129575204818144, 0.5209781782600675
-0.13771561172879182, 0.1507453954359228, 0.5195245656856246
-0.1354179585274883, 0.15063292328740943, 0.5197381999355364
-0.1331181394682724, 0.15093357795639675, 0.5199130117443801
-0.13239660008677637, 0.15073945931718516, 0.521902334502126
-0.13287771694743028, 0.15094535715363927, 0.5239481129257181
-0.13005261962057227, 0.15051912741494294, 0.5199371159262367
-0.12786890176932814, 0.15050336022222507, 0.5223500310577116
-0.13023431358457352, 0.15084990580600918, 0.5264382858899478
-0.13021861840021445, 0.15031745835145452, 0.5235725007469054
-0.12846108735911105, 0.1505900013919242, 0.5231604747466955
-0.12759627493245895, 0.15063718302209228, 0.5241066480247815
-0.12824501071049124, 0.1500534499086764, 0.5256228980241551
-0.12940160748709897, 0.15058987559173775, 0.5267853103629508
-0.12785398930096128, 0.15072180452009368, 0.5246769303569616
-0.12664943288753794, 0.14971404288465864, 0.5254380802891747
-0.12792998124286672, 0.15018350117000306, 0.5283779073373333
-0.1280970069209351, 0.15044211722970074, 0.5268534072901596
-0.128027510037392, 0.1499969593139624, 0.5274622435471186
-0.12719130048022362, 0.14963828586073352, 0.5270895018187078
-0.12718316389140186, 0.14986319158094258, 0.528363896638807
-0.1290487448857175, 0.15047262850425677, 0.5307512517957422
-0.12927178250885105, 0.1496467232655574, 0.5283556094580117
-0.12737309658670073, 0.1492295535218249, 0.5275461860671335
-0.12751492636489864, 0.15009429795328005, 0.530628844376134
-0.12956606672682158, 0.14991136296212562, 0.5321541274124796
-0.12988524452732728, 0.14900283161230968, 0.5294317972404263
-0.1279852975200865, 0.14928230863383254, 0.5289677390051203
-0.12858870286552926, 0.14957419426660826, 0.5320765015893479
-0.13037983355959462, 0.14888781751752597, 0.5324025872952494
-0.13053129348731407, 0.14895355282644493, 0.5310520137575574
-0.12913574494447091, 0.14966750558437128, 0.5323945103764152
-0.12934961272901785, 0.14852599448649365, 0.5325097023613617
-0.13098861895266797, 0.14899608691492164, 0.535076077079988
-0.131402972550017, 0.14904857703142343, 0.5334294944026211
-0.13009488987067888, 0.14847409712662635, 0.5315573376842437
-0.13069353270695347, 0.14837009242923874, 0.5340637882919019
-0.1317578698551228, 0.14864024071150203, 0.5358439556036501
-0.1322084125028038, 0.14890017363418845, 0.5357279392563743
-0.13196724110315664, 0.14850232429837254, 0.5345415076585531
-0.13123864748925657, 0.14800626635525935, 0.5348536110978993
-0.13257196623033346, 0.14858296540222676, 0.5372741049617704
-0.133785986194916, 0.14885552702478252, 0.5382783573362754
-0.1329800166340701, 0.14778415552728472, 0.5359275746899514
-0.13273557867620842, 0.14798076862150703, 0.5361629854607326
-0.1334227884965803, 0.14832644532956982, 0.5388933650769165
-0.13448798492827654, 0.1477398320788883, 0.5385267087770313
-0.13451727489233756, 0.1477693019333761, 0.5376461800797651
-0.13328036729508988, 0.14753941600595216, 0.5370737847926302
-0.134808865226732, 0.1477026677601114, 0.5404068995730824
-0.13578972635071418, 0.14773180791072513, 0.5402649786527446
-0.13481677850632337, 0.14754789096250137, 0.5389404665075023
-0.135088211482666, 0.14777328704858592, 0.5409788800271347
-0.1356989867082661, 0.14723881777389886, 0.5411103888743574
-0.13650128575059328, 0.1474795454119725, 0.5413269792778794
-0.13688483122948933, 0.14765347805497095, 0.5419193263701432
-0.13590931533578093, 0.14683581018423056, 0.5408782969083016
-0.1371196776307437, 0.14732054641074122, 0.5434460373934916
-0.13762246767306116, 0.14741496053440234, 0.542978657291642
-0.13778795322010332, 0.14682517242344306, 0.5425513834827341
-0.13778834761920608, 0.14699154941421738, 0.5426479464004291
-0.13768562699317372, 0.1465341363870385, 0.5438561392822926
-0.13927660922478288, 0.1471689875480652, 0.5454927055322438
-0.138987677189463, 0.1462138695881071, 0.5420376275204022
-0.1384341254321657, 0.14627879108820954, 0.5437942098702689
-0.1394329285444124, 0.14634496810382633, 0.5448074749885452
-0.14000153141954494, 0.14633807647906183, 0.5464767544101817
-0.14068413199958535, 0.14620450210462765, 0.5448151690056656
-0.14042664061646007, 0.14603454868486, 0.5443212780259922
-0.141278809207485, 0.14596730528956606, 0.5467799396098088
-0.14304075040117353, 0.1462592307930039, 0.5474808796911667
-0.14291330403493566, 0.14580046023461218, 0.5450361587896398
-0.14354497485230525, 0.1461501804356276, 0.5482389233267685
-0.14417946589643657, 0.14584394982724638, 0.5468610690944525
-0.14533088189209042, 0.14581544525118026, 0.5477386982476147
-0.14678422970115082, 0.14624854937027254, 0.5489794169931235
-0.14627824952596574, 0.14538951839950526, 0.5469469724651791
-0.14747978256698066, 0.1459278512693369, 0.5497451464531714
-0.14895459389989735, 0.1460916211834101, 0.5498772480515014
-0.14985782745205367, 0.14538157406796348, 0.5489539581507558
-0.15014710840089568, 0.14538869600423268, 0.5479758296409537
-0.15027568693397927, 0.14503281056307915, 0.5478782443640371
-0.15214102049087344, 0.14504827720051972, 0.5497211251898216
-0.15327657887318724, 0.14490969566023834, 0.5478992048263477
-0.15318455652255425, 0.1451665950739978, 0.5503059111817027
-0.15407141509488137, 0.14482975539613377, 0.5495996715868148
-0.15555025195604605, 0.14486477372740336, 0.5505804323943557
-0.15654750414048704, 0.1451477970695975, 0.5513637023982894
-0.15702151908529033, 0.14490200518999216, 0.5501820674829423
-0.15737431917885497, 0.14462072766840595, 0.551819088653061
-0.15890154423163966, 0.1449093418044039, 0.5518966847772502
-0.1597479793950277, 0.14466407249370442, 0.5508902228921307
-0.16052795756939509, 0.1443301641335319, 0.5521862243732147
-0.16128558391828654, 0.14452602563021802, 0.5527094127739551
-0.16172804479540767, 0.14408656643520654, 0.5520549864065522
-0.16360074224754406, 0.14413505953818037, 0.5529614941985974
-0.16429871414142858, 0.14417355006301566, 0.5534365670219697
-0.1637007551853151, 0.1438631203065002, 0.5522610287382566
-0.16582328788972386, 0.14389109415453866, 0.5539794350378078
-0.16671050637936635, 0.14362133503296237, 0.5527655819317652
-0.16708865816367857, 0.1437215202615376, 0.5534342981113879
-0.16803625758123736, 0.1437604961086617, 0.5531000171307598
-0.1686722096986616, 0.1431095928470235, 0.5542274728696257
-0.17021216867449057, 0.1435895406549108, 0.5548805996512319
-0.1708247254400808, 0.14371075483107548, 0.5538591762554127
-0.1709904535637165, 0.14293739072562447, 0.5546021123518166
-0.17256997703760626, 0.14326987582031156, 0.5553644058702831
-0.17315402517674713, 0.14294662552731538, 0.5537599232734415
-0.17405471518981142, 0.14287790815474946, 0.5552342312985431
-0.17502050842980363, 0.14268994659312764, 0.5548916387545908
-0.1751625611110802, 0.14251963154910946, 0.5543945317856176
-0.17688795341411293, 0.14280732964188286, 0.557016773181624
-0.1780018703458144, 0.14281581821236877, 0.5564801369646455
-0.17774120016033573, 0.14284793791745046, 0.556884969604248
-0.1792447645989609, 0.14299420951744532, 0.558295606761872
-0.18017591488901713, 0.1424968339241513, 0.5565029887435282
-0.18072410958901172, 0.14286927585390882, 0.5584099643313827
-0.18192462208208451, 0.14292638751045214, 0.5584809560953258
-0.182032957488402, 0.14244414084058607, 0.5578271043254218
-0.1835286903014515, 0.14255639946148185, 0.558170607155733
-0.18472231776671078, 0.14270942707610507, 0.5581784179009782
-0.1843869202496985, 0.14236543906118443, 0.5576515807185475
-0.1860149442251281, 0.14252396401383463, 0.5592796238009606
-0.18685318416068492, 0.14211698228543532, 0.5580194310523927
-0.18735826010018053, 0.1421856620748242, 0.5586718018224066
-0.1885404103818176, 0.1422995111622696, 0.5588799408286794
-0.18894839800067761, 0.1420778288667676, 0.5597748436906005
-0.18987895244238184, 0.14206091578130786, 0.5599985092624682
-0.1915331541729159, 0.14238669739030543, 0.5603201600791164
-0.191458174881593, 0.14158214345688414, 0.5590758418512171
-0.1924375083299887, 0.14204099635648776, 0.561170697700358
-0.19398275474832138, 0.14201286790327075, 0.560630946242252
-0.19468700658405322, 0.14175299630924737, 0.5612448917948324
-0.1959867064741082, 0.14200278334582186, 0.5614979643132729
-0.19652354698573443, 0.14146493555743822, 0.5607091173914371
-0.19737242063706875, 0.14153370649973127, 0.563146422350169
-0.19929962816140867, 0.14179446203062884, 0.5624059349401448
-0.19956621725211274, 0.1411516102634707, 0.5606169455549884
-0.19997766109092754, 0.1412690297216431, 0.5625769757275447
-0.20171390842871795, 0.14117491112895392, 0.5617065542209825
-0.2026205844810424, 0.14118380750920012, 0.5633529199398747
-0.2037619013662239, 0.14119065828411156, 0.5632026741562168
-0.20454590800593234, 0.1411908276801494, 0.5629565542688719
-0.20481896332930621, 0.14015748221048613, 0.5624016045469099
-0.20681875533778285, 0.14125145892812427, 0.5649191626780038
-0.2076963933118076, 0.14084350562962214, 0.5639989489254194
-0.20815963347620622, 0.14003512533621879, 0.5633176697103598
-0.20957633738825704, 0.1409054486096661, 0.5656291438472396
-0.21023298802505586, 0.14012272116832314, 0.5647366153211079
-0.2112993565864942, 0.14016054371938402, 0.5652731667986491
-0.21247537068752387, 0.14041116093566208, 0.5659117879211818
-0.21236846441698493, 0.1398605331813287, 0.5657296141799182
-0.21369221851697148, 0.13996330149656452, 0.5654681454442192
-0.21487793898315802, 0.1401234423652783, 0.5661657434786849
-0.21485276882315213, 0.13959364535935367, 0.5665179218083198
-0.21596569298287194, 0.13984379299987187, 0.5663323038578589
-0.21680844773757335, 0.13964927180307, 0.5668837340483365
-0.21770246433066417, 0.13957675066283112, 0.5692638414573514
-0.21866259257536294, 0.14015250077892163, 0.5688026473670005
-0.21884748251306968, 0.13925814105067116, 0.56905396915474
-0.21991827367671704, 0.13925884169574, 0.5698216550359514
-0.22093305963401372, 0.1399481803164018, 0.569391013919657
-0.22122443444345943, 0.1390797049114179, 0.5700481199523266
-0.22202373859075006, 0.13902359907049766, 0.5702199599134249
-0.22285190450519243, 0.13929425094820538, 0.5699080251716844
-0.2232679754449525, 0.13892311191225454, 0.5709203209237222
-0.22430856466903848, 0.1391015684543321, 0.5702356184378502
-0.22519768512748337, 0.1392063853872383, 0.5711902957809917
-0.2251543250357775, 0.1388178261820197, 0.5719500973449458
-0.2266573524211736, 0.13905381480323006, 0.5716504313408425
-0.22739600203571703, 0.13891229330970997, 0.5720345944927981
-0.22761271876858583, 0.13863887404558134, 0.5733367883657502
-0.22874005395425176, 0.13903680546589361, 0.5728305007930579
-0.22934511010979244, 0.13857132687017015, 0.573202722532755
-0.23006498577855725, 0.13850501699173087, 0.5739388290397002
-0.23114216908259144, 0.1389185881718264, 0.5739136198288947
-0.2315099928312832, 0.1380352478972429, 0.5752323057545425
-0.2319605200095876, 0.13825154211006185, 0.574970308928045
-0.23265984844226606, 0.13856619850389143, 0.5746500384451505
-0.23207261773081042, 0.13811885618964984, 0.5767275853288597
-0.2310120577520685, 0.1389460057349963, 0.5765784014408846
-0.23091766454457904, 0.13809046430477437, 0.5769925591154914
-0.22962589108750842, 0.1378865371431424, 0.577699022251143
-0.22832353319955648, 0.1380843323066313, 0.5786456183754836
-0.22687903966296932, 0.13719718702925976, 0.5775233754834626
-0.22598144006323193, 0.1367318960323762, 0.5787230594897954
-0.22519905587872255, 0.137041648767207, 0.579433276236165
-0.2242440078969533, 0.13601957667293205, 0.5793773860427212
-0.22271953227495633, 0.13577627522575988, 0.5801280563967041
-0.2212382502275879, 0.13619176689229356, 0.580954847930998
-0.22069415225463937, 0.13575053881064206, 0.580843483314848
-0.22009016756692795, 0.13585884861958328, 0.5819624074591411
-0.2182508994676428, 0.13610404214367938, 0.5824952471762586
-0.21668048311121982, 0.13581866050379046, 0.5824343493417393
-0.2164898507034202, 0.13566912684209903, 0.5833285083730263
-0.21552554760821924, 0.13594149383420653, 0.5835793679473394
-0.21449222561658268, 0.13560860894293986, 0.5831503906173889
-0.2141781415690729, 0.13488954620398969, 0.5838345591136781
-0.2133880121694321, 0.13475397837747743, 0.5835727168611085
-0.2132706624545502, 0.1346224624033114, 0.5834768719101467
-0.2133019045104355, 0.13415858212762838, 0.5843418571666812
-0.2125510954635885, 0.13373025593992083, 0.5836661678885509
-0.21229488225118304, 0.13356159040107457, 0.5837893633895562
-0.21285800997227214, 0.1332285875855692, 0.5838538573016692
-0.21285932136863725, 0.13270456735645278, 0.5840414512802183
-0.21207071477174314, 0.1326356446360291, 0.5841381202142346
-0.21132095112856564, 0.13204812514148503, 0.5844193412394199
-0.21073900452108651, 0.13138021840922381, 0.5831736151632343
-0.21020871058895174, 0.13133802207091236, 0.5844272681734106
-0.20914790610156045, 0.13061166660088547, 0.5837365756075955
-0.20767426196521827, 0.1299765322951943, 0.5846506823335939
-0.20609124909168317, 0.1296986086091826, 0.584009150573182
-0.20452375331088393, 0.12922420631110834, 0.5837323728681758
-0.20348548271212583, 0.12850297173444067, 0.5834046209967388
-0.2020364162739933, 0.12799537738076308, 0.584632445677351
-0.19956705183268034, 0.12730193690516767, 0.5838421601499123
-0.19778267790635234, 0.12685077236243217, 0.5840908692686495
-0.1962981420503666, 0.12658088454513738, 0.5840082800177225
-0.1937544342411693, 0.12596777967199335, 0.584070147152223
-0.19187046661945753, 0.12582315356846446, 0.583588960760117
-0.18973733808283189, 0.12518658100807237, 0.5832735543793195
-0.18691333214391392, 0.12493355178668343, 0.5841749790759504
-0.18531888944404748, 0.12578426987586383, 0.5846902050566104
-0.1828084861021654, 0.1250422641534055, 0.583405499853785
-0.1800722871571498, 0.12489277023680749, 0.5838496003142492
-0.17805093320662138, 0.1253223017051479, 0.5827828754150847
-0.17521587566608757, 0.12467878422188858, 0.5835765840923299
-0.17294196185794064, 0.12489711861747492, 0.5840310386031282
-0.17056743756037743, 0.12512270687632102, 0.5839274923296766
-0.16776024827084768, 0.12465589960257721, 0.5835779290003502
-0.16534576638588794, 0.12493056016797313, 0.5843729158878133
-0.16296309807302, 0.12518295448230032, 0.5841700075196131
-0.1601758731497575, 0.1246551151942887, 0.5840183965634556
-0.15830186745809685, 0.1251451798638086, 0.5850939040284594
-0.15529415005507427, 0.12494117516689054, 0.5835919017376195
-0.15293732149740802, 0.12473417845900203, 0.5837842745397595
-0.15109318607865843, 0.12514557977485302, 0.58457367639534
-0.1479449937157296, 0.12488353377268802, 0.5832962985667726
-0.14572418079570543, 0.12495174193375025, 0.5841437377558817
-0.14381990248958249, 0.1251600642516107, 0.5844101356047525
-0.1410260579938741, 0.12497858334192816, 0.5835607382582062
-0.13907790688517704, 0.12519552384490137, 0.5848518043018357
-0.13701896846457273, 0.12524436149483228, 0.5833085529100668
-0.13413132556477994, 0.12478967536903661, 0.5836392342299112
-0.13320704783998247, 0.12561348511099096, 0.5845964085744543
-0.13089846834731336, 0.12492211201461474, 0.5824726738890116
-0.12885203505384832, 0.12490509462273407, 0.5832498337108738
-0.12738106122615517, 0.125318671404088, 0.5824716518002644
-0.12521276647083954, 0.12472643843592478, 0.5825400318896495
-0.1236905541747941, 0.12483551201390429, 0.582371240950761
-0.1221597331084064, 0.1254201258340519, 0.582257520130135
-0.11956427232245263, 0.12467173013466766, 0.5820687721469529
-0.11846601854340848, 0.12500929030040317, 0.5827747416884017
-0.11636150392701747, 0.12481134291719637, 0.5817295208286621
-0.11467162411887415, 0.12489781987848028, 0.5818957385760563
-0.11292494330056513, 0.12492821868715841, 0.5817572437469163
-0.11067369940327972, 0.12476857769319814, 0.5812681256943856
-0.10934694245194689, 0.12487930413844921, 0.580969097401122
-0.10762836448070251, 0.12499792228805269, 0.5816762751641158
-0.1054440586025273, 0.12490155012656247, 0.5813168565830297
-0.10403625400382882, 0.12501749031351003, 0.5807269146400577
-0.1021529585157237, 0.12471937646707547, 0.5798422296474554
-0.100646553166958, 0.12484563332577618, 0.5798438479653146
-0.098586491247812, 0.12504432877203903, 0.5801286977315862
-0.09701919082019939, 0.12497619817609751, 0.5797028971333543
-0.09533088802763223, 0.12507967872945325, 0.5799170252296423
-0.09353449161776714, 0.12520687480370096, 0.579667386536156
-0.09195871747288886, 0.12503932673774273, 0.5784958771857578
-0.09002347422153249, 0.12506025452254252, 0.5782842622924798
-0.08894331354923073, 0.12505843741628478, 0.5793420867873413
-0.08754868970099008, 0.12504539302538564, 0.5777387696274714
-0.08608992535789085, 0.12501204291378398, 0.5785890569383575
-0.08458665454820745, 0.12502276878968266, 0.5778287747363036
-0.08333845042838178, 0.1249735225028438, 0.5771406518399476
-0.08202777469318734, 0.12503395210228757, 0.5769849570633453
-0.08096451686502026, 0.12514356468066598, 0.5774570394976103
-0.07958127275858914, 0.12496821684993127, 0.5763925198739257
-0.078103911641517, 0.12518156717852866, 0.5777257520902064
-0.07698764002651375, 0.1251895317665674, 0.5771619663186618
-0.07542819477204708, 0.12540591641034732, 0.5781599220735809
-0.07448929178016231, 0.12534335486324047, 0.5775526900517205
-0.0728931385930189, 0.1252160198457914, 0.576897305473714
-0.07185953327354358, 0.1254285363533812, 0.5771898586068681
-0.07052853167025852, 0.12541470935814011, 0.5771326918202996
-0.06954361965718309, 0.12552185484616724, 0.5777036332664324
-0.06835157931781813, 0.12538431336490083, 0.5765853784481185
-0.06712263857029274, 0.1254820689990802, 0.5760380985609743
-0.06586100619008532, 0.12541334110712496, 0.5758476912625372
-0.06494935853503866, 0.1252848265887162, 0.5753542744420291
-0.06355967836323669, 0.12542857461261117, 0.5752523829393585
-0.0626394520479355, 0.1256610857948007, 0.5762596361561726
-0.061242063249887894, 0.12523319661710897, 0.5741501055937819
-0.06021876287261704, 0.1258357024152127, 0.576338264128664
-0.05927412198293693, 0.12564511838430245, 0.5761675651560428
-0.05906571916204491, 0.12574361135139997, 0.57450029380157
-0.05830729516309147, 0.12565297519994686, 0.5734760644317143
-0.05757932477120276, 0.12651310807768917, 0.5742831094240903
-0.057437691790667544, 0.12756231376211596, 0.5745559944709632
-0.056837517395461674, 0.12853570167781456, 0.5747616886345754
-0.05688324557394567, 0.12971960332321902, 0.5747985219315881
-0.05665480375730853, 0.1304075882803907, 0.5744981723821005
-0.056677688497163876, 0.1322176973221485, 0.5767924783191913
-0.05730478346996876, 0.13419534274409103, 0.57638236497361
-0.057202965537403054, 0.13495025547972375, 0.5765398739964317
-0.05788751290679295, 0.13695412571174653, 0.5769201515124978
-0.058181261864388344, 0.13802576491338658, 0.57535478066024
-0.058561643986977795, 0.13951133898345505, 0.5763158367268088
-0.05950078239206178, 0.14136534887830718, 0.5765478931836132
-0.05927278027304482, 0.1424495323275479, 0.5755283116518292
-0.05949674584942119, 0.14444966625829217, 0.5778272184995606
-0.06064536930985037, 0.14610961566104944, 0.5779890206302016
-0.06064987386966822, 0.14658797468216048, 0.5754324072488525
-0.06129333926407351, 0.14840302193727797, 0.578913038939487
-0.0626595094472943, 0.1493616328263581, 0.5767472348496685
-0.06331416019644706, 0.149889598861435, 0.5775159484667561
-0.06498387975250336, 0.15078813171823105, 0.5780807518696095
-0.0657997662441787, 0.15104931930727505, 0.5775347659516921
-0.06724308434551633, 0.15169260498440015, 0.5788987493024611
-0.06943493635778288, 0.1521456512689934, 0.5784122019266927
-0.070440847301339, 0.15218841404112313, 0.5772586495218378
-0.07184765689459625, 0.1525080423360602, 0.5783297919649821
-0.07394425451824879, 0.15283528030620994, 0.5792854746922999
-0.0762716942777173, 0.15229515977277827, 0.5769230169079251
-0.0781350204812749, 0.15210674919795922, 0.5767000556952816
-0.0798702461669449, 0.15185249324277844, 0.5772061878773196
-0.08200901896089793, 0.15125813481823752, 0.5771300183239169
-0.08403879411238092, 0.15125409616632912, 0.5772766201789283
-0.0857559546108844, 0.15059691586365, 0.5765705872270029
-0.08734058234007562, 0.1500491062185131, 0.575893027115116
-0.08913022949441313, 0.15002196800907175, 0.5769781146669136
-0.09124315840266835, 0.1491722658764342, 0.5758554250159336
-0.09257901185797673, 0.1490435525313127, 0.5758117467720756
-0.0940496619939787, 0.1482678361802046, 0.5757107321027222
-0.09585438698996172, 0.1478125670717342, 0.5755920840461863
-0.09776732380960544, 0.14733742083130222, 0.5755311037853805
-0.09915174494279347, 0.14663076048935947, 0.5750774562596306
-0.10060328881831913, 0.1459545763905512, 0.574682531679133
-0.10257924872780122, 0.14551526077571658, 0.575054416015267
-0.10446737015859307, 0.14485169069043913, 0.5740977471277748
-0.10597208996843162, 0.14426580709389333, 0.5729345602126283
-0.10718724377142054, 0.1438732160068928, 0.573263712695291
-0.10882358434947295, 0.14363722883188146, 0.5732420845020102
-0.1104323893899124, 0.1437314812055218, 0.574117046659754
-0.11172679998677573, 0.14327081662342991, 0.5726186909401672
-0.11271243239121588, 0.14316654663818773, 0.5726080840214006
-0.1143368926976918, 0.14403057866359287, 0.5730953524149371
-0.11610412314210315, 0.14451738408412979, 0.5740680109881182
-0.11743609851287067, 0.14467593301546489, 0.5726591522753595
-0.1186682881890525, 0.1447481244741881, 0.5717031953671075
-0.12044548443817175, 0.14558859392172632, 0.5728008793011846
-0.12226673912681581, 0.14593744950748552, 0.5720096832173516
-0.12370487401112301, 0.14615567171192073, 0.5707852297916374
-0.1251604224560235, 0.14668350634568256, 0.57199579261923
-0.12713217825124376, 0.14672333660360362, 0.5715720211667997
-0.1294797543239643, 0.14793797562951952, 0.5730648915232254
-0.13129085882064442, 0.14780556615273144, 0.5708223705409714
-0.13308258201189369, 0.14802290527547454, 0.5708633548476315
-0.13547297882196385, 0.14809803304962718, 0.5707888498788402
-0.13766701541370466, 0.14827078402680727, 0.568473210515584
-0.1398077413516906, 0.14881823901070088, 0.5691013701118323
-0.1418130833189147, 0.14901639423328913, 0.5684921797191318
-0.1439909670640272, 0.14923179564390832, 0.568835179548887
-0.14624296152854493, 0.14962182737244628, 0.5683680628984458
-0.14806245747376517, 0.14964915340861143, 0.5674433794807398
-0.14973350161003188, 0.14968500835781093, 0.5660310331481837
-0.15198020083147756, 0.15058925108940519, 0.5674821567369802
-0.15398205704534476, 0.15064336961334757, 0.5662895692962435
-0.15574429924505917, 0.15064468683607357, 0.5652472898372886
-0.15751247609136598, 0.1507913904580888, 0.5647753409320458
-0.1594072412741832, 0.151912329558491, 0.5656158575196923
-0.1610294574804973, 0.1517098882792258, 0.563564294112156
-0.16220633747348986, 0.15257099243812403, 0.5643748185100271
-0.16186512710326093, 0.15328787589876233, 0.5630476826107154
-0.16189158231844103, 0.15437699500924085, 0.5642654106228541
-0.16293443841968056, 0.15482271635016584, 0.5641201034386918
-0.1628231184498737, 0.1556128767025907, 0.563443465091598
-0.16248383325750962, 0.15672936134419724, 0.5634748379384907
-0.16241752656841907, 0.1574666003506853, 0.5630287125577648
-0.16301964635561386, 0.1579877433061951, 0.5634719323817191
-0.1632145408561527, 0.1589813357607159, 0.5627892313486806
-0.16304580646893194, 0.15999210618275578, 0.5620610542551129
-0.16294878699637372, 0.16045795159467674, 0.5618584022727766
-0.16308548463550002, 0.16124133924191406, 0.562337618288754
-0.1631514169356734, 0.16249843577558268, 0.563368662591656
-0.16310291728536055, 0.16344201925299712, 0.5637851212818393
-0.16352415241697474, 0.1633794671126595, 0.5619752999949974
-0.16474161006442606, 0.1642700262987495, 0.5626751586403733
-0.1657202052365096, 0.16480447547402832, 0.5625968842381545
-0.16684067197653424, 0.16491727845601867, 0.5614562784506596
-0.16809282614748577, 0.16509887640356907, 0.5613221569923815
-0.16934941575485193, 0.16588849748903178, 0.5614469333995101
-0.17088928799187994, 0.166213772549274, 0.5608297109538876
-0.17147873831337254, 0.16586764272517798, 0.55980537984058
-0.17259508212894023, 0.16625016740702103, 0.5597911900671649
-0.17410020740023546, 0.16714966995983485, 0.5602979533307223
-0.17485459336184614, 0.16642533185710634, 0.5580942907779308
-0.1760146219634205, 0.1666666810280653, 0.5590758643330395
-0.17655186851628737, 0.1664142585732092, 0.5582141317880411
-0.17833771398930515, 0.16601638801885707, 0.5592097316064544
-0.1795418009021929, 0.1648009644035382, 0.5550462440306184
-0.17973392488578774, 0.16469218853403794, 0.5560794170763532
-0.1812341549974355, 0.16441879390900316, 0.5572203603369991
-0.1822709763292416, 0.16332871983749336, 0.5545444901710963
-0.1826324362859288, 0.16256214332599317, 0.5531596889638424
-0.18353303759073095, 0.1622675002179067, 0.5536448579419787
-0.18363581902801548, 0.1616404006901492, 0.5532892688179097
-0.1848640724962573, 0.16121632488095758, 0.5538266666661931
-0.18529163301060803, 0.16131184250369932, 0.5531122546998568
-0.1847735107567481, 0.16061399186883416, 0.551243932444306
-0.18548461681748338, 0.16057699574606082, 0.5519303460051433
-0.1853579559923263, 0.16036388106164917, 0.5503687215885836
-0.1856934566340942, 0.1606315179786467, 0.5518101965125775
-0.1853728896163101, 0.16035487242763935, 0.5500222160467865
-0.18488161789346835, 0.15979850749417712, 0.5491118675663912
-0.18506058922389304, 0.16010634541356916, 0.5500710410315878
-0.18473506408324464, 0.1602807968523092, 0.5491280663919076
-0.18391787115747887, 0.16034456409728368, 0.5485686118766505
-0.18322850561665957, 0.1609747082102516, 0.5493018324510093
-0.18249313664307926, 0.1612233223446124, 0.5491553037608397
-0.18211380329337132, 0.16094240355703124, 0.5481418136444686
-0.18090473658495343, 0.1615652049857791, 0.5486618439795394
-0.1791512091737875, 0.16168190930059234, 0.5489501669644248
-0.17863961371573467, 0.16187096696693248, 0.5500374649566335
-0.17725886815381006, 0.16179117112277547, 0.548359629392475
-0.1759559867459847, 0.16221588917717153, 0.5485912680764397
-0.1746161524909001, 0.16249853725750482, 0.5493674865988353
-0.17335985315668279, 0.16216349083800577, 0.5489511303559224
-0.17282030801786652, 0.16261696152601018, 0.549963570727213
-0.17132142443479237, 0.16269291218962192, 0.549211055053291
-0.17023907076938147, 0.1628974827080379, 0.5503965938564251
-0.16927236441440188, 0.16270762531483393, 0.5495671257435581
-0.1680994799528214, 0.16269677436263996, 0.5489877972495127
-0.16679646972901374, 0.16303947853860815, 0.5503070169514471
-0.16559926407019487, 0.16308165191335927, 0.5506801387355958
-0.16501336250178875, 0.16327588626457576, 0.5517158148668507
-0.1641877009133093, 0.16351513585831534, 0.5511340710296112
-0.162669253534475, 0.16328335017566498, 0.5507595452690052
-0.16166832872046621, 0.1631604901976491, 0.5506778777410131
-0.16088044729645407, 0.1633652670921927, 0.5514860576878048
-0.16061319087890935, 0.16377424626131554, 0.5520981915592285
-0.15852831492587222, 0.16356969815305208, 0.5496738383173488
-0.15780996414296472, 0.16369878575608035, 0.5518492176530548
-0.15697328885073503, 0.16341575557067448, 0.5511086263750176
-0.1565373668202219, 0.16316084639454598, 0.5501074270555377
-0.154724171579406, 0.1632416043707801, 0.5493409640984828
-0.15355339585080272, 0.16341100564570993, 0.5501827914776523
-0.1538469144252651, 0.16293325266479028, 0.5508638616116904
-0.15376917269637572, 0.16314919340370856, 0.5513663787427862
-0.15253592848346448, 0.16315592309505986, 0.5515163499846581
-0.1518220478939202, 0.16216659891137944, 0.5510503361765059
-0.15301708830462987, 0.161958729913364, 0.5532149944707686
-0.15350230340659624, 0.16126250287105595, 0.5513237610309677
-0.15281208028796292, 0.1614037505160488, 0.551837250935778
-0.1525526840878159, 0.16029830195459427, 0.5504243070225404
-0.1538974437352264, 0.1605194716530853, 0.5537919686356746
-0.15428658062280365, 0.1599044450311199, 0.5512729739838743
-0.15406844150253932, 0.15969863904637754, 0.5516565381303953
-0.1539215857787383, 0.15905981906549493, 0.5507018237765353
-0.15458312842176736, 0.15881378481083805, 0.5517560060163542
-0.15566439296208148, 0.15863003711583443, 0.5518696946500035
-0.1556000866617523, 0.15770023446944467, 0.5492094470465764
-0.15559372257959914, 0.15795773477200245, 0.5515382996224367
-0.15616362562013658, 0.15737825714191522, 0.5500979002066554
-0.1573512782326205, 0.15734891543570792, 0.5515356000860846
-0.15742950186807922, 0.15645989090960227, 0.5492024101495286
-0.15758001475011735, 0.1564285598896005, 0.550530617579627
-0.15826631489380563, 0.15616163455090537, 0.5507799438207309
-0.1591656466368211, 0.1555276638657413, 0.5491706060501546
-0.1581484512139985, 0.1555889725503132, 0.5484832840908244
-0.158131235795056, 0.1554847939782979, 0.5491317031399776
-0.15852338337060884, 0.1553022588976037, 0.5492650447086161
-0.1591224121771547, 0.1550501438685444, 0.547981969042007
-0.15862855795636074, 0.15535414960160362, 0.5474441822201088
-0.15804631510159162, 0.15531569781139584, 0.5476957341166027
-0.158888396701583, 0.1551142248899136, 0.5482656579661285
-0.1592782864594415, 0.15528979871510484, 0.5472971310890731
-0.1588710846133706, 0.15523910495022208, 0.5465517715303705
-0.15850347650062596, 0.15523425864705281, 0.5473570890420654
-0.15937705338771355, 0.15527137587483003, 0.5486442109090534
-0.1601189188296675, 0.15559515415371178, 0.5485436787748781
-0.15983421200246883, 0.155181171957611, 0.5464983663699995
-0.15926555545625193, 0.15527629073301344, 0.546637436627953
-0.16028876336428355, 0.1558386832113899, 0.5485253568765659
-0.16050801120654076, 0.15599443385987255, 0.5473778320323172
-0.16062710606330588, 0.15606855513376508, 0.5469361826574022
-0.16013479139824824, 0.1560918975126656, 0.545207813688337
-0.1606251385470931, 0.156368625603394, 0.5461536765989136
-0.16151974192221913, 0.15639626084471872, 0.5456650832533002
-0.1608607453536052, 0.15643492468990294, 0.544014713783745
-0.16065278867331864, 0.15652729463914156, 0.5442513066323967
-0.16150409594754714, 0.15701971910431906, 0.5457332919674677
-0.16228536494881288, 0.15697596185788074, 0.5443965036601628
-0.1620382664874306, 0.15713709451610092, 0.5430569962380547
-0.1615186372283725, 0.15775512644754167, 0.5429200689132339
-0.16138250602519358, 0.1581525580317905, 0.5427276526424704
-0.1624194640083657, 0.1590766813483016, 0.5446054448588605
-0.16179593312077364, 0.15920190953242405, 0.541328433247655
-0.16143569998331558, 0.15983507311338938, 0.5421803784181379
-0.1615590361894433, 0.16056793369939687, 0.5423991844204452
-0.16163998899067658, 0.16056668565017543, 0.5414436426518257
-0.16172480366175399, 0.16120375020492214, 0.5416169787611113
-0.16201806574926164, 0.161694447635243, 0.5423572043364789
-0.16147489885014893, 0.16191635295791126, 0.5410823228892038
-0.16190917587483733, 0.16243678509356935, 0.541385215250057
-0.16187735070559425, 0.16287704227792085, 0.5401886601857765
-0.16157451594761835, 0.16277590057864133, 0.5389847076480463
-0.16167414504161318, 0.16294979918502345, 0.5385435795518387
-0.16135452242989193, 0.16326301509647262, 0.5388396087406533
-0.16199687929086728, 0.1634050979862001, 0.5394013546478894
-0.16144898274748742, 0.16346265292989612, 0.5375172910082763
-0.16143555750752275, 0.16366890338410575, 0.5377624117239109
-0.1616438433197477, 0.16383270546935302, 0.5374611774755573
-0.16121939801679105, 0.16376867455856747, 0.5362760988897171
-0.1614918714519444, 0.16392679963917028, 0.5360499508506983
-0.16121762467754341, 0.1641352519978297, 0.5349282282839573
-0.16136001923042753, 0.16432752959374058, 0.5354457642490722
-0.1613655598377278, 0.1644566675232192, 0.5344787224622006
-0.16048073446220057, 0.16437906892034, 0.5325530391579005
-0.16096648327638913, 0.1649273119673976, 0.5347221559678317
-0.1611177239527487, 0.1647561404920611, 0.5335994572913616
-0.16085096245388564, 0.1648449139482735, 0.5333774537904888
-0.16095428039699564, 0.16498045873590414, 0.5328041994989023
-0.16023669272296232, 0.16503538293043016, 0.5322907515899116
-0.16077707315240652, 0.16516723296405603, 0.5329039343740515
-0.16049703915273283, 0.1653363893358531, 0.530947444958854
-0.15903896152425048, 0.16488648367615127, 0.5291254845558516
-0.1585507167003323, 0.1653822741815267, 0.5302091406736404
-0.15784374676564125, 0.16523772086411082, 0.5297809080362329
-0.15765449752669564, 0.16544241454502318, 0.5297935596425276
-0.15704404855425724, 0.16553260547585721, 0.5281699618876037
-0.15521134867620684, 0.16516451358733872, 0.526274131950728
-0.1550817394229332, 0.16565123563780448, 0.5284731199728031
-0.1544897972112198, 0.16563303416772102, 0.5262842308187171
-0.15349720077171355, 0.16553559437789417, 0.5257007442256332
-0.1527805256387638, 0.16570217885395497, 0.5254302513709734
-0.1512639039491257, 0.1655993261448803, 0.5246689737334671
-0.15149802578322438, 0.16584370077813557, 0.5254871786066216
-0.1504320183722532, 0.1656128257400462, 0.5229276391240922
-0.14819832814365672, 0.16568040652249705, 0.5223345439896008
-0.14717070613497304, 0.1656580191314154, 0.5222366356885324
-0.14617173321405985, 0.16566469437409972, 0.5225588674837474
-0.14520086728467188, 0.16550368765155066, 0.5215382312567785
-0.14303377994140193, 0.16541405121403263, 0.5196002430207007
-0.1416403468827949, 0.16526051651717655, 0.5211849724029964
-0.14115473910674695, 0.16544900550025518, 0.5213951277227431
-0.13998681552055794, 0.16543256509249962, 0.5203052937773909
-0.1383609161826774, 0.1652937788515, 0.519398938425889
-0.13717293934705146, 0.165532222711233, 0.5193876418803194
-0.13590965332309907, 0.16514024197899876, 0.5182410048894511
-0.13572237575433826, 0.1654491060649886, 0.5190693683514688
-0.13385155572647223, 0.16538412687273135, 0.517322568184884
-0.13231785530142998, 0.1652926101040212, 0.5171833988793016
-0.13224908381505296, 0.16555697543616357, 0.5182961698209738
-0.1311316416840502, 0.16539813923048005, 0.5170916883858725
-0.12989340090828058, 0.16540687124761236, 0.5167768023350411
-0.12827591459736526, 0.16545204248346393, 0.515799038699039
-0.12764503030493224, 0.1653766745128866, 0.517161552112468
-0.127515234159127, 0.16582169451009396, 0.5174592595139508
-0.12520888456949178, 0.1652861225357161, 0.5143705581738456
-0.12409831307398816, 0.1655422485666252, 0.515765389795137
-0.12364102991722505, 0.16585295245899848, 0.5161884477497309
-0.12249300656487858, 0.1652972240994508, 0.5132698628137252
-0.12136421038394656, 0.16568784665418665, 0.5136942778346448
-0.11958488767706243, 0.1656992645661502, 0.5130434403761226
-0.11963643604756234, 0.16597906320225525, 0.514937827741864
-0.11872628004952986, 0.16587986281242756, 0.5128691971476492
-0.11769525450192685, 0.16568235819589147, 0.5120443810743714
-0.1156210503504473, 0.16563885338295517, 0.5105984568691682
-0.11507027492911573, 0.16580603949832126, 0.5118129267041098
-0.11516912907932815, 0.16612328907633328, 0.5131402005126042
-0.11422148476707038, 0.16584121330541382, 0.5104664616533271
-0.11185844682082584, 0.16550868282667078, 0.5082320116444894
-0.11139759408841554, 0.16605717754215357, 0.5108385057680846
-0.11114737204395812, 0.16610195624755425, 0.5104595117243446
-0.1101704934270921, 0.16590077456329685, 0.5094551178049102
-0.10853499055318244, 0.16583064688932814, 0.5076822164441108
-0.10724501491205744, 0.1659589697207781, 0.5083412947105329
-0.10771858942420065, 0.1662457289512189, 0.5097405388872208
-0.10679228371122765, 0.1660324158372347, 0.5078500389653219
-0.10493873439368617, 0.1660634783651763, 0.5069799924180994
-0.10409038018941308, 0.1662716118796557, 0.5074015066740948
-0.10358235779886481, 0.16638007151985584, 0.5078752026563892
-0.10345945918571527, 0.16623233305295967, 0.5074745964267388
-0.1021434120924408, 0.1663931946170175, 0.5057285616322857
-0.10039929599952585, 0.16625174097015583, 0.5057862863636123
-0.10083198452459757, 0.16676387343345947, 0.5073946813216995
-0.09957953295960674, 0.16666042699577446, 0.5052427747021868
-0.09906167853006508, 0.16662375057984488, 0.5053972632357823
-0.09763918137507631, 0.16681819373339535, 0.5037688300244821
-0.09675544992949386, 0.16685649591118087, 0.5053621107793037
-0.09710277623874959, 0.16713466323818965, 0.5054101227829398
-0.09578061168830687, 0.1669130647819205, 0.5032427832746499
-0.09495635060638538, 0.16703122863206782, 0.5037078262020768
-0.09445386955956701, 0.16732661293791373, 0.5035683706843117
-0.09425383647788237, 0.167314317525473, 0.5041921025676747
-0.09393436355817186, 0.16737730552228955, 0.5034205851795697
-0.09284086356290086, 0.16725740258061508, 0.5014906192474917
-0.09224704750454163, 0.1675966727955267, 0.5030926490566072
-0.09287820944499342, 0.16780021781700105, 0.503333673629957
-0.0926739344387293, 0.16763487374921462, 0.501804100917945
-0.09265349647945774, 0.16752261960791992, 0.5011560655921836
-0.09293018638531562, 0.16816841681137693, 0.5025240961638546
-0.09305166738945839, 0.16794196015568041, 0.5017590275798258
-0.09342649714030377, 0.16809888795913128, 0.5017326069709183
-0.09329993664284052, 0.16802766101778926, 0.5008871361023601
-0.09334050523689866, 0.16825164410471186, 0.5010641341092458
-0.09357003857762788, 0.16827358837352546, 0.5007513029648494
-0.09513756946006965, 0.16840080927745224, 0.501792560607675
-0.0967524796550169, 0.1684667414654853, 0.5010015371725262
-0.09788140194417108, 0.16856609435666672, 0.5010383926713206
-0.0991665905275088, 0.16867333841356863, 0.5008697817142754
-0.10007324545506942, 0.16864245405670628, 0.500205697349832
-0.1014465635360371, 0.1687300816616785, 0.5004526583653953
-0.10243225178177069, 0.168780695573289, 0.4999019846924302
-0.10299024532565239, 0.16854388161964245, 0.4987578348500507
-0.10362813765474325, 0.1686970685501094, 0.49850284608548856
-0.10354579637586916, 0.16845739169163226, 0.4974552434512356
-0.10362489678158854, 0.1684871283576492, 0.4978022629606019
-0.10348792354809161, 0.1684255273122371, 0.4971091624474358
-0.10377689840587129, 0.1686418905094278, 0.4983541408489815
-0.10374117512799218, 0.1685112828679943, 0.49781155620144346
-0.10369864898532033, 0.1686038121500603, 0.4981776611058969
-0.10373076397647472, 0.16856131910184852, 0.4980473412082969
-0.10376908777956374, 0.16850845438311698, 0.49789423808670286
-0.10369369927544632, 0.1685017317389404, 0.4976707202513575
-0.10371382363209682, 0.16861160175012022, 0.49807837967198226
-0.10359814269094066, 0.16847063928842584, 0.49763514061929076
-0.10374419137219959, 0.1684734922180629, 0.49795734712551537
-0.10378497068444732, 0.16858267919688977, 0.4979541617309472
-0.10369727998598649, 0.16842703171148962, 0.4977054786475358
-0.10362612673217987, 0.1683627790863457, 0.49801027148429694
-0.10373701811762956, 0.1681270755904003, 0.4982591656925892
-0.10376548364417873, 0.16765859797608168, 0.49808793655274036
-0.10370089148102034, 0.16722202355726046, 0.49733488098657713
-0.10356754479468916, 0.16663602852122147, 0.49718472089880905
-0.10393164094388836, 0.16590793892258293, 0.49855855674628097
-0.10390411633965987, 0.16505243414659426, 0.49723101865425323
-0.1040192830884976, 0.16451477945383125, 0.4977819996497399
-0.10385053566431846, 0.16338071308376093, 0.4966852585098534
-0.10380630783551363, 0.16256133973333076, 0.49680761108997723
-0.10424529758264506, 0.16177961168790533, 0.4970228566719107
-0.10398195891866764, 0.16063490859702148, 0.49532562332501284
-0.10425792500437805, 0.15985506319138076, 0.4963292303636197
-0.10395857889692578, 0.15890296995714417, 0.4951347312919303
-0.10432128399873157, 0.15857396146660596, 0.49649418182521493
-0.10455909522303349, 0.15799836433895192, 0.49629561309500264
-0.10434066961288854, 0.15708364120645318, 0.495271948003405
-0.1041668310074405, 0.15651035386083603, 0.49536869397867905
-0.10429340671225397, 0.15563090791910458, 0.49552311485672756
-0.10426729250940435, 0.1548153622889395, 0.49486217706548474
-0.1042968326142022, 0.15400419667382206, 0.49455602464880105
-0.10415800611808075, 0.15330929903567242, 0.494259853105627
-0.10429620550484413, 0.15297395708912997, 0.49550678955172456
-0.10444777848103028, 0.15206221605495435, 0.49472619938698
-0.10419337815698017, 0.15115442449900554, 0.4935287265896857
-0.1043362694399487, 0.15036577232784198, 0.49410488184513035
-0.10423276702829927, 0.14966063478134645, 0.4944333637717443
-0.10415330531369213, 0.14895692058017002, 0.4939023808253272
-0.10431141300860151, 0.14810810314840525, 0.4934321046625896
-0.1042177701491905, 0.147401323083467, 0.4930633983208243
-0.10432956643703535, 0.1467937768513514, 0.4939466328810382
-0.10417238224494003, 0.14635337616527622, 0.49350561490680733
-0.10436074281077347, 0.1456779556967441, 0.49356020010516305
-0.10413995415133402, 0.14512636153116665, 0.4934959402290898
-0.10367964643612859, 0.1441941920285812, 0.49241850406082216
-0.1030728262655835, 0.1436182017251153, 0.4927466083491435
-0.1022997406504948, 0.14290772947781938, 0.4920683650603452
-0.10202483223061903, 0.1424231011602394, 0.4929515181340805
-0.10134964573434992, 0.1418071063563866, 0.4917936014763934
-0.10067355205645673, 0.14162809971851292, 0.49145377270612506
-0.10030000417160975, 0.14180926803181104, 0.4923168161052616
-0.09984710020347354, 0.14166708914821385, 0.4919741075942481
-0.09938571821107157, 0.1417901036233447, 0.492552519576827
-0.09889521479398292, 0.14177199045846556, 0.4926277775546212
-0.09818538097689972, 0.14171223399105476, 0.49233900377004447
-0.09757529945936705, 0.14149730794135343, 0.491821209778374
-0.09742592497145361, 0.14163921464976664, 0.49301087322992354
-0.09682726220811565, 0.14172299465116875, 0.493249767875648
-0.0960235004056976, 0.1415124631410298, 0.492697991176736
-0.09553943231758764, 0.1413748726885842, 0.4929392343438693
-0.09527319717291353, 0.14162338461199417, 0.4937191857144683
-0.09449625814404178, 0.14131366315809565, 0.49251936253742834
-0.09407497373254889, 0.14153773233102981, 0.4936066549773186
-0.09351788163238826, 0.14148157425003213, 0.49377745211458046
-0.09270535263517637, 0.1414794889872937, 0.4933762132547201
-0.092623399107806, 0.14137146135110742, 0.49393143789818295
-0.09181756644757105, 0.14131609183160074, 0.4935555010480466
-0.09113645071107407, 0.1411992840358103, 0.49329301035214307
-0.0909259458620496, 0.14137637409436973, 0.494248467059187
-0.09044582505991389, 0.14144080705073128, 0.4952331713692601
-0.0897862002938373, 0.14125324245666623, 0.4947339978712199
-0.08906112259868142, 0.1411674515940916, 0.49419366416552835
-0.08864882524688306, 0.14117427427521828, 0.49476048942367884
-0.08783017863608299, 0.14122721700813012, 0.49476656315841433
-0.0873912617886684, 0.14118347207616908, 0.4953505918103642
-0.08696718780304895, 0.1412494903480339, 0.4951734605991249
-0.08604260009594927, 0.14108748421768036, 0.4948372582083522
-0.08554502190618943, 0.14107705215202251, 0.49530557962394667
-0.08514157629599249, 0.1411416373239473, 0.49537015375288557
-0.08453155802320274, 0.14104882103376615, 0.4953583242848616
-0.08381695238305042, 0.14102463728309717, 0.49555760859904935
-0.08325450854455506, 0.1409635513463229, 0.49605359078490135
-0.08284889758121328, 0.1410437352488853, 0.49583760010504063
-0.08221353056165581, 0.14100236027425284, 0.49590003420778855
-0.08142284938932665, 0.1407486174237447, 0.4955212671553121
-0.08093712877678684, 0.14087985203672374, 0.4960156374373477
-0.08055679383136977, 0.14090122527417792, 0.496739936034587
-0.0798038435569481, 0.14078826339139205, 0.4961053930858082
-0.07916742483611654, 0.14074595760498393, 0.49612132187941677
-0.07868667311391819, 0.14089548699001384, 0.4969255737010973
-0.07825697130860944, 0.14082498945163596, 0.4974232114634323
-0.07753042633867376, 0.14084339692425224, 0.4975093284315727
-0.0772214172532098, 0.14091122161763228, 0.4982550158134537
-0.07662290630657322, 0.1407641836766433, 0.4977316251867806
-0.0759007417423666, 0.1406379480148545, 0.4969764360335509
-0.07560527659451452, 0.14083250651005896, 0.4983349439322298
-0.07487412041511267, 0.14078495840801747, 0.4975904786383421
-0.07438306402700669, 0.14066297436895434, 0.49781696113796675
-0.0738182014629742, 0.140687155982757, 0.498009479061487
-0.0735138236797027, 0.14075174503548762, 0.4987872467484001
-0.07341890220014533, 0.14070146220599888, 0.4986873882271984
-0.07300106744152673, 0.1405810071263203, 0.498387393309487
-0.07305666024142507, 0.14067710998851532, 0.4989506403221299
-0.07294431745518755, 0.14052534531992192, 0.49859800526793707
-0.07300782918864142, 0.14056535653991686, 0.49949150068738174
-0.07307115303584195, 0.14062130328154318, 0.4995672815131476
-0.07284535484658142, 0.14054221604718184, 0.4991518978757013
-0.07304879161058743, 0.14049615058176995, 0.4993131976727873
-0.07260787810201697, 0.14049376479102513, 0.4996871531489946
-0.07270082850985342, 0.1406232641432842, 0.5004752795585516
-0.07257707741751449, 0.14048312189675577, 0.49989122423194116
-0.07263486065856146, 0.1405439297148599, 0.5006871299378913
-0.07274579765728326, 0.14040793846494384, 0.5005644826526185
-0.07274607672695242, 0.14039649948551652, 0.5003100250307474
-0.07294927153939534, 0.1402828983215067, 0.5002555636347569
-0.0730242566231985, 0.1403094095253846, 0.5006068556974812
-0.07332866562847068, 0.14044282789861054, 0.501802602089105
-0.07403075828285911, 0.14041709434564947, 0.5021193354878888
-0.07420239604632944, 0.14020108432344605, 0.5008377222045252
-0.07522664874710472, 0.14034703306239776, 0.5023896184830785
-0.07528890458524617, 0.14005513666678304, 0.5005505510772936
-0.07596754030090985, 0.1398816203709799, 0.50145437370451
-0.0770652010844901, 0.14001634458629547, 0.5022411345768079
-0.0771835567946604, 0.1398880905476975, 0.5016502013498706
-0.07821802793488691, 0.14002309419705397, 0.5028660199067995
-0.07847972214454532, 0.13982461577029595, 0.5020941242846868
-0.07926726581811576, 0.1398026012892004, 0.502633490768722
-0.07982222589324164, 0.13961942751134068, 0.5019546062178589
-0.08029615588154448, 0.13967834636275256, 0.5027698500045984
-0.08137534968909538, 0.13964118753618243, 0.5033778096504462
-0.08168382537172786, 0.13963684265867263, 0.5025543871629524
-0.08229174641878617, 0.13959511166246907, 0.5030098943041896
-0.08300078957193771, 0.13969789987430561, 0.5034075981963622
-0.08364447719300633, 0.13963468222806363, 0.5038344365098638
-0.08410757165006545, 0.13946329166477855, 0.5026568750096361
-0.08478837022370295, 0.13942233529932058, 0.503332716839626
-0.08530971875040766, 0.1392883270730175, 0.5030371920665518
-0.08596838173132543, 0.13946008456654882, 0.5036143684395917
-0.08667968113399276, 0.1392890533565232, 0.5038367883611634
-0.08732454808768764, 0.13922258560638104, 0.5033833000429382
-0.08768543474984446, 0.13922931019332974, 0.5035734428788794
-0.08858691837017234, 0.13929365662949192, 0.5047109940063107
-0.08916359155409957, 0.139186935492499, 0.5039086351671899
-0.08992215335253571, 0.13913801760469563, 0.5047698045623786
-0.09068547908514211, 0.1390933346495045, 0.5043012568282611
-0.09114005233747562, 0.13894510856414904, 0.5034110874203283
-0.09214052187465242, 0.13891206133685663, 0.5045846720755669
-0.09285567591899159, 0.13897467985890694, 0.5046063648245932
-0.0933066425586226, 0.13864927318855153, 0.5036520015233364
-0.09424800420676167, 0.1388220481004136, 0.5046228133304071
-0.09490456163474349, 0.13847638072955556, 0.5038615824741668
-0.09530911055656525, 0.13851382646884, 0.5033802395185478
-0.09594526955505887, 0.13849923702099465, 0.5035743148362765
-0.09711644348705399, 0.1385387828446338, 0.5052383709584638
-0.09758168328048696, 0.13841854908561757, 0.5045580434269523
-0.09832487825579854, 0.13819578665264623, 0.5045103666199149
-0.09876946167439866, 0.13838076619458228, 0.5047232337511106
-0.09953021665682098, 0.13825126587306805, 0.5046405737295452
-0.10076430655453061, 0.13834376160070402, 0.5057818098487842
-0.10137922077799413, 0.1382992021852653, 0.5054239790634949
-0.10196977246563303, 0.13835402502121136, 0.5059869248936025
-0.10274605884733458, 0.13825591546551186, 0.5061326515184271
-0.10334673489865868, 0.1381148035795717, 0.5055223409029727
-0.10400820974887107, 0.13814804445219797, 0.505905280579391
-0.10473162913921549, 0.13815591610054523, 0.5060001551007148
-0.10523915414237732, 0.13800671485912896, 0.5058272600980755
-0.10606239315729628, 0.1382592899954491, 0.5070756666318732
-0.10668614176957282, 0.13802533111206192, 0.5062285553899961
-0.10757036300039553, 0.1381834528872032, 0.5073211183430995
-0.10824405361216329, 0.13806720442416104, 0.5068423247445214
-0.10881696874906649, 0.1380979210790631, 0.5075062637436051
-0.11006315655178465, 0.1381136679177971, 0.5082625617084685
-0.11064556834622337, 0.13806584372099961, 0.5076620794149048
-0.1111990394793971, 0.1379009545825815, 0.5071344618685264
-0.11265492050274813, 0.13803842852923712, 0.5086275045599932
-0.11330809424960189, 0.13788375033638742, 0.5076008583111049
-0.1144430018704741, 0.13796065957870257, 0.5088490831358483
-0.11521361041575978, 0.1378932007983063, 0.5081527161574619
-0.11604183957181015, 0.13778613055242245, 0.5083175211974647
-0.1164910764088226, 0.13783216957859892, 0.5083398786544234
-0.1171586028489726, 0.13783133359678068, 0.5087279038873894
-0.11768202330725323, 0.13792030028888227, 0.5096952598754841
-0.11845293538531136, 0.13785615154160583, 0.5100078743908232
-0.1191045005859334, 0.1377675650382664, 0.5102792057860075
-0.1197453878402667, 0.13770218662464578, 0.5104238316413469
-0.1200464095395172, 0.13749170352966283, 0.5096839142100382
-0.12079907154168577, 0.13755046296435897, 0.5108274058888806
-0.12147835212907372, 0.13760473441003007, 0.5114526216283993
-0.12208244405225557, 0.13757092297422832, 0.5115132885369156
-0.12248914589299825, 0.1374800054753758, 0.5118276871828771
-0.12336839624590104, 0.13747717296079737, 0.5127895666796327
-0.1238563092510583, 0.13733581274426096, 0.5124562142163375
-0.12470851011949305, 0.13714308503280467, 0.5120750060648583
-0.12481852413391205, 0.13725205607460617, 0.5122537337557954
-0.12532224583528084, 0.13708454640064713, 0.5129724749810537
-0.1260379758055539, 0.13705142466136194, 0.5131736128972932
-0.1264438293634417, 0.13697696724717973, 0.5130197794635397
-0.1271210964391865, 0.1368878847328768, 0.5138794794757197
-0.1273641159971251, 0.13693626079473206, 0.5138945867712063
-0.12778997741387618, 0.13699083125763098, 0.5147374227270356
-0.12817492682524548, 0.13685560495221752, 0.514721716329441
-0.128551887262356, 0.13680131291078146, 0.5146436366808815
-0.1289782540175049, 0.13668857406123416, 0.5153397392265749
-0.1293668886413106, 0.13669714826022358, 0.5155035433219035
-0.1297334674901443, 0.1367380186723268, 0.5165885467817136
-0.12980451547793012, 0.13658817163138123, 0.5161853114317246
-0.1301965219516888, 0.1366194920320148, 0.5170578601091228
-0.13017804700995964, 0.1363227127239803, 0.516184042033481
-0.13061351675681435, 0.13630450574892242, 0.5167399783574003
-0.1302094692219494, 0.13636168147609423, 0.5173594588995172
-0.13001744425094297, 0.1361286241936568, 0.5173292790009729
-0.1303398447741511, 0.13622011367673895, 0.518648639456979
-0.1294924551527259, 0.1358139607435597, 0.5167154756105152
-0.1290714387994426, 0.13566991340996792, 0.517936349947515
-0.1284761269121438, 0.1357279194576953, 0.5181927645510036
-0.12837873151913692, 0.13539998582831284, 0.518754926529382
-0.12819112886965447, 0.13539152997341572, 0.5191734270795058
-0.1270095133933599, 0.13528617965783094, 0.518304154858751
-0.12671930937824522, 0.13523804455124716, 0.5201293711044458
-0.12667748162175654, 0.13538574502688291, 0.5215651620675601
-0.12627089542248351, 0.13504363276830966, 0.5211594225440842
-0.12606157669113693, 0.13505726276552515, 0.5214422676215965
-0.12501435204534864, 0.13489624975702985, 0.5210445538199516
-0.12490148232230609, 0.1349507092153647, 0.5229747127722606
-0.12467978000431545, 0.13479672499131612, 0.522332791069264
-0.12403759426077511, 0.13486766786631213, 0.5235896467465264
-0.12366108377261165, 0.1346815680738945, 0.5238279612338144
-0.12331710145072365, 0.13444186887332418, 0.5240351508761011
-0.12303257177274121, 0.1345483273605237, 0.5252406167993735
-0.12244570190947454, 0.134377076187678, 0.5252088038467773
-0.12173861611991668, 0.1342951168023847, 0.5256368072569175
-0.12155782656170701, 0.1344199124784081, 0.5268213278858827
-0.12147063360111839, 0.13416682101082172, 0.5274457599352604
-0.12088729167027644, 0.13398328590153813, 0.527093211809318
-0.12021897617780397, 0.1338901309983276, 0.526988124840101
-0.11954846609620501, 0.1336772019778833, 0.5272177618604489
-0.11951185329304251, 0.13382276945636334, 0.5289612630867965
-0.11905769561199694, 0.13388628085004511, 0.5294026719698649
-0.11854894988875518, 0.1337293386196965, 0.5302630749733205
-0.1183744108017625, 0.13358055373789138, 0.5302863561548137
-0.11758356196328706, 0.13349816078447316, 0.5302778160266501
-0.1169598210855745, 0.1331678992197726, 0.5304897332306332
-0.11677170294669445, 0.133416954358964, 0.5322349743379335
-0.11629474332296083, 0.13309544514252333, 0.5309118478956445
-0.11601227567981924, 0.13291903532753335, 0.5314825752164606
-0.11487451713167343, 0.13288039370925947, 0.5310104348544905
-0.1145834520130923, 0.13274706149417437, 0.5320730932606985
-0.11433050789759605, 0.13266149223177087, 0.5318981662290587
-0.11390515226191919, 0.13243875946844968, 0.5315746834791786
-0.113405855198144, 0.13245601386787353, 0.5326016471706256
-0.11263919624143182, 0.1322766997465104, 0.5325946540375798
-0.11236489235133405, 0.13250178582278604, 0.5348206548276497
-0.1123573864373885, 0.13233104628077055, 0.5348821124730837
-0.11165858449808166, 0.1320751878802104, 0.5343315916259599
-0.11089895288876749, 0.13210869047305238, 0.5354127260656125
-0.11072630538941737, 0.13202031115118273, 0.5363232113297284
-0.11033024197104131, 0.1320744496290619, 0.536721186191896
-0.11010272793256959, 0.13198343103832458, 0.5372307074023345
-0.1094866893979565, 0.1318324128964781, 0.5373468763410838
-0.1087991878826987, 0.1318017465532964, 0.5380353631988183
-0.1085923245379686, 0.13170898993956046, 0.5382693808395116
-0.10813681470258495, 0.13157773757990374, 0.5383245468916267
-0.10773893253584162, 0.1317278309553654, 0.54019177780225
-0.10699328340855016, 0.1315996013056457, 0.5401417886791364
-0.1067213787803492, 0.13124419112345886, 0.5401337166333742
-0.10654432356620185, 0.13127928790047014, 0.5410179309251398
-0.10603189026558699, 0.13118904064549022, 0.5413401168181795
-0.10533160186782063, 0.13108477917005923, 0.5413335805023581
-0.1048217547245962, 0.131067557021482, 0.5422354923790896
-0.1047095049847445, 0.131011444813547, 0.5431148965486532
-0.10406905490501885, 0.1308766348571958, 0.5424596590136782
-0.1033505569734926, 0.13074902215499928, 0.5427418809091937
-0.10310754007125905, 0.13079259672532523, 0.5444805083719038
-0.1028716296726578, 0.13061239921659057, 0.5441477340870717
-0.1026811516597483, 0.13055414519945016, 0.5446037786603853
-0.10203800593117751, 0.13053254277112428, 0.5448314223993828
-0.10187354247848185, 0.13041860193077684, 0.5453403993336371
-0.10182752885948745, 0.1302478151841072, 0.5460632597289258
-0.10160960114563101, 0.1303056234659588, 0.5465661978476017
-0.1014168786664603, 0.13026644043295718, 0.547183640247698
-0.10154556456052882, 0.13004678170452266, 0.5471363527615194
-0.10176374778549999, 0.12992622588486671, 0.5471519959237762
-0.10212219135989495, 0.12999340170252335, 0.5476850283553943
-0.10169876241069403, 0.12946902285140333, 0.5467351862590749
-0.10245388647907874, 0.12973968338804376, 0.5492566511311194
-0.10267318956009402, 0.1298312386563167, 0.5490240516138574
-0.10277853875142312, 0.1293749430385814, 0.5487138353634845
-0.10317286427950055, 0.12949939944024, 0.5507394787688918
-0.1029922191229588, 0.12912950099359535, 0.5486032391627916
-0.10362482946746192, 0.12937747025309157, 0.551027364336481
-0.10407870754087513, 0.12897550674007613, 0.5499202270715616
-0.10353960440976431, 0.1289632249384104, 0.5506906436527583
-0.10463962673481825, 0.129081390378683, 0.5512541197918746
-0.10475927517070584, 0.12877053459958393, 0.5511350219811815
-0.10534572898237766, 0.1290440998970101, 0.5529883164026408
-0.10514110546523106, 0.12894520805650594, 0.5515566702770227
-0.10566393442797029, 0.12898492527552538, 0.5544975195529585
-0.10659416608125702, 0.1288942165774646, 0.5530581572511394
-0.10650048316720484, 0.12881069207345067, 0.5536127184246618
-0.10714024243585964, 0.12862754754994496, 0.553156407006132
-0.10768869793911513, 0.1283663653954838, 0.5541029788828878
-0.1083564945944616, 0.1286823020081503, 0.555600816175439
-0.10859825176889606, 0.12837179858570094, 0.5534213328399721
-0.1088918308875942, 0.1283235341910629, 0.5543184895386543
-0.10919333457843577, 0.12833809839223542, 0.5560306569069755
-0.11020751856021531, 0.12832039278736032, 0.5569910912008089
-0.11039495847333557, 0.128126461735514, 0.5566502613741977
-0.11062134644416988, 0.12828955910650627, 0.558419040417425
-0.11090163315608569, 0.12805722411109358, 0.5583149783660348
-0.11154457331182803, 0.1280746207091914, 0.5581085395595274
-0.11200283308763628, 0.12791703343744243, 0.5585233647572305
-0.11204086037839181, 0.1278398526125742, 0.5586377282439399
-0.11241999542289233, 0.12816165668564614, 0.5610396187563653
-0.11327502900826411, 0.12788608738869323, 0.560306626037584
-0.1132550216390181, 0.12793541560194496, 0.559949125110049
-0.1135107527136711, 0.12805982906667643, 0.5622169327157202
-0.11403114947911629, 0.1278827710808744, 0.562352185549992
-0.11474168184230985, 0.127643528500781, 0.5616721726689745
-0.11463796151966782, 0.12772930106989916, 0.5616201559578072
-0.1147763221430729, 0.12736966136127126, 0.5623800582578561
-0.11509101097816427, 0.1272733131121147, 0.5623114066588548
-0.11523431233215403, 0.12735762623753916, 0.5629859723793205
-0.11527818945969734, 0.12715763503126729, 0.563240456333786
-0.11541564213270528, 0.12707091484088184, 0.5641587148899823
-0.11536056215205724, 0.1269095902471627, 0.5637115290673035
-0.11561871060621864, 0.12694499245877205, 0.5649192684141542
-0.11480442349095243, 0.1265690891130629, 0.5633345492646524
-0.11468823831918537, 0.1259554283302256, 0.5625338913781373
-0.11501917969710063, 0.12630538769707553, 0.5646628601646053
-0.11458311080023972, 0.1255126127121999, 0.5629256775509055
-0.1144764922106986, 0.1258097285713118, 0.5662225532652566
-0.11434483600086158, 0.12558289019880695, 0.5649442848697198
-0.1145967999575578, 0.1257192343146397, 0.5672812493790512
-0.11466907736891312, 0.12573599839650604, 0.5680099665221194
-0.1145288202660541, 0.1251908446754509, 0.5670222037143069
-0.11457813693363321, 0.12470136559711871, 0.5664112034659055
-0.1149171566421431, 0.1244320769328472, 0.5669178627370076
-0.11512722071023017, 0.12454880588383309, 0.5690827202415019
-0.11454780858460627, 0.12378064414510577, 0.566855698460301
-0.11462720881822937, 0.12332435001224362, 0.5689234930172308
-0.1146465847434508, 0.12243079083623187, 0.5681469108468405
-0.11464523465804065, 0.12218446934734555, 0.569533733645531
-0.11461538083876793, 0.12195722034408822, 0.5700992369810317
-0.11424552784928087, 0.12092291459690989, 0.5667398856002717
-0.11456134695440653, 0.12064652620739101, 0.5682642573858603
-0.11449856428038604, 0.12025238952340285, 0.5686772348575838
-0.11453134614869782, 0.11967141450028744, 0.5686609193050103
-0.11455100955744407, 0.11918969484009846, 0.569332819284207
-0.11411084356044673, 0.11919544332801445, 0.5709629061700432
-0.11440114989631768, 0.11852157866680037, 0.5702576365975753
-0.11423309043384046, 0.11826636987583755, 0.5712823044625294
-0.11421920903207561, 0.11748126428314609, 0.5703047525414585
-0.11431026969021582, 0.11708208692508996, 0.5696677709674014
-0.11429590364813409, 0.11706184668808699, 0.5713183564188442
-0.11422682789311485, 0.11663360331694132, 0.5707461905451483
-0.11447665382639133, 0.11598284290199723, 0.5710095955824991
-0.1145683812459613, 0.11578058271220323, 0.5714044325946526
-0.11455861138471855, 0.11546182653124372, 0.5708841136122202
-0.11477927427604168, 0.11476988802575248, 0.5714985419246542
-0.1150636010132792, 0.1149132083031481, 0.5728503149453821
-0.11513213668799059, 0.11449520735017332, 0.5735353667904325
-0.11571343343972997, 0.11427181531236852, 0.5723713701955362
-0.11588729057451558, 0.11374180880320008, 0.5719154109740826
-0.11585952325148258, 0.11344682048181753, 0.5713577518688762
-0.11658288178692272, 0.11370261590921663, 0.5761418222993886
-0.11674309277795193, 0.11314689879340872, 0.5757495307649875
-0.11728915181625044, 0.11256930522393938, 0.5743977114542504
-0.11734602431473375, 0.11275730310929233, 0.5744379814775996
-0.11760243289852822, 0.11225458953787183, 0.5749652787686182
-0.11873502287939372, 0.11215215126845932, 0.5761480705543408
-0.11855129751002823, 0.11158186503883173, 0.5739717912231703
-0.1189923340274135, 0.11119647213795306, 0.5759076863782705
-0.11982759683620922, 0.11122060115514869, 0.5760465884557145
-0.12002310218182728, 0.1106599682737413, 0.5776098013824308
-0.12131350824979452, 0.11050760527620504, 0.5776879396863615
-0.12100295797380393, 0.11006336792739342, 0.5763089855705172
-0.1217430851169781, 0.10951716472698368, 0.5780756028010031
-0.12296634845312714, 0.10918992387407475, 0.5754562601845526
-0.12267525018382532, 0.1086806961609034, 0.5765119916529857
-0.12389515731627788, 0.10889884323067144, 0.5765768383872489
-0.12392292511598799, 0.10803758096197295, 0.5749504168465143
-0.12481803530265163, 0.10827687240883326, 0.5793112024021309
-0.12560548274670827, 0.10813764989169138, 0.5783889272585239
-0.12534003485143733, 0.10714674645367414, 0.5770437194074304
-0.1268553920765881, 0.10725816209019065, 0.5784034103094468
-0.1270233269224644, 0.10696567300143066, 0.5782169339674713
-0.12761134511442088, 0.10703016506191196, 0.5806910593341984
-0.12823931147414383, 0.10655552829834584, 0.5783390428056023
-0.1282746782985519, 0.10584037565548918, 0.5786445306054794
-0.1297430670288546, 0.1056712254454787, 0.5798302335080905
-0.12994304115285757, 0.10500028705802004, 0.5796240447740689
-0.1306455382419176, 0.10480392134798286, 0.5803410051519292
-0.13140450546164667, 0.10466004475296917, 0.5802424418320578
-0.13229215806630376, 0.10427220042064436, 0.5809111162661803
-0.13332250398540169, 0.10374456587496997, 0.5793171830471067
-0.13386069138439607, 0.10345049235628101, 0.580843427558155
-0.13492703111178764, 0.1035338931480424, 0.5818277700005685
-0.13601434273431032, 0.10320585744922116, 0.5821187155564406
-0.13664535441269254, 0.1026142903616365, 0.580880788037162
-0.13724130543402674, 0.10257485965579044, 0.5814792616160932
-0.13823615085132968, 0.1021361971404641, 0.5813697887011641
-0.13937418635467871, 0.10188104778936505, 0.5814895645459861
-0.1399333837124106, 0.10161024515885392, 0.5818468653980847
-0.1408650273890967, 0.10113854367160346, 0.5824148866877582
-0.14188537209024224, 0.1008564231337586, 0.5834820860902596
-0.1426200164889198, 0.10038792969490963, 0.581540633474939
-0.14365276630220686, 0.10033771656260648, 0.5820098871142299
-0.14418495170121895, 0.09972631320823465, 0.583621861013849
-0.14524097698504654, 0.09966083704619894, 0.5831859141416132
-0.14612973909968202, 0.09927670668411845, 0.582296865028322
-0.14716733071097846, 0.09867200412899853, 0.5835166604415843
-0.14806579391908117, 0.09852916181638843, 0.5842922046312471
-0.14829156071602292, 0.09844085477639822, 0.5830560984308859
-0.14982235757064183, 0.0981841228796615, 0.5844701109615806
-0.1505438496028852, 0.09766547628286212, 0.5835680892108275
-0.15106030795265527, 0.0973831311132467, 0.584649379467631
-0.1523542933634811, 0.0972847933860809, 0.5838950962328018
-0.1529849836073431, 0.09658124603546978, 0.5855628467714832
-0.15419955409260122, 0.09645157293995163, 0.5851130094066562
-0.1553514293765095, 0.09618103604928284, 0.5839246069036286
-0.15595251213902267, 0.09540819146910379, 0.5849428736582927
-0.1576092759653475, 0.09617140519026587, 0.5858272193289494
-0.15853031012901478, 0.09530385148857193, 0.5851175569602395
-0.1598529414622706, 0.09519521221174629, 0.5854304563096587
-0.16120957125510543, 0.09548214456721675, 0.5851471957169933
-0.16188393254401612, 0.09521088417982176, 0.5863839945334806
-0.16389063919205452, 0.09512166682699666, 0.5859907544461038
-0.16460869661611105, 0.09525665510621702, 0.58725451430809
-0.16551673562568878, 0.09517267277525668, 0.5866173090873492
-0.16769024397561247, 0.09488932958799404, 0.5864602247622974
-0.16828522095318876, 0.09512338733114296, 0.5870573131939644
-0.16966022698568253, 0.09501558201666092, 0.5865604823337442
-0.17135657773642546, 0.09487969944234656, 0.5876392774197169
-0.17165204278286364, 0.09451702050211086, 0.5856977253665772
-0.17381612880482822, 0.0949683229508082, 0.5871354259161302
-0.17452659513557828, 0.09478300121921601, 0.586227438893904
-0.1756043937744704, 0.09460947567700692, 0.5874794761187445
-0.17789876773108124, 0.09480535879766172, 0.5886422155434916
-0.17802986325813977, 0.09442888760931396, 0.5873375919237505
-0.1798573575505096, 0.09467923718736677, 0.5871801145476585
-0.1810790799796375, 0.09475876361023829, 0.5882866515552309
-0.18153506137221123, 0.09409903853007898, 0.588187915568852
-0.18387498093114696, 0.09462818687332436, 0.5886327270827892
-0.1844956972981801, 0.09446401351325895, 0.5889276390447752
-0.18549115837829844, 0.09437327976820978, 0.5890390589110568
-0.1874889429085967, 0.09458514359328529, 0.5886690495851347
-0.18811550212867217, 0.09387796029175742, 0.5884581690081571
-0.1895462051944273, 0.09462950697148031, 0.5892370788547993
-0.19088958291140973, 0.09443885108173225, 0.5888494928738965
-0.19184983764339597, 0.09367641647895068, 0.5895626457322841
-0.19346466400773304, 0.09453157039348316, 0.5894146168753062
-0.19462519106246084, 0.09394087230930333, 0.5889799982442955
-0.19592856591459684, 0.09370698069876901, 0.5901263399218242
-0.1969027970589772, 0.09441901294595505, 0.5900800063917588
-0.1975152973989613, 0.09362531548781729, 0.5898257107625883
-0.19924854140267198, 0.09382474795972531, 0.5892305983483532
-0.20025442663823714, 0.09397205017713277, 0.5899030643590688
-0.20108799145876294, 0.09353787357974944, 0.5899778372129447
-0.20231769535330835, 0.09406579338496726, 0.5895117957987686
-0.2029205787751177, 0.09365651728874153, 0.5891005743433831
-0.2043096704679125, 0.09376627310908422, 0.5899017535498225
-0.20598601291138194, 0.09388897043169583, 0.5889136503365604
-0.20622457769946945, 0.09362042617943324, 0.5899012017363728
-0.20735289205292978, 0.09391608705669999, 0.5894621549850023
-0.20874943144300664, 0.09365196475151784, 0.5896297078098369
-0.2094913203722327, 0.09359629046510447, 0.5898382056711796
-0.21077920866693242, 0.09412961018759783, 0.5883148572323103
-0.21185053208407842, 0.09353666921867693, 0.5894210992929136
-0.21245870287096513, 0.09357065876064989, 0.5897668787999406
-0.21374945050728106, 0.094042224959549, 0.5887594873732482
-0.2148511449746116, 0.09338494142814258, 0.5885024805677507
-0.21564793752425568, 0.09367305749460526, 0.5896487014500973
-0.21643943174993172, 0.09386126315274887, 0.5897291228361857
-0.21697005654111373, 0.09333601645615558, 0.5888008220841383
-0.21765418894286503, 0.09385801045966088, 0.5898441385802674
-0.21771127351083377, 0.09457178790544749, 0.5901906866252404
-0.2181726706802249, 0.09439184113555173, 0.5898453084013299
-0.21898012558433547, 0.09539753426210307, 0.5897020237594747
-0.21897356593803527, 0.0958694951136162, 0.5904161424726693
-0.21935123375410442, 0.09627945240548506, 0.5905291415559902
-0.2200384275250542, 0.0968495520270995, 0.5912613348044232
-0.21940946846287535, 0.0976035653192337, 0.5915323323203903
-0.21944726969282868, 0.09892646374449342, 0.5922842113545964
-0.21903463101586937, 0.10022228674386342, 0.5924830534034182
-0.21856443757910418, 0.10095506319722622, 0.5929980353424291
-0.21867290993155494, 0.10297610581972924, 0.5935044114981148
-0.21834909741439293, 0.10381253390855144, 0.5936246360114236
-0.21793444786300487, 0.10500135539650493, 0.594599617292673
-0.2177760397090228, 0.10667651366671736, 0.594473733888936
-0.21748145540550426, 0.10767795294225757, 0.5950213992448088
-0.2173673266709053, 0.10891839893463327, 0.5949725693912005
-0.2169455680929265, 0.11045197350664018, 0.5954819864953866
-0.21651995745312536, 0.11167677036961458, 0.596287519260227
-0.21667387868537294, 0.11279483083073776, 0.5970371595755418
-0.2163358967386416, 0.1143329557639849, 0.5971381522809295
-0.21580751037780602, 0.11586988992329132, 0.5975588542474979
-0.21571686127157227, 0.11683745397783743, 0.5981210858886067
-0.2156303111845035, 0.11786294543852953, 0.59818375178606
-0.21564800551347457, 0.11923786034413299, 0.5981830696062822
-0.2159765886640467, 0.11955645429223133, 0.5988365187546181
-0.21552623907333143, 0.12071188109602221, 0.5980927605936313
-0.21577775337123123, 0.12168506081207463, 0.5987757224899248
-0.2156422714277111, 0.12225345282380468, 0.5987534151780645
-0.21584456506056607, 0.1227243818541651, 0.5992160247916332
-0.21569403720809696, 0.12370563323734245, 0.5994021612685658
-0.21564558426243458, 0.12397624936098212, 0.6002938375643015
-0.21597298710174756, 0.12470648209166484, 0.5998403929006899
-0.21551897317622207, 0.12558845669958318, 0.6005761611984453
-0.21552471167024806, 0.12590631567475985, 0.6008877795860058
-0.21557602343142157, 0.12672045110499647, 0.60006689258241
-0.2158292007652622, 0.12686632829945907, 0.6013349068153958
-0.2153707412226862, 0.12788436320639365, 0.6016881369051446
-0.21579965854180067, 0.12785132417674874, 0.6019697940364653
-0.21557105536114787, 0.12796222703890728, 0.6015889691740828
-0.21537788702014185, 0.12834934168417192, 0.6014870595326525
-0.2155486304951257, 0.12767726024115802, 0.6016878036915395
-0.21554727662144044, 0.1269279132427453, 0.6017589477003518
-0.21536972763246984, 0.1268296854209327, 0.6023473818860247
-0.21551521220073197, 0.12602868334081402, 0.6019849729553178
-0.2153194567299743, 0.12569115047146015, 0.602151314525479
-0.21555365755382475, 0.12486769188478307, 0.602520313754656
-0.21522044382457828, 0.12472237624930317, 0.6022139951417926
-0.2156024876668671, 0.12389988545865277, 0.6025196864758223
-0.21548738255318933, 0.12335296696906597, 0.6022950387967227
-0.21536967512588168, 0.12272590201548632, 0.6020553904496693
-0.21569063982074674, 0.12190303046036818, 0.6024321150696766
-0.215500786774926, 0.12150415848624363, 0.6025479091360221
-0.21553605943460083, 0.1208695652545318, 0.6027062101352577
-0.2158539677566359, 0.1198358515503477, 0.6025603062039818
-0.21554631713554673, 0.11968758058790162, 0.6023069053047693
-0.21583705839822823, 0.11888249042393098, 0.6028435502319038
-0.21582514962189772, 0.1184342096555681, 0.6019676158758063
-0.21566990788095536, 0.11797541033266679, 0.6024387754403183
-0.21585460262491793, 0.11704623035627697, 0.6019806410005852
-0.21577526644076897, 0.1164153000361335, 0.6021892772651546
-0.21490202836731928, 0.1157748980592341, 0.6028378041714977
-0.21405539786557543, 0.11498557631503072, 0.6030982322183058
-0.21364994528843312, 0.11390619285442097, 0.6020924807870072
-0.21336275750213896, 0.11312040546975723, 0.6031397132094751
-0.2129276241646599, 0.11276881553008981, 0.6021754745724305
-0.21213608975730086, 0.11211464652267675, 0.6025976282629812
-0.21132200397072867, 0.11167019146559254, 0.601731518750081
-0.21095439133731947, 0.1111388353384816, 0.6022665423594787
-0.21043586293146796, 0.11064999805870564, 0.6011322378183077
-0.21010642608186708, 0.11020011048058703, 0.6022754922070856
-0.20897410545032624, 0.10979987514473674, 0.601701748070932
-0.20815916827277658, 0.10913300557041082, 0.6016469917509618
-0.20722139064954798, 0.10886881302482401, 0.6010022472316667
-0.2066734757135362, 0.10817054181615787, 0.6008207671514995
-0.2056860082103973, 0.10775884397514009, 0.6002218020464108
-0.20469432106289584, 0.1070696538710282, 0.6005538412221911
-0.20408269312359015, 0.10650635034453328, 0.5998688088424776
-0.20334714242089857, 0.1061492666993237, 0.6002406692848875
-0.20236843334945334, 0.1058400821279843, 0.5997052237452706
-0.20142103297318537, 0.1053490847941806, 0.6006507844475659
-0.20050210693033388, 0.10506638015840983, 0.599283724579538
-0.20008201222383035, 0.10466237703165027, 0.5990183796705213
-0.19920167164874222, 0.10434275068536712, 0.6000019267639967
-0.1983063157051378, 0.10411378918086268, 0.598580686523738
-0.1975483458755286, 0.10380123643682505, 0.5984679514686907
-0.19684966818378932, 0.10347668495219554, 0.5985896244370229
-0.19591971174738187, 0.10328972088402356, 0.5977274674019051
-0.19526606881551736, 0.10297307309194305, 0.597367189799834
-0.19464362483221528, 0.1025654780024764, 0.5981718471588096
-0.19410121438859118, 0.10246649808037026, 0.5975797394156016
-0.19342317110205084, 0.10220747136966224, 0.5969200532207004
-0.19295144126277036, 0.10193843310153405, 0.5970096595399167
-0.1928323813678782, 0.10155282852916858, 0.5968541006788051
-0.19246013122571293, 0.10138666524347663, 0.5962704678177758
-0.191618972469324, 0.10132560114213908, 0.5952361304079551
-0.19135423819442, 0.10087702106581094, 0.5967254197157917
-0.1910664523751188, 0.10070784086972927, 0.5953555712651872
-0.19061624436349267, 0.10045829851327694, 0.5944539772150459
-0.18986070999073243, 0.10053621935823942, 0.5937645515876276
-0.18958277653024494, 0.10016287267719923, 0.5945514839717867
-0.1895111438030645, 0.09974596098494211, 0.5941243086886875
-0.1891824406958538, 0.0996486430768629, 0.5926097391345102
-0.18853189327752645, 0.09972035891897198, 0.593802537427092
-0.18807582666425082, 0.0995260071856737, 0.5921562333351363
-0.18782397911075266, 0.09945694439680415, 0.591928957652358
-0.1877729456196858, 0.09931714745960063, 0.5911503626507948
-0.18720751223756665, 0.0992504908054628, 0.5917314319283079
-0.18668830250983187, 0.09907042744455437, 0.5906492383660105
-0.18667540984492653, 0.0989697955976119, 0.5909151871703352
-0.18656183871471266, 0.0988517477526959, 0.5913843394631764
-0.18591676380085267, 0.09896724214539492, 0.5903667669275768
-0.18545294180676022, 0.09884211732649033, 0.590108008324147
-0.18512929903108938, 0.0988577701816318, 0.5892824421773335
-0.1847721539600345, 0.09898026541755457, 0.5893181407007044
-0.18406391322487367, 0.09899345994156415, 0.5882589968416643
-0.18349524934970546, 0.09901210068620822, 0.5887423455232735
-0.18271907004196022, 0.09894356963624223, 0.5873402100982614
-0.18232478266512395, 0.09875550082631314, 0.587717537052077
-0.18215394439084304, 0.09893748685207585, 0.5871720103624232
-0.18154039325529053, 0.0985203500875644, 0.5874125400062972
-0.1808586772957876, 0.09870123383256305, 0.586558157438757
-0.1805990625947036, 0.09876111086895886, 0.5866111007962235
-0.1796320501529655, 0.09849859221050625, 0.5858736154222853
-0.17931279092027153, 0.09878647392073518, 0.5860845408720391
-0.17837739558835702, 0.09863397646808993, 0.5849671324575679
-0.1776131456761223, 0.09869235706070234, 0.5849787893917617
-0.17695989946151508, 0.09893386656978531, 0.5837565697320071
-0.17566034856844454, 0.09869436513148387, 0.5837073775173479
-0.1756430138442101, 0.09891337974816693, 0.5840887589863222
-0.17424350612245543, 0.09897839968024259, 0.5827030135311168
-0.17391491203628986, 0.09887257650962616, 0.5821420477963225
-0.17339480525196696, 0.09916034081938788, 0.5822869913979215
-0.17250087846942602, 0.09888988627950153, 0.5816442585717141
-0.17254648919460142, 0.09960399293477702, 0.5824278179236665
-0.17128424890601318, 0.0992609829580614, 0.5810456313999259
-0.17117674850488224, 0.09958982711259132, 0.5804695112624603
-0.17047965172860638, 0.09994910118173486, 0.5796476431568925
-0.16983364901189624, 0.09968020954411012, 0.5781250069248514
-0.1696434932941406, 0.10014663945555712, 0.5786607456849583
-0.16850545797848715, 0.10024973655783125, 0.5782829522064113
-0.16832446550772037, 0.10000506537163736, 0.5783535116513746
-0.16805751339555772, 0.10049488285038695, 0.5780235172776182
-0.16704019602416123, 0.10035964540073249, 0.5773489212473503
-0.16711374048470287, 0.10061975766180489, 0.5774538823584
-0.16536403574219757, 0.10059688350049534, 0.5745965068322714
-0.16541140068698032, 0.10061915618028654, 0.5758302648526137
-0.16491357193182804, 0.10091788345069022, 0.5749209224173811
-0.16331181436616587, 0.1008610247717436, 0.5736275847343966
-0.16320252942175748, 0.10134163825161799, 0.574487720514969
-0.16194361131293658, 0.10115623349214498, 0.5730828531381731
-0.16202819547531244, 0.1014643013198022, 0.5746964867197213
-0.1609797964554562, 0.10173099470964027, 0.5722432842655543
-0.15977985563908328, 0.10171373461134463, 0.5726604343131306
-0.15970376156009217, 0.10191653135431883, 0.5726846469666711
-0.1584962265259841, 0.10198772221555617, 0.5711793566817124
-0.15809124976480432, 0.10179344301289309, 0.5695372836091303
-0.15721147537698119, 0.10202606041419555, 0.568932621972174
-0.15602487737892354, 0.10198492744451014, 0.5685935957804568
-0.15549861195974599, 0.10230784279657688, 0.5681395931298355
-0.1546012690914545, 0.10218201015069484, 0.5667513058915807
-0.15376299473768068, 0.10260489244878958, 0.5672250864607894
-0.15283993524754214, 0.10315797718728173, 0.5678131893312638
-0.1515822887678732, 0.103058411241534, 0.5660772936816809
-0.15158173600007863, 0.10329848977172296, 0.5665744888827836
-0.15027845244040666, 0.10344291038505414, 0.5645361803528887
-0.15015911143334756, 0.10359064534466406, 0.5665410171152263
-0.14951113600971294, 0.10426669429224991, 0.5656495475290303
-0.14843497722279972, 0.10460141069447128, 0.5668368191177525
-0.14838930043186718, 0.10451254997017825, 0.5655751801594674
-0.1474248656388815, 0.10446614514692591, 0.5622856431162155
-0.14675344776372715, 0.10466425220254542, 0.5627253834058351
-0.14640291606604428, 0.1048867505996703, 0.5618451888292495
-0.14548874948284107, 0.10460234598478702, 0.5604269566101472
-0.14540540750180325, 0.10502886912123596, 0.5614878994045778
-0.14413567194997315, 0.10550350976256742, 0.5599920526493636
-0.14389915584216198, 0.10511573359367564, 0.5609284899893957
-0.14358548696235604, 0.1055624597077336, 0.559470369671351
-0.14200963876069028, 0.1055747457328925, 0.5584650281173373
-0.1423922206857861, 0.10573754687742956, 0.5598932412670742
-0.14104735722373385, 0.1056792129591391, 0.5561052089290606
-0.1407494804496219, 0.10575309309330658, 0.5587378486821526
-0.1402799374688462, 0.10606002644262622, 0.5560357430478197
-0.13923024847720467, 0.10579646874966046, 0.5546879003029177
-0.13922971362308376, 0.10597079347964608, 0.5559033924366997
-0.137979591767942, 0.10613095263886736, 0.5524169208824535
-0.13749384378171056, 0.10614519858597575, 0.5543290002208859
-0.13693991542731587, 0.10628241980376689, 0.5522584869991832
-0.13574543464069738, 0.10631588884632406, 0.5516367605723128
-0.1360326541715255, 0.1063933708624818, 0.5528381398575118
-0.13455703283807594, 0.1064901550931721, 0.5493717195715416
-0.1342911996293252, 0.10674299332093104, 0.5530017248690807
-0.13395261911454326, 0.10657797061313022, 0.5495718249915897
-0.13284088003562253, 0.10678552434545537, 0.5505426229907949
-0.13292233207846532, 0.10704474247510423, 0.5519891076327271
-0.1314355270314047, 0.10700782760581058, 0.54731763586059
-0.1307493934274031, 0.1070532931657079, 0.5493954846358382
-0.13084815354669374, 0.10748383901426103, 0.5495548713486704
-0.129670109998533, 0.10742409580807347, 0.5475658967932633
-0.12922427970405792, 0.10756176345437082, 0.5484090103569866
-0.12826794033955188, 0.10767420186318868, 0.5453515665328299
-0.12785840656129316, 0.10768635558428317, 0.5478269288660782
-0.12759878594525584, 0.10800675370434372, 0.5462874410719927
-0.1261560817703633, 0.10785105765070924, 0.5454173928368196
-0.12642528362934677, 0.10800195226011336, 0.5463914887711602
-0.12494627259005453, 0.10822307348191863, 0.5431461600987114
-0.1246006777149743, 0.10835531423060231, 0.5460445805206097
-0.12413312553362991, 0.10844308743627308, 0.5439076829254895
-0.12318036867991579, 0.10836560758324622, 0.5425514202125189
-0.122763632184961, 0.10863810448634288, 0.5429186792350339
-0.12263948240422616, 0.10865697938501422, 0.54343319555447
-0.12128874700615633, 0.10870813601715158, 0.5414589371345035
-0.12102471127143517, 0.1088637817704131, 0.541007897906253
-0.12027582492577696, 0.1088853276403427, 0.5419316789000704
-0.11984452321388976, 0.108984935470359, 0.541004370323191
-0.1189633086791829, 0.10914366457557498, 0.5411362786042386
-0.11841396042001526, 0.10904666531409772, 0.5396158505212391
-0.11768830222403207, 0.10932351927674488, 0.5400650304068028
-0.11639812338574647, 0.10926535212363137, 0.538105561477113
-0.11635136959143051, 0.10939835732701152, 0.5390624422484682
-0.11530496900988126, 0.10921316091208154, 0.5360765786126787
-0.11455072517971368, 0.10910886327220688, 0.5353775903979265
-0.11375977794932264, 0.10958423277593865, 0.5353240541226458
-0.11331091763859578, 0.10925364501667219, 0.5347904595891507
-0.1126541660733913, 0.10940224597907519, 0.5361728509568237
-0.11222382695682069, 0.10957450832410487, 0.5344097730248186
-0.11090124433834894, 0.10943335174717654, 0.5333367611660398
-0.1110029495948804, 0.10952837942207316, 0.5340599625015038
-0.10938582552723104, 0.1094012585859845, 0.5310806956021029
-0.10929523652318125, 0.10995496597068673, 0.5333015672269862
-0.10834112302411064, 0.10998028727560291, 0.5321967617026111
-0.10776557759044215, 0.11001862062466483, 0.5323238856125921
-0.10691511964116913, 0.11040283662934061, 0.532103440739729
-0.10641098458668818, 0.11054059831493637, 0.5327535864684234
-0.10543162978852468, 0.11037758525869461, 0.5306103816511645
-0.10494510784265056, 0.11085770124115106, 0.5318800457334815
-0.10446651762473193, 0.11086374011532171, 0.5321021479315883
-0.10487779054165204, 0.11102928552329736, 0.5327688328110333
-0.10471722606834363, 0.1110398150574355, 0.5311406536483526
-0.1049533097042541, 0.11131506087619499, 0.5328252626273304
-0.10604793995414126, 0.11140384194808385, 0.5324328995715011
-0.10618038855323261, 0.11108741061852132, 0.529702011231041
-0.10775800859332985, 0.11132565519472656, 0.5315860813171854
-0.10735306323428366, 0.11145759910579912, 0.5285128765160962
-0.10823406074470163, 0.11124350486332645, 0.5296799547832042
-0.10924053366949658, 0.11161662956732259, 0.5293501163727655
-0.10948471905093507, 0.1114750504531271, 0.5279329992878062
-0.11052316929196691, 0.11169480614232964, 0.5282536140486299
-0.11077934996406025, 0.1116138841393371, 0.5259253467324357
-0.11145967447148897, 0.11148593683526843, 0.5257848962589885
-0.11262242830145018, 0.11185198292173934, 0.5259454300702971
-0.11245646308698408, 0.11153219782941046, 0.5236653140132019
-0.11354934276998424, 0.11172978433467678, 0.5247653549776107
-0.11432427836628939, 0.11194870284403671, 0.5239515791941725
-0.11469813467901752, 0.11177393900587859, 0.5232660696554423
-0.11548281548817081, 0.11221039984038174, 0.523323268751535
-0.11546815941142241, 0.11215054670119497, 0.5217937415790259
-0.11654427459799167, 0.11253358671644598, 0.5247218624557614
-0.11633203407271735, 0.1124266960754825, 0.5205220551237243
-0.11680322066082513, 0.11262714370030058, 0.522058947038211
-0.11675787118700733, 0.11267679520229493, 0.5200514122711435
-0.11697087750923467, 0.11283589576034302, 0.5208567151273685
-0.11748036323798187, 0.1129244851478481, 0.5203419413158603
-0.11762796972782082, 0.11299881857936708, 0.5192029153659954
-0.1174544313678913, 0.11304732326279697, 0.5184016185963166
-0.11777964560226495, 0.11319846937852496, 0.5177672935964577
-0.1173698593284449, 0.11323881509394758, 0.5157625601563931
-0.11819246535008963, 0.11324645488602952, 0.5170904881398313
-0.1179552141072856, 0.11364044152740295, 0.5157923452871421
-0.11855057691757916, 0.11364208817943292, 0.5160844944700008
-0.11829751886062984, 0.11375559205428673, 0.514653019615378
-0.11831384252578286, 0.11372079409972255, 0.5146120533249775
-0.11870911435125468, 0.11392762893782683, 0.5145248474693097
-0.1188019496469189, 0.11380266309527043, 0.5130613944580912
-0.11910136716676503, 0.11393359356863782, 0.5133615793547869
-0.11912263138104924, 0.11397179950844305, 0.5130380453236589
-0.11916989904783234, 0.11418393168348281, 0.5130110206035245
-0.11958318240120588, 0.1142506900941948, 0.5131885375838571
-0.11965494137302803, 0.11426414211145175, 0.5118140723276854
-0.11964983971968318, 0.11447508000151028, 0.5118269697096074
-0.1198625178061736, 0.11436056215937018, 0.5117041941496143
-0.12043370000183806, 0.11461848845717801, 0.5113103859136106
-0.12016505862624018, 0.11455672833729323, 0.5100589904892622
-0.12020627104480412, 0.11478532975079948, 0.5098519679730554
-0.11989469208354481, 0.1146419967660322, 0.507939426944064
-0.12063066166701471, 0.11486199767170664, 0.5091823833549297
-0.1205025128007124, 0.11500009890566952, 0.507244704350143
-0.12045029254614732, 0.11522351865903373, 0.506732491732291
-0.12057011483428207, 0.11516051268835016, 0.5069219172370744
-0.12095500591461067, 0.11529196441395106, 0.5063464121200648
-0.12107295470613633, 0.11551989377875796, 0.505827925151526
-0.12126937939090704, 0.11568724569773735, 0.5062813494870255
-0.12100238637544627, 0.11583917741485161, 0.5054747120385467
-0.12083851082963817, 0.11572753032363489, 0.5044838514764867
-0.12103216384400586, 0.1158393379642328, 0.5042494290156991
-0.12037684434648095, 0.11588325283240747, 0.5038714743095759
-0.1197537557545356, 0.11590084047422661, 0.5031214691104111
-0.11898742676207749, 0.11586104933568488, 0.5026343806157934
-0.11791982225083907, 0.1158051193672646, 0.502173921151076
-0.11653490236212391, 0.11571649286629401, 0.5009772405206059
-0.11505890285275022, 0.1157332358994699, 0.5003719855317544
-0.11413007161091111, 0.11574281386989431, 0.5013425793512688
-0.11273619873265152, 0.11567979004467087, 0.5010766149819772
-0.11064994359402153, 0.11570821236439394, 0.5004384129516243
-0.10892702089490841, 0.11561290123182608, 0.5003163587988344
-0.1072809017256875, 0.11561628410024916, 0.5004617358421144
-0.10615127459618116, 0.1155838890738092, 0.5016401041064535
-0.10461931591026771, 0.11542740546001182, 0.5009842614731841
-0.10272273727937374, 0.1155354643528151, 0.5010239945783568
-0.10139532075192466, 0.11544880095446274, 0.5020130867059283
-0.09983023645007626, 0.1152255209228761, 0.500554403807058
-0.09858815375169913, 0.11533284711592441, 0.501941590873595
-0.09760315509377983, 0.11542010645866294, 0.5018665599048309
-0.09661840770322619, 0.11517020366678324, 0.5015341606565529
-0.0960337684115294, 0.11526021147069011, 0.5025175236824685
-0.09487745854399023, 0.11538647603427608, 0.5009901813132965
-0.09423332210198208, 0.11528375505760939, 0.5026234103908974
-0.09404882180240551, 0.11532131289718288, 0.502792213818135
-0.09303692946580205, 0.11543501646603624, 0.5019878101089007
-0.09227493957814412, 0.1153956379159907, 0.5023344156466121
-0.09164589322334012, 0.11543172901479822, 0.5024012858501017
-0.09100718829832753, 0.11539693872368255, 0.5022575759410182
-0.09046491229412511, 0.11561644184119473, 0.5025853434362392
-0.0896149135729775, 0.11549354188368642, 0.5013541464803379
-0.08868711749287074, 0.11544389026050167, 0.5019030873953436
-0.08809712534812146, 0.1157079397321609, 0.5018580551726746
-0.08715911129580153, 0.1157153382167677, 0.5008220895075778
-0.08678360891446255, 0.1155717771334843, 0.5011332782703039
-0.08580238962178872, 0.11576609665538187, 0.5007046666715907
-0.08476018517195918, 0.11570324031030911, 0.5003263711466746
-0.08432381055633334, 0.1159162276738766, 0.5011194087340227
-0.08372756181922461, 0.11568861326478577, 0.5001860006828339
-0.08286681297159193, 0.11592953305224474, 0.5001788225006566
-0.08193717062280503, 0.11588848185398508, 0.49971746049622157
-0.08127144630725545, 0.11589701121985047, 0.5003303141252918
-0.08074412307512097, 0.11591495215397088, 0.49989608568467536
-0.08009939950348668, 0.11595776566060381, 0.49956052010247665
-0.07899572895857912, 0.11594930022911638, 0.4993877208752285
-0.07812005974203615, 0.11590438979117045, 0.49915287597102576
-0.07717863590635558, 0.116024072258394, 0.49872492969645843
-0.07636765955872409, 0.11593013049810741, 0.4988097890023435
-0.07538744072158003, 0.11591509352525002, 0.4986021858112981
-0.07435453641224853, 0.1158620649095801, 0.4986600153671882
-0.07353420881356028, 0.11596882689916345, 0.49934883578240513
-0.07244541913786555, 0.11588515964102145, 0.4988300560705406
-0.07144013837186998, 0.11577621311494872, 0.49911436808327697
-0.07038094434659475, 0.1158540209480397, 0.4995341156242228
-0.06929187828628038, 0.1158131482813222, 0.49938984963277755
-0.06867969836192817, 0.11560641897280968, 0.4996414439835154
-0.067710372654445, 0.11566801749302764, 0.49907726107797407
-0.06689364363760553, 0.11554738585577103, 0.4992566381299465
-0.06627622997976257, 0.11566585353358592, 0.5005391535094947
-0.06597742926347028, 0.11551025856146778, 0.5009920996452852
-0.0654756221490398, 0.1155561681585684, 0.5000652753849957
-0.06510213299429878, 0.11554350772163792, 0.5002149703474142
-0.06487941363655929, 0.11524053437792062, 0.500329439826582
-0.06487528783932289, 0.1151763458354582, 0.49998969537044935
-0.06502910937440615, 0.11511969011152781, 0.5007349245785551
-0.0650723431628101, 0.11499815209679735, 0.5009628888148676
-0.06498166355499171, 0.11460030006336235, 0.5010412285722092
-0.06482720679272864, 0.11420101656689242, 0.4990702984837542
-0.06496749364232035, 0.1141392015546013, 0.5001527633181114
-0.06490411517007252, 0.11365282164635963, 0.5001182174373912
-0.06487649327818515, 0.11346244210254197, 0.4997731784630999
-0.06490993682532178, 0.11302902945596016, 0.501166873056544
-0.06479258938918543, 0.11265819465915053, 0.5003164700409406
-0.06497489169439362, 0.1119139995561646, 0.5006399294482763
-0.06477874050488373, 0.11128777397271193, 0.5009814837244521
-0.06471719250515977, 0.11055712366601388, 0.5012381338854451
-0.06454016161264593, 0.10990512692283899, 0.5000552897828779
-0.06456801424516981, 0.10910069268519697, 0.5003427195952924
-0.06445008490773833, 0.10857113988496875, 0.4997366585421443
-0.06454384588414629, 0.1080279146445238, 0.5001997478691167
-0.06452516768384481, 0.10777252220163072, 0.5005567835156238
-0.0645048811192913, 0.10709747105230479, 0.4992736136252741
-0.06452751182187788, 0.10683804586091082, 0.5003123631825346
-0.0645369529515738, 0.10637498380445543, 0.5002372243000864
-0.06453230817086958, 0.1056932027664855, 0.4997729436165142
-0.06449705549770687, 0.10548523948691686, 0.5008272228422768
-0.06433533702703528, 0.10500981558574474, 0.49986916970476564
-0.06444763327754703, 0.1050696072507092, 0.49999090624049064
-0.06451405404987318, 0.10475858955869809, 0.5002576378858292
-0.06448519083839215, 0.10453921555301585, 0.5004580689072747
-0.0642577036647353, 0.10447364801427958, 0.49920649872411516
-0.0641270561167735, 0.10462842758120931, 0.49974857500527314
-0.0642019741982586, 0.10461210790074774, 0.4997695661810206
-0.06413872883911148, 0.104770736357726, 0.4994005084396855
-0.06395422687861742, 0.10489597884653952, 0.4991833306206065
-0.0640071061601658, 0.10519672178364568, 0.5011810469502594
-0.06401910827167673, 0.10542794625466306, 0.5011257664532338
-0.06399593707307163, 0.10561154033989605, 0.5000982191335107
-0.06382811023344667, 0.1058534671141996, 0.49983883621281033
-0.0637737379203174, 0.10611627018248254, 0.5005200046433774
-0.06382512582861088, 0.10658180748552179, 0.5016545240565973
-0.06401948019387785, 0.10695590372752906, 0.5017721661896727
-0.063994850393901, 0.10693864987136865, 0.5008855502891796
-0.06379994853649212, 0.10705646265863399, 0.5008644717305026
-0.06370179902446924, 0.10718259136825647, 0.5025019630153992
-0.06405694244669444, 0.10753197320120507, 0.5027507930428993
-0.06393003162614308, 0.10749773511116228, 0.5016515568382005
-0.06385375235092297, 0.10740067126982303, 0.5027747229480132
-0.06394241912695468, 0.10741128725990377, 0.5030985242882355
-0.06399609550113755, 0.10766571657648766, 0.5031444206573954
-0.06402357205568524, 0.1076913338718711, 0.5037428528997123
-0.0637626354948514, 0.10780779424429152, 0.5033013381721269
-0.06380450898096826, 0.10784191787488666, 0.5040556342634591
-0.06366686412758259, 0.10802562719822106, 0.5028678952657749
-0.06395486322774893, 0.10805504027291825, 0.503544638212363
-0.06385806166212198, 0.10810907815146878, 0.5038196852662231
-0.06370218419085247, 0.10833973444996253, 0.5031944599591546
-0.06369252753849815, 0.10878796260741486, 0.5030430194682746
-0.0638539598275688, 0.10887349970061698, 0.5040655141473801
-0.06388059345257639, 0.10911197204877797, 0.5035650704024106
-0.06377903917639302, 0.10964727704435152, 0.5039445593213593
-0.06374034410115664, 0.10963054025869122, 0.5046511519972997
-0.06384695333777098, 0.11005684940679622, 0.5045471551004423
-0.06373235721166101, 0.11030310321896294, 0.5039674959582271
-0.06379618949159031, 0.11064917541179457, 0.5048904417995174
-0.06385454188659369, 0.11078787615835821, 0.5056203081372391
-0.06358698563327554, 0.11126619443663675, 0.5046497235185492
-0.06366025917438703, 0.11170887057525741, 0.505616718479342
-0.06368734424848813, 0.11197000751876522, 0.5057530175249746
-0.06361590403751131, 0.11240526394861478, 0.5050209699791512
-0.06359846946790385, 0.11268580870992077, 0.5052501515742477
-0.06347634858394352, 0.11308225755037907, 0.5059247983598276
-0.06349850375329556, 0.11369552735428519, 0.5060855330941038
-0.0635136627238369, 0.11392453530676534, 0.5063373201986867
-0.06346145012992584, 0.11430792651547987, 0.5063299611006042
-0.0635680905256179, 0.1146660151267157, 0.5075984689233206
-0.06348679489342823, 0.11522522336668187, 0.5058781817605509
-0.06349043317191679, 0.11568601663034032, 0.5071613913354014
-0.06345624486789858, 0.1160091833262157, 0.507900916151346
-0.06327059055486647, 0.1165761226928289, 0.506659251868195
-0.06338559455610321, 0.11704122515096367, 0.50803813204363
-0.06344404982308482, 0.11718702495197453, 0.5085899309493407
-0.06362891890183552, 0.11793822121760011, 0.5084059663339833
-0.0637068963162642, 0.11811519478510582, 0.5092239496096564
-0.06352167345078397, 0.11848599117195761, 0.5091311402260472
-0.06345573827563886, 0.11917361116840637, 0.509266293364409
-0.06354620020675676, 0.11956176011959564, 0.5092741538810491
-0.06351166284467, 0.11991085687306237, 0.5095684310442831
-0.06332465289585129, 0.12023116117837605, 0.5095059786664
-0.06324848676271304, 0.120901874856255, 0.5088352134889504
-0.06355820924726903, 0.12110708171659203, 0.510890385297054
-0.06361311844718767, 0.12138986005962141, 0.5103749658911959
-0.06353915249566643, 0.12197587456532381, 0.5106007640870522
-0.0632728813085922, 0.12239713111664159, 0.5102775363877856
-0.06330963826880358, 0.12281263797334092, 0.5114906819057982
-0.0634532209185737, 0.12336922618986602, 0.5115524293825315
-0.06344544274336895, 0.12364942328550001, 0.5122804429521343
-0.06340631063212232, 0.12390236646269895, 0.5125945278428524
-0.06345507192727394, 0.1244105640135083, 0.5117091652976254
-0.06345371913848703, 0.12479448952492009, 0.5121831529920183
-0.06345084805167481, 0.12473387611683862, 0.5124580844853938
-0.0632738254338339, 0.1246683873250183, 0.5120564000714783
-0.06334171258047246, 0.12457651921843059, 0.5134807542042445
-0.06339056128850427, 0.12389644614073599, 0.5137339306188841
-0.06364117731182445, 0.12302019224977258, 0.5149913915939676
-0.06344000979771645, 0.12161088958702887, 0.5144176149319585
-0.06356648043799239, 0.12054189781486184, 0.5150433533194297
-0.06345442522962787, 0.11952999604048184, 0.5145226663546785
-0.06353516181120365, 0.11858789744181888, 0.5150820233109608
-0.06353545102813314, 0.11740416809216, 0.5140055341305754
-0.06351800597922, 0.11613415221671991, 0.514082853548251
-0.06349372990936794, 0.11520208284467216, 0.5141777789306906
-0.06346718654706911, 0.11397911823599458, 0.5147936707403067
-0.0633090878793204, 0.11289125537028567, 0.5145273487410719
-0.06282496642272384, 0.11190818196045269, 0.5132687298065568
-0.062451418554410665, 0.11065306029640797, 0.5134481046977948
-0.06212534384890805, 0.1096006494870989, 0.5134860050195842
-0.06173276112059751, 0.1087667597818631, 0.5136680975313602
-0.06124191614805172, 0.10776817374752892, 0.5134834493955635
-0.060811780696450025, 0.10648862821085163, 0.5140562591908382
-0.06069213125838465, 0.10542793612461424, 0.5138700730008211
-0.06114291929735725, 0.1044136785458449, 0.515116871559923
-0.06121991130772287, 0.1037206912645256, 0.5139658850083051
-0.061229448658193464, 0.10329530790661687, 0.5124950691618008
-0.06123749751039538, 0.10340133778133727, 0.5128659422428969
-0.061542578177519014, 0.10340398883239554, 0.5139591772609268
-0.06187808268941653, 0.10335977257163399, 0.514088918036398
-0.06237660092540486, 0.10341187436058476, 0.5137056480565272
-0.06279274696001336, 0.10340960548563365, 0.5142711559513088
-0.06368174734315081, 0.1034099793300345, 0.5144440536511898
-0.06455996908543979, 0.10342455759491918, 0.5143403202302039
-0.0654300671102067, 0.10348935184595474, 0.5142111054612503
-0.06628504452992716, 0.10349613107031896, 0.5146329586999058
-0.06704583562468586, 0.10344661710089452, 0.5144744602619615
-0.06789244322240398, 0.10331144995853571, 0.5148720707480728
-0.06881322528154689, 0.10339446288947896, 0.5146727805046957
-0.06965955216277195, 0.10348891176297856, 0.5146421673413232
-0.07054899479548536, 0.10370062392841883, 0.515064184097643
-0.07116854245658716, 0.10390161201891952, 0.5138370382735334
-0.07188758716019149, 0.10421782846800992, 0.5139892686011842
-0.07268525623903922, 0.10474676878412145, 0.5148035457701081
-0.07329270264774522, 0.10539629011473339, 0.5132550256595704
-0.07428294405591801, 0.10626419685330875, 0.5142609841224764
-0.0751228226058035, 0.10686663344859473, 0.513945330708709
-0.07613155752827172, 0.10780588217958566, 0.5149922531488964
-0.07681868401381373, 0.10861637424363482, 0.5139224530154273
-0.07776653615022296, 0.10944416367901584, 0.5141788633973082
-0.07841188887805856, 0.11017655715063512, 0.5135916572618995
-0.07934133698459656, 0.11109984676943109, 0.5139730276269866
-0.08060879135923561, 0.11212352526349786, 0.5138978314723004
-0.08202641839780876, 0.11320695181161132, 0.5147338837072909
-0.08386711719299737, 0.1141784903021583, 0.5160526611629754
-0.0850555766548014, 0.11509623406499299, 0.5143272458230077
-0.08637518563662487, 0.11607353498658873, 0.5142277612573788
-0.08806073487966636, 0.11688689872598891, 0.5145088621754513
-0.08961612774519756, 0.11780913210039502, 0.5147022546838972
-0.09096961605760917, 0.11880245133462661, 0.5151284831821924
-0.09252199275585174, 0.11969576798505518, 0.5156769843593804
-0.09402048509038473, 0.12044749277836665, 0.5153953804446996
-0.0958975264802234, 0.12138899162191577, 0.5152583747332707
-0.09750175352308221, 0.12238779083041904, 0.5152749721184775
-0.09912668232014167, 0.1233286139842048, 0.5148276840697726
-0.10021590956265972, 0.1245732222222546, 0.5157391295025382
-0.10210085866273674, 0.12541307629984536, 0.5167317852390376
-0.10316010652793936, 0.1264329100823173, 0.5157887483025856
-0.1045175642893032, 0.12717132699484088, 0.5161953091303523
-0.10557887703623674, 0.12804211143576136, 0.516124874859726
-0.10696887258555117, 0.12890951203666523, 0.5167972441695969
-0.10838377018894009, 0.12935831610965579, 0.5172892355006545
-0.10921928917430167, 0.12989959951686264, 0.5170091902350831
-0.1097826688091331, 0.13024548856617751, 0.5162753074953094
-0.110858541741705, 0.13063985895024585, 0.5174920574411882
-0.1113325013492364, 0.1308855150959822, 0.516797376187873
-0.11181588683810811, 0.13130349318015394, 0.516771735731198
-0.11228400069350761, 0.1314284155602918, 0.5180945520376605
-0.1123465636481104, 0.13148096493655262, 0.5181058163024301
-0.1126208152750415, 0.13144655372917732, 0.5185205392477447
-0.11274313330464782, 0.13123012892392863, 0.5186861717598729
-0.11219606626793277, 0.1312102849791554, 0.5186362399534984
-0.11229655455586027, 0.13090971728146383, 0.5188160648270794
-0.11209550517569702, 0.13066564954472087, 0.518249317254756
-0.11148357406767595, 0.13042687766270925, 0.5181916366075029
-0.11135214187689428, 0.12978796674356238, 0.5195261679824033
-0.11094701529516245, 0.12951358280351247, 0.5200804973278212
-0.11077335777984072, 0.12885443305496674, 0.52111126581703
-0.11019389936429332, 0.1283305656006955, 0.5200829055028097
-0.10952813566104516, 0.12790791647595165, 0.5199191727948314
-0.10932446813626265, 0.1276277903656891, 0.5218742626840065
-0.10924754184220925, 0.12729732950313274, 0.5222906604049311
-0.10858702605395407, 0.12709942307788502, 0.522334904858394
-0.10825874746731458, 0.12651670034605234, 0.5224752643293394
-0.10811140986881954, 0.126329639149878, 0.5232768755908134
-0.10758874053681232, 0.1258355736009226, 0.5233752224483091
-0.10770892921133211, 0.1253072388568481, 0.5249210292123143
-0.10688986661196341, 0.12511644641204775, 0.5246156417478164
-0.10650792814607082, 0.1245458541812594, 0.5249432713062788
-0.10660497679599025, 0.124112220689868, 0.525289018996654
-0.10586427839555836, 0.1239493557842366, 0.5243863485237947
-0.10558711169554806, 0.12362649352669289, 0.5265021787471388
-0.10550650484907088, 0.12339771293666593, 0.5273831977768304
-0.10490816743677922, 0.12308484888543082, 0.5262931751616291
-0.1048923384594024, 0.12279044328478421, 0.5272368287667442
-0.10422809866820729, 0.12261662952249915, 0.527608256353641
-0.10383306657954057, 0.1223058696866762, 0.5288598698005118
-0.10386311343282509, 0.12193020155334458, 0.5295058992262651
-0.10317475572991763, 0.12160655639094445, 0.527847350608431
-0.10297054196334035, 0.12117831203223683, 0.5288394356560855
-0.10235288905659284, 0.12108345948317038, 0.5291302344451145
-0.10241293528070704, 0.12071545404324165, 0.5304028065316345
-0.10199958366141773, 0.12056057489817013, 0.530529187654375
-0.10173252560255028, 0.12041106361312894, 0.5308897471463198
-0.1012345848439081, 0.12020765081633417, 0.5311494541795122
-0.10101861274699553, 0.1202971045436195, 0.5327028808048625
-0.10076533070871217, 0.12006534036684396, 0.5323162171212623
-0.10010252673897573, 0.11994848943415343, 0.5324223466405257
-0.09978649571385931, 0.11979634410370198, 0.5339454760509783
-0.0996565476044612, 0.11968024001678533, 0.5344334859495337
-0.09924425054295168, 0.11931441916470632, 0.5331103811845279
-0.09858783662932841, 0.1191275547026943, 0.5329856776091518
-0.09816968529053331, 0.11909307254617016, 0.5340311842212057
-0.09794023526050193, 0.11900817875145836, 0.5348938771706454
-0.09790997307784198, 0.11887830157198194, 0.5360409872043721
-0.09727494455381266, 0.11863322698037779, 0.535048603389279
-0.09700557627413217, 0.11876709935303467, 0.5363411195358133
-0.09664616530735945, 0.11877306866631081, 0.5373427127679186
-0.09654272700534813, 0.1187536943418076, 0.5382217539911167
-0.09589161505498346, 0.11852538356101602, 0.5376690320822592
-0.09557568711318672, 0.11844082745923028, 0.5383676334604857
-0.09517390821510657, 0.11813543628835145, 0.5386403306524001
-0.09489209343225904, 0.11797022762533912, 0.5398716475674472
-0.09456340684873214, 0.11774386945874944, 0.538985262542673
-0.09382122987413805, 0.11759938330595388, 0.5381043058955837
-0.09324006824550046, 0.1175714729272019, 0.5387996407482516
-0.093393739040213, 0.11759034267395986, 0.5415715905953712
-0.09307899849105646, 0.117378108392235, 0.5417337564859546
-0.0929124823071317, 0.11738882609853017, 0.542217782361127
-0.09307974436338146, 0.11731845466207054, 0.5430547301115868
-0.09361882659235128, 0.11668658687045444, 0.5424312432807082
-0.09434566429102367, 0.11643080900978675, 0.5440930020210007
-0.0945335393410782, 0.11641569894508966, 0.5449544226360891
-0.0952754752773415, 0.11586628816358163, 0.5445498449877456
-0.09636668402746247, 0.11530023833930282, 0.5452807266869651
-0.09711736346983414, 0.11521056364388187, 0.5461313702636281
-0.09767772712253485, 0.11514876670158204, 0.546362023696473
-0.09862982844342061, 0.1146673614870364, 0.5460508265081881
-0.09968461760685386, 0.11434601705457467, 0.5460646917056228
-0.10050580900503177, 0.11410301060512243, 0.5456679577565589
-0.10096157652256281, 0.11383047227779261, 0.545983062387466
-0.102090503489651, 0.11316610885150066, 0.5470711851108441
-0.10314451494919367, 0.11288968214774973, 0.5465584535695616
-0.10404767924721058, 0.11258833248765375, 0.5475783867022124
-0.10480603994563736, 0.11165719333813233, 0.5454325416625736
-0.10613956492878192, 0.1113008313442179, 0.5475246022857115
-0.10739426411303853, 0.1109282484503205, 0.5475915656228947
-0.10831697828526914, 0.11027606762633543, 0.5465430178605274
-0.10969140589775711, 0.10973631633130834, 0.5475196473744196
-0.11066642753307451, 0.10953184265988045, 0.5478898197064028
-0.11204539810699285, 0.10898855242015881, 0.5479687287340527
-0.11364724578323186, 0.10856002262535791, 0.5480297316642087
-0.11438054155635806, 0.10824877945183024, 0.5474906685295018
-0.11528822316194394, 0.10797681492521444, 0.548330557657743
-0.11706698410500703, 0.10737678671736427, 0.5484252449553072
-0.11796523136273283, 0.10682719814757896, 0.5477044557559064
-0.11894739015776828, 0.10636101505166654, 0.5468758639145597
-0.12029893989558026, 0.10600315957463494, 0.547678030668576
-0.12134745734369058, 0.10519631467140508, 0.547207313654756
-0.1229277109160807, 0.1050416519658075, 0.5495314410435277
-0.12357736684472813, 0.10454029579419667, 0.546844245534118
-0.12479996734874832, 0.10419603611934751, 0.5504792276676753
-0.12638446111012122, 0.10369043440613784, 0.5490533885577318
-0.12663074482758127, 0.1034191720823397, 0.5463498164265648
-0.1278521698313403, 0.10322674626133443, 0.5485734878552787
-0.128790132352174, 0.10314412347573941, 0.5491565123125661
-0.12968813572432084, 0.10263712754665094, 0.5490131203748388
-0.1307356098961793, 0.10285622492125926, 0.5507157512659793
-0.1307366615392604, 0.1023894581817921, 0.5485702045905044
-0.13194128364299065, 0.10206549475005595, 0.5501609680776623
-0.1320668384156728, 0.10233889201494728, 0.5501831530640696
-0.13301378691974833, 0.10211134399493693, 0.5513415969821773
-0.1332623551748099, 0.10206550100141658, 0.5506899613670063
-0.1343550491686954, 0.10196251299024271, 0.5523337581646653
-0.13503503484670287, 0.10205369113047981, 0.5519842729636222
-0.1357946390285995, 0.10248258673123994, 0.5541084182131043
-0.1360376712220986, 0.10278429309025715, 0.5517437492104235
-0.13666126536215395, 0.10328649229407011, 0.5535665101550885
-0.1377840139420787, 0.10381304977106026, 0.5543921643591431
-0.13850888833035266, 0.10445270839564884, 0.5561727872989476
-0.13824726220438074, 0.10491286405384465, 0.5536751608435911
-0.13705405049072336, 0.10555521549312315, 0.5532248436563479
-0.13629216732844393, 0.10621076380588676, 0.5557678598960687
-0.13596007681995959, 0.10637874403151935, 0.5547418322934395
-0.13529224551517494, 0.107192442205288, 0.5564616267566646
-0.13426850783354877, 0.10838430855201613, 0.5564329608017667
-0.13298778930826594, 0.10913762505686704, 0.5568977806816366
-0.13268974639855463, 0.11014823537650424, 0.5577291555395624
-0.13212561372540965, 0.11144765807385978, 0.559029361781516
-0.13129408540513213, 0.11217138621084292, 0.5577465042638622
-0.13019551307233665, 0.11315749020772503, 0.5578507950334988
-0.12945967608633038, 0.11413084641561137, 0.5586848351990733
-0.12894201890372967, 0.11512922520453331, 0.5599658972088666
-0.1292379379680445, 0.11601493617915337, 0.5622587664546416
-0.12843294619942547, 0.11720925814863968, 0.56153981830393
-0.12828220499750306, 0.11818141312261721, 0.5623197268707119
-0.12866859550481655, 0.11911192418608114, 0.5626913759956491
-0.1286707279217314, 0.12003189794130402, 0.5630005250145694
-0.12868598847364285, 0.12118038735600688, 0.5631822646766729
-0.12874188411089002, 0.12189128142075177, 0.5624363459063257
-0.12867619475495645, 0.12304020258617841, 0.5660560544612007
-0.1287801185109223, 0.1243640924787537, 0.5664866837653988
-0.12850524723069426, 0.12549230531392896, 0.5664645692965774
-0.12886594746235164, 0.12635948598406502, 0.5673164257585113
-0.128943465973732, 0.127557262446875, 0.5664465242957549
-0.128947397539816, 0.12843299473563435, 0.5683104839832697
-0.12954991762670703, 0.12947200301233242, 0.5699202401130213
-0.12963044093698614, 0.13040088643277087, 0.5666912034439645
-0.12964770502156914, 0.131697903684926, 0.5703687861481297
-0.1303013529072094, 0.13284143932846135, 0.5696612848098073
-0.13037591613565658, 0.13385385885871875, 0.5703725676837998
-0.13157086425530048, 0.1350669345577689, 0.5715470782569267
-0.13166967727928147, 0.13620256486939736, 0.570959607270688
-0.13212517154733738, 0.13697488836235322, 0.5707715072443851
-0.13256606034582927, 0.13796260935445093, 0.5711240023100962
-0.1332170147338213, 0.13913290518305474, 0.572829758178364
-0.13414700615025615, 0.14029351545827226, 0.5728276972462992
-0.13449885014890395, 0.14172730998155625, 0.5745491697046131
-0.13454533272804098, 0.14274459952313953, 0.5741783042262388
-0.13605733213385787, 0.14356323516203576, 0.5740791666842755
-0.1367534457034704, 0.14489180426798334, 0.5761800291945007
-0.13751029415567517, 0.14548205195731462, 0.5732728529393811
-0.13774686745701964, 0.14654111126307307, 0.5748685392992825
-0.1385529198638822, 0.14740513101418876, 0.5755926430079363
-0.1396036451779648, 0.14837674289071798, 0.5763222582788041
-0.1403611535725103, 0.1493774404706438, 0.5763503028748521
-0.14084546029772307, 0.1497524545491765, 0.5750990917555675
-0.14140873049469407, 0.1506437704401198, 0.5784614593561768
-0.14223641470547937, 0.15057819849040957, 0.5763654820053989
-0.14299113048937798, 0.1505306661192068, 0.5772262906107649
-0.14368286604569855, 0.1504217387495914, 0.5785616764947067
-0.14392138735350402, 0.14994437962925838, 0.5775422017222605
-0.14495173294992197, 0.14909924136763253, 0.5790337049411002
-0.14602045996559343, 0.14832862830513177, 0.5801463277447213
-0.14687181509814198, 0.14764641496382291, 0.5784899090258283
-0.14726304178365832, 0.14667328682091083, 0.5788345485918039
-0.14815041296922887, 0.14541877209357432, 0.578693846606513
-0.14888330283480986, 0.14438470734737188, 0.5783711591870278
-0.14948839084144536, 0.14356027445626915, 0.5791266575225068
-0.15111753994076055, 0.14245847908733275, 0.5791410121300193
-0.15135303888346083, 0.14106903126905793, 0.5786221734872056
-0.15200848102654685, 0.14055338635505657, 0.5804492933699197
-0.1527189670245375, 0.1392466401557186, 0.5783661032817942
-0.15401481083294485, 0.13826010438156017, 0.5802726775257422
-0.15485264183217723, 0.13788132910495707, 0.5807502146877306
-0.15556447319783367, 0.1373121716533993, 0.5807038683882013
-0.15666952268246812, 0.13634558854689988, 0.5804486002345757
-0.15777402372282096, 0.13637180322102202, 0.582048770077737
-0.1591307243263741, 0.1363296232910555, 0.5837115367183981
-0.16014255329696378, 0.13620565851124872, 0.5839475914228411
-0.161174698981517, 0.13629746057591913, 0.5846224832671684
-0.1621619917305997, 0.13620865514099462, 0.5847943707017104
-0.1637189327326528, 0.13587820827608194, 0.5836570749263245
-0.16493341651306803, 0.1359767676594807, 0.5840152052290941
-0.16550426535187532, 0.13605848364873993, 0.5857238098866285
-0.16652679422019884, 0.1356742704178141, 0.5854417888973362
-0.16808519996528573, 0.13557128532085908, 0.5862177770942757
-0.1692618554597325, 0.13570761141684373, 0.5867354215448588
-0.1699356740232982, 0.13545467016290044, 0.5866305868577956
-0.1708352726184693, 0.1352447896539868, 0.5875643645825193
-0.17151855630272128, 0.1350728329154596, 0.5885304712397103
-0.1729009502656683, 0.13507186174098063, 0.5882728065721406
-0.17379859307522055, 0.13488487462372098, 0.5886728289261722
-0.1738493750808913, 0.13478716300475263, 0.5885586809896903
-0.17477755099740921, 0.13484277028044436, 0.5904538876549822
-0.17558700697322305, 0.13463100861546445, 0.5909337459046681
-0.17671118354988657, 0.13480034430833687, 0.5921687806530139
-0.17716239736877346, 0.1345614086151441, 0.5924946920333284
-0.17768929533974467, 0.1341105292770872, 0.5918271458435594
-0.178640740468609, 0.13392327300290047, 0.592832388613638
-0.179590227561965, 0.13375945563081387, 0.5932712950295808
-0.18044083666774052, 0.1338413026874526, 0.5947577441885943
-0.1809769522846223, 0.13343254903588245, 0.5941816446190424
-0.18149413983141185, 0.13328043100218162, 0.5956151481918378
-0.18245926042515428, 0.13327396252562793, 0.5963511679051231
-0.18363229338383583, 0.132883022460758, 0.5965979042181784
-0.18406898570770408, 0.1327483092487263, 0.5981501907378497
-0.18478119051605826, 0.13274961032921537, 0.5973539523298772
-0.18547698921450687, 0.13248943335386754, 0.5991696869223512
-0.18644813935315113, 0.13236840628477473, 0.5993296581281586
-0.1872777130029084, 0.13246068811018108, 0.6004863653774147
-0.18772095467795372, 0.13232771988632025, 0.6004775776252746
-0.18834069459654112, 0.1322022919340758, 0.6010323391751485
-0.18905266991225575, 0.13223849059681483, 0.6022031163249486
-0.19010882815387029, 0.13186073107956972, 0.6021816323390354
-0.19096711394303545, 0.13204400535942878, 0.603650496448801
-0.19113456460386735, 0.13204726014667767, 0.6041986467422923
-0.1915808610060644, 0.1318675787137697, 0.6043521999941951
-0.19242087341410719, 0.13166094327637962, 0.6047415277573732
-0.1928063124909801, 0.13176318683210989, 0.6063793809854096
-0.19285682819568806, 0.13160124297596784, 0.6071708525267907
-0.1925612476600557, 0.13141640541088329, 0.6077949970302432
-0.19211828473490175, 0.13123442919347947, 0.6084856863360386
-0.19183917935278394, 0.13124576989044232, 0.609501156028321
-0.19063461908487322, 0.13128384330924597, 0.610148520805663
-0.18753097112400394, 0.13131365380345486, 0.6120562698506044
-0.18472315661361083, 0.13106169154831687, 0.6119089616237959
-0.18380740513627175, 0.13009778996536633, 0.6120762072550855
-0.18319045003222525, 0.13055868470217513, 0.6125128609263033
-0.18186778499885997, 0.1306467448587178, 0.6125896287896739
-0.180557676367928, 0.1301130455730065, 0.6139078801654536
-0.17947891133135782, 0.1299548393624796, 0.613399533293337
-0.17926418553259682, 0.13010018453762942, 0.6126034435417095
-0.17998423983527334, 0.12983470473250378, 0.6125152642275806
-0.17941240232239636, 0.13002480139416633, 0.6140597370047072
-0.17891744274196278, 0.12999837388984437, 0.6132516304128068
-0.17938235506322364, 0.12981048131485606, 0.6130376414258507
-0.1796485887400778, 0.13006208555392676, 0.6127298754710561
-0.17955624130524345, 0.13010693482254151, 0.6134194851452965
-0.17950697898457346, 0.1298617971185814, 0.6135367874498976
-0.1791669074388064, 0.1300091660738556, 0.6135856391112231
-0.17859585684937385, 0.13012468532806212, 0.6140272221856409
-0.17793644218629126, 0.12986937294809436, 0.6137604031246987
-0.1771024220430607, 0.12987729046000057, 0.6131312712704211
-0.17617540012036553, 0.12979877966311185, 0.6129406390573577
-0.17489995771816924, 0.12978728787379423, 0.6129163946356593
-0.17357707874476355, 0.12975440570532124, 0.6123700988297036
-0.17261815103785452, 0.12967389963331552, 0.6121415899022701
-0.17225640098011022, 0.129454161572268, 0.6117482266447081
-0.17165743843220638, 0.12981057539798146, 0.6118901668042089
-0.1708049330864081, 0.12973120582255884, 0.6114565748475358
-0.17058171350857154, 0.12979569572253913, 0.611138035909997
-0.17022071430586438, 0.13003351956733203, 0.6110691481100645
-0.16964237379165908, 0.1301054677641865, 0.611093490426041
-0.1685724235721095, 0.13012026875603927, 0.6103899307793321
-0.16784494638150277, 0.1300806322080011, 0.6100645355239271
-0.16754183552809648, 0.13070307315554877, 0.6097961890842093
-0.16688151321212533, 0.13115629622078623, 0.6096584931285349
-0.16555761556831408, 0.13102952728435643, 0.6095679916688231
-0.16511302386319532, 0.13125152728597872, 0.6086045532696832
-0.16508130061417717, 0.13140072039212086, 0.6089746089831355
-0.16461422093802766, 0.1315143503998314, 0.6073531081080611
-0.16409481562885023, 0.13198437055197332, 0.607756925165408
-0.16309484036944197, 0.13181864439877192, 0.6076713168103485
-0.16313088370464263, 0.13197679101852774, 0.6070099034885077
-0.16301268991608048, 0.1326919995966469, 0.6070271943389902
-0.16204515094341684, 0.13273259800422674, 0.6068338834497834
-0.1613950837281764, 0.13292732784535033, 0.6053137851340223
-0.16137418628301423, 0.13312443492541134, 0.6050412861542039
-0.1611449391518596, 0.1332280335842694, 0.605287924361228
-0.16067778329233456, 0.13347186722134152, 0.604194769654274
-0.1600775290299035, 0.13369365179465356, 0.6044326870321288
-0.15944783066535048, 0.13345780730740517, 0.6032333865506178
-0.15947353450254048, 0.13441879022196043, 0.6035338143963267
-0.1588841493180226, 0.13469908938435235, 0.6037058901419845
-0.15788254494947548, 0.1343828314372093, 0.6015112735484633
-0.1583169192072381, 0.13470146353513388, 0.6024346378498314
-0.15750540028097787, 0.13471446702760842, 0.6016437447889803
-0.15702518283519465, 0.13488471418030945, 0.6016497996893485
-0.15679675486778863, 0.1356417586151551, 0.6008001404326937
-0.15570310501681206, 0.13528792264131353, 0.5996447381020608
-0.156041982639102, 0.13570899885684942, 0.6006350785979516
-0.15558741152986053, 0.13603273499734972, 0.5996469930205849
-0.15445941195356702, 0.1358942509822562, 0.5999089390043912
-0.1546313628987404, 0.1365281645209449, 0.5978860453172808
-0.15376063325871706, 0.13658449137902498, 0.5981124238695488
-0.15358147264647148, 0.13663295347134946, 0.5971586860718663
-0.15386722579992948, 0.1375003235143604, 0.5993370459692713
-0.15318341060554247, 0.13663358840693782, 0.5980075829487213
-0.15360683096645034, 0.13653876694924047, 0.5964470865335022
-0.1534281126858997, 0.13591372630595955, 0.5957755442332359
-0.1529931084215965, 0.13438719629755783, 0.5958515756928864
-0.15431649595189392, 0.1337522258817513, 0.5951532522223435
-0.1534022573189278, 0.13295220783848108, 0.5942812674617277
-0.1535339770064383, 0.1310633755149738, 0.5924875557025225
-0.15410386852036853, 0.1304529296133497, 0.5929869273641025
-0.15345474504902548, 0.12877576583908612, 0.5915433332530764
-0.15446506503930538, 0.1272091005271956, 0.590495626791318
-0.15434875356545003, 0.12608029040832214, 0.5900313107864684
-0.15357373990343812, 0.12443553986699382, 0.5882336103643184
-0.15435368594225293, 0.12273761483347997, 0.5877610723788355
-0.1543973574390279, 0.12123382091591364, 0.5868746497673543
-0.15422116091986662, 0.11923867756081974, 0.5868721388858958
-0.15410054461381145, 0.11938992078793803, 0.5876496776033346
-0.15427363043784287, 0.1189182288109536, 0.5853487170126
-0.15513648781181458, 0.11890625132794334, 0.5872808295421471
-0.15575156387150785, 0.11916495659842519, 0.5852508791022086
-0.15484818201763317, 0.11954812513892503, 0.5878236592145164
-0.15562250483900866, 0.11900463849849068, 0.5837520609827204
-0.15564933754635393, 0.11964631906088462, 0.5859766316415914
-0.15556091787019174, 0.1194333670184746, 0.5841192546140143
-0.1555412196713609, 0.120026870176976, 0.5851918997598183
-0.15491570394626608, 0.11972610019760421, 0.5824890692881086
-0.15477069561086673, 0.12013754655599104, 0.5827865918571109
-0.15496416209821498, 0.12038205634044909, 0.5828574599023391
-0.15378081803715268, 0.12033758462344181, 0.5805950890574038
-0.15372637832099076, 0.1204984435235146, 0.5818852818818391
-0.15263823273169583, 0.12092401680696728, 0.5802887641048267
-0.15185638139910032, 0.12095566054891478, 0.5806785792397248
-0.15122840329319884, 0.12166515273663266, 0.5812049984958843
-0.1497320375030426, 0.12159296414187472, 0.5790645238007354
-0.14951880165886303, 0.12163088513884601, 0.5798411154794391
-0.14840607448981205, 0.12222909037583235, 0.579266907742754
-0.1472285725815151, 0.12206727010256603, 0.5778888300349663
-0.1468415252900861, 0.12256560599432985, 0.5776230190838598
-0.14546642989868966, 0.12293557817177042, 0.5766714419842587
-0.1443731149135051, 0.12297159363343471, 0.5768262319856379
-0.14415628197179872, 0.12317554361220602, 0.578541581690368
-0.14292320871361022, 0.12352451411783123, 0.5765341003027702
-0.14198896324964996, 0.12416626359164579, 0.5770409647924001
-0.14085728200647715, 0.12435053266094492, 0.5768927889991357
-0.13974416986988486, 0.12431411905064005, 0.57633127819442
-0.13954020552670401, 0.12446334766008835, 0.5747098939328307
-0.13826337447872025, 0.124840780727743, 0.5739644700674347
-0.13717607419491445, 0.1249809732226821, 0.5739087823100898
-0.1360663837185756, 0.12523193058514354, 0.5736042254107071
-0.13539857182467716, 0.12550948126675393, 0.5740852075965179
-0.13485154682325756, 0.12559183673401902, 0.573104122121627
-0.13358992612404738, 0.1259649835787875, 0.5714851040536553
-0.1320211750817492, 0.12613314825399055, 0.5719753352164284
-0.1317260379964415, 0.12624336066964598, 0.5708838331654724
-0.1308912391508967, 0.12678576967538258, 0.5709508343989628
-0.12957703575750715, 0.12679639051496563, 0.5708943090017156
-0.12836353175147963, 0.12713590708008468, 0.5692637539063211
-0.12751333904697615, 0.12721137158024476, 0.5700255049652998
-0.12722153745503806, 0.12737918757830907, 0.569289695049554
-0.1262749032702836, 0.12770891260728223, 0.5681802645045182
-0.12521718991205544, 0.12773015706402396, 0.5682959863289372
-0.12433363805762254, 0.12822100286709728, 0.5685095582328816
-0.12395589494980579, 0.12864462442851007, 0.5691945815379863
-0.12281273877299967, 0.12870336315390712, 0.5667745743895617
-0.12209209423293267, 0.12889119772111987, 0.567408219844664
-0.12158193211965738, 0.1288947635862504, 0.567225337332463
-0.12087266259976602, 0.12939271765381852, 0.5679778245927445
-0.1201544160362673, 0.12945399243283412, 0.5646666495724497
-0.11903843356935097, 0.12964221806745213, 0.5647565194549204
-0.11835136350951497, 0.13004807639821453, 0.5655477595348833
-0.11797245145782762, 0.13015336115117224, 0.564808290951321
-0.11685139595349531, 0.13039603524370535, 0.5636114008399674
-0.11595516932950138, 0.1309830837893496, 0.5650118198903495
-0.1153891053549447, 0.1308738500367269, 0.5633267841746339
-0.11474252592709601, 0.13100771535104733, 0.5618295790615943
-0.1137127285674245, 0.13152906006295614, 0.5623697911824612
-0.11276824203252289, 0.13192955504598133, 0.56247030840121
-0.11235515193003041, 0.13210856027736068, 0.5617852671735887
-0.112034524402877, 0.13203216146453095, 0.5605064800885778
-0.11075598208478596, 0.13216260759178303, 0.5588792303367336
-0.1099860706680409, 0.1328132981150289, 0.5603436343970927
-0.10930525536858367, 0.1332328841556287, 0.5606425089335363
-0.10887677838740148, 0.13338737876577272, 0.5592411638458756
-0.10820204162478954, 0.13333956316776224, 0.557840451761687
-0.10704134439997541, 0.13358122942224931, 0.5572239592566509
-0.10680754678411326, 0.13418708037750163, 0.5597516792986318
-0.1064301870124124, 0.13464879071620403, 0.5598070322746539
-0.10579665843644025, 0.13460371114322195, 0.5564204882317197
-0.1046283572535675, 0.13478929312456123, 0.5558952425332023
-0.10408320723544758, 0.13494214366219032, 0.5559108524977636
-0.10401643723231396, 0.13548522475536615, 0.5563518562577202
-0.1033196789149848, 0.1355353589882979, 0.5546135646469462
-0.10287411645241687, 0.1359935182811932, 0.555664111190996
-0.10316541211667928, 0.13623047931171758, 0.55587374690606
-0.10310917189249037, 0.13661992665247938, 0.5550317679051849
-0.1028350849700638, 0.13678383425859944, 0.5540862107006813
-0.10256110141341689, 0.13701424749043856, 0.5538937656602696
-0.10251279772793526, 0.13739608109794, 0.5543445714688425
-0.10273197552000236, 0.13778096343037785, 0.5534656569042824
-0.10222702227522479, 0.13786684854486295, 0.5529378568043355
-0.10204850100435503, 0.13798500339385145, 0.5510079367454102
-0.10192271903100567, 0.13835244969759994, 0.55169677733595
-0.10221161167514121, 0.13895139563247977, 0.5522212546258354
-0.10155818767602222, 0.13898164333441884, 0.5502940250762417
-0.10138423148915181, 0.13915559757276882, 0.550058661724478
-0.10139994384194817, 0.13932775449833323, 0.5498292581774964
-0.10185779924087923, 0.1397728301169142, 0.548712560212623
-0.1011080512820778, 0.14008362045461348, 0.547669021163491
-0.10098268729613102, 0.14069586602419812, 0.5490967608018739
-0.10086919763257586, 0.1407759013853617, 0.5487159957044003
-0.10169286257738737, 0.14122484751331085, 0.5488506921551906
-0.10176118320822818, 0.14161615065550986, 0.5471610718077193
-0.10208797264556894, 0.1423404226032142, 0.5489047570668681
-0.10299681226299402, 0.1430942895674115, 0.5487315255072625
-0.10300386330487915, 0.14279734170254135, 0.5456302694886499
-0.10362404898377639, 0.1431681381572595, 0.5463842985963837
-0.1040412712269135, 0.14337007808525384, 0.5463079037688745
-0.10435575750107946, 0.14307556439371508, 0.5449276730392073
-0.10553273676434091, 0.14329479312499835, 0.5455885692326257
-0.10518123844407204, 0.14301376616041145, 0.5430257204141474
-0.10593874863666303, 0.14294337774659321, 0.5449710047963466
-0.10673789651697957, 0.14277018183163634, 0.5443645347031355
-0.10731600367596333, 0.14209742754580093, 0.5424306718118376
-0.1075384936076465, 0.1416302388036566, 0.541308366043447
-0.10764425818975656, 0.14141986006156684, 0.5414329782021492
-0.10851541989804436, 0.1409526718700733, 0.5418871566648075
-0.10945564398279665, 0.14043176009396652, 0.5403741259288659
-0.10920417743107229, 0.14002119954521164, 0.538759108695947
-0.10966175382209242, 0.13965074959781795, 0.5388858082095191
-0.1102465722065635, 0.1390285999314979, 0.5383585494412272
-0.11092350559957427, 0.13881078042129752, 0.5380663531119965
-0.11120254437263413, 0.1385691180828831, 0.536160042753319
-0.1112969093829497, 0.13780401680281734, 0.5356007929654237
-0.11145404946930022, 0.13730568994957276, 0.5353883740656242
-0.11163595244275758, 0.1370076785505418, 0.534403060251893
-0.11127316132158684, 0.13649198842175292, 0.5330211231519348
-0.11135166871312177, 0.13612962555251124, 0.5339064397919792
-0.11120783228684943, 0.13593353450799134, 0.5321438553788816
-0.1108789006380757, 0.13536021148044977, 0.5318170559701536
-0.11148367091799181, 0.1351483705395424, 0.5319785876300847
-0.11063127022004943, 0.1343019918215178, 0.5289648216572382
