[[ 8.99240843e-02  9.95758634e-01 -1.94525531e-02 -2.94448937e+02]
 [-3.91599368e-02  2.30516511e-02  9.98967027e-01  9.07900454e+02]
 [ 9.95178456e-01 -8.90694343e-02  4.10667438e-02 -2.71780419e+02]]

[[ 9.62044285e-02  9.95335280e-01 -7.23801594e-03 -2.94912892e+02]
 [-3.02420907e-02  1.01912918e-02  9.99490647e-01  9.09197342e+02]
 [ 9.94902067e-01 -9.59365338e-02  3.10814672e-02 -2.70854813e+02]]

[[ 9.24756989e-02  9.95454532e-01 -2.27710091e-02 -2.94819877e+02]
 [-4.69745056e-02  2.72050946e-02  9.98525552e-01  9.07829997e+02]
 [ 9.94606274e-01 -9.12696914e-02  4.92767947e-02 -2.71267657e+02]]

[[ 8.80731627e-02  9.96022298e-01 -1.35166747e-02 -2.94210963e+02]
 [-4.72219022e-02  1.77289718e-02  9.98727078e-01  9.09795582e+02]
 [ 9.94994075e-01 -8.73227693e-02  4.85955142e-02 -2.72363498e+02]]

[[ 8.88042715e-02  9.96026316e-01  6.73637226e-03 -2.93857780e+02]
 [-2.84649799e-02 -4.22254982e-03  9.99585872e-01  9.12102074e+02]
 [ 9.95642278e-01 -8.89592458e-02  2.79768886e-02 -2.72048903e+02]]

[[ 8.65432397e-02  9.96174607e-01 -1.21004480e-02 -2.93936483e+02]
 [-4.44447266e-02  1.59945174e-02  9.98883798e-01  9.10018824e+02]
 [ 9.95256215e-01 -8.59088389e-02  4.56589254e-02 -2.72640118e+02]]

[[ 9.40470952e-02  9.95562997e-01  3.07631458e-03 -2.94695935e+02]
 [-3.28020209e-02  1.03214591e-05  9.99461869e-01  9.10912934e+02]
 [ 9.95027221e-01 -9.40973949e-02  3.26574490e-02 -2.71259177e+02]]

[[ 8.92652596e-02  9.95877473e-01 -1.61174751e-02 -2.94375886e+02]
 [-4.77697970e-02  2.04441675e-02  9.98649129e-01  9.08812527e+02]
 [ 9.94861679e-01 -8.83747452e-02  4.93978186e-02 -2.71669117e+02]]

[[ 9.37949226e-02  9.95532648e-01 -1.08286574e-02 -2.94896860e+02]
 [-3.30948096e-02  1.39882813e-02  9.99354322e-01  9.08192759e+02]
 [ 9.95041329e-01 -9.33759890e-02  3.42589932e-02 -2.70920147e+02]]

[[ 8.58390386e-02  9.96293603e-01 -5.54219957e-03 -2.94226060e+02]
 [-4.35277960e-02  9.30758824e-03  9.99008859e-01  9.09078594e+02]
 [ 9.95357720e-01 -8.55127203e-02  4.41654191e-02 -2.71751555e+02]]

[[ 8.87571437e-02  9.95899631e-01 -1.74955464e-02 -2.94429731e+02]
 [-5.12241686e-02  2.21054485e-02  9.98442504e-01  9.08633988e+02]
 [ 9.94735268e-01 -8.77227100e-02  5.29761470e-02 -2.71663860e+02]]

[[ 9.55209004e-02  9.95366342e-01 -1.10273475e-02 -2.94890499e+02]
 [-3.08148740e-02  1.40294973e-02  9.99426644e-01  9.08850967e+02]
 [ 9.94950351e-01 -9.51263266e-02  3.20121987e-02 -2.71020615e+02]]

[[ 8.92491876e-02  9.95914172e-01 -1.37674860e-02 -2.94343195e+02]
 [-4.63917579e-02  1.79642643e-02  9.98761778e-01  9.08921560e+02]
 [ 9.94928333e-01 -8.84999794e-02  4.78055052e-02 -2.71737785e+02]]

[[ 9.92708499e-02  9.95035654e-01 -7.02468497e-03 -2.94906909e+02]
 [-2.74430623e-02  9.79462217e-03  9.99575382e-01  9.11263853e+02]
 [ 9.94681948e-01 -9.90359188e-02  2.82791459e-02 -2.71392551e+02]]

[[ 9.42570663e-02  9.95360098e-01 -1.93359910e-02 -2.94829939e+02]
 [-3.23308595e-02  2.24726798e-02  9.99224546e-01  9.07820420e+02]
 [ 9.95022774e-01 -9.35588251e-02  3.42990564e-02 -2.71375550e+02]]

[[ 8.50764827e-02  9.96370686e-01  2.72926793e-03 -2.93718903e+02]
 [-5.50665468e-02  1.96688507e-03  9.98480749e-01  9.12927816e+02]
 [ 9.94851581e-01 -8.50975215e-02  5.50340286e-02 -2.72951954e+02]]

[[ 9.15264639e-02  9.95793150e-01 -4.34852463e-03 -2.94522341e+02]
 [-3.28609467e-02  7.38477038e-03  9.99432651e-01  9.09112515e+02]
 [ 9.95260300e-01 -9.13316398e-02  3.33986075e-02 -2.70909708e+02]]

[[ 8.74300197e-02  9.96066016e-01 -1.44389694e-02 -2.94307574e+02]
 [-4.19775834e-02  1.81654210e-02  9.98953402e-01  9.08152351e+02]
 [ 9.95285825e-01 -8.67324026e-02  4.34006474e-02 -2.71706019e+02]]

[[ 9.76609044e-02  9.95143246e-01 -1.23396903e-02 -2.95044140e+02]
 [-2.45957867e-02  1.48085721e-02  9.99587792e-01  9.08947176e+02]
 [ 9.94915773e-01 -9.73171434e-02  2.59225495e-02 -2.71241061e+02]]

[[ 9.30207804e-02  9.95578580e-01 -1.30547057e-02 -2.94568127e+02]
 [-2.86237518e-02  1.57801047e-02  9.99465692e-01  9.07587799e+02]
 [ 9.95252639e-01 -9.25974040e-02  2.99650718e-02 -2.71071992e+02]]

[[ 9.04093706e-02  9.95740466e-01 -1.80850539e-02 -2.94477562e+02]
 [-4.47460046e-02  2.22025078e-02  9.98751643e-01  9.08480145e+02]
 [ 9.94898960e-01 -8.94872735e-02  4.65627222e-02 -2.71569894e+02]]

[[ 9.42222524e-02  9.95549940e-01  1.57622764e-03 -2.94771319e+02]
 [-2.78377255e-02  1.05199875e-03  9.99611902e-01  9.09447899e+02]
 [ 9.95161911e-01 -9.42295635e-02  2.78129676e-02 -2.70837312e+02]]

[[ 8.80768359e-02  9.96014808e-01 -1.40347467e-02 -2.94297251e+02]
 [-5.04504361e-02  1.85318288e-02  9.98554618e-01  9.09060297e+02]
 [ 9.94835275e-01 -8.72414722e-02  5.18816062e-02 -2.71807991e+02]]

[[ 9.32286215e-02  9.95475367e-01 -1.83635008e-02 -2.94659436e+02]
 [-2.68451500e-02  2.09503798e-02  9.99420042e-01  9.08244765e+02]
 [ 9.95282755e-01 -9.26815818e-02  2.86768606e-02 -2.71857279e+02]]

[[ 9.50856159e-02  9.95163515e-01 -2.46638300e-02 -2.94919446e+02]
 [-3.00738927e-02  2.76365073e-02  9.99165544e-01  9.07245671e+02]
 [ 9.95014717e-01 -9.42645338e-02  3.25562751e-02 -2.71381880e+02]]

[[ 8.61548340e-02  9.96202791e-01 -1.25436731e-02 -2.94056483e+02]
 [-4.39727567e-02  1.63805212e-02  9.98898431e-01  9.09307417e+02]
 [ 9.95310877e-01 -8.55083486e-02  4.52170441e-02 -2.72246741e+02]]

[[ 8.97188667e-02  9.95924335e-01 -9.23276022e-03 -2.94347016e+02]
 [-2.39080075e-02  1.14210666e-02  9.99648922e-01  9.08565508e+02]
 [ 9.95680135e-01 -8.94666314e-02  2.48352516e-02 -2.71895672e+02]]

[[ 8.87251014e-02  9.95908568e-01 -1.71458655e-02 -2.94293766e+02]
 [-3.91421841e-02  2.06865859e-02  9.99019497e-01  9.08175893e+02]
 [ 9.95286766e-01 -8.79669795e-02  4.08174560e-02 -2.71796614e+02]]

[[ 9.73076942e-02  9.95051969e-01 -2.00696613e-02 -2.95144466e+02]
 [-3.13229563e-02  2.32172452e-02  9.99239627e-01  9.07568103e+02]
 [ 9.94761321e-01 -9.66050629e-02  3.34271859e-02 -2.70950955e+02]]

[[ 9.30715982e-02  9.95571512e-01 -1.32303761e-02 -2.94694221e+02]
 [-3.19967858e-02  1.62719011e-02  9.99355508e-01  9.08520410e+02]
 [ 9.95145157e-01 -9.25882848e-02  3.33695403e-02 -2.71415518e+02]]

[[ 9.04181072e-02  9.95804729e-01 -1.40537502e-02 -2.94407387e+02]
 [-3.26219415e-02  1.70654309e-02  9.99322060e-01  9.08140064e+02]
 [ 9.95369466e-01 -8.98983486e-02  3.40281076e-02 -2.71694476e+02]]

[[ 9.53627046e-02  9.95243256e-01 -1.99202159e-02 -2.94937339e+02]
 [-3.16831965e-02  2.30358976e-02  9.99232467e-01  9.07447376e+02]
 [ 9.94938254e-01 -9.46583744e-02  3.37292532e-02 -2.71123864e+02]]

[[ 9.35204467e-02  9.95415586e-01 -2.00433908e-02 -2.94674846e+02]
 [-2.88123060e-02  2.28290413e-02  9.99324115e-01  9.07269238e+02]
 [ 9.95200370e-01 -9.28797413e-02  3.08152006e-02 -2.71264377e+02]]

[[ 9.56109170e-02  9.95162959e-01 -2.25663028e-02 -2.94829653e+02]
 [-2.48418858e-02  2.50485724e-02  9.99377531e-01  9.08017852e+02]
 [ 9.95108754e-01 -9.49908126e-02  2.71166415e-02 -2.71774295e+02]]

[[ 9.41065211e-02  9.95419988e-01 -1.68229276e-02 -2.94637821e+02]
 [-3.06669513e-02  1.97883103e-02  9.99333758e-01  9.08027820e+02]
 [ 9.95089695e-01 -9.35279155e-02  3.23887053e-02 -2.71378285e+02]]

[[ 9.01086792e-02  9.95770762e-01 -1.79169071e-02 -2.94528190e+02]
 [-3.80364841e-02  2.14178271e-02  9.99046797e-01  9.08059580e+02]
 [ 9.95205331e-01 -8.93412911e-02  3.98055509e-02 -2.71744763e+02]]

[[ 8.95445880e-02  9.95867289e-01 -1.51693703e-02 -2.94423770e+02]
 [-4.08096720e-02  1.88863625e-02  9.98988426e-01  9.08016366e+02]
 [ 9.95146390e-01 -8.88349500e-02  4.23321890e-02 -2.71530106e+02]]

[[ 9.55928835e-02  9.95370992e-01 -9.92918068e-03 -2.94528871e+02]
 [-3.65130912e-02  1.34744225e-02  9.99242330e-01  9.09663461e+02]
 [ 9.94750619e-01 -9.51579106e-02  3.76321308e-02 -2.70874360e+02]]

[[ 8.84940629e-02  9.96073777e-01 -2.41501820e-03 -2.93343641e+02]
 [-5.76847082e-02  7.54530672e-03  9.98306337e-01  9.14586881e+02]
 [ 9.94404986e-01 -8.82048742e-02  5.81259400e-02 -2.72227356e+02]]

[[ 9.00501675e-02  9.95772735e-01  1.81004685e-02 -2.93257276e+02]
 [-4.24996292e-02 -1.43156753e-02  9.98993915e-01  9.16003116e+02]
 [ 9.95030024e-01 -9.07288326e-02  4.10308430e-02 -2.72226303e+02]]

[[ 1.05254744e-01  9.93680373e-01 -3.89968715e-02 -2.94842703e+02]
 [-1.76847000e-02  4.10788524e-02  9.98999389e-01  9.06911668e+02]
 [ 9.94288032e-01 -1.04459777e-01  2.18966834e-02 -2.71455203e+02]]

[[ 8.92990905e-02  9.95993595e-01 -4.73617743e-03 -2.93947520e+02]
 [-4.47589689e-02  8.76329337e-03  9.98959378e-01  9.09669819e+02]
 [ 9.94998647e-01 -8.89941775e-02  4.53622004e-02 -2.71596636e+02]]

[[ 9.01045375e-02  9.95853433e-01 -1.25344313e-02 -2.94858458e+02]
 [-4.93322128e-02  1.70330339e-02  9.98637176e-01  9.08027085e+02]
 [ 9.94709759e-01 -8.93633896e-02  5.06624071e-02 -2.70887749e+02]]

[[ 8.77813716e-02  9.96059839e-01 -1.26185691e-02 -2.94456004e+02]
 [-3.98589080e-02  1.61694702e-02  9.99074480e-01  9.08921779e+02]
 [ 9.95342001e-01 -8.71971658e-02  4.11212357e-02 -2.71745986e+02]]

[[ 9.43993030e-02  9.95328671e-01 -2.02387856e-02 -2.94765284e+02]
 [-3.14163959e-02  2.32978169e-02  9.99234818e-01  9.07486530e+02]
 [ 9.95038583e-01 -9.36912407e-02  3.34689373e-02 -2.71055147e+02]]

[[ 9.10953398e-02  9.95725328e-01 -1.52548608e-02 -2.94647557e+02]
 [-3.74495796e-02  1.87330408e-02  9.99122916e-01  9.09247313e+02]
 [ 9.95137763e-01 -9.04441534e-02  3.89959876e-02 -2.71782018e+02]]

[[ 9.18167213e-02  9.95643690e-01 -1.62274916e-02 -2.94921530e+02]
 [-4.29238087e-02  2.02384973e-02  9.98873340e-01  9.08117701e+02]
 [ 9.94850359e-01 -9.10167294e-02  4.45950518e-02 -2.71020816e+02]]

[[ 8.89309060e-02  9.95959478e-01 -1.24904684e-02 -2.94494900e+02]
 [-4.41443770e-02  1.64689391e-02  9.98889407e-01  9.08919456e+02]
 [ 9.95059078e-01 -8.82807560e-02  4.54306084e-02 -2.71420888e+02]]

[[ 9.05987364e-02  9.95780954e-01 -1.45657357e-02 -2.94690598e+02]
 [-3.80846031e-02  1.80794812e-02  9.99110952e-01  9.08377089e+02]
 [ 9.95158998e-01 -8.99634596e-02  3.95619005e-02 -2.71283008e+02]]

[[ 8.94167103e-02  9.95902046e-01 -1.35560546e-02 -2.94401205e+02]
 [-3.28600150e-02  1.65529432e-02  9.99322880e-01  9.10089118e+02]
 [ 9.95452094e-01 -8.89107123e-02  3.42054659e-02 -2.72517590e+02]]

[[ 8.83533115e-02  9.96037909e-01 -1.01082179e-02 -2.94354191e+02]
 [-3.74491227e-02  1.34623036e-02  9.99207851e-01  9.09050910e+02]
 [ 9.95384979e-01 -8.79047786e-02  3.84901849e-02 -2.71619802e+02]]

[[ 9.44007060e-02  9.95409626e-01 -1.57538120e-02 -2.95060916e+02]
 [-3.89045196e-02  1.95010183e-02  9.99052626e-01  9.08519265e+02]
 [ 9.94773816e-01 -9.36983787e-02  4.05668432e-02 -2.71008194e+02]]

[[ 8.91904376e-02  9.95900109e-01 -1.51009693e-02 -2.94614518e+02]
 [-4.39815508e-02  1.90845823e-02  9.98850040e-01  9.08530735e+02]
 [ 9.95043059e-01 -8.84237081e-02  4.55033934e-02 -2.71380771e+02]]

[[ 9.62153747e-02  9.95209240e-01 -1.73542367e-02 -2.94869391e+02]
 [-2.92370553e-02  2.02533398e-02  9.99367298e-01  9.08613587e+02]
 [ 9.94931051e-01 -9.56471122e-02  3.10456703e-02 -2.71282684e+02]]

[[ 8.98538622e-02  9.95881286e-01 -1.21139188e-02 -2.94591086e+02]
 [-4.62672618e-02  1.63238555e-02  9.98795711e-01  9.09737750e+02]
 [ 9.94879703e-01 -8.91851743e-02  4.75434617e-02 -2.71658525e+02]]

[[ 9.13166187e-02  9.95772490e-01 -9.92081356e-03 -2.94621672e+02]
 [-3.65216875e-02  1.33045986e-02  9.99244291e-01  9.09331015e+02]
 [ 9.95151969e-01 -9.08852851e-02  3.75822227e-02 -2.71480855e+02]]

[[ 8.91675980e-02  9.96014451e-01 -2.08652598e-03 -2.94621866e+02]
 [-4.85027362e-02  6.43454467e-03  9.98802323e-01  9.10543481e+02]
 [ 9.94834973e-01 -8.89596019e-02  4.88831790e-02 -2.71608981e+02]]

[[ 8.89691079e-02  9.95967153e-01 -1.15727308e-02 -2.94594039e+02]
 [-4.36725360e-02  1.55083455e-02  9.98925523e-01  9.09010445e+02]
 [ 9.95076483e-01 -8.83681021e-02  4.48761750e-02 -2.71458813e+02]]

[[ 8.89512317e-02  9.95987187e-01 -9.85908497e-03 -2.94411505e+02]
 [-4.09793526e-02  1.35494327e-02  9.99068119e-01  9.09456216e+02]
 [ 9.95192630e-01 -8.84643208e-02  4.20201488e-02 -2.71746146e+02]]

[[ 9.83128343e-02  9.94862934e-01 -2.41314877e-02 -2.95412447e+02]
 [-3.34177873e-02  2.75357044e-02  9.99062078e-01  9.07965135e+02]
 [ 9.94594308e-01 -9.74142037e-02  3.59532311e-02 -2.71118240e+02]]

[[ 9.25141021e-02  9.95628503e-01 -1.28461806e-02 -2.94855891e+02]
 [-3.93101051e-02  1.65435510e-02  9.99090099e-01  9.08122431e+02]
 [ 9.94935102e-01 -9.19249387e-02  4.06687728e-02 -2.70736057e+02]]

[[ 9.09357570e-02  9.95672859e-01 -1.91375505e-02 -2.94681834e+02]
 [-3.66745355e-02  2.25524194e-02  9.99072754e-01  9.08788231e+02]
 [ 9.95181223e-01 -9.01495764e-02  3.85666610e-02 -2.71889294e+02]]

[[ 9.05071606e-02  9.95815397e-01 -1.26549766e-02 -2.94666352e+02]
 [-4.69655523e-02  1.69608829e-02  9.98752505e-01  9.09098336e+02]
 [ 9.94787762e-01 -8.97999053e-02  4.83041015e-02 -2.71229601e+02]]

[[ 9.45636257e-02  9.95357705e-01 -1.79097587e-02 -2.94997973e+02]
 [-3.57811967e-02  2.13770331e-02  9.99130987e-01  9.08892377e+02]
 [ 9.94875584e-01 -9.38406161e-02  3.76365796e-02 -2.71515455e+02]]

[[ 9.05191711e-02  9.95838211e-01 -1.06083148e-02 -2.94797260e+02]
 [-4.21540175e-02  1.44737566e-02  9.99006281e-01  9.08682746e+02]
 [ 9.95002170e-01 -8.99820374e-02  4.32887338e-02 -2.71128773e+02]]

[[ 9.19735207e-02  9.95600204e-01 -1.79194298e-02 -2.94603887e+02]
 [-3.62396213e-02  2.13305148e-02  9.99115458e-01  9.08880383e+02]
 [ 9.95101784e-01 -9.12427729e-02  3.80420169e-02 -2.71736767e+02]]

[[ 9.20407372e-02  9.95733202e-01 -6.62524105e-03 -2.94769886e+02]
 [-3.21636080e-02  9.62292764e-03  9.99436292e-01  9.09107634e+02]
 [ 9.95235653e-01 -9.17757615e-02  3.29120738e-02 -2.71128202e+02]]

[[ 8.84423924e-02  9.96011963e-01 -1.17521414e-02 -2.94421945e+02]
 [-4.16191509e-02  1.54831936e-02  9.99013572e-01  9.09417111e+02]
 [ 9.95211430e-01 -8.78660362e-02  4.28225429e-02 -2.71759633e+02]]

[[ 9.59480100e-02  9.95207675e-01 -1.88590230e-02 -2.95134531e+02]
 [-3.06709985e-02  2.18933694e-02  9.99289733e-01  9.08225620e+02]
 [ 9.94913699e-01 -9.53014362e-02  3.26246384e-02 -2.71117516e+02]]

[[ 9.15866899e-02  9.95761497e-01 -8.42137199e-03 -2.94815577e+02]
 [-3.29115595e-02  1.14791700e-02  9.99392344e-01  9.08637295e+02]
 [ 9.95253087e-01 -9.12538763e-02  3.38234030e-02 -2.71006468e+02]]

[[ 9.10770027e-02  9.95781368e-01 -1.11555645e-02 -2.94445747e+02]
 [-3.39483160e-02  1.43002312e-02  9.99321277e-01  9.09404484e+02]
 [ 9.95265036e-01 -9.06364740e-02  3.51075228e-02 -2.71787857e+02]]

[[ 9.16427906e-02  9.95778437e-01 -5.18679990e-03 -2.94593761e+02]
 [-3.08776483e-02  8.04784699e-03  9.99490772e-01  9.10032717e+02]
 [ 9.95313101e-01 -9.14359674e-02  3.14848236e-02 -2.71699648e+02]]

[[ 9.25269074e-02  9.95507545e-01 -2.00872749e-02 -2.94840099e+02]
 [-4.32815083e-02  2.41758880e-02  9.98770363e-01  9.08143937e+02]
 [ 9.94769060e-01 -9.15437253e-02  4.53239883e-02 -2.71166027e+02]]

[[ 9.11749238e-02  9.95750365e-01 -1.29747202e-02 -2.94730821e+02]
 [-4.27953800e-02  1.69348034e-02  9.98940322e-01  9.08795292e+02]
 [ 9.94914915e-01 -9.05230497e-02  4.41575447e-02 -2.71242850e+02]]

[[ 9.22063972e-02  9.95612771e-01 -1.59119675e-02 -2.94847780e+02]
 [-3.91778757e-02  1.95951126e-02  9.99040102e-01  9.08897038e+02]
 [ 9.94968881e-01 -9.14944914e-02  4.08127881e-02 -2.71436164e+02]]

[[ 8.95694640e-02  9.95882794e-01 -1.39560519e-02 -2.94630805e+02]
 [-4.35493698e-02  1.79150231e-02  9.98890637e-01  9.08631149e+02]
 [ 9.95028021e-01 -8.88623217e-02  4.49747071e-02 -2.71372014e+02]]

[[ 9.48531268e-02  9.95380849e-01 -1.48273155e-02 -2.94994338e+02]
 [-3.46674542e-02  1.81882794e-02  9.99233383e-01  9.08387772e+02]
 [ 9.94887457e-01 -9.42663855e-02  3.62325352e-02 -2.70781019e+02]]

[[ 9.47573859e-02  9.95310132e-01 -1.94622511e-02 -2.95099696e+02]
 [-4.06914528e-02  2.34063838e-02  9.98897566e-01  9.08069704e+02]
 [ 9.94668409e-01 -9.38609748e-02  4.27185430e-02 -2.70988649e+02]]

[[ 9.72776230e-02  9.94948478e-01 -2.47909133e-02 -2.95215992e+02]
 [-3.57026800e-02  2.83815569e-02  9.98959361e-01  9.08178169e+02]
 [ 9.94616701e-01 -9.62912901e-02  3.82832176e-02 -2.71068361e+02]]

[[ 9.29213791e-02  9.95629286e-01 -9.37779252e-03 -2.94694668e+02]
 [-2.16654087e-02  1.14381503e-02  9.99699844e-01  9.09736096e+02]
 [ 9.95437706e-01 -9.26903145e-02  2.26335640e-02 -2.71959983e+02]]

[[ 8.94990857e-02  9.95915011e-01 -1.19667965e-02 -2.94591477e+02]
 [-4.52931556e-02  1.60723194e-02  9.98844438e-01  9.08668845e+02]
 [ 9.94956503e-01 -8.88536500e-02  4.65465914e-02 -2.71185359e+02]]

[[ 9.01869309e-02  9.95906607e-01 -6.02885392e-03 -2.94699389e+02]
 [-3.77378552e-02  9.46650052e-03  9.99242833e-01  9.08882172e+02]
 [ 9.95209612e-01 -8.98911283e-02  3.84371340e-02 -2.71111307e+02]]

[[ 8.80511349e-02  9.96058138e-01 -1.07323225e-02 -2.94478257e+02]
 [-4.64967010e-02  1.48722382e-02  9.98807726e-01  9.09609471e+02]
 [ 9.95030178e-01 -8.74471362e-02  4.76229349e-02 -2.71716579e+02]]

[[ 8.93668608e-02  9.95954681e-01 -9.37215008e-03 -2.94572265e+02]
 [-4.33994510e-02  1.32947447e-02  9.98969338e-01  9.09779710e+02]
 [ 9.95052788e-01 -8.88680076e-02  4.44119960e-02 -2.71765574e+02]]

[[ 9.40945731e-02  9.95449666e-01 -1.50390974e-02 -2.94985393e+02]
 [-2.82127325e-02  1.77662437e-02  9.99444047e-01  9.08376664e+02]
 [ 9.95163430e-01 -9.36179669e-02  2.97560623e-02 -2.71258758e+02]]

[[ 8.90712499e-02  9.95952925e-01 -1.20034809e-02 -2.94645306e+02]
 [-4.54793139e-02  1.61055820e-02  9.98835443e-01  9.08704038e+02]
 [ 9.94986404e-01 -8.84216112e-02  4.67298000e-02 -2.71289703e+02]]

[[ 8.94364207e-02  9.95934203e-01 -1.07791561e-02 -2.94442852e+02]
 [-4.05612114e-02  1.44555813e-02  9.99072482e-01  9.09743708e+02]
 [ 9.95166275e-01 -8.89162512e-02  4.16891532e-02 -2.71866753e+02]]

[[ 8.99635408e-02  9.95866727e-01 -1.24909717e-02 -2.94576680e+02]
 [-2.89637954e-02  1.51526121e-02  9.99465606e-01  9.08790017e+02]
 [ 9.95523812e-01 -8.95536788e-02  3.02072628e-02 -2.71832768e+02]]

[[ 8.97497223e-02  9.95911319e-01 -1.02777023e-02 -2.94599524e+02]
 [-4.33900154e-02  1.42193631e-02  9.98957014e-01  9.09809902e+02]
 [ 9.95018740e-01 -8.92101650e-02  4.44887914e-02 -2.71712684e+02]]

[[ 8.97359343e-02  9.95906570e-01 -1.08427576e-02 -2.94461760e+02]
 [-3.87443595e-02  1.43690762e-02  9.99145837e-01  9.10280267e+02]
 [ 9.95211704e-01 -8.92391895e-02  3.98751847e-02 -2.72175932e+02]]

[[ 8.95215851e-02  9.95879911e-01 -1.44598668e-02 -2.94777394e+02]
 [-4.74710736e-02  1.87680268e-02  9.98696279e-01  9.08175864e+02]
 [ 9.94852945e-01 -8.87184486e-02  4.89556321e-02 -2.70772633e+02]]

[[ 9.49530107e-02  9.95440415e-01 -9.07221244e-03 -2.96112927e+02]
 [-5.21394434e-02  1.40739412e-02  9.98540636e-01  9.11688015e+02]
 [ 9.94115388e-01 -9.43414196e-02  5.32380723e-02 -2.70810485e+02]]

[[ 8.89219229e-02  9.96014544e-01  6.92240036e-03 -2.95622076e+02]
 [-4.06403128e-02 -3.31604446e-03  9.99168339e-01  9.14349148e+02]
 [ 9.95209152e-01 -8.91292985e-02  4.01834736e-02 -2.72112965e+02]]

[[ 9.33891740e-02  9.95562480e-01  1.15676457e-02 -2.95266559e+02]
 [-5.01949071e-02 -6.89572769e-03  9.98715635e-01  9.15591068e+02]
 [ 9.94363582e-01 -9.38498651e-02  4.93281799e-02 -2.69993528e+02]]

[[ 9.23179084e-02  9.95720393e-01  4.27812335e-03 -2.94145687e+02]
 [-4.19933194e-02 -3.99322768e-04  9.99117812e-01  9.16492410e+02]
 [ 9.94843689e-01 -9.24161192e-02  4.17767399e-02 -2.73439514e+02]]

[[ 9.14170180e-02  9.95802052e-01 -4.60460461e-03 -2.96119197e+02]
 [-4.14515104e-02  8.42522559e-03  9.99104993e-01  9.10130910e+02]
 [ 9.94949597e-01 -9.11443314e-02  4.20477081e-02 -2.71239062e+02]]

[[ 9.01228225e-02  9.95927146e-01  2.64526073e-03 -2.94606984e+02]
 [-5.43048767e-02  2.26197083e-03  9.98521839e-01  9.15666468e+02]
 [ 9.94449022e-01 -9.01332571e-02  5.42875560e-02 -2.73228789e+02]]

[[ 8.41831534e-02  9.96316671e-01  1.63183190e-02 -2.93572784e+02]
 [-5.28044235e-02 -1.18929600e-02  9.98534051e-01  9.16845959e+02]
 [ 9.95050194e-01 -8.49214246e-02  5.16087405e-02 -2.74218350e+02]]

[[ 9.45131544e-02  9.95441208e-01 -1.28087600e-02 -2.94581865e+02]
 [-3.07842045e-02  1.57825549e-02  9.99401443e-01  9.11870074e+02]
 [ 9.95047535e-01 -9.40622753e-02  3.21355247e-02 -2.74136817e+02]]

[[ 9.29992667e-02  9.95271247e-01 -2.80407131e-02 -2.94764813e+02]
 [-3.05773021e-02  3.10043932e-02  9.99051428e-01  9.08135393e+02]
 [ 9.95196546e-01 -9.20536409e-02  3.33160954e-02 -2.72710536e+02]]

[[ 9.58652420e-02  9.94899436e-01 -3.13842002e-02 -2.94907887e+02]
 [-2.09317727e-02  3.35373545e-02  9.99218248e-01  9.07699501e+02]
 [ 9.95174214e-01 -9.51333722e-02  2.40400754e-02 -2.72528994e+02]]

[[ 9.97001249e-02  9.94467885e-01 -3.30682698e-02 -2.95383648e+02]
 [-2.08434973e-02  3.53139155e-02  9.99158884e-01  9.07368905e+02]
 [ 9.94799193e-01 -9.89270072e-02  2.42489905e-02 -2.72161077e+02]]

[[ 9.56610654e-02  9.95150736e-01 -2.28904600e-02 -2.94927200e+02]
 [-2.26074641e-02  2.51620318e-02  9.99427724e-01  9.08832040e+02]
 [ 9.95157205e-01 -9.50888255e-02  2.49048613e-02 -2.72690697e+02]]

[[ 9.63609107e-02  9.95283232e-01 -1.12188737e-02 -2.94623339e+02]
 [-2.33813304e-02  1.35316512e-02  9.99635037e-01  9.11847706e+02]
 [ 9.95071801e-01 -9.60634304e-02  2.45749683e-02 -2.72852667e+02]]

[[ 1.01396675e-01  9.94181350e-01 -3.63614960e-02 -2.95404799e+02]
 [-1.75878821e-02  3.83355530e-02  9.99110130e-01  9.07269765e+02]
 [ 9.94690595e-01 -1.00666923e-01  2.13726420e-02 -2.72323007e+02]]

[[ 1.00001063e-01  9.94480501e-01 -3.17540689e-02 -2.95090231e+02]
 [-1.45716036e-02  3.33743919e-02  9.99336689e-01  9.08537634e+02]
 [ 9.94880624e-01 -9.94720235e-02  1.78286503e-02 -2.72827684e+02]]

[[ 9.41455848e-02  9.95260500e-01 -2.43545834e-02 -2.94615288e+02]
 [-2.50213100e-02  2.68209580e-02  9.99327059e-01  9.09035285e+02]
 [ 9.95243961e-01 -9.34728468e-02  2.74277963e-02 -2.72817317e+02]]

[[ 9.46954828e-02  9.95387433e-01 -1.53825601e-02 -2.94601214e+02]
 [-3.58508155e-02  1.88518015e-02  9.99179328e-01  9.12008557e+02]
 [ 9.94860535e-01 -9.40662915e-02  3.74706317e-02 -2.72658426e+02]]

[[ 1.01578729e-01  9.94469683e-01 -2.66797929e-02 -2.95356263e+02]
 [-2.86837867e-02  2.97351201e-02  9.99146167e-01  9.10070027e+02]
 [ 9.94413899e-01 -1.00726720e-01  3.15456120e-02 -2.72141920e+02]]

[[ 1.00403589e-01  9.94393558e-01 -3.31748583e-02 -2.95340165e+02]
 [-2.15928242e-02  3.55132924e-02  9.99135905e-01  9.07534200e+02]
 [ 9.94712456e-01 -9.96004918e-02  2.50374273e-02 -2.72224353e+02]]

[[ 9.58447410e-02  9.94979637e-01 -2.87977082e-02 -2.94701536e+02]
 [-1.57456985e-02  3.04427652e-02  9.99412483e-01  9.08098338e+02]
 [ 9.95271751e-01 -9.53349906e-02  1.85844283e-02 -2.72876072e+02]]

[[ 9.28332492e-02  9.95635519e-01 -9.58646881e-03 -2.94541049e+02]
 [-3.69821528e-02  1.30693058e-02  9.99230461e-01  9.11810548e+02]
 [ 9.94994627e-01 -9.24072822e-02  3.80340111e-02 -2.72693262e+02]]

[[ 9.82904638e-02  9.94767253e-01 -2.78764747e-02 -2.95146705e+02]
 [-2.17006616e-02  3.01479606e-02  9.99309853e-01  9.08355536e+02]
 [ 9.94921136e-01 -9.76176910e-02  2.45503646e-02 -2.72440713e+02]]

[[ 8.92598489e-02  9.96008359e-01  1.66112950e-04 -2.93976457e+02]
 [-4.33170652e-02  3.71534915e-03  9.99054467e-01  9.13773914e+02]
 [ 9.95065983e-01 -8.91826463e-02  4.34757905e-02 -2.72756121e+02]]

[[ 9.75149828e-02  9.94980512e-01 -2.24634928e-02 -2.95006711e+02]
 [-3.54597023e-02  2.60302601e-02  9.99032049e-01  9.09664650e+02]
 [ 9.94602150e-01 -9.66240444e-02  3.78200531e-02 -2.72139187e+02]]

[[ 9.55593076e-02  9.95087486e-01 -2.58710965e-02 -2.94703169e+02]
 [-2.73802873e-02  2.86077820e-02  9.99215650e-01  9.09512781e+02]
 [ 9.95047104e-01 -9.47759976e-02  2.99795211e-02 -2.72734968e+02]]

[[ 9.98977198e-02  9.94643740e-01 -2.65381986e-02 -2.95202306e+02]
 [-2.14960309e-02  2.88228253e-02  9.99353374e-01  9.09140500e+02]
 [ 9.94765483e-01 -9.92626574e-02  2.42602271e-02 -2.72464951e+02]]

[[ 9.74286444e-02  9.94501192e-01 -3.84062301e-02 -2.95239583e+02]
 [-2.86596245e-02  4.13773434e-02  9.98732467e-01  9.06894177e+02]
 [ 9.94829777e-01 -9.62044423e-02  3.25333692e-02 -2.72424051e+02]]

[[ 9.72384191e-02  9.95129144e-01 -1.62072855e-02 -2.95018399e+02]
 [-3.33563958e-02  1.95338421e-02  9.99252611e-01  9.11279849e+02]
 [ 9.94701986e-01 -9.66251275e-02  3.50933616e-02 -2.72308008e+02]]

[[ 9.78819079e-02  9.94758710e-01 -2.95675601e-02 -2.94893961e+02]
 [-1.68976130e-02  3.13671622e-02  9.99365084e-01  9.08656295e+02]
 [ 9.95054573e-01 -9.73201400e-02  1.98793254e-02 -2.72889231e+02]]

[[ 9.36149334e-02  9.95590668e-01 -5.95541320e-03 -2.94491710e+02]
 [-2.88625108e-02  8.69299935e-03  9.99545590e-01  9.12070547e+02]
 [ 9.95190032e-01 -9.34005057e-02  2.95490409e-02 -2.72562385e+02]]

[[ 1.01052554e-01  9.94377229e-01 -3.16592399e-02 -2.95370128e+02]
 [-2.15215111e-02  3.39995745e-02  9.99190099e-01  9.08445190e+02]
 [ 9.94648282e-01 -1.00289357e-01  2.48362445e-02 -2.72540497e+02]]

[[ 9.46825829e-02  9.95158399e-01 -2.63622652e-02 -2.94862613e+02]
 [-2.88282688e-02  2.92110172e-02  9.99157469e-01  9.08410977e+02]
 [ 9.95090016e-01 -9.38428314e-02  3.14544683e-02 -2.72448177e+02]]

[[ 9.98228600e-02  9.94657851e-01 -2.62898599e-02 -2.95318850e+02]
 [-2.76350280e-02  2.91831258e-02  9.99191999e-01  9.09050839e+02]
 [ 9.94621386e-01 -9.90156820e-02  3.04005406e-02 -2.71999599e+02]]

[[ 1.00726310e-01  9.94315301e-01 -3.45150973e-02 -2.95531508e+02]
 [-2.52538534e-02  3.72355465e-02  9.98987366e-01  9.07591157e+02]
 [ 9.94593612e-01 -9.97526716e-02  2.88608920e-02 -2.71959960e+02]]

[[ 9.76854461e-02  9.94757636e-01 -3.02456369e-02 -2.94893297e+02]
 [-2.46080012e-02  3.27959748e-02  9.99159082e-01  9.08709250e+02]
 [ 9.94913061e-01 -9.68590159e-02  2.76826865e-02 -2.72580357e+02]]

[[ 9.38321244e-02  9.95447780e-01 -1.67107435e-02 -2.94529749e+02]
 [-2.50103898e-02  1.91363461e-02  9.99504017e-01  9.10339438e+02]
 [ 9.95273838e-01 -9.33676431e-02  2.66921410e-02 -2.73001217e+02]]

[[ 1.01802659e-01  9.94367460e-01 -2.94885084e-02 -2.95421629e+02]
 [-2.10965551e-02  3.17937995e-02  9.99271780e-01  9.08662091e+02]
 [ 9.94580894e-01 -1.01106419e-01  2.42144213e-02 -2.72242633e+02]]

[[ 9.44184770e-02  9.95377225e-01 -1.75878151e-02 -2.94818181e+02]
 [-3.61722021e-02  2.10851888e-02  9.99123109e-01  9.10602929e+02]
 [ 9.94875230e-01 -9.36994923e-02  3.79958176e-02 -2.72464227e+02]]

[[ 9.43508155e-02  9.95346659e-01 -1.95691455e-02 -2.94594890e+02]
 [-2.87372414e-02  2.23716488e-02  9.99336620e-01  9.10683877e+02]
 [ 9.95124160e-01 -9.37258619e-02  3.07143005e-02 -2.73089507e+02]]

[[ 8.81322831e-02  9.96108490e-01 -7.60025657e-04 -2.93922849e+02]
 [-4.52936932e-02  4.76963467e-03  9.98962328e-01  9.12570194e+02]
 [ 9.95078480e-01 -8.80064063e-02  4.55377911e-02 -2.73012331e+02]]

[[ 9.63192913e-02  9.95284111e-01 -1.14949068e-02 -2.95803562e+02]
 [-4.75627219e-02  1.61377102e-02  9.98737884e-01  9.07804184e+02]
 [ 9.94213449e-01 -9.56509962e-02  4.88927942e-02 -2.70483711e+02]]

[[ 9.26493858e-02  9.95337509e-01 -2.68204078e-02 -2.94415566e+02]
 [-4.90112789e-02  3.14624401e-02  9.98302564e-01  9.04765224e+02]
 [ 9.94491823e-01 -9.11776169e-02  5.16977400e-02 -2.69569657e+02]]

[[ 9.43033781e-02  9.95543379e-01  5.02814967e-04 -2.92759579e+02]
 [-3.56575598e-02  2.87293880e-03  9.99359937e-01  9.12592378e+02]
 [ 9.94904725e-01 -9.42609472e-02  3.57695754e-02 -2.71627211e+02]]

[[ 8.16993149e-02  9.96655364e-01  1.81854929e-03 -2.93740102e+02]
 [-6.91532956e-02  3.84846632e-03  9.97598622e-01  9.11325584e+02]
 [ 9.94255019e-01 -8.16288826e-02  6.92364201e-02 -2.70565958e+02]]

[[ 8.85189732e-02  9.96072872e-01 -1.79610410e-03 -2.94885713e+02]
 [-3.64523545e-02  5.04141081e-03  9.99322676e-01  9.10486606e+02]
 [ 9.95407262e-01 -8.83935449e-02  3.67554619e-02 -2.72710507e+02]]

[[ 8.94550147e-02  9.95926227e-01 -1.13468617e-02 -2.96806999e+02]
 [-3.54650183e-02  1.45703986e-02  9.99264698e-01  9.09542763e+02]
 [ 9.95359248e-01 -8.89868216e-02  3.66239371e-02 -2.73252187e+02]]

[[ 9.37654009e-02  9.95542525e-01 -1.01553324e-02 -2.96243585e+02]
 [-3.60769454e-02  1.35911343e-02  9.99256591e-01  9.09665075e+02]
 [ 9.94940452e-01 -9.33293215e-02  3.71905115e-02 -2.72793555e+02]]

[[ 9.50810396e-02  9.95449233e-01 -6.35775726e-03 -2.96484064e+02]
 [-4.30011998e-02  1.04878530e-02  9.99019971e-01  9.13136775e+02]
 [ 9.94540342e-01 -9.47144662e-02  4.38027073e-02 -2.74147218e+02]]

[[ 8.94920171e-02  9.95775075e-01 -2.05712959e-02 -2.96866146e+02]
 [-4.93603934e-02  2.50630007e-02  9.98466523e-01  9.06225342e+02]
 [ 9.94763656e-01 -8.83393759e-02  5.13947879e-02 -2.72283350e+02]]

[[ 9.12465021e-02  9.95612523e-01 -2.07311159e-02 -2.96229321e+02]
 [-4.60903328e-02  2.50179360e-02  9.98623945e-01  9.07261454e+02]
 [ 9.94761156e-01 -9.01654379e-02  4.81709117e-02 -2.71258512e+02]]

[[ 9.69625391e-02  9.95284911e-01 -2.49249925e-03 -2.95254443e+02]
 [-4.04687678e-02  6.44474764e-03  9.99160019e-01  9.16203171e+02]
 [ 9.94464954e-01 -9.67802241e-02  4.09028531e-02 -2.74175557e+02]]

[[ 9.23918454e-02  9.95701372e-01  6.52110236e-03 -2.95881735e+02]
 [-5.25303010e-02 -1.66587936e-03  9.98617941e-01  9.15301211e+02]
 [ 9.94336117e-01 -9.26067099e-02  5.21505791e-02 -2.73668760e+02]]

[[ 8.80258376e-02  9.96074575e-01  9.32160339e-03 -2.94444721e+02]
 [-4.92765573e-02 -4.99214902e-03  9.98772697e-01  9.16525815e+02]
 [ 9.94898624e-01 -8.83771397e-02  4.86436878e-02 -2.73703074e+02]]

[[ 7.90550307e-02  9.96860878e-01 -4.32351739e-03 -2.94714850e+02]
 [-6.41002195e-02  9.41142248e-03  9.97899087e-01  9.10026700e+02]
 [ 9.94807250e-01 -7.86118045e-02  6.46430214e-02 -2.72899796e+02]]

[[ 9.17713577e-02  9.95257996e-01 -3.22418968e-02 -2.94589282e+02]
 [-3.39586110e-02  3.54876911e-02  9.98792990e-01  9.08346026e+02]
 [ 9.95200900e-01 -9.05656987e-02  3.70543327e-02 -2.72896163e+02]]

[[ 9.97752995e-02  9.94930866e-01 -1.25483740e-02 -2.94659597e+02]
 [-4.15528920e-02  1.67667155e-02  9.98995613e-01  9.14344694e+02]
 [ 9.94141965e-01 -9.91536653e-02  4.30151589e-02 -2.74163068e+02]]

[[ 9.72554118e-02  9.94916729e-01 -2.61168011e-02 -2.95279941e+02]
 [-5.23178489e-02  3.13155867e-02  9.98139357e-01  9.10506219e+02]
 [ 9.93883407e-01 -9.57080794e-02  5.50975134e-02 -2.72418588e+02]]

[[ 9.59374063e-02  9.95256506e-01 -1.61400527e-02 -2.94996068e+02]
 [-6.11360300e-02  2.20758700e-02  9.97885285e-01  9.12798613e+02]
 [ 9.93508128e-01 -9.47477873e-02  6.29639333e-02 -2.72791419e+02]]

[[ 9.87259264e-02  9.95113826e-01  1.29041678e-03 -2.94836729e+02]
 [-4.52671340e-02  3.19556643e-03  9.98969807e-01  9.14212977e+02]
 [ 9.94084543e-01 -9.86826331e-02  4.53614361e-02 -2.73236988e+02]]

[[ 8.89950160e-02  9.95934665e-01  1.39294720e-02 -2.94109398e+02]
 [-5.68751487e-02 -8.88087308e-03  9.98341799e-01  9.14666273e+02]
 [ 9.94406911e-01 -8.96396851e-02  5.58535787e-02 -2.72578786e+02]]

[[ 8.80014662e-02  9.95927514e-01  1.95991812e-02 -2.93316517e+02]
 [-3.68983430e-02 -1.64028883e-02  9.99184396e-01  9.17338280e+02]
 [ 9.95436715e-01 -8.86528692e-02  3.53045968e-02 -2.74910127e+02]]

[[ 1.08074523e-01  9.93849028e-01 -2.41662282e-02 -2.95613592e+02]
 [-1.38191451e-02  2.58081129e-02  9.99571394e-01  9.09970578e+02]
 [ 9.94046744e-01 -1.07694245e-01  1.65233434e-02 -2.72878698e+02]]

[[ 9.28217208e-02  9.95651500e-01  7.88790388e-03 -2.94618750e+02]
 [-5.03554078e-02 -3.21777297e-03  9.98726178e-01  9.14679491e+02]
 [ 9.94408599e-01 -9.31006811e-02  4.98377581e-02 -2.73404356e+02]]

[[ 9.10763008e-02  9.95834411e-01  4.35128434e-03 -2.94760219e+02]
 [-5.93499564e-02  1.06620427e-03  9.98236668e-01  9.14767852e+02]
 [ 9.94073785e-01 -9.11739516e-02  5.91998348e-02 -2.73129874e+02]]

[[ 9.21901852e-02  9.95673871e-01  1.15979739e-02 -2.94480985e+02]
 [-5.15158321e-02 -6.86273537e-03  9.98648598e-01  9.14864977e+02]
 [ 9.94407909e-01 -9.26630785e-02  5.06602911e-02 -2.73142225e+02]]

[[ 9.05929395e-02  9.95685097e-01  2.01023875e-02 -2.94280943e+02]
 [-2.92253229e-02 -1.75186980e-02  9.99419319e-01  9.14998872e+02]
 [ 9.95459090e-01 -9.11278327e-02  2.75121481e-02 -2.74084318e+02]]

[[ 9.80707576e-02  9.95174597e-01 -3.10600897e-03 -2.93308663e+02]
 [-3.66825167e-02  6.73382368e-03  9.99304282e-01  9.15560917e+02]
 [ 9.94503152e-01 -9.78885918e-02  3.71659000e-02 -2.74192148e+02]]

[[ 9.92045528e-02  9.95033807e-01 -8.13506972e-03 -2.94217268e+02]
 [-1.74674659e-02  9.91552313e-03  9.99798265e-01  9.10880102e+02]
 [ 9.94913737e-01 -9.90424406e-02  1.83643842e-02 -2.73327804e+02]]

[[ 8.58182580e-02  9.96230171e-01  1.26757120e-02 -2.93890289e+02]
 [-6.15330262e-02 -7.39857879e-03  9.98077626e-01  9.15340642e+02]
 [ 9.94408826e-01 -8.64332581e-02  6.06661241e-02 -2.73312355e+02]]

[[ 9.27327228e-02  9.95429649e-01 -2.28135186e-02 -2.94777459e+02]
 [-6.45085214e-02  2.88704713e-02  9.97499447e-01  9.11320600e+02]
 [ 9.93599161e-01 -9.10291734e-02  6.68909322e-02 -2.72547611e+02]]

[[ 9.09714514e-02  9.95770413e-01 -1.28638924e-02 -2.94761794e+02]
 [-3.71202630e-02  1.62991395e-02  9.99177874e-01  9.08050889e+02]
 [ 9.95161435e-01 -9.04191503e-02  3.84460160e-02 -2.71454287e+02]]

[[ 1.05271130e-01  9.93559181e-01 -4.19302210e-02 -2.95002504e+02]
 [-1.32659840e-02  4.35638330e-02  9.98962565e-01  9.06035032e+02]
 [ 9.94355069e-01 -1.04605672e-01  1.77665541e-02 -2.71447144e+02]]

[[ 8.91084825e-02  9.95993175e-01 -7.56793724e-03 -2.94480624e+02]
 [-4.35339537e-02  1.14855278e-02  9.98985925e-01  9.09252501e+02]
 [ 9.95070085e-01 -8.86886576e-02  4.43829787e-02 -2.72103355e+02]]

[[ 9.40182361e-02  9.95570009e-01  9.63505272e-04 -2.95336589e+02]
 [-2.73846366e-02  1.61868331e-03  9.99623660e-01  9.10746115e+02]
 [ 9.95193777e-01 -9.40092385e-02  2.74155086e-02 -2.72064201e+02]]

[[ 9.63495589e-02  9.95335822e-01  4.83357511e-03 -2.95109570e+02]
 [-4.86080589e-02 -1.45173514e-04  9.98817919e-01  9.14956951e+02]
 [ 9.94159957e-01 -9.64706166e-02  4.83673549e-02 -2.71872747e+02]]

[[ 9.41437909e-02  9.95322156e-01 -2.16968170e-02 -2.95187607e+02]
 [-4.53887452e-02  2.60620616e-02  9.98629376e-01  9.08160353e+02]
 [ 9.94523408e-01 -9.30299638e-02  4.76300050e-02 -2.72782744e+02]]

[[ 8.51819158e-02  9.96347396e-01 -5.99233214e-03 -2.94949530e+02]
 [-8.26042041e-02  1.30554111e-02  9.96496915e-01  9.11760778e+02]
 [ 9.92935339e-01 -8.43885245e-02  8.34145686e-02 -2.71564533e+02]]

[[ 8.74836114e-02  9.96002666e-01 -1.80362811e-02 -2.95554317e+02]
 [-7.35996509e-02  2.45187000e-02  9.96986422e-01  9.08066759e+02]
 [ 9.93443360e-01 -8.58925086e-02  7.54504329e-02 -2.70596317e+02]]

[[ 8.88324805e-02  9.95932527e-01 -1.50729032e-02 -2.95330410e+02]
 [-7.21530371e-02  2.15272093e-02  9.97161230e-01  9.10012692e+02]
 [ 9.93429781e-01 -8.74927497e-02  7.37718720e-02 -2.71617746e+02]]

[[ 9.53363841e-02  9.95445012e-01  4.50448203e-04 -2.94430823e+02]
 [-2.68200864e-02  2.11628455e-03  9.99638037e-01  9.10811980e+02]
 [ 9.95083744e-01 -9.53139568e-02  2.68996801e-02 -2.72059654e+02]]

[[ 9.20223639e-02  9.95756894e-01 -3.02816437e-04 -2.94070416e+02]
 [-4.59051331e-02  4.54608244e-03  9.98935459e-01  9.16497144e+02]
 [ 9.94698247e-01 -9.19105015e-02  4.61286940e-02 -2.74407014e+02]]

[[ 9.70019715e-02  9.95282885e-01 -1.61147280e-03 -2.94538680e+02]
 [-3.89935351e-02  5.41823175e-03  9.99224773e-01  9.15173007e+02]
 [ 9.94520046e-01 -9.68639359e-02  3.93351773e-02 -2.73825012e+02]]

[[ 9.63518219e-02  9.94526943e-01 -4.04040456e-02 -2.94860098e+02]
 [-2.70305664e-02  4.31924011e-02  9.98701039e-01  9.07263473e+02]
 [ 9.94980238e-01 -9.51345204e-02  3.10442931e-02 -2.71681975e+02]]

[[ 9.56062836e-02  9.95388442e-01  7.82872412e-03 -2.94753726e+02]
 [-4.42153024e-02 -3.61040561e-03  9.99015501e-01  9.16581025e+02]
 [ 9.94436748e-01 -9.58583087e-02  4.36662235e-02 -2.74152860e+02]]

[[ 9.24941556e-02  9.95525449e-01 -1.93368100e-02 -2.94718599e+02]
 [-5.70280856e-02  2.46846564e-02  9.98067365e-01  9.12647929e+02]
 [ 9.94078784e-01 -9.12126569e-02  5.90560970e-02 -2.72825641e+02]]

[[ 9.83220000e-02  9.94302149e-01 -4.11827642e-02 -2.95155764e+02]
 [-3.86379358e-02  4.51662627e-02  9.98231996e-01  9.07011467e+02]
 [ 9.94404291e-01 -9.65569493e-02  4.28586199e-02 -2.70860945e+02]]

[[ 8.63709837e-02  9.96247683e-01  5.53233309e-03 -2.94016725e+02]
 [-6.16963746e-02 -1.93744112e-04  9.98094945e-01  9.16154470e+02]
 [ 9.94350849e-01 -8.65477672e-02  6.14481364e-02 -2.73848234e+02]]

[[ 9.44496621e-02  9.95209729e-01 -2.52360166e-02 -2.94759118e+02]
 [-5.41770594e-02  3.04501033e-02  9.98066950e-01  9.12107250e+02]
 [ 9.94054379e-01 -9.28998731e-02  5.67935386e-02 -2.72797257e+02]]

[[ 1.03606865e-01  9.94588368e-01 -7.71986491e-03 -2.95508295e+02]
 [-4.10997628e-02  1.20361350e-02  9.99082550e-01  9.14111052e+02]
 [ 9.93768800e-01 -1.03194526e-01  4.21243722e-02 -2.72801645e+02]]

[[ 9.06517641e-02  9.95549802e-01 -2.57458511e-02 -2.94313651e+02]
 [-4.82612224e-02  3.02135042e-02  9.98377683e-01  9.11288932e+02]
 [ 9.94712578e-01 -8.92621720e-02  5.07853578e-02 -2.72966549e+02]]

[[ 9.30860061e-02  9.95400623e-01 -2.26405741e-02 -2.94844086e+02]
 [-5.18837644e-02  2.75578714e-02  9.98272828e-01  9.10374278e+02]
 [ 9.94305321e-01 -9.17505523e-02  5.42103836e-02 -2.71762972e+02]]

[[ 8.99351566e-02  9.95883803e-01 -1.12746669e-02 -2.94627454e+02]
 [-6.40323591e-02  1.70789420e-02  9.97801667e-01  9.13311829e+02]
 [ 9.93887078e-01 -8.90155056e-02  6.53047866e-02 -2.72696437e+02]]

[[ 1.03059179e-01  9.94575703e-01 -1.40704139e-02 -2.95155519e+02]
 [-3.57748466e-02  1.78428771e-02  9.99200577e-01  9.14556476e+02]
 [ 9.94031673e-01 -1.02473424e-01  3.74196654e-02 -2.73676953e+02]]

[[ 9.06265250e-02  9.95755492e-01 -1.60571700e-02 -2.94841849e+02]
 [-5.62961086e-02  2.12200733e-02  9.98188588e-01  9.11087540e+02]
 [ 9.94292503e-01 -8.95584068e-02  5.79802608e-02 -2.71860754e+02]]

[[ 9.29510524e-02  9.95670408e-01 -7.35214545e-04 -2.94700753e+02]
 [-5.63195321e-02  5.99494985e-03  9.98394797e-01  9.15177277e+02]
 [ 9.94076563e-01 -9.27604402e-02  5.66329284e-02 -2.73417848e+02]]

[[ 8.83409904e-02  9.95989523e-01 -1.41682410e-02 -2.94362014e+02]
 [-5.70321579e-02  1.92580594e-02  9.98186586e-01  9.12876343e+02]
 [ 9.94456235e-01 -8.73727462e-02  5.85047078e-02 -2.72948006e+02]]

[[ 9.29015110e-02  9.95532468e-01 -1.68645998e-02 -2.95013025e+02]
 [-6.52597692e-02  2.29896210e-02  9.97603448e-01  9.13252643e+02]
 [ 9.93534333e-01 -9.15782878e-02  6.71039896e-02 -2.72671672e+02]]

[[ 9.90521659e-02  9.95063446e-01 -6.11611453e-03 -2.94722487e+02]
 [-3.86431370e-02  9.98823480e-03  9.99203154e-01  9.15437696e+02]
 [ 9.94331623e-01 -9.87368908e-02  3.94417293e-02 -2.73977257e+02]]

[[ 9.31962549e-02  9.95324047e-01 -2.53869829e-02 -2.94819849e+02]
 [-5.56544994e-02  3.06658600e-02  9.97979049e-01  9.11263726e+02]
 [ 9.94091060e-01 -9.15950100e-02  5.82522049e-02 -2.72320851e+02]]

[[ 8.67576306e-02  9.96226763e-01  2.31294364e-03 -2.94277737e+02]
 [-7.14273311e-02  3.90458066e-03  9.97438164e-01  9.15740505e+02]
 [ 9.93665562e-01 -8.67005792e-02  7.14965710e-02 -2.73279231e+02]]

[[ 9.16261761e-02  9.95608242e-01 -1.92060586e-02 -2.94970819e+02]
 [-6.39474850e-02  2.51303006e-02  9.97636801e-01  9.11862546e+02]
 [ 9.93738076e-01 -9.01814661e-02  6.59692365e-02 -2.72192898e+02]]

[[ 9.54821887e-02  9.95143308e-01 -2.39363409e-02 -2.95168856e+02]
 [-6.17593545e-02  2.99221506e-02  9.97642444e-01  9.12136221e+02]
 [ 9.93513429e-01 -9.37787912e-02  6.43164408e-02 -2.72337826e+02]]

[[ 8.85349135e-02  9.96031596e-01 -9.09009314e-03 -2.94785303e+02]
 [-6.96263998e-02  1.52920194e-02  9.97455923e-01  9.13102976e+02]
 [ 9.93636620e-01 -8.76767634e-02  7.07039717e-02 -2.72491769e+02]]

[[ 9.83832310e-02  9.95021830e-01 -1.58838890e-02 -2.94761817e+02]
 [-4.07092370e-02  1.99720817e-02  9.98971408e-01  9.13915679e+02]
 [ 9.94315593e-01 -9.76354138e-02  4.24714974e-02 -2.73585704e+02]]

[[ 8.80001785e-02  9.96093723e-01 -7.29814736e-03 -2.94371207e+02]
 [-6.11117066e-02  1.27114113e-02  9.98049988e-01  9.14241109e+02]
 [ 9.94244099e-01 -8.73825749e-02  6.19915938e-02 -2.73183287e+02]]

[[ 9.23794769e-02  9.95635487e-01 -1.32668593e-02 -2.94886825e+02]
 [-6.79667330e-02  1.95978935e-02  9.97495086e-01  9.13410464e+02]
 [ 9.93401508e-01 -9.12463691e-02  6.94805344e-02 -2.72441907e+02]]

[[ 9.16629063e-02  9.95622803e-01 -1.82522787e-02 -2.95169569e+02]
 [-6.94490288e-02  2.46765511e-02  9.97280252e-01  9.12208899e+02]
 [ 9.93365363e-01 -9.01460032e-02  7.14069611e-02 -2.72136644e+02]]

[[ 8.94038490e-02  9.95993834e-01 -1.79817536e-03 -2.94707846e+02]
 [-6.84528777e-02  7.94568303e-03  9.97622709e-01  9.14622405e+02]
 [ 9.93640355e-01 -8.90682197e-02  6.88890188e-02 -2.72881197e+02]]

[[ 9.70354014e-02  9.94782126e-01 -3.15063967e-02 -2.94828228e+02]
 [-4.84400244e-02  3.63385852e-02  9.98164852e-01  9.11578400e+02]
 [ 9.94101451e-01 -9.53311565e-02  5.17133996e-02 -2.72737643e+02]]

[[ 9.80273862e-02  9.95069828e-01 -1.50555309e-02 -2.94613539e+02]
 [-3.99174965e-02  1.90477140e-02  9.99021410e-01  9.14462450e+02]
 [ 9.94382836e-01 -9.73304785e-02  4.15878940e-02 -2.74038560e+02]]

[[ 9.77157341e-02  9.95094370e-01 -1.54540977e-02 -2.95117389e+02]
 [-5.79989871e-02  2.11959984e-02  9.98091603e-01  9.14267028e+02]
 [ 9.93522900e-01 -9.66329316e-02  5.97856481e-02 -2.73045052e+02]]

[[ 9.76770616e-02  9.95181007e-01 -8.59965216e-03 -2.94843616e+02]
 [-4.26944509e-02  1.28231663e-02  9.99005881e-01  9.15239028e+02]
 [ 9.94301954e-01 -9.72128016e-02  4.37412359e-02 -2.73946237e+02]]

[[ 9.48897236e-02  9.95404094e-01 -1.29084996e-02 -2.94955157e+02]
 [-5.96910858e-02  1.86329433e-02  9.98042979e-01  9.14114085e+02]
 [ 9.93696591e-01 -9.39335000e-02  6.11848260e-02 -2.73049968e+02]]

[[ 9.24776132e-02  9.95494726e-01 -2.09318391e-02 -2.94480940e+02]
 [-5.47926813e-02  2.60778492e-02  9.98157156e-01  9.12795718e+02]
 [ 9.94206042e-01 -9.11602798e-02  5.69574425e-02 -2.73162287e+02]]

[[ 9.72911331e-02  9.95244150e-01 -4.84946151e-03 -2.94769893e+02]
 [-4.67153884e-02  9.43380988e-03  9.98863692e-01  9.15209988e+02]
 [ 9.94158995e-01 -9.69540360e-02  4.74110430e-02 -2.73650750e+02]]

[[ 9.58822768e-02  9.95386137e-01 -3.60926260e-03 -2.94676830e+02]
 [-4.83589466e-02  8.27988413e-03  9.98795703e-01  9.16295301e+02]
 [ 9.94217281e-01 -9.55922659e-02  4.89297192e-02 -2.74192373e+02]]

[[ 9.97716204e-02  9.94534942e-01 -3.07550335e-02 -2.95187229e+02]
 [-4.85051635e-02  3.57338941e-02  9.98183519e-01  9.11447066e+02]
 [ 9.93827386e-01 -9.80986092e-02  5.18053085e-02 -2.72444756e+02]]

[[ 9.80260544e-02  9.95178962e-01 -3.11870650e-03 -2.94624208e+02]
 [-4.30326693e-02  7.36958459e-03  9.99046485e-01  9.16308375e+02]
 [ 9.94253027e-01 -9.77983788e-02  4.35476184e-02 -2.74189838e+02]]

[[ 9.28288756e-02  9.95390858e-01 -2.40798557e-02 -2.94686133e+02]
 [-5.17861466e-02  2.89782337e-02  9.98237676e-01  9.10368090e+02]
 [ 9.94334448e-01 -9.14182781e-02  5.42374738e-02 -2.71873153e+02]]

[[ 1.04747999e-01  9.94451582e-01 -9.69055280e-03 -2.95433490e+02]
 [-2.65780543e-02  1.25399421e-02  9.99568085e-01  9.13091051e+02]
 [ 9.94143583e-01 -1.04445201e-01  2.77441220e-02 -2.73293956e+02]]

[[ 9.28283021e-02  9.95414949e-01 -2.30648230e-02 -2.94560475e+02]
 [-5.39766240e-02  2.81617191e-02  9.98145000e-01  9.12400469e+02]
 [ 9.94217999e-01 -9.14111443e-02  5.63433430e-02 -2.73019271e+02]]

[[ 1.02825453e-01  9.94644564e-01 -1.04459194e-02 -2.95196264e+02]
 [-2.79022898e-02  1.33816468e-02  9.99521082e-01  9.13953862e+02]
 [ 9.94307995e-01 -1.02484743e-01  2.91288348e-02 -2.73715542e+02]]

[[ 9.65137936e-02  9.95316145e-01  5.55508884e-03 -2.94542589e+02]
 [-4.10139590e-02 -1.59948652e-03  9.99157293e-01  9.16127427e+02]
 [ 9.94486271e-01 -9.66602970e-02  4.06674831e-02 -2.74026955e+02]]

[[ 8.99946547e-02  9.95740733e-01 -2.00338365e-02 -2.94872476e+02]
 [-6.99743385e-02  2.63874438e-02  9.97199727e-01  9.11538203e+02]
 [ 9.93481029e-01 -8.83407907e-02  7.20510280e-02 -2.71980856e+02]]

[[ 1.00856610e-01  9.94897190e-01 -2.74322472e-03 -2.95033501e+02]
 [-2.92722053e-02  5.72350560e-03  9.99555091e-01  9.14702205e+02]
 [ 9.94470252e-01 -1.00731438e-01  2.97000882e-02 -2.73899900e+02]]

[[ 9.77212965e-02  9.94658291e-01 -3.32480557e-02 -2.95101678e+02]
 [-3.73428424e-02  3.70491196e-02  9.98615479e-01  9.08958249e+02]
 [ 9.94512976e-01 -9.63444224e-02  4.07638558e-02 -2.71703092e+02]]

[[ 9.77715557e-02  9.95178623e-01 -7.76084088e-03 -2.94800169e+02]
 [-4.51390069e-02  1.22246002e-02  9.98905916e-01  9.14673795e+02]
 [ 9.94184688e-01 -9.73142687e-02  4.61165929e-02 -2.73513583e+02]]

[[ 9.57515582e-02  9.94949817e-01 -3.01081506e-02 -2.95036073e+02]
 [-4.53426073e-02  3.45754012e-02  9.98372971e-01  9.09180734e+02]
 [ 9.94372006e-01 -9.42305856e-02  4.84242674e-02 -2.71539804e+02]]

[[ 1.00201893e-01  9.94200759e-01 -3.90439773e-02 -2.95710545e+02]
 [-4.91711263e-02  4.41416736e-02  9.97814468e-01  9.08327071e+02]
 [ 9.93751368e-01 -9.80630621e-02  5.33090503e-02 -2.71041994e+02]]

[[ 9.86648261e-02  9.95098406e-01 -6.66447136e-03 -2.94692261e+02]
 [-3.77788146e-02  1.04379532e-02  9.99231610e-01  9.14942244e+02]
 [ 9.94403345e-01 -9.83372372e-02  3.86234971e-02 -2.73958619e+02]]

[[ 9.59666967e-02  9.94957102e-01 -2.91677491e-02 -2.94930641e+02]
 [-4.99565205e-02  3.40803914e-02  9.98169762e-01  9.11139500e+02]
 [ 9.94130142e-01 -9.43339355e-02  5.29751775e-02 -2.72387528e+02]]

[[ 9.18320175e-02  9.95729769e-01 -9.43966858e-03 -2.94791363e+02]
 [-5.53298177e-02  1.45674603e-02  9.98361858e-01  9.13194572e+02]
 [ 9.94236135e-01 -9.11592885e-02  5.64313059e-02 -2.72946899e+02]]

[[ 9.72462227e-02  9.95259913e-01 -9.36359883e-04 -2.94970949e+02]
 [-4.18454186e-02  5.02867312e-03  9.99111442e-01  9.14868512e+02]
 [ 9.94380276e-01 -9.71206314e-02  4.21360872e-02 -2.73616380e+02]]

[[ 9.89492867e-02  9.94431833e-01 -3.62542069e-02 -2.95210874e+02]
 [-4.21259595e-02  4.05864512e-02  9.98287606e-01  9.08688363e+02]
 [ 9.94200403e-01 -9.72526033e-02  4.59073955e-02 -2.71375021e+02]]

[[ 9.56628679e-02  9.95411072e-01  2.32649786e-03 -2.94306522e+02]
 [-3.68294112e-02  1.20381352e-03  9.99320842e-01  9.16595192e+02]
 [ 9.94732230e-01 -9.56835813e-02  3.67755639e-02 -2.74685610e+02]]

[[ 9.37524956e-02  9.95480755e-01 -1.51173915e-02 -2.94563251e+02]
 [-4.98168578e-02  1.98558253e-02  9.98560978e-01  9.13205895e+02]
 [ 9.94348405e-01 -9.28644828e-02  5.14532564e-02 -2.73239022e+02]]

[[ 9.47435882e-02  9.95379493e-01 -1.55986368e-02 -2.94697886e+02]
 [-4.84554494e-02  2.02615697e-02  9.98619817e-01  9.12850807e+02]
 [ 9.94321740e-01 -9.38569857e-02  5.01512145e-02 -2.72876004e+02]]

[[ 9.99242961e-02  9.94965816e-01 -7.62630669e-03 -2.95125668e+02]
 [-4.15882659e-02  1.18344290e-02  9.99064744e-01  9.14581229e+02]
 [ 9.94125521e-01 -9.95136764e-02  4.25614499e-02 -2.73554508e+02]]

[[ 9.47864346e-02  9.95269052e-01 -2.13318023e-02 -2.95154595e+02]
 [-5.37443091e-02  2.65131260e-02  9.98202687e-01  9.12384414e+02]
 [ 9.94045814e-01 -9.34696107e-02  5.60031322e-02 -2.72808009e+02]]

[[ 9.40505518e-02  9.95283704e-01 -2.37663977e-02 -2.94827577e+02]
 [-4.32424036e-02  2.79335990e-02  9.98674025e-01  9.10399778e+02]
 [ 9.94627864e-01 -9.28981269e-02  4.56656300e-02 -2.72051133e+02]]

[[ 9.47889249e-02  9.95496581e-01 -1.27188408e-03 -2.94835346e+02]
 [-4.70175409e-02  5.75310720e-03  9.98877496e-01  9.14992916e+02]
 [ 9.94386449e-01 -9.46227232e-02  4.73511320e-02 -2.73653109e+02]]

[[ 9.52893682e-02  9.94952153e-01 -3.14666447e-02 -2.94956619e+02]
 [-4.37274958e-02  3.57636925e-02  9.98403157e-01  9.09558077e+02]
 [ 9.94488734e-01 -9.37612485e-02  4.69146658e-02 -2.71986253e+02]]

[[ 9.41275224e-02  9.95268637e-01 -2.40904691e-02 -2.94761953e+02]
 [-5.09012291e-02  2.89774201e-02  9.98283213e-01  9.11418631e+02]
 [ 9.94258052e-01 -9.27396910e-02  5.33879696e-02 -2.72393388e+02]]

[[ 1.00372292e-01  9.94937944e-01 -4.88770908e-03 -2.95136520e+02]
 [-3.49684816e-02  8.43712158e-03  9.99352801e-01  9.14517084e+02]
 [ 9.94335260e-01 -1.00136415e-01  3.56383224e-02 -2.73663504e+02]]

[[ 9.75355426e-02  9.94285305e-01 -4.33998889e-02 -2.94985165e+02]
 [-3.20215678e-02  4.67204497e-02  9.98394621e-01  9.07319734e+02]
 [ 9.94716762e-01 -9.59892286e-02  3.63954787e-02 -2.71486185e+02]]

[[ 8.84893497e-02  9.96075443e-01 -1.82948500e-03 -2.94477770e+02]
 [-6.49308634e-02  7.60109219e-03  9.97860815e-01  9.14700477e+02]
 [ 9.93958559e-01 -8.81812645e-02  6.53486542e-02 -2.73221998e+02]]

[[ 8.73205810e-02  9.96079611e-01 -1.41606609e-02 -2.94408406e+02]
 [-5.93661835e-02  1.93929351e-02  9.98047880e-01  9.12305828e+02]
 [ 9.94409761e-01 -8.63094563e-02  6.08268473e-02 -2.72704488e+02]]

[[ 1.03140511e-01  9.93507362e-01 -4.80120533e-02 -2.95587536e+02]
 [-2.74645545e-02  5.10956572e-02  9.98316048e-01  9.06778240e+02]
 [ 9.94287551e-01 -1.01648197e-01  3.25562692e-02 -2.71007054e+02]]

[[ 9.70238932e-02  9.95199768e-01 -1.27979073e-02 -2.95125041e+02]
 [-5.00124228e-02  1.77173279e-02  9.98591435e-01  9.13579799e+02]
 [ 9.94024709e-01 -9.62471744e-02  5.14913557e-02 -2.73095495e+02]]

[[ 9.89451181e-02  9.94368012e-01 -3.79752687e-02 -2.95216045e+02]
 [-4.14985152e-02  4.22526546e-02  9.98244753e-01  9.08277087e+02]
 [ 9.94227206e-01 -9.71955277e-02  4.54454899e-02 -2.71223577e+02]]

[[ 1.01795925e-01  9.94745772e-01 -1.08829231e-02 -2.95162487e+02]
 [-4.19981320e-02  1.52273045e-02  9.99001645e-01  9.14821415e+02]
 [ 9.93918380e-01 -1.01237234e-01  4.33275418e-02 -2.73562661e+02]]

[[ 9.42515258e-02  9.95471703e-01 -1.23587076e-02 -2.94706006e+02]
 [-6.08334109e-02  1.81496076e-02  9.97982910e-01  9.14534455e+02]
 [ 9.93688053e-01 -9.33095896e-02  6.22685674e-02 -2.73217960e+02]]

[[ 9.12916847e-02  9.95791150e-01 -8.11253729e-03 -2.94557492e+02]
 [-6.20168629e-02  1.38159187e-02  9.97979473e-01  9.14985749e+02]
 [ 9.93891210e-01 -9.06041133e-02  6.30171218e-02 -2.73786564e+02]]

[[ 9.08671903e-02  9.95792052e-01 -1.18888062e-02 -2.96221882e+02]
 [-6.22816774e-02  1.75972904e-02  9.97903466e-01  9.12219261e+02]
 [ 9.93913551e-01 -8.99362293e-02  6.36186157e-02 -2.72054655e+02]]

[[ 9.33609332e-02  9.95610127e-01 -6.64911893e-03 -2.95719814e+02]
 [-6.08852601e-02  1.23749022e-02  9.98068057e-01  9.12949063e+02]
 [ 9.93768948e-01 -9.27757319e-02  6.17733139e-02 -2.71341081e+02]]

[[ 8.59171667e-02  9.96260461e-01  9.12875353e-03 -2.94788459e+02]
 [-5.82443492e-02 -4.12441234e-03  9.98293837e-01  9.15689970e+02]
 [ 9.94598329e-01 -8.63022763e-02  5.76721843e-02 -2.73184368e+02]]

[[ 9.13737469e-02  9.95606396e-01 -2.04631865e-02 -2.96601079e+02]
 [-5.04456121e-02  2.51505579e-02  9.98410081e-01  9.08505678e+02]
 [ 9.94538123e-01 -9.01961921e-02  5.25220748e-02 -2.70687615e+02]]

[[ 8.99371310e-02  9.95929608e-01 -5.96064480e-03 -2.94708208e+02]
 [-4.31754931e-02  9.87808309e-03  9.99018669e-01  9.10427220e+02]
 [ 9.95011150e-01 -8.95915191e-02  4.38881584e-02 -2.72353622e+02]]

[[ 9.13606671e-02  9.95711085e-01 -1.45829762e-02 -2.94239424e+02]
 [-3.38062836e-02  1.77369823e-02  9.99271002e-01  9.09940824e+02]
 [ 9.95243871e-01 -9.08010690e-02  3.52817539e-02 -2.73352706e+02]]

[[ 9.37386104e-02  9.95411002e-01 -1.92356450e-02 -2.95085596e+02]
 [-4.67426422e-02  2.36995586e-02  9.98625784e-01  9.09633345e+02]
 [ 9.94498968e-01 -9.27106685e-02  4.87497040e-02 -2.71067829e+02]]

[[ 9.23592105e-02  9.95578012e-01 -1.71522189e-02 -2.94841970e+02]
 [-3.22404455e-02  2.02068548e-02  9.99275856e-01  9.10748902e+02]
 [ 9.95203663e-01 -9.17393340e-02  3.39641678e-02 -2.72802632e+02]]

[[ 9.01723802e-02  9.95505664e-01 -2.89381286e-02 -2.94404882e+02]
 [-2.90984724e-02  3.16775939e-02  9.99074476e-01  9.09634395e+02]
 [ 9.95500990e-01 -8.92468682e-02  3.18241381e-02 -2.74748909e+02]]

[[ 8.13072780e-02  9.96669022e-01 -6.32348575e-03 -2.94111205e+02]
 [-5.39957084e-02  1.07399141e-02  9.98483409e-01  9.13819682e+02]
 [ 9.95225397e-01 -8.08425270e-02  5.46890830e-02 -2.73627544e+02]]

[[ 8.58275687e-02  9.96304528e-01 -3.30397050e-03 -2.97329202e+02]
 [-8.06232822e-02  1.02506219e-02  9.96691934e-01  9.13282449e+02]
 [ 9.93042554e-01 -8.52772685e-02  8.12051270e-02 -2.70121513e+02]]

[[ 8.59729160e-02  9.96293214e-01  2.91367113e-03 -2.96700141e+02]
 [-4.57629515e-02  1.02756634e-03  9.98951799e-01  9.11790951e+02]
 [ 9.95245904e-01 -8.60161373e-02  4.56816609e-02 -2.73271269e+02]]

[[ 8.71238835e-02  9.96197484e-01 -3.93109842e-05 -2.95389965e+02]
 [-5.28421112e-02  4.66078829e-03  9.98592003e-01  9.08390470e+02]
 [ 9.94795024e-01 -8.69991360e-02  5.30472442e-02 -2.77167562e+02]]

[[ 1.04281769e-01  9.94516607e-01  7.87599312e-03 -2.94831005e+02]
 [-4.43459399e-02 -3.26161471e-03  9.99010911e-01  9.10350893e+02]
 [ 9.93558629e-01 -1.04527894e-01  4.37626467e-02 -2.77755825e+02]]

[[ 1.05642668e-01  9.94151479e-01 -2.24157088e-02 -2.94905289e+02]
 [-1.22033951e-02  2.38362765e-02  9.99641390e-01  9.07579663e+02]
 [ 9.94329273e-01 -1.05331236e-01  1.46501512e-02 -2.75757689e+02]]

[[ 1.09705182e-01  9.93926793e-01 -8.61993797e-03 -2.94891645e+02]
 [ 3.09719046e-03  8.33041200e-03  9.99960505e-01  9.09597145e+02]
 [ 9.93959345e-01 -1.09727547e-01 -2.16449121e-03 -2.73268857e+02]]

[[ 1.03776158e-01  9.94474722e-01 -1.58283588e-02 -2.94921047e+02]
 [-5.88744038e-03  1.65282213e-02  9.99846066e-01  9.09381640e+02]
 [ 9.94583253e-01 -1.03666995e-01  7.57014594e-03 -2.73659232e+02]]

[[ 8.95102095e-02  9.95976913e-01 -4.23205319e-03 -2.94275966e+02]
 [-3.94923389e-02  7.79495027e-03  9.99189468e-01  9.10299077e+02]
 [ 9.95202631e-01 -8.92705250e-02  4.00311854e-02 -2.74760825e+02]]

[[ 9.71300135e-02  9.95267402e-01 -2.92551529e-03 -2.95209298e+02]
 [-4.57092448e-02  7.39712455e-03  9.98927399e-01  9.10259417e+02]
 [ 9.94221517e-01 -9.68921086e-02  4.62114041e-02 -2.72954841e+02]]

[[ 1.00710712e-01  9.94767841e-01  1.71550158e-02 -2.93971259e+02]
 [-1.55354832e-02 -1.56682285e-02  9.99756548e-01  9.14846425e+02]
 [ 9.94794452e-01 -1.00952705e-01  1.38762406e-02 -2.76653226e+02]]

[[ 9.43159744e-02  9.95537106e-01  3.21996331e-03 -2.95049790e+02]
 [-6.53809242e-02  2.96664579e-03  9.97855968e-01  9.11595809e+02]
 [ 9.93393090e-01 -9.43242821e-02  6.53689381e-02 -2.73433616e+02]]

[[ 9.43629532e-02  9.95494954e-01 -9.24285163e-03 -2.94101610e+02]
 [-4.08854876e-02  1.31516472e-02  9.99077280e-01  9.10302090e+02]
 [ 9.94697949e-01 -9.38979841e-02  4.19423249e-02 -2.72629285e+02]]

[[ 9.64081500e-02  9.95194705e-01 -1.71163078e-02 -2.95379974e+02]
 [-3.32348296e-02  2.04054491e-02  9.99239242e-01  9.08761755e+02]
 [ 9.94786869e-01 -9.57659492e-02  3.50423781e-02 -2.71815153e+02]]

[[ 9.87581272e-02  9.95012829e-01 -1.40107911e-02 -2.95776655e+02]
 [-3.32245629e-02  1.73687578e-02  9.99296980e-01  9.08085175e+02]
 [ 9.94556665e-01 -9.82231958e-02  3.47741723e-02 -2.70972316e+02]]

[[ 8.70307247e-02  9.96204097e-01  1.74635120e-03 -2.94698406e+02]
 [-5.53980611e-02  3.08939940e-03  9.98459569e-01  9.10826341e+02]
 [ 9.94664118e-01 -8.69934043e-02  5.54566481e-02 -2.71692677e+02]]

[[ 9.76184499e-02  9.95218119e-01  3.39625958e-03 -2.95197128e+02]
 [-4.77462681e-02  1.27462843e-03  9.98858683e-01  9.10920283e+02]
 [ 9.94077931e-01 -9.76691950e-02  4.76423783e-02 -2.74587569e+02]]

[[ 1.05069070e-01  9.94398809e-01 -1.14673370e-02 -2.94744502e+02]
 [-2.23644994e-02  1.38909854e-02  9.99653375e-01  9.03261700e+02]
 [ 9.94213418e-01 -1.04776189e-01  2.36987445e-02 -2.80814230e+02]]

[[ 1.03152944e-01  9.94526208e-01 -1.66460991e-02 -2.94482068e+02]
 [-3.91274995e-02  2.07796150e-02  9.99018141e-01  9.08059184e+02]
 [ 9.93895623e-01 -1.02400342e-01  4.10568021e-02 -2.74916281e+02]]

[[ 1.10084894e-01  9.93872911e-01 -9.89715423e-03 -2.94805243e+02]
 [-3.38961745e-02  1.37059712e-02  9.99331374e-01  9.04619522e+02]
 [ 9.93344032e-01 -1.09675812e-01  3.51973100e-02 -2.77151566e+02]]

[[ 1.00318429e-01  9.94936924e-01  6.06051414e-03 -2.93564083e+02]
 [-6.04444739e-03 -5.48169715e-03  9.99966707e-01  9.09451904e+02]
 [ 9.94937022e-01 -1.00351722e-01  5.46392865e-03 -2.74475454e+02]]

[[ 9.66661099e-02  9.95314161e-01  2.32052772e-03 -2.94960032e+02]
 [-6.21998787e-02  3.71400506e-03  9.98056803e-01  9.08045956e+02]
 [ 9.93371450e-01 -9.66226051e-02  6.22674385e-02 -2.70387220e+02]]

[[ 9.03350647e-02  9.95869811e-01  9.10466559e-03 -2.93362833e+02]
 [-5.72628905e-02 -3.93305285e-03  9.98351387e-01  9.08145529e+02]
 [ 9.94263817e-01 -9.07074966e-02  5.66710914e-02 -2.74164166e+02]]

[[ 1.17670322e-01  9.92968945e-01 -1.28984055e-02 -2.95120193e+02]
 [-3.45216812e-04  1.30295430e-02  9.99915052e-01  9.06672734e+02]
 [ 9.93052655e-01 -1.17655874e-01  1.87598010e-03 -2.73300545e+02]]

[[ 8.33639009e-02  9.96473700e-01  9.51970131e-03 -2.91221657e+02]
 [-3.58484280e-02 -6.54800361e-03  9.99335786e-01  9.17814518e+02]
 [ 9.95874164e-01 -8.36497958e-02  3.51761486e-02 -2.74188500e+02]]

[[ 1.09481115e-01  9.93761233e-01 -2.12719624e-02 -2.95675322e+02]
 [-1.36936786e-02  2.29064933e-02  9.99643824e-01  9.07508730e+02]
 [ 9.93894546e-01 -1.09150829e-01  1.61160753e-02 -2.70537320e+02]]

[[ 1.01593430e-01  9.94237000e-01 -3.42280897e-02 -2.94708551e+02]
 [-3.40144354e-02  3.78575488e-02  9.98704072e-01  9.08941414e+02]
 [ 9.94244333e-01 -1.00297523e-01  3.76644885e-02 -2.72847328e+02]]

[[ 9.97959915e-02  9.94719359e-01 -2.39615908e-02 -2.95111040e+02]
 [-3.59524202e-02  2.76709463e-02  9.98970341e-01  9.07963688e+02]
 [ 9.94358177e-01 -9.88317585e-02  3.85240179e-02 -2.71798266e+02]]

[[ 9.65015291e-02  9.95189651e-01 -1.68823643e-02 -2.94837057e+02]
 [-5.07440436e-02  2.18586010e-02  9.98472455e-01  9.10467752e+02]
 [ 9.94038479e-01 -9.54974393e-02  5.26093355e-02 -2.72754757e+02]]

[[ 1.05428140e-01  9.93678748e-01 -3.85675181e-02 -2.95235670e+02]
 [-2.30662163e-02  4.12168447e-02  9.98883938e-01  9.06508357e+02]
 [ 9.94159372e-01 -1.04420868e-01  2.72658242e-02 -2.71596154e+02]]

[[ 1.00762840e-01  9.94446243e-01 -3.03894787e-02 -2.94337678e+02]
 [-2.78149184e-02  3.33487318e-02  9.99056651e-01  9.10213148e+02]
 [ 9.94521584e-01 -9.98225049e-02  3.10207541e-02 -2.73617016e+02]]

[[ 1.05142061e-01  9.93918376e-01 -3.27323855e-02 -2.95076590e+02]
 [-4.30567295e-02  3.74337989e-02  9.98371088e-01  9.09558113e+02]
 [ 9.93524668e-01 -1.03561444e-01  4.67307414e-02 -2.72476280e+02]]

[[ 9.68671187e-02  9.95066106e-01 -2.14524215e-02 -2.95130535e+02]
 [-4.31017162e-02  2.57274536e-02  9.98739376e-01  9.07914419e+02]
 [ 9.94363617e-01 -9.58203694e-02  4.53812012e-02 -2.71648527e+02]]

[[ 1.06306191e-01  9.93765071e-01 -3.36151415e-02 -2.95174170e+02]
 [-2.50185785e-02  3.64692640e-02  9.99021553e-01  9.07595443e+02]
 [ 9.94018644e-01 -1.05361173e-01  2.87394980e-02 -2.71861549e+02]]

[[ 1.09083096e-01  9.93153118e-01 -4.18062489e-02 -2.95205771e+02]
 [-1.68552209e-02  4.38991938e-02  9.98893769e-01  9.06468091e+02]
 [ 9.93889722e-01 -1.08257772e-01  2.15284751e-02 -2.71659484e+02]]

[[ 8.99171009e-02  9.95916504e-01 -8.07663859e-03 -2.94450108e+02]
 [-6.41950138e-02  1.38881406e-02  9.97840729e-01  9.11032084e+02]
 [ 9.93878219e-01 -8.92044655e-02  6.51816550e-02 -2.72545650e+02]]

[[ 9.98533781e-02  9.94283908e-01 -3.77996374e-02 -2.94325951e+02]
 [-1.91826897e-02  3.99061301e-02  9.99019282e-01  9.08322955e+02]
 [ 9.94817233e-01 -9.90303514e-02  2.30578016e-02 -2.73420095e+02]]

[[ 1.03212979e-01  9.94191415e-01 -3.05042992e-02 -2.95332163e+02]
 [-3.09873860e-02  3.38671636e-02  9.98945843e-01  9.06948078e+02]
 [ 9.94176475e-01 -1.02158928e-01  3.43029239e-02 -2.71397932e+02]]

[[ 9.83877043e-02  9.94923291e-01 -2.11543231e-02 -2.95122046e+02]
 [-4.19166971e-02  2.53818533e-02  9.98798654e-01  9.08377474e+02]
 [ 9.94264980e-01 -9.73827873e-02  4.42011605e-02 -2.71843219e+02]]

[[ 9.61197859e-02  9.95136334e-01 -2.15560442e-02 -2.94846265e+02]
 [-4.59850042e-02  2.60727830e-02  9.98601817e-01  9.09039965e+02]
 [ 9.94306978e-01 -9.49941381e-02  4.82674588e-02 -2.72370101e+02]]

[[ 1.02995221e-01  9.94239080e-01 -2.96755230e-02 -2.95252363e+02]
 [-3.12312312e-02  3.30519022e-02  9.98965556e-01  9.07133175e+02]
 [ 9.94191428e-01 -1.01961875e-01  3.44554986e-02 -2.71386694e+02]]

[[ 1.02293522e-01  9.94638312e-01 -1.51875985e-02 -2.95246000e+02]
 [-3.47605529e-02  1.88324783e-02  9.99218215e-01  9.08944603e+02]
 [ 9.94146739e-01 -1.01685621e-01  3.65006182e-02 -2.71258260e+02]]

[[ 1.04097869e-01  9.94220379e-01 -2.62577766e-02 -2.95069461e+02]
 [-4.19799064e-02  3.07700428e-02  9.98644527e-01  9.09727702e+02]
 [ 9.93680694e-01 -1.02854468e-01  4.49403743e-02 -2.72319335e+02]]

[[ 1.07843269e-01  9.93489633e-01 -3.67175607e-02 -2.95471613e+02]
 [-2.18820820e-02  3.92960690e-02  9.98987985e-01  9.06363327e+02]
 [ 9.93927062e-01 -1.06930674e-01  2.59774381e-02 -2.71173950e+02]]

[[ 9.84471436e-02  9.94937592e-01 -2.01828407e-02 -2.94516485e+02]
 [-4.45449076e-02  2.46668522e-02  9.98702807e-01  9.10379497e+02]
 [ 9.94144814e-01 -9.74203959e-02  4.67477843e-02 -2.72930516e+02]]

[[ 1.02732447e-01  9.94353006e-01 -2.66109720e-02 -2.95086290e+02]
 [-4.70681669e-02  3.15819604e-02  9.98392291e-01  9.09398268e+02]
 [ 9.93594803e-01 -1.01314754e-01  5.00468653e-02 -2.72108694e+02]]

[[ 1.05306040e-01  9.93815299e-01 -3.52390310e-02 -2.95444631e+02]
 [-2.84059587e-02  3.84277554e-02  9.98857552e-01  9.06386246e+02]
 [ 9.94034074e-01 -1.04184735e-01  3.22769511e-02 -2.71287913e+02]]

[[ 1.00337264e-01  9.94538061e-01 -2.87485434e-02 -2.94523119e+02]
 [-3.10353710e-02  3.20087910e-02  9.99005627e-01  9.08777461e+02]
 [ 9.94469325e-01 -9.93452698e-02  3.40775322e-02 -2.72764433e+02]]

[[ 1.02719505e-01  9.94212274e-01 -3.14747107e-02 -2.94858329e+02]
 [-2.89027234e-02  3.46118924e-02  9.98982807e-01  9.07759109e+02]
 [ 9.94290368e-01 -1.01705314e-01  3.22907588e-02 -2.72057292e+02]]

[[ 1.04019397e-01  9.94132970e-01 -2.96581067e-02 -2.95097691e+02]
 [-3.12871091e-02  3.30758751e-02  9.98963014e-01  9.08160771e+02]
 [ 9.94083036e-01 -1.02983614e-01  3.45440793e-02 -2.71925802e+02]]

[[ 1.00015355e-01  9.94577458e-01 -2.85062982e-02 -2.94905110e+02]
 [-3.55533401e-02  3.22039883e-02  9.98848769e-01  9.08468961e+02]
 [ 9.94350486e-01 -9.88867199e-02  3.85814439e-02 -2.72421160e+02]]

[[ 9.65368457e-02  9.95000244e-01 -2.55959496e-02 -2.94845326e+02]
 [-3.47277038e-02  2.90675219e-02  9.98974007e-01  9.07537044e+02]
 [ 9.94723391e-01 -9.55489109e-02  3.73601606e-02 -2.72099188e+02]]

[[ 1.05197646e-01  9.93823971e-01 -3.53181345e-02 -2.95192204e+02]
 [-2.83889478e-02  3.85019411e-02  9.98855179e-01  9.07239140e+02]
 [ 9.94046037e-01 -1.04074569e-01  3.22639304e-02 -2.71755990e+02]]

[[ 1.06069604e-01  9.93688546e-01 -3.65008572e-02 -2.95214086e+02]
 [-2.77918033e-02  3.96561886e-02  9.98826813e-01  9.07662561e+02]
 [ 9.93970248e-01 -1.04930740e-01  3.18227129e-02 -2.72031674e+02]]

[[ 1.02645426e-01  9.94139869e-01 -3.39092446e-02 -2.95059677e+02]
 [-3.29528068e-02  3.74690327e-02  9.98754316e-01  9.07143692e+02]
 [ 9.94172032e-01 -1.01400158e-01  3.66057239e-02 -2.71727169e+02]]

[[ 9.82323189e-02  9.94901478e-01 -2.28355097e-02 -2.94709579e+02]
 [-4.56879646e-02  2.74309540e-02  9.98579067e-01  9.09751469e+02]
 [ 9.94114189e-01 -9.70494294e-02  4.81496297e-02 -2.72660016e+02]]

[[ 1.00014468e-01  9.94661546e-01 -2.54070069e-02 -2.95067878e+02]
 [-4.09591538e-02  2.96292039e-02  9.98721412e-01  9.08354287e+02]
 [ 9.94142572e-01 -9.88459407e-02  4.37038443e-02 -2.71958989e+02]]

[[ 1.05148450e-01  9.93937028e-01 -3.21401333e-02 -2.94940413e+02]
 [-2.65165009e-02  3.51100494e-02  9.99031611e-01  9.08284177e+02]
 [ 9.94102952e-01 -1.04194382e-01  3.00474994e-02 -2.72211603e+02]]

[[ 1.01446014e-01  9.94366343e-01 -3.07291680e-02 -2.94794566e+02]
 [-3.58883847e-02  3.45262824e-02  9.98759210e-01  9.08256339e+02]
 [ 9.94193507e-01 -1.00217321e-01  3.91887556e-02 -2.72264599e+02]]

[[ 1.00819106e-01  9.94440278e-01 -3.03980509e-02 -2.95017409e+02]
 [-2.29220535e-02  3.28673505e-02  9.99196836e-01  9.07721822e+02]
 [ 9.94640682e-01 -1.00041346e-01  2.61082702e-02 -2.72419645e+02]]

[[ 9.97040583e-02  9.94653869e-01 -2.68846072e-02 -2.95122203e+02]
 [-3.78860596e-02  3.07945720e-02  9.98807459e-01  9.07828383e+02]
 [ 9.94295604e-01 -9.85666053e-02  4.07538595e-02 -2.71846736e+02]]

[[ 1.05286131e-01  9.94048296e-01 -2.79788289e-02 -2.95197090e+02]
 [-4.08338402e-02  3.24330304e-02  9.98639422e-01  9.09692554e+02]
 [ 9.93603255e-01 -1.04000398e-01  4.40055576e-02 -2.72295218e+02]]

[[ 9.97467177e-02  9.94621495e-01 -2.79047238e-02 -2.94846713e+02]
 [-3.85493274e-02  3.18864524e-02  9.98747818e-01  9.08157881e+02]
 [ 9.94265830e-01 -9.85461083e-02  4.15225586e-02 -2.72070055e+02]]

[[ 1.05030267e-01  9.93639850e-01 -4.06016284e-02 -2.95069025e+02]
 [-2.73857123e-02  4.37018749e-02  9.98669199e-01  9.06582556e+02]
 [ 9.94091880e-01 -1.03778589e-01  3.18015546e-02 -2.71801844e+02]]

[[ 1.04609407e-01  9.93989912e-01 -3.22633983e-02 -2.95090574e+02]
 [-3.28795277e-02  3.58803201e-02  9.98815068e-01  9.09289605e+02]
 [ 9.93969722e-01 -1.03424646e-01  3.64353378e-02 -2.72402960e+02]]

[[ 8.76536368e-02  9.95978050e-01  1.85624378e-02 -2.94367273e+02]
 [-5.24563947e-02 -1.39933481e-02  9.98525169e-01  9.12552739e+02]
 [ 9.94768901e-01 -8.84980811e-02  5.10188499e-02 -2.70748436e+02]]

[[ 9.02570468e-02  9.95909962e-01 -4.12465110e-03 -2.95223074e+02]
 [-7.39589588e-02  1.08327357e-02  9.97202449e-01  9.12330112e+02]
 [ 9.93168534e-01 -8.96994932e-02  7.46341946e-02 -2.70469812e+02]]

[[ 8.89121277e-02  9.96029181e-01 -4.52807620e-03 -2.93376201e+02]
 [-4.44527628e-02  8.50961590e-03  9.98975244e-01  9.15306833e+02]
 [ 9.95047027e-01 -8.86197290e-02  4.50328570e-02 -2.73824896e+02]]

[[ 9.89135072e-02  9.94888078e-01 -2.03428202e-02 -2.94757622e+02]
 [-2.45138134e-02  2.28730559e-02  9.99437790e-01  9.06118703e+02]
 [ 9.94794045e-01 -9.83592170e-02  2.66509549e-02 -2.71246613e+02]]

[[ 1.03440214e-01  9.94615031e-01 -6.40791867e-03 -2.94671343e+02]
 [-2.30275765e-02  8.83552577e-03  9.99695786e-01  9.11649838e+02]
 [ 9.94369073e-01 -1.03261188e-01  2.38175224e-02 -2.72580658e+02]]

[[ 1.00325761e-01  9.94641662e-01 -2.49540572e-02 -2.93770761e+02]
 [-4.80069461e-02  2.98906197e-02  9.98399661e-01  9.07922560e+02]
 [ 9.93795791e-01 -9.89672381e-02  5.07485079e-02 -2.70106961e+02]]

[[ 9.02803924e-02  9.95895851e-01  6.39575568e-03 -2.93366704e+02]
 [-2.15931403e-02 -4.46308071e-03  9.99756879e-01  9.15505984e+02]
 [ 9.95682272e-01 -9.03965478e-02  2.11015902e-02 -2.74220284e+02]]

[[ 1.04394205e-01  9.94356310e-01 -1.89044590e-02 -2.94290401e+02]
 [-1.67883001e-02  2.07675238e-02  9.99643368e-01  9.10829103e+02]
 [ 9.94394289e-01 -1.04039601e-01  1.88615613e-02 -2.72599998e+02]]

[[ 8.45591151e-02  9.96372179e-01  9.60397428e-03 -2.92692376e+02]
 [-5.69784355e-02 -4.78758392e-03  9.98363930e-01  9.12178290e+02]
 [ 9.94788025e-01 -8.49679899e-02  5.63668941e-02 -2.71808466e+02]]

[[ 8.91850847e-02  9.95867541e-01  1.71424113e-02 -2.94105860e+02]
 [-5.19220019e-02 -1.25390883e-02  9.98572419e-01  9.11952076e+02]
 [ 9.94660810e-01 -8.99478342e-02  5.05891367e-02 -2.70868619e+02]]

[[ 1.00628920e-01  9.94623417e-01 -2.44556519e-02 -2.95213820e+02]
 [-2.22136070e-02  2.68203509e-02  9.99393428e-01  9.05582880e+02]
 [ 9.94676016e-01 -1.00024633e-01  2.47930766e-02 -2.70762410e+02]]

[[ 9.48459566e-02  9.95486105e-01 -3.41466555e-03 -2.93906287e+02]
 [-3.03269473e-02  6.31793354e-03  9.99520065e-01  9.08651105e+02]
 [ 9.95029909e-01 -9.46968803e-02  3.07892851e-02 -2.71196388e+02]]

[[ 1.00661776e-01  9.94920080e-01  1.11433753e-03 -2.94350418e+02]
 [-1.34677461e-02  2.42683621e-04  9.99909276e-01  9.11984669e+02]
 [ 9.94829547e-01 -1.00667651e-01  1.34237600e-02 -2.71957119e+02]]

[[ 1.00110388e-01  9.94975041e-01 -1.60560719e-03 -2.95311364e+02]
 [-2.83171203e-02  4.46220765e-03  9.99589030e-01  9.07904565e+02]
 [ 9.94573301e-01 -1.00023780e-01  2.86215413e-02 -2.70031486e+02]]

[[ 9.58389647e-02  9.95390362e-01 -3.59456568e-03 -2.94159128e+02]
 [-1.31435090e-02  4.87635095e-03  9.99901730e-01  9.10345306e+02]
 [ 9.95310073e-01 -9.57823014e-02  1.35502666e-02 -2.72150343e+02]]

[[ 9.60950003e-02  9.95356718e-01  5.54563606e-03 -2.94183122e+02]
 [-1.50973813e-02 -4.11327333e-03  9.99877568e-01  9.12428883e+02]
 [ 9.95257665e-01 -9.61669597e-02  1.46320149e-02 -2.72529297e+02]]

[[ 9.53642769e-02  9.95378718e-01 -1.12632983e-02 -2.95929142e+02]
 [-4.63715497e-02  1.57447344e-02  9.98800172e-01  9.07559383e+02]
 [ 9.94361772e-01 -9.47275595e-02  4.76587390e-02 -2.69632460e+02]]

[[ 9.90991980e-02  9.95040825e-01 -8.55022483e-03 -2.95513132e+02]
 [-1.66997291e-02  1.02543658e-02  9.99807965e-01  9.09574931e+02]
 [ 9.94937419e-01 -9.89373811e-02  1.76331116e-02 -2.71918093e+02]]

[[ 9.16925730e-02  9.95682091e-01  1.44791624e-02 -2.93999104e+02]
 [-1.61066305e-02 -1.30555643e-02  9.99785041e-01  9.14314934e+02]
 [ 9.95657094e-01 -9.19060734e-02  1.48399852e-02 -2.73573705e+02]]

[[ 8.91264010e-02  9.96006316e-01  5.28230362e-03 -2.94499725e+02]
 [-4.50476662e-02 -1.26706086e-03  9.98984035e-01  9.12198126e+02]
 [ 9.95001102e-01 -8.92738072e-02  4.47548315e-02 -2.72197768e+02]]

[[ 1.08920263e-01  9.93680556e-01 -2.71169465e-02 -2.95823196e+02]
 [-4.88875909e-03  2.78143873e-02  9.99601150e-01  9.08918362e+02]
 [ 9.94038468e-01 -1.08744252e-01  7.88741524e-03 -2.72033551e+02]]

[[ 9.01099480e-02  9.95913122e-01 -6.10328718e-03 -2.94353959e+02]
 [-2.13048732e-02  8.05440224e-03  9.99740581e-01  9.12970478e+02]
 [ 9.95703922e-01 -8.99565420e-02  2.19435846e-02 -2.74588113e+02]]

[[ 9.92580408e-02  9.95038432e-01 -6.80880648e-03 -2.95727046e+02]
 [-1.12249341e-02  7.96182982e-03  9.99905301e-01  9.12809662e+02]
 [ 9.94998413e-01 -9.91722127e-02  1.19595165e-02 -2.74013839e+02]]

[[ 8.81305536e-02  9.96106160e-01  2.35038687e-03 -2.95379232e+02]
 [-2.93666466e-02  2.39658924e-04  9.99568678e-01  9.13158047e+02]
 [ 9.95675954e-01 -8.81615640e-02  2.92734189e-02 -2.74068224e+02]]

[[ 9.87192870e-02  9.95113006e-01 -2.14640052e-03 -2.95603614e+02]
 [-4.32868066e-02  6.44910341e-03  9.99041872e-01  9.10056393e+02]
 [ 9.94173403e-01 -9.85317904e-02  4.37119152e-02 -2.70558370e+02]]

[[ 1.00377898e-01  9.94737621e-01 -2.05266452e-02 -2.94928882e+02]
 [-3.61363506e-02  2.42621598e-02  9.99052307e-01  9.09354046e+02]
 [ 9.94292936e-01 -9.95410127e-02  3.83815720e-02 -2.71859118e+02]]

[[ 9.67930021e-02  9.95287369e-01  5.84528910e-03 -2.94543587e+02]
 [-4.17980497e-02 -1.80290900e-03  9.99124453e-01  9.11037316e+02]
 [ 9.94426487e-01 -9.69525770e-02  4.14265620e-02 -2.71373484e+02]]

[[ 1.01300151e-01  9.94821234e-01 -8.30614983e-03 -2.94154518e+02]
 [-2.61027808e-02  1.10040194e-02  9.99598698e-01  9.10572848e+02]
 [ 9.94513411e-01 -1.01042685e-01  2.70823094e-02 -2.73157521e+02]]

[[ 9.26641946e-02  9.95677504e-01  6.29715882e-03 -2.92753690e+02]
 [-3.39251673e-02 -3.16352853e-03  9.99419369e-01  9.09786490e+02]
 [ 9.95119304e-01 -9.28240230e-02  3.34853801e-02 -2.72430768e+02]]

[[ 8.28535439e-02  9.96337674e-01  2.11312695e-02 -2.92585876e+02]
 [-5.44206016e-02 -1.66490565e-02  9.98379290e-01  9.11233383e+02]
 [ 9.95074715e-01 -8.38692388e-02  5.28418623e-02 -2.71626085e+02]]

[[ 1.04377852e-01  9.94314819e-01 -2.10547910e-02 -2.94037233e+02]
 [-2.97625774e-02  2.42838639e-02  9.99261969e-01  9.07519083e+02]
 [ 9.94092276e-01 -1.03674173e-01  3.21280693e-02 -2.71035213e+02]]

[[ 1.01482884e-01  9.94547441e-01 -2.40127451e-02 -2.94176026e+02]
 [-2.95666581e-02  2.71418991e-02  9.99194240e-01  9.08022049e+02]
 [ 9.94397826e-01 -1.00691137e-01  3.21598823e-02 -2.72693288e+02]]

[[ 8.81800339e-02  9.96013554e-01  1.34641052e-02 -2.92557249e+02]
 [-3.25263033e-02 -1.06304270e-02  9.99414345e-01  9.12448407e+02]
 [ 9.95573363e-01 -8.85663284e-02  3.14592475e-02 -2.72992004e+02]]

[[ 8.36693518e-02  9.96493482e-01  4.24063196e-04 -2.93120486e+02]
 [-4.26915845e-02  3.15938117e-03  9.99083303e-01  9.11153847e+02]
 [ 9.95578660e-01 -8.36107563e-02  4.28062290e-02 -2.72848658e+02]]

[[ 9.82982391e-02  9.94873779e-01 -2.37406767e-02 -2.94372111e+02]
 [-3.02458079e-02  2.68319196e-02  9.99182285e-01  9.08371511e+02]
 [ 9.94697264e-01 -9.74998032e-02  3.27282916e-02 -2.71788015e+02]]

[[ 8.21002178e-02  9.96570214e-01  1.03615803e-02 -2.92325664e+02]
 [-5.28953593e-02 -6.02482978e-03  9.98581886e-01  9.10727325e+02]
 [ 9.95219390e-01 -8.25318698e-02  5.22192997e-02 -2.72663218e+02]]

[[ 1.01972263e-01  9.94708115e-01 -1.25468409e-02 -2.93839521e+02]
 [-4.53724691e-02  1.72500693e-02  9.98821192e-01  9.08620431e+02]
 [ 9.93751979e-01 -1.01282776e-01  4.68913919e-02 -2.71610274e+02]]

[[ 9.88647118e-02  9.94963696e-01 -1.65230728e-02 -2.93432759e+02]
 [-4.94280262e-03  1.70952218e-02  9.99841649e-01  9.10185423e+02]
 [ 9.95088608e-01 -9.87673862e-02  6.60802334e-03 -2.73131819e+02]]

[[ 8.86244039e-02  9.95977402e-01  1.32185701e-02 -2.93763960e+02]
 [-6.79539756e-02 -7.19423082e-03  9.97662518e-01  9.09541979e+02]
 [ 9.93744420e-01 -8.93155004e-02  6.70430396e-02 -2.69960797e+02]]

[[ 9.72048576e-02  9.95031874e-01 -2.15124406e-02 -2.93002349e+02]
 [-1.37025058e-02  2.29507262e-02  9.99642689e-01  9.10058155e+02]
 [ 9.95170064e-01 -9.68753508e-02  1.58653521e-02 -2.72635449e+02]]

[[ 8.27790867e-02  9.96516840e-01  1.00900789e-02 -2.93435294e+02]
 [-4.67950985e-02 -6.22686316e-03  9.98885101e-01  9.09997660e+02]
 [ 9.95468654e-01 -8.31589626e-02  4.61166497e-02 -2.71330753e+02]]

[[ 9.62114587e-02  9.95157269e-01 -2.01336662e-02 -2.93677275e+02]
 [-1.21092124e-02  2.13962418e-02  9.99697738e-01  9.09946891e+02]
 [ 9.95287256e-01 -9.59385748e-02  1.41091344e-02 -2.73711158e+02]]

[[ 9.28393793e-02  9.95675933e-01  3.20722137e-03 -2.95243991e+02]
 [-5.17058675e-02  1.60435085e-03  9.98661068e-01  9.07776103e+02]
 [ 9.94337645e-01 -9.28809059e-02  5.16312348e-02 -2.70224476e+02]]

[[ 9.07126067e-02  9.95827352e-01  9.95532873e-03 -2.94443482e+02]
 [-3.76756995e-02 -6.55774869e-03  9.99268501e-01  9.10347749e+02]
 [ 9.95164190e-01 -9.10213245e-02  3.69236216e-02 -2.72213956e+02]]

[[ 9.21221165e-02  9.95613037e-01  1.63767148e-02 -2.95081314e+02]
 [-1.28758443e-02 -1.52542213e-02  9.99800741e-01  9.11226328e+02]
 [ 9.95664466e-01 -9.23146243e-02  1.14141073e-02 -2.74428019e+02]]

[[ 9.44439721e-02  9.95529689e-01 -9.87275442e-04 -2.95085333e+02]
 [-3.78780646e-02  4.58440515e-03  9.99271853e-01  9.11792479e+02]
 [ 9.94809323e-01 -9.43378069e-02  3.81417073e-02 -2.73816590e+02]]

[[ 8.93609468e-02  9.95993424e-01 -3.42355997e-03 -2.95052744e+02]
 [-4.89236192e-02  7.82255806e-03  9.98771889e-01  9.08533929e+02]
 [ 9.94797015e-01 -8.90837087e-02  4.94266342e-02 -2.72094040e+02]]

[[ 9.70837609e-02  9.95252966e-01 -6.80267526e-03 -2.94895401e+02]
 [-3.25692779e-02  1.00081826e-02  9.99419371e-01  9.11044698e+02]
 [ 9.94743176e-01 -9.68058330e-02  3.33863024e-02 -2.73027466e+02]]

[[ 9.62283594e-02  9.95359182e-01  4.49695338e-04 -2.94924385e+02]
 [-5.34871583e-02  4.71983881e-03  9.98557383e-01  9.08628757e+02]
 [ 9.93921137e-01 -9.61135917e-02  5.36931165e-02 -2.70739446e+02]]

[[ 9.89703929e-02  9.95019816e-01 -1.18501572e-02 -2.95115216e+02]
 [-3.96607951e-02  1.58434929e-02  9.99087586e-01  9.05867252e+02]
 [ 9.94299695e-01 -9.84101043e-02  4.10313138e-02 -2.69815837e+02]]

[[ 8.64210953e-02  9.96220898e-01  8.67851186e-03 -2.94048992e+02]
 [-3.13459518e-02 -5.98776844e-03  9.99490659e-01  9.08410168e+02]
 [ 9.95765447e-01 -8.66491137e-02  3.07100228e-02 -2.73328276e+02]]

[[ 7.81683200e-02  9.96934550e-01  3.34902925e-03 -2.93206642e+02]
 [-4.32641508e-02  3.61032083e-05  9.99063668e-01  9.09942162e+02]
 [ 9.96000967e-01 -7.82400214e-02  4.31343489e-02 -2.74402838e+02]]

[[ 8.07574799e-02  9.96446520e-01  2.39282716e-02 -2.93808184e+02]
 [-4.00406875e-02 -2.07440578e-02  9.98982696e-01  9.16718396e+02]
 [ 9.95929201e-01 -8.16334295e-02  3.82231659e-02 -2.71963107e+02]]

[[ 8.43906586e-02  9.96430725e-01 -2.00666154e-03 -2.93815973e+02]
 [-2.03074775e-02  3.73332039e-03  9.99786812e-01  9.14326482e+02]
 [ 9.96225789e-01 -8.43319172e-02  2.05500519e-02 -2.72610271e+02]]

[[ 9.34653322e-02  9.95426821e-01 -1.97402173e-02 -2.94491474e+02]
 [-5.05245276e-02  2.45435853e-02  9.98421196e-01  9.11835068e+02]
 [ 9.94339733e-01 -9.23204036e-02  5.25874442e-02 -2.70749656e+02]]

[[ 9.36782551e-02  9.95601570e-01  1.37796812e-03 -2.94787347e+02]
 [-2.17409012e-02  6.61918972e-04  9.99763420e-01  9.11009847e+02]
 [ 9.95365118e-01 -9.36860509e-02  2.17072828e-02 -2.72772377e+02]]

[[ 8.34267469e-02  9.96512469e-01  1.69632362e-03 -2.93983865e+02]
 [-6.31402631e-02  3.58716917e-03  9.97998216e-01  9.12147174e+02]
 [ 9.94511581e-01 -8.33668509e-02  6.32193254e-02 -2.72410679e+02]]

[[ 8.38023365e-02  9.96437835e-01 -9.42384234e-03 -2.94114871e+02]
 [-4.60080376e-02  1.33160417e-02  9.98852313e-01  9.10169944e+02]
 [ 9.95419725e-01 -8.32725852e-02  4.69600648e-02 -2.69520875e+02]]

[[ 9.77711518e-02  9.94927806e-01 -2.36529476e-02 -2.95057234e+02]
 [-5.53830047e-02  2.91693774e-02  9.98039012e-01  9.08303055e+02]
 [ 9.93666707e-01 -9.62694525e-02  5.79540150e-02 -2.69633035e+02]]

[[ 9.57062018e-02  9.95408564e-01  1.45396669e-03 -2.95016257e+02]
 [-5.83366700e-02  4.15076108e-03  9.98288337e-01  9.12501082e+02]
 [ 9.93698725e-01 -9.56272046e-02  5.84660745e-02 -2.71597480e+02]]

[[ 9.16756628e-02  9.95716215e-01 -1.20329681e-02 -2.94374527e+02]
 [-1.50431753e-02  1.34672992e-02  9.99796147e-01  9.09936835e+02]
 [ 9.95675286e-01 -9.14759604e-02  1.62133572e-02 -2.73284861e+02]]

[[ 8.99754731e-02  9.95887391e-01 -1.06169495e-02 -2.94821004e+02]
 [-5.22864459e-02  1.53688751e-02  9.98513858e-01  9.10665026e+02]
 [ 9.94570531e-01 -8.92866342e-02  5.34542340e-02 -2.70592109e+02]]

[[ 1.02015352e-01  9.94317631e-01 -3.04190264e-02 -2.96054325e+02]
 [-4.99461975e-02  3.56595997e-02  9.98115109e-01  9.05973719e+02]
 [ 9.93528180e-01 -1.00303749e-01  5.33002114e-02 -2.68298991e+02]]

[[ 9.50237966e-02  9.95024545e-01 -2.99438406e-02 -2.95280055e+02]
 [-3.29980100e-02  3.32118459e-02  9.98903451e-01  9.06853643e+02]
 [ 9.94927942e-01 -9.39315112e-02  3.59897456e-02 -2.70544723e+02]]

[[ 8.33316257e-02  9.96518289e-01 -2.67211069e-03 -2.93661440e+02]
 [-3.76692288e-02  5.82950348e-03  9.99273259e-01  9.13563403e+02]
 [ 9.95809655e-01 -8.31704088e-02  3.80238574e-02 -2.72255179e+02]]

[[ 8.78740297e-02  9.96120373e-01  4.72834432e-03 -2.94370592e+02]
 [-4.64680684e-02 -6.42391480e-04  9.98919569e-01  9.14505275e+02]
 [ 9.95047172e-01 -8.79988050e-02  4.62313401e-02 -2.73387815e+02]]

[[ 9.83288623e-02  9.95149191e-01 -3.08587505e-03 -2.95537812e+02]
 [-3.88268190e-02  6.93491076e-03  9.99221890e-01  9.10759916e+02]
 [ 9.94396256e-01 -9.81325369e-02  3.93203794e-02 -2.71543088e+02]]

[[ 9.25900382e-02  9.95470393e-01 -2.15819756e-02 -2.95254963e+02]
 [-5.89414164e-02  2.71167201e-02  9.97893077e-01  9.08585470e+02]
 [ 9.93958246e-01 -9.11228859e-02  6.11851731e-02 -2.70532301e+02]]

[[ 9.57398677e-02  9.95146958e-01 -2.27246608e-02 -2.94595025e+02]
 [-5.92000176e-02  2.84815939e-02  9.97839745e-01  9.10023891e+02]
 [ 9.93644421e-01 -9.41877448e-02  6.16395415e-02 -2.69036514e+02]]

[[ 8.38137859e-02  9.96338920e-01  1.68524454e-02 -2.93587916e+02]
 [-4.96540508e-02 -1.27151507e-02  9.98685536e-01  9.15673756e+02]
 [ 9.95243550e-01 -8.45404079e-02  4.84065584e-02 -2.72825511e+02]]

[[ 9.87193283e-02  9.95112580e-01 -2.33402296e-03 -2.95078256e+02]
 [-2.30074510e-02  4.62727568e-03  9.99724585e-01  9.12791364e+02]
 [ 9.94849311e-01 -9.86384395e-02  2.33518054e-02 -2.72340856e+02]]

[[ 8.45400266e-02  9.96408761e-01 -4.75035386e-03 -2.95019256e+02]
 [-7.58325862e-02  1.11874430e-02  9.97057802e-01  9.07634308e+02]
 [ 9.93530273e-01 -8.39310614e-02  7.65060400e-02 -2.71357958e+02]]

[[ 9.26069686e-02  9.95676177e-01  7.27327259e-03 -2.94645086e+02]
 [-4.46729560e-02 -3.14253622e-03  9.98996722e-01  9.08716795e+02]
 [ 9.94700094e-01 -9.28389767e-02  4.41887773e-02 -2.72749737e+02]]

[[ 1.04122733e-01  9.94406318e-01 -1.77350422e-02 -2.95161785e+02]
 [-3.54312229e-02  2.15294178e-02  9.99140187e-01  9.06490005e+02]
 [ 9.93933139e-01 -1.03404832e-01  3.74747337e-02 -2.74433739e+02]]

[[ 8.64800834e-02  9.96202615e-01  1.00769403e-02 -2.94220498e+02]
 [-6.04996885e-02 -4.84474228e-03  9.98156459e-01  9.08305594e+02]
 [ 9.94414895e-01 -8.69303056e-02  5.98509742e-02 -2.74333635e+02]]

[[ 1.05645176e-01  9.94396568e-01 -3.81610548e-03 -2.94995223e+02]
 [-1.99234609e-02  5.95345770e-03  9.99783783e-01  9.10291282e+02]
 [ 9.94204281e-01 -1.05546303e-01  2.04407752e-02 -2.73869133e+02]]

[[ 8.44834627e-02  9.95853065e-01  3.37522816e-02 -2.93353177e+02]
 [-5.15952293e-02 -2.94558689e-02  9.98233582e-01  9.15789291e+02]
 [ 9.95088175e-01 -8.60756863e-02  4.88927334e-02 -2.75446027e+02]]

[[ 1.05267790e-01  9.94419848e-01 -6.91799845e-03 -2.95388463e+02]
 [-3.55153184e-02  1.07116286e-02  9.99311725e-01  9.09953972e+02]
 [ 9.93809516e-01 -1.04949642e-01  3.64447270e-02 -2.71624223e+02]]

[[ 1.02376694e-01  9.94670008e-01 -1.22713872e-02 -2.95494431e+02]
 [-5.14667706e-02  1.76161088e-02  9.98519326e-01  9.06631099e+02]
 [ 9.93413400e-01 -1.01593539e-01  5.29959321e-02 -2.72060219e+02]]

[[ 1.14589699e-01  9.93094755e-01 -2.51397583e-02 -2.96219290e+02]
 [-2.91546975e-02  2.86574569e-02  9.99164027e-01  9.06424141e+02]
 [ 9.92984997e-01 -1.13760963e-01  3.22372265e-02 -2.72162246e+02]]

[[ 1.16384400e-01  9.92846196e-01 -2.66664897e-02 -2.97106498e+02]
 [-1.21099415e-02  2.82654930e-02  9.99527094e-01  9.06428891e+02]
 [ 9.93130415e-01 -1.16006432e-01  1.53129718e-02 -2.72807595e+02]]

[[ 8.86737136e-02  9.96026900e-01  8.20899374e-03 -2.94352773e+02]
 [-5.27808792e-02 -3.53125358e-03  9.98599874e-01  9.09162944e+02]
 [ 9.94661325e-01 -8.89828372e-02  5.22580461e-02 -2.71707777e+02]]

[[ 6.95877196e-02  9.97404643e-01  1.84804411e-02 -2.92357823e+02]
 [-6.83054882e-02 -1.37179159e-02  9.97570137e-01  9.13702067e+02]
 [ 9.95234600e-01 -7.06809466e-02  6.71736126e-02 -2.74459804e+02]]

[[ 1.00624327e-01  9.94920851e-01  2.69181277e-03 -2.94727200e+02]
 [-5.27784425e-03 -2.17171989e-03  9.99983714e-01  9.10825737e+02]
 [ 9.94910493e-01 -1.00636895e-01  5.03250944e-03 -2.72814207e+02]]

[[ 9.99799424e-02  9.94585547e-01 -2.83478634e-02 -2.94458424e+02]
 [-2.18701691e-02  3.06804310e-02  9.99289951e-01  9.10297200e+02]
 [ 9.94749067e-01 -9.92889793e-02  2.48191819e-02 -2.70778535e+02]]

[[ 7.96200318e-02  9.96822419e-01 -2.39059014e-03 -2.94966725e+02]
 [-6.19314674e-02  7.34024628e-03  9.98053412e-01  9.14906559e+02]
 [ 9.94899565e-01 -7.93169917e-02  6.23191058e-02 -2.66163343e+02]]

[[ 9.98556168e-02  9.94943853e-01 -1.07510371e-02 -2.95648738e+02]
 [-3.22230822e-02  1.40330036e-02  9.99382183e-01  9.10983870e+02]
 [ 9.94480029e-01 -9.94474928e-02  3.34614318e-02 -2.69932933e+02]]

[[ 8.83004689e-02  9.96093473e-01 -9.06064198e-04 -2.95028928e+02]
 [-2.63408018e-02  3.24432424e-03  9.99647756e-01  9.10462335e+02]
 [ 9.95745544e-01 -8.82454991e-02  2.65243761e-02 -2.71338114e+02]]

[[ 1.00582396e-01  9.94490106e-01 -2.95399816e-02 -2.95421590e+02]
 [-4.71591601e-02  3.44226355e-02  9.98294093e-01  9.06191109e+02]
 [ 9.93810442e-01 -9.90177313e-02  5.03616293e-02 -2.69729874e+02]]

[[ 9.43542547e-02  9.95529801e-01  4.20599569e-03 -2.94453385e+02]
 [-2.96045877e-02 -1.41716412e-03  9.99560684e-01  9.12682181e+02]
 [ 9.95098409e-01 -9.44373201e-02  2.93385339e-02 -2.72427452e+02]]

[[ 9.01493662e-02  9.95817377e-01 -1.48607798e-02 -2.94317955e+02]
 [-4.15552924e-02  1.86696221e-02  9.98961762e-01  9.10738033e+02]
 [ 9.95060928e-01 -8.94382257e-02  4.30645369e-02 -2.72528056e+02]]

[[ 8.76346460e-02  9.96152378e-01 -7.80738627e-04 -2.93860549e+02]
 [-2.96807481e-02  3.39451281e-03  9.99553666e-01  9.12818416e+02]
 [ 9.95710411e-01 -8.75723588e-02  2.98640247e-02 -2.73850922e+02]]

[[ 8.31054297e-02  9.96529385e-01  4.76162437e-03 -2.93628399e+02]
 [-3.48253109e-02 -1.87104896e-03  9.99391663e-01  9.15600740e+02]
 [ 9.95932069e-01 -8.32206987e-02  3.45489513e-02 -2.73447925e+02]]

[[ 8.04519560e-02  9.96752882e-01  3.34290540e-03 -2.94004615e+02]
 [-4.53691251e-02  3.11583589e-04  9.98970243e-01  9.16046348e+02]
 [ 9.95725427e-01 -8.05207746e-02  4.52468737e-02 -2.72077253e+02]]

[[ 1.04259003e-01  9.94417230e-01 -1.62613678e-02 -2.95417443e+02]
 [-2.01665226e-02  1.84608935e-02  9.99626184e-01  9.10310176e+02]
 [ 9.94345700e-01 -1.03892094e-01  2.19786519e-02 -2.71145930e+02]]

[[ 1.00120990e-01  9.94863277e-01 -1.49280935e-02 -2.94874051e+02]
 [-3.94675132e-02  1.89627087e-02  9.99040906e-01  9.11211572e+02]
 [ 9.94192186e-01 -9.94357896e-02  4.11633447e-02 -2.71696754e+02]]

[[ 1.04934997e-01  9.94368307e-01 -1.48430273e-02 -2.95287555e+02]
 [-2.00429357e-02  1.70370437e-02  9.99653950e-01  9.10546956e+02]
 [ 9.94277088e-01 -1.04601187e-01  2.17178422e-02 -2.72465093e+02]]

[[ 9.58709606e-02  9.95390369e-01 -2.60251395e-03 -2.95513238e+02]
 [-4.28575041e-02  6.73992223e-03  9.99058461e-01  9.09841517e+02]
 [ 9.94470710e-01 -9.56691570e-02  4.33061097e-02 -2.70769213e+02]]

[[ 9.89694839e-02  9.95090441e-01  2.35674630e-04 -2.96097592e+02]
 [-3.70499483e-02  3.44823215e-03  9.99307466e-01  9.07234222e+02]
 [ 9.94400494e-01 -9.89096759e-02  3.72093192e-02 -2.74454875e+02]]

[[ 9.71518175e-02  9.95269395e-01  5.96246334e-04 -2.95150423e+02]
 [-3.86667328e-02  3.17576925e-03  9.99247116e-01  9.09077141e+02]
 [ 9.94518179e-01 -9.71017283e-02  3.87923476e-02 -2.75396493e+02]]

[[ 9.09025915e-02  9.95816616e-01  9.27286596e-03 -2.94615741e+02]
 [-1.68900381e-02 -7.76841339e-03  9.99827174e-01  9.11534433e+02]
 [ 9.95716549e-01 -9.10435002e-02  1.61132117e-02 -2.76145682e+02]]

[[ 9.38866509e-02  9.95539250e-01 -9.32190146e-03 -2.95360690e+02]
 [-3.95911373e-02  1.30892607e-02  9.99130228e-01  9.08294980e+02]
 [ 9.94795375e-01 -9.34359263e-02  4.06434380e-02 -2.73430903e+02]]

[[ 1.06032344e-01  9.94358605e-01  2.84706511e-03 -2.95050009e+02]
 [-5.10407488e-02  2.58319843e-03  9.98693231e-01  9.08902897e+02]
 [ 9.93051854e-01 -1.06039101e-01  5.10267104e-02 -2.71802558e+02]]

[[ 1.02061520e-01  9.94541515e-01 -2.16938203e-02 -2.94933999e+02]
 [-2.91214490e-02  2.47854225e-02  9.99268545e-01  9.07003908e+02]
 [ 9.94351742e-01 -1.01355111e-01  3.14921279e-02 -2.72404055e+02]]

[[ 8.99355598e-02  9.95897920e-01 -9.94624888e-03 -2.94565107e+02]
 [-4.07663170e-02  1.36594255e-02  9.99075336e-01  9.06332779e+02]
 [ 9.95112909e-01 -8.94469277e-02  4.18275584e-02 -2.71894416e+02]]

[[ 9.97144465e-02  9.95014537e-01 -1.76103743e-03 -2.94683631e+02]
 [-3.13837060e-02  4.91405640e-03  9.99495330e-01  9.10299515e+02]
 [ 9.94521037e-01 -9.96088558e-02  3.17172461e-02 -2.71839918e+02]]

[[ 9.13551498e-02  9.95803685e-01 -5.40907923e-03 -2.93974084e+02]
 [-3.69311001e-02  8.81601986e-03  9.99278926e-01  9.08106397e+02]
 [ 9.95133323e-01 -9.10895127e-02  3.75815144e-02 -2.73877956e+02]]

[[ 8.95027871e-02  9.95972465e-01  5.30093053e-03 -2.94342763e+02]
 [-2.34528537e-02 -3.21329098e-03  9.99719780e-01  9.07236770e+02]
 [ 9.95710407e-01 -8.96020286e-02  2.30707980e-02 -2.73688241e+02]]

[[ 1.04218753e-01  9.94447189e-01 -1.46027246e-02 -2.95237416e+02]
 [-5.23592742e-02  2.01484245e-02  9.98425033e-01  9.09301308e+02]
 [ 9.93175190e-01 -1.03290024e-01  5.41683767e-02 -2.72119095e+02]]

[[ 1.02378554e-01  9.94533888e-01 -2.05177112e-02 -2.94725181e+02]
 [-2.29154901e-02  2.29785625e-02  9.99473294e-01  9.08659786e+02]
 [ 9.94481529e-01 -1.01854457e-01  2.51427435e-02 -2.73554924e+02]]

[[ 1.00158938e-01  9.94753730e-01 -2.08135510e-02 -2.94865689e+02]
 [-2.77723502e-02  2.37056870e-02  9.99333146e-01  9.08347715e+02]
 [ 9.94583774e-01 -9.95141059e-02  3.00009854e-02 -2.72591343e+02]]

[[ 9.10167213e-02  9.95849047e-01 -7.94770166e-04 -2.94369886e+02]
 [-2.53523548e-02  3.11492898e-03  9.99673724e-01  9.07857020e+02]
 [ 9.95526602e-01 -9.09668755e-02  2.55306290e-02 -2.72607654e+02]]

[[ 9.01054026e-02  9.95924284e-01  3.97953521e-03 -2.95370298e+02]
 [-3.38667162e-02 -9.29464803e-04  9.99425926e-01  9.13048661e+02]
 [ 9.95356249e-01 -9.01884492e-02  3.36449353e-02 -2.70532740e+02]]

[[ 8.14607006e-02  9.96671592e-01 -3.14520092e-03 -2.93998162e+02]
 [-5.38229610e-02  7.55013821e-03  9.98521950e-01  9.13658999e+02]
 [ 9.95222208e-01 -8.11710136e-02  5.42588558e-02 -2.71161667e+02]]

[[ 9.24173930e-02  9.95574157e-01 -1.70623414e-02 -2.94811526e+02]
 [-4.96565581e-02  2.17225316e-02  9.98530099e-01  9.07570154e+02]
 [ 9.94481398e-01 -9.14342914e-02  5.14443257e-02 -2.70728832e+02]]

[[ 8.41488100e-02  9.96415551e-01  8.66183752e-03 -2.93698468e+02]
 [-2.25641857e-02 -6.78500388e-03  9.99722372e-01  9.14389405e+02]
 [ 9.96197689e-01 -8.43208952e-02  2.19123555e-02 -2.74986196e+02]]

[[ 9.51353174e-02  9.95273587e-01 -1.94873884e-02 -2.93803794e+02]
 [-3.72494841e-02  2.31216747e-02  9.99038470e-01  9.12863116e+02]
 [ 9.94767182e-01 -9.43179468e-02  3.92731155e-02 -2.70080584e+02]]

[[ 1.03036380e-01  9.94600019e-01 -1.24220480e-02 -2.93731682e+02]
 [-9.38244737e-03  1.34597919e-02  9.99865393e-01  9.13613354e+02]
 [ 9.94633336e-01 -1.02905961e-01  1.07186306e-02 -2.69793166e+02]]

[[ 8.05374979e-02  9.96736549e-01 -5.47391087e-03 -2.93802193e+02]
 [-4.43164104e-02  9.06703039e-03  9.98976398e-01  9.13211109e+02]
 [ 9.95765920e-01 -8.02124755e-02  4.49020219e-02 -2.72350676e+02]]

[[ 7.97158298e-02  9.96813287e-01 -2.94221759e-03 -2.93922521e+02]
 [-6.23631853e-02  7.93301116e-03  9.98021994e-01  9.12283046e+02]
 [ 9.94864925e-01 -7.93746654e-02  6.27968383e-02 -2.71764894e+02]]

[[ 9.78108521e-02  9.95192282e-01 -5.03587250e-03 -2.94736628e+02]
 [-1.24546861e-02  6.28379666e-03  9.99902693e-01  9.12052397e+02]
 [ 9.95127086e-01 -9.77386141e-02  1.30094310e-02 -2.72804625e+02]]

[[ 1.00223033e-01  9.94964818e-01  5.95648190e-04 -2.95137714e+02]
 [-4.93411415e-02  4.37221679e-03  9.98772414e-01  9.12599813e+02]
 [ 9.93740809e-01 -1.00129391e-01  4.95308967e-02 -2.71374755e+02]]

[[ 9.65060922e-02  9.95331900e-01 -9.91334057e-04 -2.96023130e+02]
 [-6.77898873e-02  7.56648339e-03  9.97670927e-01  9.09917031e+02]
 [ 9.93021201e-01 -9.62141201e-02  6.82036491e-02 -2.69515363e+02]]

[[ 9.60456518e-02  9.95347987e-01 -7.59055869e-03 -2.95913766e+02]
 [-4.45180631e-02  1.19136830e-02  9.98937539e-01  9.09276025e+02]
 [ 9.94380900e-01 -9.56056900e-02  4.54552220e-02 -2.71073582e+02]]

[[ 1.08040297e-01  9.93945904e-01 -1.99708172e-02 -2.96414109e+02]
 [-2.01697552e-02  2.22758042e-02  9.99548383e-01  9.06117427e+02]
 [ 9.93941887e-01 -1.07588698e-01  2.24543301e-02 -2.75223245e+02]]

[[ 1.04198438e-01  9.94477539e-01 -1.25343868e-02 -2.95345293e+02]
 [-3.17501463e-02  1.59227258e-02  9.99368998e-01  9.08844722e+02]
 [ 9.94049603e-01 -1.03734720e-01  3.32339305e-02 -2.75979571e+02]]

[[ 1.06458923e-01  9.94177530e-01 -1.66594430e-02 -2.95525620e+02]
 [-2.35927146e-02  1.92755964e-02  9.99535810e-01  9.06466823e+02]
 [ 9.94037163e-01 -1.06016465e-01  2.55074060e-02 -2.73804624e+02]]

[[ 8.99083684e-02  9.95915142e-01  8.33752343e-03 -2.94300294e+02]
 [-2.24122012e-02 -6.34613988e-03  9.99728673e-01  9.11898035e+02]
 [ 9.95697835e-01 -9.00708360e-02  2.17500795e-02 -2.76425778e+02]]

[[ 9.69841289e-02  9.95005884e-01  2.36086655e-02 -2.94160738e+02]
 [-4.01856092e-02 -1.97864189e-02  9.98996304e-01  9.11870916e+02]
 [ 9.94474331e-01 -9.78355149e-02  3.80659490e-02 -2.76483448e+02]]

[[ 9.18807152e-02  9.95769021e-01  1.41127205e-03 -2.94029191e+02]
 [-5.00442082e-02  3.20214938e-03  9.98741870e-01  9.10310120e+02]
 [ 9.94511695e-01 -9.18357434e-02  5.01266879e-02 -2.74460894e+02]]

[[ 9.96317972e-02  9.94988099e-01 -8.49635593e-03 -2.95231344e+02]
 [-2.48042218e-02  1.10197449e-02  9.99631590e-01  9.06673667e+02]
 [ 9.94715163e-01 -9.93843463e-02  2.57778225e-02 -2.72918969e+02]]

[[ 8.70146769e-02  9.96206204e-01  1.28237085e-03 -2.93938739e+02]
 [-4.07887430e-02  2.27655575e-03  9.99165199e-01  9.09291432e+02]
 [ 9.95371651e-01 -8.69943433e-02  4.08320926e-02 -2.75178688e+02]]

[[ 9.21290841e-02  9.95718238e-01 -7.57780364e-03 -2.94528815e+02]
 [-5.98887676e-02  1.31372949e-02  9.98118604e-01  9.08269731e+02]
 [ 9.93944449e-01 -9.15019275e-02  6.08426651e-02 -2.72366385e+02]]

[[ 1.07304395e-01  9.93977670e-01 -2.22296535e-02 -2.94468026e+02]
 [ 6.72952416e-03  2.16321164e-02  9.99743350e-01  9.07438696e+02]
 [ 9.94203440e-01 -1.07426451e-01 -4.36777558e-03 -2.73634258e+02]]

[[ 8.55016455e-02  9.96327613e-01 -4.55592734e-03 -2.95122882e+02]
 [-4.45619003e-02  8.39217612e-03  9.98971375e-01  9.09028398e+02]
 [ 9.95341000e-01 -8.52106757e-02  4.51157966e-02 -2.76536244e+02]]

[[ 8.40440855e-02  9.96398743e-01 -1.12310473e-02 -2.93868178e+02]
 [-6.45433468e-02  1.66906556e-02  9.97775315e-01  9.07293368e+02]
 [ 9.94369523e-01 -8.31322244e-02  6.57136605e-02 -2.72770218e+02]]

[[ 9.71629234e-02  9.95207115e-01  1.10528128e-02 -2.92774381e+02]
 [-5.99589941e-02 -5.23206095e-03  9.98187129e-01  9.12035241e+02]
 [ 9.93460762e-01 -9.76494951e-02  5.91632552e-02 -2.71362788e+02]]

[[ 9.17483117e-02  9.95700321e-01 -1.27717761e-02 -2.91673707e+02]
 [-1.53873859e-02  1.42419711e-02  9.99780173e-01  9.11681512e+02]
 [ 9.95663334e-01 -9.15316187e-02  1.66279019e-02 -2.73829787e+02]]

[[ 9.38638005e-02  9.95582318e-01 -2.33136551e-03 -2.92504194e+02]
 [-5.32572193e-02  7.35943031e-03  9.98553708e-01  9.10423155e+02]
 [ 9.94159572e-01 -9.36038840e-02  5.37127299e-02 -2.69137238e+02]]

[[ 1.02437077e-01  9.94685595e-01 -1.03543209e-02 -2.94202740e+02]
 [-5.64780175e-02  1.62080105e-02  9.98272274e-01  9.10220515e+02]
 [ 9.93134874e-01 -1.01675302e-01  5.78381717e-02 -2.69087484e+02]]

[[ 8.15578873e-02  9.96602594e-01  1.14708290e-02 -2.93261190e+02]
 [-3.13276284e-02 -8.94009813e-03  9.99469186e-01  9.14907325e+02]
 [ 9.96176134e-01 -8.18739491e-02  3.04920602e-02 -2.73112905e+02]]

[[ 7.99894124e-02  9.96738564e-01  1.06737563e-02 -2.94140677e+02]
 [-4.80186314e-02 -6.84252765e-03  9.98823003e-01  9.15356094e+02]
 [ 9.95638441e-01 -8.04078042e-02  4.73146920e-02 -2.73139981e+02]]

[[ 9.45608091e-02  9.95511038e-01  4.00328956e-03 -2.95997767e+02]
 [-5.65917440e-02  1.36059858e-03  9.98396476e-01  9.13848750e+02]
 [ 9.93909265e-01 -9.46357317e-02  5.64663651e-02 -2.71527659e+02]]

[[ 8.86784246e-02  9.96020848e-01  8.86611144e-03 -2.97582662e+02]
 [-3.72637429e-02 -5.57751940e-03  9.99289900e-01  9.14346582e+02]
 [ 9.95363024e-01 -8.89458386e-02  3.66208591e-02 -2.72410518e+02]]

[[ 9.14455254e-02  9.95607694e-01 -2.00757680e-02 -2.97312439e+02]
 [-6.46614481e-02  2.60543639e-02  9.97567074e-01  9.09295532e+02]
 [ 9.93708515e-01 -8.99249170e-02  6.67599902e-02 -2.69684851e+02]]

[[ 8.82058037e-02  9.96087800e-01  5.36945904e-03 -2.96228984e+02]
 [-5.29901704e-02 -6.90574952e-04  9.98594795e-01  9.11424207e+02]
 [ 9.94691801e-01 -8.83663850e-02  5.27219495e-02 -2.71418078e+02]]

[[ 9.76216175e-02  9.95172751e-01 -1.00606022e-02 -2.96161784e+02]
 [-5.08096850e-02  1.50793777e-02  9.98594506e-01  9.08535048e+02]
 [ 9.93925750e-01 -9.69732349e-02  5.20364872e-02 -2.70895670e+02]]

[[ 8.75172097e-02  9.96160609e-01  2.18622698e-03 -2.95929277e+02]
 [-8.21408737e-02  5.02923789e-03  9.96608039e-01  9.10326797e+02]
 [ 9.92770676e-01 -8.73999333e-02  8.22656476e-02 -2.69580393e+02]]

[[ 9.59831912e-02  9.95340650e-01 -9.17696193e-03 -2.94293017e+02]
 [-1.48282992e-02  1.06483143e-02  9.99833354e-01  9.11849779e+02]
 [ 9.95272500e-01 -9.58311172e-02  1.57812681e-02 -2.74704033e+02]]

[[ 8.91987099e-02  9.96004850e-01  4.23425817e-03 -2.95138606e+02]
 [-6.58087355e-02  1.65157902e-03  9.97830889e-01  9.09092407e+02]
 [ 9.93837411e-01 -8.92838791e-02  6.56931384e-02 -2.70826463e+02]]

[[ 1.03281291e-01  9.94437075e-01 -2.06852127e-02 -2.97046744e+02]
 [-5.09254684e-02  2.60559361e-02  9.98362502e-01  9.07844922e+02]
 [ 9.93347659e-01 -1.02058764e-01  5.33332646e-02 -2.69347743e+02]]

[[ 8.01819330e-02  9.96735010e-01  9.49613327e-03 -2.93988142e+02]
 [-3.47160490e-02 -6.72856283e-03  9.99374566e-01  9.13595015e+02]
 [ 9.96175513e-01 -8.04614527e-02  3.40631923e-02 -2.74079874e+02]]

[[ 9.89500725e-02  9.95032265e-01 -1.09396036e-02 -2.94335424e+02]
 [-2.20761347e-02  1.31859255e-02  9.99669333e-01  9.14416748e+02]
 [ 9.94847490e-01 -9.86758488e-02  2.32712146e-02 -2.73080152e+02]]

[[ 1.03716625e-01  9.94396077e-01 -2.04769291e-02 -2.94930764e+02]
 [-1.49729430e-02  2.21466621e-02  9.99642604e-01  9.10613548e+02]
 [ 9.94494179e-01 -1.03372958e-01  1.71860129e-02 -2.71464729e+02]]

[[ 9.90017747e-02  9.95063440e-01 -6.88470156e-03 -2.93678081e+02]
 [-3.99083422e-03  7.31567645e-03  9.99965276e-01  9.14974814e+02]
 [ 9.95079254e-01 -9.89708613e-02  4.69539818e-03 -2.75315468e+02]]

[[ 9.08569535e-02  9.95829498e-01  8.28407327e-03 -2.94836998e+02]
 [-5.37430683e-02 -3.40331513e-03  9.98548997e-01  9.11624002e+02]
 [ 9.94412740e-01 -9.11703313e-02  5.32097179e-02 -2.70873780e+02]]

[[ 1.04214255e-01  9.94259905e-01 -2.42204337e-02 -2.94542293e+02]
 [-2.96603616e-03  2.46636342e-02  9.99691406e-01  9.10769014e+02]
 [ 9.94550447e-01 -1.04110256e-01  5.51931310e-03 -2.73256474e+02]]

[[ 8.06137592e-02  9.96741064e-01 -2.94512593e-03 -2.94565463e+02]
 [-6.57781953e-02  8.26821989e-03  9.97800013e-01  9.10601407e+02]
 [ 9.94572597e-01 -8.02426849e-02  6.62303606e-02 -2.72208890e+02]]

[[ 9.60634221e-02  9.95255406e-01 -1.54432912e-02 -2.92797600e+02]
 [-3.47607357e-02  1.88599277e-02  9.99217691e-01  9.11508238e+02]
 [ 9.94768069e-01 -9.54514506e-02  3.64075593e-02 -2.71882999e+02]]

[[ 1.00842569e-01  9.94879086e-01 -6.81029115e-03 -2.93437127e+02]
 [-2.53126390e-02  9.40857956e-03  9.99635308e-01  9.12223636e+02]
 [ 9.94580337e-01 -1.00633406e-01  2.61318005e-02 -2.72238495e+02]]

[[ 9.94522000e-02  9.95034525e-01 -3.94373000e-03 -2.94225254e+02]
 [-2.85869165e-02  6.81891741e-03  9.99568052e-01  9.13138529e+02]
 [ 9.94631614e-01 -9.92965028e-02  2.91231252e-02 -2.73477529e+02]]

[[ 9.29260378e-02  9.95658088e-01 -5.45186281e-03 -2.93486220e+02]
 [-5.58375266e-02  1.06781697e-02  9.98382766e-01  9.10341654e+02]
 [ 9.94106092e-01 -9.24713361e-02  5.65873650e-02 -2.70536314e+02]]

[[ 8.76253181e-02  9.96153141e-01 -8.50607665e-04 -2.92579631e+02]
 [-3.82082516e-02  4.21420063e-03  9.99260912e-01  9.13055308e+02]
 [ 9.95420481e-01 -8.75280551e-02  3.84305405e-02 -2.75569175e+02]]

[[ 9.40480602e-02  9.95564931e-01  2.33037895e-03 -2.95012342e+02]
 [-4.56871403e-02  1.97761679e-03  9.98953840e-01  9.09117951e+02]
 [ 9.94518802e-01 -9.40561392e-02  4.56705057e-02 -2.72170464e+02]]

[[ 9.29290826e-02  9.95661965e-01  4.62992063e-03 -2.94334547e+02]
 [-4.55077094e-02 -3.97859857e-04  9.98963908e-01  9.09444007e+02]
 [ 9.94632210e-01 -9.30434966e-02  4.52733226e-02 -2.72169467e+02]]

[[ 9.24720769e-02  9.95714527e-01 -1.22288163e-03 -2.93356149e+02]
 [-3.71198854e-02  4.67461129e-03  9.99299886e-01  9.12263409e+02]
 [ 9.95023130e-01 -9.23619427e-02  3.73930801e-02 -2.74768495e+02]]

[[ 9.98274424e-02  9.94984946e-01 -6.28007104e-03 -2.94130910e+02]
 [-3.63527547e-02  9.95453372e-03  9.99289440e-01  9.08649722e+02]
 [ 9.94340464e-01 -9.95282111e-02  3.71641793e-02 -2.74222867e+02]]

[[ 1.00233949e-01  9.94962930e-01 -1.38681454e-03 -2.95390053e+02]
 [-3.70136358e-02  5.12166711e-03  9.99301636e-01  9.10755186e+02]
 [ 9.94275186e-01 -1.00112618e-01  3.73405604e-02 -2.74129809e+02]]

[[ 9.65223568e-02  9.95113724e-01 -2.07872774e-02 -2.96837109e+02]
 [-4.17828637e-02  2.49173981e-02  9.98815957e-01  9.06223918e+02]
 [ 9.94453431e-01 -9.55395182e-02  4.39837871e-02 -2.73091200e+02]]

[[ 9.50582341e-02  9.95470330e-01  1.65973447e-03 -2.96132176e+02]
 [-3.29525915e-02  1.48028910e-03  9.99455820e-01  9.07896819e+02]
 [ 9.94926157e-01 -9.50611978e-02  3.29440408e-02 -2.73820461e+02]]

[[ 1.10752456e-01  9.93809420e-01 -8.75959405e-03 -2.96972941e+02]
 [-2.47757433e-02  1.15719298e-02  9.99626057e-01  9.09375824e+02]
 [ 9.93539157e-01 -1.10494015e-01  2.59039868e-02 -2.71919398e+02]]

[[ 9.10689032e-02  9.95843226e-01  1.65040818e-03 -2.94886566e+02]
 [-4.53365311e-02  2.49039411e-03  9.98968667e-01  9.10672065e+02]
 [ 9.94812070e-01 -9.10498046e-02  4.53748749e-02 -2.72379804e+02]]

[[ 9.35295117e-02  9.95613784e-01 -2.32896545e-03 -2.95362387e+02]
 [-5.13775727e-02  7.16256561e-03  9.98653615e-01  9.07746562e+02]
 [ 9.94289986e-01 -9.32839283e-02  5.18221308e-02 -2.71123006e+02]]

[[ 9.23247596e-02  9.95724310e-01 -3.03912418e-03 -2.96633316e+02]
 [-4.62295015e-02  7.33528405e-03  9.98903913e-01  9.07538630e+02]
 [ 9.94655203e-01 -9.20830664e-02  4.67090669e-02 -2.71155766e+02]]

[[ 9.75486820e-02  9.95218539e-01 -4.93093256e-03 -2.96691930e+02]
 [-4.94047220e-02  9.79085457e-03  9.98730851e-01  9.07425825e+02]
 [ 9.94003736e-01 -9.71812668e-02  5.01235802e-02 -2.70710092e+02]]

[[ 9.95590408e-02  9.95023025e-01 -4.14462651e-03 -2.96214594e+02]
 [-5.32390141e-02  9.48619960e-03  9.98536739e-01  9.07837152e+02]
 [ 9.93606363e-01 -9.91927042e-02  5.39184818e-02 -2.69704041e+02]]

[[ 9.52222531e-02  9.95448673e-01 -3.82921850e-03 -2.94941607e+02]
 [-2.12696200e-02  5.88039074e-03  9.99756482e-01  9.11637378e+02]
 [ 9.95228781e-01 -9.51176188e-02  2.17327590e-02 -2.73499737e+02]]

[[ 1.02888495e-01  9.94273770e-01 -2.88726276e-02 -2.96893978e+02]
 [-1.64440542e-02  3.07229227e-02  9.99392663e-01  9.09902583e+02]
 [ 9.94556962e-01 -1.02351224e-01  1.95109271e-02 -2.73687331e+02]]

[[ 9.43549828e-02  9.95537766e-01 -1.30169368e-03 -2.96078145e+02]
 [-4.67207981e-02  5.73417814e-03  9.98891529e-01  9.08600722e+02]
 [ 9.94441705e-01 -9.41895768e-02  4.70533673e-02 -2.71660019e+02]]

[[ 9.69268381e-02  9.95249416e-01  9.15362737e-03 -2.95982395e+02]
 [-6.39004679e-02 -2.95524869e-03  9.97951901e-01  9.10077668e+02]
 [ 9.93238097e-01 -9.73132434e-02  6.33104604e-02 -2.69807594e+02]]

[[ 9.31311193e-02  9.95605407e-01 -9.82184929e-03 -2.96654730e+02]
 [-6.51580771e-02  1.59380129e-02  9.97747666e-01  9.07496254e+02]
 [ 9.93519511e-01 -9.22813841e-02  6.63560589e-02 -2.69707985e+02]]

[[ 1.02199095e-01  9.94670613e-01 -1.36277585e-02 -2.95532618e+02]
 [-4.80280965e-02  1.86173140e-02  9.98672468e-01  9.10975900e+02]
 [ 9.93603868e-01 -1.01408907e-01  4.96748088e-02 -2.71976386e+02]]

[[ 9.41925923e-02  9.95518786e-01 -8.37265496e-03 -2.95838271e+02]
 [-5.70878840e-02  1.37972866e-02  9.98273814e-01  9.06505270e+02]
 [ 9.93915856e-01 -9.35520212e-02  5.81316632e-02 -2.70693039e+02]]

[[ 8.00825433e-02  9.96734463e-01  1.03536176e-02 -2.93518659e+02]
 [-4.77478591e-02 -6.53917080e-03  9.98838015e-01  9.13842547e+02]
 [ 9.95643977e-01 -8.04838517e-02  4.70682632e-02 -2.74907543e+02]]

[[ 1.00552724e-01  9.94403825e-01 -3.24065133e-02 -2.94664300e+02]
 [-6.04058494e-03  3.31811620e-02  9.99431099e-01  9.09532069e+02]
 [ 9.94913394e-01 -1.00299765e-01  9.34323700e-03 -2.73571817e+02]]

[[ 8.74391393e-02  9.96105650e-01  1.13106545e-02 -2.95338359e+02]
 [-7.43338112e-02 -4.79823354e-03  9.97221872e-01  9.10519147e+02]
 [ 9.93392612e-01 -8.80369862e-02  7.36247760e-02 -2.69371506e+02]]

[[ 9.21027422e-02  9.95720445e-01 -7.60795575e-03 -2.94713585e+02]
 [-4.80736867e-02  1.20780107e-02  9.98770766e-01  9.09787631e+02]
 [ 9.94588360e-01 -9.16237839e-02  4.89803706e-02 -2.70695639e+02]]

[[ 8.70714713e-02  9.96200350e-01 -1.84978872e-03 -2.94685683e+02]
 [-6.17151120e-02  7.24737710e-03  9.98067493e-01  9.09538895e+02]
 [ 9.94288592e-01 -8.67890452e-02  6.21116560e-02 -2.69614752e+02]]

[[ 8.50265466e-02  9.96324547e-01  1.03867158e-02 -2.94983839e+02]
 [-6.74486795e-02 -4.64509486e-03  9.97711932e-01  9.11122573e+02]
 [ 9.94093135e-01 -8.55325703e-02  6.68058187e-02 -2.70851614e+02]]

[[ 9.30160996e-02  9.95585516e-01  1.25493461e-02 -2.95316822e+02]
 [-5.30284924e-02 -7.63251323e-03  9.98563831e-01  9.12004189e+02]
 [ 9.94251469e-01 -9.35479857e-02  5.20844524e-02 -2.71572422e+02]]

[[ 9.32159434e-02  9.95645518e-01  8.89423457e-04 -2.95101254e+02]
 [-6.89572668e-02  5.56485627e-03  9.97604094e-01  9.11484429e+02]
 [ 9.93255095e-01 -9.30539389e-02  6.91757270e-02 -2.71045160e+02]]

[[ 1.02324276e-01  9.94358544e-01 -2.79432923e-02 -2.94958268e+02]
 [-2.99506932e-02  3.11576407e-02  9.99065642e-01  9.09400230e+02]
 [ 9.94300105e-01 -1.01391748e-01  3.29699108e-02 -2.72935004e+02]]

[[ 8.66941677e-02  9.96228294e-01  3.64788846e-03 -2.94713360e+02]
 [-4.15110384e-02 -4.61532940e-05  9.99138044e-01  9.10980856e+02]
 [ 9.95369758e-01 -8.67708688e-02  4.13504697e-02 -2.71225634e+02]]

[[ 9.10067975e-02  9.95850148e-01  4.96060802e-04 -2.93323117e+02]
 [-4.28287015e-02  3.41627728e-03  9.99076589e-01  9.11041289e+02]
 [ 9.94928874e-01 -9.09440065e-02  4.29618732e-02 -2.70799061e+02]]

[[ 9.04515917e-02  9.95897309e-01 -2.65715228e-03 -2.94172542e+02]
 [-6.99864434e-02  9.01791139e-03  9.97507180e-01  9.12500045e+02]
 [ 9.93438678e-01 -9.00401475e-02  7.05149951e-02 -2.70701956e+02]]

[[ 8.02105255e-02  9.96772872e-01  3.17998225e-03 -2.93501943e+02]
 [-5.96840462e-02  1.61820166e-03  9.98216007e-01  9.13383096e+02]
 [ 9.94989491e-01 -8.02572247e-02  5.96212350e-02 -2.72475538e+02]]

[[ 8.44559001e-02  9.96417597e-01 -4.37876540e-03 -2.94519749e+02]
 [-6.41968425e-02  9.82652597e-03  9.97888874e-01  9.11647762e+02]
 [ 9.94357062e-01 -8.39965001e-02  6.47967716e-02 -2.71740781e+02]]

[[ 8.96281510e-02  9.95936294e-01 -8.81430968e-03 -2.92929388e+02]
 [-6.09802144e-02  1.43207396e-02  9.98036237e-01  9.12220519e+02]
 [ 9.94106739e-01 -8.89146441e-02  6.20159502e-02 -2.71242569e+02]]

[[ 9.73083035e-02  9.95181508e-01 -1.20358102e-02 -2.93907151e+02]
 [-5.13257353e-02  1.70949777e-02  9.98535643e-01  9.11316105e+02]
 [ 9.93929959e-01 -9.65480626e-02  5.27419060e-02 -2.71452311e+02]]

[[ 8.96642642e-02  9.95805293e-01 -1.82246495e-02 -2.93887241e+02]
 [-5.44121543e-02  2.31687634e-02  9.98249731e-01  9.11477805e+02]
 [ 9.94484609e-01 -8.85156852e-02  5.62613213e-02 -2.71737182e+02]]

[[ 9.12486374e-02  9.95822471e-01  3.36031510e-03 -2.94433762e+02]
 [-3.85676665e-02  1.62109284e-04  9.99255978e-01  9.12127237e+02]
 [ 9.95081012e-01 -9.13103459e-02  3.84213412e-02 -2.71262716e+02]]

[[ 9.22376761e-02  9.95703770e-01  8.13718001e-03 -2.94852153e+02]
 [-4.76226760e-02 -3.75140214e-03  9.98858352e-01  9.11534044e+02]
 [ 9.94597553e-01 -9.25198875e-02  4.70720574e-02 -2.70912894e+02]]

[[ 8.96742288e-02  9.95946384e-01 -7.02379777e-03 -2.94580784e+02]
 [-2.14442152e-02  8.98129947e-03  9.99729704e-01  9.11551668e+02]
 [ 9.95740266e-01 -8.94993704e-02  2.21626797e-02 -2.73630845e+02]]

[[ 9.03658470e-02  9.95904440e-01  2.89139335e-03 -2.94640314e+02]
 [-5.33847541e-02  1.94485900e-03  9.98572123e-01  9.11462315e+02]
 [ 9.94476788e-01 -9.03911720e-02  5.33418624e-02 -2.70762981e+02]]

[[ 9.17666763e-02  9.95757503e-01 -6.77289367e-03 -2.93526198e+02]
 [-4.44209613e-02  1.08883641e-02  9.98953563e-01  9.12476282e+02]
 [ 9.94789252e-01 -9.13697898e-02  4.52316945e-02 -2.72314991e+02]]

[[ 9.53909120e-02  9.95230509e-01 -2.04158632e-02 -2.93671746e+02]
 [-1.59757698e-02  2.20373492e-02  9.99629496e-01  9.11442472e+02]
 [ 9.95311684e-01 -9.50294101e-02  1.80017363e-02 -2.73345411e+02]]

[[ 8.86931094e-02  9.96036108e-01  6.75306293e-03 -2.94128746e+02]
 [-5.31052125e-02 -2.04154579e-03  9.98586836e-01  9.12064028e+02]
 [ 9.94642332e-01 -8.89263943e-02  5.27136381e-02 -2.71649201e+02]]

[[ 9.19382300e-02  9.95748401e-01 -5.69939912e-03 -2.94962080e+02]
 [-5.73300117e-02  1.10072978e-02  9.98294600e-01  9.09260708e+02]
 [ 9.94112987e-01 -9.14546920e-02  5.80982589e-02 -2.70973542e+02]]

[[ 8.80209527e-02  9.96098301e-01  6.36290270e-03 -2.93608218e+02]
 [-4.87076491e-02 -2.07614352e-03  9.98810920e-01  9.11268772e+02]
 [ 9.94927071e-01 -8.82262108e-02  4.83348623e-02 -2.71478143e+02]]

[[ 8.54708942e-02  9.96339711e-01  1.38103439e-03 -2.93758504e+02]
 [-5.86522479e-02  3.64776424e-03  9.98271810e-01  9.11651981e+02]
 [ 9.94612809e-01 -8.54041851e-02  5.87493414e-02 -2.72030731e+02]]

[[ 9.59431627e-02  9.95380229e-01  3.62056183e-03 -2.95100734e+02]
 [-4.84135410e-02  1.03340801e-03  9.98826842e-01  9.10610582e+02]
 [ 9.94208750e-01 -9.60058905e-02  4.82890300e-02 -2.70553581e+02]]

[[ 8.72229564e-02  9.96188814e-01  4.61669813e-05 -2.93522549e+02]
 [-6.29735706e-02  5.46750402e-03  9.98000218e-01  9.09846878e+02]
 [ 9.94196402e-01 -8.70514368e-02  6.32104585e-02 -2.70263566e+02]]

[[ 8.97971077e-02  9.95915413e-01 -9.43236145e-03 -2.93112508e+02]
 [-4.45459005e-02  1.34772829e-02  9.98916426e-01  9.12315115e+02]
 [ 9.94963387e-01 -8.92796328e-02  4.55741700e-02 -2.73476520e+02]]

[[ 9.07074550e-02  9.95846551e-01  7.86162753e-03 -2.93943977e+02]
 [-3.14644686e-02 -5.02444262e-03  9.99492242e-01  9.13266657e+02]
 [ 9.95380402e-01 -9.09087596e-02  3.08780282e-02 -2.72640785e+02]]

[[ 1.00057016e-01  9.94767203e-01 -2.06592493e-02 -2.94899938e+02]
 [-3.92334831e-02  2.46918321e-02  9.98924946e-01  9.10099859e+02]
 [ 9.94207889e-01 -9.91389145e-02  4.14987733e-02 -2.71528314e+02]]

[[ 9.17384831e-02  9.95700397e-01  1.28362981e-02 -2.94360432e+02]
 [-4.40845683e-02 -8.81697730e-03  9.98988895e-01  9.12317394e+02]
 [ 9.94806816e-01 -9.22116085e-02  4.30861660e-02 -2.71480701e+02]]

[[ 9.55176681e-02  9.95427724e-01  1.49300182e-04 -2.94214969e+02]
 [-2.41192928e-02  2.16445871e-03  9.99706744e-01  9.13179884e+02]
 [ 9.95135486e-01 -9.54932580e-02  2.42157568e-02 -2.72641963e+02]]

[[ 9.20189438e-02  9.95717807e-01 -8.86351437e-03 -2.92507551e+02]
 [-4.01514594e-02  1.26043313e-02  9.99114103e-01  9.11554168e+02]
 [ 9.94947423e-01 -9.15815415e-02  4.11393604e-02 -2.72597999e+02]]

[[ 1.00179339e-01  9.94937934e-01 -7.91251573e-03 -2.93329457e+02]
 [-2.04979275e-02  1.00146199e-02  9.99739737e-01  9.11411367e+02]
 [ 9.94758229e-01 -9.99910763e-02  2.13974236e-02 -2.72310247e+02]]

[[ 1.00496147e-01  9.94662634e-01 -2.33830946e-02 -2.94625656e+02]
 [-3.61156737e-02  2.71335327e-02  9.98979194e-01  9.09896536e+02]
 [ 9.94281742e-01 -9.95490638e-02  3.86497266e-02 -2.70627160e+02]]

[[ 8.74017834e-02  9.96166760e-01 -3.56574335e-03 -2.93897939e+02]
 [-5.68748205e-02  8.56362776e-03  9.98344589e-01  9.12234480e+02]
 [ 9.94548231e-01 -8.70542966e-02  5.74052820e-02 -2.71383503e+02]]

[[ 9.39480864e-02  9.95564374e-01  5.03337986e-03 -2.93226887e+02]
 [-3.89357748e-02 -1.37772790e-03  9.99240765e-01  9.12351703e+02]
 [ 9.94815441e-01 -9.40727363e-02  3.86336354e-02 -2.71900022e+02]]

[[ 8.56476308e-02  9.96311220e-01  5.33252386e-03 -2.92581963e+02]
 [-5.55690090e-02 -5.67021093e-04  9.98454688e-01  9.11247367e+02]
 [ 9.94774632e-01 -8.58116016e-02  5.53154631e-02 -2.70883123e+02]]

[[ 9.42811615e-02  9.95545154e-01 -9.53101924e-04 -2.93281753e+02]
 [-4.60506515e-02  5.31747474e-03  9.98924953e-01  9.11749180e+02]
 [ 9.94479965e-01 -9.41359139e-02  4.63468406e-02 -2.71878483e+02]]

[[ 9.11910952e-02  9.95828635e-01 -3.08451810e-03 -2.93123810e+02]
 [-3.94625506e-02  6.70866345e-03  9.99198529e-01  9.10335062e+02]
 [ 9.95051200e-01 -9.09962853e-02  3.99097083e-02 -2.71204436e+02]]

[[ 1.01527943e-01  9.94831522e-01 -1.52310487e-03 -2.94097627e+02]
 [-3.27176877e-02  4.86919727e-03  9.99452772e-01  9.13473915e+02]
 [ 9.94294539e-01 -1.01422552e-01  3.30429466e-02 -2.71542793e+02]]

[[ 9.52556705e-02  9.95338708e-01 -1.50736162e-02 -2.94417748e+02]
 [-4.03432409e-02  1.89900648e-02  9.99005406e-01  9.09299216e+02]
 [ 9.94634998e-01 -9.45528112e-02  4.19641007e-02 -2.69639132e+02]]

[[ 8.84995817e-02  9.96057262e-01 -6.14450954e-03 -2.93885038e+02]
 [-5.71877062e-02  1.12394673e-02  9.98300176e-01  9.12231546e+02]
 [ 9.94433201e-01 -8.79977576e-02  5.79569182e-02 -2.70718983e+02]]

[[ 8.63103207e-02  9.96266335e-01  1.97926748e-03 -2.94005153e+02]
 [-6.94059356e-02  4.03102068e-03  9.97580356e-01  9.12803359e+02]
 [ 9.93847747e-01 -8.62388534e-02  6.94947158e-02 -2.70445299e+02]]

[[ 8.23349960e-02  9.96595046e-01  4.38889042e-03 -2.93223180e+02]
 [-6.41701166e-02  9.06690541e-04  9.97938562e-01  9.12034119e+02]
 [ 9.94536648e-01 -8.24469032e-02  6.40262727e-02 -2.70986703e+02]]

[[ 9.53449595e-02  9.95386595e-01  1.07175026e-02 -2.94337393e+02]
 [-5.04193069e-02 -5.92378520e-03  9.98710570e-01  9.12985267e+02]
 [ 9.94166602e-01 -9.57623879e-02  4.96218992e-02 -2.70037308e+02]]

[[ 1.03785432e-01  9.94530417e-01 -1.17402339e-02 -2.94875269e+02]
 [-2.39176385e-02  1.42961718e-02  9.99611708e-01  9.09955505e+02]
 [ 9.94312089e-01 -1.03464334e-01  2.52705534e-02 -2.69664454e+02]]

[[ 8.48905242e-02  9.96390237e-01 -3.08038051e-04 -2.93401782e+02]
 [-4.36246276e-02  4.02559123e-03  9.99039882e-01  9.11386298e+02]
 [ 9.95434825e-01 -8.47955813e-02  4.38088876e-02 -2.71419634e+02]]

[[ 9.04211878e-02  9.95888474e-01 -5.49147094e-03 -2.93981793e+02]
 [-3.11873863e-02  8.34291104e-03  9.99478736e-01  9.11863668e+02]
 [ 9.95415168e-01 -9.02027898e-02  3.18135345e-02 -2.72021715e+02]]

[[ 9.43300036e-02  9.95431552e-01  1.47606222e-02 -2.94337539e+02]
 [-3.79039782e-02 -1.12248823e-02  9.99218340e-01  9.12973076e+02]
 [ 9.94819149e-01 -9.48157559e-02  3.66719727e-02 -2.70275002e+02]]

[[ 9.88119158e-02  9.94843240e-01 -2.28721096e-02 -2.95109287e+02]
 [-4.79076378e-02  2.77138107e-02  9.98467227e-01  9.09327885e+02]
 [ 9.93952244e-01 -9.75647108e-02  5.03990443e-02 -2.69717478e+02]]

[[ 9.20129478e-02  9.95757011e-01 -1.26176361e-03 -2.94042152e+02]
 [-5.23799682e-02  6.10554901e-03  9.98608563e-01  9.11444478e+02]
 [ 9.94379181e-01 -9.18188264e-02  5.27195102e-02 -2.70412015e+02]]

[[ 9.64469740e-02  9.95336878e-01  1.57520299e-03 -2.94568859e+02]
 [-4.60303154e-02  2.87938475e-03  9.98935893e-01  9.12160454e+02]
 [ 9.94273197e-01 -9.64168513e-02  4.60933784e-02 -2.70275202e+02]]

[[ 9.15397588e-02  9.95664286e-01  1.65257748e-02 -2.94264126e+02]
 [-4.59838098e-02 -1.23512363e-02  9.98865825e-01  9.14157628e+02]
 [ 9.94739143e-01 -9.21958547e-02  4.46538080e-02 -2.71130903e+02]]

[[ 9.13301190e-02  9.95650000e-01  1.84360340e-02 -2.93999277e+02]
 [-3.59313601e-02 -1.52065290e-02  9.99238560e-01  9.13716488e+02]
 [ 9.95172220e-01 -9.19230084e-02  3.43862445e-02 -2.70729239e+02]]

[[ 9.80625972e-02  9.95115531e-01 -1.13493267e-02 -2.94780453e+02]
 [-3.15733600e-02  1.45095100e-02  9.99396116e-01  9.10313630e+02]
 [ 9.94679270e-01 -9.76450424e-02  3.28419811e-02 -2.71000000e+02]]

[[ 9.81268989e-02  9.95101880e-01 -1.19732857e-02 -2.94921495e+02]
 [-4.18772859e-02  1.61496104e-02  9.98992234e-01  9.10827500e+02]
 [ 9.94292414e-01 -9.75266012e-02  4.32568771e-02 -2.70717927e+02]]

[[ 9.79344861e-02  9.95189063e-01  2.75062453e-03 -2.94726870e+02]
 [-4.11781166e-02  1.29067783e-03  9.99150988e-01  9.12476791e+02]
 [ 9.94340585e-01 -9.79646040e-02  4.11064131e-02 -2.71509421e+02]]

[[ 8.76251720e-02  9.96153105e-01 -9.06375291e-04 -2.93464801e+02]
 [-5.96488747e-02  6.15516541e-03  9.98200444e-01  9.11886692e+02]
 [ 9.94366050e-01 -8.74134213e-02  5.99587592e-02 -2.70869406e+02]]

[[ 9.01502601e-02  9.95837090e-01  1.34692374e-02 -2.93582132e+02]
 [-3.38729686e-02 -1.04506201e-02  9.99371506e-01  9.13709962e+02]
 [ 9.95351974e-01 -9.05498442e-02  3.27898324e-02 -2.72159767e+02]]

[[ 8.81083671e-02  9.96084663e-01  7.22906567e-03 -2.93760476e+02]
 [-6.13133667e-02 -1.82035936e-03  9.98116906e-01  9.11818355e+02]
 [ 9.94222101e-01 -8.83856891e-02  6.09129153e-02 -2.69979921e+02]]

[[ 8.97846424e-02  9.95920942e-01  8.95513920e-03 -2.94118538e+02]
 [-5.92162697e-02 -3.63749110e-03  9.98238550e-01  9.11843660e+02]
 [ 9.94199251e-01 -9.01567812e-02  5.86481323e-02 -2.71097858e+02]]

[[ 9.16521595e-02  9.95742021e-01  9.88478239e-03 -2.94613176e+02]
 [-6.24362628e-02 -4.16070888e-03  9.98040281e-01  9.09947240e+02]
 [ 9.93831774e-01 -9.20897159e-02  6.17890726e-02 -2.68773215e+02]]

[[ 9.62365295e-02  9.95348657e-01  4.42504124e-03 -2.95220229e+02]
 [-5.60660670e-02  9.82092975e-04  9.98426578e-01  9.08676291e+02]
 [ 9.93778208e-01 -9.63332035e-02  5.58997977e-02 -2.68958903e+02]]

[[ 9.19625171e-02  9.95684773e-01  1.24389970e-02 -2.94763674e+02]
 [-6.85084652e-02 -6.13580382e-03  9.97631667e-01  9.09964570e+02]
 [ 9.93402983e-01 -9.25968958e-02  6.76485717e-02 -2.68373502e+02]]

[[ 9.53271770e-02  9.95443939e-01  2.02345864e-03 -2.94990704e+02]
 [-4.84353681e-02  2.60801231e-03  9.98822914e-01  9.08218763e+02]
 [ 9.94266938e-01 -9.53129757e-02  4.84633080e-02 -2.69113372e+02]]

[[ 9.59458686e-02  9.95369376e-01 -5.84768898e-03 -2.94255770e+02]
 [-5.25151759e-02  1.09284901e-02  9.98560326e-01  9.08813441e+02]
 [ 9.94000275e-01 -9.55006454e-02  5.33205414e-02 -2.69765840e+02]]

[[ 9.77817451e-02  9.95207779e-01  4.54253866e-04 -2.93378205e+02]
 [-1.07386888e-03 -3.50930539e-04  9.99999362e-01  9.13060556e+02]
 [ 9.95207304e-01 -9.77821705e-02  1.03440807e-03 -2.73914013e+02]]

[[ 9.03694547e-02  9.95908295e-01 -1.74879653e-04 -2.92959890e+02]
 [-3.52430280e-02  3.37346647e-03  9.99373078e-01  9.12742861e+02]
 [ 9.95284527e-01 -9.03066368e-02  3.54036823e-02 -2.72229689e+02]]

[[ 9.09989954e-02  9.95494003e-01  2.66622156e-02 -2.94205804e+02]
 [-5.54801896e-02 -2.16638589e-02  9.98224737e-01  9.13105829e+02]
 [ 9.94304345e-01 -9.23166730e-02  5.32588066e-02 -2.70112058e+02]]

[[ 9.26505101e-02  9.95696620e-01  2.03067976e-03 -2.94506367e+02]
 [-5.87526330e-02  3.43106666e-03  9.98266676e-01  9.09724120e+02]
 [ 9.93963788e-01 -9.26092245e-02  5.88176882e-02 -2.69400921e+02]]

[[ 8.20484242e-02  9.96487972e-01  1.67265620e-02 -2.93528299e+02]
 [-5.92868108e-02 -1.18732685e-02  9.98170376e-01  9.12739740e+02]
 [ 9.94863373e-01 -8.28899709e-02  5.81044109e-02 -2.70526858e+02]]

[[ 9.97138896e-02  9.95012730e-01 -2.60901452e-03 -2.94882321e+02]
 [-3.48656986e-02  6.11446837e-03  9.99373302e-01  9.13888390e+02]
 [ 9.94405110e-01 -9.95604340e-02  3.53015114e-02 -2.71753380e+02]]

[[ 9.62630171e-02  9.95042401e-01  2.49810281e-02 -2.95430476e+02]
 [-3.37212727e-02 -2.18229461e-02  9.99192992e-01  9.13896276e+02]
 [ 9.94784553e-01 -9.70277241e-02  3.14533536e-02 -2.71413475e+02]]

[[ 8.25835483e-02  9.96575845e-01 -4.06721526e-03 -2.95255241e+02]
 [-6.56708197e-02  9.51415831e-03  9.97795983e-01  9.07875846e+02]
 [ 9.94418072e-01 -8.21344355e-02  6.62316656e-02 -2.69995348e+02]]

[[ 1.03160347e-01  9.94664488e-01 -7.06374861e-04 -2.95861049e+02]
 [-3.64896342e-02  4.49415926e-03  9.99323926e-01  9.11390274e+02]
 [ 9.93995196e-01 -1.03064827e-01  3.67585623e-02 -2.70334349e+02]]

[[ 1.02542954e-01  9.94179859e-01 -3.30355864e-02 -2.95687465e+02]
 [-3.74007536e-02  3.70405518e-02  9.98613630e-01  9.06605839e+02]
 [ 9.94025214e-01 -1.01165236e-01  4.09813236e-02 -2.69280164e+02]]

[[ 9.79176155e-02  9.95124456e-01 -1.18092537e-02 -2.95362935e+02]
 [-5.81419605e-02  1.75662181e-02  9.98153766e-01  9.08133500e+02]
 [ 9.93494667e-01 -9.70502235e-02  5.95785290e-02 -2.69006291e+02]]

[[ 9.21147351e-02  9.95707437e-01 -9.03190298e-03 -2.96669078e+02]
 [-5.74687646e-02  1.43714521e-02  9.98243859e-01  9.06858185e+02]
 [ 9.94088636e-01 -9.14339163e-02  5.85458988e-02 -2.68176701e+02]]

[[ 1.02487416e-01  9.94568186e-01 -1.81783850e-02 -2.95223683e+02]
 [-3.90155635e-02  2.22796515e-02  9.98990192e-01  9.10387855e+02]
 [ 9.93968870e-01 -1.01674684e-01  4.10870221e-02 -2.70917439e+02]]

[[ 8.47626037e-02  9.96258785e-01  1.68443969e-02 -2.94005778e+02]
 [-4.45708247e-02 -1.30972717e-02  9.98920369e-01  9.14809062e+02]
 [ 9.95403809e-01 -8.54218600e-02  4.32939169e-02 -2.73256646e+02]]

[[ 1.06232246e-01  9.94168126e-01 -1.85592899e-02 -2.96282276e+02]
 [-5.37516192e-02  2.43792674e-02  9.98256688e-01  9.08048398e+02]
 [ 9.92887442e-01 -1.05049459e-01  5.60280109e-02 -2.68945642e+02]]

[[ 1.01656924e-01  9.94462403e-01 -2.66533038e-02 -2.97206093e+02]
 [-2.69917580e-02  2.95394341e-02  9.99199113e-01  9.08674702e+02]
 [ 9.94453274e-01 -1.00856089e-01  2.98451765e-02 -2.71713164e+02]]

[[ 9.37163933e-02  9.95597669e-01  1.58732563e-03 -2.96052819e+02]
 [-3.79378323e-02  1.97792449e-03  9.99278144e-01  9.09084510e+02]
 [ 9.94875851e-01 -9.37089632e-02  3.79561814e-02 -2.71094040e+02]]

[[ 9.77194950e-02  9.95195122e-01  6.12939665e-03 -2.96092870e+02]
 [-4.53381866e-02 -1.70083249e-03  9.98970248e-01  9.11732141e+02]
 [ 9.94180743e-01 -9.78967638e-02  4.49541376e-02 -2.71607272e+02]]

[[ 8.99728506e-02  9.95938046e-01  3.50636156e-03 -2.94666658e+02]
 [-6.49384225e-02  2.35330313e-03  9.97886498e-01  9.14328960e+02]
 [ 9.93824878e-01 -9.00103904e-02  6.48863790e-02 -2.73267475e+02]]

[[ 9.07532254e-02  9.95731104e-01 -1.68351128e-02 -2.94828145e+02]
 [-1.63305363e-02  1.83905766e-02  9.99697504e-01  9.08792323e+02]
 [ 9.95739507e-01 -9.04508466e-02  1.79298271e-02 -2.73311212e+02]]

[[ 9.87815238e-02  9.94973455e-01 -1.64327448e-02 -2.95235265e+02]
 [-1.23296249e-02  1.77360007e-02  9.99766680e-01  9.07036279e+02]
 [ 9.95032759e-01 -9.85558665e-02  1.40196387e-02 -2.72214174e+02]]

[[ 8.77237971e-02  9.96006737e-01  1.65866213e-02 -2.94021665e+02]
 [-5.82963670e-02 -1.14892169e-02  9.98233205e-01  9.14781887e+02]
 [ 9.94437564e-01 -8.85357469e-02  5.70556965e-02 -2.73295733e+02]]

[[ 8.55770116e-02  9.96313603e-01  5.98152834e-03 -2.94448594e+02]
 [-5.41631663e-02 -1.34256998e-03  9.98531196e-01  9.13563159e+02]
 [ 9.94858244e-01 -8.57752942e-02  5.38486063e-02 -2.73949817e+02]]

[[ 9.41921491e-02  9.95532077e-01 -6.61230855e-03 -2.94735503e+02]
 [-4.82579907e-02  1.11997529e-02  9.98772112e-01  9.09624076e+02]
 [ 9.94383731e-01 -9.37573950e-02  4.90973065e-02 -2.71941042e+02]]

[[ 9.99340861e-02  9.94681045e-01 -2.49559189e-02 -2.95634822e+02]
 [-9.73505632e-03  2.60577257e-02  9.99613037e-01  9.06071127e+02]
 [ 9.94946434e-01 -9.96524680e-02  1.22873310e-02 -2.71862065e+02]]

[[ 1.00830735e-01  9.94725690e-01 -1.88139299e-02 -2.95278553e+02]
 [-2.24378805e-02  2.11791054e-02  9.99523880e-01  9.09094563e+02]
 [ 9.94650544e-01 -1.00360583e-01  2.44550410e-02 -2.72937845e+02]]

[[ 1.04615522e-01  9.94135559e-01 -2.73876428e-02 -2.95848788e+02]
 [-2.43504699e-02  3.00910202e-02  9.99250512e-01  9.05009248e+02]
 [ 9.94214588e-01 -1.03870212e-01  2.73556557e-02 -2.70297985e+02]]

[[ 9.14557988e-02  9.95755369e-01 -1.03480880e-02 -2.94579455e+02]
 [-5.13262444e-02  1.50914087e-02  9.98567908e-01  9.09695549e+02]
 [ 9.94485522e-01 -9.07936971e-02  5.24885803e-02 -2.72142312e+02]]

[[ 8.89364111e-02  9.96026584e-01 -4.62146338e-03 -2.94738986e+02]
 [-5.94824487e-02  9.94271359e-03  9.98179834e-01  9.10731622e+02]
 [ 9.94259600e-01 -8.84996361e-02  6.01303695e-02 -2.72045056e+02]]

[[ 8.93232681e-02  9.96002677e-01 -1.43814215e-04 -2.93951454e+02]
 [-5.33554703e-02  4.92919619e-03  9.98563417e-01  9.13751105e+02]
 [ 9.94572545e-01 -8.91872745e-02  5.35824832e-02 -2.73199942e+02]]

[[ 8.70176535e-02  9.96131373e-01  1.22562822e-02 -2.95156207e+02]
 [-5.70591616e-02 -7.29907023e-03  9.98344117e-01  9.12972951e+02]
 [ 9.94571355e-01 -8.75728956e-02  5.62032730e-02 -2.73158205e+02]]

[[ 9.80848586e-02  9.95046173e-01 -1.62010401e-02 -2.96276475e+02]
 [-3.93979421e-02  2.01493278e-02  9.99020424e-01  9.11800398e+02]
 [ 9.94397890e-01 -9.73504893e-02  4.11791155e-02 -2.73694723e+02]]

[[ 9.81747967e-02  9.94913521e-01 -2.25564931e-02 -2.95353792e+02]
 [-3.93558962e-02  2.65297723e-02  9.98873007e-01  9.11283374e+02]
 [ 9.94390679e-01 -9.71764234e-02  4.17602682e-02 -2.73670236e+02]]

[[ 9.78346430e-02  9.95199432e-01  2.54435486e-03 -2.95287383e+02]
 [-2.76840627e-02  1.65877061e-04  9.99616709e-01  9.12125720e+02]
 [ 9.94817559e-01 -9.78675819e-02  2.75673920e-02 -2.73432919e+02]]

[[ 9.61358951e-02  9.95361973e-01  3.52585326e-03 -2.94926447e+02]
 [-4.38986592e-02  7.01034882e-04  9.99035743e-01  9.10431465e+02]
 [ 9.94399717e-01 -9.61979756e-02  4.37624507e-02 -2.71496968e+02]]

[[ 8.74560201e-02  9.96119672e-01  9.85102383e-03 -2.95146836e+02]
 [-4.58642838e-02 -5.85208883e-03  9.98930538e-01  9.11026153e+02]
 [ 9.95112010e-01 -8.78142994e-02  4.51745150e-02 -2.73035759e+02]]

[[ 8.16986761e-02  9.96656804e-01  7.36392485e-04 -2.94901670e+02]
 [-5.09299091e-02  3.43696414e-03  9.98696316e-01  9.10093176e+02]
 [ 9.95354947e-01 -8.16296713e-02  5.10404359e-02 -2.73216927e+02]]

[[ 8.97355112e-02  9.95898265e-01 -1.15837897e-02 -2.94404443e+02]
 [-6.98650570e-02  1.78964074e-02  9.97395906e-01  9.09676740e+02]
 [ 9.93512160e-01 -8.86925293e-02  7.11844323e-02 -2.72138915e+02]]

[[ 9.28648410e-02  9.95594657e-01 -1.29383195e-02 -2.94664418e+02]
 [-6.27669271e-02  1.88222706e-02  9.97850708e-01  9.09334376e+02]
 [ 9.93698362e-01 -9.18531488e-02  6.42383444e-02 -2.72049416e+02]]

[[ 9.22148687e-02  9.95645686e-01 -1.36413647e-02 -2.94600245e+02]
 [-6.59015108e-02  1.97722313e-02  9.97630217e-01  9.09561266e+02]
 [ 9.93555941e-01 -9.10973529e-02  6.74378486e-02 -2.72109555e+02]]

[[ 9.12617699e-02  9.95794249e-01 -8.06866269e-03 -2.94375189e+02]
 [-6.04403047e-02  1.36263594e-02  9.98078800e-01  9.10559801e+02]
 [ 9.93991076e-01 -9.05987654e-02  6.14296735e-02 -2.72787692e+02]]

[[ 9.23796518e-02  9.95643705e-01 -1.26338268e-02 -2.94852176e+02]
 [-6.31314803e-02  1.85191934e-02  9.97833381e-01  9.09615579e+02]
 [ 9.93720492e-01 -9.13819081e-02  6.45672575e-02 -2.72365555e+02]]

[[ 7.87732117e-02  9.96859002e-01  8.17995971e-03 -2.93410303e+02]
 [-6.64207932e-02 -2.93891243e-03  9.97787373e-01  9.12165405e+02]
 [ 9.94677364e-01 -7.91422353e-02  6.59806580e-02 -2.74246072e+02]]

[[ 1.02702758e-01  9.94395913e-01 -2.50781208e-02 -2.96435697e+02]
 [-3.28436191e-02  2.85876741e-02  9.99051571e-01  9.08319633e+02]
 [ 9.94169724e-01 -1.01781696e-01  3.55955936e-02 -2.72570041e+02]]

[[ 8.20229755e-02  9.96629816e-01 -1.11402293e-03 -2.94832898e+02]
 [-5.47000428e-02  5.61793118e-03  9.98487028e-01  9.10860572e+02]
 [ 9.95128201e-01 -8.18379399e-02  5.49764931e-02 -2.74489784e+02]]

[[ 8.22731034e-02  9.96607069e-01  2.34228328e-03 -2.94480156e+02]
 [-6.45714815e-02  2.98524021e-03  9.97908619e-01  9.10797778e+02]
 [ 9.94515792e-01 -8.22522837e-02  6.45979999e-02 -2.73593406e+02]]

[[ 9.86825622e-02  9.94889146e-01 -2.13854808e-02 -2.95435709e+02]
 [-3.82204808e-02  2.52638390e-02  9.98949915e-01  9.10339748e+02]
 [ 9.94384708e-01 -9.77615738e-02  4.05182419e-02 -2.73951772e+02]]

[[ 8.16722316e-02  9.96658910e-01 -8.15285024e-04 -2.94760854e+02]
 [-5.43733039e-02  5.27247248e-03  9.98506758e-01  9.10990928e+02]
 [ 9.95174955e-01 -8.15059454e-02  5.46222524e-02 -2.74511799e+02]]

[[ 7.95374979e-02  9.96805731e-01  7.21943664e-03 -2.94351730e+02]
 [-6.97218339e-02 -1.66166554e-03  9.97565088e-01  9.10854439e+02]
 [ 9.94390593e-01 -7.98471835e-02  6.93669590e-02 -2.73232171e+02]]

[[ 9.96599052e-02  9.94812877e-01 -2.03774942e-02 -2.95280027e+02]
 [-3.27163471e-02  2.37445111e-02  9.99182585e-01  9.09275617e+02]
 [ 9.94483556e-01 -9.89117646e-02  3.49130191e-02 -2.73655560e+02]]

[[ 8.18929108e-02  9.96574991e-01  1.14820790e-02 -2.94071862e+02]
 [-4.86474668e-02 -7.50999932e-03  9.98787777e-01  9.10724038e+02]
 [ 9.95453151e-01 -8.23522124e-02  4.78658331e-02 -2.73245463e+02]]

[[ 9.91493519e-02  9.94816012e-01 -2.25944424e-02 -2.94717947e+02]
 [-2.21918047e-02  2.49113075e-02  9.99443320e-01  9.10604083e+02]
 [ 9.94825075e-01 -9.85927460e-02  2.45467027e-02 -2.74842820e+02]]

[[ 1.01413381e-01  9.94459924e-01 -2.76547672e-02 -2.95118835e+02]
 [-2.83076279e-02  3.06713626e-02  9.99128593e-01  9.09271028e+02]
 [ 9.94441554e-01 -1.00542168e-01  3.12612880e-02 -2.73912852e+02]]

[[ 9.90251144e-02  9.94818316e-01 -2.30335785e-02 -2.95223505e+02]
 [-2.83691896e-02  2.59603222e-02  9.99260352e-01  9.07989932e+02]
 [ 9.94680459e-01 -9.82984267e-02  3.07929133e-02 -2.73499355e+02]]

[[ 9.58465598e-02  9.95337015e-01  1.08472972e-02 -2.95934436e+02]
 [-4.05049879e-02 -6.98845339e-03  9.99154897e-01  9.10603597e+02]
 [ 9.94571658e-01 -9.62049291e-02  3.96462945e-02 -2.72486567e+02]]

[[ 8.50297006e-02  9.96244935e-01  1.63088987e-02 -2.94115650e+02]
 [-4.66832190e-02 -1.23668475e-02  9.98833188e-01  9.14424063e+02]
 [ 9.95284194e-01 -8.56918388e-02  4.54563711e-02 -2.74364657e+02]]

[[ 1.05165110e-01  9.94389188e-01 -1.14211160e-02 -2.95371076e+02]
 [-1.55733479e-02  1.31301902e-02  9.99792513e-01  9.11075432e+02]
 [ 9.94332827e-01 -1.04965424e-01  1.68668066e-02 -2.73894798e+02]]

[[ 8.27586510e-02  9.96465908e-01  1.43770566e-02 -2.93670748e+02]
 [-4.93560125e-02 -1.03105709e-02  9.98728029e-01  9.14555182e+02]
 [ 9.95346668e-01 -8.33629786e-02  4.83282949e-02 -2.74402139e+02]]

[[ 8.25840927e-02  9.96556984e-01  7.35157832e-03 -2.94374054e+02]
 [-4.56708377e-02 -3.58451684e-03  9.98950112e-01  9.10460572e+02]
 [ 9.95537062e-01 -8.28331414e-02  4.52175682e-02 -2.73080122e+02]]

[[ 1.02171956e-01  9.94596532e-01 -1.84018948e-02 -2.95082146e+02]
 [-4.05814122e-03  1.89152874e-02  9.99812854e-01  9.11369208e+02]
 [ 9.94758475e-01 -1.02078157e-01  5.96882510e-03 -2.74239633e+02]]

[[ 9.86900391e-02  9.94769643e-01 -2.63369425e-02 -2.96018921e+02]
 [-4.40698100e-02  3.08092348e-02  9.98553275e-01  9.05948770e+02]
 [ 9.94141905e-01 -9.73865977e-02  4.68798738e-02 -2.71428135e+02]]

[[ 9.75941642e-02  9.95129537e-01 -1.38774691e-02 -2.96252702e+02]
 [-6.32890611e-02  2.01214767e-02  9.97792374e-01  9.07777095e+02]
 [ 9.93211898e-01 -9.65004207e-02  6.49445528e-02 -2.71231573e+02]]

[[ 9.42544473e-02  9.95546881e-01  1.58331935e-03 -2.96103371e+02]
 [-5.83433167e-02  3.93603469e-03  9.98288818e-01  9.08165576e+02]
 [ 9.93837088e-01 -9.41855369e-02  5.84544957e-02 -2.70736890e+02]]

[[ 8.28988262e-02  9.96534669e-01 -6.81452754e-03 -2.94702671e+02]
 [-5.22860298e-02  1.11779658e-02  9.98569589e-01  9.09772557e+02]
 [ 9.95185388e-01 -8.24239423e-02  5.30314816e-02 -2.73882228e+02]]

[[ 9.66888094e-02  9.95238959e-01 -1.22755165e-02 -2.94580889e+02]
 [-1.98537900e-02  1.42593774e-02  9.99701204e-01  9.14763298e+02]
 [ 9.95116627e-01 -9.64162036e-02  2.11379875e-02 -2.75101746e+02]]

[[ 9.90432222e-02  9.95074887e-01 -4.05084415e-03 -2.95805919e+02]
 [-4.14842524e-02  8.19632267e-03  9.99105539e-01  9.12798454e+02]
 [ 9.94218033e-01 -9.87865857e-02  4.20917279e-02 -2.71818353e+02]]

[[ 9.12531522e-02  9.95725181e-01 -1.42907537e-02 -2.96273351e+02]
 [-6.67997096e-02  2.04388987e-02  9.97557041e-01  9.05999593e+02]
 [ 9.93584753e-01 -9.00756063e-02  6.83792669e-02 -2.70591355e+02]]

[[ 8.34988479e-02  9.96330335e-01  1.88097229e-02 -2.94827175e+02]
 [-8.19751847e-02 -1.19440673e-02  9.96562797e-01  9.13678209e+02]
 [ 9.93130410e-01 -8.47537759e-02  8.06770474e-02 -2.70567480e+02]]

[[ 9.29266472e-02  9.95671544e-01 -1.67765434e-03 -2.94767534e+02]
 [-6.74324437e-02  7.97457075e-03  9.97691972e-01  9.10372496e+02]
 [ 9.93386885e-01 -9.25990416e-02  6.78816155e-02 -2.70127668e+02]]

[[ 8.59558001e-02  9.96288924e-01 -4.46999047e-03 -2.94138771e+02]
 [-3.21310702e-02  7.25634541e-03  9.99457323e-01  9.09670776e+02]
 [ 9.95780696e-01 -8.57655283e-02  3.26355544e-02 -2.73313269e+02]]

[[ 1.05567506e-01  9.93897172e-01 -3.19986524e-02 -2.95509405e+02]
 [-6.74171543e-03  3.28930564e-02  9.99436139e-01  9.09174988e+02]
 [ 9.94389285e-01 -1.05292254e-01  1.01730098e-02 -2.73907688e+02]]

[[ 1.03129656e-01  9.94285276e-01 -2.75874030e-02 -2.95018360e+02]
 [-7.54312949e-03  2.85162819e-02  9.99564867e-01  9.10466706e+02]
 [ 9.94639319e-01 -1.02876686e-01  1.04408969e-02 -2.72458212e+02]]

[[ 8.46106226e-02  9.96333553e-01  1.26686106e-02 -2.94926666e+02]
 [-5.04725031e-02 -8.41234851e-03  9.98690021e-01  9.13188111e+02]
 [ 9.95134950e-01 -8.51392010e-02  4.95756743e-02 -2.72919576e+02]]

[[ 8.27266556e-02  9.96571907e-01  8.57278074e-04 -2.94823686e+02]
 [-6.68014823e-02  4.68697689e-03  9.97755278e-01  9.11047641e+02]
 [ 9.94330862e-01 -8.25982247e-02  6.69602186e-02 -2.71920810e+02]]

[[ 9.59909030e-02  9.95045329e-01 -2.58947666e-02 -2.95094843e+02]
 [-4.83931058e-02  3.06494033e-02  9.98358013e-01  9.09319111e+02]
 [ 9.94205137e-01 -9.45801589e-02  5.10953978e-02 -2.71929978e+02]]

[[ 9.76186125e-02  9.95217264e-01 -3.63379799e-03 -2.93963469e+02]
 [-3.38595561e-02  6.97028597e-03  9.99402294e-01  9.14384413e+02]
 [ 9.94647745e-01 -9.74372265e-02  3.43780444e-02 -2.73266645e+02]]

[[ 8.94993743e-02  9.95968790e-01  6.00269204e-03 -2.95448577e+02]
 [-2.99338723e-02 -3.33434735e-03  9.99546320e-01  9.10864126e+02]
 [ 9.95536953e-01 -8.96384540e-02  2.95147806e-02 -2.73186044e+02]]

[[ 9.27033504e-02  9.95617463e-01 -1.23270466e-02 -2.93742125e+02]
 [-5.16882377e-02  1.71756937e-02  9.98515559e-01  9.12795008e+02]
 [ 9.94351253e-01 -9.19285744e-02  5.30539565e-02 -2.71957543e+02]]

[[ 9.90549507e-02  9.94831149e-01 -2.23405638e-02 -2.94497687e+02]
 [-3.82191340e-02  2.62379590e-02  9.98924856e-01  9.10305741e+02]
 [ 9.94347733e-01 -9.80946153e-02  4.06205848e-02 -2.71652279e+02]]

[[ 8.77021468e-02  9.96096399e-01  1.00148632e-02 -2.94739970e+02]
 [-3.32421006e-02 -7.12146992e-03  9.99421957e-01  9.13149602e+02]
 [ 9.95591933e-01 -8.79843662e-02  3.24877685e-02 -2.72984810e+02]]

[[ 9.99442486e-02  9.94730447e-01 -2.28579159e-02 -2.95655772e+02]
 [-5.09551676e-02  2.80597483e-02  9.98306677e-01  9.09649878e+02]
 [ 9.93687435e-01 -9.86102817e-02  5.34910671e-02 -2.70826033e+02]]

[[ 1.00188257e-01  9.94871410e-01 -1.38993296e-02 -2.95928041e+02]
 [-2.02330632e-02  1.60038966e-02  9.99667194e-01  9.10568859e+02]
 [ 9.94762754e-01 -9.98736874e-02  2.17326986e-02 -2.73451922e+02]]

[[ 9.88350384e-02  9.95081591e-01 -6.65306070e-03 -2.96715280e+02]
 [-3.01643873e-02  9.67862327e-03  9.99498091e-01  9.10105974e+02]
 [ 9.94646543e-01 -9.85847467e-02  3.09726135e-02 -2.72564394e+02]]

[[ 1.04315564e-01  9.94418326e-01 -1.58257758e-02 -2.97415256e+02]
 [-2.90683784e-02  1.89543251e-02  9.99397700e-01  9.08235615e+02]
 [ 9.94119355e-01 -1.03792705e-01  3.08833593e-02 -2.71471241e+02]]

[[ 1.00719228e-01  9.94838658e-01 -1.23159136e-02 -2.96991719e+02]
 [-3.16001938e-02  1.55713854e-02  9.99379287e-01  9.09201699e+02]
 [ 9.94412925e-01 -1.00267525e-01  3.30054323e-02 -2.72068639e+02]]

[[ 9.14233349e-02  9.95762531e-01  9.93762240e-03 -2.96795674e+02]
 [-5.46841075e-02 -4.94417847e-03  9.98491464e-01  9.11538675e+02]
 [ 9.94309520e-01 -9.18288495e-02  5.40003720e-02 -2.71582428e+02]]

[[ 9.54028300e-02  9.95436915e-01 -1.91026309e-03 -2.96979116e+02]
 [-4.29640908e-02  6.03489797e-03  9.99058390e-01  9.09413102e+02]
 [ 9.94511130e-01 -9.52309250e-02  4.33437884e-02 -2.71705918e+02]]

[[ 9.36363988e-02  9.95590363e-01  5.66170249e-03 -2.96860139e+02]
 [-4.57551674e-02 -1.37749267e-03  9.98951734e-01  9.10812493e+02]
 [ 9.94554518e-01 -9.37972951e-02  4.54244202e-02 -2.71882440e+02]]

[[ 1.03848276e-01  9.94422610e-01 -1.84176133e-02 -2.96567927e+02]
 [-1.62965593e-02  2.02165279e-02  9.99662800e-01  9.10301102e+02]
 [ 9.94459631e-01 -1.03513115e-01  1.83051186e-02 -2.72869032e+02]]

[[ 9.19972173e-02  9.95754971e-01 -2.92393415e-03 -2.95331043e+02]
 [-2.81578112e-02  5.53667355e-03  9.99588157e-01  9.12795132e+02]
 [ 9.95361065e-01 -9.18769972e-02  2.85476390e-02 -2.72696457e+02]]

[[ 9.03260111e-02  9.95855119e-01 -1.06674211e-02 -2.94746136e+02]
 [-4.75139071e-02  1.50081188e-02  9.98757821e-01  9.12898454e+02]
 [ 9.94778187e-01 -8.97069591e-02  4.86725911e-02 -2.71524028e+02]]

[[ 1.00828577e-01  9.94821987e-01 -1.27597756e-02 -2.94896123e+02]
 [-3.01094056e-02  1.58704486e-02  9.99420608e-01  9.11928382e+02]
 [ 9.94448099e-01 -1.00385968e-01  3.15536935e-02 -2.71497985e+02]]

[[ 9.37305887e-02  9.95579195e-01 -6.05330057e-03 -2.94728883e+02]
 [-2.97762778e-02  8.88058504e-03  9.99517138e-01  9.13990133e+02]
 [ 9.95152225e-01 -9.35050850e-02  3.04770252e-02 -2.74465938e+02]]

[[ 8.98334722e-02  9.95954686e-01 -2.05205373e-03 -2.95798563e+02]
 [-5.65851958e-02  7.16092599e-03  9.98372093e-01  9.10041249e+02]
 [ 9.94348059e-01 -8.95711159e-02  5.69995818e-02 -2.70808161e+02]]

[[ 8.60530639e-02  9.96278555e-01 -4.88991844e-03 -2.93770981e+02]
 [-3.41529758e-02  7.85511538e-03  9.99385747e-01  9.13333923e+02]
 [ 9.95704999e-01 -8.58332003e-02  3.47018341e-02 -2.73231958e+02]]

[[ 8.57083034e-02  9.96312421e-01  3.95549277e-03 -2.94803924e+02]
 [-3.19360677e-02 -1.22078774e-03  9.99489168e-01  9.14723318e+02]
 [ 9.95808302e-01 -8.57908437e-02  3.17136693e-02 -2.75071439e+02]]

[[ 8.31884642e-02  9.96532564e-01  1.59025523e-03 -2.94630738e+02]
 [-3.84180975e-02  1.61245445e-03  9.99260451e-01  9.13127092e+02]
 [ 9.95793015e-01 -8.31880369e-02  3.84190228e-02 -2.74188986e+02]]

[[ 8.14556404e-02  9.96675954e-01 -1.42177531e-03 -2.93073345e+02]
 [-3.77765135e-02  4.51285702e-03  9.99276023e-01  9.14243368e+02]
 [ 9.95960799e-01 -8.13429586e-02  3.80185403e-02 -2.73509971e+02]]

[[ 8.45942116e-02  9.96380801e-01  8.31375585e-03 -2.94620400e+02]
 [-5.93174231e-02 -3.29307926e-03  9.98233740e-01  9.15412360e+02]
 [ 9.94648311e-01 -8.49379468e-02  5.88241661e-02 -2.72179731e+02]]

[[ 1.06114374e-01  9.94229891e-01 -1.57055395e-02 -2.96402999e+02]
 [-3.62505609e-02  1.96522831e-02  9.99149481e-01  9.09904929e+02]
 [ 9.93692929e-01 -1.05454787e-01  3.81267810e-02 -2.70725579e+02]]

[[ 8.23638980e-02  9.96416250e-01  1.92573232e-02 -2.94389337e+02]
 [-4.49783741e-02 -1.55867571e-02  9.98866357e-01  9.15874188e+02]
 [ 9.95586829e-01 -8.31366898e-02  4.35333968e-02 -2.73859908e+02]]

[[ 9.38504045e-02  9.95563827e-01 -6.69086677e-03 -2.95578461e+02]
 [-4.65865869e-02  1.11046212e-02  9.98852530e-01  9.13375922e+02]
 [ 9.94495747e-01 -9.34310093e-02  4.74220939e-02 -2.72432923e+02]]

[[ 9.28318588e-02  9.95629252e-01 -1.02293259e-02 -2.96045799e+02]
 [-4.86142010e-02  1.47937166e-02  9.98708068e-01  9.10252441e+02]
 [ 9.94494296e-01 -9.22146359e-02  4.97750488e-02 -2.71076182e+02]]

[[ 9.66512666e-02  9.95180991e-01 -1.65326171e-02 -2.94331580e+02]
 [-3.64170447e-02  2.01350814e-02  9.99133814e-01  9.09879743e+02]
 [ 9.94651864e-01 -9.59654796e-02  3.81876317e-02 -2.71654146e+02]]

[[ 8.77597414e-02  9.95951184e-01 -1.94799083e-02 -2.92374129e+02]
 [-5.21769511e-02  2.41244078e-02  9.98346422e-01  9.10468131e+02]
 [ 9.94774243e-01 -8.65982216e-02  5.40828480e-02 -2.72357672e+02]]

[[ 8.89878578e-02  9.96032123e-01  1.08228122e-03 -2.93792043e+02]
 [-5.35211505e-02  3.69667789e-03  9.98559874e-01  9.13770398e+02]
 [ 9.94593710e-01 -8.89176290e-02  5.36377446e-02 -2.72635362e+02]]

[[ 9.61279290e-02  9.95311671e-01  1.06817037e-02 -2.93228529e+02]
 [-3.60279064e-02 -7.24516811e-03  9.99324521e-01  9.16813770e+02]
 [ 9.94716749e-01 -9.64478360e-02  3.51625327e-02 -2.73577105e+02]]

[[ 9.31447360e-02  9.95558311e-01 -1.37006157e-02 -2.96042347e+02]
 [-6.85461813e-02  2.01397763e-02  9.97444640e-01  9.06732604e+02]
 [ 9.93290229e-01 -9.19675928e-02  7.01176346e-02 -2.68279412e+02]]

[[ 9.36739508e-02  9.95602805e-01 -4.95648916e-04 -2.95034788e+02]
 [-4.57473135e-02  4.80156931e-03  9.98941504e-01  9.11370619e+02]
 [ 9.94551343e-01 -9.35521227e-02  4.59959356e-02 -2.70657745e+02]]

[[ 8.94250536e-02  9.95781644e-01  2.05444995e-02 -2.92271288e+02]
 [-5.72400099e-02 -1.54548611e-02  9.98240817e-01  9.16791845e+02]
 [ 9.94347395e-01 -9.04437059e-02  5.56164994e-02 -2.72401041e+02]]

[[ 9.29636580e-02  9.95643721e-01 -7.16510467e-03 -2.95021675e+02]
 [-6.26654237e-02  1.30327941e-02  9.97949493e-01  9.08944111e+02]
 [ 9.93695528e-01 -9.23240310e-02  6.36040119e-02 -2.68954456e+02]]

[[ 8.98449327e-02  9.95890085e-01 -1.14379296e-02 -2.94577778e+02]
 [-3.60676597e-02  1.47302824e-02  9.99240783e-01  9.09778514e+02]
 [ 9.95302473e-01 -8.93641815e-02  3.72428659e-02 -2.70841563e+02]]

[[ 9.30735832e-02  9.95654214e-01  3.16137961e-03 -2.94655145e+02]
 [-4.15150714e-02  7.08381609e-04  9.99137627e-01  9.11228803e+02]
 [ 9.94793349e-01 -9.31245639e-02  4.14005874e-02 -2.70174593e+02]]

[[ 9.91372548e-02  9.95051200e-01 -6.70184797e-03 -2.95495561e+02]
 [-5.01352415e-02  1.17212353e-02  9.98673656e-01  9.11541493e+02]
 [ 9.93809973e-01 -9.86697659e-02  5.10491433e-02 -2.69307737e+02]]

[[ 8.92625256e-02  9.95986040e-01  6.63401177e-03 -2.94336889e+02]
 [-3.72191182e-02 -3.32043425e-03  9.99301612e-01  9.13188120e+02]
 [ 9.95312483e-01 -8.94470978e-02  3.67733318e-02 -2.71494493e+02]]

[[ 1.04181321e-01  9.94419901e-01 -1.65925421e-02 -2.95935304e+02]
 [-1.85683441e-02  1.86252079e-02  9.99654099e-01  9.12386034e+02]
 [ 9.94384970e-01 -1.03837189e-01  2.04051297e-02 -2.71776983e+02]]

[[ 9.32398221e-02  9.95634173e-01  4.35073466e-03 -2.95717214e+02]
 [-6.54675022e-02  1.77051382e-03  9.97853131e-01  9.14626513e+02]
 [ 9.93488974e-01 -9.33244801e-02  6.53467648e-02 -2.70256344e+02]]

[[ 9.93761739e-02  9.95034740e-01 -5.49927680e-03 -2.95484876e+02]
 [-5.31000146e-02  1.08218053e-02  9.98530559e-01  9.14387968e+02]
 [ 9.93632107e-01 -9.89381348e-02  5.39117888e-02 -2.71175627e+02]]

[[ 9.48708897e-02  9.95466418e-01 -6.79151630e-03 -2.95166144e+02]
 [-3.68096248e-02  1.03255248e-02  9.99268950e-01  9.08233287e+02]
 [ 9.94808809e-01 -9.45515412e-02  3.76223371e-02 -2.69497912e+02]]

[[ 9.09313532e-02  9.95856947e-01  6.55596037e-04 -2.93807045e+02]
 [-2.70899704e-02  1.81549501e-03  9.99631351e-01  9.11139421e+02]
 [ 9.95488635e-01 -9.09155915e-02  2.71428207e-02 -2.71620527e+02]]

[[ 9.37265998e-02  9.95596040e-01  1.96186149e-03 -2.94640209e+02]
 [-7.30670292e-02  4.91336873e-03  9.97314929e-01  9.13575199e+02]
 [ 9.92913155e-01 -9.36182847e-02  7.32057582e-02 -2.70750731e+02]]

[[ 8.89888823e-02  9.96032539e-01  4.01260045e-04 -2.93430173e+02]
 [-1.70301294e-02  1.11872909e-03  9.99854351e-01  9.09773988e+02]
 [ 9.95887018e-01 -8.89827547e-02  1.70621175e-02 -2.72060207e+02]]

[[ 8.79565665e-02  9.96101258e-01  6.77690633e-03 -2.94184660e+02]
 [-7.43270151e-02 -2.21475147e-04  9.97233897e-01  9.14247209e+02]
 [ 9.93347440e-01 -8.82169768e-02  7.40177530e-02 -2.71234279e+02]]

[[ 9.25975130e-02  9.95643912e-01 -1.09042206e-02 -2.94718711e+02]
 [-6.49177809e-02  1.69647719e-02  9.97746400e-01  9.12641609e+02]
 [ 9.93585116e-01 -9.16809574e-02  6.62058890e-02 -2.70516952e+02]]

[[ 8.76611117e-02  9.96141405e-01  4.22263756e-03 -2.93518456e+02]
 [-5.78684053e-02  8.60569551e-04  9.98323849e-01  9.12771015e+02]
 [ 9.94468088e-01 -8.77585357e-02  5.77205530e-02 -2.71060116e+02]]

[[ 9.74964891e-02  9.95202397e-01  8.16231033e-03 -2.94990431e+02]
 [-5.39833618e-02 -2.90110404e-03  9.98537621e-01  9.13130322e+02]
 [ 9.93770714e-01 -9.77945412e-02  5.34415236e-02 -2.70140323e+02]]

[[ 8.48043224e-02  9.96387617e-01 -4.46575337e-03 -2.93297528e+02]
 [-5.83739375e-02  9.44241070e-03  9.98250131e-01  9.11999073e+02]
 [ 9.94686237e-01 -8.43952424e-02  5.89638257e-02 -2.70897196e+02]]

[[ 1.04774691e-01  9.94407551e-01 -1.32622174e-02 -2.94898837e+02]
 [-2.91622667e-02  1.64019868e-02  9.99440112e-01  9.11313085e+02]
 [ 9.94068321e-01 -1.04329272e-01  3.07176913e-02 -2.70476428e+02]]

[[ 9.85447053e-02  9.95039270e-01  1.36305747e-02 -2.94125759e+02]
 [-2.98593643e-02 -1.07344798e-02  9.99496468e-01  9.13050445e+02]
 [ 9.94684553e-01 -9.89020851e-02  2.86534139e-02 -2.71094921e+02]]

[[ 9.11697221e-02  9.95798267e-01  8.59615557e-03 -2.92989946e+02]
 [-3.98422089e-02 -4.97773551e-03  9.99193585e-01  9.12653282e+02]
 [ 9.95038030e-01 -9.14386913e-02  3.92209838e-02 -2.71383587e+02]]

[[ 7.74570624e-02  9.96995477e-01  6.50171477e-04 -2.91980370e+02]
 [-5.43947450e-02  3.57479296e-03  9.98513111e-01  9.11973788e+02]
 [ 9.95510731e-01 -7.73772582e-02  5.45082077e-02 -2.71843763e+02]]

[[ 9.51502444e-02  9.95444870e-01 -5.99508338e-03 -2.93302670e+02]
 [-4.41284762e-02  1.02343833e-02  9.98973441e-01  9.10819887e+02]
 [ 9.94484343e-01 -9.47880131e-02  4.49012693e-02 -2.70075243e+02]]

[[ 9.64346784e-02  9.95335334e-01 -2.81511804e-03 -2.94308841e+02]
 [-5.35271346e-02  8.01022888e-03  9.98534267e-01  9.11902625e+02]
 [ 9.93898988e-01 -9.61426457e-02  5.40499123e-02 -2.69925623e+02]]

[[ 9.67939686e-02  9.94955835e-01 -2.63403412e-02 -2.94702594e+02]
 [-6.70683201e-02  3.29246059e-02  9.97204999e-01  9.06192535e+02]
 [ 9.93042178e-01 -9.47568270e-02  6.99169197e-02 -2.67591902e+02]]

[[ 8.28738795e-02  9.96548511e-01 -4.79440402e-03 -2.92645299e+02]
 [-5.74374617e-02  9.57939709e-03  9.98303147e-01  9.11598943e+02]
 [ 9.94903442e-01 -8.24578763e-02  5.80330987e-02 -2.70294897e+02]]

[[ 9.29099830e-02  9.95674001e-01 -1.00962863e-03 -2.92573603e+02]
 [-4.91824362e-02  5.60216519e-03  9.98774100e-01  9.11785863e+02]
 [ 9.94459061e-01 -9.27464287e-02  4.94901700e-02 -2.70196214e+02]]

[[ 9.43265685e-02  9.95518256e-01 -6.77498029e-03 -2.93473483e+02]
 [-3.60156731e-02  1.02132392e-02  9.99299035e-01  9.09854514e+02]
 [ 9.94889627e-01 -9.40164434e-02  3.68176399e-02 -2.69897649e+02]]

[[ 9.85792382e-02  9.94968665e-01  1.78742891e-02 -2.94272589e+02]
 [-5.17857446e-02 -1.28082810e-02  9.98576079e-01  9.16156438e+02]
 [ 9.93780846e-01 -9.93645024e-02  5.02625626e-02 -2.69568445e+02]]

[[ 9.02463221e-02  9.95486065e-01  2.93784997e-02 -2.92084577e+02]
 [-4.90470477e-02 -2.50205589e-02  9.98483029e-01  9.17443463e+02]
 [ 9.94711008e-01 -9.15503497e-02  4.65676391e-02 -2.72522132e+02]]

[[ 9.04148123e-02  9.95806350e-01  1.39597330e-02 -2.92320373e+02]
 [-3.11687936e-02 -1.11808454e-02  9.99451597e-01  9.14978036e+02]
 [ 9.95416329e-01 -9.08003366e-02  3.00271685e-02 -2.72432239e+02]]

[[ 1.01669266e-01  9.94775640e-01 -9.20789554e-03 -2.94684743e+02]
 [-5.51937431e-02  1.48820951e-02  9.98364750e-01  9.11501429e+02]
 [ 9.93285966e-01 -1.00994794e-01  5.64184428e-02 -2.67991259e+02]]

[[ 9.95898002e-02  9.94932004e-01  1.38628703e-02 -2.94539919e+02]
 [-5.81294392e-02 -8.09087969e-03  9.98276267e-01  9.15333403e+02]
 [ 9.93329170e-01 -1.00223975e-01  5.70290703e-02 -2.69616796e+02]]

[[ 1.01060763e-01  9.94672931e-01 -2.03096628e-02 -2.95134562e+02]
 [-4.72680793e-02  2.51916546e-02  9.98564524e-01  9.09949115e+02]
 [ 9.93756736e-01 -9.99556937e-02  4.95621668e-02 -2.68492259e+02]]

[[ 9.62700385e-02  9.95318019e-01  8.60931373e-03 -2.94538426e+02]
 [-5.53095711e-02 -3.28682278e-03  9.98463844e-01  9.13090394e+02]
 [ 9.93817353e-01 -9.65983301e-02  5.47341902e-02 -2.68916458e+02]]

[[ 1.00672540e-01  9.94894752e-01  7.03370833e-03 -2.94357132e+02]
 [-4.35570685e-02 -2.65556470e-03  9.99047411e-01  9.15863926e+02]
 [ 9.93965704e-01 -1.00883008e-01  4.30673564e-02 -2.70255363e+02]]

[[ 1.00568048e-01  9.94923050e-01  3.76729893e-03 -2.94478651e+02]
 [-5.20810186e-02  1.48303362e-03  9.98641762e-01  9.14610297e+02]
 [ 9.93566120e-01 -1.00627657e-01  5.19657516e-02 -2.69509980e+02]]

[[ 9.72457680e-02  9.95228549e-01  7.96215259e-03 -2.93952309e+02]
 [-4.97000451e-02 -3.13410891e-03  9.98759272e-01  9.15387999e+02]
 [ 9.94018695e-01 -9.75208318e-02  4.91581249e-02 -2.69969261e+02]]

[[ 9.90541264e-02  9.95036934e-01  9.47518894e-03 -2.94302112e+02]
 [-5.25464740e-02 -4.27830034e-03  9.98609315e-01  9.15540379e+02]
 [ 9.93693689e-01 -9.94142611e-02  5.18618991e-02 -2.69709728e+02]]

[[ 9.83154302e-02  9.95153695e-01 -1.78857261e-03 -2.94117641e+02]
 [-4.54804627e-02  6.28859414e-03  9.98945434e-01  9.14108936e+02]
 [ 9.94115488e-01 -9.81304051e-02  4.58783163e-02 -2.70040769e+02]]

[[ 9.85521621e-02  9.95093116e-01  8.78421531e-03 -2.94046356e+02]
 [-4.87020013e-02 -3.99363018e-03  9.98805369e-01  9.15646810e+02]
 [ 9.93939428e-01 -9.88622375e-02  4.80694453e-02 -2.69921165e+02]]

[[ 9.94608703e-02  9.95039115e-01 -2.16667831e-03 -2.94252166e+02]
 [-4.85523867e-02  7.02799715e-03  9.98795912e-01  9.13207370e+02]
 [ 9.93856228e-01 -9.92359132e-02  4.90105346e-02 -2.69335908e+02]]

[[ 9.83070111e-02  9.95085254e-01  1.18772244e-02 -2.94245041e+02]
 [-4.93971701e-02 -7.04094636e-03  9.98754397e-01  9.16225797e+02]
 [ 9.93929399e-01 -9.87712608e-02  4.84622212e-02 -2.70167860e+02]]

[[ 9.78122763e-02  9.95099131e-01  1.45078305e-02 -2.94229526e+02]
 [-5.65863444e-02 -8.99323257e-03  9.98357204e-01  9.16240973e+02]
 [ 9.93594859e-01 -9.84725358e-02  5.54293736e-02 -2.69784169e+02]]

[[ 9.70080451e-02  9.95232439e-01  1.00911931e-02 -2.94095111e+02]
 [-4.92217467e-02 -5.32932030e-03  9.98773657e-01  9.15535698e+02]
 [ 9.94065722e-01 -9.73857861e-02  4.84700921e-02 -2.70024662e+02]]

[[ 9.71003772e-02  9.95183850e-01  1.34395602e-02 -2.94252963e+02]
 [-5.78189197e-02 -7.84018377e-03  9.98296301e-01  9.15960658e+02]
 [ 9.93593724e-01 -9.77120082e-02  5.67791703e-02 -2.69702854e+02]]

[[ 1.00713297e-01  9.94905523e-01  4.45323784e-03 -2.94334090e+02]
 [-4.80782933e-02  3.96053504e-04  9.98843492e-01  9.14734199e+02]
 [ 9.93753143e-01 -1.00810926e-01  4.78732474e-02 -2.69549168e+02]]

[[ 9.86344687e-02  9.95123500e-01  6.79704112e-04 -2.94184437e+02]
 [-5.58867204e-02  4.85741035e-03  9.98425300e-01  9.13241115e+02]
 [ 9.93553177e-01 -9.85171354e-02  5.60932968e-02 -2.68880630e+02]]

[[ 1.02946090e-01  9.94671598e-01  5.52401863e-03 -2.94650859e+02]
 [-4.43161438e-02 -9.61538755e-04  9.99017094e-01  9.15539663e+02]
 [ 9.93699241e-01 -1.03089707e-01  4.39810229e-02 -2.69853134e+02]]

[[ 9.90896114e-02  9.95077651e-01  1.31019278e-03 -2.94095198e+02]
 [-5.02692757e-02  3.69080305e-03  9.98728881e-01  9.14308587e+02]
 [ 9.93807954e-01 -9.90295192e-02  5.03875530e-02 -2.69685892e+02]]

[[ 1.00223605e-01  9.94919052e-01  9.55554390e-03 -2.94206104e+02]
 [-4.41359801e-02 -5.14879930e-03  9.99012265e-01  9.16282593e+02]
 [ 9.93985535e-01 -1.00546354e-01  4.33956963e-02 -2.70371345e+02]]

[[ 9.18546036e-02  9.95599475e-01  1.85584965e-02 -2.93805765e+02]
 [-5.60914921e-02 -1.34344581e-02  9.98335244e-01  9.16499344e+02]
 [ 9.94191368e-01 -9.27426618e-02  5.46106432e-02 -2.70245946e+02]]

[[ 1.00703663e-01  9.94910904e-01  3.32645696e-03 -2.94291322e+02]
 [-4.32900908e-02  1.04143394e-03  9.99062002e-01  9.14892434e+02]
 [ 9.93974215e-01 -1.00753206e-01  4.31746596e-02 -2.69953751e+02]]

[[ 9.76647836e-02  9.95162143e-01  1.06723343e-02 -2.94042899e+02]
 [-5.74649326e-02 -5.06677348e-03  9.98334668e-01  9.15847346e+02]
 [ 9.93558942e-01 -9.81154243e-02  5.66920802e-02 -2.69728180e+02]]

[[ 1.00669702e-01  9.94907956e-01  4.87556500e-03 -2.94462937e+02]
 [-4.61431521e-02 -2.26306624e-04  9.98934812e-01  9.15208835e+02]
 [ 9.93849295e-01 -1.00787443e-01  4.58854069e-02 -2.69958160e+02]]

[[ 9.81773395e-02  9.95138483e-01  7.78523491e-03 -2.94096692e+02]
 [-4.85713314e-02 -3.02209842e-03  9.98815144e-01  9.15674411e+02]
 [ 9.93982915e-01 -9.84391528e-02  4.80384995e-02 -2.70155308e+02]]

[[ 9.48220319e-02  9.95387498e-01  1.45777631e-02 -2.94139123e+02]
 [-6.17363871e-02 -8.73572248e-03  9.98054260e-01  9.15450136e+02]
 [ 9.93578080e-01 -9.55375113e-02  6.06232890e-02 -2.69462432e+02]]

[[ 1.03107086e-01  9.94665900e-01 -2.94548206e-03 -2.94566747e+02]
 [-4.53678921e-02  7.66097826e-03  9.98940971e-01  9.13234792e+02]
 [ 9.93635086e-01 -1.02864262e-01  4.59157963e-02 -2.69162464e+02]]

[[ 9.92055656e-02  9.95056084e-01  4.65245113e-03 -2.94193612e+02]
 [-5.78253871e-02  1.09736206e-03  9.98326109e-01  9.14138320e+02]
 [ 9.93385363e-01 -9.93085361e-02  5.76483677e-02 -2.68949781e+02]]

[[ 1.01268471e-01  9.94828135e-01  7.85362289e-03 -2.94397322e+02]
 [-5.01475552e-02 -2.77972136e-03  9.98737952e-01  9.15684565e+02]
 [ 9.93594444e-01 -1.01534505e-01  4.96067007e-02 -2.69798348e+02]]

[[ 9.86823502e-02  9.95109781e-01  4.27999781e-03 -2.94023674e+02]
 [-4.46686748e-02  1.32934162e-04  9.99001848e-01  9.14339533e+02]
 [ 9.94115941e-01 -9.87750320e-02  4.44633534e-02 -2.69726355e+02]]

[[ 1.01482826e-01  9.94832210e-01  3.17966276e-03 -2.94399598e+02]
 [-4.10703680e-02  9.96106333e-04  9.99155760e-01  9.15464673e+02]
 [ 9.93989165e-01 -1.01527740e-01  4.09592126e-02 -2.70193851e+02]]

[[ 9.68311785e-02  9.95280154e-01  6.41393960e-03 -2.93981378e+02]
 [-5.09939647e-02 -1.47474269e-03  9.98697873e-01  9.15576195e+02]
 [ 9.93993631e-01 -9.70321642e-02  5.06104800e-02 -2.70217054e+02]]

[[ 1.00208078e-01  9.94947912e-01  6.08227079e-03 -2.94381861e+02]
 [-4.83304000e-02 -1.23831800e-03  9.98830636e-01  9.15107644e+02]
 [ 9.93791987e-01 -1.00384857e-01  4.79621411e-02 -2.69724872e+02]]

[[ 1.00019332e-01  9.94933736e-01  1.01486031e-02 -2.94463240e+02]
 [-5.36022805e-02 -4.79693445e-03  9.98550842e-01  9.15562061e+02]
 [ 9.93540602e-01 -1.00418376e-01  5.28509310e-02 -2.69555189e+02]]

[[ 9.97553290e-02  9.95009463e-01  2.24571289e-03 -2.94166268e+02]
 [-4.52904895e-02  2.28597332e-03  9.98971244e-01  9.14853322e+02]
 [ 9.93980707e-01 -9.97544146e-02  4.52925037e-02 -2.69963715e+02]]

[[ 1.00546135e-01  9.94926049e-01  3.55414483e-03 -2.94335043e+02]
 [-4.59400705e-02  1.07415646e-03  9.98943620e-01  9.14506766e+02]
 [ 9.93871211e-01 -1.00603198e-01  4.58149751e-02 -2.69565756e+02]]

[[ 1.01051506e-01  9.94880419e-01  1.24288739e-03 -2.94484218e+02]
 [-5.42609568e-02  4.26393593e-03  9.98517685e-01  9.13580851e+02]
 [ 9.93400393e-01 -1.00969156e-01  5.44140406e-02 -2.68888129e+02]]

[[ 9.70724273e-02  9.95206246e-01  1.18941862e-02 -2.94147486e+02]
 [-5.34585498e-02 -6.71977118e-03  9.98547459e-01  9.16392476e+02]
 [ 9.93840595e-01 -9.75672715e-02  5.25499782e-02 -2.70153641e+02]]

[[ 9.67486349e-02  9.95275665e-01  8.12725430e-03 -2.94095141e+02]
 [-4.29195764e-02 -3.98612200e-03  9.99070578e-01  9.15050672e+02]
 [ 9.94383031e-01 -9.70075329e-02  4.23311581e-02 -2.70215813e+02]]

[[ 9.56792467e-02  9.95371706e-01  8.98046790e-03 -2.93925587e+02]
 [-4.82558673e-02 -4.37307459e-03  9.98825434e-01  9.14766659e+02]
 [ 9.94241848e-01 -9.60002254e-02  4.76141125e-02 -2.69885886e+02]]

[[ 9.46337124e-02  9.95399163e-01  1.49988813e-02 -2.93828889e+02]
 [-5.22106511e-02 -1.00831640e-02  9.98585188e-01  9.16152885e+02]
 [ 9.94142097e-01 -9.52829248e-02  5.10162311e-02 -2.70129383e+02]]

[[ 1.01107727e-01  9.94866576e-01  4.20998614e-03 -2.94435933e+02]
 [-4.65730764e-02  5.06078529e-04  9.98914757e-01  9.14896134e+02]
 [ 9.93784774e-01 -1.01194073e-01  4.63851655e-02 -2.69656105e+02]]

[[ 1.00554162e-01  9.94931286e-01  7.72868314e-04 -2.94308860e+02]
 [-4.95662552e-02  4.23364098e-03  9.98761865e-01  9.14467295e+02]
 [ 9.93696154e-01 -1.00467971e-01  4.97407282e-02 -2.69587140e+02]]

[[ 1.01497728e-01  9.94833515e-01  2.11877454e-03 -2.94458494e+02]
 [-4.88702486e-02  2.85875468e-03  9.98801044e-01  9.15034338e+02]
 [ 9.93634696e-01 -1.01479582e-01  4.89079182e-02 -2.69767557e+02]]

[[ 1.00010845e-01  9.94958126e-01  7.49392420e-03 -2.94250724e+02]
 [-4.80935611e-02 -2.68890480e-03  9.98839216e-01  9.15358792e+02]
 [ 9.93823345e-01 -1.00255164e-01  4.75821598e-02 -2.69742075e+02]]

[[ 1.01461886e-01  9.94816618e-01  6.73668176e-03 -2.94283154e+02]
 [-4.69012259e-02 -1.98083564e-03  9.98897568e-01  9.15980012e+02]
 [ 9.93733244e-01 -1.01665989e-01  4.64571396e-02 -2.70060702e+02]]

[[ 9.90511822e-02  9.95039719e-01  9.20980084e-03 -2.94179892e+02]
 [-4.77525610e-02 -4.49153290e-03  9.98849097e-01  9.15627557e+02]
 [ 9.93935891e-01 -9.93769755e-02  4.70708032e-02 -2.69988352e+02]]

[[ 9.80138671e-02  9.95165199e-01  6.28558537e-03 -2.94012865e+02]
 [-4.35921758e-02 -2.01671022e-03  9.99047374e-01  9.15358533e+02]
 [ 9.94229855e-01 -9.81944989e-02  4.31837508e-02 -2.70214043e+02]]

[[ 9.43445790e-02  9.95485828e-01  1.03473076e-02 -2.93939308e+02]
 [-5.16749472e-02 -5.48282675e-03  9.98648906e-01  9.15563896e+02]
 [ 9.94197566e-01 -9.47518072e-02  5.09244026e-02 -2.70118366e+02]]

[[ 9.73623918e-02  9.95189644e-01  1.08690801e-02 -2.94239633e+02]
 [-5.60639840e-02 -5.41937067e-03  9.98412470e-01  9.15597178e+02]
 [ 9.93668654e-01 -9.78171900e-02  5.52666534e-02 -2.69638405e+02]]

[[ 9.86808727e-02  9.95093363e-01  7.16137256e-03 -2.94137467e+02]
 [-4.57147174e-02 -2.65572279e-03  9.98951006e-01  9.15252928e+02]
 [ 9.94068534e-01 -9.89047372e-02  4.52283428e-02 -2.69994032e+02]]

[[ 9.72879998e-02  9.95201029e-01  1.04860804e-02 -2.94114554e+02]
 [-5.37985837e-02 -5.26204497e-03  9.98537943e-01  9.15051151e+02]
 [ 9.93801166e-01 -9.77098954e-02  5.30284720e-02 -2.69554152e+02]]

[[ 9.75280852e-02  9.95169924e-01  1.11845726e-02 -2.93997546e+02]
 [-4.60701761e-02 -6.71172677e-03  9.98915658e-01  9.15863944e+02]
 [ 9.94165887e-01 -9.79376066e-02  4.51930718e-02 -2.70189163e+02]]

[[ 1.01067844e-01  9.94865930e-01  5.20305655e-03 -2.94274823e+02]
 [-4.21822851e-02 -9.39976484e-04  9.99109489e-01  9.16130529e+02]
 [ 9.93984882e-01 -1.01197318e-01  4.18707169e-02 -2.70527214e+02]]

[[ 9.86372092e-02  9.95076794e-01  9.63712681e-03 -2.94133240e+02]
 [-4.97102255e-02 -4.74518725e-03  9.98752410e-01  9.16388470e+02]
 [ 9.93881077e-01 -9.89932141e-02  4.89974398e-02 -2.70294257e+02]]

[[ 9.95528021e-02  9.95006865e-01  7.11185519e-03 -2.94291432e+02]
 [-4.70571932e-02 -2.43142058e-03  9.98889237e-01  9.15236640e+02]
 [ 9.93918940e-01 -9.97768865e-02  4.65801755e-02 -2.69860744e+02]]

[[ 1.02582451e-01  9.94705310e-01  6.17951023e-03 -2.94597206e+02]
 [-5.45561679e-02 -5.76854918e-04  9.98510537e-01  9.14589014e+02]
 [ 9.93227298e-01 -1.02766789e-01  5.42081348e-02 -2.68966448e+02]]

[[ 1.00218358e-01  9.94924843e-01  8.99096167e-03 -2.94224901e+02]
 [-4.67346419e-02 -4.31930572e-03  9.98898001e-01  9.16195194e+02]
 [ 9.93867272e-01 -1.00528107e-01  4.60645825e-02 -2.70077972e+02]]

[[ 1.01286314e-01  9.94839079e-01  6.02411568e-03 -2.94300117e+02]
 [-4.38035167e-02 -1.58983416e-03  9.99038900e-01  9.15767090e+02]
 [ 9.93892517e-01 -1.01452845e-01  4.34164218e-02 -2.70157100e+02]]

[[ 1.00351557e-01  9.94939104e-01  5.07382416e-03 -2.94295677e+02]
 [-4.69743292e-02 -3.56077809e-04  9.98896033e-01  9.15050794e+02]
 [ 9.93842531e-01 -1.00479112e-01  4.67008640e-02 -2.69808385e+02]]

[[ 9.78459772e-02  9.95195518e-01  3.47069641e-03 -2.94059747e+02]
 [-4.78995278e-02  1.22595620e-03  9.98851406e-01  9.14851294e+02]
 [ 9.94048188e-01 -9.78998367e-02  4.77893503e-02 -2.70002444e+02]]

[[ 1.00223503e-01  9.94935976e-01  7.59300025e-03 -2.94517382e+02]
 [-5.31299674e-02 -2.26887459e-03  9.98585028e-01  9.14270712e+02]
 [ 9.93545397e-01 -1.00485105e-01  5.26335214e-02 -2.69045097e+02]]

[[ 1.02340707e-01  9.94747336e-01  2.02928651e-03 -2.94670400e+02]
 [-5.24202293e-02  3.35586553e-03  9.98619476e-01  9.13915897e+02]
 [ 9.93367253e-01 -1.02305799e-01  5.24883251e-02 -2.69025649e+02]]

[[ 1.00208308e-01  9.94943213e-01  6.80429801e-03 -2.94329372e+02]
 [-4.23993056e-02 -2.56235143e-03  9.99097459e-01  9.15665681e+02]
 [ 9.94062671e-01 -1.00406364e-01  4.19281324e-02 -2.70274608e+02]]

[[ 1.01425279e-01  9.94800362e-01  9.22780752e-03 -2.94410741e+02]
 [-5.39150102e-02 -3.76555496e-03  9.98538428e-01  9.15074166e+02]
 [ 9.93381138e-01 -1.01774556e-01  5.32527492e-02 -2.69151367e+02]]

[[ 1.00386400e-01  9.94946703e-01  1.90483688e-03 -2.94317584e+02]
 [-5.30846847e-02  3.44424544e-03  9.98584074e-01  9.13790741e+02]
 [ 9.93531372e-01 -1.00345378e-01  5.31621875e-02 -2.68991593e+02]]

[[ 1.00698347e-01  9.94874768e-01  9.16723965e-03 -2.94196011e+02]
 [-4.75360611e-02 -4.39249754e-03  9.98859864e-01  9.16371387e+02]
 [ 9.93780743e-01 -1.01019312e-01  4.68501106e-02 -2.70268063e+02]]

[[ 9.89637678e-02  9.95010289e-01  1.26766815e-02 -2.93941269e+02]
 [-4.36264302e-02 -8.38858651e-03  9.99012696e-01  9.16754585e+02]
 [ 9.94134250e-01 -9.94190988e-02  4.25785808e-02 -2.70495403e+02]]

[[ 9.97646581e-02  9.94996117e-01  5.45339037e-03 -2.94336741e+02]
 [-4.84344248e-02 -6.18037793e-04  9.98826173e-01  9.15111858e+02]
 [ 9.93831535e-01 -9.99116835e-02  4.81304063e-02 -2.69865235e+02]]

[[ 1.00832713e-01  9.94897938e-01  3.29486041e-03 -2.94355680e+02]
 [-5.20038605e-02  1.96331154e-03  9.98644954e-01  9.14718503e+02]
 [ 9.93543337e-01 -1.00867425e-01  5.19364997e-02 -2.69439343e+02]]

[[ 9.57402179e-02  9.95356152e-01  9.99710171e-03 -2.93768430e+02]
 [-4.16320249e-02 -6.03039752e-03  9.99114813e-01  9.16153567e+02]
 [ 9.94535361e-01 -9.60716694e-02  4.08613405e-02 -2.70876592e+02]]

[[ 1.01637022e-01  9.94821476e-01  3.82085369e-04 -2.94328658e+02]
 [-5.50238794e-02  5.23808750e-03  9.98471299e-01  9.14072449e+02]
 [ 9.93298691e-01 -1.01502673e-01  5.52713205e-02 -2.69045036e+02]]

[[ 9.88086323e-02  9.95101346e-01  3.18824391e-03 -2.94056934e+02]
 [-4.63741616e-02  1.40423569e-03  9.98923153e-01  9.14801791e+02]
 [ 9.94025297e-01 -9.88500826e-02  4.62857412e-02 -2.70017211e+02]]

[[ 9.68349134e-02  9.95239159e-01  1.10460631e-02 -2.94298630e+02]
 [-4.98948874e-02 -6.23018410e-03  9.98735042e-01  9.14972619e+02]
 [ 9.94049043e-01 -9.72635635e-02  4.90540464e-02 -2.69683213e+02]]

[[ 9.87708608e-02  9.95074251e-01  8.45888112e-03 -2.94176580e+02]
 [-4.66849265e-02 -3.85748573e-03  9.98902216e-01  9.15696072e+02]
 [ 9.94014504e-01 -9.90573340e-02  4.60739611e-02 -2.70102420e+02]]

[[ 9.89445895e-02  9.95067624e-01  7.09873486e-03 -2.94039288e+02]
 [-4.33467743e-02 -2.81700019e-03  9.99056115e-01  9.15752499e+02]
 [ 9.94148392e-01 -9.91589044e-02  4.28542447e-02 -2.70306952e+02]]

[[ 9.66679492e-02  9.95260073e-01  1.06157395e-02 -2.94127723e+02]
 [-5.23801814e-02 -5.56388955e-03  9.98611716e-01  9.15432332e+02]
 [ 9.93937435e-01 -9.70898010e-02  5.15940534e-02 -2.69884667e+02]]

[[ 1.00139675e-01  9.94967615e-01  3.38978513e-03 -2.94216776e+02]
 [-3.96373758e-02  5.85097741e-04  9.99213959e-01  9.15242214e+02]
 [ 9.94183546e-01 -1.00195323e-01  3.94964968e-02 -2.70313037e+02]]

[[ 9.81575956e-02  9.95079865e-01  1.34591795e-02 -2.94371176e+02]
 [-5.22403068e-02 -8.35364946e-03  9.98599603e-01  9.15906518e+02]
 [ 9.93798791e-01 -9.87232476e-02  5.11633033e-02 -2.69780150e+02]]

[[ 1.00098100e-01  9.94931927e-01  9.53053706e-03 -2.94300784e+02]
 [-4.98671594e-02 -4.55003296e-03  9.98745495e-01  9.16097230e+02]
 [ 9.93727144e-01 -1.00447787e-01  4.91589793e-02 -2.69965830e+02]]

[[ 1.01094702e-01  9.94873968e-01  2.37675002e-03 -2.94335886e+02]
 [-4.48506885e-02  2.17094260e-03  9.98991343e-01  9.14624955e+02]
 [ 9.93865321e-01 -1.01099331e-01  4.48402532e-02 -2.69811914e+02]]

[[ 9.96506297e-02  9.94977848e-01  9.42517054e-03 -2.94473420e+02]
 [-5.88172090e-02 -3.56552809e-03  9.98262402e-01  9.14885485e+02]
 [ 9.93282582e-01 -1.00031839e-01  5.81665129e-02 -2.69124658e+02]]

[[ 1.01369574e-01  9.94834758e-01  5.29288414e-03 -2.94496228e+02]
 [-4.98689125e-02 -2.32307939e-04  9.98755745e-01  9.14826290e+02]
 [ 9.93598159e-01 -1.01507395e-01  4.95877785e-02 -2.69532161e+02]]

[[ 9.99391469e-02  9.94967725e-01  7.16892495e-03 -2.94029945e+02]
 [-4.79770388e-02 -2.37783077e-03  9.98845609e-01  9.15584104e+02]
 [ 9.93836189e-01 -1.00167722e-01  4.74979668e-02 -2.69824008e+02]]

[[ 8.84461781e-02  9.96048715e-01  8.01447944e-03 -2.92043878e+02]
 [-3.21121396e-02 -5.19055146e-03  9.99470794e-01  9.14972268e+02]
 [ 9.95563199e-01 -8.86567340e-02  3.15261709e-02 -2.71233548e+02]]

[[ 9.76611690e-02  9.95217411e-01 -2.14492083e-03 -2.94498792e+02]
 [-5.42522088e-02  7.47578966e-03  9.98499279e-01  9.12518362e+02]
 [ 9.93739903e-01 -9.73982401e-02  5.47228371e-02 -2.69212783e+02]]

[[ 9.86061913e-02  9.95114106e-01  4.97336648e-03 -2.94076376e+02]
 [-4.93081793e-02 -1.05741787e-04  9.98783606e-01  9.16490641e+02]
 [ 9.93904182e-01 -9.87314750e-02  4.90568380e-02 -2.70066876e+02]]

[[ 8.27784598e-02  9.96416740e-01  1.73610579e-02 -2.90128373e+02]
 [-6.57934455e-02 -1.19186327e-02  9.97762080e-01  9.18867814e+02]
 [ 9.94393760e-01 -8.37354521e-02  6.45710844e-02 -2.71552408e+02]]

[[ 8.41648585e-02  9.96436155e-01  5.59150429e-03 -2.92005823e+02]
 [-7.06256653e-02  3.67969208e-04  9.97502822e-01  9.14532862e+02]
 [ 9.93945819e-01 -8.43495876e-02  7.04049365e-02 -2.69122115e+02]]

[[ 9.52976337e-02  9.95433821e-01  5.46529696e-03 -2.93225091e+02]
 [-4.31325658e-02 -1.35596582e-03  9.99068438e-01  9.12823589e+02]
 [ 9.94513923e-01 -9.54445903e-02  4.28063945e-02 -2.68058301e+02]]

[[ 9.99978017e-02  9.94985420e-01 -2.11025046e-03 -2.94206210e+02]
 [-5.44667898e-02  7.59168542e-03  9.98486723e-01  9.13137411e+02]
 [ 9.93495752e-01 -9.97315387e-02  5.49528136e-02 -2.68538237e+02]]

[[ 9.38519633e-02  9.95516639e-01 -1.17656401e-02 -2.93406466e+02]
 [-4.22717442e-02  1.57917411e-02  9.98981341e-01  9.11054755e+02]
 [ 9.94688347e-01 -9.32590060e-02  4.35643107e-02 -2.67994123e+02]]

[[ 8.72998575e-02  9.96172815e-01  4.29610931e-03 -2.92929920e+02]
 [-4.87407298e-02 -3.60825616e-05  9.98811464e-01  9.12213555e+02]
 [ 9.94988983e-01 -8.74054939e-02  4.85510400e-02 -2.68042563e+02]]

[[ 9.09790136e-02  9.95757763e-01 -1.37584743e-02 -2.94702049e+02]
 [-4.21778191e-02  1.76562828e-02  9.98954097e-01  9.08389848e+02]
 [ 9.94959221e-01 -9.03035559e-02  4.36052420e-02 -2.66168158e+02]]

[[ 9.50761561e-02  9.95451195e-01 -6.11913527e-03 -2.94135228e+02]
 [-5.13914219e-02  1.10470251e-02  9.98617487e-01  9.11523636e+02]
 [ 9.94142568e-01 -9.46302410e-02  5.22079610e-02 -2.67482161e+02]]

[[ 9.28922440e-02  9.95564757e-01 -1.48945123e-02 -2.93911098e+02]
 [-4.59932591e-02  1.92337153e-02  9.98756569e-01  9.09073612e+02]
 [ 9.94613317e-01 -9.20916918e-02  4.75759308e-02 -2.67521265e+02]]

[[ 9.62096474e-02  9.95237100e-01 -1.57104650e-02 -2.94613507e+02]
 [-4.25444894e-02  1.98810140e-02  9.98896747e-01  9.07950693e+02]
 [ 9.94451442e-01 -9.54351101e-02  4.42545996e-02 -2.66841724e+02]]

[[ 9.56521787e-02  9.95111944e-01 -2.45535937e-02 -2.94181815e+02]
 [-3.54700133e-02  2.80584051e-02  9.98976779e-01  9.07897872e+02]
 [ 9.94782659e-01 -9.46833890e-02  3.79804815e-02 -2.67708578e+02]]

[[ 9.71325777e-02  9.95079907e-01 -1.95254025e-02 -2.94387684e+02]
 [-3.10466710e-02  2.26380081e-02  9.99261540e-01  9.07310666e+02]
 [ 9.94787096e-01 -9.64546504e-02  3.30928066e-02 -2.67213233e+02]]

[[ 9.08659057e-02  9.95835862e-01 -7.37035789e-03 -2.93821972e+02]
 [-5.41304801e-02  1.23289455e-02  9.98457755e-01  9.10038483e+02]
 [ 9.94390908e-01 -9.03268072e-02  5.50253542e-02 -2.67122078e+02]]

[[ 9.77123444e-02  9.95028167e-01 -1.92677175e-02 -2.94353350e+02]
 [-3.35903314e-02  2.26466857e-02  9.99179072e-01  9.07576577e+02]
 [ 9.94647670e-01 -9.69849205e-02  3.56361866e-02 -2.67471088e+02]]

[[ 9.31881600e-02  9.95622924e-01 -7.13868854e-03 -2.94169672e+02]
 [-5.12739223e-02  1.19592564e-02  9.98613019e-01  9.09770072e+02]
 [ 9.94327387e-01 -9.26928812e-02  5.21639535e-02 -2.66930414e+02]]

[[ 9.63514312e-02  9.95243026e-01 -1.44125319e-02 -2.94271008e+02]
 [-3.14904993e-02  1.75206707e-02  9.99350476e-01  9.08588774e+02]
 [ 9.94849109e-01 -9.58349908e-02  3.30288415e-02 -2.67997622e+02]]

[[ 9.08225310e-02  9.95761878e-01 -1.44758438e-02 -2.93806633e+02]
 [-4.88430509e-02  1.89724147e-02  9.98626258e-01  9.07914086e+02]
 [ 9.94668600e-01 -8.99907200e-02  5.03591708e-02 -2.66988123e+02]]

[[ 9.08572326e-02  9.95790799e-01 -1.20684916e-02 -2.93859126e+02]
 [-5.03546775e-02  1.66968641e-02  9.98591819e-01  9.08627770e+02]
 [ 9.94590051e-01 -9.01215842e-02  5.16597554e-02 -2.67004205e+02]]

[[ 9.48029973e-02  9.95347356e-01 -1.72056198e-02 -2.94134512e+02]
 [-3.95254013e-02  2.10333527e-02  9.98997168e-01  9.07487499e+02]
 [ 9.94711081e-01 -9.40278668e-02  4.13355286e-02 -2.67344822e+02]]

[[ 9.55796897e-02  9.95346240e-01 -1.22631515e-02 -2.94390659e+02]
 [-5.26322866e-02  1.73556513e-02  9.98463131e-01  9.09382001e+02]
 [ 9.94029358e-01 -9.47873585e-02  5.40461963e-02 -2.66767478e+02]]

[[ 9.05271465e-02  9.95863428e-01 -7.80184265e-03 -2.93652849e+02]
 [-4.10869402e-02  1.15620433e-02  9.99088676e-01  9.09173884e+02]
 [ 9.95046079e-01 -9.01240931e-02  4.19636599e-02 -2.67745740e+02]]

[[ 9.66835477e-02  9.95108463e-01 -2.02839219e-02 -2.94442608e+02]
 [-3.95654409e-02  2.42058221e-02  9.98923748e-01  9.07745359e+02]
 [ 9.94528465e-01 -9.57769495e-02  4.17122098e-02 -2.67163969e+02]]

[[ 9.33219670e-02  9.95531829e-01 -1.44009392e-02 -2.94139461e+02]
 [-4.80591680e-02  1.89513635e-02  9.98664690e-01  9.08097075e+02]
 [ 9.94475403e-01 -9.25052560e-02  4.96130099e-02 -2.66841448e+02]]

[[ 9.57967290e-02  9.95214326e-01 -1.92725821e-02 -2.94300117e+02]
 [-3.77281647e-02  2.29779685e-02  9.99023823e-01  9.07389274e+02]
 [ 9.94685665e-01 -9.49760953e-02  3.97488243e-02 -2.67165781e+02]]

[[ 9.23680408e-02  9.95579234e-01 -1.70333396e-02 -2.93945504e+02]
 [-4.41269631e-02  2.11824864e-02  9.98801338e-01  9.07485181e+02]
 [ 9.94746679e-01 -9.15056932e-02  4.58884729e-02 -2.66934764e+02]]

[[ 9.74739716e-02  9.95071012e-01 -1.82347658e-02 -2.94314212e+02]
 [-3.52033843e-02  2.17578015e-02  9.99143293e-01  9.08179467e+02]
 [ 9.94615276e-01 -9.67485395e-02  3.71506865e-02 -2.67657970e+02]]

[[ 8.94394691e-02  9.95947985e-01 -9.39113991e-03 -2.92463908e+02]
 [-3.95768966e-02  1.29753038e-02  9.99132279e-01  9.09891593e+02]
 [ 9.95205632e-01 -8.89901884e-02  4.05770347e-02 -2.67047448e+02]]

[[ 8.76650372e-02  9.96033700e-01  1.52220242e-02 -2.91689357e+02]
 [-6.98933077e-02 -9.09303373e-03  9.97513029e-01  9.15640523e+02]
 [ 9.93695007e-01 -8.85109344e-02  6.88189488e-02 -2.67449638e+02]]

[[ 9.13896507e-02  9.95555342e-01  2.27484475e-02 -2.92641650e+02]
 [-6.10483430e-02 -1.71999068e-02  9.97986605e-01  9.16801136e+02]
 [ 9.93942167e-01 -9.25944022e-02  5.92051106e-02 -2.68229891e+02]]

[[ 1.03170228e-01  9.94328084e-01 -2.58373056e-02 -2.94561389e+02]
 [-3.26388800e-02  2.93462159e-02  9.99036287e-01  9.07614408e+02]
 [ 9.94128064e-01 -1.02227501e-01  3.54814108e-02 -2.66401725e+02]]

[[ 1.01627565e-01  9.94822241e-01  7.39194745e-04 -2.93270251e+02]
 [-2.66309663e-02  1.97774943e-03  9.99643376e-01  9.12849962e+02]
 [ 9.94466002e-01 -1.01611007e-01  2.66940715e-02 -2.66818760e+02]]

[[ 9.34169587e-02  9.95564449e-01  1.11668586e-02 -2.92681985e+02]
 [-4.53335248e-02 -6.95101959e-03  9.98947724e-01  9.14778697e+02]
 [ 9.94594462e-01 -9.38248913e-02  4.44831026e-02 -2.67729528e+02]]

[[ 9.89571152e-02  9.94888938e-01 -2.00870568e-02 -2.93679662e+02]
 [-5.12978298e-02  2.52595809e-02  9.98363905e-01  9.09307394e+02]
 [ 9.93768596e-01 -9.77647895e-02  5.35352587e-02 -2.65544282e+02]]

[[ 9.38455395e-02  9.95461607e-01 -1.57862102e-02 -2.93979515e+02]
 [-4.33720912e-02  1.99289398e-02  9.98860200e-01  9.08644568e+02]
 [ 9.94641582e-01 -9.30538934e-02  4.50454937e-02 -2.66491166e+02]]

[[ 8.95822868e-02  9.95971597e-01 -3.94861620e-03 -2.93791652e+02]
 [-4.00450150e-02  7.56312724e-03  9.99169253e-01  9.09395745e+02]
 [ 9.95174060e-01 -8.93497441e-02  4.05612198e-02 -2.66367624e+02]]

[[ 8.28974770e-02  9.96556644e-01  1.69245063e-03 -2.92263528e+02]
 [-3.88082047e-02  1.53120105e-03  9.99245505e-01  9.12226068e+02]
 [ 9.95802155e-01 -8.29006122e-02  3.88015069e-02 -2.67537729e+02]]

[[ 9.25497304e-02  9.95615453e-01  1.35800638e-02 -2.94317353e+02]
 [-7.03420762e-02 -7.06693020e-03  9.97497895e-01  9.14635768e+02]
 [ 9.93220288e-01 -9.32734112e-02  6.93796155e-02 -2.66303984e+02]]

[[ 9.27500422e-02  9.95689338e-01 -4.15670279e-04 -2.95025776e+02]
 [-5.20036021e-02  5.26111726e-03  9.98633039e-01  9.12099023e+02]
 [ 9.94330456e-01 -9.26016401e-02  5.22674010e-02 -2.66776647e+02]]

[[ 8.98819099e-02  9.95947612e-01  3.09778296e-03 -2.94094528e+02]
 [-4.80298389e-02  1.22778363e-03  9.98845147e-01  9.11701319e+02]
 [ 9.94793635e-01 -8.99268955e-02  4.79455589e-02 -2.67022634e+02]]

[[ 9.43318213e-02  9.95458550e-01 -1.27977445e-02 -2.94453030e+02]
 [-4.20538633e-02  1.68280504e-02  9.98973618e-01  9.09671080e+02]
 [ 9.94652191e-01 -9.36968062e-02  4.34502985e-02 -2.66676092e+02]]

[[ 9.32946905e-02  9.95618466e-01 -6.32221850e-03 -2.94463945e+02]
 [-4.83938418e-02  1.08769829e-02  9.98769106e-01  9.10268653e+02]
 [ 9.94461732e-01 -9.28738982e-02  4.91965673e-02 -2.66464407e+02]]

[[ 9.63605886e-02  9.95231643e-01 -1.51199497e-02 -2.94781138e+02]
 [-4.64698401e-02  1.96723523e-02  9.98725965e-01  9.09001105e+02]
 [ 9.94261128e-01 -9.55352002e-02  4.81438947e-02 -2.66051189e+02]]

[[ 9.89783269e-02  9.94730776e-01 -2.67203002e-02 -2.95553788e+02]
 [-5.30244427e-02  3.20862733e-02  9.98077592e-01  9.07405936e+02]
 [ 9.93675852e-01 -9.73712211e-02  5.59208907e-02 -2.65389349e+02]]

[[ 9.31176042e-02  9.95649561e-01  3.32620525e-03 -2.94410283e+02]
 [-5.95506261e-02  2.23463943e-03  9.98222785e-01  9.11627477e+02]
 [ 9.93872645e-01 -9.31501919e-02  5.94996390e-02 -2.67244846e+02]]

[[ 9.32230608e-02  9.95613780e-01 -7.91594123e-03 -2.94193180e+02]
 [-3.97994140e-02  1.16705426e-02  9.99139532e-01  9.08851186e+02]
 [ 9.94849470e-01 -9.28277956e-02  4.07128087e-02 -2.67061829e+02]]

[[ 9.40143637e-02  9.95410480e-01  1.78683102e-02 -2.94482401e+02]
 [-6.41654471e-02 -1.18521528e-02  9.97868890e-01  9.14129746e+02]
 [ 9.93500928e-01 -9.49605369e-02  6.27566858e-02 -2.66938342e+02]]

[[ 9.13112532e-02  9.95804295e-01 -6.00515841e-03 -2.94252557e+02]
 [-5.17601054e-02  1.07682205e-02  9.98601491e-01  9.10841658e+02]
 [ 9.94476318e-01 -9.08727259e-02  5.25261949e-02 -2.67273999e+02]]

[[ 9.23612385e-02  9.95495846e-01  2.13874265e-02 -2.95080731e+02]
 [-6.64087512e-02 -1.52729107e-02  9.97675607e-01  9.12275426e+02]
 [ 9.93508570e-01 -9.35668670e-02  6.46990110e-02 -2.66151602e+02]]

[[ 1.00794800e-01  9.94905108e-01 -2.05762697e-03 -2.95998658e+02]
 [-4.43259862e-02  6.55679535e-03  9.98995603e-01  9.09742232e+02]
 [ 9.93919320e-01 -1.00602355e-01  4.47610409e-02 -2.66837775e+02]]

[[ 9.39060814e-02  9.95569771e-01 -4.74127876e-03 -2.95602268e+02]
 [-3.77888705e-02  8.32320639e-03  9.99251082e-01  9.13111531e+02]
 [ 9.94863633e-01 -9.36565859e-02  3.84030568e-02 -2.69749549e+02]]

[[ 9.65387269e-02  9.95075646e-01  2.24662665e-02 -2.97739207e+02]
 [-5.78066898e-02 -1.69282501e-02  9.98184262e-01  9.09732240e+02]
 [ 9.93649164e-01 -9.76621384e-02  5.58877975e-02 -2.64557950e+02]]

[[ 1.05205130e-01  9.94443977e-01 -3.61355976e-03 -2.96531857e+02]
 [-4.17938008e-02  8.05194422e-03  9.99093812e-01  9.12476207e+02]
 [ 9.93571919e-01 -1.04958770e-01  4.24086993e-02 -2.68175550e+02]]

[[ 9.24716355e-02  9.95369967e-01  2.62226033e-02 -2.95785748e+02]
 [-6.29070630e-02 -2.04427072e-02  9.97810001e-01  9.15256194e+02]
 [ 9.93726169e-01 -9.39187096e-02  6.07254307e-02 -2.67419673e+02]]

[[ 9.53461281e-02  9.95418111e-01  7.20423192e-03 -2.96363963e+02]
 [-5.97244757e-02 -1.50375602e-03  9.98213768e-01  9.10975858e+02]
 [ 9.93650896e-01 -9.56060867e-02  5.93074475e-02 -2.65277412e+02]]

[[ 9.57202852e-02  9.95362314e-01  9.56505419e-03 -2.95780137e+02]
 [-4.05407438e-02 -5.70291171e-03  9.99161611e-01  9.13757161e+02]
 [ 9.94582362e-01 -9.60278088e-02  3.98068442e-02 -2.67165377e+02]]

[[ 1.01094323e-01  9.94873233e-01 -2.68106773e-03 -2.97116274e+02]
 [-4.13893221e-02  6.89829793e-03  9.99119281e-01  9.10581363e+02]
 [ 9.94015524e-01 -1.00894320e-01  4.18745075e-02 -2.64838707e+02]]

[[ 1.04144287e-01  9.94555941e-01 -3.52822923e-03 -2.97055650e+02]
 [-4.92923445e-02  8.70471148e-03  9.98746461e-01  9.12367050e+02]
 [ 9.93339938e-01 -1.03839823e-01  4.99305400e-02 -2.66740841e+02]]

[[ 8.76558007e-02  9.95970787e-01  1.89381368e-02 -2.95234899e+02]
 [-3.47747816e-02 -1.59402905e-02  9.99268043e-01  9.15407591e+02]
 [ 9.95543658e-01 -8.82502100e-02  3.32374077e-02 -2.70236015e+02]]

[[ 8.10849233e-02  9.96550945e-01  1.76479383e-02 -2.94178561e+02]
 [-7.12774191e-02 -1.18631990e-02  9.97385980e-01  9.16196209e+02]
 [ 9.94155302e-01 -8.21308652e-02  7.00696527e-02 -2.68575242e+02]]

[[ 8.49200163e-02  9.96205830e-01  1.90403583e-02 -2.95077243e+02]
 [-6.33654752e-02 -1.36711852e-02  9.97896746e-01  9.16266355e+02]
 [ 9.94370860e-01 -8.59479093e-02  6.19640986e-02 -2.69531981e+02]]

[[ 8.95320345e-02  9.95929466e-01  1.04169395e-02 -2.95509133e+02]
 [-5.27480320e-02 -5.70284300e-03  9.98591570e-01  9.13419846e+02]
 [ 9.94586175e-01 -8.99554079e-02  5.20227322e-02 -2.67871987e+02]]

[[ 9.57320794e-02  9.95366843e-01 -8.95635372e-03 -2.94843829e+02]
 [-4.11321486e-02  1.29456684e-02  9.99069845e-01  9.13059615e+02]
 [ 9.94556944e-01 -9.52746397e-02  4.21808927e-02 -2.68725897e+02]]

[[ 8.70678143e-02  9.96143863e-01  1.07981497e-02 -2.94400643e+02]
 [-6.09980134e-02 -5.48807850e-03  9.98122800e-01  9.15129296e+02]
 [ 9.94333163e-01 -8.75630363e-02  6.02849617e-02 -2.68222245e+02]]

[[ 9.04402542e-02  9.95900109e-01  1.87981159e-03 -2.94892230e+02]
 [-8.01733961e-02  5.39930603e-03  9.96766309e-01  9.10755581e+02]
 [ 9.92669526e-01 -9.02985092e-02  8.03330085e-02 -2.64972686e+02]]

[[ 9.20562801e-02  9.95696133e-01  1.07169434e-02 -2.95522454e+02]
 [-3.22779447e-02 -7.77310210e-03  9.99448705e-01  9.16043379e+02]
 [ 9.95230514e-01 -9.23514508e-02  3.14234618e-02 -2.70867110e+02]]

[[ 8.89016506e-02  9.96020570e-01  6.28648701e-03 -2.95533021e+02]
 [-4.56371779e-02 -2.23158131e-03  9.98955589e-01  9.13325896e+02]
 [ 9.94994344e-01 -8.90956982e-02  4.52571767e-02 -2.68880085e+02]]

[[ 9.78820851e-02  9.95198007e-01  1.54617365e-04 -2.96278207e+02]
 [-5.32824834e-02  5.08542503e-03  9.98566530e-01  9.10372976e+02]
 [ 9.93770635e-01 -9.77500125e-02  5.35243933e-02 -2.65799047e+02]]

[[ 1.01065074e-01  9.94854445e-01 -7.10515608e-03 -2.96187093e+02]
 [-5.99066359e-02  1.32142368e-02  9.98116516e-01  9.10497019e+02]
 [ 9.93074542e-01 -1.00449074e-01  6.09338809e-02 -2.67846911e+02]]

[[ 9.87062699e-02  9.94989168e-01 -1.59256878e-02 -2.94159264e+02]
 [-5.74775891e-02  2.16776322e-02  9.98111420e-01  9.11313577e+02]
 [ 9.93455283e-01 -9.76044850e-02  5.93292968e-02 -2.64702581e+02]]

[[ 9.04670776e-02  9.95750104e-01  1.72463845e-02 -2.94746263e+02]
 [-7.04339800e-02 -1.08767983e-02  9.97457142e-01  9.13467244e+02]
 [ 9.93405638e-01 -9.14517641e-02  6.91506507e-02 -2.62668177e+02]]

[[ 9.63452879e-02  9.95313640e-01 -8.26704017e-03 -2.96278609e+02]
 [-3.95919592e-02  1.21312998e-02  9.99142286e-01  9.10785600e+02]
 [ 9.94560236e-01 -9.59353430e-02  4.05752106e-02 -2.66048523e+02]]

[[ 9.25037405e-02  9.95712083e-01  7.10641809e-04 -2.94685867e+02]
 [-2.10885756e-02  1.24563006e-03  9.99776835e-01  9.14193851e+02]
 [ 9.95488990e-01 -9.24980833e-02  2.11133750e-02 -2.68452274e+02]]

[[ 9.61668387e-02  9.95358652e-01  3.61853801e-03 -2.95481889e+02]
 [-5.27579807e-02  1.46688186e-03  9.98606251e-01  9.09324306e+02]
 [ 9.93966063e-01 -9.62237130e-02  5.26541779e-02 -2.62997963e+02]]

[[ 9.64874080e-02  9.95297708e-01  8.52363099e-03 -2.96935412e+02]
 [-6.02803730e-02 -2.70451991e-03  9.98177821e-01  9.08954541e+02]
 [ 9.93507150e-01 -9.68253983e-02  5.97359650e-02 -2.64583133e+02]]

[[ 9.27829263e-02  9.95683915e-01 -2.20658590e-03 -2.96700974e+02]
 [-7.29872595e-02  9.01147663e-03  9.97292160e-01  9.12506016e+02]
 [ 9.93007648e-01 -9.23706324e-02  7.35083515e-02 -2.68709617e+02]]

[[ 9.23612856e-02  9.95724178e-01  1.65944482e-03 -2.97376556e+02]
 [-4.42229778e-02  2.43709524e-03  9.99018713e-01  9.08723971e+02]
 [ 9.94743043e-01 -9.23440383e-02  4.42589815e-02 -2.67609610e+02]]

[[ 9.43269825e-02  9.95521432e-01  6.28488302e-03 -2.97978048e+02]
 [-6.51764603e-02 -1.24177073e-04  9.97873746e-01  9.08376076e+02]
 [ 9.93405481e-01 -9.45360459e-02  6.48728498e-02 -2.66651972e+02]]

[[ 9.11908675e-02  9.95830243e-01  2.52054152e-03 -2.97499506e+02]
 [-5.03512195e-02  2.08291772e-03  9.98729401e-01  9.13853301e+02]
 [ 9.94559692e-01 -9.12019128e-02  5.03312103e-02 -2.71250436e+02]]

[[ 9.89286630e-02  9.95075171e-01 -6.20678619e-03 -2.98961083e+02]
 [-4.13366934e-02  1.03414627e-02  9.99091754e-01  9.12343370e+02]
 [ 9.94235584e-01 -9.85822434e-02  4.21561843e-02 -2.71243876e+02]]

[[ 9.12238547e-02  9.95795375e-01  8.35342020e-03 -2.97719879e+02]
 [-4.10217636e-02 -4.62357638e-03  9.99147555e-01  9.11900165e+02]
 [ 9.94985137e-01 -9.14887634e-02  4.04275020e-02 -2.71123189e+02]]

[[ 9.69058008e-02  9.95278327e-01  5.50609299e-03 -2.97371916e+02]
 [-6.16339921e-02  4.79330334e-04  9.98098703e-01  9.11896287e+02]
 [ 9.93383368e-01 -9.70609166e-02  6.13894265e-02 -2.68841959e+02]]

[[ 9.77173681e-02  9.95185548e-01 -7.55256861e-03 -2.95340261e+02]
 [-4.49337991e-02  1.19929486e-02  9.98917976e-01  9.11581045e+02]
 [ 9.94199311e-01 -9.72722700e-02  4.58893869e-02 -2.68335453e+02]]

[[ 8.99493974e-02  9.95935720e-01  4.59874949e-03 -2.94780540e+02]
 [-5.09238694e-02 -1.22612574e-05  9.98702538e-01  9.12209353e+02]
 [ 9.94643587e-01 -9.00668776e-02  5.07157976e-02 -2.68518769e+02]]

[[ 8.76636911e-02  9.96128371e-01  6.58376258e-03 -2.94764085e+02]
 [-5.44037015e-02 -1.81178664e-03  9.98517378e-01  9.11777984e+02]
 [ 9.94663418e-01 -8.78919001e-02  5.40342426e-02 -2.67990854e+02]]

[[ 8.72144614e-02  9.96153317e-01  8.49745106e-03 -2.94621873e+02]
 [-5.12157346e-02 -4.03499851e-03  9.98679462e-01  9.12596503e+02]
 [ 9.94872146e-01 -8.75344945e-02  5.06668137e-02 -2.68692358e+02]]

[[ 8.66395947e-02  9.96211772e-01  7.46225911e-03 -2.94547979e+02]
 [-5.73376835e-02 -2.49168472e-03  9.98351732e-01  9.11982091e+02]
 [ 9.94588342e-01 -8.69246581e-02  5.69045968e-02 -2.68757846e+02]]

[[ 8.94341597e-02  9.95885426e-01  1.46201848e-02 -2.94975815e+02]
 [-6.13943628e-02 -9.13884261e-03  9.98071748e-01  9.13402053e+02]
 [ 9.94098719e-01 -9.01593050e-02  6.03244265e-02 -2.69995041e+02]]

[[ 8.62840876e-02  9.96034397e-01  2.16918585e-02 -2.94615965e+02]
 [-5.17503460e-02 -1.72627818e-02  9.98510840e-01  9.13233641e+02]
 [ 9.94925604e-01 -8.72781580e-02  5.00556213e-02 -2.69934651e+02]]

[[ 8.58478088e-02  9.96249550e-01  1.08161033e-02 -2.94747105e+02]
 [-4.53298908e-02 -6.93927806e-03  9.98947970e-01  9.11767643e+02]
 [ 9.95276522e-01 -8.62477871e-02  4.45641615e-02 -2.69473040e+02]]

[[ 9.76393101e-02  9.95130822e-01 -1.34614814e-02 -2.95654381e+02]
 [-6.11254671e-02  1.94969285e-02  9.97939651e-01  9.11193556e+02]
 [ 9.93342963e-01 -9.66152997e-02  6.27315030e-02 -2.69094503e+02]]

[[ 1.05162070e-01  9.94341276e-01 -1.50454454e-02 -2.95637345e+02]
 [-2.95961444e-02  1.82520221e-02  9.99395283e-01  9.09626401e+02]
 [ 9.94014591e-01 -1.04653189e-01  3.13480884e-02 -2.68416129e+02]]

[[ 8.52044142e-02  9.96128654e-01  2.16313025e-02 -2.94219162e+02]
 [-3.04052020e-02 -1.91006410e-02  9.99355137e-01  9.13468570e+02]
 [ 9.95899459e-01 -8.58071732e-02  2.86600340e-02 -2.69898892e+02]]

[[ 9.63296541e-02  9.95321392e-01 -7.47829929e-03 -2.95435353e+02]
 [-6.69047242e-02  1.39710858e-02  9.97661549e-01  9.11192253e+02]
 [ 9.93098362e-01 -9.56040584e-02  6.79375330e-02 -2.67818116e+02]]

[[ 1.02640199e-01  9.94687602e-01 -7.84622917e-03 -2.95235249e+02]
 [-5.67779885e-02  1.37334925e-02  9.98292368e-01  9.12329022e+02]
 [ 9.93096798e-01 -1.02019434e-01  5.78859697e-02 -2.67864807e+02]]

[[ 9.56694463e-02  9.95412672e-01 -9.84896098e-04 -2.95128776e+02]
 [-3.69317378e-02  4.53827149e-03  9.99307486e-01  9.11976828e+02]
 [ 9.94727804e-01 -9.55668199e-02  3.71964937e-02 -2.70057913e+02]]

[[ 9.01693668e-02  9.95920058e-01  3.56698037e-03 -2.93896482e+02]
 [-4.51660470e-02  5.11340323e-04  9.98979363e-01  9.11814159e+02]
 [ 9.94901761e-01 -9.02384430e-02  4.50278794e-02 -2.68271770e+02]]

[[ 8.22783580e-02  9.96520022e-01  1.33460697e-02 -2.93266408e+02]
 [-3.23938815e-02 -1.07102556e-02  9.99417794e-01  9.13295729e+02]
 [ 9.96082782e-01 -8.26627860e-02  3.13999293e-02 -2.69771238e+02]]

[[ 8.25339468e-02  9.96480890e-01  1.46281864e-02 -2.93316095e+02]
 [-3.86408236e-02 -1.14674746e-02  9.99187362e-01  9.13678812e+02]
 [ 9.95838860e-01 -8.30321217e-02  3.75583864e-02 -2.69525171e+02]]

[[ 8.06367061e-02  9.96578733e-01  1.81259414e-02 -2.93113407e+02]
 [-4.12453193e-02 -1.48333834e-02  9.99038935e-01  9.13823275e+02]
 [ 9.95889826e-01 -8.13068192e-02  3.99080929e-02 -2.69396601e+02]]

[[ 8.46419977e-02  9.96251084e-01  1.78748512e-02 -2.93432454e+02]
 [-5.06204871e-02 -1.36167044e-02  9.98625131e-01  9.14181458e+02]
 [ 9.95124765e-01 -8.54304597e-02  4.92781701e-02 -2.68858570e+02]]

[[ 8.73596820e-02  9.96128108e-01  9.85288675e-03 -2.93837900e+02]
 [-4.40315440e-02 -6.01987878e-03  9.99012004e-01  9.13093746e+02]
 [ 9.95203250e-01 -8.77072088e-02  4.33351639e-02 -2.68625446e+02]]

[[ 8.22040418e-02  9.96543924e-01  1.19458679e-02 -2.93223129e+02]
 [-3.12860709e-02 -9.40013816e-03  9.99466267e-01  9.12983421e+02]
 [ 9.96124328e-01 -8.25339061e-02  3.04052145e-02 -2.69528897e+02]]

[[ 8.27055982e-02  9.96330251e-01  2.20412310e-02 -2.93273824e+02]
 [-4.68812102e-02 -1.82028013e-02  9.98734604e-01  9.14595138e+02]
 [ 9.95470711e-01 -8.36342624e-02  4.52036944e-02 -2.69265244e+02]]

[[ 8.88985644e-02  9.96037602e-01  2.47792673e-03 -2.93938694e+02]
 [-3.79554979e-02  9.01621651e-04  9.99279024e-01  9.12436642e+02]
 [ 9.95317249e-01 -8.89285216e-02  3.78852560e-02 -2.68826976e+02]]

[[ 8.63741466e-02  9.96215186e-01  9.73703619e-03 -2.93647041e+02]
 [-4.18089638e-02 -6.14036519e-03  9.99106754e-01  9.13231084e+02]
 [ 9.95385110e-01 -8.67040887e-02  4.11203558e-02 -2.68912167e+02]]

[[ 8.55112206e-02  9.96238563e-01  1.40198803e-02 -2.93626571e+02]
 [-4.66876296e-02 -1.00493673e-02  9.98858987e-01  9.13643259e+02]
 [ 9.95242732e-01 -8.60682062e-02  4.56526834e-02 -2.68787084e+02]]

[[ 8.42066567e-02  9.96387379e-01  1.10195430e-02 -2.93408720e+02]
 [-3.80279532e-02 -7.83734020e-03  9.99245941e-01  9.13206610e+02]
 [ 9.95722408e-01 -8.45622106e-02  3.72306164e-02 -2.69177081e+02]]

[[ 8.28120309e-02  9.96464354e-01  1.41759738e-02 -2.93242975e+02]
 [-4.08189664e-02 -1.08212870e-02  9.99107958e-01  9.13574759e+02]
 [ 9.95728868e-01 -8.33168077e-02  3.97785122e-02 -2.69305640e+02]]

[[ 8.24710395e-02  9.96506911e-01  1.31340653e-02 -2.94680145e+02]
 [-3.95708855e-02 -9.89424427e-03  9.99167778e-01  9.12481995e+02]
 [ 9.95807548e-01 -8.29221319e-02  3.86166723e-02 -2.69446647e+02]]

[[ 9.55613001e-02  9.95363589e-01 -1.09253241e-02 -2.94990136e+02]
 [-3.48130974e-02  1.43107174e-02  9.99291375e-01  9.10997748e+02]
 [ 9.94814599e-01 -9.51132386e-02  3.60192404e-02 -2.69950160e+02]]

[[ 9.00572658e-02  9.95935757e-01 -1.28713279e-03 -2.94901935e+02]
 [-3.69285201e-02  4.63074305e-03  9.99307180e-01  9.11520840e+02]
 [ 9.95251714e-01 -8.99473404e-02  3.71954657e-02 -2.68867582e+02]]

[[ 9.45659635e-02  9.95493716e-01 -7.03847215e-03 -2.94704275e+02]
 [-5.38956527e-02  1.21792971e-02  9.98472295e-01  9.09995124e+02]
 [ 9.94058619e-01 -9.40421515e-02  5.48045305e-02 -2.68905724e+02]]

[[ 8.47427424e-02  9.96384796e-01  6.00050754e-03 -2.93333927e+02]
 [-4.15147231e-02 -2.48623265e-03  9.99134799e-01  9.12541453e+02]
 [ 9.95537641e-01 -8.49185323e-02  4.11539487e-02 -2.69744737e+02]]

[[ 1.02413618e-01  9.94318562e-01 -2.90180703e-02 -2.95547832e+02]
 [-5.72190438e-02  3.50116342e-02  9.97747546e-01  9.06589738e+02]
 [ 9.93094876e-01 -1.00522550e-01  6.04796254e-02 -2.66928187e+02]]

[[ 9.98957718e-02  9.94948470e-01  9.91855588e-03 -2.94908962e+02]
 [-3.81142288e-02 -6.13470150e-03  9.99254558e-01  9.12382268e+02]
 [ 9.94267640e-01 -1.00199343e-01  3.73088628e-02 -2.70695277e+02]]

[[ 8.70143981e-02  9.96181513e-01  7.13358250e-03 -2.93201869e+02]
 [-3.44888314e-02 -4.14407652e-03  9.99396491e-01  9.12476714e+02]
 [ 9.95609871e-01 -8.72079130e-02  3.39965419e-02 -2.70520893e+02]]

[[ 8.43144629e-02  9.96403767e-01 -8.40263093e-03 -2.92735538e+02]
 [-4.61137653e-02  1.23254357e-02  9.98860153e-01  9.12847171e+02]
 [ 9.95371585e-01 -8.38308803e-02  4.69871420e-02 -2.69854176e+02]]

[[ 9.96816215e-02  9.94891931e-01  1.59254356e-02 -2.93822018e+02]
 [-3.20940981e-02 -1.27820297e-02  9.99403116e-01  9.14288837e+02]
 [ 9.94501656e-01 -1.00133236e-01  3.06560258e-02 -2.68225433e+02]]

[[ 9.56788332e-02  9.95116699e-01 -2.42552444e-02 -2.93576706e+02]
 [-3.29436181e-02  2.75192797e-02  9.99078279e-01  9.07832426e+02]
 [ 9.94866965e-01 -9.47915885e-02  3.54157571e-02 -2.67533641e+02]]

[[ 8.47886686e-02  9.96380158e-01 -6.12066748e-03 -2.92992128e+02]
 [-5.60911631e-02  1.09060400e-02  9.98366085e-01  9.11165853e+02]
 [ 9.94818910e-01 -8.43068157e-02  5.68128306e-02 -2.68622089e+02]]

[[ 9.52732980e-02  9.95229378e-01 -2.10115289e-02 -2.93587529e+02]
 [-3.78914929e-02  2.47179829e-02  9.98976104e-01  9.08240013e+02]
 [ 9.94729729e-01 -9.43795899e-02  4.00656907e-02 -2.67417167e+02]]

[[ 9.56391805e-02  9.95415438e-01  1.11891176e-03 -2.93348785e+02]
 [-4.25915022e-02  2.96913707e-03  9.99088158e-01  9.12798937e+02]
 [ 9.94504455e-01 -9.55996288e-02  4.26802047e-02 -2.68785725e+02]]

[[ 9.50617685e-02  9.95274655e-01 -1.97894390e-02 -2.93540779e+02]
 [-4.10997636e-02  2.37865297e-02  9.98871869e-01  9.09015632e+02]
 [ 9.94622576e-01 -9.41411851e-02  4.31667426e-02 -2.67523754e+02]]

[[ 9.21892895e-02  9.95738763e-01 -2.33478249e-03 -2.93349430e+02]
 [-3.80778421e-02  5.86842498e-03  9.99257544e-01  9.11339193e+02]
 [ 9.95013172e-01 -9.20319395e-02  3.84565893e-02 -2.68766829e+02]]

[[ 8.61398830e-02  9.96246718e-01 -8.50871378e-03 -2.93109162e+02]
 [-4.59931914e-02  1.25078367e-02  9.98863444e-01  9.11902539e+02]
 [ 9.95220853e-01 -8.56506373e-02  4.68979895e-02 -2.69203940e+02]]

[[ 9.20772434e-02  9.95655272e-01 -1.38693888e-02 -2.93267385e+02]
 [-4.74097252e-02  1.82963181e-02  9.98707947e-01  9.10509205e+02]
 [ 9.94622591e-01 -9.13007308e-02  4.88884174e-02 -2.68321033e+02]]

[[ 9.20863225e-02  9.95562074e-01 -1.93975813e-02 -2.93346574e+02]
 [-4.11543635e-02  2.32689109e-02  9.98881813e-01  9.09336711e+02]
 [ 9.94900210e-01 -9.11850576e-02  4.31144719e-02 -2.67977977e+02]]

[[ 9.14166954e-02  9.95721014e-01 -1.35148275e-02 -2.93265484e+02]
 [-4.70137076e-02  1.78720345e-02  9.98734350e-01  9.10834516e+02]
 [ 9.94702317e-01 -9.06656117e-02  4.84463389e-02 -2.68538581e+02]]

[[ 8.98336861e-02  9.95893852e-01 -1.11957748e-02 -2.93097357e+02]
 [-4.60274737e-02  1.53805560e-02  9.98821761e-01  9.11348128e+02]
 [ 9.94892648e-01 -8.92125273e-02  4.72201701e-02 -2.68814201e+02]]

[[ 9.20109283e-02  9.95596393e-01 -1.79391243e-02 -2.93267212e+02]
 [-4.19847812e-02  2.18784114e-02  9.98878678e-01  9.10149464e+02]
 [ 9.94872488e-01 -9.11545842e-02  4.38129496e-02 -2.68365266e+02]]

[[ 8.83293318e-02  9.96003438e-01 -1.32318029e-02 -2.93000473e+02]
 [-4.79054835e-02  1.75160420e-02  9.98698279e-01  9.10748279e+02]
 [ 9.94938688e-01 -8.75804757e-02  4.92612065e-02 -2.68536991e+02]]

[[ 9.01218505e-02  9.95899600e-01 -7.87650404e-03 -2.93090632e+02]
 [-4.79264934e-02  1.22362604e-02  9.98775913e-01  9.11292105e+02]
 [ 9.94776911e-01 -8.96340403e-02  4.88327301e-02 -2.68335370e+02]]

[[ 1.01820742e-01  9.94794615e-01  4.02623483e-03 -2.94423612e+02]
 [-3.36980446e-02 -5.95889400e-04  9.99431882e-01  9.11515475e+02]
 [ 9.94231853e-01 -1.01898572e-01  3.34619594e-02 -2.69303918e+02]]

[[ 9.74960191e-02  9.95233465e-01  2.20838537e-03 -2.94701631e+02]
 [-5.70717175e-02  3.37558182e-03  9.98364375e-01  9.09059058e+02]
 [ 9.93598181e-01 -9.74625885e-02  5.71287890e-02 -2.67183007e+02]]

[[ 9.73781290e-02  9.95242423e-01  3.16548947e-03 -2.94001744e+02]
 [-3.76879757e-02  5.09166804e-04  9.99289426e-01  9.12125801e+02]
 [ 9.94533618e-01 -9.74282355e-02  3.75582539e-02 -2.68276377e+02]]

[[ 8.92988053e-02  9.95883589e-01  1.55434912e-02 -2.92827540e+02]
 [-8.04616795e-02 -8.34175823e-03  9.96722797e-01  9.12559954e+02]
 [ 9.92749536e-01 -9.02568104e-02  7.93855571e-02 -2.67268610e+02]]

[[ 9.55278698e-02  9.95322481e-01 -1.44077853e-02 -2.90807189e+02]
 [-2.35580190e-02  1.67304740e-02  9.99582468e-01  9.10414191e+02]
 [ 9.95147952e-01 -9.51485650e-02  2.50460524e-02 -2.69378078e+02]]

[[ 9.54678739e-02  9.95392272e-01  8.95043743e-03 -2.92107246e+02]
 [-6.22643246e-02 -3.00262301e-03  9.98055178e-01  9.11910409e+02]
 [ 9.93483286e-01 -9.58394988e-02  6.16907734e-02 -2.66564333e+02]]

[[ 9.85955889e-02  9.95122855e-01  3.06807749e-03 -2.93657468e+02]
 [-6.15060883e-02  3.01668709e-03  9.98102149e-01  9.11121424e+02]
 [ 9.93225005e-01 -9.85971747e-02  6.15035462e-02 -2.66195741e+02]]

[[ 9.37018554e-02  9.95326740e-01  2.33375756e-02 -2.92611191e+02]
 [-4.46241157e-02 -1.92184637e-02  9.98818972e-01  9.17150019e+02]
 [ 9.94599744e-01 -9.46326096e-02  4.26147699e-02 -2.69203213e+02]]

[[ 9.66861536e-02  9.95106080e-01  2.03881607e-02 -2.94123145e+02]
 [-7.16007581e-02 -1.34771296e-02  9.97342318e-01  9.14936172e+02]
 [ 9.92736178e-01 -9.78890002e-02  6.99472979e-02 -2.66503571e+02]]

[[ 8.59221885e-02  9.96019711e-01  2.37089033e-02 -2.94173463e+02]
 [-4.56674827e-02 -1.98345960e-02  9.98759766e-01  9.15947869e+02]
 [ 9.95254670e-01 -8.68983508e-02  4.37814811e-02 -2.69022088e+02]]

[[ 9.79507660e-02  9.95182541e-01  4.16625139e-03 -2.94446713e+02]
 [-6.58214774e-02  2.30114434e-03  9.97828762e-01  9.11466460e+02]
 [ 9.93012175e-01 -9.80123204e-02  6.57297840e-02 -2.65796634e+02]]

[[ 9.31629357e-02  9.95635093e-01  5.60618927e-03 -2.93766920e+02]
 [-5.16830737e-02 -7.87184172e-04  9.98663227e-01  9.12011931e+02]
 [ 9.94308567e-01 -9.33281431e-02  5.13841455e-02 -2.67105220e+02]]

[[ 9.38851942e-02  9.95579667e-01  2.58788447e-03 -2.93765019e+02]
 [-5.04831473e-02  2.16460976e-03  9.98722567e-01  9.11593103e+02]
 [ 9.94302279e-01 -9.38959067e-02  5.04632198e-02 -2.66970595e+02]]

[[ 9.65588049e-02  9.95322715e-01 -3.01486446e-03 -2.94139534e+02]
 [-5.08225360e-02  7.95544604e-03  9.98676014e-01  9.10407983e+02]
 [ 9.94028907e-01 -9.62777394e-02  5.13529929e-02 -2.66424886e+02]]

[[ 9.41359872e-02  9.95555485e-01 -2.77334218e-03 -2.93919994e+02]
 [-5.35415042e-02  7.84432529e-03  9.98534814e-01  9.10033134e+02]
 [ 9.94118566e-01 -9.38495716e-02  5.40419715e-02 -2.66387880e+02]]

[[ 9.29276698e-02  9.95668620e-01  2.90648457e-03 -2.93712668e+02]
 [-5.10791605e-02  1.85200363e-03  9.98692890e-01  9.11522787e+02]
 [ 9.94361789e-01 -9.29546640e-02  5.10300196e-02 -2.67029192e+02]]

[[ 9.30122264e-02  9.95641039e-01 -6.90268695e-03 -2.93706738e+02]
 [-4.36339341e-02  1.10021418e-02  9.98987003e-01  9.09624976e+02]
 [ 9.94708402e-01 -9.26168139e-02  4.44670692e-02 -2.67085440e+02]]

[[ 9.56533934e-02  9.95412557e-01 -2.06616545e-03 -2.94302859e+02]
 [-5.65927891e-02  7.51054224e-03  9.98369094e-01  9.10458445e+02]
 [ 9.93804651e-01 -9.53804616e-02  5.70515818e-02 -2.66197065e+02]]

[[ 9.39670019e-02  9.95573182e-01 -2.05934209e-03 -2.93737159e+02]
 [-4.85259392e-02  6.64612871e-03  9.98799811e-01  9.11207723e+02]
 [ 9.94391993e-01 -9.37542922e-02  4.89356405e-02 -2.67153268e+02]]

[[ 9.44489909e-02  9.95516229e-01  5.17935142e-03 -2.93811805e+02]
 [-5.02984746e-02 -4.24056284e-04  9.98734141e-01  9.12334579e+02]
 [ 9.94258242e-01 -9.45899452e-02  5.00328961e-02 -2.67138326e+02]]

[[ 9.17538429e-02  9.95781373e-01 -8.29824495e-04 -2.93465667e+02]
 [-4.24739269e-02  4.74623490e-03  9.99086302e-01  9.10662083e+02]
 [ 9.94875469e-01 -9.16347617e-02  4.27302306e-02 -2.67299692e+02]]

[[ 9.86335335e-02  9.95113439e-01  4.54643811e-03 -2.94397172e+02]
 [-6.34477261e-02  1.72925254e-03  9.97983665e-01  9.12124366e+02]
 [ 9.93099095e-01 -9.87231164e-02  6.33082472e-02 -2.65989089e+02]]

[[ 9.50642189e-02  9.95424147e-01  9.67274607e-03 -2.93745464e+02]
 [-4.98318574e-02 -4.94601605e-03  9.98745374e-01  9.13590473e+02]
 [ 9.94223104e-01 -9.54269598e-02  4.91336450e-02 -2.67364153e+02]]

[[ 9.36276981e-02  9.95556029e-01  1.01018325e-02 -2.93804874e+02]
 [-5.71893497e-02 -4.75179472e-03  9.98352041e-01  9.12945410e+02]
 [ 9.93963396e-01 -9.40511207e-02  5.64903023e-02 -2.66879048e+02]]

[[ 9.56497345e-02  9.95379094e-01  8.46090987e-03 -2.93938635e+02]
 [-5.61544756e-02 -3.09063974e-03  9.98417309e-01  9.13157703e+02]
 [ 9.93829866e-01 -9.59734685e-02  5.55993721e-02 -2.66961093e+02]]

[[ 9.31419891e-02  9.95594409e-01 -1.07861905e-02 -2.93862173e+02]
 [-5.28674113e-02  1.57633873e-02  9.98477117e-01  9.08825914e+02]
 [ 9.94248262e-01 -9.24299068e-02  5.41027324e-02 -2.66562720e+02]]

[[ 9.62786303e-02  9.95327001e-01 -7.38826816e-03 -2.94024292e+02]
 [-4.22375172e-02  1.15015025e-02  9.99041394e-01  9.10374299e+02]
 [ 9.94457851e-01 -9.58742750e-02  4.31474902e-02 -2.67112408e+02]]

[[ 9.66374153e-02  9.95087665e-01 -2.14883429e-02 -2.94103577e+02]
 [-4.08145842e-02  2.55330688e-02  9.98840444e-01  9.07962157e+02]
 [ 9.94482468e-01 -9.56483210e-02  4.30815391e-02 -2.66985442e+02]]

[[ 9.67463047e-02  9.95298689e-01  4.54668903e-03 -2.94147369e+02]
 [-5.46460781e-02  7.50440145e-04  9.98505505e-01  9.12390255e+02]
 [ 9.93807808e-01 -9.68501765e-02  5.44617722e-02 -2.66737574e+02]]

[[ 9.60400327e-02  9.95183032e-01 -1.96734635e-02 -2.94332049e+02]
 [-5.34000408e-02  2.48877159e-02  9.98263010e-01  9.06983067e+02]
 [ 9.93944037e-01 -9.48226484e-02  5.55330316e-02 -2.65786935e+02]]

[[ 9.75620889e-02  9.95193343e-01  8.47638108e-03 -2.94319706e+02]
 [-6.49747850e-02 -2.12961098e-03  9.97884634e-01  9.12104552e+02]
 [ 9.93106196e-01 -9.79064604e-02  6.44547042e-02 -2.65863993e+02]]

[[ 9.59444644e-02  9.95378083e-01  4.13907940e-03 -2.93860734e+02]
 [-4.68416425e-02  3.61330571e-04  9.98902262e-01  9.12679132e+02]
 [ 9.94283923e-01 -9.60330239e-02  4.66598120e-02 -2.67376535e+02]]

[[ 9.36575977e-02  9.95569902e-01  8.29609052e-03 -2.93580984e+02]
 [-4.67421345e-02 -3.92659797e-03  9.98899272e-01  9.13573542e+02]
 [ 9.94506625e-01 -9.39422831e-02  4.61673065e-02 -2.67776053e+02]]

[[ 9.45712014e-02  9.95508545e-01  4.36165577e-03 -2.93899656e+02]
 [-5.83782797e-02  1.17195371e-03  9.98293846e-01  9.11613970e+02]
 [ 9.93804943e-01 -9.46644744e-02  5.82269094e-02 -2.66467515e+02]]

[[ 9.90681333e-02  9.95079138e-01 -1.73606834e-03 -2.94608688e+02]
 [-6.24042989e-02  7.95404781e-03  9.98019257e-01  9.10464491e+02]
 [ 9.93121950e-01 -9.87635666e-02  6.28852087e-02 -2.65645194e+02]]

[[ 9.48164661e-02  9.95430653e-01  1.12983673e-02 -2.94125557e+02]
 [-6.77014037e-02 -4.87537955e-03  9.97693716e-01  9.11474212e+02]
 [ 9.93189991e-01 -9.53627077e-02  6.69297862e-02 -2.65604374e+02]]

[[ 9.17628034e-02  9.95778813e-01  2.03558575e-03 -2.93369478e+02]
 [-4.31585207e-02  1.93482887e-03  9.99066363e-01  9.11936969e+02]
 [ 9.94845179e-01 -9.17649832e-02  4.31538858e-02 -2.67705730e+02]]

[[ 9.11929159e-02  9.95680343e-01  1.74501398e-02 -2.93263527e+02]
 [-5.55648591e-02 -1.24083134e-02  9.98377975e-01  9.13766420e+02]
 [ 9.94281851e-01 -9.20146133e-02  5.41932877e-02 -2.67282318e+02]]

[[ 9.50035054e-02  9.95438158e-01  8.78681877e-03 -2.93964992e+02]
 [-5.61256782e-02 -3.45654770e-03  9.98417728e-01  9.13228519e+02]
 [ 9.93893476e-01 -9.53463502e-02  5.55412575e-02 -2.66954290e+02]]

[[ 9.43936569e-02  9.95526516e-01  4.09806360e-03 -2.94986497e+02]
 [-4.55398085e-02  2.05777730e-04  9.98962504e-01  9.12161292e+02]
 [ 9.94492817e-01 -9.44823489e-02  4.53555110e-02 -2.67164816e+02]]

[[ 9.74165733e-02  9.95167188e-01 -1.23401486e-02 -2.95577927e+02]
 [-4.84398189e-02  1.71254560e-02  9.98679279e-01  9.08689464e+02]
 [ 9.94064181e-01 -9.66901586e-02  4.98740216e-02 -2.65245965e+02]]

[[ 9.36433346e-02  9.95558019e-01 -9.75485483e-03 -2.93483236e+02]
 [-3.35983370e-02  1.29523229e-02  9.99351484e-01  9.12327719e+02]
 [ 9.95038732e-01 -9.32548586e-02  3.46619925e-02 -2.68268871e+02]]

[[ 9.97173111e-02  9.95009237e-01 -3.61620259e-03 -2.94186829e+02]
 [-2.73228828e-02  6.37114036e-03  9.99606357e-01  9.11295791e+02]
 [ 9.94640597e-01 -9.95792530e-02  2.78218338e-02 -2.67092098e+02]]

[[ 9.60173852e-02  9.95366541e-01 -5.10994489e-03 -2.93734252e+02]
 [-5.85636082e-02  1.07739226e-02  9.98225539e-01  9.10481575e+02]
 [ 9.93655356e-01 -9.55477493e-02  5.93267400e-02 -2.65047516e+02]]

[[ 9.91565432e-02  9.95011615e-01  1.09483549e-02 -2.93502881e+02]
 [-5.75110013e-02 -5.25369804e-03  9.98331049e-01  9.14495175e+02]
 [ 9.93408508e-01 -9.96207066e-02  5.67031757e-02 -2.67013714e+02]]

[[ 9.77981565e-02  9.94997227e-01 -2.03970309e-02 -2.94327941e+02]
 [-3.76516941e-02  2.41798325e-02  9.98998341e-01  9.07267843e+02]
 [ 9.94493776e-01 -9.69322133e-02  3.98280743e-02 -2.66053546e+02]]

[[ 9.18953441e-02  9.95647973e-01  1.55035336e-02 -2.93223153e+02]
 [-8.78839288e-02 -7.39919766e-03  9.96103241e-01  9.14386510e+02]
 [ 9.91882887e-01 -9.28997615e-02  8.68215037e-02 -2.64895434e+02]]

[[ 9.79060573e-02  9.95195615e-01 -3.04082159e-04 -2.93898274e+02]
 [-5.92517416e-02  6.13411724e-03  9.98224225e-01  9.13227516e+02]
 [ 9.93430237e-01 -9.77141807e-02  5.95676406e-02 -2.67041023e+02]]

[[ 8.92229197e-02  9.95980443e-01  7.88848920e-03 -2.93991472e+02]
 [-4.80894922e-02 -3.60310920e-03  9.98836532e-01  9.15558105e+02]
 [ 9.94850075e-01 -8.94984651e-02  4.75747138e-02 -2.69894027e+02]]

[[ 1.00513736e-01  9.94872114e-01 -1.12456687e-02 -2.95152045e+02]
 [-4.03991930e-02  1.53746710e-02  9.99065326e-01  9.08768771e+02]
 [ 9.94115131e-01 -9.99654726e-02  4.17373962e-02 -2.66908336e+02]]

[[ 9.79681714e-02  9.95168719e-01 -6.43877128e-03 -2.94789281e+02]
 [-5.47592725e-02  1.18505769e-02  9.98429259e-01  9.07867003e+02]
 [ 9.93681870e-01 -9.74617064e-02  5.56556945e-02 -2.67890187e+02]]

[[ 9.09608203e-02  9.95756250e-01  1.39864171e-02 -2.92633547e+02]
 [-3.07798483e-02 -1.12267917e-02  9.99463136e-01  9.16355143e+02]
 [ 9.95378687e-01 -9.13424865e-02  2.96280281e-02 -2.71495364e+02]]

[[ 8.92024394e-02  9.95639240e-01  2.73025242e-02 -2.95088800e+02]
 [-3.94100649e-02 -2.38621163e-02  9.98938159e-01  9.14734046e+02]
 [ 9.95233526e-01 -9.01837149e-02  3.71096481e-02 -2.70623415e+02]]

[[ 1.02721719e-01  9.94697216e-01 -5.06920902e-03 -2.96461884e+02]
 [-6.09078507e-02  1.13763543e-02  9.98078560e-01  9.09955554e+02]
 [ 9.92843634e-01 -1.02215591e-01  6.17534682e-02 -2.66372704e+02]]

[[ 1.04868436e-01  9.94268425e-01 -2.08064950e-02 -2.96852501e+02]
 [-5.01319709e-02  2.61805091e-02  9.98399402e-01  9.07952904e+02]
 [ 9.93221726e-01 -1.03657513e-01  5.25901448e-02 -2.66732192e+02]]

[[ 1.00583600e-01  9.94859120e-01 -1.17588589e-02 -2.94896449e+02]
 [-3.51413582e-02  1.53638353e-02  9.99264248e-01  9.11934891e+02]
 [ 9.94307812e-01 -1.00096373e-01  3.65060505e-02 -2.69188349e+02]]

[[ 8.54113532e-02  9.96024364e-01  2.53054604e-02 -2.93631866e+02]
 [-5.24273220e-02 -2.08702235e-02  9.98406635e-01  9.13692682e+02]
 [ 9.94965465e-01 -8.66019593e-02  5.04363360e-02 -2.68723633e+02]]

[[ 1.03072189e-01  9.94673822e-01  3.35004070e-04 -2.95260550e+02]
 [-3.55766555e-02  3.35001642e-03  9.99361336e-01  9.12114050e+02]
 [ 9.94037437e-01 -1.03018278e-01  3.57324615e-02 -2.68726627e+02]]

[[ 9.70969138e-02  9.94951198e-01  2.53831065e-02 -2.95025578e+02]
 [-2.72866069e-02 -2.28328685e-02  9.99366850e-01  9.16401141e+02]
 [ 9.94900814e-01 -9.77280557e-02  2.49318412e-02 -2.69312851e+02]]

[[ 1.02724346e-01  9.94291891e-01 -2.88330453e-02 -2.94594177e+02]
 [-5.52027618e-02  3.46401463e-02  9.97874098e-01  9.07306000e+02]
 [ 9.93176905e-01 -1.00914300e-01  5.84460448e-02 -2.67045523e+02]]

[[ 1.04195089e-01  9.94445080e-01 -1.49119564e-02 -2.94538677e+02]
 [-5.06769637e-02  2.02826838e-02  9.98509118e-01  9.10183079e+02]
 [ 9.93264934e-01 -1.03284054e-01  5.25088133e-02 -2.67347047e+02]]

[[ 1.02364995e-01  9.94724632e-01 -6.65697567e-03 -2.94222148e+02]
 [-4.53807284e-02  1.13549876e-02  9.98905228e-01  9.11126561e+02]
 [ 9.93711224e-01 -1.01950830e-01  4.63036815e-02 -2.67704199e+02]]

[[ 8.62847530e-02  9.96159137e-01 -1.48968393e-02 -2.93420929e+02]
 [-3.15907745e-02  1.76807860e-02  9.99344492e-01  9.10628861e+02]
 [ 9.95769534e-01 -8.57575899e-02  3.29950209e-02 -2.71930086e+02]]

[[ 9.77369695e-02  9.95165944e-01 -9.60353699e-03 -2.94652947e+02]
 [-3.66735702e-02  1.32446226e-02  9.99239525e-01  9.09992489e+02]
 [ 9.94536341e-01 -9.73104471e-02  3.77907774e-02 -2.70277323e+02]]

[[ 1.00904321e-01  9.94741967e-01  1.75138893e-02 -2.94237390e+02]
 [-4.14495418e-02 -1.33852095e-02  9.99050935e-01  9.13765944e+02]
 [ 9.94032320e-01 -1.01534499e-01  3.98809733e-02 -2.71045826e+02]]

[[ 8.23307256e-02  9.96594784e-01  4.52638628e-03 -2.92426540e+02]
 [-4.12042670e-02 -1.13402370e-03  9.99150100e-01  9.11854161e+02]
 [ 9.95752911e-01 -8.24472592e-02  4.09705925e-02 -2.72182078e+02]]

[[ 8.98692818e-02  9.95948726e-01  3.10600512e-03 -2.92571671e+02]
 [-2.44071677e-02 -9.15332173e-04  9.99701682e-01  9.12807203e+02]
 [ 9.95654459e-01 -8.99182809e-02  2.42260274e-02 -2.71268933e+02]]

[[ 9.72665051e-02  9.95203914e-01 -1.04113764e-02 -2.93369580e+02]
 [-4.34304470e-02  1.46952349e-02  9.98948370e-01  9.09896381e+02]
 [ 9.94310325e-01 -9.67120460e-02  4.46515050e-02 -2.68650142e+02]]

[[ 9.84507419e-02  9.95089426e-01  1.02217838e-02 -2.93404777e+02]
 [-3.98464162e-02 -6.32159480e-03  9.99185819e-01  9.12786688e+02]
 [ 9.94343861e-01 -9.87778866e-02  3.90283817e-02 -2.70649362e+02]]

[[ 9.91858570e-02  9.95043133e-01  7.16447013e-03 -2.93560451e+02]
 [-4.94987174e-02 -2.25728592e-03  9.98771636e-01  9.11644383e+02]
 [ 9.93837030e-01 -9.94186528e-02  4.90294680e-02 -2.69524289e+02]]

[[ 1.05474580e-01  9.94301071e-01 -1.55078221e-02 -2.94692334e+02]
 [-5.50351137e-02  2.14075651e-02  9.98254904e-01  9.09184427e+02]
 [ 9.92897905e-01 -1.04437042e-01  5.69794265e-02 -2.69546091e+02]]

[[ 8.08866899e-02  9.96719573e-01  2.72689440e-03 -2.91612474e+02]
 [-2.39119398e-02 -7.94562688e-04  9.99713753e-01  9.12341209e+02]
 [ 9.96436432e-01 -8.09287417e-02  2.37692288e-02 -2.71724011e+02]]

[[ 1.02013947e-01  9.94738166e-01 -9.44112882e-03 -2.93547952e+02]
 [-4.20451095e-02  1.37936486e-02  9.99020492e-01  9.10538731e+02]
 [ 9.93894040e-01 -1.01517071e-01  4.32310197e-02 -2.69057575e+02]]

[[ 9.87810926e-02  9.94903309e-01 -2.02411070e-02 -2.93163530e+02]
 [-6.61618301e-02  2.68618814e-02  9.97447268e-01  9.07726796e+02]
 [ 9.92907301e-01 -9.71897423e-02  6.84780697e-02 -2.66341412e+02]]

[[ 9.85709747e-02  9.95084701e-01 -9.49743615e-03 -2.92981556e+02]
 [-5.60978475e-02  1.50851655e-02  9.98311309e-01  9.12099102e+02]
 [ 9.93547580e-01 -9.78717331e-02  5.73090692e-02 -2.68739304e+02]]

[[ 9.78799396e-02  9.94873451e-01 -2.54230999e-02 -2.92686409e+02]
 [-4.72801547e-02  3.01655095e-02  9.98426076e-01  9.09354025e+02]
 [ 9.94074496e-01 -9.65238759e-02  4.99903689e-02 -2.68037152e+02]]

[[ 9.79460420e-02  9.95131928e-01 -1.09095877e-02 -2.92873462e+02]
 [-4.53691785e-02  1.54158331e-02  9.98851335e-01  9.11400977e+02]
 [ 9.94157035e-01 -9.73385758e-02  4.66582379e-02 -2.68589433e+02]]

[[ 9.63877642e-02  9.95335998e-01 -3.95611950e-03 -2.92677427e+02]
 [-4.15098952e-02  7.99089884e-03  9.99106138e-01  9.12074375e+02]
 [ 9.94477917e-01 -9.61373887e-02  4.20865178e-02 -2.68872918e+02]]

[[ 9.83841170e-02  9.94979514e-01 -1.83393419e-02 -2.92753722e+02]
 [-3.05638677e-02  2.14412004e-02  9.99302819e-01  9.10361168e+02]
 [ 9.94679052e-01 -9.77550043e-02  3.25198958e-02 -2.68843332e+02]]

[[ 9.85753470e-02  9.95128007e-01  1.77489175e-03 -2.92821268e+02]
 [-5.01451374e-02  3.18594642e-03  9.98736860e-01  9.14166646e+02]
 [ 9.93865366e-01 -9.85398347e-02  5.02148864e-02 -2.69415656e+02]]

[[ 9.79267414e-02  9.95175108e-01 -6.07106522e-03 -2.92836106e+02]
 [-4.15281191e-02  1.01813503e-02  9.99085460e-01  9.11470496e+02]
 [ 9.94326792e-01 -9.75850635e-02  4.23247768e-02 -2.68617856e+02]]

[[ 9.95347056e-02  9.94956381e-01 -1.24355412e-02 -2.92929843e+02]
 [-4.57242580e-02  1.70579077e-02  9.98808450e-01  9.11645290e+02]
 [ 9.93982965e-01 -9.88474991e-02  4.71914961e-02 -2.68739142e+02]]

[[ 1.01592438e-01  9.94805692e-01 -6.37269921e-03 -2.93168895e+02]
 [-3.13964603e-02  9.60881730e-03  9.99460821e-01  9.11524297e+02]
 [ 9.94330548e-01 -1.01337582e-01  3.22095606e-02 -2.69547913e+02]]

[[ 9.69917917e-02  9.95270856e-01  5.34007948e-03 -2.92806359e+02]
 [-6.24878648e-02  7.34642157e-04  9.98045453e-01  9.14628569e+02]
 [ 9.93321629e-01 -9.71359069e-02  6.22636050e-02 -2.68916171e+02]]

[[ 1.00315820e-01  9.94955427e-01 -6.59022871e-04 -2.92978474e+02]
 [-3.34703489e-02  4.03661676e-03  9.99431559e-01  9.12720918e+02]
 [ 9.94392514e-01 -1.00236739e-01  3.37064418e-02 -2.69682661e+02]]

[[ 9.57451162e-02  9.95263804e-01 -1.68176345e-02 -2.92579382e+02]
 [-2.26843039e-02  1.90724894e-02  9.99560735e-01  9.09747564e+02]
 [ 9.95147374e-01 -9.53215623e-02  2.44029643e-02 -2.68833044e+02]]

[[ 9.94664236e-02  9.95035237e-01  3.36274423e-03 -2.92933772e+02]
 [-3.01903993e-02 -3.60067771e-04  9.99544101e-01  9.13799907e+02]
 [ 9.94582812e-01 -9.95225996e-02  3.00046964e-02 -2.70199074e+02]]

[[ 9.97654893e-02  9.94999257e-01 -4.82973569e-03 -2.93037340e+02]
 [-3.91190513e-02  8.77245290e-03  9.99196049e-01  9.11775424e+02]
 [ 9.94241694e-01 -9.94963481e-02  3.97986150e-02 -2.69330140e+02]]

[[ 9.96452616e-02  9.95005154e-01 -5.96368799e-03 -2.92919226e+02]
 [-4.69210570e-02  1.06856127e-02  9.98841445e-01  9.12679716e+02]
 [ 9.93916111e-01 -9.92499946e-02  4.77514642e-02 -2.68915379e+02]]

[[ 9.67807680e-02  9.95303871e-01  1.92040585e-03 -2.92810301e+02]
 [-4.92078797e-02  2.85772509e-03  9.98784470e-01  9.12887081e+02]
 [ 9.94088561e-01 -9.67576272e-02  4.92533660e-02 -2.68794700e+02]]

[[ 1.02370050e-01  9.94736910e-01 -4.34188292e-03 -2.93184772e+02]
 [-3.06580126e-02  7.51774807e-03  9.99501661e-01  9.11412845e+02]
 [ 9.94273835e-01 -1.02185922e-01  3.12662490e-02 -2.69307607e+02]]

[[ 9.78355535e-02  9.95160909e-01 -9.10875490e-03 -2.92925591e+02]
 [-4.84510799e-02  1.39046999e-02  9.98728768e-01  9.11509820e+02]
 [ 9.94022483e-01 -9.72698528e-02  4.95769947e-02 -2.68470756e+02]]

[[ 9.93050845e-02  9.95049865e-01 -3.77701673e-03 -2.92921416e+02]
 [-5.16443209e-02  8.94464602e-03  9.98625484e-01  9.13324991e+02]
 [ 9.93715937e-01 -9.89735267e-02  5.22769234e-02 -2.68974293e+02]]

[[ 1.02204215e-01  9.94735219e-01 -7.49280461e-03 -2.93503229e+02]
 [-3.46559989e-02  1.10882089e-02  9.99337787e-01  9.11415501e+02]
 [ 9.94159575e-01 -1.01876863e-01  3.56068044e-02 -2.69465170e+02]]

[[ 1.05011639e-01  9.94465782e-01 -3.21922659e-03 -2.94117910e+02]
 [-4.70127552e-02  8.19781372e-03  9.98860649e-01  9.11903711e+02]
 [ 9.93359128e-01 -1.04740649e-01  4.76134422e-02 -2.69499510e+02]]

[[ 8.69662164e-02  9.96098355e-01  1.49981595e-02 -2.91996387e+02]
 [-3.09493903e-02 -1.23464511e-02  9.99444696e-01  9.14373668e+02]
 [ 9.95730391e-01 -8.73821076e-02  2.97549126e-02 -2.71981432e+02]]

[[ 9.05602585e-02  9.95826340e-01  1.13463690e-02 -2.92765572e+02]
 [-6.29985807e-02 -5.64202996e-03  9.97997668e-01  9.12136409e+02]
 [ 9.93896382e-01 -9.10937319e-02  6.22247024e-02 -2.70855603e+02]]

[[ 9.39527453e-02  9.95572190e-01 -2.98266543e-03 -2.91876922e+02]
 [-3.14387025e-02  5.96128587e-03  9.99487904e-01  9.12808366e+02]
 [ 9.95080142e-01 -9.38108614e-02  3.18595770e-02 -2.69775867e+02]]

[[ 9.50003202e-02  9.95476716e-01  1.02295009e-03 -2.92826132e+02]
 [-5.34770685e-02  4.07730362e-03  9.98560754e-01  9.12680180e+02]
 [ 9.94039809e-01 -9.49182957e-02  5.36225217e-02 -2.68316610e+02]]

[[ 8.92830165e-02  9.95884461e-01  1.55782797e-02 -2.91861871e+02]
 [-4.94549345e-02 -1.11888033e-02  9.98713683e-01  9.14415113e+02]
 [ 9.94777740e-01 -8.99385930e-02  4.82524307e-02 -2.68887771e+02]]

[[ 9.92175517e-02  9.94892889e-01 -1.85476733e-02 -2.92339369e+02]
 [-1.18611462e-02  1.98207855e-02  9.99733189e-01  9.08829461e+02]
 [ 9.94995071e-01 -9.89710827e-02  1.37671398e-02 -2.69882885e+02]]

[[ 9.81388172e-02  9.95149250e-01 -6.83688654e-03 -2.92067329e+02]
 [-3.65292238e-02  1.04676595e-02  9.99277761e-01  9.12233387e+02]
 [ 9.94502081e-01 -9.78181914e-02  3.73793133e-02 -2.69067204e+02]]

[[ 1.02518222e-01  9.94653988e-01 -1.23878557e-02 -2.93934269e+02]
 [-1.87115273e-02  1.43795516e-02  9.99721515e-01  9.09331341e+02]
 [ 9.94555123e-01 -1.02257877e-01  2.00856613e-02 -2.67662160e+02]]

[[ 9.21742156e-02  9.95669854e-01  1.20605406e-02 -2.92074169e+02]
 [-5.25317744e-02 -7.23281620e-03  9.98593060e-01  9.15590266e+02]
 [ 9.94356237e-01 -9.26780936e-02  5.16376250e-02 -2.69723519e+02]]

[[ 1.00719917e-01  9.94787232e-01 -1.59330151e-02 -2.92542634e+02]
 [-2.03232831e-02  1.80682679e-02  9.99630183e-01  9.08986905e+02]
 [ 9.94707224e-01 -1.00358858e-01  2.20371770e-02 -2.68671299e+02]]

[[ 9.70819789e-02  9.95196854e-01 -1.25822009e-02 -2.92206734e+02]
 [-4.27929415e-02  1.68040326e-02  9.98942635e-01  9.11309582e+02]
 [ 9.94355999e-01 -9.64408985e-02  4.42187695e-02 -2.69313592e+02]]

[[ 9.73968048e-02  9.95220598e-01 -7.05855568e-03 -2.92036601e+02]
 [-1.72707895e-02  8.78131986e-03  9.99812287e-01  9.10139825e+02]
 [ 9.95095765e-01 -9.72566153e-02  1.80435179e-02 -2.69236922e+02]]

[[ 9.60509981e-02  9.95326993e-01 -9.91881052e-03 -2.92000178e+02]
 [-1.70031963e-02  1.16041087e-02  9.99788096e-01  9.09859750e+02]
 [ 9.95231178e-01 -9.58619930e-02  1.80383265e-02 -2.69441086e+02]]

[[ 9.87358086e-02  9.95058128e-01 -1.05148435e-02 -2.92174253e+02]
 [-1.71000899e-02  1.22615014e-02  9.99778597e-01  9.09689828e+02]
 [ 9.94966747e-01 -9.85341434e-02  1.82262327e-02 -2.69059500e+02]]

[[ 1.02222925e-01  9.94687784e-01 -1.21113987e-02 -2.92686940e+02]
 [-2.80927182e-02  1.50569507e-02  9.99491915e-01  9.09297986e+02]
 [ 9.94364758e-01 -1.01830745e-01  2.94826491e-02 -2.68339723e+02]]

[[ 9.65804677e-02  9.95308865e-01 -5.69882500e-03 -2.92055151e+02]
 [-2.61950401e-02  8.26537795e-03  9.99622681e-01  9.10403212e+02]
 [ 9.94980418e-01 -9.63947451e-02  2.68704297e-02 -2.69255028e+02]]

[[ 1.07947212e-01  9.93754689e-01 -2.82669139e-02 -2.92956559e+02]
 [-8.80293373e-03  2.93873952e-02  9.99529334e-01  9.07001323e+02]
 [ 9.94117653e-01 -1.07647573e-01  1.19202440e-02 -2.68270849e+02]]

[[ 1.03116446e-01  9.94595967e-01 -1.20772608e-02 -2.92835129e+02]
 [-3.68804512e-02  1.59567174e-02  9.99192282e-01  9.11505532e+02]
 [ 9.93985327e-01 -1.02587742e-01  3.83265480e-02 -2.69320940e+02]]

[[ 1.07105310e-01  9.94148247e-01 -1.40611312e-02 -2.94058232e+02]
 [-4.97186671e-02  1.94801963e-02  9.98573270e-01  9.08951806e+02]
 [ 9.93003780e-01 -1.06253399e-01  5.15141582e-02 -2.66757755e+02]]

[[ 9.70954481e-02  9.95257078e-01 -5.98525141e-03 -2.92264608e+02]
 [-4.03110990e-02  9.94126532e-03  9.99137722e-01  9.10448208e+02]
 [ 9.94458390e-01 -9.67704527e-02  4.10851582e-02 -2.68007542e+02]]

[[ 1.02469496e-01  9.94428618e-01 -2.47330903e-02 -2.92587724e+02]
 [-4.59389544e-02  2.95682300e-02  9.98506551e-01  9.08342004e+02]
 [ 9.93674803e-01 -1.01180251e-01  4.87128526e-02 -2.66958438e+02]]

[[ 8.33034565e-02  9.96511093e-01  5.11613028e-03 -2.91728065e+02]
 [-4.77682546e-02 -1.13498578e-03  9.98857801e-01  9.12379449e+02]
 [ 9.95378686e-01 -8.34526960e-02  4.75070474e-02 -2.70459293e+02]]

[[ 9.82222748e-02  9.94737815e-01 -2.91386982e-02 -2.92058658e+02]
 [-3.51933968e-02  3.27340503e-02  9.98844286e-01  9.09279583e+02]
 [ 9.94542010e-01 -9.70832681e-02  3.82234155e-02 -2.69456574e+02]]

[[ 9.10151199e-02  9.95520324e-01  2.56033686e-02 -2.92996902e+02]
 [-4.86595252e-02 -2.12336274e-02  9.98589697e-01  9.13456483e+02]
 [ 9.94659991e-01 -9.21326088e-02  4.65089652e-02 -2.69458490e+02]]

[[ 9.55254527e-02  9.94887620e-01  3.27644925e-02 -2.93721727e+02]
 [-6.41840982e-02 -2.66904748e-02  9.97581084e-01  9.13909478e+02]
 [ 9.93355570e-01 -9.73973441e-02  6.13063450e-02 -2.68629720e+02]]

[[ 1.01314535e-01  9.94854257e-01 -6.09557656e-04 -2.93417256e+02]
 [-1.84345924e-02  2.48995702e-03  9.99826968e-01  9.13784369e+02]
 [ 9.94683634e-01 -1.01285767e-01  1.85920016e-02 -2.71209687e+02]]

[[ 9.02965567e-02  9.95600650e-01 -2.50175575e-02 -2.92420430e+02]
 [-3.73360995e-02  2.84865982e-02  9.98896656e-01  9.09150488e+02]
 [ 9.95214825e-01 -8.92628705e-02  3.97440867e-02 -2.70524168e+02]]

[[ 8.97606170e-02  9.95845080e-01 -1.53495520e-02 -2.91605658e+02]
 [-2.21905868e-02  1.74076139e-02  9.99602197e-01  9.13477286e+02]
 [ 9.95716129e-01 -8.93842944e-02  2.36609048e-02 -2.72312616e+02]]

[[ 9.69964815e-02  9.95184312e-01 -1.41374782e-02 -2.92569074e+02]
 [-3.72668314e-03  1.45675076e-02  9.99886943e-01  9.11589948e+02]
 [ 9.95277747e-01 -9.69328295e-02  5.12173357e-03 -2.71306848e+02]]

[[ 9.38068210e-02  9.95259591e-01 -2.56637409e-02 -2.92518192e+02]
 [-3.00425302e-02  2.85954056e-02  9.99139504e-01  9.10241727e+02]
 [ 9.95137039e-01 -9.29550969e-02  3.25825604e-02 -2.70392786e+02]]

[[ 9.51864664e-02  9.95459257e-01  6.36074180e-04 -2.91504185e+02]
 [-3.00132127e-03 -3.51984380e-04  9.99995434e-01  9.15989999e+02]
 [ 9.95454936e-01 -9.51879408e-02  2.95418889e-03 -2.72517984e+02]]

[[ 1.01404819e-01  9.94733483e-01 -1.49117645e-02 -2.92054404e+02]
 [-1.85256766e-02  1.68745448e-02  9.99685975e-01  9.14361634e+02]
 [ 9.94672741e-01 -1.01096725e-01  2.01392709e-02 -2.70789454e+02]]

[[ 9.25217659e-02  9.95306757e-01  2.83580988e-02 -2.91963104e+02]
 [-2.70176290e-02 -2.59603053e-02  9.99297809e-01  9.17089047e+02]
 [ 9.95344046e-01 -9.32229665e-02  2.44889354e-02 -2.70928745e+02]]

[[ 8.69779905e-02  9.96205577e-01  3.04599714e-03 -2.92755143e+02]
 [-6.40061042e-02  2.53700727e-03  9.97946282e-01  9.12355672e+02]
 [ 9.94151924e-01 -8.69943246e-02  6.39839017e-02 -2.69211078e+02]]

[[ 8.68944005e-02  9.96076971e-01  1.67341032e-02 -2.92841683e+02]
 [-2.01490948e-02 -1.50369605e-02  9.99683902e-01  9.17179010e+02]
 [ 9.96013743e-01 -8.72041104e-02  1.87634216e-02 -2.71417774e+02]]

[[ 1.01084310e-01  9.94808105e-01 -1.17811867e-02 -2.92694633e+02]
 [-4.13655197e-02  1.60342402e-02  9.99015414e-01  9.13458851e+02]
 [ 9.94017533e-01 -1.00497449e-01  4.27715644e-02 -2.69267075e+02]]

[[ 8.52908932e-02  9.96299531e-01  1.06163636e-02 -2.92078155e+02]
 [-6.14336098e-02 -5.37632491e-03  9.98096692e-01  9.13714374e+02]
 [ 9.94460344e-01 -8.57807599e-02  6.07477251e-02 -2.69872315e+02]]

[[ 8.48313457e-02  9.95970137e-01  2.91054717e-02 -2.91585074e+02]
 [-5.59850270e-02 -2.44001880e-02  9.98133412e-01  9.16353220e+02]
 [ 9.94821250e-01 -8.63024712e-02  5.36895142e-02 -2.70623806e+02]]

[[ 9.65747419e-02  9.94624886e-01 -3.73450939e-02 -2.92308583e+02]
 [-6.21606826e-02  4.34743290e-02  9.97118866e-01  9.07569750e+02]
 [ 9.93382791e-01 -9.39751006e-02  6.60250840e-02 -2.67668464e+02]]

[[ 8.59788441e-02  9.95608285e-01  3.70375685e-02 -2.91019841e+02]
 [-3.44882788e-02 -3.41787232e-02  9.98820491e-01  9.17533984e+02]
 [ 9.95699853e-01 -8.71547933e-02  3.13981690e-02 -2.71310682e+02]]

[[ 9.71462608e-02  9.95050928e-01  2.08867087e-02 -2.92568322e+02]
 [-4.88919422e-02 -1.61894425e-02  9.98672859e-01  9.15437690e+02]
 [ 9.94068500e-01 -9.80385258e-02  4.70772287e-02 -2.69722708e+02]]

[[ 9.26592866e-02  9.95642611e-01  1.04903456e-02 -2.91195540e+02]
 [-5.60069112e-02 -5.30729726e-03  9.98416275e-01  9.15275501e+02]
 [ 9.94121463e-01 -9.31000717e-02  5.52710969e-02 -2.68932453e+02]]

[[ 9.68644737e-02  9.95279662e-01 -5.97229894e-03 -2.90891875e+02]
 [-4.02938947e-02  9.91701330e-03  9.99138656e-01  9.12843197e+02]
 [ 9.94481612e-01 -9.65403930e-02  4.10643002e-02 -2.69334496e+02]]

[[ 8.90384937e-02  9.96010075e-01  6.00648462e-03 -2.91599380e+02]
 [-4.16436944e-02 -2.30255340e-03  9.99129872e-01  9.14169980e+02]
 [ 9.95157249e-01 -8.92111510e-02  4.12725233e-02 -2.69879869e+02]]

[[ 8.90190284e-02  9.96029207e-01 -1.19606468e-03 -2.91657415e+02]
 [-5.54336009e-02  6.15328160e-03  9.98443415e-01  9.13064718e+02]
 [ 9.94486163e-01 -8.88141606e-02  5.57612447e-02 -2.68737567e+02]]

[[ 1.02658710e-01  9.94694031e-01  6.70622161e-03 -2.93142562e+02]
 [-2.74212430e-02 -3.90936211e-03  9.99616323e-01  9.12249205e+02]
 [ 9.94338607e-01 -1.02803215e-01  2.68744167e-02 -2.67879853e+02]]

[[ 9.84822198e-02  9.95093788e-01  9.46599779e-03 -2.92801415e+02]
 [-3.44709952e-02 -6.09532099e-03  9.99387111e-01  9.13589309e+02]
 [ 9.94541604e-01 -9.87481635e-02  3.37015925e-02 -2.68077622e+02]]

[[ 1.00522161e-01  9.94928557e-01  3.53014909e-03 -2.93153249e+02]
 [-3.59292244e-02  8.42407067e-05  9.99354333e-01  9.12063482e+02]
 [ 9.94285867e-01 -1.00584093e-01  3.57554794e-02 -2.67735250e+02]]

[[ 9.96445466e-02  9.95017578e-01  3.31423141e-03 -2.92771492e+02]
 [-3.13281462e-02 -1.91881679e-04  9.99509135e-01  9.12136093e+02]
 [ 9.94529794e-01 -9.96994633e-02  3.11529362e-02 -2.68277895e+02]]

[[ 8.63006915e-02  9.96240766e-01  7.51845921e-03 -2.90777801e+02]
 [-4.83835759e-02 -3.34665647e-03  9.98823222e-01  9.13960662e+02]
 [ 9.95093574e-01 -8.65629047e-02  4.79128720e-02 -2.70209652e+02]]

[[ 9.98281469e-02  9.94974632e-01 -7.73447765e-03 -2.92767119e+02]
 [-2.17471852e-02  9.95326526e-03  9.99713955e-01  9.09810559e+02]
 [ 9.94767008e-01 -9.96313884e-02  2.26315136e-02 -2.68256103e+02]]

[[ 9.36804300e-02  9.95467849e-01  1.63627224e-02 -2.92867243e+02]
 [-6.94429956e-02 -9.86166876e-03  9.97537176e-01  9.13881218e+02]
 [ 9.93177551e-01 -9.45859881e-02  6.82044240e-02 -2.67314892e+02]]

[[ 1.08634277e-01  9.94079155e-01  2.28614426e-03 -2.94573727e+02]
 [-5.74569660e-02  3.98302953e-03  9.98340039e-01  9.11537239e+02]
 [ 9.92419917e-01 -1.08585304e-01  5.75494658e-02 -2.67213458e+02]]

[[ 9.26320280e-02  9.95515599e-01 -1.91833199e-02 -2.93559159e+02]
 [-3.82451340e-02  2.28093010e-02  9.99008031e-01  9.07568107e+02]
 [ 9.94965636e-01 -9.18064712e-02  4.01864993e-02 -2.68098557e+02]]

[[ 9.66762413e-02  9.95204524e-01  1.48882343e-02 -2.93789865e+02]
 [-4.00447459e-02 -1.10570296e-02  9.99136708e-01  9.13368260e+02]
 [ 9.94509991e-01 -9.71889770e-02  3.87837602e-02 -2.68449254e+02]]

[[ 9.49573953e-02  9.95266165e-01  2.06967107e-02 -2.93489333e+02]
 [-2.78431622e-02 -1.81271815e-02  9.99447929e-01  9.14993930e+02]
 [ 9.95091881e-01 -9.54812340e-02  2.59900473e-02 -2.70120544e+02]]

[[ 9.79088983e-02  9.94770390e-01 -2.90812587e-02 -2.93796666e+02]
 [-5.21595259e-02  3.43108402e-02  9.98049172e-01  9.09253540e+02]
 [ 9.93827566e-01 -9.62010302e-02  5.52460885e-02 -2.68244129e+02]]

[[ 1.01706530e-01  9.94708355e-01 -1.45282443e-02 -2.93928145e+02]
 [-3.35324995e-02  1.80235612e-02  9.99275099e-01  9.10173795e+02]
 [ 9.94249140e-01 -1.01145635e-01  3.51881713e-02 -2.69116455e+02]]

[[ 1.03021141e-01  9.94651406e-01 -7.43139469e-03 -2.93318568e+02]
 [-2.76539179e-02  1.03323575e-02  9.99564157e-01  9.10293399e+02]
 [ 9.94294677e-01 -1.02770733e-01  2.85704595e-02 -2.67944061e+02]]

[[ 9.84880079e-02  9.95137181e-01 -1.45018401e-03 -2.94028766e+02]
 [-4.25770387e-02  5.66974430e-03  9.99077099e-01  9.09183706e+02]
 [ 9.94226990e-01 -9.83353687e-02  4.29283961e-02 -2.68695860e+02]]

[[ 9.43926414e-02  9.95442216e-01  1.35949700e-02 -2.93423903e+02]
 [-4.10003405e-02 -9.75723167e-03  9.99111490e-01  9.14796465e+02]
 [ 9.94690405e-01 -9.48661710e-02  3.98924589e-02 -2.70330089e+02]]

[[ 1.04715709e-01  9.94200692e-01 -2.44868311e-02 -2.93911112e+02]
 [-4.50106607e-02  2.93349104e-02  9.98555709e-01  9.07102414e+02]
 [ 9.93483095e-01 -1.03462301e-01  4.78214560e-02 -2.67275890e+02]]

[[ 9.29810071e-02  9.95650222e-01  5.93018186e-03 -2.92737783e+02]
 [-3.00534549e-02 -3.14676099e-03  9.99543340e-01  9.12504797e+02]
 [ 9.95214209e-01 -9.31167688e-02  2.96301400e-02 -2.71244147e+02]]

[[ 9.70834273e-02  9.95237729e-01  8.75624107e-03 -2.92807287e+02]
 [-2.52279782e-02 -6.33422516e-03  9.99661656e-01  9.14232052e+02]
 [ 9.94956460e-01 -9.72714820e-02  2.44928874e-02 -2.69835930e+02]]

[[ 9.90770573e-02  9.94947542e-01 -1.62211697e-02 -2.92818923e+02]
 [-3.94429488e-02  2.02152575e-02  9.99017316e-01  9.09884730e+02]
 [ 9.94297737e-01 -9.83398851e-02  4.12465331e-02 -2.69624454e+02]]

[[ 9.33535757e-02  9.95619887e-01 -5.11368853e-03 -2.92570577e+02]
 [-4.62318523e-02  9.46535939e-03  9.98885891e-01  9.12358353e+02]
 [ 9.94559061e-01 -9.30131544e-02  4.69129767e-02 -2.69642393e+02]]

[[ 1.00860449e-01  9.94126723e-01 -3.92330020e-02 -2.93667547e+02]
 [-4.36966312e-02  4.38224458e-02  9.98083262e-01  9.05764906e+02]
 [ 9.93940529e-01 -9.89527758e-02  4.78599404e-02 -2.68307422e+02]]

[[ 9.24175537e-02  9.95285733e-01 -2.94160638e-02 -2.92763094e+02]
 [-5.30551096e-02  3.44226773e-02  9.97998114e-01  9.07728294e+02]
 [ 9.94305864e-01 -9.06718718e-02  5.59862533e-02 -2.70460076e+02]]

[[ 9.34582043e-02  9.95522185e-01 -1.41825214e-02 -2.93265397e+02]
 [-7.68777296e-02  2.14180462e-02  9.96810454e-01  9.06909027e+02]
 [ 9.92650683e-01 -9.20697950e-02  7.85351775e-02 -2.68390123e+02]]

[[ 9.06822497e-02  9.95301553e-01  3.39344732e-02 -2.92045273e+02]
 [-5.90148118e-02 -2.86443684e-02  9.97846056e-01  9.14146188e+02]
 [ 9.94129761e-01 -9.24895618e-02  5.61399981e-02 -2.71011912e+02]]

[[ 9.90502396e-02  9.94879976e-01 -2.00719750e-02 -2.91808080e+02]
 [-7.01673206e-02  2.71039729e-02  9.97166948e-01  9.07395896e+02]
 [ 9.92605459e-01 -9.73612284e-02  7.24927172e-02 -2.67248621e+02]]

[[ 1.02719393e-01  9.94650163e-01 -1.09443680e-02 -2.91755397e+02]
 [-3.40832913e-02  1.45155263e-02  9.99313579e-01  9.09845449e+02]
 [ 9.94126277e-01 -1.02275864e-01  3.53919773e-02 -2.68972390e+02]]

[[ 8.25808772e-02  9.96491826e-01  1.35808582e-02 -2.89524520e+02]
 [-2.62211017e-02 -1.14501054e-02  9.99590591e-01  9.14929150e+02]
 [ 9.96239355e-01 -8.29031729e-02  2.51835537e-02 -2.71308947e+02]]

[[ 8.28720845e-02  9.96436020e-01  1.57313684e-02 -2.89998265e+02]
 [-3.64217773e-02 -1.27467324e-02  9.99255210e-01  9.13403353e+02]
 [ 9.95894408e-01 -8.33833267e-02  3.52356225e-02 -2.70346939e+02]]

[[ 9.49469028e-02  9.95482329e-01  1.33664344e-04 -2.91246991e+02]
 [-1.20556203e-02  1.01557729e-03  9.99926813e-01  9.13968921e+02]
 [ 9.95409337e-01 -9.49415653e-02  1.20975828e-02 -2.71293178e+02]]

[[ 8.66180457e-02  9.96232282e-01  4.30744317e-03 -2.89278588e+02]
 [-1.17578202e-02 -3.30112022e-03  9.99925425e-01  9.12617328e+02]
 [ 9.96172208e-01 -8.66622324e-02  1.14275835e-02 -2.71152422e+02]]

[[ 8.99981236e-02  9.95861160e-01  1.26841233e-02 -2.88122074e+02]
 [-4.99394567e-02 -8.20738049e-03  9.98718524e-01  9.18466662e+02]
 [ 9.94689091e-01 -9.05162314e-02  4.89941165e-02 -2.73118435e+02]]

[[ 9.18912495e-02  9.95633885e-01  1.64062538e-02 -2.88591925e+02]
 [-4.09262804e-02 -1.26858075e-02  9.99081633e-01  9.18420575e+02]
 [ 9.94927655e-01 -9.24783066e-02  3.95818769e-02 -2.71612455e+02]]

[[ 9.00071522e-02  9.95825581e-01  1.51698894e-02 -2.89966869e+02]
 [-5.87773735e-02 -9.89383561e-03  9.98222086e-01  9.15888824e+02]
 [ 9.94205176e-01 -9.07387734e-02  5.76414961e-02 -2.70049823e+02]]

[[ 1.06461469e-01  9.94174164e-01 -1.68430398e-02 -2.92057561e+02]
 [-1.35968916e-02  1.83933347e-02  9.99738371e-01  9.09890030e+02]
 [ 9.94223858e-01 -1.06204602e-01  1.54758598e-02 -2.68904843e+02]]

[[ 1.09373195e-01  9.93623232e-01 -2.73930258e-02 -2.92756983e+02]
 [-1.95287836e-02  2.97010365e-02  9.99368038e-01  9.07432194e+02]
 [ 9.93808901e-01 -1.08769122e-01  2.26527504e-02 -2.67050345e+02]]

[[ 8.90991003e-02  9.95796504e-01  2.12290459e-02 -2.91017679e+02]
 [-7.25508681e-02 -1.47686427e-02  9.97255363e-01  9.17538320e+02]
 [ 9.93376928e-01 -9.03947413e-02  7.09300281e-02 -2.70016893e+02]]

[[ 1.02340050e-01  9.94711156e-01 -8.73102988e-03 -2.92613539e+02]
 [-3.58082717e-02  1.24552470e-02  9.99281059e-01  9.10269830e+02]
 [ 9.94104764e-01 -1.01953830e-01  3.68935580e-02 -2.67905356e+02]]

[[ 9.50386129e-02  9.95427675e-01  9.56059335e-03 -2.91214933e+02]
 [-4.64276383e-02 -5.16133723e-03  9.98908322e-01  9.15319289e+02]
 [ 9.94390334e-01 -9.53787371e-02  4.57248297e-02 -2.69797833e+02]]

[[ 8.33026349e-02  9.96025779e-01  3.15169465e-02 -2.90351485e+02]
 [-8.06810519e-02 -2.47820342e-02  9.96431843e-01  9.19507943e+02]
 [ 9.93252857e-01 -8.55482184e-02  7.82959989e-02 -2.70777848e+02]]

[[ 1.01498165e-01  9.94822720e-01  5.08707576e-03 -2.91874902e+02]
 [-3.66702405e-02 -1.36877394e-03  9.99326483e-01  9.13938745e+02]
 [ 9.94159653e-01 -1.01616348e-01  3.63414604e-02 -2.68920785e+02]]

[[ 9.53497364e-02  9.95379547e-01  1.13130832e-02 -2.91179205e+02]
 [-6.31983076e-02 -5.28880436e-03  9.97986975e-01  9.17241682e+02]
 [ 9.93435656e-01 -9.58727627e-02  6.24020167e-02 -2.70052916e+02]]

[[ 1.01578721e-01  9.94791531e-01  8.46010534e-03 -2.92245466e+02]
 [-4.12472196e-02 -4.28530789e-03  9.99139782e-01  9.13556351e+02]
 [ 9.93972047e-01 -1.01840297e-01  4.05970887e-02 -2.68421978e+02]]

[[ 1.04681806e-01  9.94486529e-01  6.18577408e-03 -2.91967872e+02]
 [-3.20957894e-02 -2.83836628e-03  9.99480767e-01  9.15096459e+02]
 [ 9.93987716e-01 -1.04825989e-01  3.16217049e-02 -2.69274574e+02]]

[[ 1.03994291e-01  9.94566797e-01  4.69818911e-03 -2.91830177e+02]
 [-2.97291110e-02 -1.61321345e-03  9.99556690e-01  9.14197650e+02]
 [ 9.94133476e-01 -1.04087862e-01  2.93998218e-02 -2.69105298e+02]]

[[ 9.40164360e-02  9.95359470e-01  2.05045396e-02 -2.91183271e+02]
 [-5.81978251e-02 -1.50658160e-02  9.98191382e-01  9.17144025e+02]
 [ 9.93868162e-01 -9.50397158e-02  5.65113220e-02 -2.69772682e+02]]

[[ 9.53681624e-02  9.95382628e-01  1.08783165e-02 -2.91064201e+02]
 [-5.47339162e-02 -5.66813347e-03  9.98484888e-01  9.16685579e+02]
 [ 9.93936171e-01 -9.58190817e-02  5.39406299e-02 -2.70043027e+02]]

[[ 9.58799884e-02  9.95281057e-01  1.49213291e-02 -2.91525643e+02]
 [-5.60578710e-02 -9.56750213e-03  9.98381680e-01  9.16499656e+02]
 [ 9.93813133e-01 -9.65612818e-02  5.48760051e-02 -2.69709296e+02]]

[[ 1.01380493e-01  9.94746317e-01  1.42042455e-02 -2.92190058e+02]
 [-4.23067391e-02 -9.95404094e-03  9.99055082e-01  9.15045530e+02]
 [ 9.93947753e-01 -1.01885632e-01  4.10753273e-02 -2.68875477e+02]]

[[ 9.99076677e-02  9.94933748e-01  1.11935416e-02 -2.91660613e+02]
 [-4.32849115e-02 -6.89321272e-03  9.99038988e-01  9.15839194e+02]
 [ 9.94054764e-01 -1.00296167e-01  4.23769344e-02 -2.69512557e+02]]

[[ 1.00173886e-01  9.94937142e-01  8.07933655e-03 -2.91737853e+02]
 [-4.94663772e-02 -3.13001368e-03  9.98770885e-01  9.15408484e+02]
 [ 9.93739538e-01 -1.00450417e-01  4.89023904e-02 -2.69255070e+02]]

[[ 1.03516098e-01  9.94624773e-01  2.44518087e-03 -2.91764738e+02]
 [-3.54220757e-02  1.22972057e-03  9.99371685e-01  9.15017945e+02]
 [ 9.93996828e-01 -1.03537671e-01  3.53589699e-02 -2.69359290e+02]]

[[ 1.01762703e-01  9.94779199e-01  7.66136536e-03 -2.91817847e+02]
 [-4.50772367e-02 -3.08245259e-03  9.98978749e-01  9.15971873e+02]
 [ 9.93786896e-01 -1.02004131e-01  4.45282187e-02 -2.69482007e+02]]

[[ 9.98079067e-02  9.94967922e-01  8.78722084e-03 -2.91718077e+02]
 [-4.16732912e-02 -4.64353515e-03  9.99120500e-01  9.15413847e+02]
 [ 9.94133652e-01 -1.00086318e-01  4.10001265e-02 -2.69498013e+02]]

[[ 1.07532239e-01  9.94201119e-01 -9.75556316e-04 -2.92371007e+02]
 [-3.25820188e-02  4.50476852e-03  9.99458913e-01  9.14270480e+02]
 [ 9.93667565e-01 -1.07442269e-01  3.28774874e-02 -2.68899636e+02]]

[[ 9.94630147e-02  9.94985505e-01  1.05334607e-02 -2.91822797e+02]
 [-5.01771572e-02 -5.55712401e-03  9.98724873e-01  9.15534676e+02]
 [ 9.93775307e-01 -9.98647258e-02  4.93728158e-02 -2.69165463e+02]]

[[ 9.79051710e-02  9.95092097e-01  1.43629770e-02 -2.91677600e+02]
 [-4.84299076e-02 -9.65128266e-03  9.98779954e-01  9.15375830e+02]
 [ 9.94016661e-01 -9.84813199e-02  4.72473078e-02 -2.69159752e+02]]

[[ 1.02702424e-01  9.94683853e-01  7.49969364e-03 -2.91935043e+02]
 [-4.01447762e-02 -3.38865360e-03  9.99188127e-01  9.14551064e+02]
 [ 9.93901710e-01 -1.02920116e-01  3.95833377e-02 -2.68929366e+02]]

[[ 9.24876954e-02  9.95522739e-01  1.95064664e-02 -2.91525680e+02]
 [-6.76497235e-02 -1.32626735e-02  9.97620978e-01  9.16487681e+02]
 [ 9.93413077e-01 -9.35872722e-02  6.61202040e-02 -2.69376922e+02]]

[[ 9.63273811e-02  9.95207975e-01  1.67965086e-02 -2.91549322e+02]
 [-4.18850793e-02 -1.28070817e-02  9.99040349e-01  9.15586849e+02]
 [ 9.94468037e-01 -9.69384635e-02  4.04506923e-02 -2.69485323e+02]]

[[ 9.03838922e-02  9.95624786e-01  2.37073211e-02 -2.91318434e+02]
 [-7.39938169e-02 -1.70255276e-02  9.97113357e-01  9.17230852e+02]
 [ 9.93154402e-01 -9.18771813e-02  7.21312447e-02 -2.69437338e+02]]

[[ 1.01281801e-01  9.94787194e-01  1.18505380e-02 -2.91611815e+02]
 [-4.14546503e-02 -7.68144143e-03  9.99110858e-01  9.16188909e+02]
 [ 9.93993717e-01 -1.01683007e-01  4.04605650e-02 -2.69624069e+02]]

[[ 1.01830076e-01  9.94764245e-01  8.64475770e-03 -2.91686999e+02]
 [-3.48328571e-02 -5.11916853e-03  9.99380041e-01  9.14788072e+02]
 [ 9.94191786e-01 -1.02068067e-01  3.41291955e-02 -2.69194952e+02]]

[[ 9.04028674e-02  9.95564468e-01  2.60520861e-02 -2.91209247e+02]
 [-6.89184406e-02 -1.98425883e-02  9.97424945e-01  9.17525749e+02]
 [ 9.93517775e-01 -9.19655442e-02  6.68189238e-02 -2.69628583e+02]]

[[ 1.00115177e-01  9.94915780e-01  1.09335548e-02 -2.92068714e+02]
 [-4.07312067e-02 -6.88139695e-03  9.99146443e-01  9.14129309e+02]
 [ 9.94141801e-01 -1.00475060e-01  3.98351880e-02 -2.68744069e+02]]

[[ 9.30524036e-02  9.95448972e-01  2.05570961e-02 -2.91260455e+02]
 [-5.84794859e-02 -1.51468295e-02  9.98173694e-01  9.17456455e+02]
 [ 9.93942352e-01 -9.40846298e-02  5.68038952e-02 -2.69973832e+02]]

[[ 1.03660765e-01  9.94597789e-01  5.44821391e-03 -2.91911251e+02]
 [-3.79441889e-02 -1.51916734e-03  9.99278705e-01  9.14875305e+02]
 [ 9.93888668e-01 -1.03792723e-01  3.75817284e-02 -2.69073364e+02]]

[[ 1.00072225e-01  9.94967572e-01  5.00804417e-03 -2.91529549e+02]
 [-4.73801215e-02 -2.62305462e-04  9.98876897e-01  9.16150328e+02]
 [ 9.93851434e-01 -1.00197116e-01  4.71154349e-02 -2.69887272e+02]]

[[ 8.97260714e-02  9.95691259e-01  2.34125862e-02 -2.90971009e+02]
 [-6.44903514e-02 -1.76497768e-02  9.97762236e-01  9.17373577e+02]
 [ 9.93876364e-01 -9.10351715e-02  6.26288341e-02 -2.70078262e+02]]

[[ 1.04757153e-01  9.94489647e-01  4.03489350e-03 -2.92112752e+02]
 [-2.64462873e-02 -1.27003957e-03  9.99649429e-01  9.13785371e+02]
 [ 9.94146132e-01 -1.04827137e-01  2.61675132e-02 -2.68950517e+02]]

[[ 8.80356782e-02  9.95770792e-01  2.62726048e-02 -2.91013970e+02]
 [-7.70650443e-02 -1.94874108e-02  9.96835603e-01  9.18344039e+02]
 [ 9.93131763e-01 -8.97817978e-02  7.50235328e-02 -2.70082587e+02]]

[[ 1.01925652e-01  9.94792004e-01 -1.75531190e-04 -2.91908392e+02]
 [-3.66074516e-02  3.92710291e-03  9.99322006e-01  9.12724836e+02]
 [ 9.94118230e-01 -1.01850122e-01  3.68170727e-02 -2.68617233e+02]]

[[ 8.48508411e-02  9.95884195e-01  3.18591551e-02 -2.90549671e+02]
 [-7.73852554e-02 -2.52912863e-02  9.96680427e-01  9.20122349e+02]
 [ 9.93384043e-01 -8.70346014e-02  7.49207658e-02 -2.70923363e+02]]

[[ 8.83413241e-02  9.95717533e-01  2.72471188e-02 -2.90862281e+02]
 [-7.08093301e-02 -2.10072700e-02  9.97268637e-01  9.18462681e+02]
 [ 9.93570254e-01 -9.00293820e-02  6.86502814e-02 -2.70166328e+02]]

[[ 9.95890722e-02  9.94977429e-01  1.00961407e-02 -2.91828913e+02]
 [-4.52085700e-02 -5.61156395e-03  9.98961809e-01  9.14449287e+02]
 [ 9.94001108e-01 -9.99421118e-02  4.44226563e-02 -2.68915071e+02]]

[[ 8.87006573e-02  9.95664151e-01  2.80194968e-02 -2.90521039e+02]
 [-6.36355684e-02 -2.24082993e-02  9.97721596e-01  9.20338384e+02]
 [ 9.94023495e-01 -9.02815980e-02  6.13720233e-02 -2.71512611e+02]]

[[ 9.58550444e-02  9.95359179e-01  8.48029519e-03 -2.91705386e+02]
 [-4.02289187e-02 -4.63872167e-03  9.99179722e-01  9.13068895e+02]
 [ 9.94582045e-01 -9.61175697e-02  3.95975787e-02 -2.68828219e+02]]

[[ 1.00553481e-01  9.94891919e-01  8.89191232e-03 -2.91625992e+02]
 [-3.87933805e-02 -5.00988876e-03  9.99234694e-01  9.14732041e+02]
 [ 9.94175071e-01 -1.00821474e-01  3.80914590e-02 -2.69209551e+02]]

[[ 9.56084333e-02  9.95383168e-01  8.44850697e-03 -2.91484883e+02]
 [-5.91726752e-02 -2.78914047e-03  9.98243866e-01  9.16199324e+02]
 [ 9.93658705e-01 -9.59404528e-02  5.86328195e-02 -2.69716033e+02]]

[[ 1.03974366e-01  9.94564822e-01 -5.49046789e-03 -2.92611840e+02]
 [-3.69409996e-02  9.37836886e-03  9.99273440e-01  9.11253277e+02]
 [ 9.93893703e-01 -1.03695999e-01  3.77153286e-02 -2.67961891e+02]]

[[ 8.50001416e-02  9.96030675e-01  2.64172303e-02 -2.90646815e+02]
 [-7.91026961e-02 -1.96837076e-02  9.96672120e-01  9.18066972e+02]
 [ 9.93235994e-01 -8.68069455e-02  7.71155939e-02 -2.70223991e+02]]

[[ 9.55245086e-02  9.95310633e-01  1.52253824e-02 -2.91595391e+02]
 [-5.49572632e-02 -9.99873236e-03  9.98438643e-01  9.15915137e+02]
 [ 9.93908833e-01 -9.62121061e-02  5.37444244e-02 -2.69406803e+02]]

[[ 9.72002735e-02  9.95107789e-01  1.76803755e-02 -2.91746346e+02]
 [-4.04997548e-02 -1.37950871e-02  9.99084313e-01  9.14794577e+02]
 [ 9.94440484e-01 -9.78273194e-02  3.89607352e-02 -2.69085996e+02]]

[[ 8.54850089e-02  9.95883162e-01  3.01503214e-02 -2.90758831e+02]
 [-8.13116160e-02 -2.31868850e-02  9.96418983e-01  9.19088773e+02]
 [ 9.93015979e-01 -8.76304570e-02  7.89947381e-02 -2.70486274e+02]]

[[ 1.02980619e-01  9.94660510e-01 -6.74261563e-03 -2.95406141e+02]
 [-3.07308562e-02  9.95694426e-03  9.99478101e-01  9.06349851e+02]
 [ 9.94208533e-01 -1.02719667e-01  3.15921414e-02 -2.69782874e+02]]

[[ 9.07501222e-02  9.95867708e-01  3.45302140e-03 -2.92347190e+02]
 [-5.01711047e-02  1.10894570e-03  9.98740021e-01  9.10178727e+02]
 [ 9.94609107e-01 -9.08090209e-02  5.00644200e-02 -2.70376875e+02]]

[[ 1.01118868e-01  9.94835724e-01 -8.76680928e-03 -2.91966566e+02]
 [-4.08202782e-02  1.29533611e-02  9.99082537e-01  9.09598637e+02]
 [ 9.94036558e-01 -1.00668231e-01  4.19193002e-02 -2.69586721e+02]]

[[ 8.96881255e-02  9.95895943e-01  1.21371384e-02 -2.89627693e+02]
 [-7.78250779e-02 -5.14128068e-03  9.96953772e-01  9.15468005e+02]
 [ 9.92924618e-01 -9.03594888e-02  7.70445675e-02 -2.70931579e+02]]

[[ 1.07133208e-01  9.93987516e-01 -2.26118036e-02 -2.90046938e+02]
 [ 4.03803176e-02  1.83739408e-02  9.99015429e-01  9.09757515e+02]
 [ 9.93424333e-01 -1.07940799e-01 -3.81690724e-02 -2.70802157e+02]]

[[ 9.15792222e-02  9.95698395e-01  1.40695489e-02 -2.89613120e+02]
 [-7.29069988e-02 -7.38672994e-03  9.97311389e-01  9.11812610e+02]
 [ 9.93125277e-01 -9.23587698e-02  7.19169107e-02 -2.69339551e+02]]

[[ 1.00093874e-01  9.94964151e-01  5.24928445e-03 -2.90965643e+02]
 [-4.40427969e-02 -8.40004911e-04  9.99029292e-01  9.12908957e+02]
 [ 9.94002741e-01 -1.00227905e-01  4.37369247e-02 -2.69064118e+02]]

[[ 9.59111738e-02  9.95383393e-01  3.59815890e-03 -2.88279638e+02]
 [-2.04339196e-02 -1.64515658e-03  9.99789852e-01  9.12833447e+02]
 [ 9.95180135e-01 -9.59645428e-02  2.01817953e-02 -2.69950329e+02]]

[[ 9.11216864e-02  9.95507501e-01  2.57226132e-02 -2.88519187e+02]
 [-4.15837141e-02 -2.20038045e-02  9.98892701e-01  9.17573852e+02]
 [ 9.94971172e-01 -9.20904292e-02  3.93918755e-02 -2.70286193e+02]]

[[ 9.28785963e-02  9.95460057e-01  2.08048407e-02 -2.89827833e+02]
 [-3.05589969e-02 -1.80353413e-02  9.99370239e-01  9.18390516e+02]
 [ 9.95208377e-01 -9.34558800e-02  2.87451636e-02 -2.70282124e+02]]

[[ 1.01207392e-01  9.94756740e-01  1.47000442e-02 -2.91123505e+02]
 [-5.15935516e-02 -9.50800498e-03  9.98622903e-01  9.18242485e+02]
 [ 9.93526632e-01 -1.01826447e-01  5.03607528e-02 -2.69385600e+02]]

[[ 9.44283393e-02  9.95302791e-01  2.13457750e-02 -2.91231643e+02]
 [-5.15867857e-02 -1.65207834e-02  9.98531856e-01  9.18487795e+02]
 [ 9.94194192e-01 -9.53908648e-02  4.97844417e-02 -2.69470579e+02]]

[[ 9.75604000e-02  9.95228425e-01  1.53310130e-03 -2.91470910e+02]
 [-8.13732994e-03 -7.42712869e-04  9.99966616e-01  9.17466837e+02]
 [ 9.95196339e-01 -9.75696184e-02  8.02604270e-03 -2.69781290e+02]]

[[ 9.90949458e-02  9.95061560e-01  5.71691006e-03 -2.98960117e+02]
 [-3.85042946e-02 -1.90649432e-03  9.99256616e-01  9.17008284e+02]
 [ 9.94332747e-01 -9.92414058e-02  3.81252196e-02 -2.69098360e+02]]

[[ 9.87361656e-02  9.95108297e-01 -3.26286631e-03 -2.94122970e+02]
 [-4.33056379e-02  7.57258716e-03  9.99033171e-01  9.12941135e+02]
 [ 9.94170907e-01 -9.84994041e-02  4.38414878e-02 -2.68474480e+02]]

[[ 9.42288890e-02  9.94798517e-01  3.86888555e-02 -2.92021156e+02]
 [-4.59885733e-02 -3.44707514e-02  9.98347043e-01  9.18405618e+02]
 [ 9.94487792e-01 -9.58523780e-02  4.25012239e-02 -2.70792185e+02]]

[[ 1.04812154e-01  9.94469251e-01  6.73217251e-03 -2.92066151e+02]
 [-4.02625781e-02 -2.52062564e-03  9.99185954e-01  9.14626963e+02]
 [ 9.93676676e-01 -1.04997886e-01  3.97757036e-02 -2.67108382e+02]]

[[ 9.24885709e-02  9.95563978e-01  1.72693162e-02 -2.91079260e+02]
 [-4.31501306e-02 -1.33198915e-02  9.98979803e-01  9.17076712e+02]
 [ 9.94778332e-01 -9.31393876e-02  4.17267780e-02 -2.69336489e+02]]

[[ 9.88645532e-02  9.94912915e-01 -1.93414649e-02 -2.91513287e+02]
 [-1.83799834e-02  2.12591014e-02  9.99605035e-01  9.12659818e+02]
 [ 9.94931142e-01 -9.84700094e-02  2.03882544e-02 -2.69627902e+02]]

[[ 9.49182445e-02  9.95166991e-01  2.51632203e-02 -2.91133554e+02]
 [-7.67600960e-02 -1.78854485e-02  9.96889161e-01  9.18716823e+02]
 [ 9.92521241e-01 -9.65545003e-02  7.46914583e-02 -2.66552576e+02]]

[[ 1.04154622e-01  9.94496571e-01  1.13307056e-02 -2.91834272e+02]
 [-3.92779840e-02 -7.27069237e-03  9.99201870e-01  9.16682991e+02]
 [ 9.93785216e-01 -1.04516540e-01  3.83045442e-02 -2.67383461e+02]]

[[ 9.45254118e-02  9.95522207e-01 -6.93757989e-04 -2.92457794e+02]
 [-3.95019718e-02  4.44706282e-03  9.99209597e-01  9.13443961e+02]
 [ 9.94738428e-01 -9.44232938e-02  3.97454507e-02 -2.67991555e+02]]

[[ 9.31791289e-02  9.95458279e-01  1.95055008e-02 -2.91685791e+02]
 [-3.62564033e-02 -1.61852886e-02  9.99211444e-01  9.15339133e+02]
 [ 9.94989007e-01 -9.38128512e-02  3.45836058e-02 -2.68010962e+02]]

[[ 9.39172205e-02  9.95257016e-01  2.53579751e-02 -2.92268847e+02]
 [-6.45009275e-02 -1.93343757e-02  9.97730330e-01  9.14744908e+02]
 [ 9.93488393e-01 -9.53396723e-02  6.23791698e-02 -2.67675508e+02]]

[[ 9.73224996e-02  9.94938203e-01  2.50260531e-02 -2.92298077e+02]
 [-5.32587952e-02 -1.99030364e-02  9.98382377e-01  9.15533364e+02]
 [ 9.93826862e-01 -9.84979259e-02  5.10521967e-02 -2.67149439e+02]]

[[ 9.66664973e-02  9.95271762e-01 -9.47142282e-03 -2.91895851e+02]
 [-5.25625625e-02  1.46074241e-02  9.98510791e-01  9.11008812e+02]
 [ 9.93927948e-01 -9.60246984e-02  5.37260827e-02 -2.66954828e+02]]

[[ 1.00450545e-01  9.94691340e-01  2.23344101e-02 -2.89856486e+02]
 [-3.39947297e-02 -1.90035598e-02  9.99241324e-01  9.17876489e+02]
 [ 9.94361125e-01 -1.01133588e-01  3.19053453e-02 -2.66137706e+02]]

[[ 9.68675679e-02  9.95262513e-01  8.31887534e-03 -2.91315744e+02]
 [-5.81095862e-02 -2.68859094e-03  9.98306590e-01  9.16877262e+02]
 [ 9.93599492e-01 -9.71869378e-02  5.75738556e-02 -2.65651088e+02]]

[[ 1.01202642e-01  9.94521131e-01 -2.61867384e-02 -2.91680950e+02]
 [-1.65552808e-02  2.80017357e-02  9.99470773e-01  9.10685493e+02]
 [ 9.94728077e-01 -1.00715554e-01  1.92984262e-02 -2.66443935e+02]]

[[ 1.00495547e-01  9.94870350e-01 -1.15599293e-02 -2.92746183e+02]
 [-5.78456519e-02  1.74415105e-02  9.98173168e-01  9.12381081e+02]
 [ 9.93254512e-01 -9.96432670e-02  5.93017180e-02 -2.66891442e+02]]

[[ 9.30169502e-02  9.95657135e-01 -3.83612309e-03 -2.90661679e+02]
 [-5.01049965e-02  8.52881852e-03  9.98707539e-01  9.14135992e+02]
 [ 9.94403005e-01 -9.27045205e-02  5.06807220e-02 -2.64288963e+02]]

[[ 1.00873228e-01  9.94895070e-01  2.89685008e-03 -2.90597601e+02]
 [-3.30280600e-02  4.38616766e-04  9.99454329e-01  9.14364653e+02]
 [ 9.94350914e-01 -1.00913861e-01  3.29036987e-02 -2.65489313e+02]]

[[ 9.87545949e-02  9.95107109e-01  3.06121422e-03 -2.92729254e+02]
 [-2.56885881e-02 -5.25910684e-04  9.99669855e-01  9.14860664e+02]
 [ 9.94780190e-01 -9.88006299e-02  2.55109606e-02 -2.67005497e+02]]

[[ 9.29616174e-02  9.95661353e-01 -4.07528010e-03 -2.90748648e+02]
 [-2.52808458e-02  6.45203416e-03  9.99659567e-01  9.14060439e+02]
 [ 9.95348691e-01 -9.28269437e-02  2.57709527e-02 -2.65335896e+02]]

[[ 9.68550406e-02  9.95266349e-01 -7.99966927e-03 -2.92871211e+02]
 [-5.72988029e-02  1.35998401e-02  9.98264440e-01  9.13007675e+02]
 [ 9.93647799e-01 -9.62285714e-02  5.83447835e-02 -2.66562871e+02]]

[[ 9.89724887e-02  9.95057169e-01  8.10416420e-03 -2.95363450e+02]
 [-3.16471066e-02 -4.99248795e-03  9.99486636e-01  9.12014164e+02]
 [ 9.94586802e-01 -9.91781532e-02  3.09965613e-02 -2.66513137e+02]]

[[ 9.35268674e-02  9.95612667e-01  2.85365058e-03 -2.96123288e+02]
 [-7.35078543e-02  4.04680704e-03  9.97286428e-01  9.10737064e+02]
 [ 9.92899451e-01 -9.34828412e-02  7.35638360e-02 -2.66757562e+02]]

[[ 1.04568768e-01  9.94513607e-01  2.83885039e-03 -2.94540413e+02]
 [-6.61952417e-02  4.11191457e-03  9.97798217e-01  9.14154217e+02]
 [ 9.92312230e-01 -1.04526448e-01  6.62620464e-02 -2.66350218e+02]]

[[ 8.85443577e-02  9.96064125e-01  4.01935980e-03 -2.95462752e+02]
 [-2.39880594e-02 -1.90167337e-03  9.99710436e-01  9.11328471e+02]
 [ 9.95783345e-01 -8.86151351e-02  2.37252630e-02 -2.67346949e+02]]

[[ 8.84229220e-02  9.96015527e-01  1.15955587e-02 -2.96794193e+02]
 [-4.50638322e-02 -7.62916358e-03  9.98954977e-01  9.14921818e+02]
 [ 9.95063133e-01 -8.88530584e-02  4.42096836e-02 -2.69660316e+02]]

[[ 9.56811507e-02  9.95376411e-01  8.42124953e-03 -2.95660677e+02]
 [-4.40385473e-02 -4.21885185e-03  9.99020925e-01  9.14818892e+02]
 [ 9.94437391e-01 -9.59583313e-02  4.34312666e-02 -2.69467183e+02]]

[[ 1.00121008e-01  9.94972781e-01  2.22480177e-03 -2.94446446e+02]
 [-4.15026258e-02  1.94216776e-03  9.99136507e-01  9.17927581e+02]
 [ 9.94109308e-01 -1.00126889e-01  4.14884348e-02 -2.69717345e+02]]

[[ 1.00776422e-01  9.94901197e-01  3.96498965e-03 -2.94997420e+02]
 [-3.65973721e-02 -2.75586256e-04  9.99330054e-01  9.15851913e+02]
 [ 9.94235759e-01 -1.00854016e-01  3.63829967e-02 -2.70500899e+02]]

[[ 8.44847177e-02  9.96248098e-01  1.87632767e-02 -2.92001757e+02]
 [-7.90016661e-02 -1.20741273e-02  9.96801360e-01  9.14700321e+02]
 [ 9.93288009e-01 -8.56968117e-02  7.76851804e-02 -2.67843542e+02]]

[[ 9.93976382e-02  9.94832587e-01 -2.06937990e-02 -2.92961692e+02]
 [-2.85882157e-02  2.36433297e-02  9.99311617e-01  9.07842748e+02]
 [ 9.94637031e-01 -9.87376157e-02  3.07905797e-02 -2.67640070e+02]]

[[ 8.79175581e-02  9.95763680e-01  2.69294783e-02 -2.91384259e+02]
 [-6.86876462e-02 -2.09097052e-02  9.97419065e-01  9.17338467e+02]
 [ 9.93756766e-01 -8.95403711e-02  6.65583331e-02 -2.68907686e+02]]

[[ 9.29791274e-02  9.95458055e-01  2.04485154e-02 -2.91786599e+02]
 [-5.82785659e-02 -1.50611536e-02  9.98186741e-01  9.16988336e+02]
 [ 9.93961011e-01 -9.40022423e-02  5.66134949e-02 -2.68465026e+02]]

[[ 9.13508974e-02  9.95808907e-01  4.43095070e-03 -2.91699567e+02]
 [-6.20592498e-02  1.25200904e-03  9.98071682e-01  9.14893287e+02]
 [ 9.93883123e-01 -9.14497253e-02  6.19135259e-02 -2.68704880e+02]]

[[ 8.67333256e-02  9.95955704e-01  2.34428299e-02 -2.91051020e+02]
 [-6.28828186e-02 -1.80114318e-02  9.97858376e-01  9.18540103e+02]
 [ 9.94244981e-01 -8.80217267e-02  6.10663105e-02 -2.69562282e+02]]

[[ 9.59475877e-02  9.95349811e-01 -8.53316304e-03 -2.92521053e+02]
 [-3.86077860e-02  1.22876201e-02  9.99178890e-01  9.10609046e+02]
 [ 9.94637371e-01 -9.55393576e-02  3.96072200e-02 -2.68535664e+02]]

[[ 9.49161207e-02  9.95435910e-01  9.91360736e-03 -2.92327864e+02]
 [-1.98699518e-02 -8.06214551e-03  9.99770067e-01  9.12804713e+02]
 [ 9.95286951e-01 -9.50912793e-02  1.90140360e-02 -2.69193309e+02]]

[[ 8.95175755e-02  9.95967019e-01  6.02506995e-03 -2.92658510e+02]
 [-6.02947595e-02 -6.19163265e-04  9.98180424e-01  9.13205882e+02]
 [ 9.94158511e-01 -8.97179716e-02  5.99961659e-02 -2.69118967e+02]]

[[ 9.73822863e-02  9.95204172e-01 -9.23832839e-03 -2.92232007e+02]
 [-3.72871378e-02  1.29242209e-02  9.99221014e-01  9.08312444e+02]
 [ 9.94548319e-01 -9.69619560e-02  3.83669053e-02 -2.66856337e+02]]

[[ 1.02952103e-01  9.94513019e-01 -1.85666181e-02 -2.92249414e+02]
 [-3.11279036e-02  2.18779016e-02  9.99275943e-01  9.09892557e+02]
 [ 9.94199134e-01 -1.02299620e-01  3.32094814e-02 -2.68408564e+02]]

[[ 9.65924985e-02  9.95213221e-01  1.48503985e-02 -2.90536727e+02]
 [-5.02096733e-02 -1.00290490e-02  9.98688343e-01  9.14369685e+02]
 [ 9.94056778e-01 -9.72114360e-02  4.90005998e-02 -2.68085529e+02]]

[[ 1.00465653e-01  9.94818019e-01  1.56128859e-02 -2.91103206e+02]
 [-4.77814814e-02 -1.08499596e-02  9.98798883e-01  9.14656567e+02]
 [ 9.93792525e-01 -1.01090988e-01  4.64438304e-02 -2.66448789e+02]]

[[ 8.99728444e-02  9.95847215e-01  1.39000877e-02 -2.90740570e+02]
 [-5.84175298e-02 -8.65578236e-03  9.98254712e-01  9.15121547e+02]
 [ 9.94229490e-01 -9.06278247e-02  5.73961489e-02 -2.67013584e+02]]

[[ 9.90789958e-02  9.95048127e-01 -7.91059982e-03 -2.92309253e+02]
 [-6.12135091e-02  1.40294300e-02  9.98026093e-01  9.12371746e+02]
 [ 9.93194975e-01 -9.83991874e-02  6.23004095e-02 -2.65539728e+02]]

[[ 9.30208761e-02  9.95621149e-01  9.25443737e-03 -2.89547769e+02]
 [-6.41063683e-02 -3.28651218e-03  9.97937660e-01  9.13880183e+02]
 [ 9.93598254e-01 -9.34223037e-02  6.35199418e-02 -2.63169716e+02]]

[[ 9.38273286e-02  9.95570372e-01  6.00559464e-03 -2.88385785e+02]
 [-4.87417867e-02 -1.43147958e-03  9.98810387e-01  9.14779114e+02]
 [ 9.94394625e-01 -9.40084338e-02  4.83915668e-02 -2.62548623e+02]]

[[ 8.36883761e-02  9.96395306e-01  1.38798539e-02 -2.90705848e+02]
 [-8.23983075e-02 -6.96163164e-03  9.96575163e-01  9.15838656e+02]
 [ 9.93079440e-01 -8.45454335e-02  8.15186792e-02 -2.66171676e+02]]

[[ 8.39742129e-02  9.96311915e-01  1.76323235e-02 -2.91239145e+02]
 [-5.62355487e-02 -1.29282897e-02  9.98333823e-01  9.14792790e+02]
 [ 9.94879839e-01 -8.48258604e-02  5.49425043e-02 -2.67662888e+02]]

[[ 1.08984363e-01  9.93825593e-01 -2.08110492e-02 -2.93913770e+02]
 [-3.88941621e-02  2.51830430e-02  9.98925952e-01  9.10291791e+02]
 [ 9.93282262e-01 -1.08057880e-01  4.13985716e-02 -2.65824931e+02]]

[[ 9.17221913e-02  9.95650488e-01  1.63445646e-02 -2.92427102e+02]
 [-3.46012826e-02 -1.32171314e-02  9.99313794e-01  9.14090080e+02]
 [ 9.95183295e-01 -9.22247939e-02  3.32384797e-02 -2.66776846e+02]]

[[ 9.34356768e-02  9.95201849e-01  2.90354012e-02 -2.94196460e+02]
 [-5.16683372e-02 -2.42768677e-02  9.98369179e-01  9.13922728e+02]
 [ 9.94283741e-01 -9.47835108e-02  4.91520992e-02 -2.67257497e+02]]

[[ 9.61405882e-02  9.95350794e-01 -5.81234896e-03 -2.93191014e+02]
 [-5.84444702e-02  1.14742623e-02  9.98224717e-01  9.11435161e+02]
 [ 9.93650457e-01 -9.56302118e-02  5.92758921e-02 -2.67020643e+02]]

[[ 8.78140737e-02  9.95968300e-01  1.83257587e-02 -2.93475370e+02]
 [-4.95062873e-02 -1.40106248e-02  9.98675538e-01  9.14791539e+02]
 [ 9.94905933e-01 -8.86050075e-02  4.80763628e-02 -2.65549083e+02]]

[[ 8.49143032e-02  9.96291453e-01  1.38889016e-02 -2.92542077e+02]
 [-6.82097691e-02 -8.09413082e-03  9.97638167e-01  9.14261697e+02]
 [ 9.94050798e-01 -8.56611086e-02  6.72695025e-02 -2.62328691e+02]]

[[ 9.21042850e-02  9.95728292e-01 -6.47840908e-03 -2.93694426e+02]
 [-5.09804863e-02  1.12129970e-02  9.98636700e-01  9.13647994e+02]
 [ 9.94443458e-01 -9.16484468e-02  5.17954776e-02 -2.64844366e+02]]

[[ 9.27150768e-02  9.95627733e-01 -1.13724580e-02 -2.93047620e+02]
 [-5.82583611e-02  1.68265280e-02  9.98159722e-01  9.11544059e+02]
 [ 9.93986860e-01 -9.18819146e-02  5.95637128e-02 -2.66162640e+02]]

[[ 8.91145094e-02  9.95538011e-01  3.10269718e-02 -2.91615423e+02]
 [-4.93955462e-02 -2.66952802e-02  9.98422477e-01  9.18948852e+02]
 [ 9.94795800e-01 -9.05065234e-02  4.67962070e-02 -2.68816989e+02]]

[[ 1.02234265e-01  9.94467117e-01 -2.41517854e-02 -2.94190619e+02]
 [-3.93460406e-02  2.83025088e-02  9.98824738e-01  9.10230211e+02]
 [ 9.93981913e-01 -1.01163836e-01  4.20218297e-02 -2.66987736e+02]]

[[ 9.33944150e-02  9.95605505e-01 -6.86749828e-03 -2.94467260e+02]
 [-5.15363535e-02  1.17226223e-02  9.98602315e-01  9.08377079e+02]
 [ 9.94294467e-01 -9.29099532e-02  5.24047047e-02 -2.69347934e+02]]

[[ 9.35142247e-02  9.95601457e-01  5.72959761e-03 -2.93377612e+02]
 [-5.45658757e-02 -6.21106795e-04  9.98509980e-01  9.15942635e+02]
 [ 9.94121549e-01 -9.36875271e-02  5.42677830e-02 -2.69244466e+02]]

[[ 9.60871883e-02  9.95244256e-01 -1.60038575e-02 -2.93432898e+02]
 [-3.26882826e-02  1.92246986e-02  9.99280685e-01  9.11559501e+02]
 [ 9.94836031e-01 -9.54949328e-02  3.43800727e-02 -2.68096292e+02]]

[[ 9.67090347e-02  9.95293442e-01 -6.19089861e-03 -2.93696641e+02]
 [-4.83763799e-02  1.09130771e-02  9.98769558e-01  9.16456344e+02]
 [ 9.94136353e-01 -9.62905466e-02  4.92040868e-02 -2.68172438e+02]]

[[ 9.23488587e-02  9.95673455e-01 -1.02984889e-02 -2.93486735e+02]
 [-5.25142677e-02  1.51984772e-02  9.98504511e-01  9.17519052e+02]
 [ 9.94340958e-01 -9.16699343e-02  5.36906244e-02 -2.62470597e+02]]

[[ 8.66387041e-02  9.96169465e-01 -1.18376986e-02 -2.93426757e+02]
 [-6.77508788e-02  1.77464570e-02  9.97544426e-01  9.13972343e+02]
 [ 9.93933375e-01 -8.56239418e-02  6.90288867e-02 -2.65331832e+02]]

[[ 8.90177272e-02  9.95896498e-01 -1.63098212e-02 -2.91985788e+02]
 [-6.80351622e-02  2.24162429e-02  9.97431065e-01  9.13727171e+02]
 [ 9.93703709e-01 -8.76794051e-02  6.97514227e-02 -2.63870503e+02]]

[[ 9.05823987e-02  9.95699407e-01 -1.94298546e-02 -2.92819774e+02]
 [-6.21375330e-02  2.51227734e-02  9.97751358e-01  9.11943371e+02]
 [ 9.93948568e-01 -8.91713881e-02  6.41459858e-02 -2.64982539e+02]]

[[ 9.75948824e-02  9.95216692e-01  4.35612423e-03 -2.94512608e+02]
 [-6.32413759e-02  1.83340732e-03  9.97996577e-01  9.17278249e+02]
 [ 9.93214865e-01 -9.76748458e-02  6.31178040e-02 -2.67890443e+02]]

[[ 9.96955827e-02  9.94944990e-01  1.20523271e-02 -2.94302322e+02]
 [-5.03076899e-02 -7.05698427e-03  9.98708834e-01  9.17504087e+02]
 [ 9.93745404e-01 -1.00173184e-01  4.93498339e-02 -2.67483294e+02]]

[[ 9.44821615e-02  9.95288841e-01 -2.17541949e-02 -2.93748346e+02]
 [-4.68019813e-02  2.62685489e-02  9.98558730e-01  9.12941257e+02]
 [ 9.94425812e-01 -9.33278478e-02  4.90633990e-02 -2.63926748e+02]]

[[ 9.21362588e-02  9.95729705e-01 -5.76756792e-03 -2.93907251e+02]
 [-5.58296315e-02  1.09489145e-02  9.98380275e-01  9.12388951e+02]
 [ 9.94180045e-01 -9.16650222e-02  5.66000145e-02 -2.66265786e+02]]

[[ 9.64670202e-02  9.95275581e-01 -1.09832994e-02 -2.94113943e+02]
 [-4.73393848e-02  1.56100838e-02  9.98756881e-01  9.12564378e+02]
 [ 9.94209785e-01 -9.58271576e-02  4.86215920e-02 -2.65444290e+02]]

[[ 9.98087323e-02  9.94987942e-01 -6.10022644e-03 -2.95142599e+02]
 [-4.06875375e-02  1.02069865e-02  9.99119783e-01  9.12635380e+02]
 [ 9.94174402e-01 -9.94726758e-02  4.15023556e-02 -2.66025223e+02]]

[[ 9.59989226e-02  9.95379972e-01 -1.70812218e-03 -2.93601706e+02]
 [-5.53897806e-02  7.05541276e-03  9.98439880e-01  9.13771645e+02]
 [ 9.93839111e-01 -9.57545402e-02  5.58111903e-02 -2.65382050e+02]]

[[ 9.57454229e-02  9.95405158e-01  1.17726552e-03 -2.94438756e+02]
 [-6.99628450e-02  5.54975989e-03  9.97534160e-01  9.15994795e+02]
 [ 9.92944114e-01 -9.55916949e-02  7.01727409e-02 -2.66449789e+02]]

[[ 9.39990287e-02  9.95560061e-01  4.93425357e-03 -2.94385968e+02]
 [-4.42727471e-02 -7.71243016e-04  9.99019184e-01  9.14754220e+02]
 [ 9.94587405e-01 -9.41252858e-02  4.40036827e-02 -2.67367408e+02]]

[[ 9.11041660e-02  9.95832257e-01  4.26001304e-03 -2.94540138e+02]
 [-5.21496146e-02  4.98910640e-04  9.98639158e-01  9.14114435e+02]
 [ 9.94474961e-01 -9.12023457e-02  5.19777212e-02 -2.66884708e+02]]

[[ 9.19493982e-02  9.95763544e-01 -5.21262442e-04 -2.94791196e+02]
 [-4.87661627e-02  5.02594718e-03  9.98797578e-01  9.13167660e+02]
 [ 9.94568836e-01 -9.18134163e-02  4.90216998e-02 -2.70144624e+02]]

[[ 9.83609421e-02  9.95142868e-01  3.97460781e-03 -2.95688672e+02]
 [-5.61429933e-02  1.56152831e-03  9.98421517e-01  9.13010903e+02]
 [ 9.93565846e-01 -9.84288275e-02  5.60238928e-02 -2.70645906e+02]]

[[ 9.96316709e-02  9.95011303e-01  5.10274730e-03 -2.95442105e+02]
 [-4.65144891e-02 -4.65228224e-04  9.98917507e-01  9.14379328e+02]
 [ 9.93936584e-01 -9.97611720e-02  4.62360910e-02 -2.70108061e+02]]

[[ 9.66974162e-02  9.95311719e-01 -2.04756326e-03 -2.96074511e+02]
 [-4.68772046e-02  6.60915768e-03  9.98878795e-01  9.12904948e+02]
 [ 9.94209303e-01 -9.64930145e-02  4.72965196e-02 -2.67976941e+02]]

[[ 9.70487453e-02  9.95125850e-01 -1.74952472e-02 -2.96044188e+02]
 [-6.01911775e-02  2.34143241e-02  9.97912216e-01  9.12459486e+02]
 [ 9.93457882e-01 -9.57930690e-02  6.21701274e-02 -2.69028944e+02]]

[[ 1.02413818e-01  9.94708338e-01  8.16897906e-03 -2.95930732e+02]
 [-5.68264027e-02 -2.34837398e-03  9.98381312e-01  9.16156830e+02]
 [ 9.93117400e-01 -1.02712255e-01  5.62851907e-02 -2.67728826e+02]]

[[ 9.37098916e-02  9.95505839e-01 -1.36594854e-02 -2.94779042e+02]
 [-5.81635139e-02  1.91704983e-02  9.98122987e-01  9.11881304e+02]
 [ 9.93899121e-01 -9.27395133e-02  5.96985830e-02 -2.67686007e+02]]

[[ 9.19279574e-02  9.95480148e-01  2.38437607e-02 -2.94584026e+02]
 [-5.14803175e-02 -1.91618889e-02  9.98490160e-01  9.16891740e+02]
 [ 9.94434024e-01 -9.30166452e-02  4.94861207e-02 -2.69469707e+02]]

[[ 9.84947291e-02  9.95135223e-01  2.16235935e-03 -2.95840392e+02]
 [-6.18500588e-02  3.95293244e-03  9.98077625e-01  9.13557661e+02]
 [ 9.93213652e-01 -9.84391273e-02  6.19385151e-02 -2.68075831e+02]]

[[ 9.37384086e-02  9.95575109e-01 -6.58121979e-03 -2.95026157e+02]
 [-5.49039402e-02  1.17695233e-02  9.98422273e-01  9.10373614e+02]
 [ 9.94081822e-01 -9.32291801e-02  5.57642527e-02 -2.68702989e+02]]

[[ 9.95303127e-02  9.94742270e-01 -2.41149917e-02 -2.94842703e+02]
 [-3.74725464e-02  2.79653049e-02  9.98906277e-01  9.08787739e+02]
 [ 9.94328681e-01 -9.85178039e-02  4.00589215e-02 -2.67757402e+02]]

[[ 9.05329539e-02  9.95857220e-01  8.49601614e-03 -2.93235359e+02]
 [-5.87005390e-02 -3.18016441e-03  9.98270571e-01  9.17975731e+02]
 [ 9.94161974e-01 -9.08751044e-02  5.81694459e-02 -2.69254197e+02]]

[[ 8.61510032e-02  9.96193067e-01 -1.33183197e-02 -2.94258909e+02]
 [-5.30708940e-02  1.79378038e-02  9.98429625e-01  9.14561307e+02]
 [ 9.94867572e-01 -8.53088987e-02  5.44142165e-02 -2.62724243e+02]]

[[ 9.68041872e-02  9.95132813e-01 -1.84291542e-02 -2.95210943e+02]
 [-6.84963188e-02  2.51330937e-02  9.97334739e-01  9.13956582e+02]
 [ 9.92943706e-01 -9.52838495e-02  7.05959232e-02 -2.63145513e+02]]

[[ 9.53577032e-02  9.95428429e-01  5.39920181e-03 -2.94849806e+02]
 [-4.35421527e-02 -1.24770123e-03  9.99050812e-01  9.15975967e+02]
 [ 9.94490316e-01 -9.55022836e-02  4.32241187e-02 -2.65566956e+02]]

[[ 9.58287919e-02  9.95253202e-01  1.69677976e-02 -2.94646590e+02]
 [-6.56319101e-02 -1.06915655e-02  9.97786622e-01  9.18137526e+02]
 [ 9.93231743e-01 -9.67303156e-02  6.42958089e-02 -2.66188090e+02]]

[[ 9.03082405e-02  9.95649177e-01  2.29595083e-02 -2.94615360e+02]
 [-6.02636472e-02 -1.75482830e-02  9.98028231e-01  9.19270350e+02]
 [ 9.94088887e-01 -9.15137972e-02  5.84166962e-02 -2.67567683e+02]]

[[ 9.01134022e-02  9.95768537e-01  1.80165233e-02 -2.94472550e+02]
 [-6.67873592e-02 -1.20073674e-02  9.97694979e-01  9.16841743e+02]
 [ 9.93689601e-01 -9.11089650e-02  6.54227262e-02 -2.68287050e+02]]

[[ 9.53763619e-02  9.95427703e-01  5.19972260e-03 -2.93840014e+02]
 [-5.90076893e-02  4.39285542e-04  9.98257432e-01  9.15675061e+02]
 [ 9.93690818e-01 -9.55169857e-02  5.87797861e-02 -2.69185011e+02]]

[[ 9.84221478e-02  9.95137512e-01 -3.79650235e-03 -2.94285939e+02]
 [-5.85161581e-02  9.59576707e-03  9.98240342e-01  9.13841378e+02]
 [ 9.93422841e-01 -9.80268018e-02  5.91760600e-02 -2.68530092e+02]]

[[ 9.75117667e-02  9.95137716e-01 -1.38701554e-02 -2.94220120e+02]
 [-4.97730647e-02  1.87953588e-02  9.98583685e-01  9.13456538e+02]
 [ 9.93988983e-01 -9.66832992e-02  5.13638226e-02 -2.70093914e+02]]

[[ 9.52919176e-02  9.95447499e-01 -1.93046649e-03 -2.94401806e+02]
 [-5.89917118e-02  7.58300390e-03  9.98229671e-01  9.14455944e+02]
 [ 9.93699868e-01 -9.50093381e-02  5.94457510e-02 -2.68402129e+02]]

[[ 9.23190662e-02  9.95723219e-01  3.52990433e-03 -2.94345077e+02]
 [-4.49056296e-02  6.21962995e-04  9.98991040e-01  9.12534805e+02]
 [ 9.94716379e-01 -9.23844325e-02  4.47709971e-02 -2.69002181e+02]]

[[ 8.76235886e-02  9.96153656e-01  1.11478370e-06 -2.94429074e+02]
 [-6.30909123e-02  5.54848096e-03  9.97992360e-01  9.13152079e+02]
 [ 9.94153732e-01 -8.74477423e-02  6.33344208e-02 -2.68995248e+02]]

[[ 9.43409946e-02  9.95520267e-01  6.25891868e-03 -2.94350368e+02]
 [-7.02860100e-02  3.89156254e-04  9.97526804e-01  9.17564031e+02]
 [ 9.93055715e-01 -9.45475852e-02  7.00078609e-02 -2.68343452e+02]]

[[ 9.62872139e-02  9.95179293e-01 -1.86265301e-02 -2.94852565e+02]
 [-5.94865645e-02  2.44335564e-02  9.97930033e-01  9.11935312e+02]
 [ 9.93574416e-01 -9.49798743e-02  6.15524362e-02 -2.67825021e+02]]

[[ 9.71676578e-02  9.95224235e-01 -9.33644721e-03 -2.94689314e+02]
 [-4.63362586e-02  1.38942581e-02  9.98829265e-01  9.13093109e+02]
 [ 9.94188814e-01 -9.66212841e-02  4.74650400e-02 -2.70331388e+02]]

[[ 9.05347251e-02  9.95851141e-01  9.16348400e-03 -2.93965301e+02]
 [-7.11030499e-02 -2.71422301e-03  9.97465282e-01  9.17225883e+02]
 [ 9.93351811e-01 -9.09567968e-02  7.05623219e-02 -2.71696503e+02]]

[[ 9.38659326e-02  9.95579400e-01 -3.29324288e-03 -2.93934350e+02]
 [-7.03679575e-02  9.93398450e-03  9.97471637e-01  9.16436080e+02]
 [ 9.93094929e-01 -9.33968667e-02  7.09893516e-02 -2.70874889e+02]]

[[ 8.85337716e-02  9.96026383e-01  9.65482541e-03 -2.93521643e+02]
 [-6.63813975e-02 -3.77145198e-03  9.97787195e-01  9.16758779e+02]
 [ 9.93858783e-01 -8.89787645e-02  6.57837224e-02 -2.68347362e+02]]

[[ 9.70819463e-02  9.95218786e-01 -1.07081577e-02 -2.93996541e+02]
 [-4.15124218e-02  1.47986156e-02  9.99028388e-01  9.11758698e+02]
 [ 9.94410285e-01 -9.65430988e-02  4.27506204e-02 -2.66945832e+02]]

[[ 9.75537307e-02  9.95224368e-01 -3.42453119e-03 -2.93788872e+02]
 [-5.83725748e-02  9.15673976e-03  9.98252872e-01  9.15178292e+02]
 [ 9.93516941e-01 -9.71833932e-02  5.89870830e-02 -2.66141792e+02]]

[[ 8.92205659e-02  9.95800361e-01  2.05263534e-02 -2.93430254e+02]
 [-5.42470687e-02 -1.57196520e-02  9.98403800e-01  9.16791604e+02]
 [ 9.94533532e-01 -9.01916466e-02  5.26167344e-02 -2.67166165e+02]]

[[ 9.48189009e-02  9.95494463e-01  3.86360242e-04 -2.94041809e+02]
 [-5.70793602e-02  5.04922627e-03  9.98356876e-01  9.13865494e+02]
 [ 9.93856792e-01 -9.46851549e-02  5.73009491e-02 -2.66514916e+02]]

[[ 9.47322934e-02  9.95455092e-01  9.74434532e-03 -2.93843746e+02]
 [-6.61471647e-02 -3.47245451e-03  9.97803836e-01  9.16930921e+02]
 [ 9.93302746e-01 -9.51688065e-02  6.55175784e-02 -2.66891358e+02]]

[[ 9.50190614e-02  9.95446382e-01  7.60776533e-03 -2.93704077e+02]
 [-5.37701643e-02 -2.49892428e-03  9.98550211e-01  9.16838874e+02]
 [ 9.94022207e-01 -9.52903746e-02  5.32878701e-02 -2.67817813e+02]]

[[ 9.20238129e-02  9.95728617e-01  7.49262513e-03 -2.93179456e+02]
 [-6.40912601e-02 -1.58606372e-03  9.97942781e-01  9.16523001e+02]
 [ 9.93692069e-01 -9.23147116e-02  6.36715461e-02 -2.67486226e+02]]

[[ 8.94261334e-02  9.95952958e-01  8.98180387e-03 -2.91894694e+02]
 [-7.59325521e-02 -2.17429666e-03  9.97110586e-01  9.17527749e+02]
 [ 9.93094766e-01 -8.98497556e-02  7.54308109e-02 -2.67621002e+02]]

[[ 9.55231759e-02  9.95418228e-01  4.22768492e-03 -2.93000992e+02]
 [-6.49629452e-02  1.99586520e-03  9.97885681e-01  9.14562018e+02]
 [ 9.93305159e-01 -9.55958523e-02  6.48559512e-02 -2.66975582e+02]]

[[ 9.20599935e-02  9.95738445e-01  5.46869942e-03 -2.93169539e+02]
 [-4.48676227e-02 -1.33837773e-03  9.98992045e-01  9.15559549e+02]
 [ 9.94742104e-01 -9.22125687e-02  4.45532058e-02 -2.67984819e+02]]

[[ 9.46692348e-02  9.95508445e-01  8.19569308e-04 -2.93352679e+02]
 [-4.41896301e-02  3.37981506e-03  9.99017444e-01  9.14502251e+02]
 [ 9.94527532e-01 -9.46124334e-02  4.43111145e-02 -2.67672847e+02]]

[[ 9.15520031e-02  9.95506124e-01  2.42030627e-02 -2.91187910e+02]
 [-5.56540723e-02 -1.91519292e-02  9.98266411e-01  9.18228379e+02]
 [ 9.94243861e-01 -9.27402885e-02  5.36505723e-02 -2.67321369e+02]]

[[ 9.77514082e-02  9.95151293e-01  1.08887920e-02 -2.92612951e+02]
 [-4.75495141e-02 -6.25857607e-03  9.98849275e-01  9.17407000e+02]
 [ 9.94074296e-01 -9.81566799e-02  4.67071758e-02 -2.66786149e+02]]

[[ 9.54902949e-02  9.95194781e-01  2.16552737e-02 -2.93738337e+02]
 [-6.12819087e-02 -1.58361204e-02  9.97994862e-01  9.18422482e+02]
 [ 9.93542214e-01 -9.66259002e-02  5.94752399e-02 -2.66811380e+02]]

[[ 9.99799879e-02  9.94975705e-01  5.22948373e-03 -2.94186946e+02]
 [-3.21957802e-02 -2.01796717e-03  9.99479544e-01  9.14068201e+02]
 [ 9.94468418e-01 -1.00096320e-01  3.18322628e-02 -2.66578517e+02]]

[[ 9.82607330e-02  9.95127305e-01  8.15328735e-03 -2.92433850e+02]
 [-4.28472522e-02 -3.95480398e-03  9.99073807e-01  9.15322583e+02]
 [ 9.94237870e-01 -9.85190706e-02  4.22498686e-02 -2.65874895e+02]]

[[ 9.67760636e-02  9.95085966e-01  2.09359366e-02 -2.92998860e+02]
 [-6.03509174e-02 -1.51291957e-02  9.98062560e-01  9.18473602e+02]
 [ 9.93474791e-01 -9.78520688e-02  5.85902069e-02 -2.65890061e+02]]

[[ 9.85447523e-02  9.95115877e-01  5.77260264e-03 -2.94517656e+02]
 [-3.62608749e-02 -2.20624893e-03  9.99339923e-01  9.15631399e+02]
 [ 9.94471760e-01 -9.86890248e-02  3.58663581e-02 -2.65519431e+02]]

[[ 8.66037710e-02  9.96166453e-01  1.23362995e-02 -2.93218896e+02]
 [-8.11282322e-02 -5.28972940e-03  9.96689635e-01  9.21021112e+02]
 [ 9.92934034e-01 -8.73179031e-02  8.03591129e-02 -2.63969486e+02]]

[[ 9.05931905e-02  9.95885594e-01 -2.18118248e-03 -2.92651265e+02]
 [-4.73215508e-02  6.49241560e-03  9.98858608e-01  9.16697175e+02]
 [ 9.94763060e-01 -9.03865713e-02  4.77150194e-02 -2.64778407e+02]]

[[ 9.03518517e-02  9.95791524e-01  1.53552187e-02 -2.92429944e+02]
 [-7.28841766e-02 -8.76545753e-03  9.97301892e-01  9.20074121e+02]
 [ 9.93239367e-01 -9.12272251e-02  7.17854700e-02 -2.64269397e+02]]

[[ 9.72655059e-02  9.95258469e-01 -4.45155341e-05 -2.93208778e+02]
 [-4.87101015e-02  4.80505818e-03  9.98801400e-01  9.14800662e+02]
 [ 9.94065766e-01 -9.71467552e-02  4.89465075e-02 -2.65767257e+02]]

[[ 8.85032522e-02  9.96070222e-01 -3.35959672e-03 -2.94239886e+02]
 [-3.96460242e-02  6.89276460e-03  9.99190013e-01  9.12288429e+02]
 [ 9.95286575e-01 -8.82983711e-02  4.01002562e-02 -2.65790136e+02]]

[[ 9.66290830e-02  9.95218893e-01 -1.42188090e-02 -2.97876962e+02]
 [-4.01855059e-02  1.81749581e-02  9.99026925e-01  9.11046543e+02]
 [ 9.94508897e-01 -9.59636656e-02  4.17496043e-02 -2.63289243e+02]]

[[ 9.76896277e-02  9.95215048e-01  1.93517584e-03 -2.98508817e+02]
 [-5.98747088e-02  3.93628402e-03  9.98198139e-01  9.17523707e+02]
 [ 9.93414192e-01 -9.76294726e-02  5.99727453e-02 -2.66910301e+02]]

[[ 9.69608002e-02  9.95280947e-01  3.80003804e-03 -2.97362837e+02]
 [-6.67340098e-02  2.69173221e-03  9.97767170e-01  9.15129584e+02]
 [ 9.93048425e-01 -9.69978950e-02  6.66800810e-02 -2.65824574e+02]]

[[ 9.80569236e-02  9.95174759e-01 -3.46955412e-03 -2.96294263e+02]
 [-3.92747259e-02  7.35342414e-03  9.99201393e-01  9.13605113e+02]
 [ 9.94405519e-01 -9.78423488e-02  3.98062700e-02 -2.68601802e+02]]

[[ 9.26471111e-02  9.95594915e-01 -1.43971249e-02 -2.96322029e+02]
 [-6.40533460e-02  2.03887327e-02  9.97738176e-01  9.09925690e+02]
 [ 9.93636594e-01 -9.15153756e-02  6.56601428e-02 -2.67745201e+02]]

[[ 9.31232474e-02  9.95478530e-01  1.87231561e-02 -2.95682138e+02]
 [-6.96632027e-02 -1.22443614e-02  9.97495420e-01  9.14632128e+02]
 [ 9.93214528e-01 -9.41943278e-02  6.82079879e-02 -2.66717854e+02]]

[[ 9.46538608e-02  9.95341816e-01  1.83116501e-02 -2.94555849e+02]
 [-4.21474618e-02 -1.43710085e-02  9.99008041e-01  9.15136015e+02]
 [ 9.94617634e-01 -9.53317577e-02  4.05908597e-02 -2.68251544e+02]]

[[ 9.45618836e-02  9.95457459e-01  1.10678565e-02 -2.94907303e+02]
 [-4.93073351e-02 -6.42073773e-03  9.98763015e-01  9.12598619e+02]
 [ 9.94297157e-01 -9.49906385e-02  4.84761974e-02 -2.66944221e+02]]

[[ 9.26531633e-02  9.95637793e-01  1.09898744e-02 -2.94235013e+02]
 [-5.28009609e-02 -6.10881061e-03  9.98586371e-01  9.17272221e+02]
 [ 9.94297465e-01 -9.31024621e-02  5.20046315e-02 -2.68197285e+02]]

[[ 9.02657450e-02  9.95830351e-01  1.31912114e-02 -2.93803671e+02]
 [-7.98011163e-02 -5.97049385e-03  9.96792925e-01  9.16028285e+02]
 [ 9.92715406e-01 -9.10289294e-02  7.89294425e-02 -2.69456171e+02]]

[[ 9.11596309e-02  9.95830782e-01  3.31287779e-03 -2.94637429e+02]
 [-5.00163118e-02  1.25597619e-03  9.98747611e-01  9.13844249e+02]
 [ 9.94579454e-01 -9.12111616e-02  4.99222773e-02 -2.69234908e+02]]

[[ 9.82139614e-02  9.95071745e-01 -1.36469747e-02 -2.95187880e+02]
 [-5.74010376e-02  1.93548820e-02  9.98163568e-01  9.13042151e+02]
 [ 9.93508500e-01 -9.72502476e-02  5.90190703e-02 -2.69038345e+02]]

[[ 8.31111360e-02  9.96415990e-01  1.57389468e-02 -2.93637001e+02]
 [-6.77334700e-02 -1.01088200e-02  9.97652238e-01  9.16864208e+02]
 [ 9.94235745e-01 -8.39820644e-02  6.66505570e-02 -2.70120630e+02]]

[[ 9.26597973e-02  9.95687245e-01  4.59039071e-03 -2.94361871e+02]
 [-7.49161533e-02  2.37447813e-03  9.97187009e-01  9.18077779e+02]
 [ 9.92875487e-01 -9.27430405e-02  7.48130770e-02 -2.70188368e+02]]

[[ 9.60252894e-02  9.95315579e-01  1.12268493e-02 -2.95206390e+02]
 [-7.51157678e-02 -4.00076924e-03  9.97166794e-01  9.15923243e+02]
 [ 9.92540561e-01 -9.65965433e-02  7.43797189e-02 -2.68617636e+02]]

[[ 9.26004697e-02  9.95644224e-01  1.08504105e-02 -2.94275642e+02]
 [-6.64436478e-02 -4.69404643e-03  9.97779138e-01  9.16954507e+02]
 [ 9.93483968e-01 -9.31157577e-02  6.57195632e-02 -2.68695635e+02]]

[[ 9.84704800e-02  9.95139914e-01 -3.42224397e-04 -2.95341780e+02]
 [-6.35231560e-02  6.62889837e-03  9.97958349e-01  9.17242545e+02]
 [ 9.93110454e-01 -9.82476985e-02  6.38671787e-02 -2.67717958e+02]]

[[ 8.94983270e-02  9.95951102e-01 -8.45293841e-03 -2.93451834e+02]
 [-4.35670192e-02  1.23936184e-02  9.98973630e-01  9.12608891e+02]
 [ 9.95033650e-01 -8.90381993e-02  4.44998288e-02 -2.68990210e+02]]

[[ 9.01570595e-02  9.95694294e-01  2.15540394e-02 -2.93377976e+02]
 [-6.32149794e-02 -1.58772938e-02  9.97873628e-01  9.20050102e+02]
 [ 9.93919298e-01 -9.13278902e-02  6.15113442e-02 -2.69215506e+02]]

[[ 9.11438933e-02  9.95834635e-01 -2.48406792e-03 -2.93715050e+02]
 [-4.35231322e-02  6.47550249e-03  9.99031433e-01  9.13752362e+02]
 [ 9.94886188e-01 -9.09475000e-02  4.39320449e-02 -2.68575057e+02]]

[[ 9.39357219e-02  9.95448042e-01 -1.61020294e-02 -2.92927890e+02]
 [-1.71821152e-02  1.77921064e-02  9.99694061e-01  9.11268559e+02]
 [ 9.95429985e-01 -9.36303164e-02  1.87752173e-02 -2.68421680e+02]]

[[ 1.05496849e-01  9.94188205e-01 -2.14529440e-02 -2.95094518e+02]
 [-3.01343006e-02  2.47595930e-02  9.99239154e-01  9.07763039e+02]
 [ 9.93962946e-01 -1.04770113e-01  3.25712253e-02 -2.65726306e+02]]

[[ 8.94956335e-02  9.95926898e-01  1.09610990e-02 -2.90099865e+02]
 [-5.28342104e-02 -6.24257125e-03  9.98583785e-01  9.14488387e+02]
 [ 9.94584877e-01 -8.99480095e-02  5.20603284e-02 -2.71739696e+02]]

[[ 9.59811339e-02  9.95303363e-01 -1.26031098e-02 -2.92993873e+02]
 [-3.48367991e-02  1.60127245e-02  9.99264725e-01  9.14910467e+02]
 [ 9.94773351e-01 -9.54715094e-02  3.62101027e-02 -2.70531240e+02]]

[[ 1.00747595e-01  9.94873893e-01  8.70969295e-03 -2.93578800e+02]
 [-6.05250533e-02 -2.60931765e-03  9.98163268e-01  9.17438086e+02]
 [ 9.93069303e-01 -1.01089704e-01  5.99519129e-02 -2.67944159e+02]]

[[ 9.07576890e-02  9.95862488e-01  4.57672038e-03 -2.97114559e+02]
 [-8.08775197e-02  2.79009143e-03  9.96720142e-01  9.12937164e+02]
 [ 9.92583432e-01 -9.08301705e-02  8.07961103e-02 -2.70745297e+02]]

[[ 1.00527121e-01  9.94354285e-01 -3.39684096e-02 -2.96974749e+02]
 [-6.01767983e-02  4.01555094e-02  9.97379711e-01  9.07733323e+02]
 [ 9.93112809e-01 -9.82196010e-02  6.38737750e-02 -2.68665733e+02]]

[[ 1.04214103e-01  9.94211256e-01 -2.61418955e-02 -2.98055062e+02]
 [-4.08162878e-02  3.05383191e-02  9.98699876e-01  9.08440875e+02]
 [ 9.93716988e-01 -1.03011596e-01  4.37625363e-02 -2.70472524e+02]]

[[ 9.82324273e-02  9.95161352e-01  2.06729041e-03 -2.94936089e+02]
 [-1.22253288e-02 -8.70423077e-04  9.99924889e-01  9.14460468e+02]
 [ 9.95088404e-01 -9.82503223e-02  1.20806710e-02 -2.71496168e+02]]

[[ 8.68854761e-02  9.95969076e-01  2.22825722e-02 -2.98278406e+02]
 [-6.54964631e-02 -1.66079011e-02  9.97714584e-01  9.20457657e+02]
 [ 9.94062939e-01 -8.81463363e-02  6.37894665e-02 -2.72124594e+02]]

[[ 1.06519061e-01  9.94028579e-01 -2.36827596e-02 -2.98641688e+02]
 [-3.31596111e-02  2.73563543e-02  9.99075608e-01  9.11864224e+02]
 [ 9.93757581e-01 -1.05635284e-01  3.58755742e-02 -2.67992969e+02]]

[[ 8.99653773e-02  9.95900101e-01  9.44566518e-03 -2.96297401e+02]
 [-7.40377298e-02 -2.77023002e-03  9.97251593e-01  9.20900264e+02]
 [ 9.93189129e-01 -9.04174515e-02  7.34849577e-02 -2.71278863e+02]]

[[ 9.88077801e-02  9.95033817e-01  1.20302108e-02 -2.96042766e+02]
 [-4.28706149e-02 -7.82167585e-03  9.99050015e-01  9.19113009e+02]
 [ 9.94182646e-01 -9.92296567e-02  4.18848691e-02 -2.69195869e+02]]

[[ 9.11451399e-02  9.95728485e-01  1.47426993e-02 -2.93222108e+02]
 [-8.23504571e-02 -7.21722404e-03  9.96577300e-01  9.21675808e+02]
 [ 9.92426806e-01 -9.20472454e-02  8.13408810e-02 -2.71250392e+02]]

[[ 8.49595049e-02  9.96064579e-01  2.52435723e-02 -2.91781693e+02]
 [-7.76567168e-02 -1.86386168e-02  9.96805917e-01  9.23217506e+02]
 [ 9.93353571e-01 -8.66484701e-02  7.57675772e-02 -2.70884106e+02]]

[[ 9.11680504e-02  9.95725614e-01  1.47948989e-02 -2.91953983e+02]
 [-4.58085655e-02 -1.06477632e-02  9.98893488e-01  9.20697753e+02]
 [ 9.94781364e-01 -9.17449050e-02  4.46420262e-02 -2.69878647e+02]]

[[ 9.57914919e-02  9.95379141e-01  6.65993682e-03 -2.90748194e+02]
 [-5.51204847e-02 -1.37609072e-03  9.98478762e-01  9.21278794e+02]
 [ 9.93874098e-01 -9.60128692e-02  5.47339630e-02 -2.69429498e+02]]

[[ 9.62979924e-02  9.95352060e-01 -9.87023626e-04 -2.91147108e+02]
 [-3.91202381e-02  4.77565416e-03  9.99223098e-01  9.20421140e+02]
 [ 9.94583482e-01 -9.61845658e-02  3.93982955e-02 -2.70745457e+02]]

[[ 9.42606040e-02  9.95531774e-01 -5.60589362e-03 -2.93026901e+02]
 [-3.43567136e-02  8.88052769e-03  9.99370178e-01  9.13545243e+02]
 [ 9.94954549e-01 -9.40086365e-02  3.50402840e-02 -2.69797928e+02]]

[[ 1.07532273e-01  9.93852906e-01 -2.63289251e-02 -2.94344901e+02]
 [-3.01698903e-02  2.97322985e-02  9.99102481e-01  9.11983515e+02]
 [ 9.93743724e-01 -1.06641420e-01  3.31816148e-02 -2.68574435e+02]]

[[ 9.47907299e-02  9.95493374e-01 -2.76781043e-03 -2.93238199e+02]
 [-4.77076123e-02  7.31981166e-03  9.98834523e-01  9.17247744e+02]
 [ 9.94353409e-01 -9.45482078e-02  4.81864622e-02 -2.71129493e+02]]

[[ 9.31242876e-02  9.95588508e-01  1.14625361e-02 -2.92807703e+02]
 [-6.32406274e-02 -5.57476778e-03  9.97982738e-01  9.21247864e+02]
 [ 9.93644046e-01 -9.36613295e-02  6.24424956e-02 -2.71205100e+02]]

[[ 9.99018733e-02  9.94850107e-01 -1.71137257e-02 -2.93525733e+02]
 [-2.27678990e-03  1.74282915e-02  9.99845524e-01  9.08756624e+02]
 [ 9.94994689e-01 -9.98474764e-02  4.00618364e-03 -2.70092251e+02]]

[[ 1.02759849e-01  9.94636216e-01 -1.17987402e-02 -2.94728086e+02]
 [-4.08011048e-02  1.60662825e-02  9.99038110e-01  9.10351878e+02]
 [ 9.93869047e-01 -1.02179604e-01  4.22332253e-02 -2.68831441e+02]]

[[ 9.71010398e-02  9.95266472e-01 -4.00476003e-03 -2.93184770e+02]
 [-2.81826947e-02  6.77170043e-03  9.99579852e-01  9.12078492e+02]
 [ 9.94875431e-01 -9.69473781e-02  2.87068303e-02 -2.70471464e+02]]

[[ 8.97538248e-02  9.95631438e-01  2.57349953e-02 -2.92275412e+02]
 [-6.28592145e-02 -2.01249416e-02  9.97819476e-01  9.21882076e+02]
 [ 9.93978355e-01 -9.11757960e-02  6.07783196e-02 -2.72348600e+02]]

[[ 9.03818246e-02  9.95464066e-01  2.97055411e-02 -2.93209951e+02]
 [-7.06265651e-02 -2.33457818e-02  9.97229594e-01  9.20058036e+02]
 [ 9.93399725e-01 -9.22294306e-02  6.81961733e-02 -2.70984350e+02]]

[[ 9.87469091e-02  9.94725469e-01 -2.77540796e-02 -2.94583074e+02]
 [-4.12497922e-02  3.19581221e-02  9.98637639e-01  9.08048833e+02]
 [ 9.94257262e-01 -9.74675301e-02  4.41879847e-02 -2.71442880e+02]]

[[ 1.00855214e-01  9.94230965e-01 -3.65104605e-02 -2.94164594e+02]
 [-5.64210655e-02  4.23541884e-02  9.97508289e-01  9.08400303e+02]
 [ 9.93300000e-01 -9.85439532e-02  6.03672111e-02 -2.69812339e+02]]

[[ 1.06208276e-01  9.94271068e-01  1.20351519e-02 -2.93506956e+02]
 [-3.43033585e-02 -8.43265011e-03  9.99375890e-01  9.17530113e+02]
 [ 9.93752022e-01 -1.06554836e-01  3.32112197e-02 -2.71441724e+02]]

[[ 1.01350675e-01  9.94767898e-01  1.28401552e-02 -2.92844892e+02]
 [-2.61079017e-02 -1.02426416e-02  9.99606656e-01  9.15608312e+02]
 [ 9.94508129e-01 -1.01646039e-01  2.49332038e-02 -2.71498893e+02]]

[[ 1.00335706e-01  9.94882969e-01 -1.18584774e-02 -2.92956898e+02]
 [-2.51113094e-02  1.44469866e-02  9.99580265e-01  9.10875192e+02]
 [ 9.94636702e-01 -9.99958098e-02  2.64323626e-02 -2.69597341e+02]]

[[ 8.59275341e-02  9.96002542e-01  2.44007180e-02 -2.90735098e+02]
 [-8.11280101e-02 -1.74150591e-02  9.96551535e-01  9.19487845e+02]
 [ 9.92992802e-01 -8.76107977e-02  7.93072712e-02 -2.71916826e+02]]

[[ 9.78179936e-02  9.95123217e-01 -1.27052186e-02 -2.92967409e+02]
 [-4.37075258e-02  1.70497589e-02  9.98898873e-01  9.14017759e+02]
 [ 9.94244081e-01 -9.71549699e-02  4.51621469e-02 -2.65865724e+02]]

[[ 8.78439467e-02  9.95902294e-01 -2.14956372e-02 -2.92052858e+02]
 [-2.73586470e-02  2.39829726e-02  9.99337942e-01  9.14091395e+02]
 [ 9.95758477e-01 -8.71976973e-02  2.93532982e-02 -2.66084867e+02]]

[[ 8.92889167e-02  9.96005646e-01  4.92678111e-04 -2.93664478e+02]
 [-5.87720940e-02  4.77494858e-03  9.98260007e-01  9.15944175e+02]
 [ 9.94270250e-01 -8.91625103e-02  5.89636874e-02 -2.64944973e+02]]

[[ 8.01162986e-02  9.96783109e-01  2.19388469e-03 -2.93351812e+02]
 [-7.70724062e-02  4.00028301e-03  9.97017473e-01  9.15276999e+02]
 [ 9.93801400e-01 -8.00464375e-02  7.71449605e-02 -2.68687813e+02]]

[[ 9.18373070e-02  9.95774016e-01  1.31050148e-04 -2.94299560e+02]
 [-4.29394881e-02  3.82869866e-03  9.99070339e-01  9.14945412e+02]
 [ 9.94847782e-01 -9.17575566e-02  4.31096439e-02 -2.67854816e+02]]

[[ 9.57009071e-02  9.95405898e-01  2.90410360e-03 -2.95432662e+02]
 [-3.32900492e-02  2.84702030e-04  9.99445692e-01  9.18581410e+02]
 [ 9.94853310e-01 -9.57445371e-02  3.31643576e-02 -2.68302865e+02]]

[[ 9.13776095e-02  9.95725753e-01 -1.34297403e-02 -2.95984851e+02]
 [-5.97677937e-02  1.89457341e-02  9.98032499e-01  9.17863828e+02]
 [ 9.94021098e-01 -9.03951580e-02  6.12435473e-02 -2.67766004e+02]]

[[ 9.92755465e-02  9.94960998e-01  1.40348874e-02 -2.96448825e+02]
 [-4.48809348e-02 -9.61295626e-03  9.98946091e-01  9.20458505e+02]
 [ 9.94047317e-01 -9.98008180e-02  4.37004482e-02 -2.67047751e+02]]

[[ 9.29494924e-02  9.95617634e-01 -1.02916546e-02 -2.94383736e+02]
 [-6.78928396e-02  1.66500494e-02  9.97553677e-01  9.14655562e+02]
 [ 9.93353388e-01 -9.20233782e-02  6.91429220e-02 -2.66740328e+02]]

[[ 8.73055966e-02  9.96099757e-01  1.27673899e-02 -2.93353423e+02]
 [-5.11911816e-02 -8.31335591e-03  9.98654270e-01  9.18093950e+02]
 [ 9.94865416e-01 -8.78416847e-02  5.02657211e-02 -2.70494335e+02]]

[[ 8.98434606e-02  9.95762205e-01  1.96413798e-02 -2.93759460e+02]
 [-6.55794047e-02 -1.37636813e-02  9.97752426e-01  9.20267895e+02]
 [ 9.93794493e-01 -9.09296007e-02  6.40649159e-02 -2.69824566e+02]]

[[ 9.04698310e-02  9.95898528e-01  1.15389190e-03 -2.94636544e+02]
 [-5.02413772e-02  3.40687415e-03  9.98731294e-01  9.13753541e+02]
 [ 9.94631094e-01 -9.04130245e-02  5.03435329e-02 -2.69973592e+02]]

[[ 9.83909617e-02  9.95049574e-01 -1.39843924e-02 -2.94476841e+02]
 [-5.30735844e-02  1.92794826e-02  9.98404475e-01  9.15710569e+02]
 [ 9.93731560e-01 -9.74917746e-02  5.47077744e-02 -2.69250724e+02]]

[[ 8.82180428e-02  9.96045249e-01 -1.05564337e-02 -2.95604027e+02]
 [-6.43631031e-02  1.62754968e-02  9.97793816e-01  9.16392933e+02]
 [ 9.94019601e-01 -8.73439727e-02  6.55443555e-02 -2.69016983e+02]]

[[ 8.45885996e-02  9.96230660e-01 -1.92156637e-02 -2.95830271e+02]
 [-5.65065627e-02  2.40498577e-02  9.98112525e-01  9.14775086e+02]
 [ 9.94812433e-01 -8.33431297e-02  5.83279140e-02 -2.65685956e+02]]

[[ 7.77918983e-02  9.96814299e-01  1.75975409e-02 -2.95710592e+02]
 [-7.48173158e-02 -1.17642948e-02  9.97127861e-01  9.21688676e+02]
 [ 9.94158332e-01 -7.88850699e-02  7.36638034e-02 -2.67448233e+02]]

[[ 9.38544067e-02  9.95222176e-01 -2.69104295e-02 -2.95538036e+02]
 [-5.35088829e-02  3.20331400e-02  9.98053444e-01  9.12097157e+02]
 [ 9.94146946e-01 -9.22317669e-02  5.62596782e-02 -2.67080697e+02]]

[[ 9.65975342e-02  9.94598650e-01 -3.79794929e-02 -2.95002660e+02]
 [-5.09716090e-02  4.30511316e-02  9.97771765e-01  9.14290593e+02]
 [ 9.94017511e-01 -9.44464163e-02  5.48549267e-02 -2.66860902e+02]]

[[ 8.67531013e-02  9.96144382e-01  1.30487502e-02 -2.95055444e+02]
 [-8.12979500e-02 -5.97551303e-03  9.96671930e-01  9.20632303e+02]
 [ 9.92907117e-01 -8.75252176e-02  8.04661019e-02 -2.68120367e+02]]

[[ 1.02221835e-01  9.94523594e-01 -2.17604611e-02 -2.94889579e+02]
 [-4.83639495e-02  2.68178782e-02  9.98469694e-01  9.18307162e+02]
 [ 9.93585238e-01 -1.01012983e-01  5.08404616e-02 -2.71252416e+02]]

[[ 9.10599593e-02  9.95812196e-01  8.13352856e-03 -2.93912466e+02]
 [-6.59995104e-02 -2.11471974e-03  9.97817414e-01  9.21271895e+02]
 [ 9.93655951e-01 -9.13980221e-02  6.55305511e-02 -2.71916277e+02]]

[[ 9.92649048e-02  9.94926380e-01 -1.63700116e-02 -2.95048781e+02]
 [-3.83895077e-02  2.02681430e-02  9.99057280e-01  9.13793611e+02]
 [ 9.94320232e-01 -9.85428891e-02  4.02066492e-02 -2.69535196e+02]]

[[ 1.08119647e-01  9.93894666e-01 -2.19894347e-02 -2.97003496e+02]
 [-1.61035105e-02  2.38671413e-02  9.99585432e-01  9.11800792e+02]
 [ 9.94007454e-01 -1.07720717e-01  1.85857001e-02 -2.76087802e+02]]

[[ 1.05991543e-01  9.94271924e-01 -1.37526345e-02 -2.96810545e+02]
 [-2.36527298e-02  1.63475782e-02  9.99586567e-01  9.11537881e+02]
 [ 9.94085681e-01 -1.05622435e-01  2.52499502e-02 -2.73868446e+02]]

[[ 1.01410757e-01  9.94835544e-01  4.25425193e-03 -2.94663510e+02]
 [-2.79493258e-02 -1.42558574e-03  9.99608325e-01  9.18435577e+02]
 [ 9.94451956e-01 -1.01489940e-01  2.76604131e-02 -2.70531093e+02]]

[[ 1.01367991e-01  9.94739067e-01 -1.47891748e-02 -2.94399526e+02]
 [-3.66394790e-02  1.85885510e-02  9.99155651e-01  9.15201890e+02]
 [ 9.94174069e-01 -1.00740533e-01  3.83310052e-02 -2.68765381e+02]]

[[ 9.69673254e-02  9.95287232e-01  8.14247916e-04 -2.94308764e+02]
 [-5.64514728e-02  4.68307806e-03  9.98394361e-01  9.18014025e+02]
 [ 9.93685347e-01 -9.68575963e-02  5.66395357e-02 -2.67519378e+02]]

[[ 9.20119903e-02  9.95717650e-01 -8.95296895e-03 -2.95122762e+02]
 [-7.23864728e-02  1.56558493e-02  9.97253776e-01  9.16545201e+02]
 [ 9.93123352e-01 -9.11112309e-02  7.35170144e-02 -2.70673403e+02]]

[[ 9.85936503e-02  9.95113796e-01 -5.27496775e-03 -2.94746831e+02]
 [-6.02209150e-02  1.12574653e-02  9.98121591e-01  9.18294302e+02]
 [ 9.93303948e-01 -9.80907877e-02  6.10365779e-02 -2.70956037e+02]]

[[ 1.05251164e-01  9.93700289e-01 -3.84958071e-02 -2.95894179e+02]
 [-5.71090503e-02  4.46867692e-02  9.97367359e-01  9.12748959e+02]
 [ 9.92804487e-01 -1.02775617e-01  6.14526143e-02 -2.68741344e+02]]

[[ 9.81871386e-02  9.95117480e-01 -1.00243438e-02 -2.95058870e+02]
 [-6.49986542e-02  1.64642029e-02  9.97749520e-01  9.17940800e+02]
 [ 9.93043031e-01 -9.73146016e-02  6.62978699e-02 -2.70571978e+02]]

[[ 1.04062246e-01  9.94533603e-01 -8.60007436e-03 -2.94851997e+02]
 [-2.75347617e-02  1.15245693e-02  9.99554411e-01  9.15438857e+02]
 [ 9.94189562e-01 -1.03779076e-01  2.85835184e-02 -2.73461553e+02]]

[[ 1.00859197e-01  9.94293134e-01 -3.47647275e-02 -2.94696993e+02]
 [-3.65216631e-02  3.86195244e-02  9.98586351e-01  9.12046593e+02]
 [ 9.94230150e-01 -9.94469521e-02  4.02083731e-02 -2.73666914e+02]]

[[ 1.05300572e-01  9.93998985e-01 -2.96278272e-02 -2.96029526e+02]
 [-4.13546762e-02  3.41447650e-02  9.98560927e-01  9.12553959e+02]
 [ 9.93580183e-01 -1.03923788e-01  4.47019695e-02 -2.71844603e+02]]

[[ 8.94579782e-02  9.95900001e-01 -1.34334906e-02 -2.95261330e+02]
 [-6.01225443e-02  1.88625729e-02  9.98012767e-01  9.13100384e+02]
 [ 9.94174306e-01 -8.84725487e-02  6.15634495e-02 -2.71897226e+02]]

[[ 1.01236616e-01  9.94839465e-01  6.75183492e-03 -2.94827595e+02]
 [-1.85044580e-02 -4.90256887e-03  9.99816758e-01  9.18687714e+02]
 [ 9.94690270e-01 -1.01343005e-01  1.79126456e-02 -2.73577119e+02]]

[[ 1.65672980e-01  8.75041711e-01  4.54812563e-01 -2.91752303e+02]
 [ 5.65371386e-01 -4.62147986e-01  6.83208925e-01  9.04015994e+02]
 [ 8.08027016e-01  1.43948750e-01 -5.71288979e-01 -2.73940201e+02]]

[[ 9.61897180e-02  9.95362705e-01 -7.89164101e-04 -2.94561531e+02]
 [-4.96079210e-02  5.58585532e-03  9.98753149e-01  9.16230353e+02]
 [ 9.94126044e-01 -9.60306349e-02  4.99151763e-02 -2.71719429e+02]]

[[ 9.14460901e-02  9.95807847e-01  2.08443303e-03 -2.94575478e+02]
 [-6.73356542e-02  4.09506481e-03  9.97721975e-01  9.18130189e+02]
 [ 9.93530836e-01 -9.13781303e-02  6.74278505e-02 -2.70406967e+02]]

[[ 9.84670474e-02  9.94800384e-01 -2.60084031e-02 -2.94114633e+02]
 [-5.90916638e-02  3.19342945e-02  9.97741638e-01  9.14128070e+02]
 [ 9.93384324e-01 -9.67077933e-02  6.19288855e-02 -2.69856284e+02]]

[[ 1.12296866e-01  9.93067147e-01 -3.47426927e-02 -2.95046227e+02]
 [-4.25738943e-02  3.97401497e-02  9.98302652e-01  9.13188296e+02]
 [ 9.92762246e-01 -1.10627128e-01  4.67414301e-02 -2.69638260e+02]]

[[ 1.03471330e-01  9.93581921e-01 -4.57017472e-02 -2.94355180e+02]
 [-4.12129538e-02  5.01917606e-02  9.97888911e-01  9.09767560e+02]
 [ 9.93778233e-01 -1.01369389e-01  4.61418541e-02 -2.69543217e+02]]

[[ 9.76356837e-02  9.95211100e-01 -4.70522627e-03 -2.93530323e+02]
 [-6.94456521e-02  1.15291387e-02  9.97519113e-01  9.18009515e+02]
 [ 9.92796341e-01 -9.70667030e-02  7.02387392e-02 -2.69943727e+02]]

[[ 1.01979419e-01  9.94618721e-01 -1.82701327e-02 -2.92790800e+02]
 [-3.56538827e-02  2.20084844e-02  9.99121828e-01  9.17387953e+02]
 [ 9.94147373e-01 -1.01238462e-01  3.77064316e-02 -2.72051832e+02]]

[[ 9.05077362e-02  9.95871338e-01 -6.97336318e-03 -2.93842070e+02]
 [-4.11365941e-02  1.07345577e-02  9.99095866e-01  9.14887306e+02]
 [ 9.95045793e-01 -9.01390446e-02  4.19383155e-02 -2.73665519e+02]]

[[ 9.87743515e-02  9.94924552e-01 -1.92032237e-02 -2.93287248e+02]
 [-4.69447200e-02  2.39349593e-02  9.98610690e-01  9.15891999e+02]
 [ 9.94001922e-01 -9.77356334e-02  4.90706146e-02 -2.71559891e+02]]

[[ 9.79155963e-02  9.95012838e-01 -1.90259810e-02 -2.93300145e+02]
 [-3.28441832e-02  2.23383286e-02  9.99210818e-01  9.15042730e+02]
 [ 9.94652600e-01 -9.72134302e-02  3.48676547e-02 -2.70978533e+02]]

[[ 9.77472777e-02  9.95184353e-01 -7.31932664e-03 -2.94801576e+02]
 [-5.41083765e-02  1.26579197e-02  9.98454837e-01  9.16018270e+02]
 [ 9.93739278e-01 -9.72002053e-02  5.50850869e-02 -2.70156753e+02]]

[[ 9.26160313e-02  9.95699366e-01  2.24572686e-03 -2.92601743e+02]
 [-5.02395548e-02  2.42051356e-03  9.98734263e-01  9.20040594e+02]
 [ 9.94433637e-01 -9.26116281e-02  5.02476712e-02 -2.71208132e+02]]

[[ 9.70113463e-02  9.95259569e-01 -6.86938459e-03 -2.92830164e+02]
 [-2.72398393e-02  9.55438728e-03  9.99583266e-01  9.15532548e+02]
 [ 9.94910443e-01 -9.67837974e-02  2.80375947e-02 -2.70629215e+02]]

[[ 1.00230644e-01  9.94761448e-01 -2.00868080e-02 -2.93077648e+02]
 [-1.47271493e-02  2.16695412e-02  9.99656712e-01  9.13619185e+02]
 [ 9.94855230e-01 -9.99004151e-02  1.68219524e-02 -2.70528276e+02]]

[[ 9.93523508e-02  9.94962255e-01 -1.33873917e-02 -2.93388192e+02]
 [-4.42410039e-02  1.78575567e-02  9.98861272e-01  9.16055348e+02]
 [ 9.94068330e-01 -9.86469438e-02  4.57923192e-02 -2.69559771e+02]]

[[ 9.04385697e-02  9.95895534e-01 -3.59862688e-03 -2.92990746e+02]
 [-7.18741950e-02  1.01309160e-02  9.97362253e-01  9.17597211e+02]
 [ 9.93305072e-01 -8.99413672e-02  7.24954154e-02 -2.71766324e+02]]

[[ 9.98236243e-02  9.94991776e-01 -5.15853085e-03 -2.93654561e+02]
 [-5.43017279e-02  1.06244331e-02  9.98468048e-01  9.15469158e+02]
 [ 9.93522303e-01 -9.93905822e-02  5.50903421e-02 -2.68931010e+02]]

[[ 9.98216775e-02  9.94981915e-01 -6.82806255e-03 -2.93673968e+02]
 [-3.59131418e-02  1.04606867e-02  9.99300165e-01  9.13543294e+02]
 [ 9.94357018e-01 -9.95066017e-02  3.67771299e-02 -2.70688823e+02]]

[[ 9.31593487e-02  9.95639150e-01  4.90083197e-03 -2.92643325e+02]
 [-7.63308637e-02  2.23415462e-03  9.97080041e-01  9.17232857e+02]
 [ 9.92720975e-01 -9.32614119e-02  7.62061286e-02 -2.71052557e+02]]

[[ 9.97046640e-02  9.94919827e-01 -1.39110531e-02 -2.91988402e+02]
 [-3.01693988e-02  1.69970881e-02  9.99400273e-01  9.13773814e+02]
 [ 9.94559595e-01 -9.92251804e-02  3.17108220e-02 -2.70855490e+02]]

[[ 9.75775998e-02  9.95195962e-01 -7.97559131e-03 -2.90594326e+02]
 [-4.11271561e-02  1.20391907e-02  9.99081386e-01  9.16689936e+02]
 [ 9.94377780e-01 -9.71599502e-02  4.21043349e-02 -2.71572834e+02]]

[[ 1.01964012e-01  9.94597597e-01 -1.94668955e-02 -2.92132840e+02]
 [-5.51929256e-02  2.51948381e-02  9.98157784e-01  9.12915677e+02]
 [ 9.93255798e-01 -1.00701738e-01  5.74637180e-02 -2.68810284e+02]]

[[ 9.27133655e-02  9.95687148e-01  3.36678301e-03 -2.91521600e+02]
 [-7.27981885e-02  3.40622529e-03  9.97340875e-01  9.15072043e+02]
 [ 9.93028024e-01 -9.27119248e-02  7.28000233e-02 -2.69561295e+02]]

[[ 9.58158229e-02  9.95399080e-01 -2.24500918e-05 -2.92136946e+02]
 [-6.41787732e-02  6.20027230e-03  9.97919156e-01  9.15529756e+02]
 [ 9.93327948e-01 -9.56150043e-02  6.44775760e-02 -2.69719080e+02]]

[[ 8.95233889e-02  9.95795767e-01  1.93998022e-02 -2.92107203e+02]
 [-5.72108666e-02 -1.43044681e-02  9.98259635e-01  9.19182294e+02]
 [ 9.94340223e-01 -9.04774651e-02  5.56897544e-02 -2.69938899e+02]]

[[ 1.05821056e-01  9.93823131e-01 -3.34288640e-02 -2.93181676e+02]
 [-1.94544146e-02  3.56803271e-02  9.99173879e-01  9.11886619e+02]
 [ 9.94194865e-01 -1.05083296e-01  2.31099772e-02 -2.69729580e+02]]

[[ 9.53410943e-02  9.95420989e-01 -6.86513628e-03 -2.93176010e+02]
 [-4.95145711e-02  1.16302792e-02  9.98705684e-01  9.13232013e+02]
 [ 9.94212444e-01 -9.48777686e-02  5.03966869e-02 -2.67301090e+02]]

[[ 8.36521744e-02  9.96468506e-01  7.26840553e-03 -2.93639412e+02]
 [-6.07834290e-02 -2.17797432e-03  9.98148602e-01  9.16060259e+02]
 [ 9.94639477e-01 -8.39390995e-02  6.03865804e-02 -2.66631453e+02]]

[[ 9.10863549e-02  9.95702715e-01 -1.67146287e-02 -2.93761494e+02]
 [-6.72096518e-02  2.28927031e-02  9.97476209e-01  9.17367508e+02]
 [ 9.93572412e-01 -8.97330875e-02  6.90060456e-02 -2.67767016e+02]]

[[ 9.61389669e-02  9.95352926e-01 -5.46371217e-03 -2.93693638e+02]
 [-3.76512172e-02  9.12174918e-03  9.99249308e-01  9.14882773e+02]
 [ 9.94655561e-01 -9.58610807e-02  3.83532048e-02 -2.68152142e+02]]

[[ 9.53272302e-02  9.95352332e-01 -1.36548571e-02 -2.94845448e+02]
 [-4.38239532e-02  1.79003595e-02  9.98878891e-01  9.17615954e+02]
 [ 9.94480860e-01 -9.46219482e-02  4.53266657e-02 -2.65176953e+02]]

[[ 9.47108706e-02  9.95187077e-01 -2.51501915e-02 -2.93524576e+02]
 [-2.88286163e-02  2.79949981e-02  9.99192269e-01  9.15066324e+02]
 [ 9.95087314e-01 -9.39093244e-02  3.13412971e-02 -2.68342574e+02]]

[[ 9.28355621e-02  9.95649028e-01 -8.03560511e-03 -2.93695928e+02]
 [-6.79316849e-02  1.43852753e-02  9.97586262e-01  9.18318808e+02]
 [ 9.93361387e-01 -9.20656092e-02  6.89715812e-02 -2.67785492e+02]]

[[ 9.20101910e-02  9.95757451e-01  1.10657182e-03 -2.93042944e+02]
 [-5.70019864e-02  4.15763962e-03  9.98365408e-01  9.20595825e+02]
 [ 9.94125192e-01 -9.19228687e-02  5.71426979e-02 -2.70338050e+02]]

[[ 9.51976914e-02  9.95458238e-01 -5.44898083e-04 -2.93812393e+02]
 [-5.50714742e-02  5.81314104e-03  9.98465493e-01  9.18046274e+02]
 [ 9.93933867e-01 -9.50216015e-02  5.53747502e-02 -2.69343507e+02]]

[[ 1.00447917e-01  9.94893491e-01 -9.85683813e-03 -2.92556369e+02]
 [-3.62001176e-02  1.35549161e-02  9.99252629e-01  9.15967560e+02]
 [ 9.94283545e-01 -1.00016026e-01  3.73768244e-02 -2.69480297e+02]]

[[ 9.78828876e-02  9.95158367e-01  8.87493931e-03 -2.92785151e+02]
 [-5.64219379e-02 -3.35424949e-03  9.98401379e-01  9.16630178e+02]
 [ 9.93597255e-01 -9.82271512e-02  5.58204399e-02 -2.71444093e+02]]

[[ 1.07277129e-01  9.94111000e-01 -1.53276700e-02 -2.93933631e+02]
 [-3.57104392e-02  1.92593808e-02  9.99176581e-01  9.10020339e+02]
 [ 9.93587632e-01 -1.06641437e-01  3.75662315e-02 -2.72218979e+02]]

[[ 1.01507197e-01  9.94719654e-01 -1.51360041e-02 -2.92925981e+02]
 [-4.14277142e-02  1.94279481e-02  9.98952601e-01  9.10485410e+02]
 [ 9.93971847e-01 -1.00773829e-01  4.31810381e-02 -2.74747114e+02]]

[[ 9.51387258e-02  9.95463437e-01 -1.08049358e-03 -2.93613829e+02]
 [-5.32666931e-02  6.17467611e-03  9.98561231e-01  9.13084138e+02]
 [ 9.94037868e-01 -9.49442888e-02  5.36124962e-02 -2.71946642e+02]]

[[ 1.02843552e-01  9.94637640e-01 -1.09164695e-02 -2.93506514e+02]
 [-2.80659809e-02  1.38719097e-02  9.99509815e-01  9.14327154e+02]
 [ 9.94301516e-01 -1.02486758e-01  2.93421175e-02 -2.70912082e+02]]

[[ 1.02806144e-01  9.94629028e-01 -1.19997254e-02 -2.94926569e+02]
 [-3.70020671e-02  1.58793211e-02  9.99189018e-01  9.13981728e+02]
 [ 9.94012950e-01 -1.02278755e-01  3.84358218e-02 -2.69885424e+02]]

[[ 9.44440484e-02  9.95442468e-01  1.32141961e-02 -2.97546581e+02]
 [-6.17561030e-02 -7.38979507e-03  9.98063913e-01  9.18688113e+02]
 [ 9.93612855e-01 -9.50772537e-02  6.07767254e-02 -2.71525191e+02]]

[[ 9.72826867e-02  9.95256647e-01  5.35182007e-04 -2.96446439e+02]
 [-5.16124998e-02  4.50792205e-03  9.98657012e-01  9.18029287e+02]
 [ 9.93917617e-01 -9.71796593e-02  5.18062262e-02 -2.71513810e+02]]

[[ 1.01367041e-01  9.94725758e-01 -1.56648998e-02 -2.94391783e+02]
 [-4.37298329e-02  2.01859491e-02  9.98839441e-01  9.14598879e+02]
 [ 9.93887531e-01 -1.00564375e-01  4.55453811e-02 -2.69281333e+02]]

[[ 1.01239210e-01  9.94700532e-01 -1.79296913e-02 -2.97098879e+02]
 [-5.40067932e-02  2.34906624e-02  9.98264221e-01  9.15521395e+02]
 [ 9.93395132e-01 -1.00095156e-01  5.60987620e-02 -2.68540332e+02]]

[[ 1.04035138e-01  9.94498066e-01 -1.22591170e-02 -2.97457640e+02]
 [-3.78568968e-02  1.62767049e-02  9.99150601e-01  9.18007307e+02]
 [ 9.93852879e-01 -1.03482678e-01  3.93419599e-02 -2.71342091e+02]]

[[ 1.00603807e-01  9.94197116e-01 -3.80915889e-02 -2.95568993e+02]
 [-3.95708197e-02  4.22538777e-02  9.98322974e-01  9.10975062e+02]
 [ 9.94139338e-01 -9.89277762e-02  4.35920958e-02 -2.69894487e+02]]

[[ 1.04131337e-01  9.94409476e-01 -1.75059482e-02 -2.95642091e+02]
 [-4.02252578e-02  2.17981898e-02  9.98952836e-01  9.16518120e+02]
 [ 9.93749764e-01 -1.03318113e-01  4.22702522e-02 -2.72187793e+02]]

[[ 8.60636954e-02  9.96198635e-01 -1.34654965e-02 -2.94240636e+02]
 [-6.46391486e-02  1.90704600e-02  9.97726465e-01  9.14728396e+02]
 [ 9.94190535e-01 -8.49976283e-02  6.60347058e-02 -2.70527114e+02]]

[[ 1.07123303e-01  9.93478369e-01 -3.90554451e-02 -2.95086518e+02]
 [-3.98309405e-02  4.35381505e-02  9.98257445e-01  9.10551348e+02]
 [ 9.93447580e-01 -1.05381019e-01  4.42351283e-02 -2.69947221e+02]]

[[ 9.69166869e-02  9.94884666e-01 -2.84895964e-02 -2.93547050e+02]
 [-5.62172533e-02  3.40505648e-02  9.97837752e-01  9.11504521e+02]
 [ 9.93703566e-01 -9.51055221e-02  5.92297512e-02 -2.71557627e+02]]

[[ 1.01899509e-01  9.94680603e-01 -1.50661540e-02 -2.93046279e+02]
 [-3.22487473e-02  1.84399757e-02  9.99309755e-01  9.15128865e+02]
 [ 9.94271848e-01 -1.01343309e-01  3.39562279e-02 -2.71208046e+02]]

[[ 9.50030728e-02  9.95456720e-01 -6.35091319e-03 -2.93315078e+02]
 [-4.89826162e-02  1.10465886e-02  9.98738542e-01  9.14231080e+02]
 [ 9.94271150e-01 -9.45721462e-02  4.98095344e-02 -2.71305324e+02]]

[[ 9.83979276e-02  9.94864968e-01 -2.36969031e-02 -2.93753479e+02]
 [-6.18284962e-02  2.98781874e-02  9.97639479e-01  9.13706305e+02]
 [ 9.93224589e-01 -9.67005133e-02  6.44509566e-02 -2.70662033e+02]]

[[ 1.06419426e-01  9.93589751e-01 -3.81354439e-02 -2.94203901e+02]
 [-3.21397289e-02  4.17704927e-02  9.98610166e-01  9.09940635e+02]
 [ 9.93801763e-01 -1.05045858e-01  3.63788971e-02 -2.70493248e+02]]

[[ 1.10268901e-01  9.92790422e-01 -4.69888029e-02 -2.93759925e+02]
 [-1.32713326e-02  4.87436416e-02  9.98723149e-01  9.10185571e+02]
 [ 9.93813182e-01 -1.09504500e-01  1.85505597e-02 -2.70868817e+02]]

[[ 9.18787417e-02  9.95708794e-01 -1.10586627e-02 -2.91452850e+02]
 [-4.68942707e-02  1.54199371e-02  9.98780833e-01  9.14802853e+02]
 [ 9.94665383e-01 -9.12481383e-02  4.81098022e-02 -2.70235149e+02]]

[[ 9.79408728e-02  9.95037283e-01 -1.75610514e-02 -2.92337457e+02]
 [-3.07212011e-02  2.06604053e-02  9.99314443e-01  9.12293606e+02]
 [ 9.94717947e-01 -9.73342321e-02  3.25922386e-02 -2.70513073e+02]]

[[ 9.50455208e-02  9.95469595e-01 -2.57581947e-03 -2.92363819e+02]
 [-3.05665870e-02  5.50473268e-03  9.99517574e-01  9.16261271e+02]
 [ 9.95003534e-01 -9.49209344e-02  3.09513082e-02 -2.71057186e+02]]

[[ 8.31541434e-02  9.96459606e-01  1.23952034e-02 -2.92097510e+02]
 [-6.63429873e-02 -6.87524844e-03  9.97773190e-01  9.19497481e+02]
 [ 9.94325901e-01 -8.37913098e-02  6.55364016e-02 -2.72944920e+02]]

[[ 9.79579211e-02  9.95190556e-01  5.68688814e-05 -2.93464407e+02]
 [-3.68276432e-02  3.56788899e-03  9.99315263e-01  9.15135055e+02]
 [ 9.94508909e-01 -9.78929400e-02  3.70000257e-02 -2.71842733e+02]]

[[ 1.02246239e-01  9.94758308e-01  1.27082438e-03 -2.93563654e+02]
 [-3.13558154e-02  1.94601752e-03  9.99506391e-01  9.16526495e+02]
 [ 9.94264814e-01 -1.02235617e-01  3.13904308e-02 -2.71413726e+02]]

[[ 1.03450288e-01  9.94435681e-01 -1.98925504e-02 -2.93287720e+02]
 [-2.88214212e-02  2.29885272e-02  9.99320196e-01  9.15411531e+02]
 [ 9.94216960e-01 -1.02806630e-01  3.10392194e-02 -2.72317863e+02]]

[[ 1.05229578e-01  9.93513566e-01 -4.30990768e-02 -2.92811213e+02]
 [-2.36871509e-02  4.58315543e-02  9.98668307e-01  9.11524255e+02]
 [ 9.94165809e-01 -1.04068550e-01  2.83563408e-02 -2.69936377e+02]]

[[ 9.40902598e-02  9.95505370e-01  1.07741432e-02 -2.94429489e+02]
 [-5.63213411e-02 -5.48223010e-03  9.98397642e-01  9.15012348e+02]
 [ 9.93969280e-01 -9.45463077e-02  5.55523731e-02 -2.72670324e+02]]

[[ 9.57206333e-02  9.95259141e-01 -1.72279429e-02 -2.94794890e+02]
 [-4.63478533e-02  2.17448864e-02  9.98688658e-01  9.13409836e+02]
 [ 9.94328636e-01 -9.47966327e-02  4.82095590e-02 -2.72838666e+02]]

[[ 9.88818810e-02  9.95090705e-01  4.10645295e-03 -2.93907581e+02]
 [-4.93002591e-02  7.77259881e-04  9.98783700e-01  9.16958471e+02]
 [ 9.93877185e-01 -9.89640602e-02  4.91350865e-02 -2.71542299e+02]]

[[ 8.80532959e-02  9.96023797e-01 -1.35355914e-02 -2.95642280e+02]
 [-5.35628872e-02  1.83030555e-02  9.98396722e-01  9.12352645e+02]
 [ 9.94674637e-01 -8.71871166e-02  5.49615547e-02 -2.73468720e+02]]

[[ 1.02833105e-01  9.94656747e-01 -9.12735157e-03 -2.93680991e+02]
 [-5.13980882e-02  1.44771095e-02  9.98573307e-01  9.16887942e+02]
 [ 9.93369815e-01 -1.02217265e-01  5.26121814e-02 -2.72352614e+02]]

[[ 9.29691144e-02  9.95582191e-01  1.31470652e-02 -2.90830623e+02]
 [-5.78184141e-02 -7.78373307e-03  9.98296772e-01  9.23600315e+02]
 [ 9.93988820e-01 -9.35709093e-02  5.68393366e-02 -2.72455454e+02]]

[[ 9.84698463e-02  9.95026477e-01  1.50333005e-02 -2.92451578e+02]
 [-2.28459072e-02 -1.28423756e-02  9.99656510e-01  9.19129458e+02]
 [ 9.94877758e-01 -9.87794723e-02  2.14676958e-02 -2.73637598e+02]]

[[ 9.52589018e-02  9.95432850e-01 -6.25963810e-03 -2.93161923e+02]
 [-4.43617996e-02  1.05270635e-02  9.98960065e-01  9.16741007e+02]
 [ 9.94463560e-01 -9.48821499e-02  4.51619891e-02 -2.71554970e+02]]

[[ 9.31789002e-02  9.95643775e-01  3.34147286e-03 -2.91482633e+02]
 [-3.97729230e-02  3.68775018e-04  9.99208676e-01  9.21191479e+02]
 [ 9.94854666e-01 -9.32380656e-02  3.96340253e-02 -2.73660426e+02]]

[[ 1.09735647e-01  9.93185184e-01 -3.92591077e-02 -2.93956004e+02]
 [-4.25998219e-02  4.41608011e-02  9.98115764e-01  9.14438404e+02]
 [ 9.93047503e-01 -1.07856449e-01  4.71555260e-02 -2.70993559e+02]]

[[ 2.64821689e-01  9.32897628e-01  2.44072712e-01 -3.04209436e+02]
 [ 6.79202632e-01 -3.60123809e-01  6.39526877e-01  8.83338194e+02]
 [ 6.84509501e-01 -3.58575928e-03 -7.28995120e-01 -2.47088182e+02]]

[[ 1.04059413e-01  9.94570737e-01 -8.28794641e-04 -2.92808032e+02]
 [-4.49434898e-02  5.53478742e-03  9.98974198e-01  9.19347795e+02]
 [ 9.93555092e-01 -1.03915419e-01  4.52754265e-02 -2.72081020e+02]]

[[ 9.93056627e-02  9.94960903e-01 -1.38270502e-02 -2.93752029e+02]
 [-2.39753553e-02  1.62841878e-02  9.99579916e-01  9.13133737e+02]
 [ 9.94768097e-01 -9.89324375e-02  2.54716532e-02 -2.70139660e+02]]

[[ 9.40880917e-02  9.95444687e-01 -1.54047619e-02 -2.92848194e+02]
 [-5.30478873e-02  2.04642365e-02  9.98382260e-01  9.15031562e+02]
 [ 9.94149563e-01 -9.31186915e-02  5.47316785e-02 -2.71349993e+02]]

[[ 9.60068124e-02  9.95316636e-01 -1.12909418e-02 -2.93464640e+02]
 [-4.94671930e-02  1.61002443e-02  9.98645973e-01  9.15605671e+02]
 [ 9.94150737e-01 -9.53182853e-02  5.07812533e-02 -2.71619809e+02]]

[[ 9.82381588e-02  9.94527639e-01 -3.55533379e-02 -2.92683875e+02]
 [-3.48796051e-02  3.91451621e-02  9.98624589e-01  9.12216065e+02]
 [ 9.94551496e-01 -9.68629545e-02  3.85342799e-02 -2.70376379e+02]]

[[ 1.00938175e-01  9.94859406e-01 -8.13927142e-03 -2.91843999e+02]
 [-2.37665228e-02  1.05899037e-02  9.99661446e-01  9.18081699e+02]
 [ 9.94608786e-01 -1.00710560e-01  2.47132743e-02 -2.72257463e+02]]

[[ 9.63057309e-02  9.95334019e-01 -5.94956011e-03 -2.92531229e+02]
 [-2.41378240e-02  8.31101091e-03  9.99674093e-01  9.14699606e+02]
 [ 9.95059079e-01 -9.61307348e-02  2.48255953e-02 -2.70535603e+02]]

[[ 1.08918562e-01  9.93786934e-01 -2.28970831e-02 -2.93536770e+02]
 [-2.03915847e-02  2.52629955e-02  9.99472843e-01  9.14480893e+02]
 [ 9.93841501e-01 -1.08394237e-01  2.30164996e-02 -2.69847743e+02]]

[[ 9.52003919e-02  9.95371600e-01  1.31249207e-02 -2.91846319e+02]
 [-3.21492370e-02 -1.01036095e-02  9.99432011e-01  9.21340993e+02]
 [ 9.94938848e-01 -9.55682753e-02  3.10385698e-02 -2.71603155e+02]]

[[ 9.62306454e-02  9.95358847e-01 -6.54826499e-04 -2.93231973e+02]
 [-5.56746518e-02  6.03943651e-03  9.98430698e-01  9.18638162e+02]
 [ 9.93800783e-01 -9.60431732e-02  5.59974361e-02 -2.69533764e+02]]

[[ 9.06722110e-02  9.95666125e-01  2.06765197e-02 -2.92717193e+02]
 [-4.83501806e-02 -1.63363569e-02  9.98696843e-01  9.20745962e+02]
 [ 9.94706394e-01 -9.15537643e-02  4.66593834e-02 -2.71214447e+02]]

[[ 9.28433334e-02  9.95463503e-01 -2.07973271e-02 -2.93899489e+02]
 [-4.16355169e-02  2.47507783e-02  9.98826253e-01  9.13428121e+02]
 [ 9.94809831e-01 -9.18684513e-02  4.37445823e-02 -2.70160199e+02]]

[[ 9.77552746e-02  9.95127310e-01 -1.28663496e-02 -2.93808425e+02]
 [-5.78032020e-02  1.85837320e-02  9.98155015e-01  9.14528090e+02]
 [ 9.93530420e-01 -9.68312014e-02  5.93382027e-02 -2.69467346e+02]]

[[ 9.47345234e-02  9.95491937e-01 -4.60140390e-03 -2.93172571e+02]
 [-4.88857257e-02  9.26865407e-03  9.98761372e-01  9.15974525e+02]
 [ 9.94301542e-01 -9.43922396e-02  4.95434073e-02 -2.70036025e+02]]

[[ 9.87910954e-02  9.94979447e-01 -1.60068654e-02 -2.94462242e+02]
 [-5.35346832e-02  2.13763195e-02  9.98337163e-01  9.12048734e+02]
 [ 9.93667126e-01 -9.77698994e-02  5.53776995e-02 -2.68354877e+02]]

[[ 9.53076360e-02  9.95446459e-01  1.67384399e-03 -2.92771815e+02]
 [-5.04778716e-02  3.15358478e-03  9.98720201e-01  9.18894818e+02]
 [ 9.94167209e-01 -9.52701534e-02  5.05485793e-02 -2.70431386e+02]]

[[ 9.80324696e-02  9.95175677e-01 -3.87381208e-03 -2.92654876e+02]
 [-2.92187742e-02  6.76911431e-03  9.99550120e-01  9.16091055e+02]
 [ 9.94754190e-01 -9.78751787e-02  2.97414064e-02 -2.69745496e+02]]

[[ 9.50403869e-02  9.95471757e-01 -1.81832314e-03 -2.92402290e+02]
 [-5.95647673e-02  7.51010936e-03  9.98196192e-01  9.19016117e+02]
 [ 9.93689772e-01 -9.47606443e-02  6.00088072e-02 -2.69890804e+02]]

[[ 8.86092830e-02  9.96041056e-01 -7.11400982e-03 -2.93353191e+02]
 [-5.50341911e-02  1.20268669e-02  9.98412035e-01  9.14586228e+02]
 [ 9.94544938e-01 -8.80770608e-02  5.58820059e-02 -2.69756708e+02]]

[[ 9.90629234e-02  9.94996082e-01 -1.30128029e-02 -2.93625445e+02]
 [-4.30466392e-02  1.73499239e-02  9.98922403e-01  9.14746592e+02]
 [ 9.94149649e-01 -9.83960160e-02  4.45499715e-02 -2.68620315e+02]]

[[ 9.64039579e-02  9.95314612e-01 -7.42289875e-03 -2.93971059e+02]
 [-6.32382163e-02  1.35673395e-02  9.97906236e-01  9.16099293e+02]
 [ 9.93331367e-01 -9.57326999e-02  6.42498660e-02 -2.69074944e+02]]

[[ 9.58883928e-02  9.95205919e-01 -1.92508400e-02 -2.93491194e+02]
 [-4.46521143e-02  2.36211235e-02  9.98723301e-01  9.14379082e+02]
 [ 9.94390067e-01 -9.49063815e-02  4.67030400e-02 -2.69377420e+02]]

[[ 9.30860823e-02  9.95478081e-01 -1.89307141e-02 -2.93165449e+02]
 [-4.60223643e-02  2.32948920e-02  9.98668759e-01  9.13333290e+02]
 [ 9.94593848e-01 -9.20909260e-02  4.79826851e-02 -2.70229337e+02]]

[[ 9.46299458e-02  9.95476542e-01 -8.46330944e-03 -2.93298131e+02]
 [-6.19012365e-02  1.43689116e-02  9.97978843e-01  9.14415916e+02]
 [ 9.93586136e-01 -9.39147945e-02  6.29809582e-02 -2.69323342e+02]]

[[ 1.00984795e-01  9.94621272e-01 -2.30346604e-02 -2.94215563e+02]
 [-3.77890178e-02  2.69710079e-02  9.98921696e-01  9.10982961e+02]
 [ 9.94170036e-01 -1.00005446e-01  4.03094227e-02 -2.69160825e+02]]

[[ 1.00388475e-01  9.94797266e-01 -1.73365037e-02 -2.94396263e+02]
 [-4.48644224e-02  2.19328546e-02  9.98752288e-01  9.11952633e+02]
 [ 9.93936284e-01 -9.94854274e-02  4.68328106e-02 -2.69708555e+02]]

[[ 1.02968137e-01  9.94650959e-01 -8.18736763e-03 -2.94778758e+02]
 [-6.35711380e-02  1.47948491e-02  9.97867638e-01  9.10958922e+02]
 [ 9.92651134e-01 -1.02228092e-01  6.47544914e-02 -2.67921556e+02]]

[[ 8.87045252e-02  9.95843761e-01  2.06569750e-02 -2.93190558e+02]
 [-6.90136220e-02 -1.45441613e-02  9.97509693e-01  9.16410449e+02]
 [ 9.93664243e-01 -8.99092364e-02  6.74366520e-02 -2.70923486e+02]]

[[ 9.75776141e-02  9.95224339e-01 -2.66897109e-03 -2.93844531e+02]
 [-4.12963147e-02  6.72836207e-03  9.99124288e-01  9.13661413e+02]
 [ 9.94370768e-01 -9.73819455e-02  4.17556350e-02 -2.70102295e+02]]

[[ 1.01063448e-01  9.94864058e-01 -5.62905471e-03 -2.93319457e+02]
 [-3.68459810e-02  9.39702812e-03  9.99276773e-01  9.14598896e+02]
 [ 9.94197442e-01 -1.00782949e-01  3.76064382e-02 -2.70016584e+02]]

[[ 9.24372093e-02  9.95623841e-01 -1.37306114e-02 -2.92741707e+02]
 [-4.43115018e-02  1.78892430e-02  9.98857580e-01  9.14470793e+02]
 [ 9.94732051e-01 -9.17231832e-02  4.57712193e-02 -2.70426797e+02]]

[[ 9.46165059e-02  9.95479338e-01  8.28280356e-03 -2.91372366e+02]
 [-3.56861474e-02 -4.92318484e-03  9.99350920e-01  9.18546737e+02]
 [ 9.94873970e-01 -9.48506735e-02  3.50590078e-02 -2.70155327e+02]]

[[ 9.07043574e-02  9.95876505e-01  1.64510553e-03 -2.91697037e+02]
 [-6.66581405e-02  4.42299150e-03  9.97766070e-01  9.20116727e+02]
 [ 9.93644510e-01 -9.06113898e-02  6.67844606e-02 -2.68855850e+02]]

[[ 9.62761324e-02  9.95350897e-01 -2.73815770e-03 -2.92886820e+02]
 [-5.06917687e-02  7.65053268e-03  9.98685042e-01  9.18987477e+02]
 [ 9.94063001e-01 -9.60107313e-02  5.11926611e-02 -2.69599200e+02]]

[[ 9.66326554e-02  9.95203827e-01 -1.52142442e-02 -2.94149070e+02]
 [-5.79922493e-02  2.08894481e-02  9.98098457e-01  9.14925660e+02]
 [ 9.93629221e-01 -9.55665960e-02  5.97327112e-02 -2.68295267e+02]]

[[ 8.92642829e-02  9.95826490e-01  1.90128815e-02 -2.93367905e+02]
 [-7.50346552e-02 -1.23113045e-02  9.97104925e-01  9.19715430e+02]
 [ 9.93177571e-01 -9.04324811e-02  7.36225375e-02 -2.68959629e+02]]

[[ 9.91451222e-02  9.94931287e-01 -1.67922384e-02 -2.94663559e+02]
 [-3.66751784e-02  2.05175667e-02  9.99116590e-01  9.11516814e+02]
 [ 9.94396891e-01 -9.84416781e-02  3.85234991e-02 -2.68027299e+02]]

[[ 1.03990723e-01  9.94399309e-01 -1.88664853e-02 -2.94356612e+02]
 [-2.57923258e-02  2.16592509e-02  9.99432655e-01  9.14037441e+02]
 [ 9.94243776e-01 -1.03445114e-01  2.79002321e-02 -2.68030379e+02]]

[[ 9.51451520e-02  9.95392464e-01 -1.18845216e-02 -2.94106941e+02]
 [-4.81968936e-02  1.65309520e-02  9.98701050e-01  9.13888026e+02]
 [ 9.94295962e-01 -9.44487662e-02  4.95476646e-02 -2.68150628e+02]]

[[ 9.93690658e-02  9.94863140e-01 -1.93163542e-02 -2.94379721e+02]
 [-4.59051392e-02  2.39751404e-02  9.98658055e-01  9.12951708e+02]
 [ 9.93991201e-01 -9.83489981e-02  4.80517182e-02 -2.68775166e+02]]

[[ 9.77361916e-02  9.95119460e-01 -1.35976823e-02 -2.94230712e+02]
 [-3.59225171e-02  1.71816834e-02  9.99206867e-01  9.16581531e+02]
 [ 9.94563829e-01 -9.71702108e-02  3.74264681e-02 -2.70210855e+02]]

[[ 9.74696286e-02  9.95232797e-01 -3.36928317e-03 -2.94127624e+02]
 [-6.60658954e-02  9.84812472e-03  9.97766662e-01  9.15804761e+02]
 [ 9.93043287e-01 -9.70293512e-02  6.67108389e-02 -2.67898736e+02]]

[[ 1.04508561e-01  9.93975359e-01 -3.30294834e-02 -2.94036142e+02]
 [-4.35364373e-02  3.77519709e-02  9.98338303e-01  9.11661649e+02]
 [ 9.93570601e-01 -1.02896914e-01  4.72195500e-02 -2.68334861e+02]]

[[ 9.91933239e-02  9.94926526e-01 -1.67896482e-02 -2.93552742e+02]
 [-4.63970315e-02  2.14789381e-02  9.98692130e-01  9.15012059e+02]
 [ 9.93985915e-01 -9.82846021e-02  4.82922046e-02 -2.69529100e+02]]

[[ 9.63306416e-02  9.95342720e-01 -3.64373609e-03 -2.93665527e+02]
 [-4.94314830e-02  8.44022670e-03  9.98741854e-01  9.15021149e+02]
 [ 9.94121188e-01 -9.60293283e-02  5.00143192e-02 -2.68307297e+02]]

[[ 9.82171325e-02  9.95121886e-01 -9.26428622e-03 -2.93435326e+02]
 [-5.25192465e-02  1.44794503e-02  9.98514934e-01  9.15447799e+02]
 [ 9.93778206e-01 -9.75847202e-02  5.36851817e-02 -2.69661203e+02]]

[[ 9.88516268e-02  9.95092804e-01 -4.32050869e-03 -2.94005870e+02]
 [-4.68437369e-02  8.99028766e-03  9.98861772e-01  9.15397643e+02]
 [ 9.93999004e-01 -9.85367223e-02  4.75025700e-02 -2.70937394e+02]]

[[ 9.62328911e-02  9.95188800e-01  1.83979013e-02 -2.94080981e+02]
 [-6.83005373e-02 -1.18378423e-02  9.97594558e-01  9.15601866e+02]
 [ 9.93012723e-01 -9.72579950e-02  6.68327400e-02 -2.69432252e+02]]

[[ 9.94982235e-02  9.95013161e-01 -6.99376190e-03 -2.93022372e+02]
 [-5.69729935e-02  1.27139499e-02  9.98294763e-01  9.11976805e+02]
 [ 9.93405346e-01 -9.89300999e-02  5.79538938e-02 -2.70994297e+02]]

[[ 1.13491837e-01  9.93511680e-01 -7.35831546e-03 -2.93359683e+02]
 [-2.82924018e-02  1.06349129e-02  9.99543115e-01  9.14641312e+02]
 [ 9.93136014e-01 -1.13231800e-01  2.93158075e-02 -2.69272911e+02]]

[[ 9.22813563e-02  9.95732962e-01  1.42332357e-04 -2.92662629e+02]
 [-5.33232331e-02  4.79908996e-03  9.98565772e-01  9.15815287e+02]
 [ 9.94304171e-01 -9.21565935e-02  5.35385674e-02 -2.69930373e+02]]

[[ 1.01740659e-01  9.94738855e-01 -1.19769904e-02 -2.92198578e+02]
 [-3.74421473e-02  1.58599146e-02  9.99172932e-01  9.13099604e+02]
 [ 9.94106093e-01 -1.01208068e-01  3.88587569e-02 -2.69125173e+02]]

[[ 1.00277338e-01  9.94913421e-01 -9.57807801e-03 -2.92881245e+02]
 [-3.55243065e-02  1.32006263e-02  9.99281626e-01  9.14858153e+02]
 [ 9.94325138e-01 -9.98650466e-02  3.66673330e-02 -2.69773163e+02]]

[[ 8.05195289e-02  9.96504221e-01  2.22697594e-02 -2.91711290e+02]
 [-8.21709803e-02 -1.56299893e-02  9.96495677e-01  9.17515949e+02]
 [ 9.93360224e-01 -8.20672904e-02  8.06252094e-02 -2.70421096e+02]]

[[ 8.90966742e-02  9.95911172e-01  1.49238291e-02 -2.91915119e+02]
 [-7.38833760e-02 -8.33383346e-03  9.97232066e-01  9.18449099e+02]
 [ 9.93278928e-01 -8.99526834e-02  7.28387627e-02 -2.69101407e+02]]

[[ 7.99629309e-02  9.96562590e-01  2.16548688e-02 -2.92411319e+02]
 [-8.23853358e-02 -1.50427307e-02  9.96487016e-01  9.18730268e+02]
 [ 9.93387430e-01 -8.14660661e-02  8.08992828e-02 -2.70343787e+02]]

[[ 1.00944469e-01  9.94836745e-01 -1.04911804e-02 -2.93754900e+02]
 [-2.76760571e-02  1.33488952e-02  9.99527810e-01  9.11044840e+02]
 [ 9.94507039e-01 -1.00606449e-01  2.88806557e-02 -2.70913615e+02]]

[[ 8.30208788e-02  9.96477091e-01  1.18718429e-02 -2.92205604e+02]
 [-8.23271677e-02 -5.01418318e-03  9.96592743e-01  9.16160506e+02]
 [ 9.93141365e-01 -8.37153805e-02  8.16208547e-02 -2.70510464e+02]]

[[ 9.54101849e-02  9.95404757e-01  8.14044087e-03 -2.93306547e+02]
 [-5.60625772e-02 -2.79149301e-03  9.98423355e-01  9.17337551e+02]
 [ 9.93858080e-01 -9.57161310e-02  5.55386192e-02 -2.69676889e+02]]

[[ 1.03988643e-01  9.94309181e-01 -2.31433592e-02 -2.93945169e+02]
 [-1.60517054e-02  2.49443240e-02  9.99559965e-01  9.10068326e+02]
 [ 9.94448945e-01 -1.03571394e-01  1.85542845e-02 -2.69155383e+02]]

[[ 8.79101966e-02  9.96063212e-01  1.13963131e-02 -2.95166206e+02]
 [-8.38597464e-02 -3.99969809e-03  9.96469541e-01  9.20476616e+02]
 [ 9.92592233e-01 -8.85555252e-02  8.31779941e-02 -2.69910465e+02]]

[[ 1.02769746e-01  9.94337815e-01 -2.70312555e-02 -2.95792389e+02]
 [-3.93013907e-02  3.12129175e-02  9.98739783e-01  9.13663427e+02]
 [ 9.93928458e-01 -1.01577868e-01  4.22866026e-02 -2.70213881e+02]]

[[ 8.97032075e-02  9.95875075e-01 -1.36443659e-02 -2.94503277e+02]
 [-2.53887621e-02  1.59816008e-02  9.99549898e-01  9.12216911e+02]
 [ 9.95644889e-01 -8.93164183e-02  2.67176362e-02 -2.69119865e+02]]

[[ 8.89222983e-02  9.95997916e-01  8.99872229e-03 -2.93981039e+02]
 [-6.51370694e-02 -3.20023546e-03  9.97871194e-01  9.18790833e+02]
 [ 9.93906428e-01 -8.93191504e-02  6.45918131e-02 -2.69884818e+02]]

[[ 9.73220432e-02  9.94909546e-01 -2.61422019e-02 -2.93916642e+02]
 [-2.78300011e-02  2.89770733e-02  9.99192584e-01  9.10673275e+02]
 [ 9.94863765e-01 -9.65159264e-02  3.05084418e-02 -2.69093717e+02]]

[[ 9.77331191e-02  9.95141998e-01 -1.18592543e-02 -2.93609714e+02]
 [-5.42803103e-02  1.72286889e-02  9.98377093e-01  9.14237597e+02]
 [ 9.93731294e-01 -9.69307834e-02  5.57004299e-02 -2.69078235e+02]]

[[ 9.57241849e-02  9.95396900e-01 -4.67880145e-03 -2.93881209e+02]
 [-4.82626767e-02  9.33602504e-03  9.98791046e-01  9.15842033e+02]
 [ 9.94237192e-01 -9.53826472e-02  4.89342022e-02 -2.68500858e+02]]

[[ 9.86630339e-02  9.95084506e-01  8.51062811e-03 -2.93470031e+02]
 [-5.16413454e-02 -3.42094630e-03  9.98659836e-01  9.19169179e+02]
 [ 9.93780045e-01 -9.89703096e-02  5.10499818e-02 -2.69393219e+02]]

[[ 9.60211796e-02  9.95333441e-01 -9.55380307e-03 -2.93361686e+02]
 [-4.47727194e-02  1.39073263e-02  9.98900390e-01  9.16780069e+02]
 [ 9.94371830e-01 -9.54878440e-02  4.58991827e-02 -2.70340241e+02]]

[[ 9.56199950e-02  9.95416068e-01 -1.91530495e-03 -2.93835040e+02]
 [-4.29966117e-02  6.05257900e-03  9.99056884e-01  9.18309566e+02]
 [ 9.94488868e-01 -9.54474627e-02  4.33782657e-02 -2.70695317e+02]]

[[ 9.53565432e-02  9.95338643e-01 -1.44261998e-02 -2.93028059e+02]
 [-5.67186667e-02  1.99013782e-02  9.98191829e-01  9.17833576e+02]
 [ 9.93826002e-01 -9.43658875e-02  5.83520074e-02 -2.69582175e+02]]

[[ 9.19097530e-02  9.95747208e-01 -6.33204904e-03 -2.92739919e+02]
 [-5.56518015e-02  1.14856068e-02  9.98384173e-01  9.17033224e+02]
 [ 9.94210981e-01 -9.14088528e-02  5.64707653e-02 -2.70482109e+02]]

[[ 9.53610209e-02  9.95441632e-01  1.49462701e-03 -2.92795307e+02]
 [-4.82378623e-02  3.12136031e-03  9.98831000e-01  9.17640372e+02]
 [ 9.94273295e-01 -9.53216414e-02  4.83156324e-02 -2.68843070e+02]]

[[ 9.32949824e-02  9.95364173e-01 -2.33711340e-02 -2.92862855e+02]
 [-4.88440867e-02  2.80208587e-02  9.98413285e-01  9.13615049e+02]
 [ 9.94439692e-01 -9.20054081e-02  5.12318595e-02 -2.69772616e+02]]

[[ 9.37564478e-02  9.95547602e-01 -9.73137840e-03 -2.92751208e+02]
 [-4.81730777e-02  1.42992870e-02  9.98736644e-01  9.15360793e+02]
 [ 9.94429024e-01 -9.31692096e-02  4.92992424e-02 -2.68819519e+02]]

[[ 9.97955205e-02  9.94866045e-01 -1.68049424e-02 -2.92259774e+02]
 [-4.07953991e-02  2.09660926e-02  9.98947525e-01  9.14014742e+02]
 [ 9.94171308e-01 -9.90049239e-02  4.26782795e-02 -2.68306083e+02]]

[[ 1.03908628e-01  9.94536292e-01 -1.00280469e-02 -2.92078109e+02]
 [-3.48607740e-02  1.37182954e-02  9.99298021e-01  9.16916295e+02]
 [ 9.93975716e-01 -1.03486101e-01  3.60957541e-02 -2.68164888e+02]]

[[ 9.40916430e-02  9.95460902e-01 -1.42952818e-02 -2.93040628e+02]
 [-5.74895361e-02  1.97678542e-02  9.98150382e-01  9.12597407e+02]
 [ 9.93902267e-01 -9.30957803e-02  5.90885753e-02 -2.67090589e+02]]

[[ 9.25008642e-02  9.95710271e-01  2.15556918e-03 -2.92821481e+02]
 [-6.17663491e-02  3.57734692e-03  9.98084225e-01  9.16935037e+02]
 [ 9.93795003e-01 -9.24567950e-02  6.18322959e-02 -2.69164843e+02]]

[[ 1.03075323e-01  9.94665547e-01 -3.99099167e-03 -2.93745677e+02]
 [-4.79518551e-02  8.97677880e-03  9.98809310e-01  9.15577469e+02]
 [ 9.93517034e-01 -1.02761217e-01  4.86213425e-02 -2.67810154e+02]]

[[ 1.04249133e-01  9.94410610e-01 -1.67229472e-02 -2.93620568e+02]
 [-4.06463756e-02  2.10604797e-02  9.98951615e-01  9.12631752e+02]
 [ 9.93720278e-01 -1.03460112e-01  4.26147239e-02 -2.67250147e+02]]

[[ 9.44553741e-02  9.95408776e-01 -1.54774409e-02 -2.92711211e+02]
 [-4.45537296e-02  1.97581003e-02  9.98811585e-01  9.14096686e+02]
 [ 9.94531622e-01 -9.36535443e-02  4.62154322e-02 -2.69479435e+02]]

[[ 1.02619170e-01  9.94634409e-01 -1.31033679e-02 -2.93367057e+02]
 [-2.08350766e-02  1.53192606e-02  9.99665554e-01  9.14612578e+02]
 [ 9.94502492e-01 -1.02311839e-01  2.22953339e-02 -2.68539370e+02]]

[[ 9.92027802e-02  9.94553163e-01 -3.19814651e-02 -2.93422069e+02]
 [-2.82474007e-02  3.49417086e-02  9.98990071e-01  9.10604891e+02]
 [ 9.94666222e-01 -9.81991991e-02  3.15598563e-02 -2.69360181e+02]]

[[ 9.14856004e-02  9.95664175e-01  1.68295929e-02 -2.92714419e+02]
 [-7.04321526e-02 -1.03884019e-02  9.97462477e-01  9.19588018e+02]
 [ 9.93312487e-01 -9.24387981e-02  6.91763819e-02 -2.69355603e+02]]

[[ 9.71882999e-02  9.95107858e-01 -1.77421809e-02 -2.92968987e+02]
 [-4.98887608e-02  2.26750540e-02  9.98497348e-01  9.10266215e+02]
 [ 9.94014862e-01 -9.61571243e-02  5.18484479e-02 -2.68425870e+02]]

[[ 1.02157796e-01  9.94714156e-01 -1.03697897e-02 -2.93949956e+02]
 [-4.41757610e-02  1.49504304e-02  9.98911901e-01  9.10907236e+02]
 [ 9.93786842e-01 -1.01588545e-01  4.54695579e-02 -2.68659440e+02]]

[[ 9.62635881e-02  9.95320396e-01  8.40427132e-03 -2.92877172e+02]
 [-3.22827387e-02 -5.31700116e-03  9.99464634e-01  9.16880790e+02]
 [ 9.94832220e-01 -9.64833647e-02  3.16198346e-02 -2.70374764e+02]]

[[ 8.82921238e-02  9.96087690e-01  3.71682686e-03 -2.92521840e+02]
 [-5.26326240e-02  9.39046511e-04  9.98613501e-01  9.16005463e+02]
 [ 9.94703125e-01 -8.83653332e-02  5.25096193e-02 -2.69615660e+02]]

[[ 9.76867045e-02  9.95044146e-01 -1.85594872e-02 -2.93251943e+02]
 [-5.46420888e-02  2.39830753e-02  9.98217939e-01  9.11958360e+02]
 [ 9.93716031e-01 -9.64984917e-02  5.67141182e-02 -2.68592420e+02]]

[[ 8.67711547e-02  9.96168643e-01  1.08996098e-02 -2.91865708e+02]
 [-7.41864765e-02 -4.44926699e-03  9.97234461e-01  9.17615270e+02]
 [ 9.93462195e-01 -8.73397894e-02  7.35161736e-02 -2.69310127e+02]]

[[ 9.47987985e-02  9.95447561e-01 -9.86620708e-03 -2.92906700e+02]
 [-3.12960515e-02  1.28860456e-02  9.99427089e-01  9.13096282e+02]
 [ 9.95004394e-01 -9.44357139e-02  3.23751598e-02 -2.67803028e+02]]

[[ 9.12043556e-02  9.95823686e-01 -4.11715633e-03 -2.91522836e+02]
 [-4.93852383e-02  8.65226169e-03  9.98742327e-01  9.18699269e+02]
 [ 9.94606889e-01 -9.08863236e-02  4.99681140e-02 -2.69245628e+02]]

[[ 9.91167156e-02  9.95063963e-01 -4.85649801e-03 -2.93607404e+02]
 [-5.47478311e-02  1.03263514e-02  9.98446815e-01  9.17330382e+02]
 [ 9.93568594e-01 -9.86968862e-02  5.55011078e-02 -2.68710132e+02]]

[[ 9.25128667e-02  9.95644929e-01 -1.15128425e-02 -2.93708086e+02]
 [-6.48026971e-02  1.75584165e-02  9.97743611e-01  9.16213518e+02]
 [ 9.93600513e-01 -9.15580584e-02  6.61448562e-02 -2.67698645e+02]]

[[ 9.25020378e-02  9.95384325e-01 -2.55620347e-02 -2.94405317e+02]
 [-3.02323375e-02  2.84679370e-02  9.99137419e-01  9.13833089e+02]
 [ 9.95253424e-01 -9.16494473e-02  3.27261370e-02 -2.68184679e+02]]

[[ 9.33897960e-02  9.95618544e-01 -4.69694357e-03 -2.95257846e+02]
 [-4.78206979e-02  9.19763531e-03  9.98813588e-01  9.16965679e+02]
 [ 9.94480531e-01 -9.30543861e-02  4.84701389e-02 -2.69006490e+02]]

[[ 1.00247847e-01  9.94767017e-01 -1.97218583e-02 -2.94721444e+02]
 [-4.50605639e-02  2.43405752e-02  9.98687680e-01  9.13385609e+02]
 [ 9.93941605e-01 -9.92276121e-02  4.72648530e-02 -2.67133122e+02]]

[[ 9.79606062e-02  9.95190264e-01  2.40785115e-04 -2.94440394e+02]
 [-4.66020962e-02  4.34554930e-03  9.98904080e-01  9.15063787e+02]
 [ 9.94098569e-01 -9.78644703e-02  4.68036451e-02 -2.69011057e+02]]

[[ 9.25722804e-02  9.95670148e-01  8.44567146e-03 -2.93452208e+02]
 [-5.54625463e-02 -3.31267421e-03  9.98455273e-01  9.16811753e+02]
 [ 9.94160087e-01 -9.28977000e-02  5.49157399e-02 -2.68978715e+02]]

[[ 9.51559099e-02  9.95450800e-01  4.80184220e-03 -2.92934754e+02]
 [-4.75788415e-02 -2.70225228e-04  9.98867449e-01  9.17920022e+02]
 [ 9.94324699e-01 -9.52766070e-02  4.73366823e-02 -2.69445593e+02]]

[[ 9.97182362e-02  9.94735751e-01 -2.36020794e-02 -2.93741224e+02]
 [-5.06917049e-02  2.87682849e-02  9.98299923e-01  9.14657020e+02]
 [ 9.93723616e-01 -9.83522779e-02  5.32935737e-02 -2.68551023e+02]]

[[ 9.29990117e-02  9.95665290e-01 -1.34700571e-03 -2.92951100e+02]
 [-6.80553782e-02  7.70633027e-03  9.97651782e-01  9.17043127e+02]
 [ 9.93337631e-01 -9.26889588e-02  6.84770590e-02 -2.68176326e+02]]

[[ 9.13082992e-02  9.95820955e-01 -1.84957175e-03 -2.93336415e+02]
 [-5.81238093e-02  7.18360379e-03  9.98283536e-01  9.13335896e+02]
 [ 9.94124951e-01 -9.10440676e-02  5.85368299e-02 -2.68228485e+02]]

[[ 8.96071670e-02  9.95905875e-01 -1.19182084e-02 -2.93263635e+02]
 [-5.64313096e-02  1.70238342e-02  9.98261337e-01  9.12778437e+02]
 [ 9.94377224e-01 -8.87788102e-02  5.77257303e-02 -2.68767233e+02]]

[[ 1.03426015e-01  9.94603464e-01 -8.18586582e-03 -2.93384269e+02]
 [-4.21637667e-02  1.26067985e-02  9.99031173e-01  9.16293967e+02]
 [ 9.93743063e-01 -1.02980666e-01  4.32400994e-02 -2.69421961e+02]]

[[ 9.42202598e-02  9.95415099e-01 -1.64718749e-02 -2.93451841e+02]
 [-6.35260334e-02  2.25231234e-02  9.97725990e-01  9.10969215e+02]
 [ 9.93522514e-01 -9.29596091e-02  6.53569074e-02 -2.68302815e+02]]

[[ 1.01831448e-01  9.94736914e-01 -1.13502682e-02 -2.93607826e+02]
 [-4.22090624e-02  1.57196932e-02  9.98985128e-01  9.14318342e+02]
 [ 9.93905806e-01 -1.01249018e-01  4.35876716e-02 -2.68290644e+02]]

[[ 8.98679502e-02  9.95868837e-01 -1.30004016e-02 -2.94020852e+02]
 [-5.89028996e-02  1.83449063e-02  9.98095142e-01  9.10953534e+02]
 [ 9.94210340e-01 -8.89310032e-02  6.03081813e-02 -2.69670994e+02]]

[[ 9.55309364e-02  9.94952501e-01 -3.07141670e-02 -2.94498410e+02]
 [-6.31389582e-02  3.68497048e-02  9.97324206e-01  9.08915514e+02]
 [ 9.93422021e-01 -9.33360547e-02  6.63405512e-02 -2.68931828e+02]]

[[ 1.04361713e-01  9.94443027e-01 -1.38455448e-02 -2.93767164e+02]
 [-3.12239816e-02  1.71908643e-02  9.99364567e-01  9.12580970e+02]
 [ 9.94049142e-01 -1.03863085e-01  3.28445388e-02 -2.68804574e+02]]

[[ 9.49225087e-02  9.95427791e-01 -1.06409264e-02 -2.93114706e+02]
 [-5.97571823e-02  1.63676203e-02  9.98078744e-01  9.12629556e+02]
 [ 9.93689487e-01 -9.41042666e-02  6.10376156e-02 -2.68961954e+02]]

[[ 9.22004683e-02  9.95696498e-01 -9.35721516e-03 -2.92819659e+02]
 [-5.30843624e-02  1.42990026e-02  9.98487651e-01  9.12446467e+02]
 [ 9.94324456e-01 -9.15643072e-02  5.41742885e-02 -2.68574422e+02]]

[[ 1.06876673e-01  9.93622271e-01 -3.59466099e-02 -2.94138135e+02]
 [-5.40015380e-02  4.19012821e-02  9.97661324e-01  9.10283305e+02]
 [ 9.92804719e-01 -1.04685551e-01  5.81354004e-02 -2.67636862e+02]]

[[ 1.03293858e-01  9.94624498e-01 -7.24478817e-03 -2.92790120e+02]
 [-3.43631352e-02  1.08478967e-02  9.99350538e-01  9.16115084e+02]
 [ 9.94057118e-01 -1.02977819e-01  3.52989372e-02 -2.69434308e+02]]

[[ 1.05171492e-01  9.94435314e-01 -6.11264424e-03 -2.92903921e+02]
 [-3.10791451e-02  9.43053746e-03  9.99472437e-01  9.16242039e+02]
 [ 9.93968332e-01 -1.04926031e-01  3.18980231e-02 -2.70000622e+02]]

[[ 1.04966989e-01  9.94434378e-01  9.06640628e-03 -2.90619882e+02]
 [-3.70692066e-02 -5.19793913e-03  9.99299182e-01  9.17313504e+02]
 [ 9.93784587e-01 -1.05229511e-01  3.63172814e-02 -2.71481175e+02]]

[[ 9.30702078e-02  9.95592202e-01 -1.15803049e-02 -2.91831261e+02]
 [-6.72183811e-02  1.78871282e-02  9.97577937e-01  9.13192544e+02]
 [ 9.93387953e-01 -9.20663766e-02  6.85868548e-02 -2.67667777e+02]]

[[ 9.06163046e-02  9.95885431e-01 -9.44892073e-04 -2.90226472e+02]
 [-6.70382980e-02  7.04649907e-03  9.97725520e-01  9.16851055e+02]
 [ 9.93626968e-01 -9.03468556e-02  6.74009920e-02 -2.65459758e+02]]

[[ 8.83345497e-02  9.96086093e-01 -3.08269433e-03 -2.91663821e+02]
 [-6.98720615e-02  9.28347870e-03  9.97512763e-01  9.16762044e+02]
 [ 9.93637209e-01 -8.78994466e-02  7.04186406e-02 -2.67519537e+02]]

[[ 1.00323978e-01  9.94905920e-01 -9.86455883e-03 -2.92222219e+02]
 [-2.44198426e-02  1.23737905e-02  9.99625210e-01  9.16282216e+02]
 [ 9.94655101e-01 -1.00045487e-01  2.55368339e-02 -2.68631866e+02]]

[[ 9.57213327e-02  9.95082067e-01 -2.54775714e-02 -2.93086636e+02]
 [-4.96993937e-02  3.03408491e-02  9.98303262e-01  9.12301253e+02]
 [ 9.94166685e-01 -9.42926988e-02  5.23592419e-02 -2.66311139e+02]]

[[ 1.03057067e-01  9.94289457e-01 -2.77076892e-02 -2.92896494e+02]
 [-3.95451319e-02  3.19296179e-02  9.98707506e-01  9.12556277e+02]
 [ 9.93889040e-01 -1.01828162e-01  4.26098805e-02 -2.66666648e+02]]

[[ 9.14315643e-02  9.95701506e-01  1.47912384e-02 -2.90954774e+02]
 [-3.28959257e-02 -1.18253034e-02  9.99388823e-01  9.19031632e+02]
 [ 9.95267867e-01 -9.18622549e-02  3.16733168e-02 -2.70561434e+02]]

[[ 8.95815363e-02  9.95971215e-01  4.06049363e-03 -2.92471169e+02]
 [-5.26892871e-02  6.67825295e-04  9.98610731e-01  9.16455351e+02]
 [ 9.94584832e-01 -8.96710280e-02  5.25368381e-02 -2.67840424e+02]]

[[ 9.52180943e-02  9.95454317e-01  2.05365817e-03 -2.92460001e+02]
 [-4.22189253e-02  1.97717012e-03  9.99106427e-01  9.16593401e+02]
 [ 9.94560746e-01 -9.52197132e-02  4.22152738e-02 -2.69334849e+02]]

[[ 9.76170601e-02  9.95220623e-01 -2.61156150e-03 -2.92040806e+02]
 [-4.51180991e-02  7.04681270e-03  9.98956806e-01  9.16051047e+02]
 [ 9.94200818e-01 -9.73973979e-02  4.55903518e-02 -2.68511639e+02]]

[[ 9.51140725e-02  9.95466374e-01 -1.08416170e-04 -2.92292508e+02]
 [-5.63570871e-02  5.49349977e-03  9.98395563e-01  9.16317247e+02]
 [ 9.93869806e-01 -9.49553580e-02  5.66240943e-02 -2.68698675e+02]]

[[ 9.51949315e-02  9.95457833e-01  1.27605560e-03 -2.89742880e+02]
 [-4.97727253e-02  3.47944913e-03  9.98754509e-01  9.20451196e+02]
 [ 9.94213559e-01 -9.51398798e-02  4.98778752e-02 -2.69705451e+02]]

[[ 9.80504719e-02  9.95170918e-01 -4.57689666e-03 -2.90681927e+02]
 [-4.91954244e-02  9.44037355e-03  9.98744557e-01  9.19907111e+02]
 [ 9.93964745e-01 -9.77022128e-02  4.98834888e-02 -2.68906117e+02]]

[[ 9.73839522e-02  9.95134251e-01 -1.49729311e-02 -2.91979390e+02]
 [-4.10222605e-02  1.90451883e-02  9.98976704e-01  9.14451075e+02]
 [ 9.94401096e-01 -9.66700761e-02  4.26773522e-02 -2.69800500e+02]]

[[ 1.02209977e-01  9.94744970e-01 -5.96359442e-03 -2.92865725e+02]
 [-4.72851914e-02  1.08465900e-02  9.98822538e-01  9.14488114e+02]
 [ 9.93638381e-01 -1.01807639e-01  4.81453360e-02 -2.66620097e+02]]

[[ 9.92158593e-02  9.95060922e-01  3.15836378e-03 -2.91663227e+02]
 [-6.18182199e-02  2.99583550e-03  9.98082929e-01  9.18759215e+02]
 [ 9.93143857e-01 -9.92208999e-02  6.18101293e-02 -2.67744416e+02]]

[[ 9.75760491e-02  9.95211653e-01 -5.71668388e-03 -2.90857157e+02]
 [-6.93065574e-02  1.25251228e-02  9.97516778e-01  9.18883155e+02]
 [ 9.92811924e-01 -9.69375424e-02  7.01968456e-02 -2.66918095e+02]]

[[ 9.73374936e-02  9.95235848e-01 -5.56941829e-03 -2.93468394e+02]
 [-4.83142683e-02  1.03145475e-02  9.98778925e-01  9.16437477e+02]
 [ 9.94078037e-01 -9.69495549e-02  4.90880840e-02 -2.67072103e+02]]

[[ 9.27561935e-02  9.95680139e-01 -4.16526456e-03 -2.93178481e+02]
 [-6.03636805e-02  9.79890378e-03  9.98128352e-01  9.16581711e+02]
 [ 9.93857392e-01 -9.23311558e-02  6.10118268e-02 -2.67703883e+02]]

[[ 1.03846647e-01  9.94523351e-01 -1.17973877e-02 -2.96095447e+02]
 [-4.83308076e-02  1.68934273e-02  9.98688513e-01  9.13254263e+02]
 [ 9.93418344e-01 -1.03140276e-01  4.98204425e-02 -2.66603173e+02]]

[[ 9.28190484e-02  9.95660481e-01  6.69558636e-03 -2.93682215e+02]
 [-4.84380285e-02 -2.20129161e-03  9.98823764e-01  9.20175182e+02]
 [ 9.94504088e-01 -9.30341923e-02  4.80235090e-02 -2.69037944e+02]]

[[ 9.82218731e-02  9.95156288e-01 -4.05295740e-03 -2.95309145e+02]
 [-5.36882657e-02  9.36566056e-03  9.98513823e-01  9.14337681e+02]
 [ 9.93715268e-01 -9.78583017e-02  5.43481279e-02 -2.67599930e+02]]

[[ 9.49504367e-02  9.95460108e-01 -6.60218894e-03 -2.96069755e+02]
 [-7.56450039e-02  1.38279429e-02  9.97038927e-01  9.10917928e+02]
 [ 9.92603772e-01 -9.41698589e-02  7.66145529e-02 -2.66375885e+02]]

[[ 1.01371424e-01  9.94848396e-01 -7.09290535e-04 -2.93660006e+02]
 [-3.25563551e-02  4.02995357e-03  9.99461777e-01  9.15689913e+02]
 [ 9.94315804e-01 -1.01293771e-01  3.27971598e-02 -2.69571518e+02]]

[[ 9.66253378e-02  9.95276195e-01 -9.42544832e-03 -2.94096255e+02]
 [-5.65075955e-02  1.49399734e-02  9.98290383e-01  9.13336939e+02]
 [ 9.93715470e-01 -9.59275361e-02  5.76842447e-02 -2.69021295e+02]]

[[ 9.94746800e-02  9.95024196e-01 -5.62477593e-03 -2.93299943e+02]
 [-2.74300296e-02  8.39281572e-03  9.99588492e-01  9.15171754e+02]
 [ 9.94661943e-01 -9.92794577e-02  2.81284158e-02 -2.69013034e+02]]

[[ 9.50363590e-02  9.95365474e-01 -1.46854860e-02 -2.93808233e+02]
 [-6.99406685e-02  2.13922039e-02  9.97321752e-01  9.12134944e+02]
 [ 9.93013793e-01 -9.37547153e-02  7.16495639e-02 -2.68625068e+02]]

[[ 9.43684163e-02  9.95537334e-01  1.38489969e-04 -2.93654291e+02]
 [-5.50759966e-02  5.08183514e-03  9.98469233e-01  9.13529149e+02]
 [ 9.94012694e-01 -9.42315877e-02  5.53097755e-02 -2.68951369e+02]]

[[ 9.46759375e-02  9.95459906e-01  9.80011858e-03 -2.93885419e+02]
 [-6.64651408e-02 -3.50163607e-03  9.97782603e-01  9.18002128e+02]
 [ 9.93286893e-01 -9.51173696e-02  6.58318621e-02 -2.68599821e+02]]

[[ 9.32582533e-02  9.95522368e-01 -1.54308880e-02 -2.92908894e+02]
 [-4.51189312e-02  1.97081319e-02  9.98787200e-01  9.13158647e+02]
 [ 9.94619113e-01 -9.24489246e-02  4.67548512e-02 -2.68774454e+02]]

[[ 9.00567582e-02  9.95911161e-01 -7.12317504e-03 -2.92559312e+02]
 [-5.09275672e-02  1.17478461e-02  9.98633252e-01  9.13168746e+02]
 [ 9.94633683e-01 -8.95709073e-02  5.17773055e-02 -2.67870354e+02]]

[[ 9.33625572e-02  9.95400485e-01 -2.14780681e-02 -2.92812001e+02]
 [-6.17357682e-02  2.73185291e-02  9.97718594e-01  9.13701417e+02]
 [ 9.93716322e-01 -9.18235943e-02  6.40023414e-02 -2.69260737e+02]]

[[ 1.00617710e-01  9.94858457e-01 -1.15207207e-02 -2.93748704e+02]
 [-7.23380275e-02  1.88639595e-02  9.97201765e-01  9.16415296e+02]
 [ 9.92291936e-01 -9.95027714e-02  7.38641468e-02 -2.68038271e+02]]

[[ 1.05375733e-01  9.93991239e-01 -2.96204464e-02 -2.94172326e+02]
 [-6.24381491e-02  3.63408773e-02  9.97386995e-01  9.12590158e+02]
 [ 9.92470369e-01 -1.03250939e-01  6.58924198e-02 -2.67569792e+02]]

[[ 1.03691489e-01  9.94297919e-01 -2.48942277e-02 -2.93531142e+02]
 [-5.35016786e-02  3.05688975e-02  9.98099751e-01  9.17096685e+02]
 [ 9.93169495e-01 -1.02162566e-01  5.63663422e-02 -2.67280155e+02]]

[[ 9.84043904e-02  9.95145287e-01 -1.55976316e-03 -2.93715406e+02]
 [-3.91046364e-02  5.43299060e-03  9.99220351e-01  9.21520068e+02]
 [ 9.94377898e-01 -9.82666756e-02  3.94494247e-02 -2.69373469e+02]]

[[ 9.50714454e-02  9.95422694e-01 -9.75094361e-03 -2.94948035e+02]
 [-6.25095268e-02  1.57456067e-02  9.97920155e-01  9.18309877e+02]
 [ 9.93505903e-01 -9.42641846e-02  6.37203592e-02 -2.69483919e+02]]

[[ 9.83467789e-02  9.95148019e-01 -2.88648815e-03 -2.94822731e+02]
 [-5.04219157e-02  7.87979242e-03  9.98696921e-01  9.17209793e+02]
 [ 9.93874007e-01 -9.80730829e-02  5.09522217e-02 -2.68521523e+02]]

[[ 9.98140682e-02  9.95005462e-01 -1.13203778e-03 -2.94346658e+02]
 [-2.69418702e-02  3.83997507e-03  9.99629627e-01  9.15676686e+02]
 [ 9.94641286e-01 -9.97466005e-02  2.71905915e-02 -2.70398181e+02]]

[[ 1.04297775e-01  9.94384659e-01 -1.79199447e-02 -2.96171113e+02]
 [-6.24660789e-02  2.45323755e-02  9.97745534e-01  9.12248596e+02]
 [ 9.92582472e-01 -1.02943251e-01  6.46739827e-02 -2.67567235e+02]]

[[ 9.29608492e-02  9.95624380e-01 -9.50649609e-03 -2.93631115e+02]
 [-3.94519209e-02  1.32236087e-02  9.99133966e-01  9.13619062e+02]
 [ 9.94887846e-01 -9.25052925e-02  4.05085722e-02 -2.70843619e+02]]

[[ 9.37839855e-02  9.95572331e-01 -6.34810254e-03 -2.91371591e+02]
 [-5.48594295e-02  1.15341252e-02  9.98427467e-01  9.10273363e+02]
 [ 9.94079980e-01 -9.32882538e-02  5.56982463e-02 -2.71506449e+02]]

[[ 1.01772224e-01  9.94792616e-01 -5.48315475e-03 -2.92942535e+02]
 [-3.84263889e-02  9.43875089e-03  9.99216855e-01  9.10962796e+02]
 [ 9.94065303e-01 -1.01481824e-01  3.91868906e-02 -2.70125611e+02]]

[[ 9.83070897e-02  9.94505813e-01 -3.59708702e-02 -2.91879510e+02]
 [-3.75911391e-02  3.98311958e-02  9.98499065e-01  9.08872667e+02]
 [ 9.94445887e-01 -9.68073511e-02  4.13002953e-02 -2.71376490e+02]]

[[ 9.73166728e-02  9.95237297e-01 -5.67337933e-03 -2.92316692e+02]
 [-2.63000660e-02  8.27004547e-03  9.99619884e-01  9.13201196e+02]
 [ 9.94905911e-01 -9.71304709e-02  2.69796199e-02 -2.72173721e+02]]

[[ 8.93947802e-02  9.95925928e-01 -1.18371888e-02 -2.92686444e+02]
 [-7.27741681e-02  1.83843258e-02  9.97178989e-01  9.11726353e+02]
 [ 9.93334029e-01 -8.82811550e-02  7.41211437e-02 -2.72237677e+02]]

[[ 1.06445266e-01  9.94265785e-01 -1.02447134e-02 -2.94116657e+02]
 [-4.48047854e-02  1.50890389e-02  9.98881801e-01  9.15221769e+02]
 [ 9.93308581e-01 -1.05867227e-01  4.61540219e-02 -2.72151875e+02]]

[[ 9.46915377e-02  9.95451571e-01 -1.04729336e-02 -2.93604388e+02]
 [-6.68341196e-02  1.68533080e-02  9.97621755e-01  9.13954679e+02]
 [ 9.93260647e-01 -9.37663887e-02  6.81259950e-02 -2.70882200e+02]]

[[ 9.45732512e-02  9.95432442e-01  1.30442798e-02 -2.92857878e+02]
 [-5.20433178e-02 -8.14145042e-03  9.98611641e-01  9.18840508e+02]
 [ 9.94156624e-01 -9.51208172e-02  5.10356435e-02 -2.70702566e+02]]

[[ 9.71190289e-02  9.95137898e-01  1.63846817e-02 -2.95291107e+02]
 [-4.45670494e-02 -1.20977133e-02  9.98933143e-01  9.18009943e+02]
 [ 9.94274445e-01 -9.77456337e-02  4.31754417e-02 -2.71699354e+02]]

[[ 1.02816935e-01  9.94313321e-01 -2.77434186e-02 -2.95000793e+02]
 [-4.49412648e-02  3.25062871e-02  9.98460627e-01  9.11751635e+02]
 [ 9.93684538e-01 -1.01411837e-01  4.80278951e-02 -2.69595492e+02]]

[[ 9.68913786e-02  9.94950784e-01 -2.61724784e-02 -2.95062572e+02]
 [-3.36880687e-02  2.95595153e-02  9.98995170e-01  9.13998504e+02]
 [ 9.94724673e-01 -9.59123189e-02  3.63820325e-02 -2.70937140e+02]]

[[ 9.14778555e-02  9.95798076e-01  4.24183744e-03 -2.93603012e+02]
 [-5.45473339e-02  7.57535319e-04  9.98510899e-01  9.19261818e+02]
 [ 9.94312019e-01 -9.15730166e-02  5.43874279e-02 -2.71486703e+02]]

[[ 1.04414524e-01  9.93933701e-01 -3.45456908e-02 -2.94302050e+02]
 [-4.18465865e-02  3.90955530e-02  9.98358854e-01  9.13019001e+02]
 [ 9.93653094e-01 -1.02797546e-01  4.56748762e-02 -2.70226295e+02]]

[[ 9.03420226e-02  9.95878735e-01 -7.99154547e-03 -2.93659071e+02]
 [-4.68224180e-02  1.22627490e-02  9.98827956e-01  9.14486734e+02]
 [ 9.94809520e-01 -8.98619543e-02  4.77372919e-02 -2.70146604e+02]]

[[ 9.85299720e-02  9.95030815e-01 -1.43360386e-02 -2.92849161e+02]
 [-4.76838779e-02  1.91103641e-02  9.98679649e-01  9.16443982e+02]
 [ 9.93990992e-01 -9.77162800e-02  4.93298716e-02 -2.70910832e+02]]

[[ 1.00633768e-01  9.94338951e-01 -3.41012519e-02 -2.92962844e+02]
 [-4.70076670e-02  3.89888727e-02  9.98133331e-01  9.13620670e+02]
 [ 9.93812419e-01 -9.88428974e-02  5.06651514e-02 -2.71162085e+02]]

[[ 1.00908175e-01  9.94598230e-01 -2.43290279e-02 -2.92984382e+02]
 [-4.87735321e-02  2.93698627e-02  9.98377961e-01  9.15549851e+02]
 [ 9.93699493e-01 -9.95578853e-02  5.14737279e-02 -2.70630695e+02]]

[[ 1.09041705e-01  9.93525988e-01 -3.18750303e-02 -2.93360200e+02]
 [-1.96515812e-02  3.42145562e-02  9.99221287e-01  9.12830798e+02]
 [ 9.93842906e-01 -1.08330398e-01  2.32551702e-02 -2.70820179e+02]]

[[ 1.02529328e-01  9.93640520e-01 -4.65430249e-02 -2.92434942e+02]
 [-3.17174217e-02  5.00314300e-02  9.98243889e-01  9.12125324e+02]
 [ 9.94224191e-01 -1.00873050e-01  3.66454043e-02 -2.70948662e+02]]

[[ 1.46529078e-01  9.83266212e-01 -1.08244102e-01 -2.95648988e+02]
 [ 4.52898674e-02  1.02642042e-01  9.93686791e-01  9.01141709e+02]
 [ 9.88169043e-01 -1.50506371e-01 -2.94919526e-02 -2.65160878e+02]]

[[ 1.07126082e-01  9.94182094e-01 -1.12235234e-02 -2.91913657e+02]
 [-3.34727947e-02  1.48884182e-02  9.99328728e-01  9.16553025e+02]
 [ 9.93681828e-01 -1.06678489e-01  3.48729910e-02 -2.70410629e+02]]

[[ 9.23281434e-02  9.95518112e-01 -2.04744208e-02 -2.91840503e+02]
 [-4.93922653e-02  2.51158268e-02  9.98463619e-01  9.13147812e+02]
 [ 9.94502850e-01 -9.11750143e-02  5.14897924e-02 -2.70750240e+02]]

[[ 9.79865420e-02  9.95064189e-01 -1.56811353e-02 -2.93329241e+02]
 [-6.06595250e-02  2.16994812e-02  9.97922620e-01  9.15356851e+02]
 [ 9.93337334e-01 -9.68317765e-02  6.24863782e-02 -2.69407982e+02]]

[[ 9.25212008e-02  9.95413166e-01  2.43404138e-02 -2.94097817e+02]
 [-4.51942515e-02 -2.02218889e-02  9.98773525e-01  9.20659211e+02]
 [ 9.94684526e-01 -9.35077727e-02  4.31159995e-02 -2.73275250e+02]]

[[ 9.77886927e-02  9.94767559e-01 -2.95782814e-02 -2.94205343e+02]
 [-6.07851942e-02  3.56353306e-02  9.97514553e-01  9.12500626e+02]
 [ 9.93349149e-01 -9.57477225e-02  6.39518717e-02 -2.69141212e+02]]

[[ 9.97806421e-02  9.95009395e-01  3.56491904e-04 -2.95248849e+02]
 [-2.63507070e-02  2.28432344e-03  9.99650150e-01  9.14485999e+02]
 [ 9.94660477e-01 -9.97551276e-02  2.64471323e-02 -2.72128022e+02]]

[[ 1.00548867e-01  9.94724856e-01 -2.03072700e-02 -2.93710040e+02]
 [-4.94800867e-02  2.53849196e-02  9.98452466e-01  9.14715868e+02]
 [ 9.93700984e-01 -9.93884588e-02  5.17714971e-02 -2.71525920e+02]]

[[ 1.04484323e-01  9.94476716e-01 -9.95426440e-03 -2.92681347e+02]
 [-2.65607956e-02  1.27957989e-02  9.99565301e-01  9.16743048e+02]
 [ 9.94171791e-01 -1.04174510e-01  2.77510531e-02 -2.70459627e+02]]

[[ 1.04272349e-01  9.94356971e-01 -1.95318005e-02 -2.93778362e+02]
 [-3.53432506e-02  2.33312603e-02  9.99102851e-01  9.12859510e+02]
 [ 9.93920586e-01 -1.03488483e-01  3.75766130e-02 -2.71429537e+02]]

[[ 9.35683128e-02  9.95552647e-01  1.09497748e-02 -2.93189274e+02]
 [-6.91732094e-02 -4.47089985e-03  9.97594646e-01  9.17481194e+02]
 [ 9.93206946e-01 -9.41006789e-02  6.84472371e-02 -2.69618005e+02]]

[[ 9.26536630e-02  9.95645401e-01  1.02729461e-02 -2.92280000e+02]
 [-5.75353037e-02 -4.94648614e-03  9.98331218e-01  9.18858381e+02]
 [ 9.94034701e-01 -9.30901014e-02  5.68264505e-02 -2.71601359e+02]]

[[ 8.76074239e-02  9.95776904e-01  2.74462358e-02 -2.91545001e+02]
 [-7.15556603e-02 -2.11903837e-02  9.97211490e-01  9.22336118e+02]
 [ 9.93581767e-01 -8.93270632e-02  6.93970390e-02 -2.72268566e+02]]

[[ 9.45806877e-02  9.95361410e-01  1.76112536e-02 -2.92759765e+02]
 [-7.75979947e-02 -1.02655662e-02  9.96931878e-01  9.21361123e+02]
 [ 9.92488310e-01 -9.56571006e-02  7.62671251e-02 -2.70902243e+02]]

[[ 9.81236862e-02  9.95170773e-01 -2.62195251e-03 -2.93094365e+02]
 [-4.29159276e-02  6.86369038e-03  9.99055110e-01  9.15406302e+02]
 [ 9.94248442e-01 -9.79184466e-02  4.33821674e-02 -2.70329880e+02]]

[[ 9.05603760e-02  9.95890354e-01 -1.10539257e-03 -2.92489664e+02]
 [-5.09725463e-02  5.74363463e-03  9.98683539e-01  9.16106050e+02]
 [ 9.94585651e-01 -9.03848121e-02  5.12832129e-02 -2.71593097e+02]]

[[ 9.43054698e-02  9.95493966e-01 -9.91175176e-03 -2.93373908e+02]
 [-5.56203142e-02  1.52090926e-02  9.98336148e-01  9.14565448e+02]
 [ 9.93988360e-01 -9.35972647e-02  5.68039878e-02 -2.70508596e+02]]

[[ 9.58323145e-02  9.95265225e-01 -1.62264959e-02 -2.93363342e+02]
 [-4.98177407e-02  2.10766816e-02  9.98535911e-01  9.13229860e+02]
 [ 9.94150069e-01 -9.48836401e-02  5.16016921e-02 -2.70469821e+02]]

[[ 9.38069421e-02  9.95389485e-01 -2.00007775e-02 -2.93250768e+02]
 [-5.53187861e-02  2.52695464e-02  9.98148928e-01  9.12394321e+02]
 [ 9.94052358e-01 -9.25268799e-02  5.74341969e-02 -2.70416001e+02]]

[[ 1.03185496e-01  9.94031896e-01 -3.54025868e-02 -2.93251241e+02]
 [-3.95646472e-02  3.96662126e-02  9.98429382e-01  9.12226007e+02]
 [ 9.93874938e-01 -1.01622740e-01  4.34214991e-02 -2.69872034e+02]]

[[ 9.90921782e-02  9.95052158e-01  7.20721243e-03 -2.92487028e+02]
 [-4.08467106e-02 -3.16925269e-03  9.99160399e-01  9.18923487e+02]
 [ 9.94239552e-01 -9.93033712e-02  4.03305593e-02 -2.72300029e+02]]

[[ 9.62530010e-02  9.95339762e-01  5.84108514e-03 -2.92953255e+02]
 [-5.22333976e-02 -8.09259653e-04  9.98634576e-01  9.17619070e+02]
 [ 9.93985428e-01 -9.64266746e-02  5.19120839e-02 -2.72028502e+02]]

[[ 9.76629099e-02  9.95017230e-01 -2.00666121e-02 -2.92646575e+02]
 [-4.79806772e-02  2.48470379e-02  9.98539173e-01  9.16270921e+02]
 [ 9.94062277e-01 -9.65574316e-02  5.01682346e-02 -2.72308581e+02]]

[[ 9.98428905e-02  9.94706417e-01 -2.43010683e-02 -2.92285851e+02]
 [-5.35704103e-02  2.97615635e-02  9.98120464e-01  9.15962963e+02]
 [ 9.93560068e-01 -9.83534140e-02  5.62583114e-02 -2.72455196e+02]]

[[ 1.02515314e-01  9.94728894e-01  2.24446198e-03 -2.92552477e+02]
 [-3.78103560e-02  1.64194135e-03  9.99283584e-01  9.17774090e+02]
 [ 9.94012569e-01 -1.02526734e-01  3.77793777e-02 -2.71663884e+02]]

[[ 1.00859743e-01  9.94898627e-01  2.00836381e-03 -2.92688764e+02]
 [-3.98375215e-02  2.02154945e-03  9.99204126e-01  9.17085327e+02]
 [ 9.94102753e-01 -1.00859480e-01  3.98381884e-02 -2.71574922e+02]]

[[ 9.52354485e-02  9.95319870e-01  1.63879856e-02 -2.92408638e+02]
 [-4.58054867e-02 -1.20637444e-02  9.98877532e-01  9.18797798e+02]
 [ 9.94400355e-01 -9.58792094e-02  4.44422150e-02 -2.71794004e+02]]

[[ 1.05510109e-01  9.94381187e-01 -8.58322427e-03 -2.92872658e+02]
 [-3.98635325e-02  1.28539215e-02  9.99122453e-01  9.15631455e+02]
 [ 9.93618899e-01 -1.05075362e-01  4.09957655e-02 -2.71016006e+02]]

[[ 9.83836123e-02  9.95139206e-01  4.31579979e-03 -2.90077462e+02]
 [-3.79346690e-02 -5.83378546e-04  9.99280051e-01  9.20405741e+02]
 [ 9.94425274e-01 -9.84764995e-02  3.76928815e-02 -2.72433464e+02]]

[[ 9.81318208e-02  9.95167363e-01 -3.47359260e-03 -2.89870211e+02]
 [-4.91800699e-02  8.33568160e-03  9.98755144e-01  9.20710811e+02]
 [ 9.93957477e-01 -9.78388292e-02  4.97603961e-02 -2.71039465e+02]]

[[ 9.23430945e-02  9.95541064e-01  1.92546582e-02 -2.91166767e+02]
 [-4.74571295e-02 -1.49149860e-02  9.98761916e-01  9.22116623e+02]
 [ 9.94595684e-01 -9.31425368e-02  4.58682252e-02 -2.71273868e+02]]

[[ 1.00418768e-01  9.94908076e-01 -8.60179461e-03 -2.93468740e+02]
 [-4.58783983e-02  1.32665841e-02  9.98858934e-01  9.15510290e+02]
 [ 9.93886937e-01 -9.99095469e-02  4.69770031e-02 -2.69409423e+02]]

[[ 8.12029511e-02  9.96696325e-01 -1.58652597e-03 -2.92118922e+02]
 [-7.69322227e-02  7.85484831e-03  9.97005383e-01  9.15299162e+02]
 [ 9.93724063e-01 -8.08377244e-02  7.73159004e-02 -2.71060867e+02]]

[[ 9.41208015e-02  9.95450711e-01 -1.48039189e-02 -2.91798975e+02]
 [-6.67863795e-02  2.11497513e-02  9.97543116e-01  9.15497642e+02]
 [ 9.93318103e-01 -9.29008574e-02  6.84731806e-02 -2.70453013e+02]]

[[ 1.06357705e-01  9.94268656e-01 -1.08571411e-02 -2.88983535e+02]
 [-4.06457513e-02  1.52573380e-02  9.99057124e-01  9.16742388e+02]
 [ 9.93496835e-01 -1.05816126e-01  4.20355320e-02 -2.67601812e+02]]

[[ 8.45254586e-02  9.96361717e-01  1.08984146e-02 -2.91333738e+02]
 [-6.29725316e-02 -5.57411253e-03  9.97999694e-01  9.14235684e+02]
 [ 9.94429438e-01 -8.50426826e-02  6.22722653e-02 -2.71179602e+02]]

[[ 1.11192577e-01  9.93338187e-01 -3.02565170e-02 -2.95021329e+02]
 [-2.01197538e-02  3.26891553e-02  9.99263036e-01  9.09029566e+02]
 [ 9.93595192e-01 -1.10501878e-01  2.36205112e-02 -2.71680109e+02]]

[[ 9.50376164e-02  9.95304859e-01 -1.83327417e-02 -2.93516002e+02]
 [-4.25902066e-02  2.24646227e-02  9.98840035e-01  9.09794867e+02]
 [ 9.94562178e-01 -9.41465808e-02  4.45252237e-02 -2.72463415e+02]]

[[ 9.39184967e-02  9.95579757e-01 -5.13009993e-04 -2.93524016e+02]
 [-5.05957516e-02  5.28759515e-03  9.98705217e-01  9.15412291e+02]
 [ 9.94293410e-01 -9.37709366e-02  5.08687091e-02 -2.71512769e+02]]

[[ 1.04354224e-01  9.94407402e-01 -1.62516279e-02 -2.94141510e+02]
 [-3.47695804e-02  1.99786409e-02  9.99195642e-01  9.12797510e+02]
 [ 9.93932227e-01 -1.03705224e-01  3.66599836e-02 -2.74681132e+02]]

[[ 9.82630743e-02  9.95158814e-01 -1.81752492e-03 -2.92683165e+02]
 [-4.28046676e-02  6.05123919e-03  9.99065134e-01  9.19694121e+02]
 [ 9.94239472e-01 -9.80934130e-02  4.31920556e-02 -2.73742496e+02]]

[[ 1.03323551e-01  9.93829150e-01 -4.03467914e-02 -2.93428247e+02]
 [-4.05027768e-02  4.47341992e-02  9.98177528e-01  9.15245370e+02]
 [ 9.93822806e-01 -1.01501089e-01  4.48749366e-02 -2.70940219e+02]]

[[ 9.83457313e-02  9.94671547e-01 -3.09294322e-02 -2.92967180e+02]
 [-6.03287103e-02  3.69820278e-02  9.97493246e-01  9.17617915e+02]
 [ 9.93321984e-01 -9.62332701e-02  6.36442762e-02 -2.71472767e+02]]

[[ 9.14450459e-02  9.95649031e-01  1.79112026e-02 -2.91676210e+02]
 [-4.53527347e-02 -1.38038415e-02  9.98875660e-01  9.24771286e+02]
 [ 9.94776826e-01 -9.21545526e-02  4.38931135e-02 -2.71113758e+02]]

[[ 9.21502652e-02  9.95726965e-01  6.01161430e-03 -2.91564043e+02]
 [-7.05264540e-02  5.04543305e-04  9.97509782e-01  9.21002434e+02]
 [ 9.93244355e-01 -9.23447688e-02  7.02715859e-02 -2.70248009e+02]]

[[ 9.07878900e-02  9.95859832e-01  4.55556004e-03 -2.92052072e+02]
 [-7.21593374e-02  2.01586506e-03  9.97391080e-01  9.20167356e+02]
 [ 9.93252530e-01 -9.08797578e-02  7.20436018e-02 -2.71856955e+02]]

[[ 1.07938599e-01  9.93848268e-01 -2.47967494e-02 -2.92272734e+02]
 [-8.68821804e-03  2.58845336e-02  9.99627183e-01  9.14298217e+02]
 [ 9.94119597e-01 -1.07682918e-01  1.14287107e-02 -2.69258199e+02]]

[[ 1.00173239e-01  9.94969477e-01  1.03015120e-03 -2.92009050e+02]
 [-3.76506112e-02  2.75603107e-03  9.99287164e-01  9.17466139e+02]
 [ 9.94257388e-01 -1.00140618e-01  3.77372895e-02 -2.70426162e+02]]

[[ 1.06548507e-01  9.93047802e-01 -5.00347756e-02 -2.90965189e+02]
 [-3.46210684e-02  5.39959572e-02  9.97940789e-01  9.12221728e+02]
 [ 9.93704582e-01 -1.04596844e-01  4.01335645e-02 -2.66773054e+02]]

[[ 1.05906361e-01  9.94365885e-01 -4.50889373e-03 -2.95106768e+02]
 [-5.64401127e-02  1.05381961e-02  9.98350369e-01  9.16472455e+02]
 [ 9.92773064e-01 -1.05477172e-01  5.72381846e-02 -2.71860839e+02]]

[[ 1.20463122e-01  9.91661375e-01 -4.57859479e-02 -2.95203274e+02]
 [-2.09362314e-02  4.86493988e-02  9.98596470e-01  9.05498862e+02]
 [ 9.92497008e-01 -1.19335463e-01  2.66221105e-02 -2.75242538e+02]]

[[ 1.01851335e-01  9.94570742e-01  2.13388195e-02 -2.92194250e+02]
 [-4.83292194e-02 -1.64780517e-02  9.98695529e-01  9.17483293e+02]
 [ 9.93624976e-01 -1.02749761e-01  4.63885160e-02 -2.73421258e+02]]

[[ 8.16954714e-02  9.96017583e-01  3.57046878e-02 -2.90698602e+02]
 [-7.74865329e-02 -2.93685494e-02  9.96560749e-01  9.23219559e+02]
 [ 9.93640623e-01 -8.41811326e-02  7.47786717e-02 -2.74328494e+02]]

[[ 1.11963984e-01  9.92595086e-01 -4.71069178e-02 -2.94200404e+02]
 [-1.84627927e-02  4.94747141e-02  9.98604716e-01  9.05700070e+02]
 [ 9.93540735e-01 -1.10938038e-01  2.38654634e-02 -2.68483301e+02]]

[[ 8.62349884e-02  9.96105201e-01  1.83835707e-02 -2.92079763e+02]
 [-6.57962918e-02 -1.27178359e-02  9.97752026e-01  9.17121937e+02]
 [ 9.94099781e-01 -8.72507052e-02  6.44433060e-02 -2.73702684e+02]]

[[ 9.51222131e-02  9.95146456e-01  2.52050556e-02 -2.91588444e+02]
 [-4.78399305e-02 -2.07207073e-02  9.98640072e-01  9.18016519e+02]
 [ 9.94315395e-01 -9.61986618e-02  4.56367378e-02 -2.76495495e+02]]

[[ 9.71820728e-02  9.94891754e-01 -2.73137959e-02 -2.92800672e+02]
 [-6.45563743e-02  3.36870903e-02  9.97345304e-01  9.09579628e+02]
 [ 9.93170740e-01 -9.51608043e-02  6.75003857e-02 -2.71249355e+02]]

[[ 9.10336527e-02  9.95798875e-01  9.87292839e-03 -2.91960482e+02]
 [-5.34385397e-02 -5.01506046e-03  9.98558547e-01  9.15332707e+02]
 [ 9.94412991e-01 -9.14300268e-02  5.27574984e-02 -2.71708783e+02]]

[[ 1.07325457e-01  9.93998026e-01 -2.11936466e-02 -2.93190868e+02]
 [-2.64066206e-02  2.41591734e-02  9.99359307e-01  9.16545734e+02]
 [ 9.93873200e-01 -1.06697041e-01  2.88410231e-02 -2.67346495e+02]]

[[ 9.02953618e-02  9.95779491e-01 -1.64302498e-02 -2.92529413e+02]
 [-5.52154669e-02  2.14777365e-02  9.98243437e-01  9.13999820e+02]
 [ 9.94383226e-01 -8.92295484e-02  5.69217696e-02 -2.69986264e+02]]

[[ 8.76346818e-02  9.96116272e-01 -8.51670206e-03 -2.92524495e+02]
 [-6.54486548e-02  1.42886356e-02  9.97753631e-01  9.12378213e+02]
 [ 9.94000320e-01 -8.68804153e-02  6.64466501e-02 -2.71163312e+02]]

[[ 9.94159582e-02  9.94823421e-01  2.10435068e-02 -2.92022261e+02]
 [-2.91809955e-02 -1.82243320e-02  9.99407996e-01  9.20928834e+02]
 [ 9.94617985e-01 -9.99711740e-02  2.72181483e-02 -2.72296351e+02]]

[[ 1.00736242e-01  9.94822711e-01  1.34157558e-02 -2.92343217e+02]
 [-3.33096467e-02 -1.01044508e-02  9.99394000e-01  9.19409443e+02]
 [ 9.94355408e-01 -1.01122070e-01  3.21193087e-02 -2.71826930e+02]]

[[ 9.61204743e-02  9.95332081e-01  8.65464574e-03 -2.90527671e+02]
 [-3.70481230e-02 -5.11136734e-03  9.99300411e-01  9.15384198e+02]
 [ 9.94679994e-01 -9.63738678e-02  3.63838783e-02 -2.76704304e+02]]

[[ 1.06650729e-01  9.94070218e-01  2.12137836e-02 -2.90503345e+02]
 [-5.38542094e-03 -2.07576343e-02  9.99770032e-01  9.17298734e+02]
 [ 9.94281962e-01 -1.06740448e-01  3.13966974e-03 -2.75454407e+02]]

[[ 9.53687868e-02  9.95329393e-01  1.49731081e-02 -2.90720932e+02]
 [-4.00334716e-02 -1.11945073e-02  9.99135629e-01  9.14256543e+02]
 [ 9.94636675e-01 -9.58857782e-02  3.87788844e-02 -2.77059711e+02]]

[[ 9.44789766e-02  9.95489636e-01  8.60856116e-03 -2.92998876e+02]
 [-6.77113711e-02 -2.20141131e-03  9.97702523e-01  9.15142814e+02]
 [ 9.93221472e-01 -9.48448108e-02  6.71979810e-02 -2.72999066e+02]]

[[ 9.85214137e-02  9.95100151e-01  8.31990720e-03 -2.92640180e+02]
 [-3.25861955e-02 -5.13007776e-03  9.99455763e-01  9.15679568e+02]
 [ 9.94601262e-01 -9.87389088e-02  3.19211055e-02 -2.72642479e+02]]

[[ 1.09309276e-01  9.93971197e-01 -8.52891417e-03 -2.93198558e+02]
 [-1.70683028e-02  1.04559662e-02  9.99799653e-01  9.12952385e+02]
 [ 9.93861235e-01 -1.09141802e-01  1.81083354e-02 -2.71213147e+02]]

[[ 8.45425515e-02  9.96416088e-01 -2.74539190e-03 -2.91434608e+02]
 [-8.76191237e-02  1.01787144e-02  9.96102044e-01  9.17117209e+02]
 [ 9.92560047e-01 -8.39724596e-02  8.81656390e-02 -2.71497276e+02]]

[[ 8.46188419e-02  9.96402881e-01 -4.57722017e-03 -2.91208696e+02]
 [-6.55705525e-02  1.01521560e-02  9.97796290e-01  9.14963081e+02]
 [ 9.94253566e-01 -8.41322357e-02  6.61937510e-02 -2.69609388e+02]]

[[ 8.68485428e-02  9.96220106e-01  1.68257803e-03 -2.91104416e+02]
 [-6.91584393e-02  4.34419678e-03  9.97596230e-01  9.20447926e+02]
 [ 9.93818113e-01 -8.67561434e-02  6.92743149e-02 -2.62112155e+02]]

[[ 9.13312895e-02  9.95775051e-01 -9.52071624e-03 -2.93076456e+02]
 [-8.03620923e-02  1.68995329e-02  9.96622466e-01  9.17763757e+02]
 [ 9.92572682e-01 -9.02577103e-02  8.15660226e-02 -2.65990633e+02]]

[[ 1.04555832e-01  9.94366107e-01 -1.74391441e-02 -2.95451483e+02]
 [-3.78408979e-02  2.15002363e-02  9.99052454e-01  9.12907579e+02]
 [ 9.93798845e-01 -1.03796848e-01  3.98756814e-02 -2.67412682e+02]]

[[ 8.61243839e-02  9.96273882e-01 -4.57623906e-03 -2.95540262e+02]
 [-9.63101404e-02  1.28972918e-02  9.95267812e-01  9.18447084e+02]
 [ 9.91618348e-01 -8.52760889e-02  9.70620488e-02 -2.67415990e+02]]

[[ 9.32912687e-02  9.95627710e-01  4.71191173e-03 -2.92787784e+02]
 [-4.50424025e-02 -5.07284004e-04  9.98984947e-01  9.18582425e+02]
 [ 9.94619486e-01 -9.34088089e-02  4.47981389e-02 -2.74215508e+02]]

[[ 9.31192598e-02  9.95654908e-01 -3.27356135e-04 -2.94283804e+02]
 [-6.28583592e-02  6.20699631e-03  9.98003156e-01  9.16723232e+02]
 [ 9.93668773e-01 -9.29127381e-02  6.31632248e-02 -2.70914875e+02]]

[[ 1.03115930e-01  9.94467884e-01 -2.00183181e-02 -2.93966319e+02]
 [-6.42521513e-03  2.07911387e-02  9.99763195e-01  9.11575438e+02]
 [ 9.94648592e-01 -1.02962890e-01  8.53356770e-03 -2.72037262e+02]]

[[ 9.56065570e-02  9.95381889e-01 -8.61870264e-03 -2.93767153e+02]
 [-4.93318657e-02  1.33857023e-02  9.98692741e-01  9.14187891e+02]
 [ 9.94196034e-01 -9.50563977e-02  5.03838066e-02 -2.72189820e+02]]

[[ 1.13745862e-01  9.93235794e-01 -2.33353141e-02 -2.94777864e+02]
 [-5.28572080e-03  2.40924095e-02  9.99695762e-01  9.10213190e+02]
 [ 9.93495818e-01 -1.13587912e-01  7.99037899e-03 -2.70293977e+02]]

[[ 1.03762557e-01  9.94377713e-01 -2.11257024e-02 -2.94546153e+02]
 [-2.86646152e-02  2.42213141e-02  9.99295586e-01  9.09407676e+02]
 [ 9.94188952e-01 -1.03083905e-01  3.10167200e-02 -2.74881824e+02]]

[[ 1.03218019e-01  9.94503442e-01 -1.75768071e-02 -2.93112881e+02]
 [-5.25194578e-02  2.30957559e-02  9.98352790e-01  9.14335708e+02]
 [ 9.93271235e-01 -1.02124873e-01  5.46146797e-02 -2.71298736e+02]]

[[ 8.66013165e-02  9.96242737e-01 -7.88260115e-04 -2.92020797e+02]
 [-7.62507680e-02  7.41722886e-03  9.97061084e-01  9.17763841e+02]
 [ 9.93320710e-01 -8.62866971e-02  7.66066156e-02 -2.71262339e+02]]

[[ 1.02408436e-01  9.94740988e-01 -1.69675516e-03 -2.92355801e+02]
 [-4.68186604e-02  6.52379282e-03  9.98882102e-01  9.18865712e+02]
 [ 9.93640038e-01 -1.02214514e-01  4.72405319e-02 -2.70206508e+02]]

[[ 9.23721598e-02  9.95656479e-01 -1.16429963e-02 -2.92441770e+02]
 [-6.56101155e-02  1.77537323e-02  9.97687385e-01  9.12364661e+02]
 [ 9.93560616e-01 -9.13946402e-02  6.69650872e-02 -2.68410503e+02]]

[[ 9.33241151e-02  9.95592946e-01  9.23559273e-03 -2.93042179e+02]
 [-5.45449482e-02 -4.14969312e-03  9.98502693e-01  9.17575109e+02]
 [ 9.94140563e-01 -9.36881353e-02  5.39172992e-02 -2.72221596e+02]]

[[ 1.00871976e-01  9.94502450e-01 -2.81019996e-02 -2.93379273e+02]
 [-1.81366359e-02  3.00795012e-02  9.99382953e-01  9.13475641e+02]
 [ 9.94734089e-01 -1.00300057e-01  2.10711075e-02 -2.70928900e+02]]

[[ 8.09913140e-02  9.96463742e-01  2.23700308e-02 -2.91573725e+02]
 [-6.43872000e-02 -1.71662099e-02  9.97777335e-01  9.21468004e+02]
 [ 9.94632945e-01 -8.22516411e-02  6.27691963e-02 -2.72543580e+02]]

[[ 9.60663481e-02  9.95374742e-01  6.16661155e-04 -2.93539880e+02]
 [-5.28766908e-02  4.48462085e-03  9.98590979e-01  9.16159018e+02]
 [ 9.93969473e-01 -9.59635956e-02  5.30629436e-02 -2.69782546e+02]]

[[ 1.00022867e-01  9.94923832e-01  1.10451421e-02 -2.88660966e+02]
 [-3.04083963e-02 -8.03894940e-03  9.99505230e-01  9.21487974e+02]
 [ 9.94520365e-01 -1.00309244e-01  2.94499594e-02 -2.71722859e+02]]

[[ 1.00758547e-01  9.94108372e-01 -3.99532214e-02 -2.90146577e+02]
 [-3.93438288e-02  4.41074657e-02  9.98251769e-01  9.12259496e+02]
 [ 9.94132676e-01 -9.90104847e-02  4.35562337e-02 -2.70504316e+02]]

[[ 8.31431188e-02  9.96310522e-01  2.12735982e-02 -2.86966260e+02]
 [-6.93141916e-02 -1.55141071e-02  9.97474238e-01  9.26172788e+02]
 [ 9.94124119e-01 -8.44076813e-02  6.77685671e-02 -2.71745155e+02]]

[[ 8.33117165e-02  9.96444193e-01  1.25749177e-02 -2.89442193e+02]
 [-4.76789374e-02 -8.61858076e-03  9.98825530e-01  9.17773573e+02]
 [ 9.95382277e-01 -8.38134281e-02  4.67913716e-02 -2.70148357e+02]]

[[ 1.04121848e-01  9.94394516e-01 -1.83898499e-02 -2.92635736e+02]
 [-4.01940888e-02  2.26824828e-02  9.98934402e-01  9.14285990e+02]
 [ 9.93752019e-01 -1.03271732e-01  4.23305236e-02 -2.70699981e+02]]

[[ 1.10179748e-01  9.93805775e-01 -1.45087608e-02 -2.94649043e+02]
 [-2.55236233e-02  1.74219331e-02  9.99522396e-01  9.12522283e+02]
 [ 9.93583901e-01 -1.09756809e-01  2.72850684e-02 -2.67048284e+02]]

[[ 9.98332739e-02  9.94975675e-01 -7.53155790e-03 -2.93732751e+02]
 [-5.93966413e-02  1.35152376e-02  9.98142964e-01  9.15881141e+02]
 [ 9.93229760e-01 -9.92005307e-02  6.04474837e-02 -2.69223995e+02]]

[[ 1.01508830e-01  9.94798402e-01 -8.49103325e-03 -2.94224992e+02]
 [-5.81452473e-02  1.44532150e-02  9.98203504e-01  9.14778381e+02]
 [ 9.93133973e-01 -1.00832757e-01  5.93099280e-02 -2.67686685e+02]]

[[ 9.65341311e-02  9.95231229e-01 -1.39986695e-02 -2.94773714e+02]
 [-4.49324209e-02  1.84074501e-02  9.98820426e-01  9.12953858e+02]
 [ 9.94314960e-01 -9.57912678e-02  4.64950957e-02 -2.70249688e+02]]

[[ 9.99158605e-02  9.94967737e-01 -7.48481772e-03 -2.92175316e+02]
 [-3.97603180e-02  1.15090057e-02  9.99142963e-01  9.17457512e+02]
 [ 9.94201156e-01 -9.95326301e-02  4.07101659e-02 -2.69542968e+02]]

[[ 9.98896952e-02  9.94998478e-01  2.77652728e-04 -2.92129560e+02]
 [-5.95032839e-02  5.69509278e-03  9.98211864e-01  9.17820935e+02]
 [ 9.93217704e-01 -9.97276000e-02  5.97745580e-02 -2.66858890e+02]]

[[ 1.01686814e-01  9.94602415e-01 -2.06356089e-02 -2.92892450e+02]
 [-3.60443928e-02  2.44130564e-02  9.99051953e-01  9.12549749e+02]
 [ 9.94163263e-01 -1.00846612e-01  3.83323261e-02 -2.67149332e+02]]

[[ 8.78888186e-02  9.95760054e-01  2.71564009e-02 -2.90252084e+02]
 [-7.55317379e-02 -2.05217063e-02  9.96932202e-01  9.25693583e+02]
 [ 9.93262560e-01 -8.96703637e-02  7.34078589e-02 -2.68534698e+02]]

[[ 9.10643195e-02  9.95820132e-01  7.03945976e-03 -2.92321097e+02]
 [-6.78517570e-02 -8.47904234e-04  9.97695054e-01  9.16328352e+02]
 [ 9.93530789e-01 -9.13320609e-02  6.74909318e-02 -2.67684063e+02]]

[[ 9.02825319e-02  9.95889457e-01  7.29754920e-03 -2.90613580e+02]
 [-6.63769542e-02 -1.29408912e-03  9.97793779e-01  9.22351753e+02]
 [ 9.93701748e-01 -9.05677378e-02  6.59872752e-02 -2.68190484e+02]]

[[ 8.27989394e-02  9.96331253e-01  2.16418612e-02 -2.91257041e+02]
 [-7.69077115e-02 -1.52633545e-02  9.96921378e-01  9.19236511e+02]
 [ 9.93594253e-01 -8.42084588e-02  7.53617670e-02 -2.66901220e+02]]

[[ 9.31642451e-02  9.95591540e-01  1.08585790e-02 -2.92055844e+02]
 [-5.63908510e-02 -5.61225962e-03  9.98392996e-01  9.15741607e+02]
 [ 9.94052562e-01 -9.36268543e-02  5.56193923e-02 -2.66661322e+02]]

[[ 9.24845226e-02  9.95713718e-01  8.97244440e-04 -2.92842471e+02]
 [-5.86059589e-02  4.54392772e-03  9.98270852e-01  9.15982467e+02]
 [ 9.93987905e-01 -9.23771871e-02  5.87750002e-02 -2.66647110e+02]]

[[ 9.50538326e-02  9.95458040e-01  5.29714763e-03 -2.94194540e+02]
 [-5.56276111e-02 -1.33388110e-06  9.98451586e-01  9.16221305e+02]
 [ 9.93916665e-01 -9.52013175e-02  5.53748259e-02 -2.67533640e+02]]

[[ 9.46886379e-02  9.95432021e-01 -1.22128397e-02 -2.93951809e+02]
 [-6.48646412e-02  1.84110919e-02  9.97724215e-01  9.14534467e+02]
 [ 9.93391484e-01 -9.36809654e-02  6.63116621e-02 -2.66834176e+02]]

[[ 9.35976243e-02  9.95608875e-01 -1.56607146e-03 -2.93477227e+02]
 [-4.39361391e-02  5.70188964e-03  9.99018070e-01  9.14522467e+02]
 [ 9.94640186e-01 -9.34369109e-02  4.42768934e-02 -2.67424658e+02]]

[[ 8.90042278e-02  9.95845261e-01  1.92474073e-02 -2.93102221e+02]
 [-6.87182793e-02 -1.31386133e-02  9.97549585e-01  9.18197342e+02]
 [ 9.93657912e-01 -9.01087792e-02  6.72633806e-02 -2.67744826e+02]]

[[ 9.87193342e-02  9.95045138e-01 -1.18180929e-02 -2.94045855e+02]
 [-4.45734465e-02  1.62857326e-02  9.98873357e-01  9.14240489e+02]
 [ 9.94116543e-01 -9.80813396e-02  4.59603078e-02 -2.67335367e+02]]

[[ 9.06525197e-02  9.95644601e-01  2.17703701e-02 -2.93648368e+02]
 [-6.03029454e-02 -1.63323616e-02  9.98046496e-01  9.17077064e+02]
 [ 9.94055167e-01 -9.17882471e-02  5.85597323e-02 -2.67691720e+02]]

[[ 8.80265155e-02  9.96091090e-01  7.33988793e-03 -2.93200623e+02]
 [-5.51242756e-02 -2.48602466e-03  9.98476406e-01  9.16652488e+02]
 [ 9.94591699e-01 -8.82970049e-02  5.46899637e-02 -2.67945241e+02]]

[[ 1.00699708e-01  9.94888819e-01 -7.47035746e-03 -2.94160183e+02]
 [-4.40830982e-02  1.19628597e-02  9.98956241e-01  9.14394892e+02]
 [ 9.93939761e-01 -1.00265285e-01  4.50624380e-02 -2.67170395e+02]]

[[ 1.00488518e-01  9.94800982e-01 -1.65246603e-02 -2.94420827e+02]
 [-6.08953746e-02  2.27271618e-02  9.97885379e-01  9.16487406e+02]
 [ 9.93072913e-01 -9.92697479e-02  6.28625973e-02 -2.68681894e+02]]

[[ 8.68642550e-02  9.96206679e-01  5.18201405e-03 -2.93987131e+02]
 [-6.24875644e-02  2.57023813e-04  9.98045709e-01  9.15209165e+02]
 [ 9.94258470e-01 -8.70183084e-02  6.22728552e-02 -2.67355905e+02]]

[[ 9.85709624e-02  9.95116689e-01  5.15176341e-03 -2.93705872e+02]
 [-5.62257926e-02  4.00573301e-04  9.98417999e-01  9.19175981e+02]
 [ 9.93540349e-01 -9.87046850e-02  5.59907095e-02 -2.68539530e+02]]

[[ 9.58194444e-02  9.95392664e-01 -3.47541337e-03 -2.94092035e+02]
 [-4.31212381e-02  7.63912831e-03  9.99040641e-01  9.13730311e+02]
 [ 9.94464274e-01 -9.55776550e-02  4.36545411e-02 -2.66971869e+02]]

[[ 9.02378107e-02  9.95456188e-01  3.03992770e-02 -2.93248375e+02]
 [-6.46690990e-02 -2.46026150e-02  9.97603438e-01  9.19939064e+02]
 [ 9.93818417e-01 -9.19874440e-02  6.21551686e-02 -2.67950454e+02]]

[[ 9.51220501e-02  9.95465615e-01  6.38547362e-05 -2.93774660e+02]
 [-7.13031932e-02  6.74941963e-03  9.97431852e-01  9.17978248e+02]
 [ 9.92908682e-01 -9.48823156e-02  7.16218958e-02 -2.68413904e+02]]

[[ 9.96821733e-02  9.94969715e-01 -9.93632919e-03 -2.93312635e+02]
 [-6.37918519e-02  1.63559448e-02  9.97829185e-01  9.17796956e+02]
 [ 9.92972338e-01 -9.88319249e-02  6.51013569e-02 -2.68201187e+02]]

[[ 9.47107228e-02  9.95428300e-01 -1.23441338e-02 -2.93788578e+02]
 [-5.82984878e-02  1.79245900e-02  9.98138265e-01  9.12794833e+02]
 [ 9.93796340e-01 -9.38147522e-02  5.97296155e-02 -2.67552058e+02]]

[[ 9.20390961e-02  9.95754458e-01 -1.36542502e-03 -2.92960438e+02]
 [-6.09575037e-02  7.00305760e-03  9.98115795e-01  9.15653641e+02]
 [ 9.93887814e-01 -9.17824427e-02  6.13432612e-02 -2.66615788e+02]]

[[ 1.01811813e-01  9.94732796e-01 -1.18751227e-02 -2.93680673e+02]
 [-7.39674542e-02  1.94736670e-02  9.97070505e-01  9.16060572e+02]
 [ 9.92049984e-01 -1.00635183e-01  7.55605019e-02 -2.66859847e+02]]

[[ 8.86760248e-02  9.96024767e-01  8.43956996e-03 -2.93215677e+02]
 [-6.51945181e-02 -2.65093305e-03  9.97869053e-01  9.15664758e+02]
 [ 9.93924664e-01 -8.90372746e-02  6.47002805e-02 -2.67656757e+02]]

[[ 1.00128251e-01  9.94761089e-01 -2.06084655e-02 -2.93896051e+02]
 [-4.40128494e-02  2.51205193e-02  9.98715089e-01  9.14072183e+02]
 [ 9.94000605e-01 -9.90925581e-02  4.62975436e-02 -2.68200955e+02]]

[[ 1.00415426e-01  9.94738759e-01 -2.02865340e-02 -2.94270100e+02]
 [-4.30752941e-02  2.47169670e-02  9.98766034e-01  9.12631540e+02]
 [ 9.94012707e-01 -9.94176679e-02  4.53306294e-02 -2.67533709e+02]]

[[ 9.95533315e-02  9.95026210e-01 -3.46071771e-03 -2.92854056e+02]
 [-6.52567031e-02  9.99942508e-03  9.97818407e-01  9.18756963e+02]
 [ 9.92890073e-01 -9.91103117e-02  6.59276060e-02 -2.66731383e+02]]

[[ 1.03541837e-01  9.94612695e-01 -4.96737887e-03 -2.94421015e+02]
 [-3.27163188e-02  8.39729102e-03  9.99429401e-01  9.13558678e+02]
 [ 9.94086883e-01 -1.03320242e-01  3.34095369e-02 -2.66848173e+02]]

[[ 9.63179047e-02  9.95350302e-01  7.98145644e-04 -2.93460261e+02]
 [-3.81067801e-02  2.88622267e-03  9.99269505e-01  9.15511839e+02]
 [ 9.94620900e-01 -9.62779597e-02  3.82075900e-02 -2.66748023e+02]]

[[ 9.29959431e-02  9.95616929e-01  9.93405999e-03 -2.93455172e+02]
 [-4.65296660e-02 -5.62070920e-03  9.98901095e-01  9.17009180e+02]
 [ 9.94578677e-01 -9.33559779e-02  4.58030200e-02 -2.67767946e+02]]

[[ 9.62553187e-02  9.95328490e-01  7.49067312e-03 -2.94298516e+02]
 [-5.44343450e-02 -2.25046593e-03  9.98514816e-01  9.15716403e+02]
 [ 9.93867102e-01 -9.65201117e-02  5.39634352e-02 -2.66458755e+02]]

[[ 8.57103374e-02  9.96282194e-01  8.69073052e-03 -2.93330456e+02]
 [-7.65132304e-02 -2.11512354e-03  9.97066323e-01  9.16729157e+02]
 [ 9.93377805e-01 -8.61238468e-02  7.60474811e-02 -2.68264270e+02]]

[[ 9.21725260e-02  9.95703333e-01  8.89366683e-03 -2.93812285e+02]
 [-6.13998336e-02 -3.23134645e-03  9.98108020e-01  9.16232084e+02]
 [ 9.93848221e-01 -9.25442071e-02  6.08381776e-02 -2.67129445e+02]]

[[ 9.42601844e-02  9.95529813e-01  5.95051974e-03 -2.92634522e+02]
 [-4.52827518e-02 -1.68357267e-03  9.98972791e-01  9.15896598e+02]
 [ 9.94517215e-01 -9.44328154e-02  4.49216356e-02 -2.68796643e+02]]

[[ 9.15204770e-02  9.95723112e-01  1.26287917e-02 -2.90677897e+02]
 [-5.92992549e-02 -7.20997954e-03  9.98214213e-01  9.16013276e+02]
 [ 9.94036016e-01 -9.21059189e-02  5.83857779e-02 -2.66817564e+02]]

[[ 9.30996725e-02  9.95655060e-01 -1.85801835e-03 -2.92119852e+02]
 [-5.50195193e-02  7.00790643e-03  9.98460686e-01  9.17860771e+02]
 [ 9.94135455e-01 -9.28541356e-02  5.54328966e-02 -2.65821698e+02]]

[[ 8.76254739e-02  9.96152313e-01 -1.53123142e-03 -2.89941582e+02]
 [-4.73497138e-02  5.70046375e-03  9.98862107e-01  9.15782636e+02]
 [ 9.95027528e-01 -8.74532622e-02  4.76670328e-02 -2.62539511e+02]]

[[ 8.82071688e-02  9.96098305e-01 -2.76820341e-03 -2.91910348e+02]
 [-7.93082209e-02  9.79311418e-03  9.96802037e-01  9.17647915e+02]
 [ 9.92939928e-01 -8.77055443e-02  7.98626072e-02 -2.62483849e+02]]

[[ 1.04791356e-01  9.94086196e-01 -2.84852051e-02 -2.96510993e+02]
 [-5.18561664e-02  3.40658615e-02  9.98073372e-01  9.13158304e+02]
 [ 9.93141334e-01 -1.03112328e-01  5.51193070e-02 -2.63019531e+02]]

[[ 1.02276043e-01  9.94622040e-01 -1.63281388e-02 -2.97089773e+02]
 [-5.28180754e-02  2.18208292e-02  9.98365716e-01  9.12749705e+02]
 [ 9.93352839e-01 -1.01246474e-01  5.47657700e-02 -2.63690110e+02]]

[[ 9.64213448e-02  9.95308939e-01 -7.93980865e-03 -2.96479304e+02]
 [-5.38810589e-02  1.31847183e-02  9.98460312e-01  9.13045209e+02]
 [ 9.93881158e-01 -9.58450807e-02  5.48995879e-02 -2.66560824e+02]]

[[ 9.65205188e-02  9.95328593e-01  2.18673365e-03 -2.96227609e+02]
 [-3.31512795e-02  1.01900833e-03  9.99449826e-01  9.14549004e+02]
 [ 9.94778760e-01 -9.65399087e-02  3.30947715e-02 -2.68891540e+02]]

[[ 1.13450358e-01  9.93104075e-01 -2.95518634e-02 -2.99282179e+02]
 [-3.34959969e-02  3.35501265e-02  9.98875571e-01  9.07137932e+02]
 [ 9.92978869e-01 -1.12332922e-01  3.70712848e-02 -2.70963834e+02]]

[[ 1.04164651e-01  9.94125814e-01 -2.93869157e-02 -2.95819090e+02]
 [-4.39028282e-02  3.41149793e-02  9.98453159e-01  9.09085390e+02]
 [ 9.93590593e-01 -1.02713356e-01  4.71985097e-02 -2.71596119e+02]]

[[ 9.35493207e-02  9.95578908e-01  8.43573883e-03 -2.93616446e+02]
 [-6.69679965e-02 -2.16152762e-03  9.97752783e-01  9.16803248e+02]
 [ 9.93359860e-01 -9.39040196e-02  6.64697154e-02 -2.72637715e+02]]

[[ 1.04021491e-01  9.94396983e-01 -1.88193996e-02 -2.94016550e+02]
 [-3.04527857e-02  2.20976314e-02  9.99291911e-01  9.10435620e+02]
 [ 9.94108725e-01 -1.03374731e-01  3.25807868e-02 -2.70878963e+02]]

[[ 9.99343742e-02  9.94971463e-01  6.70134767e-03 -2.93315425e+02]
 [-2.89822039e-02 -3.82138121e-03  9.99572623e-01  9.14658774e+02]
 [ 9.94571844e-01 -1.00085884e-01  2.84545785e-02 -2.72383869e+02]]

[[ 9.61362164e-02  9.95312713e-01 -1.05086072e-02 -2.93110050e+02]
 [-7.18196631e-02  1.74662027e-02  9.97264693e-01  9.16398417e+02]
 [ 9.92773773e-01 -9.51185298e-02  7.31621584e-02 -2.69729076e+02]]

[[ 1.07377767e-01  9.94212374e-01 -3.43090001e-03 -2.93811375e+02]
 [-5.77415041e-02  9.68119964e-03  9.98284625e-01  9.17360843e+02]
 [ 9.92540142e-01 -1.06995468e-01  5.84468634e-02 -2.69127192e+02]]

[[ 1.04603525e-01  9.94333519e-01 -1.89461238e-02 -2.93489896e+02]
 [-3.73364016e-02  2.29635560e-02  9.99038872e-01  9.13206689e+02]
 [ 9.93812908e-01 -1.03795608e-01  3.95269045e-02 -2.68638581e+02]]

[[ 1.01362963e-01  9.94809617e-01  8.90933578e-03 -2.92298966e+02]
 [-6.31118096e-02 -2.50736075e-03  9.98003313e-01  9.21361876e+02]
 [ 9.92845632e-01 -1.01722857e-01  6.25300816e-02 -2.68009497e+02]]

[[ 9.82658522e-02  9.95153610e-01 -3.62134028e-03 -2.91216071e+02]
 [-5.82332167e-02  9.38284479e-03  9.98258912e-01  9.20469733e+02]
 [ 9.93454938e-01 -9.78838804e-02  5.88730091e-02 -2.67624979e+02]]

[[ 8.94765294e-02  9.95886609e-01  1.42762835e-02 -2.90863325e+02]
 [-6.47716719e-02 -8.48514822e-03  9.97864035e-01  9.19767982e+02]
 [ 9.93880567e-01 -9.02101094e-02  6.37460190e-02 -2.70026700e+02]]

[[ 9.61121137e-02  9.95343286e-01  7.36236856e-03 -2.92194435e+02]
 [-5.15983250e-02 -2.40451304e-03  9.98665025e-01  9.18136044e+02]
 [ 9.94032230e-01 -9.63636923e-02  5.11269435e-02 -2.67315673e+02]]

[[ 1.04140599e-01  9.94555008e-01 -3.88221699e-03 -2.92978590e+02]
 [-4.86311114e-02  8.99089491e-03  9.98776341e-01  9.17727880e+02]
 [ 9.93372916e-01 -1.03824370e-01  4.93026325e-02 -2.67892076e+02]]

[[ 9.82688836e-02  9.95153876e-01  3.46262838e-03 -2.93039232e+02]
 [-5.71307078e-02  2.16771113e-03  9.98364354e-01  9.16673011e+02]
 [ 9.93518650e-01 -9.83059729e-02  5.70668639e-02 -2.67008455e+02]]

[[ 1.04687217e-01  9.94501226e-01 -2.81045222e-03 -2.93464294e+02]
 [-4.55637304e-02  7.61928859e-03  9.98932377e-01  9.14536851e+02]
 [ 9.93460887e-01 -1.04447396e-01  4.61108279e-02 -2.68744346e+02]]

[[ 9.77783122e-02  9.94945414e-01  2.28697256e-02 -2.91917577e+02]
 [-4.07357651e-02 -1.89593860e-02  9.98990060e-01  9.15699721e+02]
 [ 9.94374175e-01 -9.86111777e-02  3.86760460e-02 -2.70295410e+02]]

[[ 9.52186966e-02  9.95430931e-01 -7.11771831e-03 -2.92420397e+02]
 [-5.20587251e-02  1.21198839e-02  9.98570477e-01  9.13231612e+02]
 [ 9.94094205e-01 -9.47120400e-02  5.29749048e-02 -2.67418449e+02]]

[[ 1.02944578e-01  9.94479174e-01 -2.03368441e-02 -2.93001542e+02]
 [-3.02275646e-02  2.35637570e-02  9.99265252e-01  9.10563385e+02]
 [ 9.94227694e-01 -1.02254206e-01  3.24864445e-02 -2.66969524e+02]]

[[ 9.29874065e-02  9.95235798e-01  2.93095178e-02 -2.91615183e+02]
 [-6.07570343e-02 -2.37104382e-02  9.97870932e-01  9.20410345e+02]
 [ 9.93811816e-01 -9.45701894e-02  5.82628034e-02 -2.68261760e+02]]

[[ 1.00298117e-01  9.94930556e-01  7.31272831e-03 -2.90018734e+02]
 [-6.65499294e-02 -6.24850317e-04  9.97782900e-01  9.18669206e+02]
 [ 9.92729266e-01 -1.00562407e-01  6.61498870e-02 -2.69117546e+02]]

[[ 9.11302835e-02  9.95812082e-01  7.31906177e-03 -2.89076845e+02]
 [-6.44351345e-02 -1.43787404e-03  9.97920862e-01  9.16279274e+02]
 [ 9.93752175e-01 -9.14124158e-02  6.40342516e-02 -2.67395549e+02]]

[[ 1.01210177e-01  9.94858342e-01  3.65768950e-03 -2.92330448e+02]
 [-4.61889553e-02  1.02628534e-03  9.98932193e-01  9.12920587e+02]
 [ 9.93792272e-01 -1.01271049e-01  4.60553380e-02 -2.66133190e+02]]

[[ 9.13102396e-02  9.95821528e-01  1.38749681e-03 -2.91433277e+02]
 [-6.77954432e-02  4.82629639e-03  9.97687569e-01  9.12109288e+02]
 [ 9.93512062e-01 -9.11931569e-02  6.79528521e-02 -2.64503017e+02]]

[[ 9.68707156e-02  9.95260716e-01  8.49543876e-03 -2.92159923e+02]
 [-5.12984702e-02 -3.53161816e-03  9.98677122e-01  9.16513109e+02]
 [ 9.93974110e-01 -9.71783705e-02  5.07132417e-02 -2.66659326e+02]]

[[ 9.63907506e-02  9.94909742e-01  2.93841380e-02 -2.92304315e+02]
 [-5.43487129e-02 -2.42166343e-02  9.98228317e-01  9.18240289e+02]
 [ 9.93858662e-01 -9.78169668e-02  5.17378044e-02 -2.65703343e+02]]

[[ 8.98801543e-02  9.95915550e-01 -8.58919075e-03 -2.92428567e+02]
 [-7.34008334e-02  1.52244853e-02  9.97186308e-01  9.12408085e+02]
 [ 9.93244117e-01 -8.89968055e-02  7.44694105e-02 -2.65806389e+02]]

[[ 9.58035693e-02  9.95268361e-01  1.62038505e-02 -2.92181061e+02]
 [-5.73665616e-02 -1.07310854e-02  9.98295508e-01  9.17775339e+02]
 [ 9.93745819e-01 -9.65698320e-02  5.60670475e-02 -2.66428679e+02]]

[[ 9.14435986e-02  9.95726857e-01 -1.28877610e-02 -2.92546842e+02]
 [-6.70410715e-02  1.90683766e-02  9.97567989e-01  9.12278057e+02]
 [ 9.93550987e-01 -9.03571974e-02  6.84982764e-02 -2.66016157e+02]]

[[ 9.44748332e-02  9.95264475e-01 -2.28720554e-02 -2.92808771e+02]
 [-7.07856618e-02  2.96324013e-02  9.97051308e-01  9.10732137e+02]
 [ 9.93007500e-01 -9.25772424e-02  7.32499707e-02 -2.65308459e+02]]

[[ 1.01274122e-01  9.94813459e-01  9.47279826e-03 -2.92651142e+02]
 [-4.73675473e-02 -4.68927542e-03  9.98866521e-01  9.16023624e+02]
 [ 9.93730279e-01 -1.01608033e-01  4.66469713e-02 -2.65740644e+02]]

[[ 9.13565943e-02  9.95695141e-01 -1.56575763e-02 -2.92472576e+02]
 [-7.03204462e-02  2.21344919e-02  9.97278847e-01  9.11618862e+02]
 [ 9.93332274e-01 -9.00069513e-02  7.20398584e-02 -2.65695861e+02]]

[[ 9.68167920e-02  9.94817700e-01  3.10524241e-02 -2.92811247e+02]
 [-5.79542581e-02 -2.55113711e-02  9.97993223e-01  9.17967897e+02]
 [ 9.93613513e-01 -9.84221226e-02  5.51839926e-02 -2.65227153e+02]]

[[ 9.52598186e-02  9.95443581e-01  4.20047207e-03 -2.92540796e+02]
 [-5.97360614e-02  1.50433462e-03  9.98213073e-01  9.14886241e+02]
 [ 9.93658478e-01 -9.53405160e-02  5.96071815e-02 -2.65883470e+02]]

[[ 9.80840992e-02  9.94937380e-01  2.18888044e-02 -2.92321458e+02]
 [-5.62446718e-02 -1.64176081e-02  9.98282024e-01  9.19039913e+02]
 [ 9.93587463e-01 -9.91467217e-02  5.43496201e-02 -2.66397594e+02]]

[[ 9.56062468e-02  9.95419222e-01  1.31991905e-04 -2.92166689e+02]
 [-5.72041989e-02  5.36186641e-03  9.98348101e-01  9.15088696e+02]
 [ 9.93774182e-01 -9.54558654e-02  5.74547871e-02 -2.66271340e+02]]

[[ 9.55480742e-02  9.95365130e-01 -1.09006189e-02 -2.92535776e+02]
 [-6.75252936e-02  1.74066731e-02  9.97565708e-01  9.13851770e+02]
 [ 9.93131864e-01 -9.45794148e-02  6.88754967e-02 -2.66058482e+02]]

[[ 9.67306830e-02  9.95068379e-01  2.19566797e-02 -2.92343840e+02]
 [-6.46733239e-02 -1.57296690e-02  9.97782511e-01  9.18712149e+02]
 [ 9.93207197e-01 -9.79361952e-02  6.28328379e-02 -2.65990749e+02]]

[[ 9.02562211e-02  9.95917080e-01  1.72743720e-03 -2.92240029e+02]
 [-7.27020912e-02  4.85880871e-03  9.97341866e-01  9.15102410e+02]
 [ 9.93261406e-01 -9.01418963e-02  7.28437922e-02 -2.66153000e+02]]

[[ 9.65828555e-02  9.95300110e-01  7.03158748e-03 -2.92286804e+02]
 [-5.33455229e-02 -1.87812694e-03  9.98574348e-01  9.16816670e+02]
 [ 9.93894364e-01 -9.68202657e-02  5.29134099e-02 -2.66803467e+02]]

[[ 9.66150064e-02  9.95284601e-01  8.60831519e-03 -2.92047381e+02]
 [-5.18256849e-02 -3.60655829e-03  9.98649634e-01  9.17166173e+02]
 [ 9.93971649e-01 -9.69306726e-02  5.12328585e-02 -2.68212403e+02]]

[[ 9.48236955e-02  9.95489657e-01 -2.96820631e-03 -2.91672438e+02]
 [-4.67442461e-02  7.43085757e-03  9.98879251e-01  9.10893104e+02]
 [ 9.94396019e-01 -9.45786753e-02  4.72380349e-02 -2.67650749e+02]]

[[ 9.74579583e-02  9.95228637e-01 -4.68044759e-03 -2.90983035e+02]
 [-4.67652337e-02  9.27703341e-03  9.98862828e-01  9.14292022e+02]
 [ 9.94140312e-01 -9.71282496e-02  4.74462205e-02 -2.67531936e+02]]

[[ 9.75972556e-02  9.95169720e-01  1.05831528e-02 -2.91647567e+02]
 [-4.52357559e-02 -6.18711633e-03  9.98957179e-01  9.15092949e+02]
 [ 9.94197416e-01 -9.79742161e-02  4.44134090e-02 -2.66073227e+02]]

[[ 1.02905246e-01  9.94690198e-01 -1.38608065e-03 -2.91183037e+02]
 [-6.20561031e-02  7.81073887e-03  9.98042100e-01  9.15986498e+02]
 [ 9.92753519e-01 -1.02617753e-01  6.25303634e-02 -2.65191909e+02]]

[[ 1.02254186e-01  9.94758295e-01 -1.29799185e-04 -2.92142816e+02]
 [-6.34423398e-02  6.65164560e-03  9.97963339e-01  9.17128030e+02]
 [ 9.92733172e-01 -1.02037694e-01  6.37899523e-02 -2.64369193e+02]]

[[ 9.84613440e-02  9.95094821e-01  9.57392704e-03 -2.91592825e+02]
 [-4.09051108e-02 -5.56549315e-03  9.99147535e-01  9.15296143e+02]
 [ 9.94299822e-01 -9.87690317e-02  4.01564780e-02 -2.64870851e+02]]

[[ 1.00159111e-01  9.94970481e-01  1.37636148e-03 -2.92850974e+02]
 [-5.11909653e-02  3.77166412e-03  9.98681761e-01  9.14053927e+02]
 [ 9.93653681e-01 -1.00097535e-01  5.13112659e-02 -2.64875912e+02]]

[[ 9.38445354e-02  9.95283034e-01  2.45944298e-02 -2.92100486e+02]
 [-5.22718209e-02 -1.97437116e-02  9.98437701e-01  9.15741299e+02]
 [ 9.94213689e-01 -9.49835178e-02  5.01724170e-02 -2.64452419e+02]]

[[ 9.96726854e-02  9.95010246e-01  4.46825893e-03 -2.89146683e+02]
 [-5.36713832e-02  8.92205946e-04  9.98558254e-01  9.18207865e+02]
 [ 9.93571708e-01 -9.97688003e-02  5.34925048e-02 -2.65350620e+02]]

[[ 9.15730242e-02  9.95528658e-01  2.31748007e-02 -2.88713691e+02]
 [-6.65488948e-02 -1.71024162e-02  9.97636583e-01  9.20136447e+02]
 [ 9.93572154e-01 -9.28988563e-02  6.46852120e-02 -2.65484701e+02]]

[[ 9.27664039e-02  9.95673841e-01 -5.29116567e-03 -2.91929015e+02]
 [-7.56968129e-02  1.23511340e-02  9.97054383e-01  9.13863355e+02]
 [ 9.92806319e-01 -9.20926252e-02  7.65151067e-02 -2.63406566e+02]]

[[ 9.98630766e-02  9.94997072e-01  2.86219678e-03 -2.91943215e+02]
 [-6.41997733e-02  3.57278732e-03  9.97930671e-01  9.16590315e+02]
 [ 9.92927870e-01 -9.98401794e-02  6.42353760e-02 -2.64406183e+02]]

[[ 9.44827354e-02  9.95484651e-01 -9.12808460e-03 -2.92689704e+02]
 [-6.75974598e-02  1.55631637e-02  9.97591285e-01  9.11451976e+02]
 [ 9.93228874e-01 -9.36381180e-02  6.87626839e-02 -2.62045025e+02]]

[[ 9.53712590e-02  9.95439700e-01 -2.03133333e-03 -2.92362173e+02]
 [-5.64629752e-02  7.44694163e-03  9.98376921e-01  9.12498729e+02]
 [ 9.93839150e-01 -9.51017687e-02  5.69157113e-02 -2.63176895e+02]]

[[ 9.61058305e-02  9.95365895e-01 -3.22558883e-03 -2.93056667e+02]
 [-7.15736692e-02  1.01427996e-02  9.97383744e-01  9.13071967e+02]
 [ 9.92794480e-01 -9.56235259e-02  7.22167715e-02 -2.62321352e+02]]

[[ 9.97617371e-02  9.94996067e-01 -5.51565360e-03 -2.95395274e+02]
 [-5.22927020e-02  1.07785321e-02  9.98573631e-01  9.11005753e+02]
 [ 9.93636286e-01 -9.93310116e-02  5.31063179e-02 -2.62341541e+02]]

[[ 9.93805173e-02  9.95044262e-01 -3.22935348e-03 -2.94841498e+02]
 [-4.47232987e-02  7.70885379e-03  9.98969669e-01  9.12290366e+02]
 [ 9.94043932e-01 -9.91336951e-02  4.52677716e-02 -2.63899593e+02]]

[[ 9.43661616e-02  9.95530550e-01  3.73526154e-03 -2.92961046e+02]
 [-4.61848815e-02  6.29830056e-04  9.98932710e-01  9.14644429e+02]
 [ 9.94465678e-01 -9.44379582e-02  4.60378952e-02 -2.65087479e+02]]

[[ 1.05319471e-01  9.94336739e-01 -1.42217391e-02 -2.94532251e+02]
 [-6.06205335e-02  2.06942519e-02  9.97946341e-01  9.11131956e+02]
 [ 9.92589019e-01 -1.04241051e-01  6.24567313e-02 -2.64326195e+02]]

[[ 9.57355279e-02  9.95357133e-01 -9.94421465e-03 -2.94067742e+02]
 [-6.35347564e-02  1.60800262e-02  9.97850073e-01  9.11469805e+02]
 [ 9.93377090e-01 -9.48979003e-02  6.47792027e-02 -2.66002511e+02]]

[[ 8.82442632e-02  9.96047766e-01  1.00894982e-02 -2.92293593e+02]
 [-5.30328634e-02 -5.41671391e-03  9.98578076e-01  9.11746490e+02]
 [ 9.94686114e-01 -8.86538615e-02  5.23452712e-02 -2.65351185e+02]]

[[ 9.31981306e-02  9.95630220e-01  5.88000524e-03 -2.92750781e+02]
 [-6.40923904e-02  1.05837725e-04  9.97943964e-01  9.10032323e+02]
 [ 9.93582545e-01 -9.33833754e-02  6.38221846e-02 -2.63901916e+02]]

[[ 9.28365555e-02  9.95657404e-01 -6.90708788e-03 -2.92885310e+02]
 [-6.92583101e-02  1.33776795e-02  9.97509060e-01  9.10207223e+02]
 [ 9.93269682e-01 -9.21269320e-02  7.01994869e-02 -2.65307984e+02]]

[[ 9.17826740e-02  9.95525716e-01  2.24608310e-02 -2.91130770e+02]
 [-5.86844191e-02 -1.71091667e-02  9.98129959e-01  9.14440877e+02]
 [ 9.94048329e-01 -9.29291375e-02  5.68515233e-02 -2.67741544e+02]]

[[ 1.01764925e-01  9.94798502e-01  4.45425477e-03 -2.91435449e+02]
 [-3.70747618e-02 -6.81827583e-04  9.99312262e-01  9.15650586e+02]
 [ 9.94117378e-01 -1.01860078e-01  3.68125314e-02 -2.67569924e+02]]

[[ 1.02317587e-01  9.94592644e-01  1.77928177e-02 -2.92288572e+02]
 [-5.92512685e-02 -1.17614763e-02  9.98173810e-01  9.16893528e+02]
 [ 9.92985598e-01 -1.03184983e-01  5.77274699e-02 -2.66145738e+02]]

[[ 8.82360127e-02  9.96004414e-01  1.37700389e-02 -2.91061023e+02]
 [-4.14048365e-02 -1.01446574e-02  9.99090950e-01  9.18117745e+02]
 [ 9.95238688e-01 -8.87259479e-02  4.03442758e-02 -2.68097444e+02]]

[[ 9.80476333e-02  9.95031059e-01  1.73162631e-02 -2.92861799e+02]
 [-4.68928914e-02 -1.27614763e-02  9.98818403e-01  9.21480474e+02]
 [ 9.94076314e-01 -9.87437901e-02  4.54086509e-02 -2.66755973e+02]]

[[ 1.01464844e-01  9.94739915e-01 -1.40494410e-02 -2.93199536e+02]
 [-4.11798044e-02  1.83097798e-02  9.98983972e-01  9.14474080e+02]
 [ 9.93986473e-01 -1.00783200e-01  4.28209941e-02 -2.66603704e+02]]

[[ 9.06613950e-02  9.95881338e-01 -9.33623672e-04 -2.92073511e+02]
 [-3.98046376e-02  4.56040076e-03  9.99197074e-01  9.13816880e+02]
 [ 9.95085977e-01 -9.05514381e-02  4.00541480e-02 -2.66598288e+02]]

[[ 9.61092421e-02  9.95370764e-01 -2.37846987e-04 -2.92901230e+02]
 [-2.95169268e-02  3.08889089e-03  9.99559508e-01  9.17197320e+02]
 [ 9.94933045e-01 -9.60598862e-02  2.96771569e-02 -2.66564755e+02]]

[[ 1.06355291e-01  9.94245801e-01 -1.27999801e-02 -2.94000134e+02]
 [-5.49072698e-02  1.87258539e-02  9.98315849e-01  9.19188491e+02]
 [ 9.92811031e-01 -1.05473361e-01  5.65829161e-02 -2.63500454e+02]]

[[ 9.74295153e-02  9.95069959e-01 -1.85274420e-02 -2.93114190e+02]
 [-5.12428712e-02  2.36068820e-02  9.98407173e-01  9.15516739e+02]
 [ 9.93922360e-01 -9.63249276e-02  5.32902488e-02 -2.63537620e+02]]

[[ 9.42927702e-02  9.95490483e-01 -1.03716584e-02 -2.93701201e+02]
 [-6.38243203e-02  1.64414222e-02  9.97825704e-01  9.11807429e+02]
 [ 9.93496517e-01 -9.34257858e-02  6.50868107e-02 -2.64323654e+02]]

[[ 1.01389069e-01  9.94820531e-01 -7.23660837e-03 -2.94227289e+02]
 [-2.52046421e-02  9.84040215e-03  9.99633879e-01  9.14636260e+02]
 [ 9.94527517e-01 -1.01169552e-01  2.60718046e-02 -2.65771021e+02]]

[[ 1.01744371e-01  9.94694611e-01 -1.51892485e-02 -2.93770086e+02]
 [-3.38657525e-02  1.87228535e-02  9.99251002e-01  9.12950861e+02]
 [ 9.94233973e-01 -1.01153770e-01  3.55910264e-02 -2.65785057e+02]]

[[ 1.00503300e-01  9.94770997e-01 -1.81590299e-02 -2.94722425e+02]
 [-6.18864655e-02  2.44665057e-02  9.97783271e-01  9.10057685e+02]
 [ 9.93010147e-01 -9.91567128e-02  6.40218255e-02 -2.64660087e+02]]

[[ 9.97489972e-02  9.94823341e-01 -1.94076908e-02 -2.96190815e+02]
 [-3.63325551e-02  2.31335703e-02  9.99071961e-01  9.09407665e+02]
 [ 9.94349075e-01 -9.89512953e-02  3.84520242e-02 -2.65838791e+02]]

[[ 1.06528522e-01  9.94157461e-01 -1.73958910e-02 -2.97340056e+02]
 [-5.41777827e-02  2.32730760e-02  9.98260052e-01  9.09428396e+02]
 [ 9.92832535e-01 -1.05400697e-01  5.63404932e-02 -2.64659546e+02]]

[[ 9.24116295e-02  9.95714896e-01 -3.45498858e-03 -2.95456894e+02]
 [-7.87283151e-02  1.07656075e-02  9.96837978e-01  9.11787026e+02]
 [ 9.92603618e-01 -9.18474165e-02  7.93858234e-02 -2.64392849e+02]]

[[ 9.59335558e-02  9.95303243e-01  1.29694563e-02 -2.93605807e+02]
 [-4.13176042e-02 -9.03654898e-03  9.99105198e-01  9.15819441e+02]
 [ 9.94529843e-01 -9.63835811e-02  4.02566372e-02 -2.68087489e+02]]

[[ 8.98999759e-02  9.95899677e-01  1.00910047e-02 -2.92752915e+02]
 [-6.09562931e-02 -4.61106999e-03  9.98129785e-01  9.16020320e+02]
 [ 9.94083661e-01 -9.03469539e-02  6.02918175e-02 -2.68252985e+02]]

[[ 1.04511939e-01  9.94435726e-01 -1.32227506e-02 -2.94088607e+02]
 [-4.55462434e-02  1.80675267e-02  9.98798831e-01  9.11858687e+02]
 [ 9.93480143e-01 -1.03784156e-01  4.71810838e-02 -2.66247467e+02]]

[[ 9.95460386e-02  9.95021424e-01 -4.79082415e-03 -2.93065919e+02]
 [-6.70088055e-02  1.15074903e-02  9.97686022e-01  9.14229816e+02]
 [ 9.92774096e-01 -9.89946638e-02  6.78207222e-02 -2.67215512e+02]]

[[ 1.06291596e-01  9.94326361e-01 -4.14546496e-03 -2.93585872e+02]
 [-5.34235094e-02  9.87383328e-03  9.98523127e-01  9.13941986e+02]
 [ 9.92898799e-01 -1.05913151e-01  5.41699092e-02 -2.65708328e+02]]

[[ 9.65009802e-02  9.95329689e-01  2.52423474e-03 -2.92867250e+02]
 [-7.09585297e-02  4.35003582e-03  9.97469781e-01  9.14435439e+02]
 [ 9.92800306e-01 -9.64359276e-02  7.10469140e-02 -2.67153890e+02]]

[[ 9.97828637e-02  9.94983061e-01  7.21721572e-03 -2.93081502e+02]
 [-6.95226143e-02 -2.63910989e-04  9.97580341e-01  9.15206581e+02]
 [ 9.92577446e-01 -1.00043183e-01  6.91474898e-02 -2.66234949e+02]]

[[ 9.97749573e-02  9.95002685e-01 -3.82281636e-03 -2.93396360e+02]
 [-7.48623956e-02  1.13378940e-02  9.97129417e-01  9.13607432e+02]
 [ 9.92189790e-01 -9.92023598e-02  7.56195225e-02 -2.66599941e+02]]

[[ 9.66091057e-02  9.95201373e-01  1.55212172e-02 -2.91908484e+02]
 [-2.98241307e-02 -1.26926867e-02  9.99474570e-01  9.15463460e+02]
 [ 9.94875471e-01 -9.70212512e-02  2.84547867e-02 -2.69110035e+02]]

[[ 9.08678932e-02  9.95659027e-01  2.01525961e-02 -2.93637563e+02]
 [-5.99025210e-02 -1.47349630e-02  9.98095471e-01  9.16035516e+02]
 [ 9.94059713e-01 -9.19020240e-02  5.83035507e-02 -2.67880358e+02]]

[[ 9.41976728e-02  9.95490851e-01  1.11697489e-02 -2.96241888e+02]
 [-5.65355036e-02 -5.85256952e-03  9.98383435e-01  9.15751386e+02]
 [ 9.93946948e-01 -9.46768835e-02  5.57292781e-02 -2.69080741e+02]]

[[ 9.67697444e-02  9.95260975e-01  9.55032561e-03 -2.95015720e+02]
 [-4.24904284e-02 -5.45562465e-03  9.99081978e-01  9.15752569e+02]
 [ 9.94399407e-01 -9.70867052e-02  4.17611258e-02 -2.69077662e+02]]

[[ 1.06195250e-01  9.94337859e-01 -3.84594072e-03 -2.93588418e+02]
 [-3.55256368e-02  7.65942274e-03  9.99339413e-01  9.12976776e+02]
 [ 9.93710470e-01 -1.05988469e-01  3.61378800e-02 -2.66843487e+02]]

[[ 1.07982668e-01  9.94050588e-01 -1.42538650e-02 -2.94258084e+02]
 [-3.94758180e-02  1.86137279e-02  9.99047140e-01  9.11404109e+02]
 [ 9.93368715e-01 -1.07317093e-01  4.12509201e-02 -2.66714934e+02]]

[[ 9.87719681e-02  9.95108241e-01 -1.92014887e-03 -2.91630361e+02]
 [-3.43945261e-02  5.34233382e-03  9.99394054e-01  9.14127816e+02]
 [ 9.94515518e-01 -9.86460751e-02  3.47539492e-02 -2.67756129e+02]]

[[ 9.44556607e-02  9.95471674e-01  1.06899583e-02 -2.92456208e+02]
 [-5.66860773e-02 -5.34248825e-03  9.98377757e-01  9.12839582e+02]
 [ 9.93913888e-01 -9.49084025e-02  5.59247560e-02 -2.66138542e+02]]

[[ 9.11880816e-02  9.95645271e-01  1.93707919e-02 -2.91647814e+02]
 [-6.16412595e-02 -1.37711368e-02  9.98003362e-01  9.16845692e+02]
 [ 9.93924086e-01 -9.22000520e-02  6.01170650e-02 -2.66862435e+02]]

[[ 9.84542230e-02  9.95137733e-01  2.76747566e-03 -2.90984603e+02]
 [-4.16949004e-02  1.34651963e-03  9.99129482e-01  9.16627791e+02]
 [ 9.94267721e-01 -9.84839065e-02  4.16247392e-02 -2.68458434e+02]]

[[ 9.24954291e-02  9.95645161e-01  1.16321999e-02 -2.90508517e+02]
 [-5.13688508e-02 -6.89520917e-03  9.98655945e-01  9.14014992e+02]
 [ 9.94387166e-01 -9.29686429e-02  5.05073724e-02 -2.67759160e+02]]

[[ 1.01299455e-01  9.94834836e-01 -6.48615995e-03 -2.91767093e+02]
 [-2.31593969e-02  8.87604521e-03  9.99692382e-01  9.14944217e+02]
 [ 9.94586378e-01 -1.01118078e-01  2.39389134e-02 -2.69445657e+02]]

[[ 9.67436708e-02  9.95218525e-01  1.34443455e-02 -2.89775830e+02]
 [-2.58796471e-02 -1.09878769e-02  9.99604677e-01  9.17640262e+02]
 [ 9.94972817e-01 -9.70533607e-02  2.46928966e-02 -2.72125194e+02]]

[[ 9.49252673e-02  9.95477378e-01  3.73956869e-03 -2.91129952e+02]
 [-3.16770048e-02 -7.34062751e-04  9.99497888e-01  9.14733662e+02]
 [ 9.94980282e-01 -9.49960625e-02  3.14640605e-02 -2.72874593e+02]]

[[ 1.01233319e-01  9.94845942e-01  5.77633531e-03 -2.92096501e+02]
 [-3.42854579e-02 -2.31401973e-03  9.99409402e-01  9.16914650e+02]
 [ 9.94271755e-01 -1.01371575e-01  3.38744928e-02 -2.70942960e+02]]

[[ 9.04462010e-02  9.95296011e-01  3.47179265e-02 -2.90935228e+02]
 [-5.34251021e-02 -2.99615769e-02  9.98122268e-01  9.20680208e+02]
 [ 9.94467316e-01 -9.21311761e-02  5.04638802e-02 -2.71512840e+02]]

[[ 9.88425897e-02  9.95094688e-01 -4.08717016e-03 -2.93031153e+02]
 [-7.14833787e-02  1.11969844e-02  9.97378942e-01  9.13828959e+02]
 [ 9.92532251e-01 -9.82913528e-02  7.22394694e-02 -2.67379501e+02]]

[[ 9.76361476e-02  9.95124834e-01  1.39192955e-02 -2.90732163e+02]
 [-3.37137105e-02 -1.06709356e-02  9.99374563e-01  9.20403232e+02]
 [ 9.94650978e-01 -9.80443534e-02  3.25074815e-02 -2.70815112e+02]]

[[ 9.64280334e-02  9.95291138e-01 -9.85821217e-03 -2.92106172e+02]
 [-5.00943861e-02  1.47446959e-02  9.98635642e-01  9.12084884e+02]
 [ 9.94078562e-01 -9.58026300e-02  5.12803006e-02 -2.67695406e+02]]

[[ 9.78384631e-02  9.95164474e-01  8.67786366e-03 -2.91776099e+02]
 [-6.54028106e-02 -2.27133406e-03  9.97856359e-01  9.16408224e+02]
 [ 9.93050909e-01 -9.81962893e-02  6.48643298e-02 -2.67473280e+02]]

[[ 1.03367725e-01  9.94636201e-01  3.73371740e-03 -2.91109180e+02]
 [-3.91317218e-02  3.15793504e-04  9.99234011e-01  9.14303949e+02]
 [ 9.93873142e-01 -1.03434653e-01  3.89544700e-02 -2.68833052e+02]]

[[ 9.35978018e-02  9.95529724e-01  1.26499408e-02 -2.89404777e+02]
 [-4.44612926e-02 -8.51355110e-03  9.98974831e-01  9.19697069e+02]
 [ 9.94616833e-01 -9.40642810e-02  4.34656887e-02 -2.71086778e+02]]

[[ 1.05234789e-01  9.94287063e-01 -1.78570777e-02 -2.89836393e+02]
 [-1.53906644e-02  1.95830479e-02  9.99689768e-01  9.12491984e+02]
 [ 9.94328299e-01 -1.04927309e-01  1.73635565e-02 -2.68691506e+02]]

[[ 9.38797371e-02  9.95501581e-01  1.27748963e-02 -2.89146069e+02]
 [-5.21830104e-02 -7.89367416e-03  9.98606341e-01  9.14922491e+02]
 [ 9.94215031e-01 -9.44155332e-02  5.12072133e-02 -2.66565429e+02]]

[[ 9.19974234e-02  9.95756109e-01  2.49918992e-03 -2.87151579e+02]
 [-5.30761594e-02  2.39738411e-03  9.98587589e-01  9.20721164e+02]
 [ 9.94343701e-01 -9.20001327e-02  5.30714631e-02 -2.66921555e+02]]

[[ 9.01235684e-02  9.95272210e-01  3.62073183e-02 -2.89185972e+02]
 [-7.65905552e-02 -2.93213613e-02  9.96631399e-01  9.21422618e+02]
 [ 9.92981183e-01 -9.25931166e-02  7.35859054e-02 -2.66828394e+02]]

[[ 8.95498812e-02  9.95931215e-01  1.00912354e-02 -2.88694042e+02]
 [-6.18382990e-02 -4.55272962e-03  9.98075797e-01  9.17416419e+02]
 [ 9.94060785e-01 -9.00015939e-02  6.11789959e-02 -2.66031106e+02]]

[[ 1.02241857e-01  9.94723609e-01 -8.45833864e-03 -2.90807007e+02]
 [-4.53187047e-02  1.31517785e-02  9.98886002e-01  9.15620454e+02]
 [ 9.93726732e-01 -1.01744639e-01  4.64242478e-02 -2.66818811e+02]]

[[ 9.90564307e-02  9.95070210e-01  4.80640919e-03 -2.92331890e+02]
 [-6.55224125e-02  1.70273675e-03  9.97849645e-01  9.15163963e+02]
 [ 9.92922271e-01 -9.91583517e-02  6.53680678e-02 -2.65351600e+02]]

[[ 1.03174770e-01  9.94384996e-01 -2.35254546e-02 -2.92543474e+02]
 [-3.98476268e-02  2.77648628e-02  9.98819943e-01  9.10771256e+02]
 [ 9.93864746e-01 -1.02115584e-01  4.24885156e-02 -2.65338933e+02]]

[[ 9.44893584e-02  9.95524519e-01 -1.64097947e-03 -2.94498233e+02]
 [-6.34716032e-02  7.66933736e-03  9.97954176e-01  9.11805463e+02]
 [ 9.93500436e-01 -9.41918942e-02  6.39122081e-02 -2.65798385e+02]]

[[ 1.08592946e-01  9.94068131e-01 -6.01016173e-03 -2.97069020e+02]
 [-4.38206475e-02  1.08268726e-02  9.98980745e-01  9.12627209e+02]
 [ 9.93119994e-01 -1.08218893e-01  4.47364312e-02 -2.65194183e+02]]

[[ 1.00257007e-01  9.94926277e-01  8.38064263e-03 -2.95394211e+02]
 [-5.61330980e-02 -2.75363176e-03  9.98419497e-01  9.13329960e+02]
 [ 9.93376871e-01 -1.00568982e-01  5.55722234e-02 -2.66097414e+02]]

[[ 9.62361715e-02  9.95344620e-01  5.26175431e-03 -2.92287384e+02]
 [-5.39640829e-02 -6.10748710e-05  9.98542875e-01  9.16853374e+02]
 [ 9.93894601e-01 -9.63798891e-02  5.37069820e-02 -2.67748386e+02]]

[[ 9.14344563e-02  9.95602611e-01  2.03759727e-02 -2.92426165e+02]
 [-5.49713114e-02 -1.53841259e-02  9.98369412e-01  9.17949373e+02]
 [ 9.94292661e-01 -9.24054583e-02  5.33229420e-02 -2.68351580e+02]]

[[ 1.00570941e-01  9.94708120e-01 -2.10057389e-02 -2.93358667e+02]
 [-6.21698844e-02  2.73544696e-02  9.97690653e-01  9.13580166e+02]
 [ 9.92985595e-01 -9.90327631e-02  6.45919536e-02 -2.68216762e+02]]

[[ 9.69238705e-02  9.95255891e-01 -8.45426751e-03 -2.91168688e+02]
 [-6.83956314e-02  1.51344683e-02  9.97543475e-01  9.14818896e+02]
 [ 9.92938971e-01 -9.61075396e-02  6.95380463e-02 -2.68122286e+02]]

[[ 9.37591538e-02  9.95320811e-01  2.33602935e-02 -2.90969376e+02]
 [-6.16700137e-02 -1.76124828e-02  9.97941186e-01  9.17617942e+02]
 [ 9.93683063e-01 -9.50067507e-02  5.97301166e-02 -2.68092211e+02]]

[[ 9.37266275e-02  9.95133176e-01  3.04184278e-02 -2.90609831e+02]
 [-5.42094391e-02 -2.54066484e-02  9.98206311e-01  9.18723632e+02]
 [ 9.94121047e-01 -9.52074769e-02  5.15643318e-02 -2.68326480e+02]]

[[ 9.46720647e-02  9.95468628e-01 -8.91131600e-03 -2.91274950e+02]
 [-4.55915777e-02  1.32776782e-02  9.98871919e-01  9.06971768e+02]
 [ 9.94463980e-01 -9.41589861e-02  4.66420105e-02 -2.65967117e+02]]

[[ 1.02502945e-01  9.94732294e-01 -8.99532982e-04 -2.91947472e+02]
 [-4.40856833e-02  5.44624666e-03  9.99012908e-01  9.07776163e+02]
 [ 9.93755301e-01 -1.02362109e-01  4.44117092e-02 -2.65567798e+02]]

[[ 9.68405470e-02  9.95272690e-01  7.36076108e-03 -2.90418009e+02]
 [-3.34586087e-02 -4.13597891e-03  9.99431546e-01  9.14832187e+02]
 [ 9.94737367e-01 -9.70317785e-02  3.28999090e-02 -2.67718316e+02]]

[[ 1.00932824e-01  9.94867708e-01  7.12796534e-03 -2.90232342e+02]
 [-4.48651945e-02 -2.60576637e-03  9.98989652e-01  9.16364674e+02]
 [ 9.93881119e-01 -1.01150645e-01  4.43719259e-02 -2.69114379e+02]]

[[ 9.68064577e-02  9.95107528e-01  1.97361838e-02 -2.91085775e+02]
 [-4.89695680e-02 -1.50432982e-02  9.98686978e-01  9.15392909e+02]
 [ 9.94097828e-01 -9.76458211e-02  4.72736974e-02 -2.66413281e+02]]

[[ 9.51853850e-02  9.95441662e-01  5.96994870e-03 -2.89774972e+02]
 [-4.96390608e-02 -1.24333891e-03  9.98766448e-01  9.18306696e+02]
 [ 9.94221156e-01 -9.53643115e-02  4.92944415e-02 -2.67382880e+02]]

[[ 9.89557548e-02  9.95080082e-01  4.83628537e-03 -2.92513429e+02]
 [-5.43976843e-02  5.56578457e-04  9.98519195e-01  9.18348481e+02]
 [ 9.93603870e-01 -9.90723033e-02  5.41851288e-02 -2.66899990e+02]]

[[ 9.40275533e-02  9.95267388e-01  2.45284640e-02 -2.92152577e+02]
 [-5.37410382e-02 -1.95276124e-02  9.98363948e-01  9.20821590e+02]
 [ 9.94118061e-01 -9.51919045e-02  5.16505691e-02 -2.67937444e+02]]

[[ 1.03193751e-01  9.94584295e-01 -1.23745455e-02 -2.93775178e+02]
 [-4.30805139e-02  1.68984453e-02  9.98928682e-01  9.12318845e+02]
 [ 9.93727890e-01 -1.02550096e-01  4.45910165e-02 -2.67307481e+02]]

[[ 9.40935365e-02  9.95538085e-01  7.09422561e-03 -2.92606959e+02]
 [-4.48682158e-02 -2.87808437e-03  9.98988769e-01  9.13103375e+02]
 [ 9.94551783e-01 -9.43166914e-02  4.43972085e-02 -2.68109841e+02]]

[[ 1.03284424e-01  9.94613088e-01 -8.78251026e-03 -2.92051242e+02]
 [-3.48278575e-02  1.24406942e-02  9.99315891e-01  9.12465784e+02]
 [ 9.94041925e-01 -1.02907890e-01  3.59251728e-02 -2.66921558e+02]]

[[ 1.02178290e-01  9.94631663e-01  1.63539776e-02 -2.91707237e+02]
 [-4.99626665e-02 -1.12880077e-02  9.98687295e-01  9.14190744e+02]
 [ 9.93510608e-01 -1.02861248e-01  4.85410608e-02 -2.66932684e+02]]

[[ 1.03460242e-01  9.94627817e-01 -3.38880207e-03 -2.91804412e+02]
 [-3.24860359e-02  6.78439554e-03  9.99449163e-01  9.10348068e+02]
 [ 9.94102930e-01 -1.03293164e-01  3.30134301e-02 -2.68870633e+02]]

[[ 1.03596511e-01  9.94502431e-01  1.52537781e-02 -2.90190383e+02]
 [-2.44471686e-02 -1.27856204e-02  9.99619359e-01  9.12767264e+02]
 [ 9.94318912e-01 -1.03929990e-01  2.29882229e-02 -2.68335287e+02]]

[[ 1.03193142e-01  9.94539212e-01 -1.55862417e-02 -2.91386642e+02]
 [-3.43621110e-02  1.92250732e-02  9.99224520e-01  9.09768219e+02]
 [ 9.94067614e-01 -1.02577542e-01  3.61583625e-02 -2.67725826e+02]]

[[ 1.03604969e-01  9.94575865e-01 -9.21190311e-03 -2.92019205e+02]
 [-3.01772366e-02  1.24007742e-02  9.99467636e-01  9.10254569e+02]
 [ 9.94160623e-01 -1.03271824e-01  3.12983330e-02 -2.66278988e+02]]

[[ 9.15348973e-02  9.95226731e-01  3.38395839e-02 -2.89629289e+02]
 [-6.92816685e-02 -2.75351527e-02  9.97217061e-01  9.17497916e+02]
 [ 9.93388853e-01 -9.36246240e-02  6.64305411e-02 -2.68802473e+02]]

[[ 1.00550954e-01  9.94930567e-01 -1.63448878e-03 -2.90356933e+02]
 [-2.04157955e-02  3.70575066e-03  9.99784708e-01  9.13420446e+02]
 [ 9.94722424e-01 -1.00495937e-01  2.06849158e-02 -2.67885852e+02]]

[[ 9.37986072e-02  9.95580390e-01  4.63773819e-03 -2.91395648e+02]
 [-8.25377229e-02  3.13388289e-03  9.96583014e-01  9.11971939e+02]
 [ 9.92163971e-01 -9.38608870e-02  8.24668922e-02 -2.65662694e+02]]

[[ 1.07696116e-01  9.94175811e-01  4.00037720e-03 -2.91144812e+02]
 [-1.13058761e-02 -2.79880769e-03  9.99932170e-01  9.12199443e+02]
 [ 9.94119572e-01 -1.07734039e-01  1.09386079e-02 -2.68611336e+02]]

[[ 1.01766456e-01  9.94575159e-01  2.15369733e-02 -2.90897396e+02]
 [-2.95250809e-02 -1.86201973e-02  9.99390593e-01  9.12722994e+02]
 [ 9.94370081e-01 -1.02340320e-01  2.74700005e-02 -2.69054366e+02]]

[[ 1.02726178e-01  9.94708216e-01 -1.70237908e-03 -2.92607495e+02]
 [-6.53438624e-02  8.45595206e-03  9.97826977e-01  9.12458845e+02]
 [ 9.92561087e-01 -1.02391711e-01  6.58667244e-02 -2.67319063e+02]]

[[ 9.50489297e-02  9.95337627e-01  1.63923709e-02 -2.92060671e+02]
 [-6.51677469e-02 -1.02101487e-02  9.97822087e-01  9.14640897e+02]
 [ 9.93337237e-01 -9.59101753e-02  6.38934468e-02 -2.68116833e+02]]

[[ 1.00784763e-01  9.94888592e-01 -6.25472492e-03 -2.92746637e+02]
 [-4.65177256e-02  1.09920384e-02  9.98856985e-01  9.11758453e+02]
 [ 9.93820171e-01 -1.00378609e-01  4.73877845e-02 -2.67119361e+02]]

[[ 1.01146164e-01  9.94871216e-01  8.46956027e-04 -2.92914086e+02]
 [-3.23598227e-02  2.43907145e-03  9.99473308e-01  9.13050939e+02]
 [ 9.94345159e-01 -1.01120298e-01  3.24405589e-02 -2.68126062e+02]]

[[ 1.03685247e-01  9.94558408e-01 -1.01460857e-02 -2.93120709e+02]
 [-7.10801096e-02  1.75844959e-02  9.97315599e-01  9.10374913e+02]
 [ 9.92067028e-01 -1.02685729e-01  7.25165734e-02 -2.66579461e+02]]

[[ 1.04347947e-01  9.94475716e-01  1.13822913e-02 -2.92332394e+02]
 [-4.52940362e-02 -6.68092295e-03  9.98951358e-01  9.15158849e+02]
 [ 9.93508911e-01 -1.04754073e-01  4.43466784e-02 -2.68138436e+02]]

[[ 9.31166003e-02  9.95642800e-01  4.97132489e-03 -2.90966614e+02]
 [-2.94904560e-02 -2.23282815e-03  9.99562568e-01  9.13502728e+02]
 [ 9.95218374e-01 -9.32224748e-02  2.91540468e-02 -2.69468129e+02]]

[[ 1.05496101e-01  9.94383482e-01 -8.48903835e-03 -2.91462659e+02]
 [-3.34501989e-02  1.20803832e-02  9.99367374e-01  9.10170149e+02]
 [ 9.93856960e-01 -1.05145401e-01  3.45367586e-02 -2.67331427e+02]]

[[ 1.08755562e-01  9.93949384e-01 -1.53899300e-02 -2.91854431e+02]
 [-6.28803596e-02  2.23293246e-02  9.97771247e-01  9.09510098e+02]
 [ 9.92077763e-01 -1.07545448e-01  6.49283329e-02 -2.65547991e+02]]

[[ 9.81281120e-02  9.95172882e-01  1.34490593e-03 -2.89753519e+02]
 [-4.26014899e-02  2.85048391e-03  9.99088078e-01  9.13940334e+02]
 [ 9.94261528e-01 -9.80959218e-02  4.26755601e-02 -2.67623634e+02]]

[[ 8.75976272e-02  9.95962140e-01  1.96486846e-02 -2.89751154e+02]
 [-6.05671237e-02 -1.43630411e-02  9.98060783e-01  9.15576797e+02]
 [ 9.94312968e-01 -8.86178207e-02  5.90643938e-02 -2.67574719e+02]]

[[ 9.07170528e-02  9.95558389e-01  2.51775663e-02 -2.89568086e+02]
 [-4.75827424e-02 -2.09198833e-02  9.98648207e-01  9.17200985e+02]
 [ 9.94739312e-01 -9.17924397e-02  4.54736083e-02 -2.68903181e+02]]

[[ 9.34186401e-02  9.95488737e-01  1.65870793e-02 -2.89568854e+02]
 [-3.15794166e-02 -1.36888995e-02  9.99407502e-01  9.14475190e+02]
 [ 9.95125971e-01 -9.38871000e-02  3.01581552e-02 -2.70918110e+02]]

[[ 9.74994052e-02  9.95234915e-01  1.15310757e-03 -2.88818857e+02]
 [-6.89427437e-02  5.59820666e-03  9.97604911e-01  9.14798135e+02]
 [ 9.92844783e-01 -9.73453838e-02  6.91600475e-02 -2.65805018e+02]]

[[ 9.76199685e-02  9.95073454e-01  1.72962976e-02 -2.89837943e+02]
 [-3.83481565e-02 -1.36054551e-02  9.99171812e-01  9.16092540e+02]
 [ 9.94484671e-01 -9.82024020e-02  3.68310685e-02 -2.66273073e+02]]

[[ 8.43887694e-02  9.96281625e-01  1.73625999e-02 -2.89815046e+02]
 [-7.86493088e-02 -1.07105250e-02  9.96844808e-01  9.16546713e+02]
 [ 9.93324127e-01 -8.54880631e-02  7.74530131e-02 -2.67786102e+02]]

[[ 9.98775441e-02  9.94911956e-01  1.32164957e-02 -2.88272481e+02]
 [-4.39217008e-02 -8.86151823e-03  9.98995675e-01  9.15353029e+02]
 [ 9.94029859e-01 -1.00357725e-01  4.28131585e-02 -2.67432597e+02]]

[[ 1.02628242e-01  9.94692523e-01  7.36400437e-03 -2.88719677e+02]
 [-1.44390175e-02 -5.91263816e-03  9.99878270e-01  9.11760648e+02]
 [ 9.94614980e-01 -1.02722078e-01  1.37555791e-02 -2.69252109e+02]]

[[ 8.10015433e-02  9.96368901e-01  2.62252503e-02 -2.88551801e+02]
 [-6.47958374e-02 -2.09920092e-02  9.97677721e-01  9.15971749e+02]
 [ 9.94605575e-01 -8.25127222e-02  6.28601722e-02 -2.68785423e+02]]

[[ 1.00710729e-01  9.94894328e-01  6.52884993e-03 -2.89597053e+02]
 [-6.47409917e-02  4.98483530e-06  9.97902101e-01  9.13791883e+02]
 [ 9.92807108e-01 -1.00922132e-01  6.44109474e-02 -2.67498667e+02]]

[[ 8.66395206e-02  9.95823786e-01  2.87850621e-02 -2.87556736e+02]
 [-5.59291062e-02 -2.39862119e-02  9.98146581e-01  9.16262583e+02]
 [ 9.94668552e-01 -8.80888641e-02  5.36173804e-02 -2.68908012e+02]]

[[ 9.01785445e-02  9.95742761e-01  1.90836019e-02 -2.89112717e+02]
 [-5.09344529e-02 -1.45254589e-02  9.98596361e-01  9.18205159e+02]
 [ 9.94622296e-01 -9.10239792e-02  4.94077280e-02 -2.67353282e+02]]

[[ 9.35766406e-02  9.95554239e-01  1.07316890e-02 -2.89306668e+02]
 [-6.80553211e-02 -4.35769087e-03  9.97672032e-01  9.17961074e+02]
 [ 9.93283386e-01 -9.40891458e-02  6.73449854e-02 -2.66458462e+02]]

[[ 8.06221944e-02  9.95299756e-01  5.36512603e-02 -2.82471723e+02]
 [-7.75216852e-02 -4.74021467e-02  9.95863156e-01  9.23022673e+02]
 [ 9.93725541e-01 -8.44478090e-02  7.33356493e-02 -2.66633329e+02]]

[[ 9.10473207e-02  9.95814647e-01  7.97335873e-03 -2.85532923e+02]
 [-7.06802471e-02 -1.52454189e-03  9.97497859e-01  9.15854978e+02]
 [ 9.93335134e-01 -9.13830664e-02  7.02456198e-02 -2.63249449e+02]]

[[ 8.39336856e-02  9.96162244e-01  2.48177225e-02 -2.84565372e+02]
 [-7.49209137e-02 -1.85264117e-02  9.97017366e-01  9.19363623e+02]
 [ 9.93650841e-01 -8.55427086e-02  7.30783956e-02 -2.64124427e+02]]

[[ 9.94002998e-02  9.94980454e-01  1.15531659e-02 -2.91368077e+02]
 [-6.54377058e-02 -5.04907238e-03  9.97843882e-01  9.17209712e+02]
 [ 9.92893492e-01 -9.99419938e-02  6.46073590e-02 -2.62706651e+02]]

[[ 1.05683120e-01  9.94399645e-01  6.51146268e-04 -2.91975529e+02]
 [-7.74141748e-02  7.57461860e-03  9.96970246e-01  9.15172383e+02]
 [ 9.91381926e-01 -1.05413334e-01  7.77811373e-02 -2.63050077e+02]]

[[ 1.00513702e-01  9.94887502e-01  9.79051330e-03 -2.91453794e+02]
 [-8.27422889e-02 -1.44759822e-03  9.96569926e-01  9.15975842e+02]
 [ 9.91489137e-01 -1.00979022e-01  8.21737656e-02 -2.62879171e+02]]

[[ 9.34840735e-02  9.95518042e-01  1.43023259e-02 -2.90648497e+02]
 [-8.62917730e-02 -6.20962497e-03  9.96250556e-01  9.17719232e+02]
 [ 9.91874215e-01 -9.43677332e-02  8.53245158e-02 -2.64138849e+02]]

[[ 8.92224781e-02  9.95656927e-01  2.65825635e-02 -2.92758824e+02]
 [-7.29641004e-02 -2.00835199e-02  9.97132334e-01  9.22083490e+02]
 [ 9.93335588e-01 -9.09061907e-02  7.08553106e-02 -2.63138072e+02]]

[[ 9.65100052e-02  9.95240413e-01  1.35032795e-02 -2.93049295e+02]
 [-5.58785061e-02 -8.12758398e-03  9.98404495e-01  9.16545946e+02]
 [ 9.93762251e-01 -9.71105660e-02  5.48281543e-02 -2.63510752e+02]]

[[ 1.09300275e-01  9.93686618e-01 -2.53052261e-02 -2.94384619e+02]
 [-3.45204684e-02  2.92370008e-02  9.98976243e-01  9.08636612e+02]
 [ 9.93409174e-01 -1.08314830e-01  3.74981397e-02 -2.61390971e+02]]

[[ 9.95746215e-02  9.95028698e-01  1.66887423e-03 -2.94139197e+02]
 [-6.56072329e-02  4.89187571e-03  9.97833533e-01  9.14666178e+02]
 [ 9.92864838e-01 -9.94683866e-02  6.57681862e-02 -2.63195968e+02]]

[[ 9.90855653e-02  9.95070809e-01 -4.01686653e-03 -2.93681243e+02]
 [-3.73085451e-02  7.74888328e-03  9.99273750e-01  9.13162876e+02]
 [ 9.94379265e-01 -9.88637409e-02  3.78924466e-02 -2.64024825e+02]]

[[ 1.09245144e-01  9.93895450e-01 -1.54056257e-02 -2.93306710e+02]
 [-4.86215472e-02  2.08228429e-02  9.98600197e-01  9.11698650e+02]
 [ 9.92824981e-01 -1.08343177e-01  5.05995290e-02 -2.62930335e+02]]

[[ 1.03295839e-01  9.94286509e-01  2.69129758e-02 -2.92556647e+02]
 [-5.07240852e-02 -2.17566718e-02  9.98475695e-01  9.17049911e+02]
 [ 9.93356450e-01 -1.04503521e-01  4.81868999e-02 -2.65143991e+02]]

[[ 8.42604282e-02  9.96443375e-01 -8.83138403e-04 -2.90314549e+02]
 [-5.39542867e-02  5.44742465e-03  9.98528548e-01  9.14276422e+02]
 [ 9.94981967e-01 -8.40887938e-02  5.42213938e-02 -2.66325226e+02]]

[[ 1.08640052e-01  9.93683183e-01 -2.81259831e-02 -2.95460373e+02]
 [-6.93892716e-02  3.58047381e-02  9.96946914e-01  9.10017915e+02]
 [ 9.91656426e-01 -1.06356723e-01  7.28407809e-02 -2.65018900e+02]]

[[ 9.42494831e-02  9.94699303e-01  4.11136373e-02 -2.91170221e+02]
 [-4.02552617e-02 -3.74559431e-02  9.98487139e-01  9.19536709e+02]
 [ 9.94734411e-01 -9.57619369e-02  3.65116775e-02 -2.68595107e+02]]

[[ 8.73718446e-02  9.96061958e-01  1.50578000e-02 -2.90788357e+02]
 [-4.43171406e-02 -1.12141496e-02  9.98954570e-01  9.15712200e+02]
 [ 9.95189505e-01 -8.79478222e-02  4.31628169e-02 -2.67569037e+02]]

[[ 9.52278684e-02  9.95429012e-01  7.26190114e-03 -2.90751714e+02]
 [-4.97361664e-02 -2.52817767e-03  9.98759191e-01  9.14599775e+02]
 [ 9.94212234e-01 -9.54708879e-02  4.92680700e-02 -2.66753686e+02]]

[[ 9.11987131e-02  9.95459097e-01  2.72760078e-02 -2.89986766e+02]
 [-2.88809661e-02 -2.47346921e-02  9.99276781e-01  9.15798663e+02]
 [ 9.95413826e-01 -9.19205139e-02  2.64940483e-02 -2.66942379e+02]]

[[ 8.63236277e-02  9.95641955e-01  3.52892192e-02 -2.89280455e+02]
 [-5.02259671e-02 -3.10271984e-02  9.98255811e-01  9.19204901e+02]
 [ 9.95000293e-01 -8.79454982e-02  4.73286998e-02 -2.68061025e+02]]

[[ 9.58261213e-02  9.95180457e-01  2.08137709e-02 -2.90661567e+02]
 [-3.84817170e-02 -1.71905734e-02  9.99111426e-01  9.15244888e+02]
 [ 9.94653966e-01 -9.65419223e-02  3.66489467e-02 -2.65966892e+02]]

[[ 9.77632929e-02  9.94690823e-01  3.21326078e-02 -2.90589194e+02]
 [-3.90592542e-02 -2.84274563e-02  9.98832446e-01  9.17805622e+02]
 [ 9.94442916e-01 -9.89042246e-02  3.60727200e-02 -2.66531919e+02]]

[[ 9.62568071e-02  9.94671330e-01  3.69265882e-02 -2.88951648e+02]
 [-3.78198066e-02 -3.34171867e-02  9.98725665e-01  9.17700019e+02]
 [ 9.94637768e-01 -9.75307001e-02  3.44016457e-02 -2.68290461e+02]]

[[ 8.93900014e-02  9.95754623e-01  2.19581215e-02 -2.90683886e+02]
 [-4.29725885e-02 -1.81700282e-02  9.98911010e-01  9.15562922e+02]
 [ 9.95069236e-01 -9.02362539e-02  4.11659348e-02 -2.68839700e+02]]

[[ 1.06847127e-01  9.94265038e-01  4.55252641e-03 -2.93264650e+02]
 [-5.90459294e-02  1.77448824e-03  9.98253690e-01  9.14054978e+02]
 [ 9.92520665e-01 -1.06929347e-01  5.88969022e-02 -2.65306029e+02]]

[[ 1.03779206e-01  9.94545340e-01  1.04614659e-02 -2.91070558e+02]
 [-4.46276620e-02 -5.85135763e-03  9.98986553e-01  9.14478730e+02]
 [ 9.93598635e-01 -1.04140902e-01  4.37769840e-02 -2.66584690e+02]]

[[ 1.00583182e-01  9.94867870e-01  1.09974531e-02 -2.90726184e+02]
 [-2.03259074e-02 -8.99646251e-03  9.99752930e-01  9.14425925e+02]
 [ 9.94721007e-01 -1.00781864e-01  1.93166994e-02 -2.69129914e+02]]

[[ 1.03500704e-01  9.94627564e-01 -1.90105639e-03 -2.90262682e+02]
 [-2.88499517e-02  4.91262521e-03  9.99571681e-01  9.11660896e+02]
 [ 9.94210885e-01 -1.03401527e-01  2.92034174e-02 -2.67281001e+02]]

[[ 1.01272083e-01  9.94693631e-01  1.81258418e-02 -2.90331774e+02]
 [-5.04699725e-02 -1.30592924e-02  9.98640194e-01  9.15172327e+02]
 [ 9.93577751e-01 -1.02049183e-01  4.88796184e-02 -2.65765873e+02]]

[[ 9.65552042e-02  9.95326997e-01  1.12281132e-03 -2.88781097e+02]
 [-5.37169651e-02  4.08455887e-03  9.98547848e-01  9.12662088e+02]
 [ 9.93877045e-01 -9.64753054e-02  5.38603310e-02 -2.65251220e+02]]

[[ 1.01163064e-01  9.94520476e-01  2.63639553e-02 -2.89258221e+02]
 [-5.55227320e-02 -2.08147717e-02  9.98240438e-01  9.13491460e+02]
 [ 9.93319315e-01 -1.02448860e-01  5.31128077e-02 -2.66918194e+02]]

[[ 9.97069691e-02  9.94913951e-01  1.43091258e-02 -2.90931830e+02]
 [-5.14530275e-02 -9.20616258e-03  9.98632982e-01  9.07223300e+02]
 [ 9.93685617e-01 -1.00306916e-01  5.02734163e-02 -2.68102363e+02]]

[[ 1.00943297e-01  9.94695340e-01  1.97896606e-02 -2.90952514e+02]
 [-5.09680738e-02 -1.46948659e-02  9.98592167e-01  9.10219239e+02]
 [ 9.93585782e-01 -1.01809827e-01  4.92143573e-02 -2.65593407e+02]]

[[ 1.00987033e-01  9.94860719e-01  7.33267450e-03 -2.88959115e+02]
 [-1.34594648e-02 -6.00350039e-03  9.99891394e-01  9.10733781e+02]
 [ 9.94796694e-01 -1.01074759e-01  1.27840171e-02 -2.67144250e+02]]

[[ 9.11494564e-02  9.95214267e-01  3.52184577e-02 -2.88795941e+02]
 [-8.04956273e-02 -2.78867569e-02  9.96364784e-01  9.19240929e+02]
 [ 9.92578577e-01 -9.36530403e-02  7.75685340e-02 -2.66863780e+02]]

[[ 1.03039523e-01  9.94653449e-01  6.88280290e-03 -2.88890449e+02]
 [-5.96245719e-02 -7.30775359e-04  9.98220605e-01  9.14258944e+02]
 [ 9.92888598e-01 -1.03266559e-01  5.92304874e-02 -2.66264240e+02]]

[[ 9.51513197e-02  9.95398596e-01  1.13075937e-02 -2.88754431e+02]
 [-6.51202883e-02 -5.11067940e-03  9.97864334e-01  9.13899120e+02]
 [ 9.93330546e-01 -9.56844620e-02  6.43343556e-02 -2.66478441e+02]]

[[ 8.93226753e-02  9.95923089e-01  1.25960419e-02 -2.89762211e+02]
 [-6.82499429e-02 -6.49662337e-03  9.97647102e-01  9.16555296e+02]
 [ 9.93661615e-01 -8.99721873e-02  6.73913981e-02 -2.65048897e+02]]

[[ 1.06155614e-01  9.94344860e-01 -3.04712331e-03 -2.91472428e+02]
 [-4.67454840e-02  8.05152147e-03  9.98874383e-01  9.11268591e+02]
 [ 9.93250142e-01 -1.05893685e-01  4.73358459e-02 -2.64292828e+02]]

[[ 9.44277815e-02  9.95509654e-01  6.62744036e-03 -2.89923560e+02]
 [-5.86829593e-02 -1.07956117e-03  9.98276086e-01  9.14382325e+02]
 [ 9.93800636e-01 -9.46539140e-02  5.83175120e-02 -2.66818601e+02]]

[[ 8.85236903e-02  9.95942978e-01  1.61598808e-02 -2.89302916e+02]
 [-7.94275059e-02 -9.11391218e-03  9.96798981e-01  9.17435367e+02]
 [ 9.92902225e-01 -8.95238633e-02  7.82984695e-02 -2.66531117e+02]]

[[ 9.28087875e-02  9.95648819e-01  8.36412052e-03 -2.89708824e+02]
 [-5.61794626e-02 -3.15063054e-03  9.98415716e-01  9.14317568e+02]
 [ 9.94097780e-01 -9.31316438e-02  5.56426094e-02 -2.67033474e+02]]

[[ 8.99351309e-02  9.95856678e-01  1.34591322e-02 -2.89413547e+02]
 [-7.16537476e-02 -7.00905658e-03  9.97404940e-01  9.17660387e+02]
 [ 9.93366706e-01 -9.06661410e-02  7.07265027e-02 -2.64797992e+02]]

[[ 8.71232195e-02  9.96133628e-01  1.12845144e-02 -2.89096887e+02]
 [-7.47757906e-02 -4.75647660e-03  9.97189028e-01  9.16538829e+02]
 [ 9.93387198e-01 -8.77221270e-02  7.40722800e-02 -2.65382753e+02]]

[[ 9.29745170e-02  9.95665844e-01  2.29463398e-03 -2.90198764e+02]
 [-8.43206013e-02  5.57741434e-03  9.96423067e-01  9.14821441e+02]
 [ 9.92091616e-01 -9.28354383e-02  8.44737001e-02 -2.63908174e+02]]

[[ 9.49694032e-02  9.95296023e-01  1.91478053e-02 -2.90423368e+02]
 [-5.11171915e-02 -1.43336590e-02  9.98589795e-01  9.15968066e+02]
 [ 9.94166910e-01 -9.58142589e-02  4.95154783e-02 -2.64636177e+02]]

[[ 1.03926066e-01  9.94584407e-01  1.10917830e-03 -2.91581577e+02]
 [-4.56779850e-02  3.65893546e-03  9.98949515e-01  9.13798659e+02]
 [ 9.93535553e-01 -1.03867558e-01  4.58108704e-02 -2.64154315e+02]]

[[ 9.07481401e-02  9.95755048e-01  1.53837518e-02 -2.90025683e+02]
 [-6.17972938e-02 -9.78716753e-03  9.98040734e-01  9.18162258e+02]
 [ 9.93954662e-01 -9.15210146e-02  6.06468000e-02 -2.66609136e+02]]

[[ 9.69218902e-02  9.95288952e-01  2.45966443e-03 -2.92472553e+02]
 [-4.24477265e-02  1.66451138e-03  9.99097303e-01  9.12817232e+02]
 [ 9.94386413e-01 -9.69388062e-02  4.24090808e-02 -2.65821260e+02]]

[[ 9.71503308e-02  9.95254213e-01  5.55556036e-03 -2.90561489e+02]
 [-4.21624512e-02 -1.46145392e-03  9.99109700e-01  9.14329535e+02]
 [ 9.94376257e-01 -9.72980738e-02  4.18203764e-02 -2.66801493e+02]]

[[ 9.00499937e-02  9.95834928e-01  1.42756438e-02 -2.90543050e+02]
 [-5.53560927e-02 -9.30708418e-03  9.98423298e-01  9.15643605e+02]
 [ 9.94397658e-01 -9.06982555e-02  5.42874278e-02 -2.65940190e+02]]

[[ 1.04868218e-01  9.94483893e-01 -2.10804291e-03 -2.91253368e+02]
 [-5.03855365e-02  7.43013392e-03  9.98702203e-01  9.12814293e+02]
 [ 9.93208918e-01 -1.04625905e-01  5.08867894e-02 -2.65495618e+02]]

[[ 1.08781385e-01  9.94063149e-01  2.25083469e-03 -2.91199661e+02]
 [-4.32571950e-02  2.47152974e-03  9.99060912e-01  9.14127379e+02]
 [ 9.93124073e-01 -1.08776595e-01  4.32692399e-02 -2.65309848e+02]]

[[ 1.01495251e-01  9.94835925e-01 -4.43304929e-04 -2.90527995e+02]
 [-5.45144093e-02  6.00660997e-03  9.98494917e-01  9.13804381e+02]
 [ 9.93341277e-01 -1.01318326e-01  5.48425352e-02 -2.66238305e+02]]

[[ 9.08551588e-02  9.95708883e-01  1.75829856e-02 -2.89943903e+02]
 [-4.87553606e-02 -1.31874572e-02  9.98723688e-01  9.15111473e+02]
 [ 9.94669923e-01 -9.15964641e-02  4.73479971e-02 -2.67089650e+02]]

[[ 1.05069273e-01  9.94321319e-01  1.68985859e-02 -2.94472430e+02]
 [-3.31691203e-02 -1.34792404e-02  9.99358854e-01  9.15398610e+02]
 [ 9.93911594e-01 -1.05562419e-01  3.15645095e-02 -2.67300587e+02]]

[[ 1.03210250e-01  9.94648671e-01 -4.65457941e-03 -2.94941422e+02]
 [-4.22689053e-02  9.06130250e-03  9.99065179e-01  9.11294345e+02]
 [ 9.93761030e-01 -1.02917023e-01  4.29779298e-02 -2.67034892e+02]]

[[ 8.89159392e-02  9.96020481e-01  6.09567429e-03 -2.91206565e+02]
 [-5.58078851e-02 -1.12845062e-03  9.98440888e-01  9.12594725e+02]
 [ 9.94474452e-01 -8.91174960e-02  5.54854593e-02 -2.67543270e+02]]

[[ 9.89128816e-02  9.94991922e-01  1.43985039e-02 -2.91061596e+02]
 [-4.87583190e-02 -9.60599503e-03  9.98764412e-01  9.15850450e+02]
 [ 9.93900834e-01 -9.94927129e-02  4.75639769e-02 -2.65589369e+02]]

[[ 9.73460695e-02  9.95229317e-01  6.50766134e-03 -2.90554332e+02]
 [-5.00444407e-02 -1.63567214e-03  9.98745653e-01  9.13960442e+02]
 [ 9.93991598e-01 -9.75496360e-02  4.96464683e-02 -2.66578297e+02]]

[[ 9.28420083e-02  9.95624637e-01  1.05803074e-02 -2.90070228e+02]
 [-6.25077655e-02 -4.77705122e-03  9.98033045e-01  9.16188621e+02]
 [ 9.93716831e-01 -9.33207436e-02  6.17907604e-02 -2.66599720e+02]]

[[ 1.05166742e-01  9.94449269e-01  3.25697773e-03 -2.89680977e+02]
 [-3.22401064e-02  1.36057604e-04  9.99480143e-01  9.13533300e+02]
 [ 9.93931855e-01 -1.05217076e-01  3.20754590e-02 -2.64824005e+02]]

[[ 1.05103226e-01  9.94455728e-01 -3.33410652e-03 -2.90902511e+02]
 [-3.01508598e-02  6.53771895e-03  9.99523979e-01  9.11197699e+02]
 [ 9.94004144e-01 -1.04952669e-01  3.06708306e-02 -2.66953119e+02]]

[[ 9.12847550e-02  9.95594801e-01  2.14029602e-02 -2.89512633e+02]
 [-5.71097348e-02 -1.62234264e-02  9.98236084e-01  9.17610024e+02]
 [ 9.94185884e-01 -9.23460538e-02  5.53772035e-02 -2.67424012e+02]]

[[ 1.02888407e-01  9.94679976e-01 -5.07157765e-03 -2.90926452e+02]
 [-5.34198095e-02  1.06168107e-02  9.98515702e-01  9.11539127e+02]
 [ 9.93257419e-01 -1.02464767e-01  5.42279615e-02 -2.65779575e+02]]

[[ 9.24469834e-02  9.95557621e-01  1.78487866e-02 -2.89969617e+02]
 [-6.86157067e-02 -1.15133658e-02  9.97576727e-01  9.16898558e+02]
 [ 9.93350613e-01 -9.34476662e-02  6.72465138e-02 -2.66663549e+02]]

[[ 1.06143086e-01  9.94350778e-01  4.18444996e-04 -2.92664706e+02]
 [-3.39955074e-02  3.20831154e-03  9.99416836e-01  9.11350497e+02]
 [ 9.93769566e-01 -1.06095412e-01  3.41439993e-02 -2.65951516e+02]]

[[ 1.03702753e-01  9.94598463e-01 -4.43127344e-03 -2.91070801e+02]
 [-3.83457774e-02  8.45006206e-03  9.99228802e-01  9.11723402e+02]
 [ 9.93868875e-01 -1.03452857e-01  3.90149459e-02 -2.66070045e+02]]

[[ 9.27363235e-02  9.95571853e-01  1.53837737e-02 -2.89382370e+02]
 [-6.23572239e-02 -9.61291077e-03  9.98007599e-01  9.16961784e+02]
 [ 9.93736158e-01 -9.35108450e-02  6.11896310e-02 -2.66722990e+02]]

[[ 1.07614307e-01  9.94051454e-01 -1.67591026e-02 -2.93249772e+02]
 [-3.71301740e-02  2.08637425e-02  9.99092616e-01  9.05924627e+02]
 [ 9.93499125e-01 -1.06894391e-01  3.91545406e-02 -2.64959616e+02]]

[[ 8.82070807e-02  9.95830913e-01  2.32444218e-02 -2.89116099e+02]
 [-5.46682471e-02 -1.84605316e-02  9.98333908e-01  9.17232184e+02]
 [ 9.94600872e-01 -8.93308513e-02  5.28119809e-02 -2.68080449e+02]]

[[ 9.08157188e-02  9.95669026e-01  1.98921061e-02 -2.89584141e+02]
 [-6.33306793e-02 -1.41600820e-02  9.97892137e-01  9.16333936e+02]
 [ 9.93851966e-01 -9.18840723e-02  6.17704377e-02 -2.67068718e+02]]

[[ 8.83074343e-02  9.95859231e-01  2.15914286e-02 -2.89060972e+02]
 [-5.61328868e-02 -1.66664425e-02  9.98284192e-01  9.16708274e+02]
 [ 9.94510380e-01 -8.93679049e-02  5.44286827e-02 -2.67688537e+02]]

[[ 8.99872699e-02  9.95762500e-01  1.89561098e-02 -2.87888097e+02]
 [-6.95552508e-02 -1.27034103e-02  9.97497213e-01  9.17067188e+02]
 [ 9.93511126e-01 -9.10805479e-02  6.81173652e-02 -2.66843737e+02]]

[[ 9.83014618e-02  9.95153741e-01  2.41951500e-03 -2.89368532e+02]
 [-4.87922436e-02  2.39131147e-03  9.98806087e-01  9.13665654e+02]
 [ 9.93959828e-01 -9.83021519e-02  4.87908531e-02 -2.67603216e+02]]

[[ 1.04327542e-01  9.94488301e-01 -1.04299567e-02 -2.89855055e+02]
 [-3.96708325e-02  1.46400797e-02  9.99105547e-01  9.10431927e+02]
 [ 9.93751472e-01 -1.03820461e-01  4.09795424e-02 -2.64661818e+02]]

[[ 9.44442273e-02  9.95394004e-01  1.64640691e-02 -2.89550625e+02]
 [-5.41190561e-02 -1.13800572e-02  9.98469640e-01  9.16537895e+02]
 [ 9.94058054e-01 -9.51907135e-02  5.27950032e-02 -2.67616405e+02]]

[[ 1.12024606e-01  9.93485306e-01 -2.09149108e-02 -2.91324061e+02]
 [-4.39818551e-02  2.59839308e-02  9.98694364e-01  9.08786165e+02]
 [ 9.92731627e-01 -1.10958466e-01  4.66061664e-02 -2.64215045e+02]]

[[ 8.97808546e-02  9.95802139e-01  1.78184821e-02 -2.89051920e+02]
 [-4.61663315e-02 -1.37105090e-02  9.98839673e-01  9.15839153e+02]
 [ 9.94890983e-01 -9.04992934e-02  4.47415904e-02 -2.67284327e+02]]

[[ 1.03212517e-01  9.94541021e-01  1.53406094e-02 -2.89158752e+02]
 [-4.01110093e-02 -1.12487407e-02  9.99131910e-01  9.13724089e+02]
 [ 9.93850232e-01 -1.03738247e-01  3.87310333e-02 -2.65437043e+02]]

[[ 8.53637456e-02  9.96349463e-01  8.82543799e-04 -2.88616512e+02]
 [-6.30308475e-02  4.51625608e-03  9.98001361e-01  9.14323296e+02]
 [ 9.94354134e-01 -8.52487618e-02  6.31862756e-02 -2.66302620e+02]]

[[ 9.78278740e-02  9.95059036e-01  1.69476159e-02 -2.91032049e+02]
 [-5.34060695e-02 -1.17557392e-02  9.98503678e-01  9.14383992e+02]
 [ 9.93769339e-01 -9.85865975e-02  5.19921530e-02 -2.65226996e+02]]

[[ 1.06194276e-01  9.94330376e-01  5.46608096e-03 -2.87703569e+02]
 [-4.27103265e-02 -9.30775715e-04  9.99087064e-01  9.17839925e+02]
 [ 9.93427704e-01 -1.06330786e-01  4.23693319e-02 -2.63765875e+02]]

[[ 9.13784093e-02  9.95811993e-01  2.90865858e-03 -2.86483090e+02]
 [-6.05564851e-02  2.64130672e-03  9.98161277e-01  9.15608491e+02]
 [ 9.93973289e-01 -9.13865279e-02  6.05442325e-02 -2.65839665e+02]]

[[ 9.21737079e-02  9.95546651e-01  1.97705277e-02 -2.88569588e+02]
 [-7.95514883e-02 -1.24291337e-02  9.96753268e-01  9.13856116e+02]
 [ 9.92560108e-01 -9.34472195e-02  7.80515784e-02 -2.63212583e+02]]

[[ 9.63354901e-02  9.95304520e-01  9.40136086e-03 -2.91196904e+02]
 [-7.16343525e-02 -2.48793079e-03  9.97427857e-01  9.15525746e+02]
 [ 9.92767844e-01 -9.67611618e-02  7.10583188e-02 -2.63840227e+02]]

[[ 9.70014727e-02  9.95282233e-01  1.99758631e-03 -2.90803906e+02]
 [-5.14140860e-02  3.00649067e-03  9.98672896e-01  9.16449711e+02]
 [ 9.93955384e-01 -9.69754457e-02  5.14631604e-02 -2.66701036e+02]]

[[ 1.06760675e-01  9.94277134e-01 -3.89079757e-03 -2.92088603e+02]
 [-2.99874202e-02  7.13123715e-03  9.99524837e-01  9.11542409e+02]
 [ 9.93832437e-01 -1.06593271e-01  3.05771419e-02 -2.64053550e+02]]

[[ 9.37939241e-02  9.95531305e-01  1.09599649e-02 -2.91006768e+02]
 [-7.73986890e-02 -3.68394855e-03  9.96993416e-01  9.16827782e+02]
 [ 9.92578532e-01 -9.43602117e-02  7.67072858e-02 -2.65884582e+02]]

[[ 1.07972721e-01  9.94077213e-01 -1.23444969e-02 -2.92747828e+02]
 [-2.49305505e-02  1.51206240e-02  9.99574827e-01  9.11781870e+02]
 [ 9.93841214e-01 -1.07619059e-01  2.64155071e-02 -2.63121238e+02]]

[[ 1.02131014e-01  9.94738534e-01  8.03145391e-03 -2.94050955e+02]
 [-5.19013705e-02 -2.73424574e-03  9.98648473e-01  9.11630705e+02]
 [ 9.93416078e-01 -1.02409824e-01  5.13490419e-02 -2.62593561e+02]]

[[ 1.04986807e-01  9.94471938e-01 -1.82595536e-03 -2.92962874e+02]
 [-5.35063020e-02  7.48210585e-03  9.98539480e-01  9.13275433e+02]
 [ 9.93033155e-01 -1.04735772e-01  5.39960383e-02 -2.62456434e+02]]

[[ 8.96740001e-02  9.95352760e-01  3.50921243e-02 -2.90297521e+02]
 [-8.86275182e-02 -2.71195201e-02  9.95695583e-01  9.19246306e+02]
 [ 9.92020028e-01 -9.23981337e-02  8.57837290e-02 -2.65224472e+02]]

[[ 9.19385745e-02  9.95532939e-01  2.14817375e-02 -2.90246782e+02]
 [-4.20165548e-02 -1.76754234e-02  9.98960554e-01  9.14688802e+02]
 [ 9.94877836e-01 -9.27455979e-02  4.02038111e-02 -2.68838727e+02]]

[[ 9.47771964e-02  9.95323518e-01  1.86648929e-02 -2.91274338e+02]
 [-4.69523658e-02 -1.42590770e-02  9.98795351e-01  9.14463222e+02]
 [ 9.94390647e-01 -9.55393840e-02  4.53813586e-02 -2.66629367e+02]]

[[ 9.55727289e-02  9.95406009e-01  5.72109637e-03 -2.91186345e+02]
 [-4.52896529e-02 -1.39316486e-03  9.98972926e-01  9.13540017e+02]
 [ 9.94391623e-01 -9.57336751e-02  4.49484440e-02 -2.68288985e+02]]

[[ 9.85156988e-02  9.95126846e-01  4.14933873e-03 -2.92594253e+02]
 [-4.02671255e-02 -1.79906041e-04  9.99188934e-01  9.11889741e+02]
 [ 9.94320479e-01 -9.86028780e-02  4.00531741e-02 -2.69203409e+02]]

[[ 9.75698301e-02  9.95226421e-01  2.12096807e-03 -2.92014428e+02]
 [-4.28246550e-02  2.06925430e-03  9.99080461e-01  9.09856691e+02]
 [ 9.94306883e-01 -9.75709405e-02  4.28221249e-02 -2.66616580e+02]]

[[ 9.97184601e-02  9.95015344e-01 -8.33365692e-04 -2.91586507e+02]
 [-3.62310356e-02  4.46798466e-03  9.99333452e-01  9.09243367e+02]
 [ 9.94355842e-01 -9.96217993e-02  3.64959768e-02 -2.67420180e+02]]

[[ 9.49160710e-02  9.95477724e-01  3.87825120e-03 -2.91502984e+02]
 [-3.97333163e-02 -1.04330141e-04  9.99210315e-01  9.10927454e+02]
 [ 9.94692014e-01 -9.49952129e-02  3.95437287e-02 -2.64887516e+02]]

[[ 9.53759476e-02  9.95373319e-01  1.16354641e-02 -2.91120308e+02]
 [-6.62084358e-02 -5.31968895e-03  9.97791634e-01  9.13778623e+02]
 [ 9.93237067e-01 -9.59356884e-02  6.53947401e-02 -2.65778789e+02]]

[[ 9.38389386e-02  9.95443331e-01  1.69359829e-02 -2.91270146e+02]
 [-6.52418620e-02 -1.08260093e-02  9.97810752e-01  9.18267877e+02]
 [ 9.93447408e-01 -9.47384369e-02  6.39286752e-02 -2.64830643e+02]]

[[ 1.12231172e-01  9.93507572e-01 -1.86244184e-02 -2.93944092e+02]
 [-5.08643920e-02  2.44621188e-02  9.98405939e-01  9.07937452e+02]
 [ 9.92379452e-01 -1.11104949e-01  5.32795708e-02 -2.60700091e+02]]

[[ 8.63661571e-02  9.95988928e-01  2.33867746e-02 -2.90472893e+02]
 [-7.18020613e-02 -1.71906310e-02  9.97270749e-01  9.16811165e+02]
 [ 9.93672658e-01 -8.78096608e-02  7.00293694e-02 -2.67258015e+02]]

[[ 1.09962365e-01  9.93895537e-01 -8.94085255e-03 -2.93702147e+02]
 [-4.55440651e-02  1.40244395e-02  9.98863881e-01  9.08049423e+02]
 [ 9.92891745e-01 -1.09430232e-01  4.68082036e-02 -2.62308499e+02]]

[[ 9.33661489e-02  9.95555380e-01  1.23388550e-02 -2.91581270e+02]
 [-7.58004318e-02 -5.24932262e-03  9.97109191e-01  9.14932401e+02]
 [ 9.92742190e-01 -9.40315357e-02  7.49734186e-02 -2.66092832e+02]]

[[ 1.01275444e-01  9.94845711e-01 -5.02944818e-03 -2.92869408e+02]
 [-6.02993136e-02  1.11844689e-02  9.98117679e-01  9.11766877e+02]
 [ 9.93029344e-01 -1.00781539e-01  6.11212256e-02 -2.65819875e+02]]

[[ 8.23818309e-02  9.95990406e-01  3.48761361e-02 -2.90913261e+02]
 [-6.35309819e-02 -2.96754786e-02  9.97538561e-01  9.19825137e+02]
 [ 9.94573802e-01 -8.43947682e-02  6.08315282e-02 -2.67877882e+02]]

[[ 1.04828568e-01  9.94487768e-01  2.24759627e-03 -2.93263210e+02]
 [-3.80844833e-02  1.75605941e-03  9.99272980e-01  9.10304962e+02]
 [ 9.93760808e-01 -1.04837954e-01  3.80586379e-02 -2.65355140e+02]]

[[ 8.67410683e-02  9.95979326e-01  2.23868105e-02 -2.90810460e+02]
 [-5.61490138e-02 -1.75481705e-02  9.98268175e-01  9.17790938e+02]
 [ 9.94647312e-01 -8.78478453e-02  5.44011099e-02 -2.68326664e+02]]

[[ 1.02850705e-01  9.94695663e-01 -1.50664031e-03 -2.93804202e+02]
 [-7.51075738e-02  9.27639168e-03  9.97132289e-01  9.12021881e+02]
 [ 9.91857139e-01 -1.02442598e-01  7.56632613e-02 -2.65802778e+02]]

[[ 1.01816984e-01  9.94721809e-01  1.27210511e-02 -2.92389083e+02]
 [-7.25626660e-02 -5.32734245e-03  9.97349627e-01  9.13990088e+02]
 [ 9.92153194e-01 -1.02470205e-01  7.16372524e-02 -2.64403391e+02]]

[[ 1.00271865e-01  9.94945115e-01  5.45635623e-03 -2.91686759e+02]
 [-3.39757455e-02 -2.05677992e-03  9.99420541e-01  9.11347126e+02]
 [ 9.94379808e-01 -1.00399145e-01  3.35977649e-02 -2.66592510e+02]]

[[ 9.99520517e-02  9.94865615e-01  1.58743449e-02 -2.90591169e+02]
 [-3.71903053e-02 -1.22076106e-02  9.99233634e-01  9.15328152e+02]
 [ 9.94296972e-01 -1.00465824e-01  3.57791802e-02 -2.66739119e+02]]

[[ 1.02377371e-01  9.94711522e-01  8.23783857e-03 -2.90987619e+02]
 [-3.10005928e-02 -5.08691540e-03  9.99506421e-01  9.12889792e+02]
 [ 9.94262459e-01 -1.02582217e-01  3.03158618e-02 -2.64955434e+02]]

[[ 1.00073885e-01  9.94951151e-01 -7.57792488e-03 -2.91413989e+02]
 [-5.44450570e-02  1.30806062e-02  9.98431086e-01  9.08901404e+02]
 [ 9.93489282e-01 -9.95042976e-02  5.54791992e-02 -2.64463343e+02]]

[[ 9.00946824e-02  9.95871302e-01  1.11039805e-02 -2.91058505e+02]
 [-3.85291954e-02 -7.65574247e-03  9.99228147e-01  9.09904759e+02]
 [ 9.95187645e-01 -9.04529700e-02  3.76803783e-02 -2.65291053e+02]]

[[ 9.92114001e-02  9.95063777e-01  2.27551779e-03 -2.92307902e+02]
 [-2.90308595e-02  6.08638314e-04  9.99578330e-01  9.10188740e+02]
 [ 9.94642804e-01 -9.92356259e-02  2.89479406e-02 -2.65950280e+02]]

[[ 1.02147627e-01  9.94723513e-01  9.53907983e-03 -2.92737328e+02]
 [-6.49105646e-02 -2.90378404e-03  9.97886861e-01  9.13353005e+02]
 [ 9.92649223e-01 -1.02550962e-01  6.42714502e-02 -2.66424788e+02]]

[[ 9.60371497e-02  9.95080201e-01  2.43363691e-02 -2.92296755e+02]
 [-8.75975669e-02 -1.59053589e-02  9.96028958e-01  9.14630816e+02]
 [ 9.91515775e-01 -9.77875889e-02  8.56390992e-02 -2.66326774e+02]]

[[ 1.05862672e-01  9.94380330e-01 -9.24622352e-04 -2.91390727e+02]
 [-3.03024693e-02  4.15544234e-03  9.99532137e-01  9.10259486e+02]
 [ 9.93918938e-01 -1.05785124e-01  3.05720856e-02 -2.67554936e+02]]

[[ 1.05385067e-01  9.94416478e-01  5.46399971e-03 -2.90834600e+02]
 [-2.11132846e-02 -3.25590729e-03  9.99771788e-01  9.12566367e+02]
 [ 9.94207331e-01 -1.05476380e-01  2.06522741e-02 -2.68067619e+02]]

[[ 1.00105291e-01  9.94571204e-01  2.84086535e-02 -2.90481694e+02]
 [-4.22902213e-02 -2.42731596e-02  9.98810468e-01  9.18603800e+02]
 [ 9.94077697e-01 -1.01187621e-01  3.96307646e-02 -2.68518401e+02]]

[[ 1.04569087e-01  9.94467232e-01 -1.00114689e-02 -2.91882537e+02]
 [-2.05551643e-02  1.22256819e-02  9.99713968e-01  9.09429745e+02]
 [ 9.94305180e-01 -1.04333390e-01  2.17198658e-02 -2.66532539e+02]]

[[ 1.03959920e-01  9.94564626e-01 -5.79130561e-03 -2.90877178e+02]
 [-2.00160411e-02  7.91384473e-03  9.99768338e-01  9.14057282e+02]
 [ 9.94380055e-01 -1.03819917e-01  2.07299691e-02 -2.67869457e+02]]

[[ 1.07622269e-01  9.94181420e-01 -4.55543282e-03 -2.92814945e+02]
 [-4.62856674e-02  9.58749509e-03  9.98882234e-01  9.11665900e+02]
 [ 9.93113832e-01 -1.07291122e-01  4.70481785e-02 -2.65224244e+02]]

[[ 1.09345936e-01  9.93988957e-01 -5.42394555e-03 -2.92887571e+02]
 [-4.91222162e-02  1.08536341e-02  9.98733802e-01  9.12012478e+02]
 [ 9.92789240e-01 -1.08941046e-01  5.00137413e-02 -2.65295794e+02]]

[[ 1.06429262e-01  9.94294627e-01 -7.14186832e-03 -2.91930435e+02]
 [-3.70699238e-02  1.11454291e-02  9.99250519e-01  9.12912661e+02]
 [ 9.93629022e-01 -1.06084747e-01  3.80446258e-02 -2.66545914e+02]]

[[ 1.05121472e-01  9.94370012e-01 -1.33325180e-02 -2.92085515e+02]
 [-2.93822301e-02  1.65065796e-02  9.99431947e-01  9.12420678e+02]
 [ 9.94025231e-01 -1.04670018e-01  3.09520044e-02 -2.67294882e+02]]

[[ 9.40441959e-02  9.95553897e-01  5.30343939e-03 -2.92508291e+02]
 [-5.91897795e-02  2.73530433e-04  9.98246711e-01  9.10628865e+02]
 [ 9.93806953e-01 -9.41932186e-02  5.89523396e-02 -2.66828125e+02]]

[[ 9.81807882e-02  9.94961596e-01  2.02966817e-02 -2.92058550e+02]
 [-6.31511267e-02 -1.41250806e-02  9.97904012e-01  9.11016143e+02]
 [ 9.93162861e-01 -9.92567608e-02  6.14461343e-02 -2.68706203e+02]]

[[ 1.02990392e-01  9.94681752e-01 -1.09155933e-03 -2.91958582e+02]
 [-4.88323353e-02  6.15221680e-03  9.98788042e-01  9.09846697e+02]
 [ 9.93482955e-01 -1.02812269e-01  4.92062521e-02 -2.66813038e+02]]

[[ 1.04571820e-01  9.94470181e-01 -9.68470708e-03 -2.91874814e+02]
 [-6.02380148e-02  1.60538434e-02  9.98054936e-01  9.12529338e+02]
 [ 9.92691350e-01 -1.03785034e-01  6.15836891e-02 -2.66714194e+02]]

[[ 9.85186388e-02  9.95126531e-01  4.15513882e-03 -2.91011213e+02]
 [-4.90975293e-02  6.90259024e-04  9.98793751e-01  9.11730581e+02]
 [ 9.93923292e-01 -9.86038078e-02  4.89262574e-02 -2.68007346e+02]]

[[ 9.29072383e-02  9.95332852e-01  2.60913720e-02 -2.91059108e+02]
 [-7.70235410e-02 -1.89415252e-02  9.96849333e-01  9.16325616e+02]
 [ 9.92691100e-01 -9.46241684e-02  7.49042559e-02 -2.67321103e+02]]

[[ 9.39231105e-02  9.95577505e-01  1.97016973e-03 -2.89518641e+02]
 [-3.10313924e-02  9.49544218e-04  9.99517959e-01  9.15758447e+02]
 [ 9.95095725e-01 -9.39389729e-02  3.09833403e-02 -2.70452867e+02]]

[[ 9.93961152e-02  9.95047834e-01 -4.68953924e-04 -2.90635661e+02]
 [-1.51580890e-02  1.98538624e-03  9.99883138e-01  9.11846009e+02]
 [ 9.94932482e-01 -9.93773911e-02  1.52803633e-02 -2.68699702e+02]]

[[ 9.78153639e-02  9.95185543e-01 -6.15550399e-03 -2.92270941e+02]
 [-7.64409880e-02  1.36798802e-02  9.96980259e-01  9.14034891e+02]
 [ 9.92264546e-01 -9.70494540e-02  7.74110686e-02 -2.66221122e+02]]

[[ 9.86260302e-02  9.95124118e-01  9.46625720e-04 -2.91811708e+02]
 [-6.26640116e-02  5.26120354e-03  9.98020812e-01  9.18488096e+02]
 [ 9.93149600e-01 -9.84901501e-02  6.28773609e-02 -2.65881277e+02]]

[[ 1.14236120e-01  9.93335751e-01 -1.53034373e-02 -2.92501250e+02]
 [-2.50501338e-02  1.82795267e-02  9.99519059e-01  9.10183563e+02]
 [ 9.93137755e-01 -1.13797826e-01  2.69713757e-02 -2.66492669e+02]]

[[ 1.14290311e-01  9.93413681e-01 -8.18437384e-03 -2.92572462e+02]
 [-3.08675463e-02  1.17853890e-02  9.99454001e-01  9.11660219e+02]
 [ 9.92967733e-01 -1.13975277e-01  3.20111986e-02 -2.66293620e+02]]

[[ 1.16776679e-01  9.93051005e-01  1.45913909e-02 -2.92344245e+02]
 [-2.59426931e-02 -1.16368545e-02  9.99595698e-01  9.15591928e+02]
 [ 9.92819311e-01 -1.17108006e-01  2.44035042e-02 -2.66563879e+02]]

[[ 9.18809992e-02  9.95753874e-01  5.66599939e-03 -2.90708181e+02]
 [-5.79183615e-02 -3.36318808e-04  9.98321266e-01  9.18372520e+02]
 [ 9.94084174e-01 -9.20549208e-02  5.76415316e-02 -2.69699945e+02]]

[[ 1.09947616e-01  9.93905174e-01  8.00166525e-03 -2.93921986e+02]
 [-4.02484939e-02 -3.59179526e-03  9.99183245e-01  9.12827371e+02]
 [ 9.93122138e-01 -1.10179871e-01  3.96082770e-02 -2.64216281e+02]]

[[ 9.23190198e-02  9.95450799e-01  2.35564262e-02 -2.89145319e+02]
 [-3.30434131e-02 -2.05816645e-02  9.99241977e-01  9.15566312e+02]
 [ 9.95181055e-01 -9.30274245e-02  3.09930129e-02 -2.67470168e+02]]

[[ 1.05572321e-01  9.94378434e-01 -8.12496449e-03 -2.87557784e+02]
 [-4.35457801e-02  1.27856974e-02  9.98969615e-01  9.15784241e+02]
 [ 9.93457724e-01 -1.05109733e-01  4.46508004e-02 -2.67102489e+02]]

[[ 1.13254224e-01  9.93535112e-01 -7.83977094e-03 -2.90810999e+02]
 [ 1.27811908e-03  7.74484659e-03  9.99969191e-01  9.11312055e+02]
 [ 9.93565220e-01 -1.13260755e-01 -3.92719585e-04 -2.66949994e+02]]

[[ 8.57297356e-02  9.96215277e-01  1.43364476e-02 -2.86055805e+02]
 [-7.24657718e-02 -8.11652949e-03  9.97337873e-01  9.16653336e+02]
 [ 9.93679588e-01 -8.65404139e-02  7.14956811e-02 -2.69552662e+02]]

[[ 9.58646976e-02  9.95089031e-01  2.46532032e-02 -2.86630982e+02]
 [-6.32944695e-02 -1.86232398e-02  9.97821119e-01  9.15053655e+02]
 [ 9.93379973e-01 -9.72162312e-02  6.11983211e-02 -2.68641659e+02]]

[[ 1.06400722e-01  9.94242696e-01  1.26628290e-02 -2.88660669e+02]
 [-3.53158296e-02 -8.94831106e-03  9.99336140e-01  9.16497057e+02]
 [ 9.93695969e-01 -1.06777285e-01  3.41603989e-02 -2.66087555e+02]]

[[ 9.84105159e-02  9.95055842e-01  1.33881192e-02 -2.89314049e+02]
 [-7.24841106e-02 -6.25034446e-03  9.97349982e-01  9.19219010e+02]
 [ 9.92502607e-01 -9.91201522e-02  7.15106381e-02 -2.66701058e+02]]

[[ 1.07926594e-01  9.94057804e-01  1.41750599e-02 -2.91798367e+02]
 [-4.04147449e-02 -9.85955075e-03  9.99134344e-01  9.16526927e+02]
 [ 9.93337052e-01 -1.08406048e-01  3.91104849e-02 -2.65357460e+02]]

[[ 8.73975003e-02  9.96040102e-01  1.63031160e-02 -2.90276204e+02]
 [-6.97400482e-02 -1.02078860e-02  9.97512970e-01  9.15022643e+02]
 [ 9.93729341e-01 -8.83171202e-02  6.85717410e-02 -2.66689777e+02]]

[[ 9.02652677e-02  9.95229401e-01  3.70218984e-02 -2.90228662e+02]
 [-4.63194803e-02 -3.29381464e-02  9.98383486e-01  9.15840631e+02]
 [ 9.94840031e-01 -9.18341877e-02  4.31253381e-02 -2.65931723e+02]]

[[ 9.51868321e-02  9.95373962e-01  1.30438440e-02 -2.90336654e+02]
 [-5.06930683e-02 -8.23943326e-03  9.98680291e-01  9.14825215e+02]
 [ 9.94167833e-01 -9.57224457e-02  4.96742747e-02 -2.66420598e+02]]

[[ 9.36852887e-02  9.95456091e-01  1.70363653e-02 -2.90802439e+02]
 [-5.83811976e-02 -1.15893630e-02  9.98227090e-01  9.12918833e+02]
 [ 9.93888677e-01 -9.45137964e-02  5.70301659e-02 -2.65976154e+02]]

[[ 1.08561072e-01  9.94071744e-01  5.98851392e-03 -2.92697945e+02]
 [-3.33810159e-02 -2.37536249e-03  9.99439876e-01  9.17393208e+02]
 [ 9.93529165e-01 -1.08700167e-01  3.29252527e-02 -2.66795972e+02]]

[[ 9.95398285e-02  9.94949106e-01 -1.29652944e-02 -2.95444550e+02]
 [-2.59011731e-02  1.56164384e-02  9.99542523e-01  9.14749726e+02]
 [ 9.94696412e-01 -9.91584750e-02  2.73248066e-02 -2.69996740e+02]]

[[ 1.02769277e-01  9.94601549e-01  1.43608364e-02 -2.94235958e+02]
 [-5.55255031e-02 -8.67867536e-03  9.98419551e-01  9.14686986e+02]
 [ 9.93154265e-01 -1.03404248e-01  5.43338502e-02 -2.66699870e+02]]

[[ 9.90012733e-02  9.95071645e-01 -5.58285013e-03 -2.90844757e+02]
 [-3.41584939e-02  9.00548222e-03  9.99375855e-01  9.16635012e+02]
 [ 9.94500852e-01 -9.87487803e-02  3.48817030e-02 -2.69291792e+02]]

[[ 1.00282644e-01  9.94783025e-01  1.87116114e-02 -2.91322635e+02]
 [-1.53245090e-02 -1.72598886e-02  9.99733592e-01  9.13848641e+02]
 [ 9.94840968e-01 -1.00542674e-01  1.35136942e-02 -2.69226395e+02]]

[[ 9.86682291e-02  9.95111303e-01 -4.25138890e-03 -2.91787116e+02]
 [-3.08430869e-02  7.32831069e-03  9.99497374e-01  9.10587845e+02]
 [ 9.94642290e-01 -9.84875099e-02  3.14153758e-02 -2.65906728e+02]]

[[ 9.06021243e-02  9.95782421e-01  1.44438885e-02 -2.90011444e+02]
 [-6.61360325e-02 -8.45534389e-03  9.97774790e-01  9.13369798e+02]
 [ 9.93688724e-01 -9.13557770e-02  6.50910264e-02 -2.68287332e+02]]

[[ 9.97870220e-02  9.94621001e-01  2.77779542e-02 -2.89845270e+02]
 [-3.90674739e-02 -2.39793121e-02  9.98948810e-01  9.16288683e+02]
 [ 9.94241562e-01 -1.00767341e-01  3.64645058e-02 -2.67511071e+02]]

[[ 9.64184750e-02  9.94958695e-01  2.75802943e-02 -2.90266229e+02]
 [-7.64929173e-02 -2.02204390e-02  9.96865070e-01  9.17202040e+02]
 [ 9.92397255e-01 -9.82259070e-02  7.41576693e-02 -2.66428757e+02]]

[[ 1.01026621e-01  9.94864407e-01 -6.19950974e-03 -2.91350112e+02]
 [-4.08848031e-02  1.03777414e-02  9.99109972e-01  9.08248216e+02]
 [ 9.94043286e-01 -1.00683239e-01  4.17232635e-02 -2.66392150e+02]]

[[ 9.16746973e-02  9.95194477e-01  3.44049897e-02 -2.89970799e+02]
 [-5.84135986e-02 -2.91165013e-02  9.97867767e-01  9.19704914e+02]
 [ 9.94074243e-01 -9.34889447e-02  5.54636443e-02 -2.69492267e+02]]

[[ 1.08404891e-01  9.93749480e-01 -2.66524079e-02 -2.92604166e+02]
 [-5.69187359e-02  3.29710407e-02  9.97834239e-01  9.09064727e+02]
 [ 9.92476013e-01 -1.06653091e-01  6.01371863e-02 -2.65866414e+02]]

[[ 9.62582519e-02  9.95339281e-01 -5.83642476e-03 -2.90968588e+02]
 [-4.71589784e-02  1.04176084e-02  9.98833071e-01  9.14663546e+02]
 [ 9.94238593e-01 -9.58706856e-02  4.79419645e-02 -2.70236567e+02]]

[[ 8.50811616e-02  9.96315074e-01  1.08383278e-02 -2.90597238e+02]
 [-7.41705033e-02 -4.51448668e-03  9.97235356e-01  9.14781196e+02]
 [ 9.93609547e-01 -8.56498268e-02  7.35130928e-02 -2.68110954e+02]]

[[ 1.03352916e-01  9.94617823e-01 -7.31850692e-03 -2.91668788e+02]
 [-6.30536815e-02  1.38948023e-02  9.97913407e-01  9.14858446e+02]
 [ 9.92644150e-01 -1.02675802e-01  6.41503838e-02 -2.68599287e+02]]

[[ 1.00804486e-01  9.94880584e-01 -7.14694529e-03 -2.93806122e+02]
 [-1.13466322e-02  8.33268699e-03  9.99900905e-01  9.10173832e+02]
 [ 9.94841550e-01 -1.00713403e-01  1.21285163e-02 -2.69037724e+02]]

[[ 9.07751569e-02  9.95867179e-01 -2.90400399e-03 -2.92786678e+02]
 [-6.07765580e-02  8.45045758e-03  9.98115624e-01  9.12323099e+02]
 [ 9.94015131e-01 -9.04276071e-02  6.12924709e-02 -2.69321120e+02]]

[[ 9.92859523e-02  9.94573189e-01  3.10881181e-02 -2.90968146e+02]
 [-6.94913545e-02 -2.42358185e-02  9.97288111e-01  9.16507988e+02]
 [ 9.92629463e-01 -1.01177055e-01  6.67079618e-02 -2.68253974e+02]]

[[ 8.73770345e-02  9.96158700e-01  5.75317712e-03 -2.87864150e+02]
 [-5.29203762e-02 -1.12540924e-03  9.98598101e-01  9.15942395e+02]
 [ 9.94768660e-01 -8.75590010e-02  5.26187582e-02 -2.70201559e+02]]

[[ 1.09941334e-01  9.93879292e-01  1.08100092e-02 -2.89167522e+02]
 [-6.12785265e-03 -1.01979585e-02  9.99929223e-01  9.16806801e+02]
 [ 9.93919188e-01 -1.09999795e-01  4.96916869e-03 -2.68978664e+02]]

[[ 8.60936007e-02  9.96249684e-01  8.62896423e-03 -2.89339381e+02]
 [-7.18511956e-02 -2.42982040e-03  9.97412403e-01  9.16016074e+02]
 [ 9.93692758e-01 -8.64908266e-02  7.13725389e-02 -2.67748188e+02]]

[[ 1.07048421e-01  9.94234697e-01  6.16465859e-03 -2.90402477e+02]
 [-7.11653711e-02  1.47763807e-03  9.97463436e-01  9.15428713e+02]
 [ 9.91703648e-01 -1.07215596e-01  7.09132600e-02 -2.67209685e+02]]

[[ 1.17272635e-01  9.93090278e-01 -4.33919569e-03 -2.90257850e+02]
 [-2.34668535e-02  7.13924005e-03  9.99699124e-01  9.12633892e+02]
 [ 9.92822459e-01 -1.17135523e-01  2.41419416e-02 -2.67783064e+02]]

[[ 1.13535355e-01  9.93459776e-01 -1.21406837e-02 -2.92115064e+02]
 [-4.08746594e-02  1.68799237e-02  9.99021687e-01  9.07407902e+02]
 [ 9.92692795e-01 -1.12928035e-01  4.25237981e-02 -2.66198620e+02]]

[[ 1.13189872e-01  9.93507906e-01  1.14058446e-02 -2.91190512e+02]
 [-3.66978624e-02 -7.29136816e-03  9.99299806e-01  9.12425457e+02]
 [ 9.92895422e-01 -1.13529188e-01  3.56343074e-02 -2.66858617e+02]]

[[ 1.17929280e-01  9.92943998e-01 -1.24459859e-02 -2.90999952e+02]
 [-2.07766204e-02  1.49978963e-02  9.99671644e-01  9.09630493e+02]
 [ 9.92804622e-01 -1.17631971e-01  2.23987116e-02 -2.67122872e+02]]

[[ 1.13218903e-01  9.93561338e-01  4.16512540e-03 -2.89779628e+02]
 [-3.11490085e-02 -6.40571262e-04  9.99514547e-01  9.14708779e+02]
 [ 9.93081678e-01 -1.13293680e-01  3.08759258e-02 -2.68082183e+02]]

[[ 1.16769358e-01  9.93134875e-01  6.93081104e-03 -2.91057764e+02]
 [-3.60789707e-02 -2.73211083e-03  9.99345207e-01  9.13025482e+02]
 [ 9.92503514e-01 -1.16942955e-01  3.55122573e-02 -2.66943596e+02]]

[[ 1.14596809e-01  9.93386776e-01 -7.09115475e-03 -2.91807839e+02]
 [-4.21517367e-02  1.19941160e-02  9.99039225e-01  9.09358643e+02]
 [ 9.92517407e-01 -1.14187802e-01  4.32474653e-02 -2.66246672e+02]]

[[ 1.14405397e-01  9.93409705e-01  6.96878216e-03 -2.90741299e+02]
 [-4.38645572e-02 -1.95661386e-03  9.99035571e-01  9.13755318e+02]
 [ 9.92465267e-01 -1.14600743e-01  4.33516296e-02 -2.66997322e+02]]

[[ 1.21962043e-01  9.92330844e-01 -2.01185436e-02 -2.91578174e+02]
 [-2.17264179e-02  2.29341859e-02  9.99500868e-01  9.08257591e+02]
 [ 9.92296943e-01 -1.21464064e-01  2.43568948e-02 -2.66454400e+02]]

[[ 1.16904360e-01  9.92931627e-01 -2.04976652e-02 -2.90665349e+02]
 [-1.63342928e-02  2.25587171e-02  9.99612072e-01  9.08968210e+02]
 [ 9.93008843e-01 -1.16524195e-01  1.88560483e-02 -2.67536419e+02]]

[[ 1.14942170e-01  9.93361609e-01  4.58385311e-03 -2.91095320e+02]
 [-4.39670995e-02  4.77423233e-04  9.99032865e-01  9.13216984e+02]
 [ 9.92398706e-01 -1.15032544e-01  4.37301047e-02 -2.66710759e+02]]

[[ 1.08810917e-01  9.93835478e-01 -2.12421011e-02 -2.91450226e+02]
 [-4.44136679e-02  2.62080885e-02  9.98669396e-01  9.07017874e+02]
 [ 9.93069791e-01 -1.07722693e-01  4.69916050e-02 -2.67204195e+02]]

[[ 1.16367174e-01  9.93204697e-01  1.76393716e-03 -2.90756265e+02]
 [-3.61733569e-02  2.46335318e-03  9.99342494e-01  9.13485454e+02]
 [ 9.92547313e-01 -1.16354469e-01  3.62142014e-02 -2.67048384e+02]]

[[ 1.17728547e-01  9.93042771e-01  2.45850650e-03 -2.89695186e+02]
 [-3.58047249e-02  1.77063064e-03  9.99357237e-01  9.13197587e+02]
 [ 9.92400126e-01 -1.17740901e-01  3.57640770e-02 -2.66465520e+02]]

[[ 9.23370636e-02  9.95657802e-01  1.18071076e-02 -2.88794641e+02]
 [-4.45346377e-02 -7.71634942e-03  9.98978040e-01  9.16107056e+02]
 [ 9.94731387e-01 -9.27685241e-02  4.36287544e-02 -2.70967767e+02]]

[[ 9.06361043e-02  9.95879832e-01  2.90800503e-03 -2.88893204e+02]
 [-4.03826361e-02  7.57614221e-04  9.99184001e-01  9.13617799e+02]
 [ 9.95064992e-01 -9.06795783e-02  4.02849201e-02 -2.70388239e+02]]

[[ 9.12180661e-02  9.95322066e-01  3.18315640e-02 -2.88775749e+02]
 [-6.12015277e-02 -2.63012114e-02  9.97778843e-01  9.18704027e+02]
 [ 9.93948508e-01 -9.29635968e-02  5.85160853e-02 -2.70522492e+02]]

[[ 8.71081634e-02  9.96111319e-01  1.32063936e-02 -2.88988835e+02]
 [-5.25855708e-02 -8.64059585e-03  9.98579039e-01  9.14160007e+02]
 [ 9.94809995e-01 -8.76788519e-02  5.16284159e-02 -2.70035628e+02]]

[[ 8.87395334e-02  9.96033825e-01  6.47415716e-03 -2.88697017e+02]
 [-4.73445705e-02 -2.27456662e-03  9.98876027e-01  9.14901761e+02]
 [ 9.94929036e-01 -8.89463088e-02  4.69549496e-02 -2.70758061e+02]]

[[ 9.22826531e-02  9.95682595e-01  1.00041335e-02 -2.88771733e+02]
 [-4.80356118e-02 -5.58368218e-03  9.98830017e-01  9.16210179e+02]
 [ 9.94573523e-01 -9.26552386e-02  4.73129456e-02 -2.70654419e+02]]

[[ 8.81384172e-02  9.96103094e-01  3.20087300e-03 -2.89250877e+02]
 [-4.58080458e-02  8.43222837e-04  9.98949905e-01  9.11842798e+02]
 [ 9.95054392e-01 -8.81924892e-02  4.57038565e-02 -2.69380495e+02]]

[[ 8.51421738e-02  9.96127029e-01  2.19488468e-02 -2.88342853e+02]
 [-5.31052576e-02 -1.74606520e-02  9.98436256e-01  9.16162079e+02]
 [ 9.94952583e-01 -8.61746324e-02  5.14129446e-02 -2.70676827e+02]]

[[ 9.04713637e-02  9.95892616e-01 -3.58186211e-03 -2.89384718e+02]
 [-4.16866325e-02  7.38041156e-03  9.99103475e-01  9.11342659e+02]
 [ 9.95026209e-01 -9.02409381e-02  4.21831254e-02 -2.69511617e+02]]

[[ 9.32202404e-02  9.95643157e-01 -2.16575953e-03 -2.89517775e+02]
 [-2.97513297e-02  4.95980938e-03  9.99545026e-01  9.10918980e+02]
 [ 9.95200907e-01 -9.31133934e-02  3.00840624e-02 -2.69426674e+02]]

[[ 9.01375324e-02  9.95928865e-01 -9.59786575e-04 -2.89597423e+02]
 [-4.56448088e-02  5.09382182e-03  9.98944745e-01  9.10943927e+02]
 [ 9.94882795e-01 -8.99986051e-02  4.59181272e-02 -2.69190093e+02]]

[[ 8.83592221e-02  9.95991282e-01  1.39288613e-02 -2.88802416e+02]
 [-4.64112684e-02 -9.85180457e-03  9.98873834e-01  9.15252085e+02]
 [ 9.95006855e-01 -8.89061710e-02  4.53547210e-02 -2.70637967e+02]]

[[ 9.00771787e-02  9.95889575e-01  9.48978226e-03 -2.88798553e+02]
 [-4.33857520e-02 -5.59563221e-03  9.99042725e-01  9.15100978e+02]
 [ 9.94989336e-01 -9.04026714e-02  4.27033793e-02 -2.70753735e+02]]

[[ 8.99423698e-02  9.95918360e-01  7.54922795e-03 -2.89016443e+02]
 [-5.25360377e-02 -2.82508777e-03  9.98615033e-01  9.14516088e+02]
 [ 9.94560373e-01 -9.02144091e-02  5.20675094e-02 -2.70237972e+02]]

[[ 8.96325654e-02  9.95974365e-01 -1.03317838e-03 -2.89329473e+02]
 [-4.64157833e-02  5.21340377e-03  9.98908602e-01  9.11766512e+02]
 [ 9.94892747e-01 -8.94867848e-02  4.66962211e-02 -2.68861566e+02]]

[[ 1.03968940e-01  9.94493975e-01  1.31222153e-02 -2.89801861e+02]
 [-5.81922073e-02 -7.08849540e-03  9.98280231e-01  9.15380537e+02]
 [ 9.92876692e-01 -1.04553749e-01  5.71348162e-02 -2.66679062e+02]]

[[ 1.12060656e-01  9.93654716e-01  9.62888303e-03 -2.90292573e+02]
 [-4.31956884e-02 -4.80976640e-03  9.99055053e-01  9.06434057e+02]
 [ 9.92762077e-01 -1.12370691e-01  4.23826139e-02 -2.63620924e+02]]

[[ 9.79385047e-02  9.94822565e-01  2.71314061e-02 -2.89544436e+02]
 [-5.72934144e-02 -2.15810133e-02  9.98124103e-01  9.14994820e+02]
 [ 9.93541903e-01 -9.93092331e-02  5.48831693e-02 -2.68069024e+02]]

[[ 9.40769733e-02  9.94758178e-01  4.00710720e-02 -2.89016674e+02]
 [-5.65214377e-02 -3.48479376e-02  9.97793039e-01  9.16900348e+02]
 [ 9.93959179e-01 -9.61342236e-02  5.29467739e-02 -2.69246619e+02]]

[[ 9.00679882e-02  9.95032226e-01  4.24102165e-02 -2.86076182e+02]
 [-5.47935464e-02 -3.75680051e-02  9.97790716e-01  9.13783641e+02]
 [ 9.94427184e-01 -9.21928086e-02  5.11376698e-02 -2.73900735e+02]]

[[ 8.49016657e-02  9.95807381e-01  3.40494667e-02 -2.88622194e+02]
 [-6.97467407e-02 -2.81494266e-02  9.97167489e-01  9.16909804e+02]
 [ 9.93945219e-01 -8.70360202e-02  6.70643860e-02 -2.69769353e+02]]

[[ 1.06961835e-01  9.94237244e-01 -7.17412558e-03 -2.89323033e+02]
 [-3.55507186e-02  1.10353174e-02  9.99306944e-01  9.14086504e+02]
 [ 9.93627351e-01 -1.06632659e-01  3.65262062e-02 -2.69563368e+02]]

[[ 9.98254184e-02  9.94912580e-01 -1.35589396e-02 -2.89704259e+02]
 [-6.42821853e-02  2.00471503e-02  9.97730381e-01  9.10967103e+02]
 [ 9.92926325e-01 -9.87272545e-02  6.59563700e-02 -2.68778687e+02]]

[[ 9.93870832e-02  9.95028418e-01 -6.37611252e-03 -2.88570818e+02]
 [-7.50544556e-02  1.38859906e-02  9.97082749e-01  9.12531462e+02]
 [ 9.92214209e-01 -9.86185904e-02  7.60614044e-02 -2.65595071e+02]]

[[ 8.82965454e-02  9.96092353e-01  1.93507281e-03 -2.89829627e+02]
 [-7.21838636e-02  4.46101229e-03  9.97381366e-01  9.13447439e+02]
 [ 9.93475319e-01 -8.82050101e-02  7.22956865e-02 -2.68521394e+02]]

[[ 9.50186078e-02  9.95353826e-01  1.55635666e-02 -2.89879161e+02]
 [-4.82654323e-02 -1.10095216e-02  9.98773868e-01  9.18277781e+02]
 [ 9.94304738e-01 -9.56532847e-02  4.69950734e-02 -2.70973424e+02]]

[[ 9.14662287e-02  9.95778730e-01 -7.65835785e-03 -2.90735702e+02]
 [-7.72113562e-02  1.47591932e-02  9.96905498e-01  9.10101345e+02]
 [ 9.92810322e-01 -9.05918741e-02  7.82353939e-02 -2.64431675e+02]]

[[ 9.99001576e-02  9.94744653e-01 -2.24283950e-02 -2.90715216e+02]
 [-2.09495371e-02  2.46390109e-02  9.99476881e-01  9.11928162e+02]
 [ 9.94776897e-01 -9.93780335e-02  2.33008811e-02 -2.66669690e+02]]

[[ 9.80381918e-02  9.95181691e-01  1.38347195e-03 -2.90138172e+02]
 [-4.93370105e-02  3.47186100e-03  9.98776154e-01  9.11468821e+02]
 [ 9.93958939e-01 -9.79864645e-02  4.94396645e-02 -2.67268244e+02]]

[[ 1.06205099e-01  9.94344163e-01 -4.04095779e-04 -2.89687438e+02]
 [-4.49456475e-02  5.20658649e-03  9.98975866e-01  9.14453101e+02]
 [ 9.93327925e-01 -1.06078169e-01  4.52444082e-02 -2.66222613e+02]]

[[ 1.05019806e-01  9.94468619e-01 -1.73366740e-03 -2.89719492e+02]
 [-4.17662447e-02  6.15243615e-03  9.99108467e-01  9.14330693e+02]
 [ 9.93592684e-01 -1.04853768e-01  4.21813473e-02 -2.66444983e+02]]

[[ 1.09726356e-01  9.93957455e-01  2.95038558e-03 -2.90846627e+02]
 [-3.87638971e-02  1.31319067e-03  9.99247535e-01  9.14999406e+02]
 [ 9.93205662e-01 -1.09758159e-01  3.86737561e-02 -2.67608187e+02]]

[[ 1.04375007e-01  9.94512820e-01  7.07875580e-03 -2.90448621e+02]
 [-5.16204451e-02 -1.69070095e-03  9.98665345e-01  9.16561110e+02]
 [ 9.93197456e-01 -1.04601111e-01  5.11607275e-02 -2.67870105e+02]]

[[ 1.08890994e-01  9.94052467e-01 -1.56317286e-03 -2.90715140e+02]
 [-4.23992598e-02  6.21560196e-03  9.99081413e-01  9.14681424e+02]
 [ 9.93149059e-01 -1.08724690e-01  4.28239119e-02 -2.67259078e+02]]

[[ 1.03676621e-01  9.94548498e-01  1.11553792e-02 -2.90490388e+02]
 [-5.09887917e-02 -5.88641926e-03  9.98681878e-01  9.16478847e+02]
 [ 9.93303227e-01 -1.04108762e-01  5.01005421e-02 -2.67729626e+02]]

[[ 1.01207545e-01  9.94833586e-01  7.94785642e-03 -2.90220361e+02]
 [-4.86642500e-02 -3.02886235e-03  9.98810601e-01  9.17073782e+02]
 [ 9.93674405e-01 -1.01473945e-01  4.81062866e-02 -2.65888257e+02]]

[[ 8.25144733e-02  9.96187415e-01  2.83195423e-02 -2.89436107e+02]
 [-5.28160806e-02 -2.40052743e-02  9.98315686e-01  9.18950927e+02]
 [ 9.95189340e-01 -8.38712202e-02  5.06339322e-02 -2.68641010e+02]]

[[ 1.06474660e-01  9.94249471e-01  1.14514765e-02 -2.90660394e+02]
 [-4.87392249e-02 -6.28428608e-03  9.98791768e-01  9.15631336e+02]
 [ 9.93120151e-01 -1.06904150e-01  4.77898314e-02 -2.65714800e+02]]

[[ 8.34067133e-02  9.96463986e-01  1.01412020e-02 -2.88156267e+02]
 [-4.95702607e-02 -6.01532882e-03  9.98752524e-01  9.15670236e+02]
 [ 9.95281925e-01 -8.38053675e-02  4.88932608e-02 -2.66992993e+02]]

[[ 1.03183122e-01  9.94383248e-01 -2.35626654e-02 -2.87439757e+02]
 [-4.51882672e-02  2.83510218e-02  9.98576106e-01  9.10955438e+02]
 [ 9.93635378e-01 -1.01971444e-01  4.78598029e-02 -2.63298349e+02]]

[[ 1.03771244e-01  9.94494974e-01 -1.45353510e-02 -2.88324231e+02]
 [-3.61386857e-02  1.83747103e-02  9.99177845e-01  9.15066626e+02]
 [ 9.93944427e-01 -1.03160639e-01  3.78465078e-02 -2.63910836e+02]]

[[ 1.00984550e-01  9.94749226e-01 -1.66161846e-02 -2.88106310e+02]
 [-3.29839383e-02  2.00398979e-02  9.99254954e-01  9.16505875e+02]
 [ 9.94341078e-01 -1.00361245e-01  3.48344671e-02 -2.64473504e+02]]

[[ 9.74037293e-02  9.95207315e-01 -8.65531045e-03 -2.89405038e+02]
 [-3.81848177e-02  1.24272327e-02  9.99193417e-01  9.18292620e+02]
 [ 9.94512158e-01 -9.69946636e-02  3.92122687e-02 -2.67481779e+02]]

[[ 1.06007923e-01  9.94339373e-01 -7.17849854e-03 -2.91182779e+02]
 [-1.63307622e-02  8.95915773e-03  9.99826505e-01  9.16658517e+02]
 [ 9.94231174e-01 -1.05872301e-01  1.71880616e-02 -2.65634757e+02]]

[[ 9.24991053e-02  9.95677121e-01 -8.42537802e-03 -2.90234524e+02]
 [-6.07536481e-02  1.40895422e-02  9.98053345e-01  9.15480672e+02]
 [ 9.93857590e-01 -9.18071690e-02  6.17942875e-02 -2.67077142e+02]]

[[ 1.00608123e-01  9.94805144e-01  1.55155005e-02 -2.90079093e+02]
 [-6.91912023e-02 -8.56102265e-03  9.97566683e-01  9.16608773e+02]
 [ 9.92517296e-01 -1.01436847e-01  6.79704555e-02 -2.63858079e+02]]

[[ 1.03373920e-01  9.94595349e-01  9.69147688e-03 -2.88476960e+02]
 [-6.29703631e-02 -3.17988694e-03  9.98010331e-01  9.13025586e+02]
 [ 9.92647252e-01 -1.03778516e-01  6.23013129e-02 -2.64979507e+02]]

[[ 1.04164686e-01  9.94368671e-01 -1.95106054e-02 -2.92555607e+02]
 [-6.18000189e-02  2.60507577e-02  9.97748523e-01  9.12061959e+02]
 [ 9.92638139e-01 -1.02724406e-01  6.41655717e-02 -2.64370948e+02]]

[[ 1.12046016e-01  9.93702484e-01 -1.03079244e-03 -2.93052439e+02]
 [-4.86128534e-02  6.51747227e-03  9.98796432e-01  9.14361738e+02]
 [ 9.92513214e-01 -1.11861052e-01  4.90369700e-02 -2.64977243e+02]]

[[ 1.11366035e-01  9.93773974e-01 -3.30060364e-03 -2.93095177e+02]
 [-5.32762530e-02  9.28675825e-03  9.98536628e-01  9.12984913e+02]
 [ 9.92350365e-01 -1.11027221e-01  5.39787831e-02 -2.64503079e+02]]

[[ 1.10685486e-01  9.93795602e-01 -1.09098140e-02 -2.93069651e+02]
 [-4.59327127e-02  1.60807429e-02  9.98815096e-01  9.12540587e+02]
 [ 9.92793488e-01 -1.10053217e-01  4.74276328e-02 -2.64899235e+02]]

[[ 1.10100236e-01  9.93915172e-01  3.25108736e-03 -2.92838440e+02]
 [-5.10447487e-02  2.38772792e-03  9.98693513e-01  9.14594464e+02]
 [ 9.92608871e-01 -1.10122342e-01  5.09970396e-02 -2.65245094e+02]]

[[ 9.95205539e-02  9.94899558e-01 -1.64477323e-02 -2.91867421e+02]
 [-7.44475725e-02  2.39284756e-02  9.96937805e-01  9.12611540e+02]
 [ 9.92246551e-01 -9.79913088e-02  7.64492322e-02 -2.64779232e+02]]

[[ 1.08576883e-01  9.94059870e-01  7.48572541e-03 -2.92888519e+02]
 [-5.50206115e-02 -1.50937702e-03  9.98484078e-01  9.14144325e+02]
 [ 9.92564251e-01 -1.08824158e-01  5.45298984e-02 -2.64932520e+02]]

[[ 1.04614822e-01  9.94462634e-01 -9.99041739e-03 -2.92531655e+02]
 [-7.11071788e-02  1.74993600e-02  9.97315167e-01  9.15299238e+02]
 [ 9.91967493e-01 -1.03623558e-01  7.25441248e-02 -2.64515195e+02]]

[[ 9.85550942e-02  9.95021543e-01 -1.47994124e-02 -2.92301657e+02]
 [-8.21641978e-02  2.29574519e-02  9.96354355e-01  9.12343773e+02]
 [ 9.91733804e-01 -9.69798154e-02  8.40177207e-02 -2.64189852e+02]]

[[ 1.01300059e-01  9.94699939e-01 -1.76161923e-02 -2.92596340e+02]
 [-7.09329191e-02  2.48837443e-02  9.97170658e-01  9.10013399e+02]
 [ 9.92323949e-01 -9.97638782e-02  7.30776951e-02 -2.63915533e+02]]

[[ 1.11211374e-01  9.93796775e-01 -1.41108615e-05 -2.93057546e+02]
 [-5.33459953e-02  5.98389136e-03  9.98558159e-01  9.13581954e+02]
 [ 9.92363963e-01 -1.11050272e-01  5.36805549e-02 -2.64754855e+02]]

[[ 1.13196697e-01  9.93553267e-01 -6.19785500e-03 -2.93151883e+02]
 [-5.27497355e-02  1.22387571e-02  9.98532763e-01  9.13191350e+02]
 [ 9.92171343e-01 -1.12703675e-01  5.37950589e-02 -2.64647423e+02]]

[[ 1.06358307e-01  9.94105615e-01 -2.10222860e-02 -2.93080837e+02]
 [-6.65961918e-02  2.82166055e-02  9.97380956e-01  9.09966518e+02]
 [ 9.92095186e-01 -1.04679746e-01  6.92047186e-02 -2.63736005e+02]]

[[ 1.10111384e-01  9.93918159e-01  1.47501349e-03 -2.92843810e+02]
 [-5.02334265e-02  4.08296506e-03  9.98729159e-01  9.13912945e+02]
 [ 9.92649025e-01 -1.10045545e-01  5.03774957e-02 -2.65038912e+02]]

[[ 1.11660072e-01  9.93589545e-01 -1.76590984e-02 -2.93330681e+02]
 [-5.22071087e-02  2.36108927e-02  9.98357122e-01  9.10591833e+02]
 [ 9.92374146e-01 -1.10554697e-01  5.45088313e-02 -2.64080452e+02]]

[[ 1.05902830e-01  9.94326703e-01  9.94979012e-03 -2.92424074e+02]
 [-5.42389595e-02 -4.21490850e-03  9.98519088e-01  9.14803824e+02]
 [ 9.92896130e-01 -1.06285663e-01  5.34848751e-02 -2.65371380e+02]]

[[ 1.07236702e-01  9.93909906e-01 -2.53650864e-02 -2.93178737e+02]
 [-6.52924518e-02  3.24971940e-02  9.97336868e-01  9.09819021e+02]
 [ 9.92087287e-01 -1.05294968e-01  6.83797066e-02 -2.63817567e+02]]

[[ 1.08677710e-01  9.93746697e-01 -2.56253226e-02 -2.93263549e+02]
 [-6.89866825e-02  3.32553351e-02  9.97063148e-01  9.09686453e+02]
 [ 9.91680389e-01 -1.06590733e-01  7.21694016e-02 -2.63488968e+02]]

[[ 1.07487529e-01  9.94037375e-01 -1.83338220e-02 -2.93363644e+02]
 [-6.64739740e-02  2.55849322e-02  9.97460085e-01  9.09311732e+02]
 [ 9.91981674e-01 -1.05995798e-01  6.88276757e-02 -2.63311632e+02]]

[[ 1.08487658e-01  9.93961648e-01 -1.64520744e-02 -2.93183979e+02]
 [-6.06289910e-02  2.31345894e-02  9.97892237e-01  9.10265559e+02]
 [ 9.92247224e-01 -1.07261519e-01  6.27727092e-02 -2.63828214e+02]]

[[ 1.05868652e-01  9.94104661e-01 -2.34040924e-02 -2.93304441e+02]
 [-7.59730928e-02  3.15539538e-02  9.96610474e-01  9.09484370e+02]
 [ 9.91473609e-01 -1.03731727e-01  7.88657802e-02 -2.63391695e+02]]

[[ 1.12422294e-01  9.93403359e-01 -2.26051877e-02 -2.93361535e+02]
 [-4.44332296e-02  2.77525053e-02  9.98626800e-01  9.09978589e+02]
 [ 9.92666568e-01 -1.11263494e-01  4.72601199e-02 -2.64189467e+02]]

[[ 1.10527608e-01  9.93566114e-01 -2.46986806e-02 -2.93388493e+02]
 [-5.09252199e-02  3.04798898e-02  9.98237245e-01  9.08828451e+02]
 [ 9.92567514e-01 -1.09074989e-01  5.39664422e-02 -2.63756150e+02]]

[[ 1.09785989e-01  9.93687742e-01 -2.30588105e-02 -2.93574579e+02]
 [-6.55917799e-02  3.03913765e-02  9.97383619e-01  9.08677439e+02]
 [ 9.91788665e-01 -1.07986278e-01  6.85142949e-02 -2.63141716e+02]]

[[ 1.09112468e-01  9.93865134e-01 -1.80711180e-02 -2.93106374e+02]
 [-5.51424700e-02  2.42035372e-02  9.98185101e-01  9.10198515e+02]
 [ 9.92498754e-01 -1.07917953e-01  5.74450860e-02 -2.64027854e+02]]

[[ 1.05511720e-01  9.94245516e-01 -1.85238021e-02 -2.93000449e+02]
 [-6.56369373e-02  2.55502913e-02  9.97516403e-01  9.10049157e+02]
 [ 9.92249500e-01 -1.04033826e-01  6.79550858e-02 -2.63798958e+02]]

[[ 1.10632038e-01  9.93635296e-01 -2.12002529e-02 -2.93254046e+02]
 [-5.02569226e-02  2.68970000e-02  9.98374075e-01  9.09686018e+02]
 [ 9.92589942e-01 -1.09386699e-01  5.29127221e-02 -2.64022211e+02]]

[[ 1.10866988e-01  9.93357214e-01 -3.08213464e-02 -2.93497252e+02]
 [-6.74322119e-02  3.84598239e-02  9.96982316e-01  9.08329480e+02]
 [ 9.91544960e-01 -1.08454075e-01  7.12481990e-02 -2.63105286e+02]]

[[ 1.10574157e-01  9.93613819e-01 -2.24707559e-02 -2.93451754e+02]
 [-5.95414958e-02  2.91914686e-02  9.97798912e-01  9.09267715e+02]
 [ 9.92082742e-01 -1.08992832e-01  6.23890751e-02 -2.63463299e+02]]

[[ 1.12786088e-01  9.93373062e-01 -2.21191905e-02 -2.93588727e+02]
 [-4.88751422e-02  2.77807458e-02  9.98418475e-01  9.09409982e+02]
 [ 9.92416505e-01 -1.11526635e-01  5.16845312e-02 -2.63768817e+02]]

[[ 1.08428547e-01  9.93926594e-01 -1.87929846e-02 -2.93189126e+02]
 [-6.17576767e-02  2.56027307e-02  9.97762742e-01  9.10289368e+02]
 [ 9.92184075e-01 -1.07025353e-01  6.41586641e-02 -2.63896959e+02]]

[[ 1.06658662e-01  9.94152257e-01 -1.68884263e-02 -2.93061341e+02]
 [-6.56119115e-02  2.39855060e-02  9.97556902e-01  9.10313132e+02]
 [ 9.92128523e-01 -1.05290003e-01  6.77864920e-02 -2.63802363e+02]]

[[ 1.09373044e-01  9.93781321e-01 -2.08859556e-02 -2.93441553e+02]
 [-5.98848383e-02  2.75617071e-02  9.97824713e-01  9.09024997e+02]
 [ 9.92195214e-01 -1.07884374e-01  6.25269415e-02 -2.63430030e+02]]

[[ 1.11418879e-01  9.93485558e-01 -2.39223566e-02 -2.93519220e+02]
 [-5.63225498e-02  3.03464331e-02  9.97951334e-01  9.09245363e+02]
 [ 9.92176196e-01 -1.09843251e-01  5.93368054e-02 -2.63571983e+02]]

[[ 1.11464347e-01  9.93617649e-01 -1.73109173e-02 -2.93473264e+02]
 [-5.50551346e-02  2.35669441e-02  9.98205155e-01  9.10002171e+02]
 [ 9.92242224e-01 -1.10311231e-01  5.73306274e-02 -2.63669327e+02]]

[[ 1.11243887e-01  9.93550263e-01 -2.19698069e-02 -2.93531003e+02]
 [-5.43714691e-02  2.81586937e-02  9.98123655e-01  9.09638126e+02]
 [ 9.92304661e-01 -1.09840624e-01  5.71532700e-02 -2.63852544e+02]]

[[ 1.07436863e-01  9.94051592e-01 -1.78536524e-02 -2.93177781e+02]
 [-6.78668870e-02  2.52483771e-02  9.97374857e-01  9.10654537e+02]
 [ 9.91892840e-01 -1.05943154e-01  7.01757935e-02 -2.63860449e+02]]

[[ 1.09372891e-01  9.93700739e-01 -2.44215630e-02 -2.93285085e+02]
 [-6.37227413e-02  3.15279072e-02  9.97469500e-01  9.09604743e+02]
 [ 9.91956140e-01 -1.07539914e-01  6.67696335e-02 -2.63560685e+02]]

[[ 1.07143387e-01  9.94070193e-01 -1.85673109e-02 -2.93148614e+02]
 [-6.51388696e-02  2.56530713e-02  9.97546414e-01  9.09863353e+02]
 [ 9.92107465e-01 -1.05671048e-01  6.75011656e-02 -2.63679039e+02]]

[[ 1.11555355e-01  9.93525395e-01 -2.15103030e-02 -2.93555681e+02]
 [-5.73769324e-02  2.80486980e-02  9.97958495e-01  9.09462169e+02]
 [ 9.92100444e-01 -1.10093419e-01  6.01344219e-02 -2.63534524e+02]]

[[ 1.07615741e-01  9.94056577e-01 -1.64430803e-02 -2.93264336e+02]
 [-5.96808076e-02  2.29685312e-02  9.97953229e-01  9.09936470e+02]
 [ 9.92399644e-01 -1.06414140e-01  6.17978748e-02 -2.63806164e+02]]

[[ 1.07016425e-01  9.94030197e-01 -2.12474176e-02 -2.92994824e+02]
 [-6.52875360e-02  2.83496081e-02  9.97463702e-01  9.09831404e+02]
 [ 9.92111396e-01 -1.05357808e-01  6.79316560e-02 -2.63766781e+02]]

[[ 1.06722526e-01  9.94272041e-01  5.78022026e-03 -2.93104959e+02]
 [-5.71075982e-02  3.25746183e-04  9.98367976e-01  9.16527952e+02]
 [ 9.92647483e-01 -1.06878447e-01  5.68152527e-02 -2.65223558e+02]]

[[ 9.60159528e-02  9.95333404e-01  9.61000160e-03 -2.91174840e+02]
 [-3.82515847e-02 -5.95783822e-03  9.99250379e-01  9.21664711e+02]
 [ 9.94644536e-01 -9.63115750e-02  3.75010325e-02 -2.68809349e+02]]

[[ 1.03452533e-01  9.94527753e-01 -1.45644062e-02 -2.91126180e+02]
 [-4.38415016e-02  1.91882356e-02  9.98854211e-01  9.13715010e+02]
 [ 9.93667699e-01 -1.02695472e-01  4.55866617e-02 -2.66950720e+02]]

[[ 9.49374599e-02  9.95321863e-01  1.79239692e-02 -2.91391143e+02]
 [-5.91886261e-02 -1.23296423e-02  9.98170670e-01  9.20425961e+02]
 [ 9.93722087e-01 -9.58246830e-02  5.77411887e-02 -2.66546060e+02]]

[[ 1.01212223e-01  9.94798133e-01  1.15222055e-02 -2.91957156e+02]
 [-7.42461589e-02 -3.99648167e-03  9.97231937e-01  9.17442207e+02]
 [ 9.92090517e-01 -1.01787541e-01  7.34554474e-02 -2.66250997e+02]]

[[ 1.00007954e-01  9.94975098e-01  4.79201737e-03 -2.90999002e+02]
 [-7.56128715e-02  2.79766635e-03  9.97133324e-01  9.15788345e+02]
 [ 9.92109421e-01 -1.00083602e-01  7.55127131e-02 -2.64443455e+02]]

[[ 8.99166856e-02  9.95810499e-01  1.66264836e-02 -2.89822906e+02]
 [-3.44934865e-02 -1.35703708e-02  9.99312786e-01  9.17889417e+02]
 [ 9.95351792e-01 -9.04283990e-02  3.31287732e-02 -2.68416145e+02]]

[[ 9.22822094e-02  9.95333658e-01  2.81940420e-02 -2.91255236e+02]
 [-5.48528364e-02 -2.31902736e-02  9.98225114e-01  9.20611615e+02]
 [ 9.94220881e-01 -9.36649422e-02  5.24568245e-02 -2.67495091e+02]]

[[ 9.89296257e-02  9.94917232e-01  1.87784630e-02 -2.91753407e+02]
 [-7.21187356e-02 -1.16528357e-02  9.97327980e-01  9.18072621e+02]
 [ 9.92477615e-01 -1.00019563e-01  7.05993621e-02 -2.64752224e+02]]

[[ 9.37489638e-02  9.95584524e-01 -4.75254383e-03 -2.90364293e+02]
 [-4.72571692e-02  9.21804464e-03  9.98840221e-01  9.17202596e+02]
 [ 9.94473676e-01 -9.34156440e-02  4.79126885e-02 -2.68224908e+02]]

[[ 9.39866821e-02  9.95186587e-01  2.77517562e-02 -2.91355739e+02]
 [-5.94145988e-02 -2.22186332e-02  9.97986091e-01  9.19908169e+02]
 [ 9.93798978e-01 -9.54462609e-02  5.70403562e-02 -2.66164646e+02]]

[[ 9.20478918e-02  9.95053140e-01  3.73688967e-02 -2.90303204e+02]
 [-3.74868952e-02 -3.40387561e-02  9.98717225e-01  9.21597606e+02]
 [ 9.95048701e-01 -9.33306590e-02  3.41682571e-02 -2.69237547e+02]]

[[ 9.11731825e-02  9.95378346e-01  3.01562390e-02 -2.89103884e+02]
 [-4.93577173e-02 -2.57282959e-02  9.98449734e-01  9.22023576e+02]
 [ 9.94611113e-01 -9.25202829e-02  4.67838724e-02 -2.67847374e+02]]

[[ 9.85374529e-02  9.95031234e-01  1.42553374e-02 -2.90955036e+02]
 [-6.64996455e-02 -7.70895625e-03  9.97756668e-01  9.17449005e+02]
 [ 9.92908942e-01 -9.92643756e-02  6.54096034e-02 -2.68504292e+02]]

[[ 9.24437724e-02  9.95662548e-01  1.04994790e-02 -2.90375316e+02]
 [-4.46479490e-02 -6.38908168e-03  9.98982352e-01  9.18280964e+02]
 [ 9.94716397e-01 -9.28184774e-02  4.38636598e-02 -2.67648086e+02]]

[[ 9.54484258e-02  9.95289523e-01  1.69812527e-02 -2.90642893e+02]
 [-5.69662379e-02 -1.15696996e-02  9.98309065e-01  9.19977023e+02]
 [ 9.93803022e-01 -9.62543868e-02  5.55935901e-02 -2.67904570e+02]]

[[ 1.03833602e-01  9.94582856e-01  4.85037049e-03 -2.91329017e+02]
 [-6.22316346e-02  1.62959982e-03  9.98060403e-01  9.17297636e+02]
 [ 9.92645862e-01 -1.03934053e-01  6.20637241e-02 -2.67533663e+02]]

[[ 9.77627599e-02  9.95144642e-01  1.13835275e-02 -2.90405896e+02]
 [-5.77876439e-02 -5.74271988e-03  9.98312381e-01  9.18446523e+02]
 [ 9.93530589e-01 -9.82556009e-02  5.69456401e-02 -2.66056464e+02]]

[[ 9.72774887e-02  9.95207531e-01  9.95288634e-03 -2.90525392e+02]
 [-5.68601035e-02 -4.42669316e-03  9.98372342e-01  9.19395790e+02]
 [ 9.93631732e-01 -9.76850764e-02  5.61569856e-02 -2.70136298e+02]]

[[ 1.05965809e-01  9.94366429e-01 -2.57927834e-03 -2.91537924e+02]
 [-3.16940887e-02  5.97005908e-03  9.99479786e-01  9.14781792e+02]
 [ 9.93864544e-01 -1.05828937e-01  3.21481599e-02 -2.65765444e+02]]

[[ 1.03562012e-01  9.94622166e-01 -1.28693495e-03 -2.91984216e+02]
 [-5.16856664e-02  6.67374804e-03  9.98641103e-01  9.14568725e+02]
 [ 9.93279166e-01 -1.03354766e-01  5.20988563e-02 -2.65632561e+02]]

[[ 1.04138492e-01  9.94561146e-01 -1.81700118e-03 -2.91952129e+02]
 [-6.82636409e-02  8.97035048e-03  9.97626988e-01  9.15610036e+02]
 [ 9.92217340e-01 -1.03767335e-01  6.88265237e-02 -2.65042768e+02]]

[[ 1.03842638e-01  9.94581194e-01  4.99551226e-03 -2.91575251e+02]
 [-2.95007050e-02 -1.94041229e-03  9.99562876e-01  9.16628289e+02]
 [ 9.94156132e-01 -1.03944617e-01  2.91393489e-02 -2.65525731e+02]]

[[ 1.03190847e-01  9.94600003e-01 -1.10672072e-02 -2.92474154e+02]
 [-5.86101742e-02  1.71873899e-02  9.98132978e-01  9.14260225e+02]
 [ 9.92933279e-01 -1.02349537e-01  6.00672608e-02 -2.66249495e+02]]

[[ 1.00465743e-01  9.94922289e-01  6.02281553e-03 -2.92959589e+02]
 [-4.71279891e-02 -1.28790954e-03  9.98888029e-01  9.16570668e+02]
 [ 9.93823720e-01 -1.00637871e-01  4.67592960e-02 -2.64481318e+02]]

[[ 1.00127203e-01  9.94949727e-01  7.04157968e-03 -2.91972672e+02]
 [-4.97064182e-02 -2.06633123e-03  9.98761734e-01  9.15586383e+02]
 [ 9.93732265e-01 -1.00353231e-01  4.92484913e-02 -2.67023876e+02]]

[[ 8.70496436e-02  9.96090069e-01  1.50643346e-02 -2.90131593e+02]
 [-5.00502098e-02 -1.07296856e-02  9.98689066e-01  9.19094451e+02]
 [ 9.94945896e-01 -8.76895004e-02  4.89205016e-02 -2.68247297e+02]]

[[ 9.23303427e-02  9.95293955e-01  2.94117327e-02 -2.90520132e+02]
 [-5.89318608e-02 -2.40239708e-02  9.97972888e-01  9.21497535e+02]
 [ 9.93982969e-01 -9.38764669e-02  5.64363834e-02 -2.66586247e+02]]

[[ 1.03835340e-01  9.94588363e-01  3.49428356e-03 -2.92818351e+02]
 [-6.64917146e-02  3.43625564e-03  9.97781060e-01  9.14562688e+02]
 [ 9.92369424e-01 -1.03837277e-01  6.64886904e-02 -2.65543615e+02]]

[[ 9.73180174e-02  9.95253054e-01 -7.49576739e-04 -2.92142101e+02]
 [-5.67649544e-02  6.30252375e-03  9.98367677e-01  9.13703399e+02]
 [ 9.93633204e-01 -9.71166133e-02  5.71088434e-02 -2.64695683e+02]]

[[ 9.63088717e-02  9.95267237e-01  1.29509606e-02 -2.91360513e+02]
 [-4.17221570e-02 -8.96337044e-03  9.99089045e-01  9.16624586e+02]
 [ 9.94476678e-01 -9.67614806e-02  4.06614439e-02 -2.68039448e+02]]

[[ 9.95746317e-02  9.95029836e-01 -7.20198398e-04 -2.92350371e+02]
 [-6.14055328e-02  6.86738766e-03  9.98089274e-01  9.14423407e+02]
 [ 9.93133553e-01 -9.93401477e-02  6.17841548e-02 -2.64979973e+02]]

[[ 9.21468742e-02  9.95611515e-01  1.63298832e-02 -2.90255785e+02]
 [-2.39019297e-02 -1.41833300e-02  9.99613691e-01  9.17692421e+02]
 [ 9.95458513e-01 -9.25015927e-02  2.24900869e-02 -2.69190633e+02]]

[[ 1.02066755e-01  9.94764027e-01  5.18739801e-03 -2.91787327e+02]
 [-5.11519815e-02  4.05218549e-05  9.98690880e-01  9.15207130e+02]
 [ 9.93461550e-01 -1.02198483e-01  5.08882870e-02 -2.65563145e+02]]

[[ 1.03729123e-01  9.94588440e-01  5.83989976e-03 -2.88270087e+02]
 [-4.91542035e-02 -7.38110835e-04  9.98790929e-01  9.20192814e+02]
 [ 9.93390222e-01 -1.03890762e-01  4.88116390e-02 -2.65572197e+02]]

[[ 9.28676509e-02  9.94618352e-01  4.59340147e-02 -2.88725061e+02]
 [-4.73907489e-02 -4.16656332e-02  9.98007060e-01  9.23269282e+02]
 [ 9.94550007e-01 -9.48594186e-02  4.32663191e-02 -2.67621777e+02]]

[[ 8.52282352e-02  9.95996480e-01  2.69659142e-02 -2.89343521e+02]
 [-7.73686388e-02 -2.03670222e-02  9.96794501e-01  9.20882106e+02]
 [ 9.93353030e-01 -8.70413523e-02  7.53230465e-02 -2.66524083e+02]]

[[ 9.56802368e-02  9.95256834e-01  1.75819845e-02 -2.91573381e+02]
 [-8.64574263e-02 -9.28717202e-03  9.96212257e-01  9.18992308e+02]
 [ 9.91650344e-01 -9.68379178e-02  8.51587456e-02 -2.64930573e+02]]

[[ 9.60768630e-02  9.95373589e-01  8.09003831e-04 -2.90638942e+02]
 [-5.72980719e-02  4.71918619e-03  9.98345962e-01  9.16809913e+02]
 [ 9.93723386e-01 -9.59643026e-02  5.74863920e-02 -2.66124008e+02]]

[[ 9.94128234e-02  9.94834039e-01  2.05505537e-02 -2.93859661e+02]
 [-6.01361664e-02 -1.46083241e-02  9.98083282e-01  9.18521237e+02]
 [ 9.93227432e-01 -1.00458109e-01  5.83732506e-02 -2.65573849e+02]]

[[ 9.80211250e-02  9.95020074e-01  1.80806881e-02 -2.92926804e+02]
 [-7.17602785e-02 -1.10539918e-02  9.97360653e-01  9.18949871e+02]
 [ 9.92593734e-01 -9.90598885e-02  7.03193929e-02 -2.66031591e+02]]

[[ 1.04702963e-01  9.94500929e-01  2.27874905e-03 -2.92512375e+02]
 [-2.50632089e-02  3.48073223e-04  9.99685808e-01  9.13866680e+02]
 [ 9.94187671e-01 -1.04727179e-01  2.49618288e-02 -2.65496963e+02]]

[[ 1.14319013e-01  9.93295010e-01 -1.72100839e-02 -2.94046569e+02]
 [-4.21062302e-02  2.21526699e-02  9.98867521e-01  9.11460142e+02]
 [ 9.92551373e-01 -1.13464897e-01  4.43563796e-02 -2.63173685e+02]]

[[ 9.55932748e-02  9.95400975e-01  6.23091591e-03 -2.92633834e+02]
 [-5.06268977e-02 -1.38972000e-03  9.98716669e-01  9.15476433e+02]
 [ 9.94132206e-01 -9.57860490e-02  5.02612155e-02 -2.65411519e+02]]

[[ 9.56992668e-02  9.95064681e-01  2.62284253e-02 -2.93112085e+02]
 [-4.66752612e-02 -2.18345518e-02  9.98671454e-01  9.20313476e+02]
 [ 9.94315378e-01 -9.67963445e-02  4.43553533e-02 -2.68001272e+02]]

[[ 1.06641705e-01  9.94283249e-01 -5.32615940e-03 -2.95128802e+02]
 [-1.47191939e-02  6.93477866e-03  9.99867618e-01  9.17694037e+02]
 [ 9.94188560e-01 -1.06549191e-01  1.53745845e-02 -2.69910169e+02]]

[[ 9.57582149e-02  9.95400329e-01 -2.92390824e-03 -2.92452562e+02]
 [-5.05319215e-02  7.79478388e-03  9.98692028e-01  9.18396249e+02]
 [ 9.94121164e-01 -9.54852151e-02  5.10459058e-02 -2.68892326e+02]]

[[ 9.86367145e-02  9.94911788e-01  2.05264119e-02 -2.91702246e+02]
 [-5.72831036e-02 -1.49160989e-02  9.98246541e-01  9.17295202e+02]
 [ 9.93473424e-01 -9.96395756e-02  5.55203600e-02 -2.67428749e+02]]

[[ 9.19931741e-02  9.95415847e-01  2.61638616e-02 -2.91518666e+02]
 [-8.92907848e-02 -1.79231528e-02  9.95844323e-01  9.18786894e+02]
 [ 9.91748159e-01 -9.39470719e-02  8.72326545e-02 -2.66016457e+02]]

[[ 1.02689555e-01  9.94685967e-01  7.39469419e-03 -2.95869628e+02]
 [-6.35085595e-02 -8.62682331e-04  9.97980921e-01  9.14885957e+02]
 [ 9.92683997e-01 -1.02951843e-01  6.30824845e-02 -2.66253261e+02]]

[[ 9.74317637e-02  9.94891212e-01  2.64296754e-02 -2.93628252e+02]
 [-7.83663186e-02 -1.88044058e-02  9.96747267e-01  9.18714031e+02]
 [ 9.92152091e-01 -9.91860405e-02  7.61338152e-02 -2.66317554e+02]]

[[ 1.02801334e-01  9.94625473e-01 -1.23309996e-02 -2.92810600e+02]
 [-6.38717118e-02  1.89716581e-02  9.97777771e-01  9.10999341e+02]
 [ 9.92649127e-01 -1.01785284e-01  6.54787433e-02 -2.64542232e+02]]

[[ 1.04873499e-01  9.94439044e-01  9.61960154e-03 -2.91884727e+02]
 [-5.74501616e-02 -3.59866371e-03  9.98341890e-01  9.14175966e+02]
 [ 9.92824772e-01 -1.05252255e-01  5.67532794e-02 -2.64340251e+02]]

[[ 1.05912263e-01  9.94372045e-01  2.61323845e-03 -2.91932557e+02]
 [-3.18364079e-02  7.64254175e-04  9.99492801e-01  9.14476737e+02]
 [ 9.93865703e-01 -1.05941740e-01  3.17381780e-02 -2.66999781e+02]]

[[ 9.51368661e-02  9.95464198e-01  8.07556663e-05 -2.91430338e+02]
 [-5.11978527e-02  4.81198063e-03  9.98676937e-01  9.13168570e+02]
 [ 9.94146748e-01 -9.50151286e-02  5.14234262e-02 -2.66403170e+02]]

[[ 1.02079980e-01  9.94725366e-01  1.00560239e-02 -2.89142916e+02]
 [-2.02525828e-02 -8.02860187e-03  9.99762659e-01  9.15844682e+02]
 [ 9.94570013e-01 -1.02259413e-01  1.93261983e-02 -2.69829128e+02]]

[[ 9.68212193e-02  9.95297383e-01  2.96152878e-03 -2.90746833e+02]
 [-7.50935454e-02  4.33790921e-03  9.97167058e-01  9.13132453e+02]
 [ 9.92464917e-01 -9.67693222e-02  7.51604109e-02 -2.65086404e+02]]

[[ 9.55555032e-02  9.94943050e-01  3.09430652e-02 -2.89765988e+02]
 [-6.95585031e-02 -2.43352959e-02  9.97281008e-01  9.20333282e+02]
 [ 9.92990816e-01 -9.74480418e-02  6.68813778e-02 -2.64943555e+02]]

[[ 1.00301156e-01  9.94943765e-01  5.15575689e-03 -2.90813288e+02]
 [-5.28581389e-02  1.53961652e-04  9.98602020e-01  9.17434592e+02]
 [ 9.93552060e-01 -1.00433460e-01  5.26063183e-02 -2.67059644e+02]]

[[ 1.04325305e-01  9.94502508e-01  8.99961028e-03 -2.93502973e+02]
 [-4.59939029e-02 -4.21484929e-03  9.98932829e-01  9.17502879e+02]
 [ 9.93479135e-01 -1.04627900e-01  4.53013363e-02 -2.66642845e+02]]

[[ 9.63229707e-02  9.95274578e-01  1.22637234e-02 -2.90634917e+02]
 [-4.98717285e-02 -7.47967087e-03  9.98727623e-01  9.17822187e+02]
 [ 9.94099943e-01 -9.68120246e-02  4.89155995e-02 -2.66885688e+02]]

[[ 9.95811429e-02  9.95025696e-01  2.73118435e-03 -2.92401914e+02]
 [-5.02655483e-02  2.28916308e-03  9.98733265e-01  9.17285125e+02]
 [ 9.93759010e-01 -9.95922845e-02  5.02434696e-02 -2.67429844e+02]]

[[ 1.04673699e-01  9.94454724e-01 -1.01596825e-02 -2.94065715e+02]
 [-6.10005466e-02  1.66166539e-02  9.97999409e-01  9.10407009e+02]
 [ 9.92634046e-01 -1.03844543e-01  6.24016083e-02 -2.65233055e+02]]

[[ 9.76920683e-02  9.95212631e-01 -2.84220244e-03 -2.92144016e+02]
 [-6.95962016e-02  9.68051837e-03  9.97528273e-01  9.13962757e+02]
 [ 9.92780252e-01 -9.72527937e-02  7.02087288e-02 -2.67575210e+02]]

[[ 9.50241350e-02  9.95474288e-01  1.16462503e-03 -2.91854488e+02]
 [-5.84506618e-02  4.41156654e-03  9.98280551e-01  9.13709295e+02]
 [ 9.93757482e-01 -9.49288189e-02  5.86053362e-02 -2.66765955e+02]]

[[ 9.14276906e-02  9.95385662e-01  2.91266277e-02 -2.90395959e+02]
 [-6.34023050e-02 -2.33711708e-02  9.97714356e-01  9.17628493e+02]
 [ 9.93791289e-01 -9.30654148e-02  6.09729732e-02 -2.67359271e+02]]

[[ 9.16307613e-02  9.95547011e-01  2.21348677e-02 -2.88871917e+02]
 [-6.27851738e-02 -1.64082236e-02  9.97892175e-01  9.21603968e+02]
 [ 9.93811766e-01 -9.28273612e-02  6.10020941e-02 -2.62996698e+02]]

[[ 9.85771931e-02  9.94898485e-01  2.14369090e-02 -2.88996652e+02]
 [-6.39628285e-02 -1.51626190e-02  9.97837087e-01  9.20735660e+02]
 [ 9.93071646e-01 -9.97351445e-02  6.21418328e-02 -2.64167281e+02]]

[[ 9.81715025e-02  9.94947628e-01  2.10136529e-02 -2.87869123e+02]
 [-5.83130915e-02 -1.53281818e-02  9.98180660e-01  9.20851154e+02]
 [ 9.93459581e-01 -9.92182663e-02  5.65136814e-02 -2.64909507e+02]]

[[ 8.73382790e-02  9.96171257e-01  3.85383713e-03 -2.90820128e+02]
 [-6.94742941e-02  2.23179460e-03  9.97581246e-01  9.16150055e+02]
 [ 9.93753162e-01 -8.73947718e-02  6.94032160e-02 -2.65647931e+02]]

[[ 9.63538025e-02  9.94783080e-01  3.35047543e-02 -2.90216544e+02]
 [-5.17480415e-02 -2.86092625e-02  9.98250294e-01  9.21298570e+02]
 [ 9.94001049e-01 -9.79190172e-02  4.87214649e-02 -2.66209865e+02]]

[[ 1.03652115e-01  9.94427543e-01  1.92380023e-02 -2.90631512e+02]
 [-4.19511219e-02 -1.49539209e-02  9.99007750e-01  9.19383301e+02]
 [ 9.93728505e-01 -1.04356322e-01  4.01673456e-02 -2.66140174e+02]]

[[ 1.07817888e-01  9.94142820e-01 -7.44021884e-03 -2.92495978e+02]
 [-4.09675049e-02  1.19202927e-02  9.99089370e-01  9.14522215e+02]
 [ 9.93326214e-01 -1.07414899e-01  4.20127716e-02 -2.66300511e+02]]

[[ 9.93945708e-02  9.95042641e-01 -3.29569668e-03 -2.95420021e+02]
 [-5.93484633e-02  9.23444014e-03  9.98194613e-01  9.11933694e+02]
 [ 9.93276638e-01 -9.90195306e-02  5.99721049e-02 -2.66921426e+02]]

[[ 1.02000057e-01  9.94776686e-01 -3.91576391e-03 -2.96132415e+02]
 [-5.84077466e-02  9.91828584e-03  9.98243539e-01  9.11225311e+02]
 [ 9.93068237e-01 -1.01592187e-01  5.91143304e-02 -2.69847081e+02]]

[[ 1.03566519e-01  9.94503474e-01 -1.53888085e-02 -2.92133126e+02]
 [-7.15405791e-02  2.28803096e-02  9.97175229e-01  9.13059886e+02]
 [ 9.92046330e-01 -1.02173043e-01  7.35169885e-02 -2.65788886e+02]]

[[ 1.12590440e-01  9.93613911e-01  7.40196909e-03 -2.92154270e+02]
 [-1.88849575e-02 -5.30817758e-03  9.99807572e-01  9.11672874e+02]
 [ 9.93462003e-01 -1.12708560e-01  1.81667064e-02 -2.71639168e+02]]

[[ 9.70653324e-02  9.95089738e-01  1.93580598e-02 -2.90986684e+02]
 [-6.43293488e-02 -1.31366448e-02  9.97842254e-01  9.15825538e+02]
 [ 9.93196887e-01 -9.81011815e-02  6.27383620e-02 -2.71118377e+02]]

[[ 9.69541790e-02  9.95092566e-01  1.97654244e-02 -2.89729468e+02]
 [-6.99178879e-02 -1.30003459e-02  9.97468035e-01  9.16748445e+02]
 [ 9.92829983e-01 -9.80906511e-02  6.83143326e-02 -2.67191097e+02]]

[[ 9.00797113e-02  9.95414433e-01  3.21830919e-02 -2.90301299e+02]
 [-7.34044649e-02 -2.55907969e-02  9.96973869e-01  9.17416305e+02]
 [ 9.93225770e-01 -9.21695010e-02  7.07626523e-02 -2.66739104e+02]]

[[ 1.03041255e-01  9.94606662e-01  1.18358262e-02 -2.88589709e+02]
 [-2.95081426e-02 -8.83731640e-03  9.99525473e-01  9.15835837e+02]
 [ 9.94239292e-01 -1.03341613e-01  2.84383871e-02 -2.67876679e+02]]

[[ 1.00930549e-01  9.94815758e-01  1.24350880e-02 -2.86881155e+02]
 [-4.01665213e-02 -8.41420450e-03  9.99157571e-01  9.19353195e+02]
 [ 9.94082328e-01 -1.01344997e-01  3.91090381e-02 -2.68141356e+02]]

[[ 9.45880031e-02  9.95397525e-01  1.53907905e-02 -2.89948266e+02]
 [-8.62123290e-02 -7.21162490e-03  9.96250685e-01  9.18404162e+02]
 [ 9.91776459e-01 -9.55602387e-02  8.51334057e-02 -2.64356937e+02]]

[[ 1.05967504e-01  9.94261159e-01 -1.46845357e-02 -2.92099937e+02]
 [-5.56026687e-02  2.06693706e-02  9.98239010e-01  9.08860369e+02]
 [ 9.92813795e-01 -1.04964397e-01  5.74738554e-02 -2.64036755e+02]]

[[ 1.03395366e-01  9.94614630e-01 -7.15095003e-03 -2.91547385e+02]
 [-6.92204831e-02  1.43675093e-02  9.97497919e-01  9.12166259e+02]
 [ 9.92228765e-01 -1.02641670e-01  7.03332390e-02 -2.64883899e+02]]

[[ 1.04430093e-01  9.94421044e-01 -1.48709055e-02 -2.92127114e+02]
 [-5.99511947e-02  2.12198966e-02  9.97975736e-01  9.08773745e+02]
 [ 9.92723632e-01 -1.03327170e-01  6.18327254e-02 -2.63806335e+02]]

[[ 1.02504614e-01  9.94719354e-01  5.11971987e-03 -2.89623299e+02]
 [-6.79200207e-02  1.86407069e-03  9.97689028e-01  9.15493428e+02]
 [ 9.92411041e-01 -1.02615460e-01  6.77524350e-02 -2.65962272e+02]]

[[ 8.67584162e-02  9.95996577e-01  2.15359098e-02 -2.88252689e+02]
 [-9.06198479e-02 -1.36378541e-02  9.95792173e-01  9.20256132e+02]
 [ 9.92099300e-01 -8.83449326e-02  8.90738597e-02 -2.64634992e+02]]

[[ 9.93919350e-02  9.95010214e-01  8.71300881e-03 -2.90457492e+02]
 [-3.95807587e-02 -4.79600362e-03  9.99204865e-01  9.15165793e+02]
 [ 9.94260834e-01 -9.96577725e-02  3.89065752e-02 -2.65925203e+02]]

[[ 9.98354407e-02  9.94997402e-01  3.61325007e-03 -2.86749459e+02]
 [-6.72481120e-02  3.12432161e-03  9.97731392e-01  9.19325339e+02]
 [ 9.92728853e-01 -9.98519374e-02  6.72236147e-02 -2.60614535e+02]]

[[ 9.35004791e-02  9.95551588e-01  1.16058972e-02 -2.89928475e+02]
 [-6.96221189e-02 -5.09052725e-03  9.97560448e-01  9.18649350e+02]
 [ 9.93181968e-01 -9.40804070e-02  6.88364443e-02 -2.63582860e+02]]

[[ 9.31771850e-02  9.95467387e-01  1.90445335e-02 -2.90980983e+02]
 [-4.98663299e-02 -1.44378899e-02  9.98651539e-01  9.18111047e+02]
 [ 9.94400001e-01 -9.40012202e-02  4.82950232e-02 -2.64995273e+02]]

[[ 9.54788207e-02  9.95364347e-01  1.15590453e-02 -2.91146229e+02]
 [-5.49090825e-02 -6.32805530e-03  9.98471306e-01  9.16073459e+02]
 [ 9.93915886e-01 -9.59675593e-02  5.40503478e-02 -2.63589763e+02]]

[[ 9.86658606e-02  9.95116625e-01  2.81973102e-03 -2.90428909e+02]
 [-6.59568419e-02  3.71224534e-03  9.97815571e-01  9.16488093e+02]
 [ 9.92932396e-01 -9.86363126e-02  6.60010218e-02 -2.62548014e+02]]

[[ 9.65765983e-02  9.95030154e-01  2.42477410e-02 -2.92777690e+02]
 [-4.78579731e-02 -1.96911517e-02  9.98660039e-01  9.16887751e+02]
 [ 9.94174318e-01 -9.76076372e-02  4.57184219e-02 -2.64967480e+02]]

[[ 1.10459355e-01  9.93879626e-01 -1.42116331e-03 -2.93399658e+02]
 [-4.43580061e-02  6.35840827e-03  9.98995464e-01  9.13011391e+02]
 [ 9.92890275e-01 -1.10285355e-01  4.47888642e-02 -2.63432773e+02]]

[[ 1.05589576e-01  9.94348940e-01  1.10011844e-02 -2.92983797e+02]
 [-5.89400774e-02 -4.78551842e-03  9.98250052e-01  9.14219620e+02]
 [ 9.92661528e-01 -1.06053210e-01  5.81017026e-02 -2.62743821e+02]]

[[ 8.99464202e-02  9.95894453e-01  1.01921815e-02 -2.91262139e+02]
 [-6.01010208e-02 -4.78742344e-03  9.98180819e-01  9.15057365e+02]
 [ 9.94131535e-01 -9.03953519e-02  5.94236616e-02 -2.64156826e+02]]

[[ 9.61231868e-02  9.95216370e-01  1.74559158e-02 -2.92685019e+02]
 [-5.53363406e-02 -1.21669721e-02  9.98393637e-01  9.14247367e+02]
 [ 9.93830077e-01 -9.69347245e-02  5.39021040e-02 -2.63724861e+02]]

[[ 9.78520702e-02  9.95170036e-01  7.84676611e-03 -2.92940950e+02]
 [-3.82576643e-02 -4.11724951e-03  9.99259425e-01  9.15938658e+02]
 [ 9.94465346e-01 -9.80798024e-02  3.76699998e-02 -2.67236109e+02]]

[[ 1.02911627e-01  9.94663115e-01  7.38142735e-03 -2.95385229e+02]
 [-5.72140889e-02 -1.48928103e-03  9.98360822e-01  9.11731795e+02]
 [ 9.93043677e-01 -1.03165258e-01  5.67554796e-02 -2.63482482e+02]]

[[ 9.68340873e-02  9.95135214e-01  1.81401671e-02 -2.91345364e+02]
 [-4.97941258e-02 -1.33592647e-02  9.98670153e-01  9.19063082e+02]
 [ 9.94054176e-01 -9.76085866e-02  4.82582558e-02 -2.66490949e+02]]

[[ 1.00339863e-01  9.94822290e-01  1.61407598e-02 -2.93066443e+02]
 [-6.07929379e-02 -1.00622314e-02  9.98099679e-01  9.14845967e+02]
 [ 9.93094220e-01 -1.01130429e-01  5.94685268e-02 -2.64106587e+02]]

[[ 9.81853129e-02  9.95092123e-01  1.23008219e-02 -2.91735371e+02]
 [-5.65894446e-02 -6.75774278e-03  9.98374663e-01  9.13676542e+02]
 [ 9.93557889e-01 -9.87218254e-02  5.56481995e-02 -2.63845844e+02]]

[[ 9.96332463e-02  9.95022288e-01  1.96528725e-03 -2.91555350e+02]
 [-4.01227691e-02  2.04403575e-03  9.99192667e-01  9.12237176e+02]
 [ 9.94214956e-01 -9.96316618e-02  4.01267034e-02 -2.64267846e+02]]

[[ 1.01503653e-01  9.94824790e-01  4.54382112e-03 -2.92318901e+02]
 [-4.83491996e-02  3.71033793e-04  9.98830425e-01  9.12254983e+02]
 [ 9.93659581e-01 -1.01604627e-01  4.81366436e-02 -2.63468574e+02]]

[[ 1.02103378e-01  9.94766266e-01  3.86982979e-03 -2.92435321e+02]
 [-5.44973456e-02  1.70923552e-03  9.98512453e-01  9.11922484e+02]
 [ 9.93279890e-01 -1.02162390e-01  5.43866397e-02 -2.63039194e+02]]

[[ 9.91537099e-02  9.95040346e-01  7.95310020e-03 -2.91833656e+02]
 [-5.27561983e-02 -2.72453531e-03  9.98603705e-01  9.13259120e+02]
 [ 9.93672645e-01 -9.94348374e-02  5.22243980e-02 -2.63932780e+02]]

[[ 9.45082304e-02  9.95517071e-01  3.73564871e-03 -2.91155447e+02]
 [-5.45756477e-02  1.43419991e-03  9.98508609e-01  9.13495121e+02]
 [ 9.94027008e-01 -9.45711571e-02  5.44665327e-02 -2.64439328e+02]]

[[ 9.33534963e-02  9.95426532e-01  2.02767012e-02 -2.90913474e+02]
 [-6.26010573e-02 -1.44568984e-02  9.97933919e-01  9.16290260e+02]
 [ 9.93663038e-01 -9.44299633e-02  6.09651514e-02 -2.65330612e+02]]

[[ 9.49800694e-02  9.95453689e-01  7.12309587e-03 -2.91662026e+02]
 [-7.73643658e-02  2.47450908e-04  9.97002855e-01  9.14910550e+02]
 [ 9.92468408e-01 -9.52464742e-02  7.70361463e-02 -2.63776087e+02]]

[[ 9.34683026e-02  9.95429263e-01  1.96025281e-02 -2.90939569e+02]
 [-5.88937353e-02 -1.41264144e-02  9.98164301e-01  9.16468787e+02]
 [ 9.93878868e-01 -9.44511891e-02  5.73041755e-02 -2.65940044e+02]]

[[ 9.56223885e-02  9.95314707e-01  1.43175499e-02 -2.91290719e+02]
 [-6.42817406e-02 -8.17900578e-03  9.97898272e-01  9.17166623e+02]
 [ 9.93339930e-01 -9.63417733e-02  6.31984658e-02 -2.64654812e+02]]

[[ 9.12978542e-02  9.95457924e-01  2.69856047e-02 -2.90839978e+02]
 [-6.64935678e-02 -2.09443598e-02  9.97567010e-01  9.17264742e+02]
 [ 9.93601181e-01 -9.28700966e-02  6.42793739e-02 -2.65605923e+02]]

[[ 9.89103193e-02  9.95090958e-01  3.27642825e-03 -2.91539324e+02]
 [-4.64480738e-02  1.32782302e-03  9.98919823e-01  9.12711150e+02]
 [ 9.94011733e-01 -9.89556625e-02  4.63513936e-02 -2.64172097e+02]]

[[ 1.02122519e-01  9.94769147e-01  2.30991565e-03 -2.92491915e+02]
 [-5.57335368e-02  3.40313858e-03  9.98439879e-01  9.11612584e+02]
 [ 9.93209325e-01 -1.02091935e-01  5.57895400e-02 -2.63095928e+02]]

[[ 9.18003546e-02  9.95499019e-01  2.35456650e-02 -2.90538489e+02]
 [-5.83789691e-02 -1.82244082e-02  9.98128132e-01  9.16750199e+02]
 [ 9.94064681e-01 -9.30030881e-02  5.64431993e-02 -2.65687462e+02]]

[[ 9.68820681e-02  9.95294868e-01  1.41109785e-03 -2.91838539e+02]
 [-6.85762418e-02  5.26080452e-03  9.97632008e-01  9.12982746e+02]
 [ 9.92930594e-01 -9.67494199e-02  6.87632591e-02 -2.63530787e+02]]

[[ 1.00458351e-01  9.94912103e-01  7.61749353e-03 -2.92078454e+02]
 [-5.44792473e-02 -2.14417725e-03  9.98512601e-01  9.13175439e+02]
 [ 9.93448605e-01 -1.00723925e-01  5.39866620e-02 -2.63888214e+02]]

[[ 1.05318569e-01  9.94359328e-01 -1.25509246e-02 -2.92537744e+02]
 [-4.80240885e-02  1.76921000e-02  9.98689480e-01  9.11357453e+02]
 [ 9.93278252e-01 -1.04577801e-01  4.96165070e-02 -2.63565150e+02]]

[[ 1.02553343e-01  9.94725590e-01  1.95250313e-03 -2.92376787e+02]
 [-5.20251121e-02  3.40345268e-03  9.98639977e-01  9.11753407e+02]
 [ 9.93366095e-01 -1.02515447e-01  5.20997457e-02 -2.63306576e+02]]

[[ 9.74211830e-02  9.95205102e-01  8.71304533e-03 -2.91360096e+02]
 [-4.97934145e-02 -3.86979373e-03  9.98752042e-01  9.13612967e+02]
 [ 9.93996846e-01 -9.77334577e-02  4.91776603e-02 -2.64423485e+02]]

[[ 1.00697726e-01  9.94909425e-01 -3.89919616e-03 -2.92446992e+02]
 [-6.51625335e-02  1.05058934e-02  9.97819358e-01  9.11721647e+02]
 [ 9.92780848e-01 -1.00224058e-01  6.58887383e-02 -2.63007084e+02]]

[[ 9.51536500e-02  9.95018472e-01  2.97325440e-02 -2.91461785e+02]
 [-7.77035678e-02 -2.23527694e-02  9.96725895e-01  9.17663985e+02]
 [ 9.92425281e-01 -9.71524317e-02  7.51895377e-02 -2.64876201e+02]]

[[ 9.90213326e-02  9.95085235e-01  3.89241617e-04 -2.91819504e+02]
 [-6.14098460e-02  5.72049910e-03  9.98096241e-01  9.12511747e+02]
 [ 9.93188606e-01 -9.88567232e-02  6.16744824e-02 -2.63413642e+02]]

[[ 1.02251481e-01  9.94742600e-01  5.63858666e-03 -2.92205308e+02]
 [-6.20050229e-02  7.16134750e-04  9.98075580e-01  9.16078161e+02]
 [ 9.92824260e-01 -1.02404327e-01  6.17522635e-02 -2.64991604e+02]]

[[ 1.04254542e-01  9.94546546e-01 -2.85634252e-03 -2.92596074e+02]
 [-6.63249551e-02  9.81813565e-03  9.97749771e-01  9.14763836e+02]
 [ 9.92336632e-01 -1.03830498e-01  6.69868402e-02 -2.64154225e+02]]

[[ 1.00291966e-01  9.94958046e-01  9.21834420e-05 -2.93109764e+02]
 [-4.65316088e-02  4.59784603e-03  9.98906236e-01  9.12549888e+02]
 [ 9.93869373e-01 -1.00186559e-01  4.67581256e-02 -2.64263173e+02]]

[[ 9.30811668e-02  9.95610204e-01  9.80907503e-03 -2.91919307e+02]
 [-6.51945670e-02 -3.73615290e-03  9.97865577e-01  9.14847637e+02]
 [ 9.93521799e-01 -9.35219906e-02  6.45606107e-02 -2.64826851e+02]]

[[ 1.06017720e-01  9.94295055e-01 -1.17297020e-02 -2.96977926e+02]
 [-4.46740357e-02  1.65470229e-02  9.98864569e-01  9.09682583e+02]
 [ 9.93360193e-01 -1.05373331e-01  4.61734504e-02 -2.65442400e+02]]

[[ 1.04302530e-01  9.94507744e-01  8.67923070e-03 -2.93604008e+02]
 [-5.27181735e-02 -3.18597684e-03  9.98604348e-01  9.15722750e+02]
 [ 9.93147409e-01 -1.04614513e-01  5.20963264e-02 -2.66165700e+02]]

[[ 9.51974210e-02  9.95302094e-01  1.76406373e-02 -2.92330175e+02]
 [-5.61007029e-02 -1.23287898e-02  9.98348993e-01  9.16115673e+02]
 [ 9.93876331e-01 -9.60299016e-02  5.46634781e-02 -2.66756648e+02]]

[[ 9.85227207e-02  9.95134608e-01  6.20744346e-04 -2.93301163e+02]
 [-5.69932160e-02  5.01982257e-03  9.98361946e-01  9.10962895e+02]
 [ 9.93501408e-01 -9.83967133e-02  5.72104882e-02 -2.64414278e+02]]

[[ 9.22992387e-02  9.95720600e-01  4.61925979e-03 -2.90943382e+02]
 [-6.02928566e-02  9.58231434e-04  9.98180271e-01  9.15045089e+02]
 [ 9.93904232e-01 -9.24097874e-02  6.01232834e-02 -2.66897554e+02]]

[[ 1.04710277e-01  9.94485260e-01 -5.90137310e-03 -2.94081929e+02]
 [-5.01599486e-02  1.12076427e-02  9.98678311e-01  9.11218671e+02]
 [ 9.93237000e-01 -1.04275870e-01  5.10568849e-02 -2.65808855e+02]]

[[ 9.38855695e-02  9.95177573e-01  2.84094632e-02 -2.92371221e+02]
 [-5.52441958e-02 -2.32840172e-02  9.98201349e-01  9.14566620e+02]
 [ 9.94049083e-01 -9.52861601e-02  5.27917515e-02 -2.66167797e+02]]

[[ 1.02137813e-01  9.94769952e-01 -7.80761727e-04 -2.91751660e+02]
 [-6.36461721e-02  7.31811272e-03  9.97945695e-01  9.14494363e+02]
 [ 9.92732105e-01 -1.01878298e-01  6.40607556e-02 -2.66051089e+02]]

[[ 1.01646389e-01  9.94797000e-01  6.85126932e-03 -2.91646656e+02]
 [-5.92064687e-02 -8.25419107e-04  9.98245417e-01  9.14740367e+02]
 [ 9.93057202e-01 -1.01873681e-01  5.88145166e-02 -2.65206122e+02]]

[[ 1.04341431e-01  9.94467376e-01 -1.21451189e-02 -2.92271886e+02]
 [-4.91208306e-02  1.73499561e-02  9.98642140e-01  9.10267398e+02]
 [ 9.93327745e-01 -1.03603172e-01  5.06593828e-02 -2.64274417e+02]]

[[ 9.89671848e-02  9.94888093e-01  2.00793332e-02 -2.91131973e+02]
 [-6.13796355e-02 -1.40366760e-02  9.98015787e-01  9.16728678e+02]
 [ 9.93195870e-01 -1.00003275e-01  5.96766982e-02 -2.66284796e+02]]

[[ 9.66226569e-02  9.95124378e-01  1.97872171e-02 -2.90973338e+02]
 [-6.53958603e-02 -1.34901070e-02  9.97768209e-01  9.16820592e+02]
 [ 9.93170400e-01 -9.77010174e-02  6.37735648e-02 -2.66427876e+02]]

[[ 9.83304569e-02  9.95059740e-01  1.36834081e-02 -2.91337824e+02]
 [-5.95733803e-02 -7.83953584e-03  9.98193145e-01  9.14891056e+02]
 [ 9.93369082e-01 -9.89679549e-02  5.85082071e-02 -2.65831532e+02]]

[[ 1.04204912e-01  9.94553991e-01  1.92236450e-03 -2.92468429e+02]
 [-6.36423079e-02  4.73920502e-03  9.97961521e-01  9.11657006e+02]
 [ 9.92517503e-01 -1.04114836e-01  6.37895597e-02 -2.64008160e+02]]

[[ 9.54914045e-02  9.95274634e-01  1.76009903e-02 -2.91297710e+02]
 [-5.72047764e-02 -1.21657867e-02  9.98288339e-01  9.16633100e+02]
 [ 9.93785191e-01 -9.63348163e-02  5.57727349e-02 -2.66633603e+02]]

[[ 9.69099620e-02  9.95235219e-01  1.07386421e-02 -2.93426189e+02]
 [-4.80553201e-02 -6.09805225e-03  9.98826061e-01  9.14911654e+02]
 [ 9.94132358e-01 -9.73122444e-02  4.72353850e-02 -2.67792836e+02]]

[[ 9.48020199e-02  9.95396055e-01  1.41163576e-02 -2.92068428e+02]
 [-4.36896082e-02 -1.00063769e-02  9.98995040e-01  9.17606318e+02]
 [ 9.94536975e-01 -9.53234858e-02  4.25398389e-02 -2.68324381e+02]]

[[ 9.82836217e-02  9.95123249e-01  8.36948206e-03 -2.91106111e+02]
 [-4.81667451e-02 -3.64347824e-03  9.98832664e-01  9.16632482e+02]
 [ 9.93992100e-01 -9.85720223e-02  4.75737536e-02 -2.67377347e+02]]

[[ 1.11567921e-01  9.93488851e-01 -2.30759983e-02 -2.92239970e+02]
 [-4.55289727e-02  2.83066943e-02  9.98561888e-01  9.11582089e+02]
 [ 9.92713308e-01 -1.10356847e-01  4.83906458e-02 -2.64987211e+02]]

[[ 1.14289771e-01  9.93214821e-01 -2.14981018e-02 -2.92452730e+02]
 [-2.68286762e-02  2.47177504e-02  9.99334406e-01  9.10485194e+02]
 [ 9.93085128e-01 -1.13636934e-01  2.94716249e-02 -2.65357504e+02]]

[[ 1.02663877e-01  9.94701636e-01 -5.36499694e-03 -2.91479822e+02]
 [-4.05932177e-02  9.57853623e-03  9.99129843e-01  9.14140025e+02]
 [ 9.93887478e-01 -1.02356761e-01  4.13615097e-02 -2.67306400e+02]]

[[ 1.08538346e-01  9.94039957e-01 -1.01976598e-02 -2.92186701e+02]
 [-3.30035442e-02  1.38558566e-02  9.99359185e-01  9.12053693e+02]
 [ 9.93544258e-01 -1.08132234e-01  3.43107334e-02 -2.65828510e+02]]

[[ 1.14061061e-01  9.93381546e-01 -1.35343750e-02 -2.91017544e+02]
 [-4.01808889e-02  1.82248906e-02  9.99026201e-01  9.11927044e+02]
 [ 9.92660854e-01 -1.13406165e-01  4.19937038e-02 -2.64655289e+02]]

[[ 1.02819258e-01  9.94697426e-01 -2.28716283e-03 -2.88979640e+02]
 [-5.27142260e-02  7.74502028e-03  9.98579604e-01  9.09974588e+02]
 [ 9.93302276e-01 -1.02552647e-01  5.32310422e-02 -2.64651927e+02]]

[[ 9.75511375e-02  9.95145441e-01  1.30125579e-02 -2.88614112e+02]
 [-5.60590736e-02 -7.55979571e-03  9.98398833e-01  9.13751487e+02]
 [ 9.93650419e-01 -9.81244138e-02  5.50494649e-02 -2.68394292e+02]]

[[ 1.01411114e-01  9.94795865e-01 -9.84750085e-03 -2.90315031e+02]
 [-4.79755281e-02  1.47772396e-02  9.98739196e-01  9.11478436e+02]
 [ 9.93687141e-01 -1.00810815e-01  4.92244333e-02 -2.67765419e+02]]

[[ 9.23305348e-02  9.95644763e-01  1.29065273e-02 -2.90904437e+02]
 [-5.24991837e-02 -8.07620334e-03  9.98588309e-01  9.13984420e+02]
 [ 9.94343456e-01 -9.28777748e-02  5.15248571e-02 -2.67316029e+02]]

[[ 9.96467375e-02  9.94995915e-01  7.32502756e-03 -2.89355778e+02]
 [-4.96608994e-02 -2.37932846e-03  9.98763302e-01  9.13954542e+02]
 [ 9.93782835e-01 -9.98872721e-02  4.91752998e-02 -2.66579060e+02]]

[[ 9.15753171e-02  9.95602501e-01  1.97388089e-02 -2.89612432e+02]
 [-5.09578284e-02 -1.51108785e-02  9.98586482e-01  9.14766484e+02]
 [ 9.94493470e-01 -9.24517205e-02  4.93499579e-02 -2.68748593e+02]]

[[ 9.72114125e-02  9.95053406e-01  2.04612180e-02 -2.89422052e+02]
 [-4.97571577e-02 -1.56739259e-02  9.98638350e-01  9.14505272e+02]
 [ 9.94019198e-01 -9.80971366e-02  4.79873448e-02 -2.65776943e+02]]

[[ 9.10398382e-02  9.95523245e-01  2.54011277e-02 -2.88736097e+02]
 [-6.85115496e-02 -1.91853649e-02  9.97465834e-01  9.16496235e+02]
 [ 9.93487753e-01 -9.25493987e-02  6.64582076e-02 -2.65927037e+02]]

[[ 9.60843092e-02  9.94943088e-01  2.92584592e-02 -2.88428996e+02]
 [-4.76388077e-02 -2.47641449e-02  9.98557600e-01  9.17293563e+02]
 [ 9.94232543e-01 -9.73395553e-02  4.50184567e-02 -2.64861712e+02]]

[[ 9.73864022e-02  9.95221454e-01 -7.08133314e-03 -2.92441694e+02]
 [-6.63793061e-02  1.35944627e-02  9.97701848e-01  9.13776507e+02]
 [ 9.93030552e-01 -9.66925396e-02  6.73860254e-02 -2.63922293e+02]]

[[ 9.96073753e-02  9.95005459e-01  6.51969851e-03 -2.91399954e+02]
 [-5.19323922e-02 -1.34476213e-03  9.98649697e-01  9.16943011e+02]
 [ 9.93670668e-01 -9.98114587e-02  5.15390655e-02 -2.66067446e+02]]

[[ 1.01534595e-01  9.94819149e-01 -5.05842992e-03 -2.91662538e+02]
 [-5.66992544e-02  1.08632100e-02  9.98332202e-01  9.14716530e+02]
 [ 9.93214942e-01 -1.01078446e-01  5.75084956e-02 -2.65169441e+02]]

[[ 1.07945263e-01  9.94057458e-01  1.40566870e-02 -2.91652168e+02]
 [-4.48531087e-02 -9.25525670e-03  9.98950719e-01  9.18062125e+02]
 [ 9.93144510e-01 -1.08462485e-01  4.35875061e-02 -2.65910574e+02]]

[[ 1.06860595e-01  9.94239328e-01  8.30499191e-03 -2.91934642e+02]
 [-5.19438926e-02 -2.75888633e-03  9.98646194e-01  9.16608388e+02]
 [ 9.92916233e-01 -1.07147320e-01  5.13498446e-02 -2.65215089e+02]]

[[ 9.49080936e-02  9.95416191e-01  1.17924252e-02 -2.86292576e+02]
 [-4.71843894e-02 -7.33441232e-03  9.98859269e-01  9.12921660e+02]
 [ 9.94367179e-01 -9.53562474e-02  4.62720101e-02 -2.70810755e+02]]

[[ 8.89015919e-02  9.95990556e-01  9.96592388e-03 -2.89757675e+02]
 [-7.01474102e-02 -3.72000377e-03  9.97529700e-01  9.10022601e+02]
 [ 9.93567234e-01 -8.93810621e-02  6.95354438e-02 -2.66440931e+02]]

[[ 1.04740435e-01  9.94475847e-01 -6.87246874e-03 -2.90833057e+02]
 [-4.59112613e-02  1.17383579e-02  9.98876552e-01  9.12635584e+02]
 [ 9.93439277e-01 -1.04307241e-01  4.68871212e-02 -2.67218522e+02]]

[[ 9.89243604e-02  9.94454172e-01  3.57053314e-02 -2.90425110e+02]
 [-3.57320740e-02 -3.23082820e-02  9.98839023e-01  9.17263216e+02]
 [ 9.94453211e-01 -1.00085337e-01  3.23378339e-02 -2.65839561e+02]]

[[ 9.20239941e-02  9.95085805e-01  3.65489479e-02 -2.89065005e+02]
 [-2.37780728e-02 -3.44982304e-02  9.99121852e-01  9.15152606e+02]
 [ 9.95472846e-01 -9.28122470e-02  2.04865578e-02 -2.67932404e+02]]

[[ 1.01181697e-01  9.94840175e-01 -7.43575500e-03 -2.92372363e+02]
 [-6.94248741e-02  1.45164575e-02  9.97481558e-01  9.12789575e+02]
 [ 9.92442669e-01 -1.00410651e-01  7.05354537e-02 -2.64194810e+02]]

[[ 9.52377458e-02  9.95449432e-01  3.19372205e-03 -2.89740829e+02]
 [-6.32819501e-02  2.85250297e-03  9.97991612e-01  9.14699173e+02]
 [ 9.93441074e-01 -9.52485764e-02  6.32656472e-02 -2.65496953e+02]]

[[ 9.85919331e-02  9.95008059e-01  1.54464819e-02 -2.91465089e+02]
 [-4.22817580e-02 -1.13195443e-02  9.99041601e-01  9.16118219e+02]
 [ 9.94229291e-01 -9.91505471e-02  4.09546742e-02 -2.64979841e+02]]

[[ 9.60965147e-02  9.95194216e-01  1.88131057e-02 -2.91227204e+02]
 [-4.42817645e-02 -1.46075197e-02  9.98912281e-01  9.16364014e+02]
 [ 9.94386537e-01 -9.68250662e-02  4.26652241e-02 -2.64768187e+02]]

[[ 8.69565200e-02  9.95648233e-01  3.35135874e-02 -2.90587042e+02]
 [-7.13581470e-02 -2.73294785e-02  9.97076283e-01  9.19710217e+02]
 [ 9.93653148e-01 -8.90937512e-02  6.86711366e-02 -2.66676948e+02]]

[[ 9.59350287e-02  9.94754967e-01  3.54827559e-02 -2.90934713e+02]
 [-4.28208557e-02 -3.14897417e-02  9.98586386e-01  9.19868243e+02]
 [ 9.94466110e-01 -9.73188156e-02  3.95752896e-02 -2.65693380e+02]]

[[ 9.85381719e-02  9.94404319e-01  3.80825246e-02 -2.91126131e+02]
 [-2.96869633e-02 -3.53142837e-02  9.98935226e-01  9.18709551e+02]
 [ 9.94690360e-01 -9.95638055e-02  2.60410396e-02 -2.65565181e+02]]

[[ 9.16170546e-02  9.95183385e-01  3.48761469e-02 -2.90677176e+02]
 [-5.47981454e-02 -2.99318192e-02  9.98048721e-01  9.19990153e+02]
 [ 9.94285411e-01 -9.33494323e-02  5.17919387e-02 -2.66860368e+02]]

[[ 9.85326562e-02  9.94869682e-01  2.29266716e-02 -2.91311762e+02]
 [-3.96782544e-02 -1.90927828e-02  9.99030081e-01  9.17072537e+02]
 [ 9.94342472e-01 -9.93467778e-02  3.75934298e-02 -2.65037808e+02]]

[[ 8.99443740e-02  9.95436727e-01  3.18705462e-02 -2.90794875e+02]
 [-6.67103979e-02 -2.59068248e-02  9.97435993e-01  9.19549488e+02]
 [ 9.93710085e-01 -9.18398528e-02  6.40758070e-02 -2.66816873e+02]]

[[ 1.00580846e-01  9.94224119e-01  3.74418711e-02 -2.91212251e+02]
 [-3.27702327e-02 -3.43017811e-02  9.98874116e-01  9.19348540e+02]
 [ 9.94389061e-01 -1.01694583e-01  2.91308535e-02 -2.65615401e+02]]

[[ 1.02631468e-01  9.94087714e-01  3.54457248e-02 -2.91191736e+02]
 [-2.03006334e-02 -3.35332559e-02  9.99231407e-01  9.19402394e+02]
 [ 9.94512275e-01 -1.03272157e-01  1.67390430e-02 -2.66077237e+02]]

[[ 9.83431190e-02  9.94743778e-01  2.85209768e-02 -2.91117138e+02]
 [-3.44457857e-02 -2.52401215e-02  9.99087796e-01  9.17830631e+02]
 [ 9.94556242e-01 -9.92358374e-02  3.17825387e-02 -2.65474643e+02]]

[[ 8.89512394e-02  9.96035933e-01 -3.12942159e-04 -2.85688186e+02]
 [-4.93960135e-02  4.72512397e-03  9.98768095e-01  9.15044498e+02]
 [ 9.94810389e-01 -8.88262018e-02  4.96205100e-02 -2.66319276e+02]]

[[ 9.78663175e-02  9.95106727e-01  1.35935612e-02 -2.82789262e+02]
 [-7.63773545e-02 -6.10872105e-03  9.97060271e-01  9.18021960e+02]
 [ 9.92264422e-01 -9.86168573e-02  7.54057812e-02 -2.62798577e+02]]

[[ 1.10649293e-01  9.93691384e-01  1.82802259e-02 -2.90312396e+02]
 [-3.47967692e-02 -1.45085211e-02  9.99289091e-01  9.19405467e+02]
 [ 9.93250179e-01 -1.11206724e-01  3.29718922e-02 -2.63679764e+02]]

[[ 1.01021130e-01  9.94751789e-01 -1.62360478e-02 -2.91087051e+02]
 [-4.94302463e-02  2.13178864e-02  9.98550048e-01  9.13602417e+02]
 [ 9.93655565e-01 -1.00072103e-01  5.13243829e-02 -2.62409582e+02]]

[[ 9.51198817e-02  9.95115845e-01  2.63943665e-02 -2.89186845e+02]
 [-7.30254956e-02 -1.94677871e-02  9.97140051e-01  9.18078471e+02]
 [ 9.92783705e-01 -9.67753054e-02  7.08170542e-02 -2.62577504e+02]]

[[ 1.01291335e-01  9.94853039e-01 -2.73806149e-03 -2.92752331e+02]
 [-3.36932933e-02  6.18110712e-03  9.99413106e-01  9.14132676e+02]
 [ 9.94286089e-01 -1.01139634e-01  3.41459678e-02 -2.63407116e+02]]

[[ 9.88348755e-02  9.94650333e-01  3.00396904e-02 -2.93247796e+02]
 [-6.27431730e-02 -2.38985423e-02  9.97743531e-01  9.19901511e+02]
 [ 9.93123840e-01 -1.00496643e-01  6.00455084e-02 -2.63748104e+02]]

[[ 9.95005063e-02  9.95020769e-01  5.77226451e-03 -2.93324435e+02]
 [-6.55272421e-02  7.63940647e-04  9.97850488e-01  9.17580231e+02]
 [ 9.92877550e-01 -9.96648694e-02  6.52769793e-02 -2.65295210e+02]]

[[ 1.08111991e-01  9.94134148e-01  3.01554448e-03 -2.95895234e+02]
 [-4.27717898e-02  1.62087023e-03  9.99083553e-01  9.11102715e+02]
 [ 9.93218189e-01 -1.08141892e-01  4.26961323e-02 -2.62440739e+02]]

[[ 1.00719966e-01  9.94912970e-01  1.91576134e-03 -2.93360636e+02]
 [-3.95951505e-02  2.08437062e-03  9.99213631e-01  9.15191138e+02]
 [ 9.94126608e-01 -1.00716618e-01  3.96036665e-02 -2.66499888e+02]]

[[ 9.54458253e-02  9.94585575e-01  4.11050798e-02 -2.92713100e+02]
 [-7.65930779e-02 -3.38334273e-02  9.96488234e-01  9.16354617e+02]
 [ 9.92483549e-01 -9.82590064e-02  7.29491111e-02 -2.66536788e+02]]

[[ 1.08017611e-01  9.94130509e-01  6.06025846e-03 -2.94707143e+02]
 [-5.25540078e-02 -3.77339691e-04  9.98618012e-01  9.16150306e+02]
 [ 9.92758919e-01 -1.08186823e-01  5.22047832e-02 -2.66096481e+02]]

[[ 9.36316492e-02  9.95475137e-01  1.61976837e-02 -2.91986056e+02]
 [-6.16731604e-02 -1.04386393e-02  9.98041811e-01  9.14999438e+02]
 [ 9.93694891e-01 -9.44472630e-02  6.04167108e-02 -2.65645003e+02]]

[[ 9.44860251e-02  9.95515750e-01  4.55872356e-03 -2.93778596e+02]
 [-7.27660913e-02  2.33924244e-03  9.97346291e-01  9.12289768e+02]
 [ 9.92863277e-01 -9.45670072e-02  7.26608157e-02 -2.66208784e+02]]

[[ 1.05957913e-01  9.94242102e-01  1.59863312e-02 -2.96382254e+02]
 [-6.40254601e-02 -9.22194522e-03  9.97905655e-01  9.17283252e+02]
 [ 9.92307241e-01 -1.06759532e-01  6.26796700e-02 -2.66234118e+02]]

[[ 9.26153752e-02  9.95056616e-01  3.58430346e-02 -2.95122316e+02]
 [-9.76736891e-02 -2.67448928e-02  9.94859066e-01  9.18269361e+02]
 [ 9.90899714e-01 -9.56401671e-02  9.47138623e-02 -2.66332055e+02]]

[[ 1.11464952e-01  9.93566299e-01  2.00393094e-02 -2.95658272e+02]
 [-4.14770375e-03 -1.96996664e-02  9.99797339e-01  9.16563059e+02]
 [ 9.93759710e-01 -1.11525479e-01  1.92519630e-03 -2.68524613e+02]]

[[ 9.47817176e-02  9.95082336e-01  2.87675338e-02 -2.92609416e+02]
 [-6.50257645e-02 -2.26473742e-02  9.97626557e-01  9.18515587e+02]
 [ 9.93372073e-01 -9.64273894e-02  6.25594326e-02 -2.68723331e+02]]

[[ 1.03032478e-01  9.94595840e-01  1.27837448e-02 -2.93501009e+02]
 [-5.51827531e-02 -7.11678609e-03  9.98450908e-01  9.15302530e+02]
 [ 9.93146098e-01 -1.03578314e-01  5.41512766e-02 -2.65649174e+02]]

[[ 9.42584091e-02  9.95312040e-01  2.16632217e-02 -2.92906984e+02]
 [-3.10524571e-02 -1.88101662e-02  9.99340744e-01  9.14540307e+02]
 [ 9.95063363e-01 -9.48689649e-02  2.91338681e-02 -2.68249909e+02]]

[[ 8.98352565e-02  9.95842953e-01  1.50479284e-02 -2.91521064e+02]
 [-7.58784755e-02 -8.22165172e-03  9.97083177e-01  9.17146550e+02]
 [ 9.93061974e-01 -9.07150368e-02  7.48244509e-02 -2.67659220e+02]]

[[ 1.13749804e-01  9.93411830e-01  1.39254407e-02 -2.92381542e+02]
 [-2.35608340e-02 -1.13151895e-02  9.99658368e-01  9.14767556e+02]
 [ 9.93230018e-01 -1.14039038e-01  2.21185106e-02 -2.65412394e+02]]

[[ 8.89990272e-02  9.95970939e-01  1.10027894e-02 -2.89430382e+02]
 [-7.09966036e-02 -4.67511159e-03  9.97465601e-01  9.17523060e+02]
 [ 9.93498191e-01 -8.95546288e-02  7.02944736e-02 -2.69081467e+02]]

[[ 1.09493551e-01  9.93933362e-01  1.03746901e-02 -2.90821249e+02]
 [-1.67329342e-02 -8.59283575e-03  9.99823070e-01  9.14909155e+02]
 [ 9.93846654e-01 -1.09647777e-01  1.56905615e-02 -2.66118480e+02]]

[[ 1.04323187e-01  9.94272524e-01  2.32125293e-02 -2.90896813e+02]
 [-4.98652649e-02 -1.80813093e-02  9.98592270e-01  9.18043624e+02]
 [ 9.93292569e-01 -1.05333827e-01  4.76933630e-02 -2.66737039e+02]]

[[ 1.08626850e-01  9.93724216e-01  2.66906365e-02 -2.91171455e+02]
 [-4.55678342e-02 -2.18437327e-02  9.98722396e-01  9.17423761e+02]
 [ 9.93037653e-01 -1.09704303e-01  4.29090445e-02 -2.65796889e+02]]

[[ 9.20666777e-02  9.95483206e-01  2.31714004e-02 -2.89597494e+02]
 [-8.18780159e-02 -1.56230910e-02  9.96519899e-01  9.20719520e+02]
 [ 9.92380833e-01 -9.36435046e-02  8.00698237e-02 -2.68565419e+02]]

[[ 9.88318303e-02  9.95072441e-01 -7.94394187e-03 -2.91137205e+02]
 [-6.06010630e-02  1.39867977e-02  9.98064066e-01  9.11611217e+02]
 [ 9.93257157e-01 -9.81590871e-02  6.16847886e-02 -2.68376953e+02]]

[[ 9.82959615e-02  9.95151939e-01 -3.24370468e-03 -2.92564064e+02]
 [-6.23144442e-02  9.40812629e-03  9.98012223e-01  9.12292496e+02]
 [ 9.93204316e-01 -9.78984414e-02  6.29371208e-02 -2.65374812e+02]]

[[ 1.03165961e-01  9.94437434e-01 -2.12361567e-02 -2.95252831e+02]
 [-4.11328705e-02  2.55971179e-02  9.98825748e-01  9.10334654e+02]
 [ 9.93813298e-01 -1.02171314e-01  4.35448175e-02 -2.67164514e+02]]

[[ 9.82290657e-02  9.94607467e-01  3.32721578e-02 -2.95469364e+02]
 [-4.81839962e-02 -2.86412257e-02  9.98427755e-01  9.16290229e+02]
 [ 9.93996657e-01 -9.96778112e-02  4.51107616e-02 -2.65959013e+02]]

[[ 1.05311981e-01  9.94379204e-01  1.09263358e-02 -2.95386882e+02]
 [-5.81850443e-02 -4.80713575e-03  9.98294241e-01  9.17272289e+02]
 [ 9.92735558e-01 -1.05768094e-01  5.73517491e-02 -2.66832465e+02]]

[[ 9.65199676e-02  9.95212015e-01  1.53928603e-02 -2.92470139e+02]
 [-7.70651445e-02 -7.94631704e-03  9.96994393e-01  9.15036283e+02]
 [ 9.92343116e-01 -9.74161195e-02  7.59291795e-02 -2.66749363e+02]]

[[ 1.07070604e-01  9.94115174e-01 -1.64592483e-02 -2.89342572e+02]
 [-2.91003307e-02  1.96806960e-02  9.99382730e-01  9.12352773e+02]
 [ 9.93825466e-01 -1.06525543e-01  3.10363043e-02 -2.67401273e+02]]

[[ 1.13794592e-01  9.93493729e-01 -4.58279580e-03 -2.89851047e+02]
 [-2.31369871e-02  7.26155782e-03  9.99705932e-01  9.14124899e+02]
 [ 9.93234852e-01 -1.13655097e-01  2.38127776e-02 -2.68229370e+02]]

[[ 1.17038974e-01  9.92801503e-01 -2.54372625e-02 -2.90831934e+02]
 [-4.39742599e-03  2.61311052e-02  9.99648852e-01  9.06494909e+02]
 [ 9.93117587e-01 -1.16886018e-01  7.42412887e-03 -2.66501479e+02]]

[[ 1.00128929e-01  9.94572285e-01  2.82872244e-02 -2.94201678e+02]
 [-8.07979967e-02 -2.02084123e-02  9.96525616e-01  9.14151051e+02]
 [ 9.91688399e-01 -1.02066594e-01  7.83360015e-02 -2.71243555e+02]]

[[ 9.33030958e-02  9.95244558e-01  2.79785885e-02 -2.93307653e+02]
 [-4.83007738e-02 -2.35435166e-02  9.98555325e-01  9.12545932e+02]
 [ 9.94465468e-01 -9.45196907e-02  4.58743993e-02 -2.74230127e+02]]

[[ 1.02694660e-01  9.94446892e-01  2.30040474e-02 -2.91969014e+02]
 [-4.55764655e-02 -1.83979513e-02  9.98791420e-01  9.16359236e+02]
 [ 9.93668251e-01 -1.03618989e-01  4.34340031e-02 -2.69107562e+02]]

[[ 1.03335120e-01  9.94558928e-01  1.32057647e-02 -2.91577863e+02]
 [-6.84847600e-02 -6.13098920e-03  9.97633324e-01  9.14615505e+02]
 [ 9.92286093e-01 -1.03994952e-01  6.74785830e-02 -2.67864469e+02]]

[[ 1.02575412e-01  9.94724831e-01  8.91454476e-04 -2.91771781e+02]
 [-4.98139727e-02  4.24172487e-03  9.98749506e-01  9.11156961e+02]
 [ 9.93477153e-01 -1.02491549e-01  4.99862922e-02 -2.66193738e+02]]

[[ 1.03813227e-01  9.94585252e-01 -4.79473312e-03 -2.90395912e+02]
 [-1.24852780e-02  6.12356405e-03  9.99903305e-01  9.09349943e+02]
 [ 9.94518442e-01 -1.03743325e-01  1.30533804e-02 -2.70033857e+02]]

[[ 9.30360767e-02  9.95193297e-01  3.05710734e-02 -2.89038074e+02]
 [-1.12821656e-01 -1.99692518e-02  9.93414568e-01  9.20252415e+02]
 [ 9.89250000e-01 -9.58724731e-02  1.10421494e-01 -2.69007148e+02]]

[[ 1.11672778e-01  9.93618486e-01 -1.58586176e-02 -2.92868007e+02]
 [-4.29109960e-02  2.07650906e-02  9.98863082e-01  9.06506240e+02]
 [ 9.92818129e-01 -1.10865306e-01  4.49560542e-02 -2.65410770e+02]]

[[ 1.05690331e-01  9.94227896e-01  1.84511641e-02 -2.91182825e+02]
 [-6.85737242e-02 -1.12237713e-02  9.97582915e-01  9.18281691e+02]
 [ 9.92031854e-01 -1.06700133e-01  6.69916654e-02 -2.68684213e+02]]

[[ 1.08524907e-01  9.93942063e-01 -1.73643561e-02 -2.92080753e+02]
 [-2.52949189e-02  2.02228855e-02  9.99475463e-01  9.08380752e+02]
 [ 9.93771861e-01 -1.08028751e-01  2.73363706e-02 -2.67064966e+02]]

[[ 1.08066415e-01  9.94133101e-01  4.58553003e-03 -2.92177726e+02]
 [-6.00492949e-02  1.92334959e-03  9.98193560e-01  9.12327221e+02]
 [ 9.92328440e-01 -1.08146558e-01  5.99048413e-02 -2.66791553e+02]]

[[ 1.08849531e-01  9.93909822e-01 -1.71768853e-02 -2.91049016e+02]
 [-4.08293158e-02  2.17351236e-02  9.98929703e-01  9.14353417e+02]
 [ 9.93219385e-01 -1.08031710e-01  4.29465160e-02 -2.67457133e+02]]

[[ 1.14308946e-01  9.93442346e-01  2.40227248e-03 -2.91472139e+02]
 [-3.82476997e-02  1.98455829e-03  9.99266318e-01  9.17929358e+02]
 [ 9.92708708e-01 -1.14316961e-01  3.82237372e-02 -2.67501035e+02]]

[[ 9.18322611e-02  9.95336548e-01  2.95295038e-02 -2.91074498e+02]
 [-4.88654916e-02 -2.51145937e-02  9.98489570e-01  9.18222194e+02]
 [ 9.94574783e-01 -9.31365286e-02  4.63312798e-02 -2.69798246e+02]]

[[ 1.11144866e-01  9.93763896e-01 -8.95201059e-03 -2.94546322e+02]
 [-2.36563213e-02  1.16508321e-02  9.99652258e-01  9.08957024e+02]
 [ 9.93522620e-01 -1.10894444e-01  2.48037282e-02 -2.68724759e+02]]

[[ 1.07400755e-01  9.94213974e-01 -1.91098737e-03 -2.92822281e+02]
 [-3.30182656e-02  5.48785613e-03  9.99439682e-01  9.13107840e+02]
 [ 9.93667385e-01 -1.07277478e-01  3.34166210e-02 -2.70774655e+02]]

[[ 1.03545384e-01  9.94573067e-01  1.01374144e-02 -2.92070874e+02]
 [-2.51525822e-02 -7.57056776e-03  9.99654958e-01  9.11037620e+02]
 [ 9.94306643e-01 -1.03764639e-01  2.42321835e-02 -2.69853524e+02]]

[[ 9.24702088e-02  9.94676568e-01  4.54729046e-02 -2.90053383e+02]
 [-4.51661831e-02 -4.14314447e-02  9.98119958e-01  9.19236793e+02]
 [ 9.94690543e-01 -9.43501985e-02  4.10945696e-02 -2.70192420e+02]]

[[ 1.12637383e-01  9.93309599e-01 -2.54727292e-02 -2.90417407e+02]
 [-2.34537728e-02  2.82865466e-02  9.99324668e-01  9.10459518e+02]
 [ 9.93359321e-01 -1.11963884e-01  2.64829803e-02 -2.69376661e+02]]

[[ 1.08352252e-01  9.94033060e-01 -1.25723913e-02 -2.90922833e+02]
 [-5.73368091e-02  1.88746613e-02  9.98176456e-01  9.12468412e+02]
 [ 9.92457697e-01 -1.07433806e-01  5.90397959e-02 -2.68248440e+02]]

[[ 1.12669722e-01  9.93353892e-01 -2.35282620e-02 -2.92160433e+02]
 [-3.05867664e-02  2.71351312e-02  9.99163718e-01  9.05607048e+02]
 [ 9.93161610e-01 -1.11855845e-01  3.34407912e-02 -2.66988647e+02]]

[[ 3.76440797e-02  9.98476530e-01  4.03428039e-02 -2.84054799e+02]
 [-1.60717221e-01 -3.37964533e-02  9.86421702e-01  9.15037595e+02]
 [ 9.86282362e-01 -4.36167205e-02  1.59200137e-01 -2.67587031e+02]]

[[ 9.31861771e-02  9.94749641e-01  4.23023421e-02 -2.80875723e+02]
 [-4.75929696e-02 -3.79882817e-02  9.98144178e-01  9.18792625e+02]
 [ 9.94510556e-01 -9.50265342e-02  4.38031067e-02 -2.67725899e+02]]

[[ 1.02757789e-01  9.94653111e-01 -1.02969172e-02 -2.80806229e+02]
 [-1.71992930e-02  1.21268390e-02  9.99778538e-01  9.13548286e+02]
 [ 9.94557701e-01 -1.02557932e-01  1.83534574e-02 -2.68233766e+02]]

[[ 9.69213356e-02  9.95288754e-01  2.55948515e-03 -2.85998703e+02]
 [-7.01650205e-02  4.26743878e-03  9.97526270e-01  9.09637225e+02]
 [ 9.92815756e-01 -9.68611647e-02  7.02480617e-02 -2.67807669e+02]]

[[ 9.71731383e-02  9.94828508e-01  2.95570782e-02 -2.88072151e+02]
 [-4.62654013e-02 -2.51503792e-02  9.98612523e-01  9.21953359e+02]
 [ 9.94191578e-01 -9.84057829e-02  4.35821989e-02 -2.70458014e+02]]

[[ 8.32967830e-02  9.96431252e-01  1.36530877e-02 -2.87729588e+02]
 [-5.89095999e-02 -8.75311017e-03  9.98224946e-01  9.20628044e+02]
 [ 9.94782039e-01 -8.39532246e-02  5.79702605e-02 -2.71425002e+02]]

[[ 9.22649253e-02  9.95715833e-01  6.09622038e-03 -2.91023977e+02]
 [-5.35126483e-02 -1.15508957e-03  9.98566504e-01  9.13752668e+02]
 [ 9.94295519e-01 -9.24588888e-02  5.31768169e-02 -2.66177878e+02]]

[[ 9.35558667e-02  9.95387655e-01  2.12300842e-02 -2.90925853e+02]
 [-5.76549027e-02 -1.58713406e-02  9.98210405e-01  9.19007826e+02]
 [ 9.93943264e-01 -9.46124580e-02  5.59041214e-02 -2.69681561e+02]]

[[ 9.17845313e-02  9.95179607e-01  3.45419931e-02 -2.90128265e+02]
 [-4.74681164e-02 -3.02763076e-02  9.98413804e-01  9.21688979e+02]
 [ 9.94646861e-01 -9.32785864e-02  4.44604047e-02 -2.68753746e+02]]

[[ 9.43476889e-02  9.95127959e-01  2.86157086e-02 -2.87706661e+02]
 [-5.21525041e-02 -2.37639851e-02  9.98356344e-01  9.22789797e+02]
 [ 9.94172334e-01 -9.56849946e-02  4.96563379e-02 -2.69742466e+02]]

[[ 1.05485355e-01  9.94419204e-01 -1.81288453e-03 -2.89844126e+02]
 [ 2.28914746e-02 -6.05686397e-04  9.99737772e-01  9.13996444e+02]
 [ 9.94157342e-01 -1.05499194e-01 -2.28276130e-02 -2.68330765e+02]]

[[ 1.05131766e-01  9.94271205e-01 -1.92894203e-02 -2.91985657e+02]
 [-3.12515417e-02  2.26905490e-02  9.99253962e-01  9.12866247e+02]
 [ 9.93967129e-01 -1.04450510e-01  3.34580055e-02 -2.67087484e+02]]

[[ 9.45678463e-02  9.95517926e-01  9.90299818e-04 -2.91492412e+02]
 [-2.53481142e-02  1.41347122e-03  9.99677686e-01  9.13938065e+02]
 [ 9.95195657e-01 -9.45624680e-02  2.53681710e-02 -2.68689171e+02]]

[[ 1.04539071e-01  9.94410051e-01 -1.48402547e-02 -2.93309057e+02]
 [-4.25477399e-02  1.93802621e-02  9.98906450e-01  9.10731739e+02]
 [ 9.93610222e-01 -1.03793333e-01  4.43358948e-02 -2.66656799e+02]]

[[ 1.10987298e-01  9.93814893e-01 -3.71178422e-03 -2.95226344e+02]
 [-3.99391144e-02  8.19210143e-03  9.99168533e-01  9.12724773e+02]
 [ 9.93018976e-01 -1.10746771e-01  4.06013060e-02 -2.68658494e+02]]

[[ 1.11974190e-01  9.93711115e-01 -1.68833286e-06 -2.95509745e+02]
 [-3.27988923e-02  3.69757041e-03  9.99455132e-01  9.10737643e+02]
 [ 9.93169680e-01 -1.11913123e-01  3.30066563e-02 -2.68325995e+02]]

[[ 8.94057175e-02  9.95895086e-01  1.41278486e-02 -2.91106978e+02]
 [-5.99891373e-02 -8.77450663e-03  9.98160464e-01  9.16277944e+02]
 [ 9.94187065e-01 -9.00887699e-02  5.89583960e-02 -2.71291516e+02]]

[[ 1.05280823e-01  9.94424584e-01 -5.97453432e-03 -2.91980684e+02]
 [-5.09303617e-02  1.13918974e-02  9.98637233e-01  9.12229342e+02]
 [ 9.93137476e-01 -1.04833065e-01  5.18457521e-02 -2.67290306e+02]]

[[ 1.07946193e-01  9.94155149e-01 -1.77758189e-03 -2.91845981e+02]
 [-5.21863708e-02  7.45198606e-03  9.98609559e-01  9.13365533e+02]
 [ 9.92786081e-01 -1.07703334e-01  5.26857627e-02 -2.67124578e+02]]

[[ 9.67184174e-02  9.95151345e-01  1.78702982e-02 -2.89416957e+02]
 [-4.16204251e-02 -1.38949972e-02  9.99036871e-01  9.20200655e+02]
 [ 9.94441194e-01 -9.73690344e-02  4.00747199e-02 -2.70982289e+02]]

[[ 1.02053972e-01  9.94707364e-01  1.19267002e-02 -2.89043680e+02]
 [-5.31251874e-02 -6.52248878e-03  9.98566558e-01  9.17318394e+02]
 [ 9.93359301e-01 -1.02541292e-01  5.21783692e-02 -2.67340525e+02]]

[[ 1.08464053e-01  9.93738347e-01 -2.68262337e-02 -2.91827592e+02]
 [-3.50944969e-02  3.07963038e-02  9.98909387e-01  9.09008526e+02]
 [ 9.93480712e-01 -1.07404307e-01  3.82150393e-02 -2.67081076e+02]]

[[ 1.06247967e-01  9.94308993e-01 -7.81002342e-03 -2.91478097e+02]
 [-5.07403486e-02  1.32658298e-02  9.98623770e-01  9.13221669e+02]
 [ 9.93044202e-01 -1.05705462e-01  5.18610523e-02 -2.67844896e+02]]

[[ 1.08925140e-01  9.93715722e-01 -2.57755152e-02 -2.91615685e+02]
 [-4.01586666e-02  3.03076220e-02  9.98733563e-01  9.11061495e+02]
 [ 9.93238438e-01 -1.07752082e-01  4.32075604e-02 -2.67697053e+02]]

[[ 1.08815305e-01  9.94040075e-01 -6.59985089e-03 -2.91325028e+02]
 [-4.82028555e-02  1.19078891e-02  9.98766583e-01  9.15450144e+02]
 [ 9.92892599e-01 -1.08362959e-01  4.92113307e-02 -2.68637197e+02]]

[[ 1.06565185e-01  9.94301633e-01  2.85032730e-03 -2.90501471e+02]
 [-2.45880047e-02 -2.30554010e-04  9.99697643e-01  9.19825368e+02]
 [ 9.94001656e-01 -1.06603048e-01  2.44233242e-02 -2.69495530e+02]]

[[ 1.05763489e-01  9.94259634e-01 -1.61822000e-02 -2.91114086e+02]
 [-3.15823554e-02  1.96239184e-02  9.99308489e-01  9.13658899e+02]
 [ 9.93889651e-01 -1.05179280e-01  3.34765552e-02 -2.68970082e+02]]

[[ 1.07176005e-01  9.94192060e-01 -9.76994596e-03 -2.91243569e+02]
 [-4.14011045e-02  1.42807187e-02  9.99040545e-01  9.14422682e+02]
 [ 9.93377699e-01 -1.06668687e-01  4.26911997e-02 -2.67932420e+02]]

[[ 1.03830736e-01  9.94593759e-01 -1.55952188e-03 -2.90779211e+02]
 [-3.83950438e-02  5.57507354e-03  9.99247086e-01  9.16508545e+02]
 [ 9.93853610e-01 -1.03692682e-01  3.87663349e-02 -2.68695368e+02]]

[[ 1.08140037e-01  9.93920854e-01 -2.06656554e-02 -2.91517449e+02]
 [-3.41159946e-02  2.44855823e-02  9.99117889e-01  9.12147545e+02]
 [ 9.93550115e-01 -1.07339616e-01  3.65564703e-02 -2.68260793e+02]]

[[ 1.08075135e-01  9.93983890e-01 -1.77705299e-02 -2.91823787e+02]
 [-4.66135219e-02  2.29222042e-02  9.98649965e-01  9.12674076e+02]
 [ 9.93049316e-01 -1.07100883e-01  4.88104101e-02 -2.67264483e+02]]

[[ 8.60727934e-02  9.95831132e-01  3.01965384e-02 -2.94587643e+02]
 [-7.41242715e-02 -2.38241101e-02  9.96964395e-01  9.24028626e+02]
 [ 9.93527587e-01 -8.80498067e-02  7.17646495e-02 -2.69518941e+02]]

[[ 1.03929833e-01  9.94570229e-01  5.35255285e-03 -2.93730463e+02]
 [-5.66738166e-02  5.49132817e-04  9.98392597e-01  9.15779410e+02]
 [ 9.92968614e-01 -1.04066125e-01  5.64231620e-02 -2.67468925e+02]]

[[ 8.65739224e-02  9.96022489e-01  2.10750433e-02 -2.91751255e+02]
 [-7.35958499e-02 -1.47026051e-02  9.97179765e-01  9.22382585e+02]
 [ 9.93523330e-01 -8.78807993e-02  7.20302594e-02 -2.70476932e+02]]

[[ 8.63502366e-02  9.95419182e-01  4.10400784e-02 -2.89475364e+02]
 [-4.01843373e-02 -3.76804412e-02  9.98481549e-01  9.23191844e+02]
 [ 9.95454095e-01 -8.78682863e-02  3.67465452e-02 -2.73096063e+02]]

[[ 1.05063804e-01  9.94460829e-01  3.04251180e-03 -2.93349872e+02]
 [-6.14148895e-02  3.43475710e-03  9.98106414e-01  9.15746262e+02]
 [ 9.92567282e-01 -1.05051713e-01  6.14355706e-02 -2.69912725e+02]]

[[ 1.02850335e-01  9.94653528e-01  9.28261582e-03 -2.91691922e+02]
 [-8.82189308e-04 -9.24088854e-03  9.99956913e-01  9.13167641e+02]
 [ 9.94696451e-01 -1.02854092e-01 -7.29557740e-05 -2.70891470e+02]]

[[ 1.05714790e-01  9.94363140e-01  8.14421071e-03 -2.95601792e+02]
 [-5.53926377e-02 -2.28876551e-03  9.98462026e-01  9.14472371e+02]
 [ 9.92852476e-01 -1.06003333e-01  5.48384409e-02 -2.69762079e+02]]

[[ 1.02436933e-01  9.94671166e-01 -1.16596264e-02 -2.93182938e+02]
 [-7.38855845e-02  1.92970237e-02  9.97080009e-01  9.14165952e+02]
 [ 9.91991731e-01 -1.01276339e-01  7.54685884e-02 -2.68629468e+02]]

[[ 1.06848235e-01  9.94208310e-01 -1.15451504e-02 -2.93198309e+02]
 [-3.91541231e-02  1.58099686e-02  9.99108102e-01  9.13821584e+02]
 [ 9.93504106e-01 -1.06300897e-01  4.06166218e-02 -2.70477963e+02]]

[[ 1.14002213e-01  9.93123202e-01 -2.66420908e-02 -2.92742688e+02]
 [-2.25619175e-02  2.93980639e-02  9.99313121e-01  9.09872265e+02]
 [ 9.93224272e-01 -1.13322811e-01  2.57582081e-02 -2.68778327e+02]]

[[ 8.90921829e-02  9.95958752e-01  1.13467017e-02 -2.90293155e+02]
 [-6.49666243e-02 -5.55699429e-03  9.97871965e-01  9.14662624e+02]
 [ 9.93902370e-01 -8.96397485e-02  6.42089933e-02 -2.70596899e+02]]

[[ 7.94536420e-02  9.96620373e-01  2.08554752e-02 -2.88746158e+02]
 [-7.04886898e-02 -1.52521303e-02  9.97395968e-01  9.19051248e+02]
 [ 9.94343232e-01 -8.07168173e-02  6.90386270e-02 -2.71978961e+02]]

[[ 9.03556497e-02  9.95883452e-01  7.21159848e-03 -2.90197172e+02]
 [-7.21014126e-02 -6.80860036e-04  9.97397074e-01  9.17416054e+02]
 [ 9.93296151e-01 -9.06404270e-02  7.17430841e-02 -2.70711921e+02]]

[[ 8.86299373e-02  9.96019339e-01  9.49794749e-03 -2.89486338e+02]
 [-5.63624835e-02 -4.50528337e-03  9.98400207e-01  9.18128189e+02]
 [ 9.94468705e-01 -8.90234756e-02  5.57388205e-02 -2.71762036e+02]]

[[ 9.01028968e-02  9.95909602e-01  6.74782652e-03 -2.89614904e+02]
 [-5.56114651e-02 -1.73371147e-03  9.98450980e-01  9.17901592e+02]
 [ 9.94378616e-01 -9.03385821e-02  5.52277796e-02 -2.71547184e+02]]

[[ 9.29984598e-02  9.95404680e-01  2.28212648e-02 -2.89869076e+02]
 [-4.64802278e-02 -1.85553446e-02  9.98746859e-01  9.19166602e+02]
 [ 9.94580753e-01 -9.39426572e-02  4.45410178e-02 -2.71779209e+02]]

[[ 9.70908377e-02  9.95177775e-01  1.39486848e-02 -2.90540369e+02]
 [-4.51926602e-02 -9.59225365e-03  9.98932236e-01  9.17039731e+02]
 [ 9.94248959e-01 -9.76175458e-02  4.40434110e-02 -2.70885440e+02]]

[[ 9.18427835e-02  9.95773035e-01  9.82881381e-04 -2.90429917e+02]
 [-7.15698435e-02  5.61656935e-03  9.97419777e-01  9.16171059e+02]
 [ 9.93198198e-01 -9.16761533e-02  7.17831616e-02 -2.70299058e+02]]

[[ 1.01991785e-01  9.94597605e-01  1.93204310e-02 -2.90313095e+02]
 [-2.13002533e-02 -1.72338308e-02  9.99624577e-01  9.18701170e+02]
 [ 9.94557175e-01 -1.02365025e-01  1.94274718e-02 -2.71940260e+02]]

[[ 9.09735800e-02  9.95779547e-01  1.21202964e-02 -2.89713478e+02]
 [-5.05906687e-02 -7.53381351e-03  9.98691056e-01  9.18132629e+02]
 [ 9.94567440e-01 -9.14676746e-02  4.96917752e-02 -2.71626808e+02]]

[[ 9.25684798e-02  9.95569067e-01  1.65320687e-02 -2.89839021e+02]
 [-4.94353670e-02 -1.19876256e-02  9.98705383e-01  9.18747657e+02]
 [ 9.94478366e-01 -9.32659080e-02  4.81066459e-02 -2.71716203e+02]]

[[ 1.07498740e-01  9.94165442e-01  8.89357465e-03 -2.91215230e+02]
 [-2.32553696e-02 -6.42857055e-03  9.99708888e-01  9.17427260e+02]
 [ 9.93933201e-01 -1.07674270e-01  2.24286216e-02 -2.71226134e+02]]

[[ 9.08052124e-02  9.95809128e-01  1.08900825e-02 -2.90131864e+02]
 [-6.47362700e-02 -5.00970685e-03  9.97889833e-01  9.17517772e+02]
 [ 9.93762360e-01 -9.13185815e-02  6.40100611e-02 -2.70898094e+02]]

[[ 1.05097149e-01  9.94410137e-01  1.01522732e-02 -2.90624305e+02]
 [-2.10313564e-02 -7.98399788e-03  9.99746937e-01  9.18594854e+02]
 [ 9.94239544e-01 -1.05284069e-01  2.00746986e-02 -2.71885844e+02]]

[[ 1.04190814e-01  9.94536821e-01  6.38641399e-03 -2.90661078e+02]
 [-2.79939549e-02 -3.48620511e-03  9.99602013e-01  9.18098088e+02]
 [ 9.94163273e-01 -1.04328128e-01  2.74777883e-02 -2.71621581e+02]]

[[ 8.99226542e-02  9.95920164e-01  7.54613187e-03 -2.89650612e+02]
 [-5.77160757e-02 -2.35314957e-03  9.98330265e-01  9.17969804e+02]
 [ 9.94274998e-01 -9.02080403e-02  5.72690021e-02 -2.71542809e+02]]

[[ 9.61857714e-02  9.95255932e-01  1.46262355e-02 -2.90022722e+02]
 [-2.85840990e-02 -1.19264145e-02  9.99520240e-01  9.17997937e+02]
 [ 9.94952887e-01 -9.65577031e-02  2.73013428e-02 -2.72016201e+02]]

[[ 9.26365430e-02  9.95630526e-01  1.17612191e-02 -2.89928853e+02]
 [-5.45500826e-02 -6.71947065e-03  9.98488426e-01  9.18594335e+02]
 [ 9.94204586e-01 -9.31380915e-02  5.36892589e-02 -2.71499785e+02]]

[[ 1.01772334e-01  9.94805713e-01 -1.99643163e-03 -2.90553475e+02]
 [-3.46216376e-02  5.54754442e-03  9.99385094e-01  9.16910949e+02]
 [ 9.94205077e-01 -1.01640634e-01  3.50063894e-02 -2.71435730e+02]]

[[ 1.03920342e-01  9.94584998e-01 -1.11533463e-03 -2.90761031e+02]
 [-2.81428524e-02  4.06149149e-03  9.99595660e-01  9.16849335e+02]
 [ 9.94187378e-01 -1.03846934e-01  2.84125304e-02 -2.71443680e+02]]

[[ 9.38247426e-02  9.95518591e-01  1.18174963e-02 -2.90253922e+02]
 [-5.55519809e-02 -6.61648953e-03  9.98433873e-01  9.17568884e+02]
 [ 9.94037673e-01 -9.43342865e-02  5.46822393e-02 -2.70996193e+02]]

[[ 1.00557528e-01  9.94865365e-01  1.14493768e-02 -2.90419880e+02]
 [-3.25496210e-02 -8.21197980e-03  9.99436384e-01  9.18208154e+02]
 [ 9.94398665e-01 -1.00873525e-01  3.15567142e-02 -2.71631312e+02]]

[[ 1.00833048e-01  9.94898341e-01  3.16015964e-03 -2.90568259e+02]
 [-3.75931377e-02  6.35949883e-04  9.99292926e-01  9.17694407e+02]
 [ 9.94192865e-01 -1.00880552e-01  3.74654751e-02 -2.71435169e+02]]

[[ 9.24891438e-02  9.95682961e-01  7.82295267e-03 -2.90065792e+02]
 [-5.48536185e-02 -2.74965101e-03  9.98490621e-01  9.17329722e+02]
 [ 9.94201609e-01 -9.27786599e-02  5.43625005e-02 -2.71252638e+02]]

[[ 1.04644496e-01  9.94482722e-01  7.32434448e-03 -2.90638253e+02]
 [-2.54081474e-02 -4.68894679e-03  9.99666164e-01  9.18414353e+02]
 [ 9.94185071e-01 -1.04795660e-01  2.47772911e-02 -2.71733312e+02]]

[[ 1.02004749e-01  9.94679238e-01  1.44306822e-02 -2.90673717e+02]
 [-3.81245342e-02 -1.05868281e-02  9.99216913e-01  9.18790362e+02]
 [ 9.94053093e-01 -1.02475033e-01  3.68417759e-02 -2.71285919e+02]]

[[ 9.34424382e-02  9.95595135e-01  7.67060823e-03 -2.89959072e+02]
 [-5.27118450e-02 -2.74648990e-03  9.98605987e-01  9.17684951e+02]
 [ 9.94228330e-01 -9.37165102e-02  5.22230177e-02 -2.71254714e+02]]

[[ 9.86149409e-02  9.94943823e-01  1.90232258e-02 -2.90215113e+02]
 [-3.81798584e-02 -1.53194751e-02  9.99153448e-01  9.19819225e+02]
 [ 9.94392977e-01 -9.92577623e-02  3.64760852e-02 -2.71947407e+02]]

[[ 9.27656496e-02  9.95549431e-01  1.66091808e-02 -2.89709592e+02]
 [-4.96933962e-02 -1.20311622e-02  9.98692053e-01  9.19459017e+02]
 [ 9.94447133e-01 -9.34696837e-02  4.83561538e-02 -2.72022608e+02]]

[[ 9.11385871e-02  9.95757034e-01  1.27156656e-02 -2.89845726e+02]
 [-5.39501075e-02 -7.81297184e-03  9.98513066e-01  9.18134904e+02]
 [ 9.94375756e-01 -9.16890816e-02  5.30091358e-02 -2.71449834e+02]]

[[ 9.73556172e-02  9.95213808e-01  8.44753780e-03 -2.90176223e+02]
 [-3.98126944e-02 -4.58671479e-03  9.99196633e-01  9.17978843e+02]
 [ 9.94453032e-01 -9.76137242e-02  3.91756008e-02 -2.71657369e+02]]

[[ 9.45042724e-02  9.95444053e-01  1.26522922e-02 -2.90173795e+02]
 [-5.21871861e-02 -7.73801376e-03  9.98607341e-01  9.18081480e+02]
 [ 9.94155642e-01 -9.50329476e-02  5.12181487e-02 -2.71292581e+02]]

[[ 9.83842415e-02  9.95107123e-01  9.07496357e-03 -2.90318906e+02]
 [-3.50777577e-02 -5.64575942e-03  9.99368639e-01  9.17308060e+02]
 [ 9.94530086e-01 -9.86404549e-02  3.43506728e-02 -2.71460860e+02]]

[[ 9.17077677e-02  9.95726310e-01  1.08996167e-02 -2.89987300e+02]
 [-6.13529754e-02 -5.27493036e-03  9.98102193e-01  9.18281287e+02]
 [ 9.93894108e-01 -9.22024480e-02  6.06070197e-02 -2.71276037e+02]]

[[ 1.02050525e-01  9.94778694e-01  1.01999592e-03 -2.90668536e+02]
 [-3.75388456e-02  2.82634317e-03  9.99291172e-01  9.17350511e+02]
 [ 9.94070684e-01 -1.02016478e-01  3.76312736e-02 -2.71327857e+02]]

[[ 9.50300157e-02  9.95288491e-01  1.92384092e-02 -2.89860515e+02]
 [-4.48268304e-02 -1.50278048e-02  9.98881735e-01  9.19824332e+02]
 [ 9.94464605e-01 -9.57861438e-02  4.31875359e-02 -2.71990080e+02]]

[[ 9.93652817e-02  9.95048185e-01 -2.37686274e-03 -2.90477629e+02]
 [-3.95505356e-02  6.33628146e-03  9.99197481e-01  9.16847283e+02]
 [ 9.94264701e-01 -9.91915330e-02  3.99842951e-02 -2.71291836e+02]]

[[ 9.84939131e-02  9.95039415e-01  1.39825653e-02 -2.90097251e+02]
 [-3.87376260e-02 -1.02065515e-02  9.99197289e-01  9.19536838e+02]
 [ 9.94383400e-01 -9.89565023e-02  3.75401815e-02 -2.72087940e+02]]

[[ 9.71503990e-02  9.95232061e-01  8.65702988e-03 -2.90317427e+02]
 [-4.00813234e-02 -4.77884301e-03  9.99184993e-01  9.17278021e+02]
 [ 9.94462311e-01 -9.74182060e-02  3.94259516e-02 -2.71392344e+02]]

[[ 9.89780102e-02  9.95089247e-01 -8.62734045e-04 -2.90441509e+02]
 [-3.87314566e-02  4.71881251e-03  9.99238514e-01  9.16843739e+02]
 [ 9.94335571e-01 -9.88692249e-02  3.90083146e-02 -2.71486966e+02]]

[[ 9.55053305e-02  9.95287676e-01  1.67682344e-02 -2.89855089e+02]
 [-3.52776960e-02 -1.34504540e-02  9.99287031e-01  9.18948447e+02]
 [ 9.94803607e-01 -9.60287828e-02  3.38268660e-02 -2.71929488e+02]]

[[ 9.27002223e-02  9.95657161e-01 -8.57239781e-03 -2.91930625e+02]
 [-7.27666327e-02  1.53608510e-02  9.97230696e-01  9.12523839e+02]
 [ 9.93031563e-01 -9.18197227e-02  7.38745732e-02 -2.69990534e+02]]

[[ 1.01911142e-01  9.94768496e-01 -7.05399180e-03 -2.96896365e+02]
 [-3.38007981e-02  1.05494357e-02  9.99372911e-01  9.12839938e+02]
 [ 9.94219103e-01 -1.01608805e-01  3.46990742e-02 -2.72609611e+02]]

[[ 1.01756269e-01  9.94615261e-01 -1.96505455e-02 -2.96994260e+02]
 [-3.35715345e-02  2.31750941e-02  9.99167587e-01  9.09544579e+02]
 [ 9.94242734e-01 -1.01011866e-01  3.57489716e-02 -2.71561185e+02]]

[[ 1.02780893e-01  9.94684375e-01 -6.25151683e-03 -2.96029973e+02]
 [-4.09659658e-02  1.05123213e-02  9.99105240e-01  9.11830140e+02]
 [ 9.93860090e-01 -1.02432830e-01  4.18286719e-02 -2.72013034e+02]]

[[ 9.06195378e-02  9.95435606e-01  2.99341604e-02 -2.90754568e+02]
 [-3.70136352e-02 -2.66705692e-02  9.98958794e-01  9.18913006e+02]
 [ 9.95197513e-01 -9.16331563e-02  3.44278157e-02 -2.75204363e+02]]

[[ 9.68988465e-02  9.95242109e-01  1.01861494e-02 -2.89011922e+02]
 [-7.08888736e-02 -3.30715247e-03  9.97478737e-01  9.21196631e+02]
 [ 9.92766529e-01 -9.73766236e-02  7.02311328e-02 -2.73771230e+02]]

[[ 1.04567120e-01  9.94473194e-01 -9.42252792e-03 -2.88097071e+02]
 [-3.60750119e-03  9.85369462e-03  9.99944944e-01  9.10932612e+02]
 [ 9.94511289e-01 -1.04527371e-01  4.61793569e-03 -2.72062672e+02]]

[[ 8.41704324e-02  9.95894485e-01  3.33093650e-02 -2.87335278e+02]
 [-5.64539728e-02 -2.86082844e-02  9.97995248e-01  9.20384681e+02]
 [ 9.94850887e-01 -8.58821376e-02  5.38142285e-02 -2.73640262e+02]]

[[ 8.85406036e-02  9.95691339e-01  2.75557445e-02 -2.88185927e+02]
 [-6.09957278e-02 -2.21926592e-02  9.97891280e-01  9.20792438e+02]
 [ 9.94203240e-01 -9.00346790e-02  5.87679665e-02 -2.72860777e+02]]

[[ 1.00155224e-01  9.94962660e-01  4.27034832e-03 -2.90302318e+02]
 [-4.06499123e-02 -1.96507384e-04  9.99173431e-01  9.11966145e+02]
 [ 9.94141094e-01 -1.00246028e-01  4.04254636e-02 -2.70043733e+02]]

[[ 9.51369340e-02  9.95115263e-01  2.63548381e-02 -2.88915141e+02]
 [-3.17106164e-02 -2.34319524e-02  9.99222388e-01  9.21545164e+02]
 [ 9.94958994e-01 -9.58986826e-02  2.93264742e-02 -2.73636229e+02]]

[[ 1.03729170e-01  9.94603509e-01 -2.02959084e-03 -2.91965333e+02]
 [-4.50444466e-02  6.73625991e-03  9.98962272e-01  9.11910976e+02]
 [ 9.93585053e-01 -1.03530106e-01  4.55001113e-02 -2.71087045e+02]]

[[ 9.31143938e-02  9.95249533e-01  2.84267011e-02 -2.91226340e+02]
 [-6.68453371e-02 -2.22374505e-02  9.97515512e-01  9.17222216e+02]
 [ 9.93408985e-01 -9.47832446e-02  6.44571638e-02 -2.71012235e+02]]

[[ 7.89097890e-02  9.95832015e-01  4.57366723e-02 -2.89388877e+02]
 [-5.72268237e-02 -4.12789654e-02  9.97507462e-01  9.20950483e+02]
 [ 9.95237829e-01 -8.13304679e-02  5.37309887e-02 -2.74231411e+02]]

[[ 9.83980267e-02  9.95129585e-01 -5.91083080e-03 -2.90981917e+02]
 [-2.04221071e-02  7.95766304e-03  9.99759778e-01  9.12811686e+02]
 [ 9.94937569e-01 -9.82536776e-02  2.11056613e-02 -2.72809514e+02]]

[[ 1.10196498e-01  9.93827817e-01 -1.27672450e-02 -2.93322790e+02]
 [-4.61304043e-02  1.79457687e-02  9.98774216e-01  9.10349388e+02]
 [ 9.92838717e-01 -1.09472463e-01  4.78232399e-02 -2.70293458e+02]]

[[ 9.56388240e-02  9.95374339e-01  9.11815028e-03 -2.90379776e+02]
 [-1.72203191e-02 -7.50432283e-03  9.99823557e-01  9.17411865e+02]
 [ 9.95267138e-01 -9.57789667e-02  1.64229592e-02 -2.74823978e+02]]

[[ 1.06362660e-01  9.94253975e-01 -1.20837447e-02 -2.92526343e+02]
 [-4.16670033e-02  1.65987747e-02  9.98993664e-01  9.11350522e+02]
 [ 9.93453998e-01 -1.05752130e-01  4.31930735e-02 -2.71534573e+02]]

[[ 8.83221419e-02  9.95792667e-01  2.44164440e-02 -2.88050062e+02]
 [-6.29064198e-02 -1.88871563e-02  9.97840698e-01  9.20046114e+02]
 [ 9.94103607e-01 -8.96673788e-02  6.09735975e-02 -2.73345947e+02]]

[[ 9.97800204e-02  9.94995108e-01  5.35558686e-03 -2.89765167e+02]
 [-3.73150963e-02 -1.63674042e-03  9.99302209e-01  9.15480817e+02]
 [ 9.94309575e-01 -9.99102390e-02  3.69650243e-02 -2.72982165e+02]]

[[ 9.72712461e-02  9.95126030e-01  1.62014873e-02 -2.90883819e+02]
 [-6.79656520e-02 -9.59895724e-03  9.97641484e-01  9.16493445e+02]
 [ 9.92934527e-01 -9.81429750e-02  6.67006870e-02 -2.71302764e+02]]

[[ 1.01951594e-01  9.94789125e-01  6.85673858e-04 -2.92125864e+02]
 [-6.09482192e-02  5.55834344e-03  9.98125453e-01  9.12375595e+02]
 [ 9.92920534e-01 -1.01802272e-01  6.11973076e-02 -2.70701105e+02]]

[[ 1.01711196e-01  9.94788197e-01  7.16067681e-03 -2.91733199e+02]
 [-5.57235178e-02 -1.48960075e-03  9.98445127e-01  9.14963102e+02]
 [ 9.93252094e-01 -1.01952066e-01  5.52815887e-02 -2.71153496e+02]]

[[ 1.03031705e-01  9.94639860e-01 -8.71876535e-03 -2.92344981e+02]
 [-5.52599918e-02  1.44756508e-02  9.98367061e-01  9.10301925e+02]
 [ 9.93141884e-01 -1.02381661e-01  5.64552415e-02 -2.70255404e+02]]

[[ 1.02157139e-01  9.94765880e-01 -2.18232170e-03 -2.92262703e+02]
 [-5.84421851e-02  8.19168096e-03  9.98257185e-01  9.11011059e+02]
 [ 9.93050064e-01 -1.01851558e-01  5.89731304e-02 -2.70180780e+02]]

[[ 1.01097289e-01  9.94872724e-01  2.75695094e-03 -2.92064296e+02]
 [-6.33943685e-02  3.67646224e-03  9.97981782e-01  9.12905168e+02]
 [ 9.92854719e-01 -1.01068028e-01  6.34410085e-02 -2.70620402e+02]]

[[ 1.04001992e-01  9.94502811e-01 -1.21550566e-02 -2.92328470e+02]
 [-4.98024380e-02  1.74134055e-02  9.98607275e-01  9.09649589e+02]
 [ 9.93329403e-01 -1.03251794e-01  5.13396934e-02 -2.70217975e+02]]

[[ 1.03521621e-01  9.94602961e-01 -6.94440087e-03 -2.92274127e+02]
 [-5.26727326e-02  1.24542040e-02  9.98534164e-01  9.10244965e+02]
 [ 9.93231523e-01 -1.03004094e-01  5.36777352e-02 -2.70273628e+02]]

[[ 1.03335029e-01  9.94588803e-01 -1.07231113e-02 -2.92209185e+02]
 [-5.43675941e-02  1.64126944e-02  9.98386092e-01  9.10134415e+02]
 [ 9.93159623e-01 -1.02585266e-01  5.57694066e-02 -2.70175064e+02]]

[[ 1.00484305e-01  9.94896542e-01 -9.15292110e-03 -2.92062609e+02]
 [-6.24704317e-02  1.54902954e-02  9.97926598e-01  9.10709326e+02]
 [ 9.92975503e-01 -9.97041740e-02  6.37081480e-02 -2.70409955e+02]]

[[ 1.00487776e-01  9.94938061e-01 -6.79941720e-04 -2.92136197e+02]
 [-6.61338377e-02  7.36133961e-03  9.97783607e-01  9.11586824e+02]
 [ 9.92737892e-01 -1.00220088e-01  6.65387969e-02 -2.70297403e+02]]

[[ 1.03281974e-01  9.94556459e-01 -1.37943489e-02 -2.92343805e+02]
 [-5.49340104e-02  1.95509983e-02  9.98298559e-01  9.09738573e+02]
 [ 9.93133973e-01 -1.02348467e-01  5.66542405e-02 -2.70213342e+02]]

[[ 1.01401052e-01  9.94841514e-01 -2.86165497e-03 -2.92209907e+02]
 [-5.87176318e-02  8.85631999e-03  9.98235346e-01  9.11036381e+02]
 [ 9.93111306e-01 -1.01054085e-01  5.93127779e-02 -2.70325040e+02]]

[[ 1.04497131e-01  9.94449681e-01 -1.22548788e-02 -2.92370521e+02]
 [-5.34351363e-02  1.79186730e-02  9.98410540e-01  9.10354897e+02]
 [ 9.93088634e-01 -1.03676196e-01  5.50110042e-02 -2.70282957e+02]]

[[ 1.06251726e-01  9.94257170e-01 -1.27769462e-02 -2.92629307e+02]
 [-5.34349406e-02  1.85405226e-02  9.98399197e-01  9.09912561e+02]
 [ 9.92902451e-01 -1.05398902e-01  5.50980354e-02 -2.70024936e+02]]

[[ 1.03482268e-01  9.94629677e-01 -1.79631300e-03 -2.92322703e+02]
 [-6.04472351e-02  8.09164106e-03  9.98138596e-01  9.11341129e+02]
 [ 9.92792804e-01 -1.03181064e-01  6.09599552e-02 -2.70163367e+02]]

[[ 1.03670357e-01  9.94584346e-01 -7.37812055e-03 -2.92376226e+02]
 [-6.14721245e-02  1.38110952e-02  9.98013242e-01  9.10966617e+02]
 [ 9.92710247e-01 -1.03010840e-01  6.25710139e-02 -2.70020486e+02]]

[[ 1.01672223e-01  9.94806032e-01 -4.87014398e-03 -2.92203561e+02]
 [-6.06854359e-02  1.10884845e-02  9.98095348e-01  9.11172285e+02]
 [ 9.92965275e-01 -1.01183026e-01  6.14976286e-02 -2.70308668e+02]]

[[ 1.01943162e-01  9.94784883e-01 -3.26008312e-03 -2.92249247e+02]
 [-6.07571793e-02  9.49722116e-03  9.98107393e-01  9.11226241e+02]
 [ 9.92933108e-01 -1.01552150e-01  6.14085003e-02 -2.70242084e+02]]

[[ 1.01485556e-01  9.94835005e-01 -1.99862937e-03 -2.92116412e+02]
 [-6.10288764e-02  8.23089814e-03  9.98102063e-01  9.11608928e+02]
 [ 9.92963322e-01 -1.01170969e-01  6.15489799e-02 -2.70461329e+02]]

[[ 1.04508065e-01  9.94508644e-01 -5.53364473e-03 -2.92393086e+02]
 [-5.38780707e-02  1.12175511e-02  9.98484512e-01  9.10910562e+02]
 [ 9.93063552e-01 -1.04051542e-01  5.47545316e-02 -2.70249779e+02]]

[[ 1.03123170e-01  9.94668266e-01  8.07335521e-04 -2.92106902e+02]
 [-5.55722108e-02  4.95110251e-03  9.98442395e-01  9.12376015e+02]
 [ 9.93114969e-01 -1.03007411e-01  5.57864880e-02 -2.70519925e+02]]

[[ 1.04803306e-01  9.94483609e-01 -4.31485475e-03 -2.92377530e+02]
 [-5.39103349e-02  1.00135835e-02  9.98495570e-01  9.11233637e+02]
 [ 9.93030686e-01 -1.04413021e-01  5.46624011e-02 -2.70254319e+02]]

[[ 1.00783656e-01  9.94899456e-01  4.21028162e-03 -2.91947187e+02]
 [-6.01478753e-02  1.86880327e-03  9.98187728e-01  9.12895320e+02]
 [ 9.93088560e-01 -1.00854249e-01  6.00294333e-02 -2.70617278e+02]]

[[ 1.00097862e-01  9.94975782e-01  1.90014450e-03 -2.92236299e+02]
 [-7.01118091e-02  5.14846592e-03  9.97525853e-01  9.12248248e+02]
 [ 9.92504283e-01 -9.99834275e-02  7.02749025e-02 -2.70263009e+02]]

[[ 1.01924011e-01  9.94776310e-01 -5.62047052e-03 -2.92172697e+02]
 [-5.52642065e-02  1.13033161e-02  9.98407784e-01  9.10870281e+02]
 [ 9.93255941e-01 -1.01451115e-01  5.61276027e-02 -2.70414936e+02]]

[[ 1.02715979e-01  9.94705327e-01 -3.27728158e-03 -2.92255483e+02]
 [-5.82935000e-02  9.30852582e-03  9.98256089e-01  9.11443752e+02]
 [ 9.93001156e-01 -1.02345807e-01  5.89409893e-02 -2.70366325e+02]]

[[ 9.93538016e-02  9.95051510e-01 -1.14690024e-03 -2.92052294e+02]
 [-6.42382353e-02  7.56424301e-03  9.97905923e-01  9.11471068e+02]
 [ 9.92976471e-01 -9.90720722e-02  6.46718893e-02 -2.70474921e+02]]

[[ 9.83997167e-02  9.95141186e-01  3.39350861e-03 -2.92041883e+02]
 [-7.38737646e-02  3.90391565e-03  9.97259959e-01  9.12136752e+02]
 [ 9.92401211e-01 -9.83807887e-02  7.38989699e-02 -2.70265867e+02]]

[[ 1.02264751e-01  9.94748268e-01  4.21945895e-03 -2.92262707e+02]
 [-6.73399773e-02  2.69077139e-03  9.97726459e-01  9.12459052e+02]
 [ 9.92475314e-01 -1.02316386e-01  6.72614968e-02 -2.70052109e+02]]

[[ 1.01749686e-01  9.94797370e-01 -5.01930980e-03 -2.92095288e+02]
 [-5.61951734e-02  1.07850377e-02  9.98361550e-01  9.11570344e+02]
 [ 9.93221578e-01 -1.01300913e-01  5.70001849e-02 -2.70630307e+02]]

[[ 1.03081488e-01  9.94671533e-01  1.65769821e-03 -2.92063109e+02]
 [-5.40494072e-02  3.93721037e-03  9.98530500e-01  9.12325989e+02]
 [ 9.93203337e-01 -1.03019607e-01  5.41672602e-02 -2.70506702e+02]]

[[ 1.05059818e-01  9.94451859e-01 -5.28542657e-03 -2.92227076e+02]
 [-5.23077213e-02  1.08334254e-02  9.98572250e-01  9.11969611e+02]
 [ 9.93089289e-01 -1.04633350e-01  5.31556683e-02 -2.70547025e+02]]

[[ 1.02486193e-01  9.94721139e-01 -5.14148275e-03 -2.92243478e+02]
 [-6.02532136e-02  1.13669355e-02  9.98118401e-01  9.11513282e+02]
 [ 9.92907916e-01 -1.01983565e-01  6.11000992e-02 -2.70376487e+02]]

[[ 1.01623852e-01  9.94809077e-01 -5.24332021e-03 -2.92148696e+02]
 [-6.03594196e-02  1.14266890e-02  9.98111302e-01  9.11300435e+02]
 [ 9.92990097e-01 -1.01115432e-01  6.12073226e-02 -2.70375021e+02]]

[[ 1.03413703e-01  9.94610953e-01 -7.39306921e-03 -2.92740123e+02]
 [-5.83418092e-02  1.34858211e-02  9.98205573e-01  9.11095477e+02]
 [ 9.92925898e-01 -1.02796809e-01  5.94220211e-02 -2.70268666e+02]]

[[ 9.33883443e-02  9.95601005e-01  7.56679004e-03 -2.93967358e+02]
 [-3.38128855e-02 -4.42412141e-03  9.99418389e-01  9.14176868e+02]
 [ 9.95055429e-01 -9.35898836e-02  3.32509814e-02 -2.72553959e+02]]

[[ 8.67490125e-02  9.95687163e-01  3.28889421e-02 -2.90745649e+02]
 [-3.96815147e-02 -2.95337220e-02  9.98775819e-01  9.22031046e+02]
 [ 9.95439594e-01 -8.79478990e-02  3.69483536e-02 -2.75563471e+02]]

[[ 7.52522866e-02  9.95453346e-01  5.83928929e-02 -2.90997284e+02]
 [-5.65386643e-02 -5.42052909e-02  9.96927864e-01  9.26180711e+02]
 [ 9.95560381e-01 -7.83225575e-02  5.22025304e-02 -2.76675593e+02]]

[[ 1.12184096e-01  9.93394164e-01 -2.41404816e-02 -2.93090154e+02]
 [-2.40241373e-02  2.69981837e-02  9.99346756e-01  9.05043419e+02]
 [ 9.93396985e-01 -1.11530858e-01  2.68942047e-02 -2.69864813e+02]]

[[ 7.93948414e-02  9.95523653e-01  5.12748944e-02 -2.91485941e+02]
 [-6.87428623e-02 -4.58469525e-02  9.96580391e-01  9.21596298e+02]
 [ 9.94470149e-01 -8.26481251e-02  6.47951339e-02 -2.74079228e+02]]

[[ 1.13166388e-01  9.93177266e-01 -2.81476066e-02 -2.93942411e+02]
 [-3.13355472e-02  3.18831275e-02  9.99000275e-01  9.03436822e+02]
 [ 9.93081795e-01 -1.12171232e-01  3.47298514e-02 -2.68853297e+02]]

[[ 1.09491555e-01  9.93607767e-01 -2.74809817e-02 -2.92521004e+02]
 [-2.08933952e-02  2.99417036e-02  9.99333258e-01  9.06475921e+02]
 [ 9.93768115e-01 -1.08844381e-01  2.40382035e-02 -2.70874659e+02]]

[[ 1.08306899e-01  9.93563819e-01 -3.31745995e-02 -2.92251423e+02]
 [ 6.75198269e-03  3.26349301e-02  9.99444532e-01  9.06972047e+02]
 [ 9.94094576e-01 -1.08470733e-01 -3.17393762e-03 -2.72792843e+02]]

[[ 9.29121078e-02  9.95497570e-01  1.87597452e-02 -2.90870060e+02]
 [-7.83205267e-02 -1.14756234e-02  9.96862180e-01  9.18421775e+02]
 [ 9.92589157e-01 -9.40898394e-02  7.69016696e-02 -2.73521349e+02]]

[[ 1.07553017e-01  9.94005907e-01 -1.96113494e-02 -2.92949466e+02]
 [-1.83156808e-02  2.17034386e-02  9.99596667e-01  9.06563450e+02]
 [ 9.94030625e-01 -1.07150442e-01  2.05401652e-02 -2.71214927e+02]]

[[ 1.12615426e-01  9.93055516e-01 -3.40368724e-02 -2.92304123e+02]
 [ 4.57205068e-03  3.37365407e-02  9.99420303e-01  9.06243809e+02]
 [ 9.93628131e-01 -1.12705762e-01 -7.41045229e-04 -2.71935400e+02]]

[[ 9.01337916e-02  9.95740441e-01  1.94132304e-02 -2.89231491e+02]
 [-5.82802767e-02 -1.41856787e-02  9.98199467e-01  9.20753505e+02]
 [ 9.94222967e-01 -9.11029112e-02  5.67534194e-02 -2.75213209e+02]]

[[ 8.54077127e-02  9.95813511e-01  3.25725805e-02 -2.89321420e+02]
 [-6.43295264e-02 -2.71123825e-02  9.97560339e-01  9.18456816e+02]
 [ 9.94267185e-01 -8.72947256e-02  6.17446050e-02 -2.74792212e+02]]

[[ 8.61490413e-02  9.95924632e-01  2.66921439e-02 -2.88328661e+02]
 [-6.96588472e-02 -2.07049065e-02  9.97355981e-01  9.19388110e+02]
 [ 9.93844046e-01 -8.77806056e-02  6.75912539e-02 -2.75629678e+02]]

[[ 8.46076391e-02  9.96167741e-01  2.21670753e-02 -2.88951849e+02]
 [-6.03720133e-02 -1.70809265e-02  9.98029790e-01  9.18796522e+02]
 [ 9.94583716e-01 -8.57792153e-02  5.86954752e-02 -2.76068888e+02]]

[[ 8.36446341e-02  9.96221556e-01  2.33706442e-02 -2.89613917e+02]
 [-8.17845270e-02 -1.65107049e-02  9.96513265e-01  9.17381400e+02]
 [ 9.93133861e-01 -8.52643445e-02  8.00944768e-02 -2.74612207e+02]]

[[ 8.51626630e-02  9.96125394e-01  2.19435608e-02 -2.89954151e+02]
 [-7.77932345e-02 -1.53087181e-02  9.96851973e-01  9.16073438e+02]
 [ 9.93325492e-01 -8.66016291e-02  7.61880852e-02 -2.74091800e+02]]

[[ 8.14338743e-02  9.96206010e-01  3.06938077e-02 -2.89246284e+02]
 [-8.15515730e-02 -2.40327951e-02  9.96379328e-01  9.18364172e+02]
 [ 9.93336733e-01 -8.36421573e-02  7.92850835e-02 -2.74918365e+02]]

[[ 8.68221412e-02  9.95759476e-01  3.04135148e-02 -2.90108536e+02]
 [-8.37055012e-02 -2.31292040e-02  9.96222078e-01  9.17157531e+02]
 [ 9.92701015e-01 -8.90399124e-02  8.13424190e-02 -2.73555131e+02]]

[[ 8.95481038e-02  9.95943525e-01  8.81095244e-03 -2.89177251e+02]
 [-7.42783706e-02 -2.14380132e-03  9.97235242e-01  9.20657488e+02]
 [ 9.93208871e-01 -8.99549881e-02  7.37850889e-02 -2.75673517e+02]]

[[ 8.99543941e-02  9.95912526e-01  8.15152649e-03 -2.91031719e+02]
 [-6.22056404e-02 -2.55046758e-03  9.98060095e-01  9.21895472e+02]
 [ 9.94001341e-01 -9.02869621e-02  6.17219507e-02 -2.75285801e+02]]

[[ 1.16757605e-01  9.92128912e-01 -4.52535400e-02 -2.96633783e+02]
 [-1.24399127e-02  4.70225493e-02  9.98816364e-01  9.02541496e+02]
 [ 9.93082529e-01 -1.16056456e-01  1.78322373e-02 -2.68713888e+02]]

[[ 9.28077946e-02  9.95182483e-01  3.15996588e-02 -2.91823574e+02]
 [-5.27214725e-02 -2.67804140e-02  9.98250097e-01  9.15113586e+02]
 [ 9.94287262e-01 -9.43113705e-02  4.99820548e-02 -2.73156066e+02]]

[[ 8.46751136e-02  9.95689233e-01  3.78559951e-02 -2.90372278e+02]
 [-6.71673177e-02 -3.22022444e-02  9.97221925e-01  9.17573577e+02]
 [ 9.94142181e-01 -8.69825654e-02  6.41510463e-02 -2.73824448e+02]]

[[ 1.23505395e-01  9.91557830e-01 -3.94903417e-02 -2.92845281e+02]
 [ 1.37280913e-02  3.80839872e-02  9.99180239e-01  9.05687178e+02]
 [ 9.92248939e-01 -1.23946277e-01 -8.90861859e-03 -2.71860917e+02]]

[[ 1.13536342e-01  9.93175545e-01 -2.66802389e-02 -2.93284681e+02]
 [-1.83635817e-02  2.89470392e-02  9.99412251e-01  9.03462009e+02]
 [ 9.93364122e-01 -1.12979666e-01  2.15248012e-02 -2.69878379e+02]]

[[ 8.36460546e-02  9.96086272e-01  2.85565378e-02 -2.93650199e+02]
 [-7.81357122e-02 -2.20126997e-02  9.96699680e-01  9.18362063e+02]
 [ 9.93427475e-01 -8.56012813e-02  7.59886348e-02 -2.73142257e+02]]

[[ 9.81406738e-02  9.95165951e-01  3.62468172e-03 -2.90359853e+02]
 [-4.48483179e-02  7.84201526e-04  9.98993500e-01  9.18271411e+02]
 [ 9.94161474e-01 -9.82044561e-02  4.47084810e-02 -2.76634153e+02]]

[[ 9.06363199e-02  9.95832826e-01  1.01014815e-02 -2.89047741e+02]
 [-4.15349902e-02 -6.35446181e-03  9.99116843e-01  9.17415139e+02]
 [ 9.95017539e-01 -9.09758387e-02  4.07859616e-02 -2.77174833e+02]]

[[ 9.47140327e-02  9.95468510e-01  8.46749381e-03 -2.90739551e+02]
 [-7.36070316e-02 -1.47960094e-03  9.97286226e-01  9.16066978e+02]
 [ 9.92779561e-01 -9.50802673e-02  7.31333431e-02 -2.73971188e+02]]

[[ 1.04183495e-01  9.94522516e-01 -8.41218836e-03 -2.91292099e+02]
 [-2.00573560e-02  1.05575012e-02  9.99743088e-01  9.10578600e+02]
 [ 9.94355823e-01 -1.03988003e-01  2.10474095e-02 -2.74666810e+02]]

[[ 9.54862457e-02  9.95418143e-01  5.00964081e-03 -2.90069980e+02]
 [-2.09597326e-02 -3.02099302e-03  9.99775756e-01  9.12997241e+02]
 [ 9.95210061e-01 -9.55698342e-02  2.05752348e-02 -2.76183434e+02]]

[[ 9.68194231e-02  9.95224340e-01  1.24303375e-02 -2.89975985e+02]
 [-2.59934459e-02 -9.95639908e-03  9.99612530e-01  9.14971580e+02]
 [ 9.94962482e-01 -9.71050159e-02  2.49053372e-02 -2.76625777e+02]]

[[ 1.05620548e-01  9.94406426e-01 -3.99529047e-04 -2.89753542e+02]
 [-2.67235173e-03  6.85617836e-04  9.99996194e-01  9.11922678e+02]
 [ 9.94402915e-01 -1.05619079e-01  2.72981907e-03 -2.75334056e+02]]

[[ 1.05799412e-01  9.94370287e-01 -5.84943581e-03 -2.93126465e+02]
 [-5.32046489e-02  1.15347189e-02  9.98517008e-01  9.11231500e+02]
 [ 9.92963116e-01 -1.05331295e-01  5.41254885e-02 -2.73167256e+02]]

[[ 1.01574840e-01  9.94811284e-01 -5.74994027e-03 -2.93876595e+02]
 [-6.42870567e-02  1.23315405e-02  9.97855254e-01  9.14249329e+02]
 [ 9.92748571e-01 -1.00987341e-01  6.52060637e-02 -2.73147402e+02]]

[[ 1.02073495e-01  9.94764826e-01 -4.89305669e-03 -2.91812067e+02]
 [-1.56324902e-02  6.52216225e-03  9.99856533e-01  9.12751456e+02]
 [ 9.94654024e-01 -1.01982360e-01  1.62163913e-02 -2.75944582e+02]]

[[ 1.04511630e-01  9.94507781e-01 -5.62072899e-03 -2.93157285e+02]
 [-2.51363877e-02  8.29134245e-03  9.99649646e-01  9.10298685e+02]
 [ 9.94205955e-01 -1.04333729e-01  2.58648748e-02 -2.75035077e+02]]

[[ 9.14026874e-02  9.95658886e-01  1.75764651e-02 -2.88953944e+02]
 [-5.67911879e-02 -1.24097473e-02  9.98308950e-01  9.19214362e+02]
 [ 9.94193296e-01 -9.22463092e-02  5.54103666e-02 -2.78019197e+02]]

[[ 9.06961753e-02  9.95607454e-01  2.32379280e-02 -2.88575651e+02]
 [-4.17666628e-02 -1.95108488e-02  9.98936871e-01  9.16861585e+02]
 [ 9.95002387e-01 -9.15703243e-02  3.98136414e-02 -2.78488043e+02]]

[[ 1.02630428e-01  9.94715467e-01 -2.85205728e-03 -2.89961965e+02]
 [-2.43217158e-02  5.37572870e-03  9.99689730e-01  9.12864299e+02]
 [ 9.94422169e-01 -1.02529218e-01  2.47449003e-02 -2.77113186e+02]]

[[ 1.04297587e-01  9.94545164e-01 -1.38964181e-03 -2.90856846e+02]
 [-2.77181977e-02  4.30351109e-03  9.99606513e-01  9.12839573e+02]
 [ 9.94159804e-01 -1.04218028e-01  2.80158453e-02 -2.76450074e+02]]

[[ 1.04682252e-01  9.94476306e-01 -7.64876313e-03 -2.91479173e+02]
 [-2.11212976e-02  9.91245939e-03  9.99727780e-01  9.09130837e+02]
 [ 9.94281407e-01 -1.04492204e-01  2.20422886e-02 -2.75726970e+02]]

[[ 1.00828801e-01  9.94875047e-01  7.56265761e-03 -2.90308212e+02]
 [-4.02204644e-02 -3.51914553e-03  9.99184633e-01  9.14929214e+02]
 [ 9.94090472e-01 -1.01050762e-01  3.96595052e-02 -2.76809286e+02]]

[[ 1.06046036e-01  9.94357642e-01 -2.66792352e-03 -2.91330411e+02]
 [-1.77708773e-02  4.57783513e-03  9.99831605e-01  9.10462838e+02]
 [ 9.94202411e-01 -1.05980767e-01  1.81560689e-02 -2.75702550e+02]]

[[ 1.12831571e-01  9.93510387e-01 -1.43578405e-02 -2.94307213e+02]
 [-1.38352450e-02  1.60196373e-02  9.99775954e-01  9.07807371e+02]
 [ 9.93517802e-01 -1.12607648e-01  1.55529805e-02 -2.73736935e+02]]

[[ 8.75812802e-02  9.95766137e-01  2.79162870e-02 -2.90710809e+02]
 [-7.74938201e-02 -2.11285348e-02  9.96768927e-01  9.20589010e+02]
 [ 9.93138574e-01 -8.94616384e-02  7.53152578e-02 -2.77512733e+02]]

[[ 7.67570642e-02  9.95692963e-01  5.19988122e-02 -2.89072978e+02]
 [-5.08926954e-02 -4.81720870e-02  9.97541670e-01  9.25605533e+02]
 [ 9.95750113e-01 -7.92147297e-02  4.69759507e-02 -2.81582454e+02]]

[[ 1.01014780e-01  9.94737521e-01  1.71253794e-02 -2.91968682e+02]
 [-5.66306340e-02 -1.14364277e-02  9.98329695e-01  9.17149295e+02]
 [ 9.93271859e-01 -1.01815876e-01  5.51773683e-02 -2.76190240e+02]]

[[ 1.24222963e-01  9.91501646e-01 -3.86411825e-02 -2.93813526e+02]
 [-1.83445382e-02  4.12310244e-02  9.98981221e-01  9.04313997e+02]
 [ 9.92084741e-01 -1.23387553e-01  2.33104799e-02 -2.74002672e+02]]

[[ 1.16863518e-01  9.92856387e-01 -2.40647588e-02 -2.91519399e+02]
 [-6.96333188e-03  2.50493262e-02  9.99661964e-01  9.09549411e+02]
 [ 9.93123573e-01 -1.16656443e-01  9.84094091e-03 -2.76942096e+02]]

[[ 9.82411698e-02  9.94875862e-01  2.38891408e-02 -2.88658932e+02]
 [-2.70737159e-02 -2.13244658e-02  9.99405964e-01  9.19523069e+02]
 [ 9.94794294e-01 -9.88295788e-02  2.48400459e-02 -2.79978298e+02]]

[[ 1.00079910e-01  9.94953164e-01 -7.22579255e-03 -2.90229512e+02]
 [-1.73188130e-02  9.00311842e-03  9.99809483e-01  9.11352632e+02]
 [ 9.94828664e-01 -9.99357011e-02  1.81324391e-02 -2.78811591e+02]]

[[ 9.35044033e-02  9.95614786e-01  2.85030466e-03 -2.89815694e+02]
 [-2.96169616e-02 -8.00891626e-05  9.99561318e-01  9.12857087e+02]
 [ 9.95178256e-01 -9.35478020e-02  2.94795962e-02 -2.79358950e+02]]

[[ 9.68676795e-02  9.95237738e-01  1.08856622e-02 -2.89269263e+02]
 [-2.92927852e-02 -8.08159781e-03  9.99538204e-01  9.15935622e+02]
 [ 9.94866114e-01 -9.71418177e-02  2.83704396e-02 -2.79353424e+02]]

[[ 1.07988934e-01  9.94125407e-01 -7.28460128e-03 -2.90928253e+02]
 [-1.50739596e-02  8.96396137e-03  9.99846200e-01  9.11299083e+02]
 [ 9.94037809e-01 -1.07862518e-01  1.59534149e-02 -2.77676692e+02]]

[[ 1.03850813e-01  9.94363591e-01 -2.13555129e-02 -2.90473441e+02]
 [-4.62363800e-03  2.19540480e-02  9.99748289e-01  9.09110963e+02]
 [ 9.94582139e-01 -1.03725932e-01  6.87752301e-03 -2.78543034e+02]]

[[ 9.78360530e-02  9.95201493e-01  1.44752927e-03 -2.90872374e+02]
 [-2.23347641e-02  7.41535642e-04  9.99750273e-01  9.13747281e+02]
 [ 9.94951891e-01 -9.78439509e-02  2.23001395e-02 -2.78446421e+02]]

[[ 1.17503548e-01  9.92236999e-01 -4.07265678e-02 -2.99146411e+02]
 [-2.49107709e-02  4.39428094e-02  9.98723427e-01  9.01039705e+02]
 [ 9.92759976e-01 -1.16339016e-01  2.98808246e-02 -2.72197668e+02]]

[[ 1.08914089e-01  9.94023433e-01  7.42539875e-03 -2.94332254e+02]
 [-3.78248295e-02 -3.32023079e-03  9.99278869e-01  9.13549387e+02]
 [ 9.93331266e-01 -1.09116412e-01  3.72371470e-02 -2.77189398e+02]]

[[ 1.05723531e-01  9.94393801e-01  1.87199808e-03 -2.91207193e+02]
 [-2.86921219e-02  1.16875864e-03  9.99587613e-01  9.15658711e+02]
 [ 9.93981538e-01 -1.05733644e-01  2.86548334e-02 -2.79481131e+02]]

[[ 9.71098691e-02  9.95253390e-01  6.35319631e-03 -2.87368161e+02]
 [-3.80696140e-02 -2.66427931e-03  9.99271538e-01  9.18430689e+02]
 [ 9.94545312e-01 -9.72809919e-02  3.76301846e-02 -2.81667112e+02]]

[[ 9.87574189e-02  9.94963347e-01  1.71729281e-02 -2.87086431e+02]
 [-4.46998402e-02 -1.28044043e-02  9.98918401e-01  9.15490516e+02]
 [ 9.94107085e-01 -9.94182301e-02  4.32101727e-02 -2.78422013e+02]]

[[ 9.83058468e-02  9.95049880e-01  1.45497997e-02 -2.87682457e+02]
 [-3.16590698e-02 -1.14861320e-02  9.99432725e-01  9.15897886e+02]
 [ 9.94652534e-01 -9.87107135e-02  3.03731997e-02 -2.79104794e+02]]

[[ 1.11037684e-01  9.93699860e-01 -1.52059577e-02 -2.91820686e+02]
 [-2.08056407e-02  1.76215330e-02  9.99628234e-01  9.06022279e+02]
 [ 9.93598389e-01 -1.10680034e-01  2.26312164e-02 -2.75036637e+02]]

[[ 9.79755924e-02  9.95125819e-01  1.11976600e-02 -2.90975237e+02]
 [-5.45993577e-02 -5.85992228e-03  9.98491147e-01  9.15625217e+02]
 [ 9.93689938e-01 -9.84391468e-02  5.37591012e-02 -2.76927485e+02]]

[[ 1.09622553e-01  9.93692050e-01 -2.36433055e-02 -2.91168153e+02]
 [-1.86158405e-02  2.58349972e-02  9.99492873e-01  9.08693952e+02]
 [ 9.93798947e-01 -1.09126821e-01  2.13305110e-02 -2.76743004e+02]]

[[ 1.11508365e-01  9.93516018e-01 -2.21766995e-02 -2.90631394e+02]
 [-2.46251242e-02  2.50714717e-02  9.99382322e-01  9.09221303e+02]
 [ 9.93458347e-01 -1.10893385e-01  2.72611341e-02 -2.77395873e+02]]

[[ 1.15536566e-01  9.93028113e-01 -2.33766726e-02 -2.90183864e+02]
 [-2.38592778e-02  2.63019213e-02  9.99369273e-01  9.12585258e+02]
 [ 9.93016635e-01 -1.14905943e-01  2.67317672e-02 -2.78797802e+02]]

[[ 1.10114683e-01  9.93644648e-01 -2.33467275e-02 -2.90460757e+02]
 [-2.47674868e-02  2.62254691e-02  9.99349186e-01  9.10263313e+02]
 [ 9.93610250e-01 -1.09464779e-01  2.74978900e-02 -2.77984393e+02]]

[[ 1.07637826e-01  9.94161308e-01 -7.57569817e-03 -2.89853907e+02]
 [-3.58498931e-02  1.14962551e-02  9.99291059e-01  9.13194870e+02]
 [ 9.93543599e-01 -1.07289929e-01  3.68780085e-02 -2.78893427e+02]]

[[ 8.65699935e-02  9.95753792e-01  3.13053074e-02 -2.91473737e+02]
 [-5.62929210e-02 -2.64838465e-02  9.98062980e-01  9.13397121e+02]
 [ 9.94654082e-01 -8.81645729e-02  5.37611831e-02 -2.77107558e+02]]

[[ 9.95318812e-02  9.95001809e-01  8.05010855e-03 -2.91529796e+02]
 [-4.77312127e-02 -3.30663892e-03  9.98854743e-01  9.11670144e+02]
 [ 9.93888895e-01 -9.98021331e-02  4.71635270e-02 -2.74626373e+02]]

[[ 1.01429373e-01  9.94736590e-01  1.45326700e-02 -2.90599164e+02]
 [-4.21772320e-02 -1.02951445e-02  9.99057101e-01  9.08651902e+02]
 [ 9.93948270e-01 -1.01946683e-01  4.09110059e-02 -2.76219925e+02]]

[[ 7.60630613e-02  9.96720017e-01  2.76336351e-02 -2.88661346e+02]
 [-9.78079930e-02 -2.01219427e-02  9.95001861e-01  9.15599702e+02]
 [ 9.92294315e-01 -7.83856780e-02  9.59566479e-02 -2.78210072e+02]]

[[ 9.25056435e-02  9.95588882e-01  1.56679395e-02 -2.88688879e+02]
 [-7.76105273e-02 -8.47810246e-03  9.96947706e-01  9.18057459e+02]
 [ 9.92682886e-01 -9.34392861e-02  7.64839057e-02 -2.79041964e+02]]

[[ 1.05034012e-01  9.94338190e-01 -1.61065112e-02 -2.87942063e+02]
 [-3.72402006e-02  2.01174659e-02  9.99103826e-01  9.15896517e+02]
 [ 9.93771112e-01 -1.04340074e-01  3.91423719e-02 -2.79945345e+02]]

[[ 1.01633857e-01  9.94808255e-01 -5.20529819e-03 -2.89145229e+02]
 [-4.03927181e-02  9.35465683e-03  9.99140090e-01  9.13799189e+02]
 [ 9.94001503e-01 -1.01336205e-01  4.11337593e-02 -2.77974310e+02]]

[[ 9.94631006e-02  9.95036852e-01  2.95874883e-03 -2.86188547e+02]
 [-4.13281719e-02  1.16016724e-03  9.99144953e-01  9.22012461e+02]
 [ 9.94182616e-01 -9.95003346e-02  4.12384479e-02 -2.82810404e+02]]

[[ 1.01509492e-01  9.94819445e-01 -5.48581839e-03 -2.88168396e+02]
 [-3.49103325e-02  9.07298178e-03  9.99349263e-01  9.15586564e+02]
 [ 9.94221852e-01 -1.01251925e-01  3.56504714e-02 -2.79503313e+02]]

[[ 9.05205604e-02  9.95725727e-01  1.83386236e-02 -2.88110406e+02]
 [-5.83480061e-02 -1.30800220e-02  9.98210611e-01  9.17969243e+02]
 [ 9.94183855e-01 -9.14286060e-02  5.69145999e-02 -2.79761351e+02]]

[[ 9.93448251e-02  9.95025901e-01  7.35262356e-03 -2.88563275e+02]
 [-4.88999995e-02 -2.49826923e-03  9.98800555e-01  9.16802529e+02]
 [ 9.93850792e-01 -9.95852098e-02  4.84085759e-02 -2.79529040e+02]]

[[ 8.98815990e-02  9.95887129e-01  1.14071951e-02 -2.88861229e+02]
 [-5.54908485e-02 -6.42821502e-03  9.98438503e-01  9.15128564e+02]
 [ 9.94405382e-01 -9.03742440e-02  5.46848436e-02 -2.78689721e+02]]

[[ 9.20644911e-02  9.95613287e-01  1.66826888e-02 -2.86300825e+02]
 [-4.70991654e-02 -1.23810459e-02  9.98813485e-01  9.21500240e+02]
 [ 9.94638526e-01 -9.27409959e-02  4.57527002e-02 -2.82461515e+02]]

[[ 8.92534603e-02  9.95863333e-01  1.70305970e-02 -2.89042953e+02]
 [-4.63636401e-02 -1.29262145e-02  9.98840991e-01  9.14315122e+02]
 [ 9.94929260e-01 -8.99396153e-02  4.50181398e-02 -2.78498767e+02]]

[[ 9.01024340e-02  9.95704587e-01  2.13055400e-02 -2.88072760e+02]
 [-5.84937094e-02 -1.60648858e-02  9.98158507e-01  9.20524772e+02]
 [ 9.94213276e-01 -9.11827511e-02  5.67949695e-02 -2.81260051e+02]]

[[ 1.11964479e-01  9.93686665e-01 -7.12508756e-03 -2.91591532e+02]
 [-3.18757171e-02  1.07579208e-02  9.99433943e-01  9.10531956e+02]
 [ 9.93200833e-01 -1.11673984e-01  3.28789800e-02 -2.78027036e+02]]

[[ 9.78627180e-02  9.95020687e-01  1.88870722e-02 -2.92548143e+02]
 [-4.25633539e-02 -1.47761017e-02  9.98984498e-01  9.07893977e+02]
 [ 9.94289319e-01 -9.85672354e-02  4.09053881e-02 -2.77489136e+02]]

[[ 8.93068307e-02  9.95543910e-01  3.02756085e-02 -2.88158418e+02]
 [-5.57266573e-02 -2.53550268e-02  9.98124072e-01  9.13109029e+02]
 [ 9.94443980e-01 -9.08264560e-02  5.32139572e-02 -2.81738573e+02]]

[[ 1.30194745e-01  9.91043587e-01 -2.96974235e-02 -2.87620244e+02]
 [ 1.06803970e-02  2.85487875e-02  9.99535340e-01  9.10067119e+02]
 [ 9.91430914e-01 -1.30451429e-01 -6.86783680e-03 -2.83017538e+02]]

[[ 1.14758497e-01  9.93234154e-01 -1.77876994e-02 -2.86935278e+02]
 [-3.27051006e-02  2.16738331e-02  9.99230014e-01  9.11557639e+02]
 [ 9.92854906e-01 -1.14088386e-01  3.49710794e-02 -2.79253197e+02]]

[[ 1.08528766e-01  9.93900054e-01 -1.96007483e-02 -2.88015285e+02]
 [-8.49698216e-03  2.06439574e-02  9.99750783e-01  9.10388188e+02]
 [ 9.94056994e-01 -1.08335171e-01  1.06856143e-02 -2.76427039e+02]]

[[ 9.54817291e-02  9.95345801e-01  1.30375121e-02 -2.89313230e+02]
 [-5.27249835e-02 -8.02202120e-03  9.98576849e-01  9.12044540e+02]
 [ 9.94033860e-01 -9.60332467e-02  5.17136344e-02 -2.75694332e+02]]

[[ 8.65421314e-02  9.96038605e-01  2.04342211e-02 -2.88297111e+02]
 [-7.24739675e-02 -1.41624820e-02  9.97269747e-01  9.15468323e+02]
 [ 9.93608567e-01 -8.77867986e-02  7.09612181e-02 -2.76123016e+02]]

[[ 9.75242770e-02  9.95202748e-01  7.77852750e-03 -2.89723579e+02]
 [-5.85938541e-02 -2.06070919e-03  9.98279777e-01  9.12552195e+02]
 [ 9.93506807e-01 -9.78122874e-02  5.81117954e-02 -2.77131905e+02]]

[[ 9.57868046e-02  9.95349018e-01  1.02576800e-02 -2.89273101e+02]
 [-5.72703293e-02 -4.77720371e-03  9.98347278e-01  9.13077863e+02]
 [ 9.93752986e-01 -9.62159564e-02  5.65463729e-02 -2.77876426e+02]]

[[ 1.01236216e-01  9.94859231e-01  2.51759509e-03 -2.89516950e+02]
 [-5.01283117e-02  2.57360933e-03  9.98739470e-01  9.12951441e+02]
 [ 9.93598702e-01 -1.01234808e-01  5.01311561e-02 -2.77845854e+02]]

[[ 9.50928944e-02  9.95385473e-01  1.28491856e-02 -2.89427489e+02]
 [-6.14493253e-02 -7.01355664e-03  9.98085563e-01  9.13350960e+02]
 [ 9.93569988e-01 -9.57004188e-02  6.04988263e-02 -2.77670212e+02]]

[[ 9.69969825e-02  9.95253062e-01  7.93269817e-03 -2.89753559e+02]
 [-6.00660971e-02 -2.10210574e-03  9.98192188e-01  9.12344387e+02]
 [ 9.93470508e-01 -9.72981165e-02  5.95770692e-02 -2.77244295e+02]]

[[ 9.53249509e-02  9.95362875e-01  1.28802309e-02 -2.90255671e+02]
 [-5.73455766e-02 -7.42665326e-03  9.98326765e-01  9.12047205e+02]
 [ 9.93793056e-01 -9.59040742e-02  5.63717127e-02 -2.77530167e+02]]

[[ 8.81847021e-02  9.95829008e-01  2.34103658e-02 -2.90320833e+02]
 [-6.45025698e-02 -1.77437907e-02  9.97759779e-01  9.14131073e+02]
 [ 9.94013519e-01 -8.94971776e-02  6.26687992e-02 -2.78674813e+02]]

[[ 1.01983329e-01  9.94718887e-01  1.15644756e-02 -2.91751070e+02]
 [-3.06637302e-02 -8.47619631e-03  9.99493817e-01  9.11087386e+02]
 [ 9.94313399e-01 -1.02286316e-01  2.96373608e-02 -2.77242932e+02]]

[[ 8.85088101e-02  9.96064337e-01  4.69320730e-03 -2.91878436e+02]
 [-6.92900821e-02  1.45659294e-03  9.97595491e-01  9.09483551e+02]
 [ 9.93662455e-01 -8.86211826e-02  6.91463011e-02 -2.76362569e+02]]

[[ 1.07966136e-01  9.94153117e-01 -1.70102100e-03 -2.89507973e+02]
 [-1.16625287e-02  2.97746482e-03  9.99927557e-01  9.11245208e+02]
 [ 9.94086163e-01 -1.07938477e-01  1.19158047e-02 -2.77453356e+02]]

[[ 9.52945435e-02  9.95432939e-01  5.67570976e-03 -2.86862734e+02]
 [-4.38015716e-02 -1.50306993e-03  9.99039120e-01  9.16900567e+02]
 [ 9.94484978e-01 -9.54515819e-02  4.34582928e-02 -2.79168502e+02]]

[[ 8.98035909e-02  9.95796534e-01  1.80160263e-02 -2.89445627e+02]
 [-7.96371980e-02 -1.08516499e-02  9.96764846e-01  9.11228457e+02]
 [ 9.92770483e-01 -9.09478084e-02  7.83279287e-02 -2.79091320e+02]]

[[ 9.75291266e-02  9.95146677e-01  1.30828754e-02 -2.89882135e+02]
 [-6.10860336e-02 -7.13507083e-03  9.98107002e-01  9.10680650e+02]
 [ 9.93356213e-01 -9.81436851e-02  6.00936861e-02 -2.75723702e+02]]

[[ 1.12810703e-01  9.93339962e-01 -2.34406801e-02 -2.91525150e+02]
 [-1.87943900e-02  2.57202902e-02  9.99492490e-01  9.13535303e+02]
 [ 9.93438733e-01 -1.12312897e-01  2.15707427e-02 -2.79658116e+02]]

[[ 1.05233945e-01  9.94283944e-01 -1.80348326e-02 -2.95438531e+02]
 [-2.63950597e-02  2.09218468e-02  9.99432628e-01  9.11779104e+02]
 [ 9.94097137e-01 -1.04698207e-01  2.84458726e-02 -2.78293800e+02]]

[[ 6.96761468e-02  9.96279103e-01  5.07265589e-02 -2.88739700e+02]
 [-8.77393889e-02 -4.45327697e-02  9.95147543e-01  9.18436827e+02]
 [ 9.93703695e-01 -7.37887635e-02  8.43100479e-02 -2.78509364e+02]]

[[ 1.15164882e-01  9.92623579e-01 -3.78877358e-02 -2.92110433e+02]
 [-1.14946126e-02  3.94706337e-02  9.99154614e-01  9.07161352e+02]
 [ 9.93279882e-01 -1.14632018e-01  1.59554544e-02 -2.77103170e+02]]

[[ 1.00448050e-01  9.94860320e-01 -1.27723353e-02 -2.88516923e+02]
 [-5.40419499e-02  1.82738651e-02  9.98371441e-01  9.12718702e+02]
 [ 9.93473531e-01 -9.95942221e-02  5.55997657e-02 -2.77644579e+02]]

[[ 1.02219892e-01  9.94758883e-01  2.42029558e-03 -2.87953493e+02]
 [-2.54076768e-02  1.78591791e-04  9.99677157e-01  9.07545568e+02]
 [ 9.94437300e-01 -1.02248385e-01  2.52927678e-02 -2.77811134e+02]]

[[ 1.07742770e-01  9.94156651e-01 -6.63690516e-03 -2.88422337e+02]
 [-2.47857512e-02  9.35975321e-03  9.99648969e-01  9.11354776e+02]
 [ 9.93869791e-01 -1.07540448e-01  2.56493652e-02 -2.78596927e+02]]

[[ 1.09002406e-01  9.94030807e-01 -4.60773902e-03 -2.86490887e+02]
 [-2.96008537e-02  7.87917339e-03  9.99530744e-01  9.14112529e+02]
 [ 9.93600657e-01 -1.08814863e-01  3.02830094e-02 -2.79621956e+02]]

[[ 1.07817462e-01  9.94156660e-01 -5.28496406e-03 -2.91532479e+02]
 [-4.77380623e-02  1.04869230e-02  9.98804837e-01  9.10351057e+02]
 [ 9.93023903e-01 -1.07436308e-01  4.85897860e-02 -2.76387857e+02]]

[[ 9.83791969e-02  9.95137972e-01  4.68509486e-03 -2.91188893e+02]
 [-4.88547580e-02  1.27411009e-04  9.98805885e-01  9.08610702e+02]
 [ 9.93949066e-01 -9.84906100e-02  4.86297594e-02 -2.75762069e+02]]

[[ 1.11720459e-01  9.93386480e-01 -2.64922718e-02 -2.90764307e+02]
 [-2.14088475e-02  2.90589981e-02  9.99348406e-01  9.08543633e+02]
 [ 9.93509034e-01 -1.11080494e-01  2.45137443e-02 -2.77290995e+02]]

[[ 9.17309648e-02  9.95398203e-01  2.77100642e-02 -2.86907146e+02]
 [-3.84874686e-02 -2.42625287e-02  9.98964486e-01  9.12882618e+02]
 [ 9.95039770e-01 -9.27024663e-02  3.60847319e-02 -2.80413977e+02]]

[[ 1.11077520e-01  9.93571242e-01 -2.18625757e-02 -2.88982599e+02]
 [-1.95711677e-02  2.41813671e-02  9.99515998e-01  9.10921340e+02]
 [ 9.93619019e-01 -1.10595882e-01  2.21313556e-02 -2.77880928e+02]]

[[ 1.14263767e-01  9.93130263e-01 -2.52204906e-02 -2.89612779e+02]
 [-2.49569555e-02  2.82483015e-02  9.99289339e-01  9.11256794e+02]
 [ 9.93136920e-01 -1.13553138e-01  2.80132651e-02 -2.77027041e+02]]

[[ 1.13696364e-01  9.93358593e-01 -1.76590874e-02 -2.89417920e+02]
 [-2.21817766e-02  2.03079606e-02  9.99547675e-01  9.12113175e+02]
 [ 9.93267892e-01 -1.13253227e-01  2.43433997e-02 -2.77846038e+02]]

[[ 1.12789947e-01  9.93371676e-01 -2.21616849e-02 -2.89227154e+02]
 [-2.79787793e-02  2.54703673e-02  9.99283968e-01  9.12259504e+02]
 [ 9.93224857e-01 -1.12089129e-01  3.06661282e-02 -2.77319713e+02]]

[[ 1.16214391e-01  9.93015755e-01 -2.03451597e-02 -2.88701657e+02]
 [-2.01425970e-02  2.28360778e-02  9.99536287e-01  9.12970634e+02]
 [ 9.93019884e-01 -1.15750697e-01  2.26557971e-02 -2.77422732e+02]]

[[ 1.14865370e-01  9.92970119e-01 -2.85707776e-02 -2.89243707e+02]
 [-2.45343236e-02  3.15881204e-02  9.99199809e-01  9.11222635e+02]
 [ 9.93078050e-01 -1.14072491e-01  2.79902313e-02 -2.76483600e+02]]

[[ 1.14568567e-01  9.93047591e-01 -2.70282216e-02 -2.87545628e+02]
 [-1.82182176e-02  2.93030894e-02  9.99404535e-01  9.11211962e+02]
 [ 9.93248277e-01 -1.14007939e-01  2.14487700e-02 -2.77630878e+02]]

[[ 1.14344511e-01  9.93279482e-01 -1.79221633e-02 -2.87559872e+02]
 [-2.18888550e-02  2.05550932e-02  9.99549081e-01  9.13605161e+02]
 [ 9.93199985e-01 -1.13900655e-01  2.40921126e-02 -2.78698968e+02]]

[[ 1.11143388e-01  9.93700577e-01 -1.43635445e-02 -2.88024677e+02]
 [-2.59274548e-02  1.73474982e-02  9.99513297e-01  9.13477883e+02]
 [ 9.93466111e-01 -1.10716884e-01  2.76921865e-02 -2.77926312e+02]]

[[ 9.33318390e-02  9.95410899e-01  2.11260619e-02 -2.90233610e+02]
 [-5.95495207e-02 -1.55997177e-02  9.98103453e-01  9.12512528e+02]
 [ 9.93852616e-01 -9.44128777e-02  5.78202915e-02 -2.77104060e+02]]

[[ 9.57441946e-02  9.95307650e-01  1.39903656e-02 -2.90900209e+02]
 [-6.60556763e-02 -7.67094452e-03  9.97786452e-01  9.12295613e+02]
 [ 9.93211809e-01 -9.64564033e-02  6.50112715e-02 -2.75147783e+02]]

[[ 9.08159725e-02  9.95863671e-01  2.82989973e-03 -2.92052551e+02]
 [-6.06557826e-02  2.69498236e-03  9.98155105e-01  9.09810722e+02]
 [ 9.94018780e-01 -9.08200763e-02  6.06496378e-02 -2.76839932e+02]]

[[ 1.07498188e-01  9.94202513e-01 -2.34587441e-03 -2.89476673e+02]
 [-2.93626521e-02  5.53333834e-03  9.99553509e-01  9.15821959e+02]
 [ 9.93771591e-01 -1.07381310e-01  2.97872464e-02 -2.79360191e+02]]

[[ 9.17168412e-02  9.95458108e-01  2.55181631e-02 -2.86117185e+02]
 [-4.47874559e-02 -2.14764448e-02  9.98765661e-01  9.15139680e+02]
 [ 9.94777415e-01 -9.27465251e-02  4.26142845e-02 -2.78373121e+02]]

[[ 1.08554637e-01  9.94051672e-01 -8.78427323e-03 -2.87840355e+02]
 [-1.46712806e-02  1.04375709e-02  9.99837892e-01  9.13240536e+02]
 [ 9.93982215e-01 -1.08408163e-01  1.57170577e-02 -2.77795081e+02]]

[[ 9.83506416e-02  9.95008865e-01  1.68674171e-02 -2.86655662e+02]
 [-3.66370724e-02 -1.33177873e-02  9.99239892e-01  9.19429996e+02]
 [ 9.94477187e-01 -9.88938572e-02  3.51443989e-02 -2.80254799e+02]]

[[ 9.66635452e-02  9.95154339e-01  1.80000273e-02 -2.86277102e+02]
 [-6.36865357e-02 -1.18635374e-02  9.97899435e-01  9.17162476e+02]
 [ 9.93277496e-01 -9.76068565e-02  6.22311607e-02 -2.78718892e+02]]

[[ 9.94982645e-02  9.94997037e-01  8.99952174e-03 -2.82480332e+02]
 [-6.98769677e-02 -2.03504904e-03  9.97553541e-01  9.18690378e+02]
 [ 9.92581133e-01 -9.98837054e-02  6.93248920e-02 -2.78387286e+02]]

[[ 7.47901768e-02  9.96182619e-01  4.50179753e-02 -2.83587604e+02]
 [-6.96279661e-02 -3.98174409e-02  9.96778068e-01  9.27219007e+02]
 [ 9.94765488e-01 -7.76837180e-02  6.63842162e-02 -2.81734250e+02]]

[[ 1.08233246e-01  9.94032388e-01 -1.36079531e-02 -2.89579287e+02]
 [-3.42268142e-02  1.74062703e-02  9.99262502e-01  9.09558335e+02]
 [ 9.93536154e-01 -1.07687667e-01  3.59064990e-02 -2.73421805e+02]]

[[ 1.08558805e-01  9.94012918e-01 -1.23815946e-02 -2.91123767e+02]
 [-1.22503273e-02  1.37919422e-02  9.99829841e-01  9.07678882e+02]
 [ 9.94014545e-01 -1.08388654e-01  1.36742204e-02 -2.74384727e+02]]

[[ 1.05065211e-01  9.94457679e-01 -3.90216381e-03 -2.89464915e+02]
 [-3.10769988e-02  7.20522281e-03  9.99491023e-01  9.14079942e+02]
 [ 9.93979638e-01 -1.04890468e-01  3.16617784e-02 -2.77642533e+02]]

[[ 7.94673015e-02  9.96047504e-01  3.96776684e-02 -2.85653788e+02]
 [-6.03305660e-02 -3.49248769e-02  9.97567279e-01  9.24307492e+02]
 [ 9.95010136e-01 -8.16677559e-02  5.73167240e-02 -2.80326419e+02]]

[[ 7.76984900e-02  9.96023112e-01  4.35993802e-02 -2.85775302e+02]
 [-7.52726558e-02 -3.77460695e-02  9.96448324e-01  9.24690474e+02]
 [ 9.94131265e-01 -8.07043713e-02  7.20404922e-02 -2.79625019e+02]]

[[ 7.78128088e-02  9.95824881e-01  4.77281137e-02 -2.85697261e+02]
 [-6.03631796e-02 -4.30795245e-02  9.97246429e-01  9.25849682e+02]
 [ 9.95138912e-01 -8.04795665e-02  5.67590174e-02 -2.81471478e+02]]

[[ 7.43568634e-02  9.95661156e-01  5.59456746e-02 -2.86966981e+02]
 [-6.11206595e-02 -5.14453289e-02  9.96803713e-01  9.25034922e+02]
 [ 9.95356882e-01 -7.75386341e-02  5.70301533e-02 -2.81092228e+02]]

[[ 9.28895595e-02  9.95545010e-01  1.61759868e-02 -2.89189767e+02]
 [-5.30319239e-02 -1.12763181e-02  9.98529148e-01  9.18838381e+02]
 [ 9.94263116e-01 -9.36107764e-02  5.17482150e-02 -2.79692484e+02]]

[[ 1.11357146e-01  9.93760000e-01  6.37565377e-03 -2.90288141e+02]
 [-9.44136647e-03 -5.35734431e-03  9.99941078e-01  9.15031366e+02]
 [ 9.93735602e-01 -1.11410779e-01  8.78587377e-03 -2.78151260e+02]]

[[ 9.87192194e-02  9.95088923e-01  7.24918901e-03 -2.89800058e+02]
 [-4.67089131e-02 -2.64316482e-03  9.98905046e-01  9.13120714e+02]
 [ 9.94018507e-01 -9.89497282e-02  4.62185909e-02 -2.78189655e+02]]

[[ 1.12795371e-01  9.93601995e-01  5.68154519e-03 -2.88665802e+02]
 [-5.08061983e-03 -5.14121992e-03  9.99973877e-01  9.13580876e+02]
 [ 9.93605249e-01 -1.12821290e-01  4.46820819e-03 -2.77042519e+02]]

[[ 9.95960925e-02  9.94970688e-01  1.06746758e-02 -2.90615044e+02]
 [-4.44301780e-02 -6.27038805e-03  9.98992814e-01  9.10235361e+02]
 [ 9.94035501e-01 -9.99700584e-02  4.35822186e-02 -2.75186587e+02]]

[[ 1.29143674e-01  9.91192193e-01 -2.93248653e-02 -2.90266634e+02]
 [ 1.35096384e-02  2.78111157e-02  9.99521901e-01  9.11551042e+02]
 [ 9.91533863e-01 -1.29478099e-01 -9.79901842e-03 -2.74941350e+02]]

[[ 9.67445154e-02  9.95309089e-01 -5.62216508e-04 -2.88675847e+02]
 [-4.23419647e-02  4.68001251e-03  9.99092216e-01  9.17033453e+02]
 [ 9.94408194e-01 -9.66328869e-02  4.25961079e-02 -2.76568071e+02]]

[[ 1.05951829e-01  9.94290961e-01 -1.26370636e-02 -2.88011235e+02]
 [-3.02158395e-02  1.59220137e-02  9.99416576e-01  9.15962096e+02]
 [ 9.93912075e-01 -1.05508174e-01  3.17303025e-02 -2.74442408e+02]]

[[ 1.18164635e-01  9.92718428e-01 -2.33931911e-02 -2.90054701e+02]
 [-1.02751394e-02  2.47793636e-02  9.99640138e-01  9.12514227e+02]
 [ 9.92940855e-01 -1.17881744e-01  1.31283647e-02 -2.73258505e+02]]

[[ 1.00463808e-01  9.94931736e-01  4.22658836e-03 -2.90989011e+02]
 [-4.66526307e-02  4.67283398e-04  9.98911064e-01  9.11345909e+02]
 [ 9.93846344e-01 -1.00551591e-01  4.64631280e-02 -2.76363874e+02]]

[[ 1.02123773e-01  9.94766161e-01  3.31973751e-03 -2.89918642e+02]
 [-3.67058140e-02  4.33303996e-04  9.99326021e-01  9.14519273e+02]
 [ 9.94094270e-01 -1.02176798e-01  3.65579523e-02 -2.79409550e+02]]

[[ 1.04839032e-01  9.94482779e-01  3.57471466e-03 -2.90813686e+02]
 [-4.78063077e-02  1.44933971e-03  9.98855573e-01  9.08122118e+02]
 [ 9.93339486e-01 -1.04889946e-01  4.76944972e-02 -2.76947398e+02]]

[[ 1.06650031e-01  9.94261654e-01  8.33867875e-03 -2.88155013e+02]
 [-2.99197399e-02 -5.17358052e-03  9.99538915e-01  9.14750373e+02]
 [ 9.93846356e-01 -1.06850347e-01  2.91962876e-02 -2.77875688e+02]]

[[ 1.06046639e-01  9.94056888e-01  2.45970344e-02 -2.90257901e+02]
 [-3.28302837e-02 -2.12228206e-02  9.99235590e-01  9.18135009e+02]
 [ 9.93819039e-01 -1.06773103e-01  3.03845609e-02 -2.80324734e+02]]

[[ 1.07032901e-01  9.94255247e-01 -6.79555431e-04 -2.88767944e+02]
 [-1.91393648e-02  2.74373219e-03  9.99813061e-01  9.13084140e+02]
 [ 9.94071246e-01 -1.06999886e-01  1.93230835e-02 -2.78308316e+02]]

[[ 9.74924226e-02  9.95074994e-01  1.79160235e-02 -2.88768736e+02]
 [-3.30017391e-02 -1.47595835e-02  9.99346306e-01  9.16357982e+02]
 [ 9.94688953e-01 -9.80199523e-02  3.14002578e-02 -2.78400660e+02]]

[[ 9.17892636e-02  9.94311758e-01  5.40264586e-02 -2.87316579e+02]
 [-2.48725949e-02 -5.19492339e-02  9.98339938e-01  9.23281721e+02]
 [ 9.95467772e-01 -9.29806660e-02  1.99627316e-02 -2.80177382e+02]]

[[ 1.05944743e-01  9.94358883e-01 -5.11105665e-03 -2.90049498e+02]
 [-3.92749954e-02  9.32044804e-03  9.99184970e-01  9.14782983e+02]
 [ 9.93596088e-01 -1.05657659e-01  4.00408930e-02 -2.76057782e+02]]

[[ 9.78778159e-02  9.95158071e-01  8.96367446e-03 -2.88833557e+02]
 [-2.08985335e-02 -6.94964718e-03  9.99757447e-01  9.13602136e+02]
 [ 9.94978987e-01 -9.80414030e-02  2.01171280e-02 -2.78922683e+02]]

[[ 9.73424941e-02  9.95238871e-01  4.90187467e-03 -2.88962342e+02]
 [-2.32736826e-02 -2.64761704e-03  9.99725625e-01  9.12909401e+02]
 [ 9.94978781e-01 -9.74298705e-02  2.29051480e-02 -2.78496823e+02]]

[[ 9.91241544e-02  9.94921334e-01  1.74911562e-02 -2.86686381e+02]
 [-2.30017294e-02 -1.52820709e-02  9.99618617e-01  9.17416600e+02]
 [ 9.94809189e-01 -9.94886769e-02  2.13700890e-02 -2.80376871e+02]]

[[ 1.06311507e-01  9.94281222e-01 -1.01348850e-02 -2.88674816e+02]
 [-3.63474268e-02  1.40718072e-02  9.99240136e-01  9.13697387e+02]
 [ 9.93668319e-01 -1.05862348e-01  3.76355589e-02 -2.79419832e+02]]

[[ 1.16738879e-01  9.93144445e-01  6.01207675e-03 -2.89345886e+02]
 [-5.27802095e-02  1.58895070e-04  9.98606141e-01  9.13911575e+02]
 [ 9.91759186e-01 -1.16893481e-01  5.24369211e-02 -2.74307133e+02]]

[[ 8.64010715e-02  9.95420287e-01  4.09060862e-02 -2.84960611e+02]
 [-3.74768155e-02 -3.77831194e-02  9.98582958e-01  9.23516865e+02]
 [ 9.95555294e-01 -8.78116674e-02  3.40406804e-02 -2.77027856e+02]]

[[ 9.38947394e-02  9.95507254e-01  1.22100488e-02 -2.89880702e+02]
 [-7.40190601e-02 -5.24997218e-03  9.97243008e-01  9.14984532e+02]
 [ 9.92826751e-01 -9.45396487e-02  7.31935665e-02 -2.73029058e+02]]

[[ 1.00224242e-01  9.94952970e-01 -4.86719426e-03 -2.90537411e+02]
 [-6.29473132e-02  1.12227229e-02  9.97953750e-01  9.09858079e+02]
 [ 9.92971670e-01 -9.97127813e-02  6.37544050e-02 -2.71755001e+02]]

[[ 9.74767525e-02  9.95225060e-01 -5.03608781e-03 -2.89685897e+02]
 [-3.20064213e-02  8.19233848e-03  9.99454088e-01  9.12141914e+02]
 [ 9.94723013e-01 -9.72623516e-02  3.26521551e-02 -2.76100637e+02]]

[[ 1.00764673e-01  9.94870803e-01  8.86369770e-03 -2.89869081e+02]
 [-3.87237574e-02 -4.98049869e-03  9.99237542e-01  9.15892995e+02]
 [ 9.94156402e-01 -1.01031080e-01  3.80232774e-02 -2.77871618e+02]]

[[ 1.11119694e-01  9.93796011e-01 -4.67988556e-03 -2.91316412e+02]
 [-3.59491038e-02  8.72546845e-03  9.99315530e-01  9.11741834e+02]
 [ 9.93156622e-01 -1.10875398e-01  3.66956473e-02 -2.75818757e+02]]

[[ 9.89134670e-02  9.95056333e-01  8.88937256e-03 -2.86985346e+02]
 [-1.75231461e-02 -7.19004792e-03  9.99820605e-01  9.17728006e+02]
 [ 9.94941740e-01 -9.90514922e-02  1.67253250e-02 -2.79831383e+02]]

[[ 1.05899393e-01  9.94349662e-01 -7.35315737e-03 -2.92584356e+02]
 [-4.38486358e-02  1.20572213e-02  9.98965425e-01  9.10672810e+02]
 [ 9.93409591e-01 -1.05467406e-01  4.48777286e-02 -2.74046206e+02]]

[[ 1.05645523e-01  9.94304326e-01 -1.40687638e-02 -2.92479989e+02]
 [-5.83026708e-02  2.03170587e-02  9.98092188e-01  9.10443409e+02]
 [ 9.92693217e-01 -1.04623724e-01  6.01170041e-02 -2.74437019e+02]]

[[ 9.06234161e-02  9.95558990e-01  2.54891058e-02 -2.91010553e+02]
 [-4.76998428e-02 -2.12258845e-02  9.98636163e-01  9.15990627e+02]
 [ 9.94742239e-01 -9.17156469e-02  4.55644452e-02 -2.79883321e+02]]

[[ 1.07033245e-01  9.94156858e-01 -1.40009448e-02 -2.91311626e+02]
 [-6.51621491e-02  2.10656810e-02  9.97652310e-01  9.10547509e+02]
 [ 9.92117825e-01 -1.05869633e-01  6.70361256e-02 -2.74577913e+02]]

[[ 1.19749509e-01  9.92397650e-01 -2.84070181e-02 -2.91692855e+02]
 [-2.46120101e-02  3.15715417e-02  9.99198422e-01  9.07726433e+02]
 [ 9.92499020e-01 -1.18954366e-01  2.82055776e-02 -2.75340158e+02]]

[[ 1.26778713e-01  9.91312869e-01 -3.50136247e-02 -2.92527204e+02]
 [-2.81603827e-02  3.88811553e-02  9.98846960e-01  9.06321264e+02]
 [ 9.91531215e-01 -1.25646535e-01  3.28450526e-02 -2.72053159e+02]]

[[ 1.07700402e-01  9.94032233e-01 -1.73361976e-02 -2.88583315e+02]
 [-4.37997787e-02  2.21648258e-02  9.98794423e-01  9.14025863e+02]
 [ 9.93218104e-01 -1.06811240e-01  4.59255524e-02 -2.76413394e+02]]

[[ 1.01417999e-01  9.94842645e-01 -1.58172143e-03 -2.88375805e+02]
 [-6.29806583e-02  8.00719882e-03  9.97982626e-01  9.14902159e+02]
 [ 9.92848340e-01 -1.01113783e-01  6.34679187e-02 -2.74226294e+02]]

[[ 1.01116613e-01  9.94604415e-01 -2.31837754e-02 -2.89419195e+02]
 [-4.86479659e-02  2.82184550e-02  9.98417295e-01  9.08080185e+02]
 [ 9.93684460e-01 -9.98287318e-02  5.12388363e-02 -2.74435328e+02]]

[[ 1.07390188e-01  9.93996153e-01  2.09522087e-02 -2.89560675e+02]
 [-3.67708278e-02 -1.70887498e-02  9.99177602e-01  9.18102190e+02]
 [ 9.93536740e-01 -1.08072301e-01  3.47148973e-02 -2.75615811e+02]]

[[ 1.11324630e-01  9.93646524e-01  1.65351704e-02 -2.88485075e+02]
 [-1.91021021e-02 -1.44959811e-02  9.99712447e-01  9.20056477e+02]
 [ 9.93600491e-01 -1.11608475e-01  1.73669777e-02 -2.77036097e+02]]

[[ 9.73414705e-02  9.95168717e-01 -1.28009076e-02 -2.90736785e+02]
 [-5.81728913e-02  1.85291826e-02  9.98134552e-01  9.08325439e+02]
 [ 9.93549472e-01 -9.64152192e-02  5.96954995e-02 -2.73195586e+02]]

[[ 9.79496618e-02  9.94993642e-01  1.98372324e-02 -2.89739084e+02]
 [-4.18199491e-02 -1.58002514e-02  9.99000222e-01  9.15181955e+02]
 [ 9.94312303e-01 -9.86813259e-02  4.00629542e-02 -2.76362847e+02]]

[[ 1.11785205e-01  9.93611173e-01  1.55211000e-02 -2.89665955e+02]
 [-2.96087144e-02 -1.22817737e-02  9.99486109e-01  9.18077852e+02]
 [ 9.93291192e-01 -1.12187320e-01  2.80466289e-02 -2.77312663e+02]]

[[ 1.10836965e-01  9.93838514e-01 -4.18452209e-04 -2.89758703e+02]
 [-3.85819784e-02  4.72354945e-03  9.99244274e-01  9.07950507e+02]
 [ 9.93089421e-01 -1.10737058e-01  3.88678000e-02 -2.73772469e+02]]

[[ 1.05930962e-01  9.94372592e-01  1.33424078e-03 -2.90617704e+02]
 [-4.93714561e-02  3.91941864e-03  9.98772796e-01  9.07111450e+02]
 [ 9.93147064e-01 -1.05866837e-01  4.95088105e-02 -2.77624607e+02]]

[[ 9.89124575e-02  9.94893127e-01 -2.00995265e-02 -2.91797544e+02]
 [-3.14345921e-02  2.33124548e-02  9.99233904e-01  9.02717533e+02]
 [ 9.94599513e-01 -9.82048607e-02  3.35799518e-02 -2.76837633e+02]]

[[ 9.88181509e-02  9.95074891e-01  7.80608077e-03 -2.88862297e+02]
 [-2.61676025e-02 -5.24329008e-03  9.99643819e-01  9.11053103e+02]
 [ 9.94761393e-01 -9.89872201e-02  2.55205920e-02 -2.81404858e+02]]

[[ 9.53484719e-02  9.95443402e-01  1.05011943e-03 -2.90029443e+02]
 [-3.85265392e-02  2.63612224e-03  9.99254100e-01  9.09608565e+02]
 [ 9.94698132e-01 -9.53178089e-02  3.86023394e-02 -2.77595202e+02]]

[[ 1.04793651e-01  9.94164948e-01 -2.55801971e-02 -2.91956581e+02]
 [-4.62068381e-02  3.05614240e-02  9.98464285e-01  9.02459332e+02]
 [ 9.93419961e-01 -1.03450738e-01  4.91398620e-02 -2.75311789e+02]]

[[ 1.20398050e-01  9.92721252e-01  2.97087934e-03 -2.91151412e+02]
 [-2.63480030e-02  2.03884325e-04  9.99652810e-01  9.09172396e+02]
 [ 9.92375983e-01 -1.20434526e-01  2.61807698e-02 -2.75926198e+02]]

[[ 1.03025002e-01  9.94577614e-01 -1.41851453e-02 -2.90900648e+02]
 [-5.74295210e-02  2.01849659e-02  9.98145489e-01  9.07079349e+02]
 [ 9.93019486e-01 -1.02019294e-01  5.91976722e-02 -2.72898430e+02]]

[[ 1.08991696e-01  9.94027980e-01  5.40239165e-03 -2.91725000e+02]
 [-5.01407952e-02  6.97505532e-05  9.98742157e-01  9.08942877e+02]
 [ 9.92777272e-01 -1.09125481e-01  4.98489556e-02 -2.73663216e+02]]

[[ 1.04264609e-01  9.94361324e-01  1.93506885e-02 -2.89074350e+02]
 [ 5.68207363e-05 -1.94626913e-02  9.99810582e-01  9.15655243e+02]
 [ 9.94549591e-01 -1.04243760e-01 -2.08577025e-03 -2.82703817e+02]]

[[ 1.14050926e-01  9.93326471e-01  1.71728823e-02 -2.93621672e+02]
 [-3.70887900e-02 -1.30164660e-02  9.99227198e-01  9.13633450e+02]
 [ 9.92782357e-01 -1.14599708e-01  3.53567369e-02 -2.73379699e+02]]

[[ 1.03812325e-01  9.94584433e-01 -4.98074199e-03 -2.87993828e+02]
 [-1.94043065e-02  7.03217039e-03  9.99786988e-01  9.13165476e+02]
 [ 9.94407600e-01 -1.03693564e-01  2.00292471e-02 -2.77338128e+02]]

[[ 8.58254564e-02  9.96157321e-01  1.74522998e-02 -2.88196192e+02]
 [-2.72704694e-02 -1.51615629e-02  9.99513106e-01  9.20771483e+02]
 [ 9.95936902e-01 -8.62596009e-02  2.58644297e-02 -2.72114274e+02]]

[[ 8.84872797e-02  9.95787950e-01  2.40074973e-02 -2.87335581e+02]
 [-4.07312913e-02 -2.04645391e-02  9.98960542e-01  9.20045183e+02]
 [ 9.95244173e-01 -8.93731573e-02  3.87488776e-02 -2.75984608e+02]]

[[ 1.15488159e-01  9.92889775e-01 -2.88509891e-02 -2.91641285e+02]
 [-4.11349861e-02  3.38010062e-02  9.98581697e-01  9.09723017e+02]
 [ 9.92456749e-01 -1.14137577e-01  4.47461230e-02 -2.73779916e+02]]

[[ 1.18881136e-01  9.92452692e-01 -3.00820645e-02 -2.92677290e+02]
 [-3.60117032e-02  3.45866912e-02  9.98752681e-01  9.05407902e+02]
 [ 9.92255226e-01 -1.17649547e-01  3.98516169e-02 -2.72929230e+02]]

[[ 9.63409241e-02  9.95345655e-01  2.33534398e-03 -2.91055164e+02]
 [-4.97016083e-02  2.46733205e-03  9.98761064e-01  9.08383404e+02]
 [ 9.94106723e-01 -9.63376342e-02  4.97079850e-02 -2.75216437e+02]]

[[ 8.40367032e-02  9.96381566e-01  1.27125025e-02 -2.89271961e+02]
 [-7.33898217e-02 -6.53415366e-03  9.97281925e-01  9.12798254e+02]
 [ 9.93756392e-01 -8.47412535e-02  7.25751568e-02 -2.75290804e+02]]

[[ 1.10754621e-01  9.93622680e-01 -2.11514682e-02 -2.92345661e+02]
 [-4.85208106e-02  2.66629691e-02  9.98466232e-01  9.05984045e+02]
 [ 9.92662654e-01 -1.09558463e-01  5.11644248e-02 -2.72300592e+02]]

[[ 1.17233483e-01  9.92466248e-01 -3.55957385e-02 -2.92331859e+02]
 [-1.62763129e-02  3.77582267e-02  9.99154341e-01  9.03745020e+02]
 [ 9.92970993e-01 -1.16554976e-01  2.05802196e-02 -2.72968444e+02]]

[[ 1.05257775e-01  9.94395124e-01  9.95680147e-03 -2.88745815e+02]
 [-4.12555792e-02 -5.63729200e-03  9.99132723e-01  9.18395964e+02]
 [ 9.93588837e-01 -1.05577261e-01  4.04309780e-02 -2.77820534e+02]]

[[ 1.00082964e-01  9.94865647e-01 -1.50248358e-02 -2.90456136e+02]
 [-3.07510669e-02  1.81862768e-02  9.99361612e-01  9.10729503e+02]
 [ 9.94503782e-01 -9.95570421e-02  3.24133165e-02 -2.78266946e+02]]

[[ 9.28493709e-02  9.95630671e-01  9.92780112e-03 -2.93017128e+02]
 [-6.13026960e-02 -4.23563000e-03  9.98110234e-01  9.09518576e+02]
 [ 9.93791212e-01 -9.32825083e-02  6.06415688e-02 -2.74834986e+02]]

[[ 1.10277103e-01  9.93723234e-01 -1.87908278e-02 -2.93959392e+02]
 [-3.80312051e-02  2.31112460e-02  9.99009258e-01  9.08430873e+02]
 [ 9.93172990e-01 -1.09453209e-01  4.03411334e-02 -2.76527502e+02]]

[[ 1.03117374e-01  9.94396773e-01 -2.32780006e-02 -2.90518928e+02]
 [-4.16808377e-02  2.77020697e-02  9.98746866e-01  9.08472210e+02]
 [ 9.93795510e-01 -1.02017908e-01  4.43038551e-02 -2.77153192e+02]]

[[ 1.03764060e-01  9.94600513e-01  1.68497457e-03 -2.89701557e+02]
 [-3.93987128e-02  2.41756262e-03  9.99220645e-01  9.13639428e+02]
 [ 9.93821292e-01 -1.03749577e-01  3.94368361e-02 -2.77636349e+02]]

[[ 1.07465276e-01  9.94208319e-01  1.01622006e-03 -2.88807395e+02]
 [-2.41451437e-02  1.58803945e-03  9.99707202e-01  9.17335509e+02]
 [ 9.93915603e-01 -1.07458348e-01  2.41759619e-02 -2.79762212e+02]]

[[ 1.08677046e-01  9.94075899e-01  1.55101695e-03 -2.91622351e+02]
 [-3.74649518e-02  2.53668483e-03  9.99294723e-01  9.11747706e+02]
 [ 9.93370866e-01 -1.08658508e-01  3.75186851e-02 -2.76370191e+02]]

[[ 1.10210739e-01  9.93734038e-01 -1.86078987e-02 -2.95085354e+02]
 [-4.78799920e-02  2.40085131e-02  9.98564519e-01  9.11864572e+02]
 [ 9.92754300e-01 -1.09161587e-01  5.02259737e-02 -2.77051723e+02]]

[[ 1.05744815e-01  9.94359310e-01 -8.22175279e-03 -2.91512710e+02]
 [-1.17192289e-02  9.51372774e-03  9.99886068e-01  9.10630504e+02]
 [ 9.94324240e-01 -1.05636414e-01  1.26591517e-02 -2.79796991e+02]]

[[ 8.06835635e-02  9.96222035e-01  3.21219633e-02 -2.89001880e+02]
 [-5.50702850e-02 -2.77223203e-02  9.98097559e-01  9.15404239e+02]
 [ 9.95217276e-01 -8.22990334e-02  5.26254957e-02 -2.80281714e+02]]

[[ 8.66304120e-02  9.95904875e-01  2.58582839e-02 -2.88350084e+02]
 [-5.08433791e-02 -2.15023254e-02  9.98475138e-01  9.16188324e+02]
 [ 9.94942271e-01 -8.78130351e-02  4.87724138e-02 -2.80380722e+02]]

[[ 1.02955918e-01  9.94639558e-01 -9.60355206e-03 -2.87974664e+02]
 [-5.44766172e-02  1.52787596e-02  9.98398146e-01  9.12037953e+02]
 [ 9.93193021e-01 -1.02267828e-01  5.57576372e-02 -2.78831315e+02]]

[[ 1.00422111e-01  9.94649903e-01  2.42274665e-02 -2.85234640e+02]
 [-3.87047476e-02 -2.04267263e-02  9.99041887e-01  9.13644271e+02]
 [ 9.94191804e-01 -1.01263613e-01  3.64463785e-02 -2.78643849e+02]]

[[ 1.05857769e-01  9.93749676e-01 -3.54360585e-02 -2.88597241e+02]
 [-5.04610077e-02  4.09588351e-02  9.97885795e-01  9.05021186e+02]
 [ 9.93100105e-01 -1.03845825e-01  5.44814210e-02 -2.71814202e+02]]

[[ 8.40507960e-02  9.96198441e-01  2.28938775e-02 -2.87881675e+02]
 [-5.74184332e-02 -1.80950771e-02  9.98186201e-01  9.14590804e+02]
 [ 9.94805804e-01 -8.52128753e-02  5.56792480e-02 -2.75226428e+02]]

[[ 9.48235115e-02  9.95476041e-01 -5.99610028e-03 -2.86556984e+02]
 [-4.25027464e-02  1.00661765e-02  9.99045639e-01  9.13610399e+02]
 [ 9.94586355e-01 -9.44781650e-02  4.32649759e-02 -2.75883580e+02]]

[[ 9.17678307e-02  9.95419249e-01  2.68176062e-02 -2.83541403e+02]
 [-3.11052021e-02 -2.40525893e-02  9.99226671e-01  9.19474941e+02]
 [ 9.95294495e-01 -9.25310310e-02  2.87554630e-02 -2.78885534e+02]]

[[ 8.98531593e-02  9.95844193e-01  1.48577903e-02 -2.86600092e+02]
 [-2.47823364e-02 -1.26779485e-02  9.99612478e-01  9.14884928e+02]
 [ 9.95646647e-01 -9.01865499e-02  2.35401921e-02 -2.80143281e+02]]

[[ 9.48141656e-02  9.95244379e-01  2.23360831e-02 -2.86920413e+02]
 [-7.28121614e-02 -1.54439460e-02  9.97226090e-01  9.19065499e+02]
 [ 9.92828617e-01 -9.61774981e-02  7.10015895e-02 -2.77990079e+02]]

[[ 1.04725928e-01  9.94500894e-01  6.72085894e-04 -2.89649338e+02]
 [-6.17430771e-02  5.82735412e-03  9.98075064e-01  9.16091895e+02]
 [ 9.92582628e-01 -1.04565834e-01  6.20138205e-02 -2.77302571e+02]]

[[ 9.63208930e-02  9.95211937e-01  1.65977478e-02 -2.89372460e+02]
 [-6.49558887e-02 -1.03547740e-02  9.97834411e-01  9.17085761e+02]
 [ 9.93228583e-01 -9.71904229e-02  6.36474948e-02 -2.77634077e+02]]

[[ 9.55322324e-02  9.95403842e-01  6.69206865e-03 -2.89482057e+02]
 [-5.72725700e-02 -1.21528839e-03  9.98357840e-01  9.11464335e+02]
 [ 9.93777362e-01 -9.57586251e-02  5.68932370e-02 -2.76640859e+02]]

[[ 1.12783798e-01  9.93579025e-01 -8.97421069e-03 -2.88376817e+02]
 [-3.24883467e-02  1.27145464e-02  9.99391239e-01  9.09493608e+02]
 [ 9.93088275e-01 -1.12423582e-01  3.37137347e-02 -2.75885699e+02]]

[[ 8.92705347e-02  9.95877292e-01  1.60994216e-02 -2.84977237e+02]
 [-3.88483084e-02 -1.26702015e-02  9.99164789e-01  9.17260277e+02]
 [ 9.95249507e-01 -8.98214103e-02  3.75570725e-02 -2.78371252e+02]]

[[ 9.82486707e-02  9.95130265e-01 -7.93442669e-03 -2.87243891e+02]
 [-5.09157233e-02  1.29891208e-02  9.98618482e-01  9.14942815e+02]
 [ 9.93858535e-01 -9.77089512e-02  5.19439410e-02 -2.76676540e+02]]

[[ 1.03254372e-01  9.94291841e-01  2.68750629e-02 -2.89646983e+02]
 [-3.31968536e-02 -2.35595479e-02  9.99171115e-01  9.13833358e+02]
 [ 9.94100852e-01 -1.04060953e-01  3.05747344e-02 -2.75182649e+02]]

[[ 8.45761626e-02  9.96045865e-01  2.71939038e-02 -2.88332906e+02]
 [-7.09138858e-02 -2.12055365e-02  9.97257011e-01  9.13519502e+02]
 [ 9.93890383e-01 -8.62725965e-02  6.88399998e-02 -2.74930269e+02]]

[[ 1.15987804e-01  9.93201661e-01 -9.86354058e-03 -2.85772630e+02]
 [-2.11051072e-02  1.23927713e-02  9.99700452e-01  9.13819077e+02]
 [ 9.93026386e-01 -1.15744889e-01  2.23990379e-02 -2.76411114e+02]]

[[ 1.17112027e-01  9.92958928e-01 -1.78140569e-02 -2.83557079e+02]
 [-2.00071349e-02  2.02927812e-02  9.99593876e-01  9.13689351e+02]
 [ 9.92917161e-01 -1.16708057e-01  2.22427919e-02 -2.76903623e+02]]

[[ 1.03935574e-01  9.94583572e-01  9.56410038e-04 -2.89982200e+02]
 [-4.43268405e-02  3.67155881e-03  9.99010336e-01  9.13753373e+02]
 [ 9.93595757e-01 -1.03875107e-01  4.44683529e-02 -2.74207849e+02]]

[[ 1.24739646e-01  9.91989194e-01 -1.99363740e-02 -2.95673991e+02]
 [-2.36903661e-02  2.30653734e-02  9.99453228e-01  9.09764242e+02]
 [ 9.91906642e-01 -1.24199142e-01  2.63777537e-02 -2.78448756e+02]]

[[ 1.11479422e-01  9.93764406e-01  2.15481255e-03 -2.96660420e+02]
 [-5.53905051e-02  4.04866055e-03  9.98456559e-01  9.10806606e+02]
 [ 9.92221866e-01 -1.11426716e-01  5.54964547e-02 -2.77465920e+02]]

[[ 1.00680416e-01  9.94840196e-01 -1.25075052e-02 -2.93106285e+02]
 [-2.88424798e-02  1.54845717e-02  9.99464026e-01  9.09827581e+02]
 [ 9.94500661e-01 -1.00265707e-01  3.02526513e-02 -2.76373575e+02]]

[[ 8.85185377e-02  9.96072272e-01  2.12051203e-03 -2.93425702e+02]
 [-5.99033636e-02  3.19842759e-03  9.98199057e-01  9.08575932e+02]
 [ 9.94271621e-01 -8.84861467e-02  5.99511996e-02 -2.76024354e+02]]

[[ 9.84764937e-02  9.95115565e-01 -6.88417332e-03 -2.93727082e+02]
 [-4.05536434e-02  1.09250422e-02  9.99117633e-01  9.07322135e+02]
 [ 9.94312719e-01 -9.81104230e-02  4.14314217e-02 -2.76124106e+02]]

[[ 1.17587104e-01  9.92927778e-01 -1.63615773e-02 -2.91673969e+02]
 [-4.02206087e-02  2.12241763e-02  9.98965383e-01  9.11279407e+02]
 [ 9.92247739e-01 -1.16807374e-01  4.24318490e-02 -2.75827883e+02]]

[[ 1.01794600e-01  9.94793609e-01 -4.85120285e-03 -2.90839435e+02]
 [-2.68795144e-02  7.62519811e-03  9.99609598e-01  9.07935888e+02]
 [ 9.94442231e-01 -1.01624461e-01  2.75157732e-02 -2.77129900e+02]]

[[ 9.60191531e-02  9.94810435e-01  3.36529360e-02 -2.87105902e+02]
 [-2.64714631e-02 -3.12450872e-02  9.99161151e-01  9.20247063e+02]
 [ 9.95027429e-01 -9.68294500e-02  2.33339610e-02 -2.82712693e+02]]

[[ 8.02234510e-02  9.95247828e-01  5.51902038e-02 -2.82825897e+02]
 [-5.18691042e-02 -5.11254773e-02  9.97344365e-01  9.23969117e+02]
 [ 9.95426438e-01 -8.28730731e-02  4.75211510e-02 -2.81367597e+02]]

[[ 7.24410545e-02  9.96245639e-01  4.74016895e-02 -2.81884346e+02]
 [-6.66177744e-02 -4.25873151e-02  9.96869296e-01  9.22361547e+02]
 [ 9.95145399e-01 -7.53720580e-02  6.32825972e-02 -2.76341861e+02]]

[[ 8.63170523e-02  9.96178237e-01  1.33524070e-02 -2.86229338e+02]
 [-4.86241233e-02 -9.17402041e-03  9.98775016e-01  9.13524406e+02]
 [ 9.95080429e-01 -8.68605643e-02  4.76464190e-02 -2.74588338e+02]]

[[ 9.52138371e-02  9.95298069e-01  1.77786284e-02 -2.89073366e+02]
 [-3.36285822e-02 -1.46335677e-02  9.99327262e-01  9.21639489e+02]
 [ 9.94888659e-01 -9.57476532e-02  3.20771448e-02 -2.77279285e+02]]

[[ 1.01937695e-01  9.94789892e-01 -1.33342640e-03 -2.93907853e+02]
 [-5.89066470e-02  7.37430329e-03  9.98236258e-01  9.14526672e+02]
 [ 9.93045172e-01 -1.01679355e-01  5.93514564e-02 -2.75561259e+02]]

[[ 1.06773678e-01  9.94213108e-01  1.18185129e-02 -2.93836524e+02]
 [-6.34141392e-02 -5.05285406e-03  9.97974506e-01  9.17737405e+02]
 [ 9.92259053e-01 -1.07306869e-01  6.25076566e-02 -2.75310880e+02]]

[[ 9.12936012e-02  9.95401662e-01  2.90001689e-02 -2.91942979e+02]
 [-7.53065556e-02 -2.21374827e-02  9.96914668e-01  9.19238916e+02]
 [ 9.92972508e-01 -9.31958330e-02  7.29392601e-02 -2.78480078e+02]]

[[ 1.05126793e-01  9.94394392e-01 -1.13203250e-02 -2.92080673e+02]
 [-2.65704442e-02  1.41879863e-02  9.99546253e-01  9.08021994e+02]
 [ 9.94103802e-01 -1.04778306e-01  2.79130382e-02 -2.76560689e+02]]

[[ 9.67697320e-02  9.95189895e-01  1.52542520e-02 -2.90175113e+02]
 [-6.29845435e-02 -9.17244481e-03  9.97972351e-01  9.15397713e+02]
 [ 9.93311918e-01 -9.75342991e-02  6.17939662e-02 -2.76858148e+02]]

[[ 9.33633250e-02  9.95240921e-01  2.79069485e-02 -2.88490317e+02]
 [-5.71949196e-02 -2.26218637e-02  9.98106704e-01  9.18848301e+02]
 [ 9.93987943e-01 -9.47826962e-02  5.48106721e-02 -2.79004337e+02]]

[[ 9.89168631e-02  9.95073676e-01  6.62068427e-03 -2.89592406e+02]
 [-4.56660315e-02 -2.10700180e-03  9.98954541e-01  9.13951605e+02]
 [ 9.94047317e-01 -9.91157899e-02  4.52326478e-02 -2.77363356e+02]]

[[ 9.81617413e-02  9.95008887e-01  1.79328569e-02 -2.89833431e+02]
 [-5.31853326e-02 -1.27488825e-02  9.98503273e-01  9.15250984e+02]
 [ 9.93748254e-01 -9.89685850e-02  5.16684260e-02 -2.77173093e+02]]

[[ 1.08884023e-01  9.94053818e-01  1.13004616e-03 -2.90369667e+02]
 [-4.01483793e-02  3.26178318e-03  9.99188405e-01  9.13413243e+02]
 [ 9.93243363e-01 -1.08841023e-01  4.02648058e-02 -2.76769660e+02]]

[[ 1.02338839e-01  9.94749567e-01 -2.45748513e-04 -2.91138848e+02]
 [-4.37859724e-02  4.75146286e-03  9.99029635e-01  9.09764977e+02]
 [ 9.93785465e-01 -1.02228772e-01  4.40423363e-02 -2.75217488e+02]]

[[ 1.02967378e-01  9.94515504e-01  1.83475346e-02 -2.88879818e+02]
 [-4.04642597e-02 -1.42422582e-02  9.99079477e-01  9.17627564e+02]
 [ 9.93861340e-01 -1.03615013e-01  3.87758457e-02 -2.78685227e+02]]

[[ 1.02090122e-01  9.94731891e-01 -9.27747948e-03 -2.91565773e+02]
 [-4.94203546e-02  1.43863004e-02  9.98674453e-01  9.08385918e+02]
 [ 9.93546796e-01 -1.01496300e-01  5.06287019e-02 -2.74736216e+02]]

[[ 9.72358897e-02  9.95152581e-01  1.47147119e-02 -2.89603301e+02]
 [-4.93107548e-02 -9.94953643e-03  9.98733927e-01  9.14846232e+02]
 [ 9.94039049e-01 -9.78383755e-02  4.81042729e-02 -2.77428637e+02]]

[[ 9.85408595e-02  9.94968455e-01  1.80962271e-02 -2.89423224e+02]
 [-5.63725032e-02 -1.25742908e-02  9.98330621e-01  9.16626262e+02]
 [ 9.93535022e-01 -9.93964870e-02  5.48497810e-02 -2.77721749e+02]]

[[ 1.03302560e-01  9.94648925e-01 -1.44813216e-03 -2.91199870e+02]
 [-5.12968687e-02  6.78157888e-03  9.98660423e-01  9.10836141e+02]
 [ 9.93326337e-01 -1.03089894e-01  5.17229298e-02 -2.75198002e+02]]

[[ 1.04493893e-01  9.94489720e-01  8.43939691e-03 -2.89366768e+02]
 [-4.23239610e-02 -4.03138467e-03  9.99095806e-01  9.15765798e+02]
 [ 9.93624531e-01 -1.04756599e-01  4.16694890e-02 -2.77852378e+02]]

[[ 1.05330048e-01  9.94408971e-01  7.50856972e-03 -2.89882375e+02]
 [-3.78333920e-02 -3.53793471e-03  9.99277798e-01  9.14140263e+02]
 [ 9.93717372e-01 -1.05538053e-01  3.72492136e-02 -2.77266591e+02]]

