[[-9.17153540e-02  9.92411327e-01  8.19026987e-02 -2.38467134e+02]
 [-6.59771632e-02 -8.81247670e-02  9.93922049e-01 -9.74333131e+00]
 [ 9.93597156e-01  8.57542049e-02  7.35588783e-02 -1.92365482e+02]
 [ 0.00000000e+00  0.00000000e+00  0.00000000e+00  1.00000000e+00]]

[[-9.19401680e-02  9.92190160e-01  8.42952687e-02 -2.40561173e+02]
 [-6.84577860e-02 -9.07516283e-02  9.93517827e-01 -9.66527092e+00]
 [ 9.93408545e-01  8.55735285e-02  7.62668616e-02 -1.94716295e+02]
 [ 0.00000000e+00  0.00000000e+00  0.00000000e+00  1.00000000e+00]]

[[-9.07135657e-02  9.92689057e-01  7.96208800e-02 -2.36421589e+02]
 [-6.48796705e-02 -8.56715807e-02  9.94208735e-01 -1.01914655e+01]
 [ 9.93761378e-01  8.50224429e-02  7.21769135e-02 -1.91143655e+02]
 [ 0.00000000e+00  0.00000000e+00  0.00000000e+00  1.00000000e+00]]

[[-9.15220041e-02  9.92569581e-01  8.01832276e-02 -2.36892308e+02]
 [-6.35956242e-02 -8.61827481e-02  9.94247520e-01 -9.97344194e+00]
 [ 9.93770255e-01  8.58962232e-02  7.10106999e-02 -1.90128273e+02]
 [ 0.00000000e+00  0.00000000e+00  0.00000000e+00  1.00000000e+00]]

[[-9.24937752e-02  9.92556037e-01  7.92301423e-02 -2.36007200e+02]
 [-7.25333744e-02 -8.60762450e-02  9.93644700e-01 -9.08969339e+00]
 [ 9.93067878e-01  8.61591199e-02  7.99549555e-02 -1.97999697e+02]
 [ 0.00000000e+00  0.00000000e+00  0.00000000e+00  1.00000000e+00]]

[[-9.23200099e-02  9.92622028e-01  7.86035997e-02 -2.35409296e+02]
 [-6.70938392e-02 -8.49625717e-02  9.94122617e-01 -9.80821331e+00]
 [ 9.93466372e-01  8.65035926e-02  7.44425682e-02 -1.92921850e+02]
 [ 0.00000000e+00  0.00000000e+00  0.00000000e+00  1.00000000e+00]]

[[-9.14385944e-02  9.92500877e-01  8.11233219e-02 -2.37778916e+02]
 [-6.81503366e-02 -8.75105886e-02  9.93829678e-01 -9.97699630e+00]
 [ 9.93475976e-01  8.53458071e-02  7.56411141e-02 -1.94251543e+02]
 [ 0.00000000e+00  0.00000000e+00  0.00000000e+00  1.00000000e+00]]

[[-9.17695757e-02  9.92149750e-01  8.49542103e-02 -2.41112951e+02]
 [-6.49229874e-02 -9.10940820e-02  9.93723741e-01 -1.02594238e+01]
 [ 9.93661588e-01  8.56781250e-02  7.27729910e-02 -1.91690055e+02]
 [ 0.00000000e+00  0.00000000e+00  0.00000000e+00  1.00000000e+00]]

[[-9.14929905e-02  9.92519258e-01  8.08365935e-02 -2.37430068e+02]
 [-6.17764209e-02 -8.66778992e-02  9.94319172e-01 -1.04852933e+01]
 [ 9.93887673e-01  8.59794391e-02  6.92447077e-02 -1.88551019e+02]
 [ 0.00000000e+00  0.00000000e+00  0.00000000e+00  1.00000000e+00]]

[[-9.20307041e-02  9.92565870e-01  7.96451030e-02 -2.36373917e+02]
 [-6.42813189e-02 -8.57397400e-02  9.94241726e-01 -1.02225883e+01]
 [ 9.93679154e-01  8.63810738e-02  7.16941319e-02 -1.90561295e+02]
 [ 0.00000000e+00  0.00000000e+00  0.00000000e+00  1.00000000e+00]]

[[-9.05577280e-02  9.92178410e-01  8.59144933e-02 -2.42053032e+02]
 [-6.52900444e-02 -9.19981394e-02  9.93616401e-01 -9.56274898e+00]
 [ 9.93748715e-01  8.43702827e-02  7.31105150e-02 -1.92245255e+02]
 [ 0.00000000e+00  0.00000000e+00  0.00000000e+00  1.00000000e+00]]

[[-9.16917530e-02  9.92146389e-01  8.50774024e-02 -2.41234919e+02]
 [-6.87746252e-02 -9.15428862e-02  9.93423349e-01 -9.92665780e+00]
 [ 9.93409620e-01  8.52375619e-02  7.66282238e-02 -1.94984410e+02]
 [ 0.00000000e+00  0.00000000e+00  0.00000000e+00  1.00000000e+00]]

[[-9.07558264e-02  9.92125966e-01  8.63101843e-02 -2.42371927e+02]
 [-6.19327409e-02 -9.21229022e-02  9.93819756e-01 -1.05593993e+01]
 [ 9.93945529e-01  8.48495069e-02  6.98057705e-02 -1.89076868e+02]
 [ 0.00000000e+00  0.00000000e+00  0.00000000e+00  1.00000000e+00]]

[[-9.17621652e-02  9.92509971e-01  8.06452836e-02 -2.37270071e+02]
 [-6.26005827e-02 -8.65765325e-02  9.94276456e-01 -9.86702240e+00]
 [ 9.93811286e-01  8.61885187e-02  7.00761526e-02 -1.89260458e+02]
 [ 0.00000000e+00  0.00000000e+00  0.00000000e+00  1.00000000e+00]]

[[-9.13585965e-02  9.93229954e-01  7.17486300e-02 -2.29334266e+02]
 [-6.48019955e-02 -7.78268541e-02  9.94858624e-01 -1.00739917e+01]
 [ 9.93707355e-01  8.62394332e-02  7.14734352e-02 -1.90369026e+02]
 [ 0.00000000e+00  0.00000000e+00  0.00000000e+00  1.00000000e+00]]

[[-9.05661180e-02  9.92656354e-01  8.01943953e-02 -2.36922158e+02]
 [-6.71862438e-02 -8.64319259e-02  9.93989704e-01 -9.79964322e+00]
 [ 9.93621551e-01  8.46338286e-02  7.45206558e-02 -1.93220791e+02]
 [ 0.00000000e+00  0.00000000e+00  0.00000000e+00  1.00000000e+00]]

[[-9.15994664e-02  9.92111424e-01  8.55830614e-02 -2.41678516e+02]
 [-6.02691881e-02 -9.13102408e-02  9.93997015e-01 -1.03821848e+01]
 [ 9.93970403e-01  8.58915745e-02  6.81577194e-02 -1.87581566e+02]
 [ 0.00000000e+00  0.00000000e+00  0.00000000e+00  1.00000000e+00]]

[[-9.17168437e-02  9.92568213e-01  7.99772684e-02 -2.36672113e+02]
 [-6.09798648e-02 -8.57634614e-02  9.94447628e-01 -1.02230953e+01]
 [ 9.93916232e-01  8.63305947e-02  6.83926294e-02 -1.87691951e+02]
 [ 0.00000000e+00  0.00000000e+00  0.00000000e+00  1.00000000e+00]]

[[-9.26043268e-02  9.92170946e-01  8.37929152e-02 -2.40086034e+02]
 [-6.18786350e-02 -8.97264091e-02  9.94042356e-01 -9.86618658e+00]
 [ 9.93778382e-01  8.68676320e-02  6.97032375e-02 -1.88783176e+02]
 [ 0.00000000e+00  0.00000000e+00  0.00000000e+00  1.00000000e+00]]

[[-9.26238414e-02  9.92446356e-01  8.04428669e-02 -2.37068798e+02]
 [-6.62072581e-02 -8.67500859e-02  9.94027676e-01 -9.24643575e+00]
 [ 9.93497571e-01  8.67447602e-02  7.37422782e-02 -1.92324796e+02]
 [ 0.00000000e+00  0.00000000e+00  0.00000000e+00  1.00000000e+00]]

[[-9.14529278e-02  9.92964430e-01  7.52196945e-02 -2.32523193e+02]
 [-6.76194758e-02 -8.15541693e-02  9.94372427e-01 -9.11789955e+00]
 [ 9.93510930e-01  8.58519535e-02  7.46021018e-02 -1.93206391e+02]
 [ 0.00000000e+00  0.00000000e+00  0.00000000e+00  1.00000000e+00]]

[[-9.18120887e-02  9.93281942e-01  7.04380820e-02 -2.28236593e+02]
 [-6.73145209e-02 -7.67659928e-02  9.94774214e-01 -9.30773102e+00]
 [ 9.93498513e-01  8.65907927e-02  7.39103442e-02 -1.92452408e+02]
 [ 0.00000000e+00  0.00000000e+00  0.00000000e+00  1.00000000e+00]]

[[-9.25701910e-02  9.92153626e-01  8.40353585e-02 -2.40270293e+02]
 [-5.96530380e-02 -8.97722701e-02  9.94174258e-01 -1.02188627e+01]
 [ 9.93917640e-01  8.70179365e-02  6.74952142e-02 -1.86818155e+02]
 [ 0.00000000e+00  0.00000000e+00  0.00000000e+00  1.00000000e+00]]

[[-9.14322706e-02  9.92517703e-01  8.09243376e-02 -2.37581076e+02]
 [-5.78513070e-02 -8.64216391e-02  9.94577562e-01 -1.01629640e+01]
 [ 9.94129451e-01  8.62549061e-02  6.53201730e-02 -1.85176015e+02]
 [ 0.00000000e+00  0.00000000e+00  0.00000000e+00  1.00000000e+00]]

[[-9.13348527e-02  9.92443027e-01  8.19437829e-02 -2.38438030e+02]
 [-6.62146828e-02 -8.81581128e-02  9.93903297e-01 -9.82260489e+00]
 [ 9.93616405e-01  8.53521296e-02  7.37662085e-02 -1.92621742e+02]
 [ 0.00000000e+00  0.00000000e+00  0.00000000e+00  1.00000000e+00]]

[[-9.11161538e-02  9.91323314e-01  9.47414000e-02 -2.49875470e+02]
 [-5.92872986e-02 -1.00368383e-01  9.93182362e-01 -1.07968268e+01]
 [ 9.94073872e-01  8.48779952e-02  6.79180624e-02 -1.87640590e+02]
 [ 0.00000000e+00  0.00000000e+00  0.00000000e+00  1.00000000e+00]]

[[-9.09504300e-02  9.91944339e-01  8.81728277e-02 -2.44030648e+02]
 [-6.69658519e-02 -9.44312816e-02  9.93276551e-01 -9.64288664e+00]
 [ 9.93601325e-01  8.44343610e-02  7.50149633e-02 -1.93956245e+02]
 [ 0.00000000e+00  0.00000000e+00  0.00000000e+00  1.00000000e+00]]

[[-9.15634361e-02  9.92845828e-01  7.66374471e-02 -2.33714176e+02]
 [-6.44790117e-02 -8.27104757e-02  9.94485512e-01 -9.40345665e+00]
 [ 9.93709512e-01  8.61170038e-02  7.15909731e-02 -1.90731235e+02]
 [ 0.00000000e+00  0.00000000e+00  0.00000000e+00  1.00000000e+00]]

[[-9.24808468e-02  9.92363936e-01  8.16156368e-02 -2.38123285e+02]
 [-6.14140706e-02 -8.74957265e-02  9.94269988e-01 -9.72399801e+00]
 [ 9.93818698e-01  8.69385819e-02  6.90367877e-02 -1.88145189e+02]
 [ 0.00000000e+00  0.00000000e+00  0.00000000e+00  1.00000000e+00]]

[[-9.22325969e-02  9.92720469e-01  7.74546248e-02 -2.34403660e+02]
 [-6.54131638e-02 -8.36588551e-02  9.94345168e-01 -1.01465447e+01]
 [ 9.93586567e-01  8.66444850e-02  7.26530601e-02 -1.91301087e+02]
 [ 0.00000000e+00  0.00000000e+00  0.00000000e+00  1.00000000e+00]]

[[-9.27202969e-02  9.92062531e-01  8.49404608e-02 -2.41040099e+02]
 [-6.01460337e-02 -9.07326362e-02  9.94057364e-01 -1.01978137e+01]
 [ 9.93873936e-01  8.70604621e-02  6.80813834e-02 -1.87659005e+02]
 [ 0.00000000e+00  0.00000000e+00  0.00000000e+00  1.00000000e+00]]

[[-9.02040082e-02  9.92464998e-01  8.29244561e-02 -2.39316267e+02]
 [-6.58220990e-02 -8.90228655e-02  9.93852293e-01 -1.01512834e+01]
 [ 9.93745787e-01  8.41911986e-02  7.33563486e-02 -1.92480073e+02]
 [ 0.00000000e+00  0.00000000e+00  0.00000000e+00  1.00000000e+00]]

[[-9.15955856e-02  9.92356030e-01  8.27028363e-02 -2.39102841e+02]
 [-7.03342659e-02 -8.92916939e-02  9.93519041e-01 -9.52991049e+00]
 [ 9.93309287e-01  8.51851151e-02  7.79753579e-02 -1.96218231e+02]
 [ 0.00000000e+00  0.00000000e+00  0.00000000e+00  1.00000000e+00]]

[[-9.10622798e-02  9.92353230e-01  8.33230326e-02 -2.39707289e+02]
 [-5.92948539e-02 -8.89252574e-02  9.94271803e-01 -1.08128799e+01]
 [ 9.94078358e-01  8.56000301e-02  6.69391765e-02 -1.86544240e+02]
 [ 0.00000000e+00  0.00000000e+00  0.00000000e+00  1.00000000e+00]]

[[-9.18507503e-02  9.92299664e-01  8.30952199e-02 -2.39486965e+02]
 [-6.06682233e-02 -8.88695104e-02  9.94193933e-01 -9.76154907e+00]
 [ 9.93922938e-01  8.62762194e-02  6.83637889e-02 -1.87873479e+02]
 [ 0.00000000e+00  0.00000000e+00  0.00000000e+00  1.00000000e+00]]

[[-9.09350642e-02  9.92450327e-01  8.22992234e-02 -2.38799594e+02]
 [-6.08228141e-02 -8.80222800e-02  9.94259857e-01 -1.02317835e+01]
 [ 9.93997686e-01  8.54074135e-02  6.83679334e-02 -1.88071711e+02]
 [ 0.00000000e+00  0.00000000e+00  0.00000000e+00  1.00000000e+00]]

[[-9.14382261e-02  9.91787289e-01  8.94260797e-02 -2.45105775e+02]
 [-6.58281558e-02 -9.56259659e-02  9.93238304e-01 -9.92433763e+00]
 [ 9.93632580e-01  8.49331947e-02  7.40313969e-02 -1.92913923e+02]
 [ 0.00000000e+00  0.00000000e+00  0.00000000e+00  1.00000000e+00]]

[[-9.16192511e-02  9.92717247e-01  7.82200701e-02 -2.35119863e+02]
 [-7.05330381e-02 -8.48225786e-02  9.93896484e-01 -9.25374511e+00]
 [ 9.93293010e-01  8.55429524e-02  7.77907446e-02 -1.96136435e+02]
 [ 0.00000000e+00  0.00000000e+00  0.00000000e+00  1.00000000e+00]]

[[-9.19109343e-02  9.92539665e-01  8.01086393e-02 -2.36766676e+02]
 [-7.26790828e-02 -8.69212429e-02  9.93560491e-01 -9.68308127e+00]
 [ 9.93111339e-01  8.54968505e-02  8.01258851e-02 -1.98063054e+02]
 [ 0.00000000e+00  0.00000000e+00  0.00000000e+00  1.00000000e+00]]

[[-9.23147659e-02  9.92626140e-01  7.85578093e-02 -2.35398478e+02]
 [-7.24679441e-02 -8.53830880e-02  9.93709276e-01 -9.35955935e+00]
 [ 9.93089312e-01  8.60411163e-02  7.98156954e-02 -1.97709191e+02]
 [ 0.00000000e+00  0.00000000e+00  0.00000000e+00  1.00000000e+00]]

[[-9.27524604e-02  9.92669709e-01  7.74843852e-02 -2.34475368e+02]
 [-6.55083428e-02 -8.37351038e-02  9.94332484e-01 -9.56288708e+00]
 [ 9.93531901e-01  8.71509107e-02  7.27947845e-02 -1.91574529e+02]
 [ 0.00000000e+00  0.00000000e+00  0.00000000e+00  1.00000000e+00]]

[[-9.12790556e-02  9.91892391e-01  8.84172955e-02 -2.44151915e+02]
 [-5.97883130e-02 -9.40864384e-02  9.93767126e-01 -1.00864916e+01]
 [ 9.94028919e-01  8.54238037e-02  6.78916940e-02 -1.87531424e+02]
 [ 0.00000000e+00  0.00000000e+00  0.00000000e+00  1.00000000e+00]]

[[-9.16780656e-02  9.92094862e-01  8.56908274e-02 -2.41718181e+02]
 [-6.82574976e-02 -9.21116906e-02  9.93406438e-01 -9.83240602e+00]
 [ 9.93446549e-01  8.52245391e-02  7.61625342e-02 -1.94665995e+02]
 [ 0.00000000e+00  0.00000000e+00  0.00000000e+00  1.00000000e+00]]

[[-9.21936953e-02  9.92807964e-01  7.63719092e-02 -2.33520073e+02]
 [-6.51353801e-02 -8.25472805e-02  9.94456298e-01 -9.75963332e+00]
 [ 9.93608426e-01  8.67080876e-02  7.22772629e-02 -1.90943652e+02]
 [ 0.00000000e+00  0.00000000e+00  0.00000000e+00  1.00000000e+00]]

[[-9.27658234e-02  9.93004574e-01  7.30507948e-02 -2.30560365e+02]
 [-7.74730165e-02 -8.03432516e-02  9.93751928e-01 -8.25887823e+00]
 [ 9.92669348e-01  8.65267504e-02  8.43841676e-02 -2.01632594e+02]
 [ 0.00000000e+00  0.00000000e+00  0.00000000e+00  1.00000000e+00]]

[[-9.10110697e-02  9.92536217e-01  8.11716910e-02 -2.37823653e+02]
 [-5.94811358e-02 -8.67823552e-02  9.94450007e-01 -1.02114418e+01]
 [ 9.94071919e-01  8.56777746e-02  6.69353365e-02 -1.86612455e+02]
 [ 0.00000000e+00  0.00000000e+00  0.00000000e+00  1.00000000e+00]]

[[-9.21202035e-02  9.92121926e-01  8.48996633e-02 -2.41077288e+02]
 [-6.79587635e-02 -9.13276175e-02  9.93499307e-01 -9.95001522e+00]
 [ 9.93426129e-01  8.57516822e-02  7.58364980e-02 -1.94286997e+02]
 [ 0.00000000e+00  0.00000000e+00  0.00000000e+00  1.00000000e+00]]

[[-9.13941804e-02  9.91452983e-01  9.31025605e-02 -2.48410067e+02]
 [-6.94059598e-02 -9.96085487e-02  9.92603118e-01 -9.85865181e+00]
 [ 9.93393133e-01  8.42562758e-02  7.79163876e-02 -1.96287682e+02]
 [ 0.00000000e+00  0.00000000e+00  0.00000000e+00  1.00000000e+00]]

[[-9.26818542e-02  9.91872272e-01  8.71749345e-02 -2.43077450e+02]
 [-6.42453723e-02 -9.33264942e-02  9.93560616e-01 -1.01299016e+01]
 [ 9.93620957e-01  8.64844540e-02  7.23728760e-02 -1.91587683e+02]
 [ 0.00000000e+00  0.00000000e+00  0.00000000e+00  1.00000000e+00]]

[[-9.15375227e-02  9.91932886e-01  8.76928243e-02 -2.43511322e+02]
 [-6.36133892e-02 -9.37075188e-02  9.93565417e-01 -1.01843499e+01]
 [ 9.93767688e-01  8.53700792e-02  7.16779668e-02 -1.90987415e+02]
 [ 0.00000000e+00  0.00000000e+00  0.00000000e+00  1.00000000e+00]]

[[-9.23374782e-02  9.92371064e-01  8.16912625e-02 -2.38215872e+02]
 [-6.53033242e-02 -8.79005362e-02  9.93986404e-01 -9.98804399e+00]
 [ 9.93584051e-01  8.64474870e-02  7.29216431e-02 -1.91697587e+02]
 [ 0.00000000e+00  0.00000000e+00  0.00000000e+00  1.00000000e+00]]

[[-9.22697787e-02  9.91951383e-01  8.67106815e-02 -2.42693647e+02]
 [-6.58828989e-02 -9.29731978e-02  9.93486501e-01 -1.03724893e+01]
 [ 9.93552078e-01  8.59560285e-02  7.39312490e-02 -1.92742801e+02]
 [ 0.00000000e+00  0.00000000e+00  0.00000000e+00  1.00000000e+00]]

[[-9.04113548e-02  9.92354231e-01  8.40170687e-02 -2.40372085e+02]
 [-6.44420442e-02 -9.00151734e-02  9.93853355e-01 -9.59601738e+00]
 [ 9.93817393e-01  8.44413966e-02  7.20877289e-02 -1.91233074e+02]
 [ 0.00000000e+00  0.00000000e+00  0.00000000e+00  1.00000000e+00]]

[[-9.19239607e-02  9.92710959e-01  7.79418902e-02 -2.34931081e+02]
 [-6.05792237e-02 -8.37035158e-02  9.94647616e-01 -1.00950399e+01]
 [ 9.93921598e-01  8.67102891e-02  6.78320180e-02 -1.87105409e+02]
 [ 0.00000000e+00  0.00000000e+00  0.00000000e+00  1.00000000e+00]]

[[-9.16728100e-02  9.93038542e-01  7.39631715e-02 -2.31460398e+02]
 [-7.17010473e-02 -8.06657359e-02  9.94158940e-01 -9.36593311e+00]
 [ 9.93204438e-01  8.58341068e-02  7.85967581e-02 -1.96450552e+02]
 [ 0.00000000e+00  0.00000000e+00  0.00000000e+00  1.00000000e+00]]

[[-9.23965895e-02  9.92876090e-01  7.52325686e-02 -2.32547495e+02]
 [-5.75034000e-02 -8.07503672e-02  9.95074237e-01 -9.68532615e+00]
 [ 9.94060476e-01  8.76153373e-02  6.45548095e-02 -1.84119675e+02]
 [ 0.00000000e+00  0.00000000e+00  0.00000000e+00  1.00000000e+00]]

[[-9.14615464e-02  9.92058259e-01  8.63434825e-02 -2.42284301e+02]
 [-6.69367582e-02 -9.26355521e-02  9.93447595e-01 -1.06506831e+01]
 [ 9.93556368e-01  8.50827006e-02  7.48777546e-02 -1.93601127e+02]
 [ 0.00000000e+00  0.00000000e+00  0.00000000e+00  1.00000000e+00]]

[[-9.24052969e-02  9.91983695e-01  8.61951897e-02 -2.42105923e+02]
 [-6.76712085e-02 -9.26218883e-02  9.93399111e-01 -1.05279696e+01]
 [ 9.93419281e-01  8.59624071e-02  7.56874885e-02 -1.93560984e+02]
 [ 0.00000000e+00  0.00000000e+00  0.00000000e+00  1.00000000e+00]]

[[-9.23080060e-02  9.92028813e-01  8.57791698e-02 -2.41242673e+02]
 [-6.85263686e-02 -9.22717652e-02  9.93373071e-01 -1.08147278e+01]
 [ 9.93369704e-01  8.58181524e-02  7.64975548e-02 -1.94095597e+02]
 [ 0.00000000e+00  0.00000000e+00  0.00000000e+00  1.00000000e+00]]

[[-9.20433830e-02  9.91384554e-01  9.31916418e-02 -2.47217841e+02]
 [-6.37126998e-02 -9.92606383e-02  9.93019646e-01 -1.17714000e+01]
 [ 9.93714601e-01  8.54633965e-02  7.23000714e-02 -1.89996218e+02]
 [ 0.00000000e+00  0.00000000e+00  0.00000000e+00  1.00000000e+00]]

[[-9.31244088e-02  9.90674518e-01  9.94577530e-02 -2.51702678e+02]
 [-5.79681859e-02 -1.05117085e-01  9.92768900e-01 -1.33780705e+01]
 [ 9.93965560e-01  8.66856313e-02  6.72165710e-02 -1.87602001e+02]
 [ 0.00000000e+00  0.00000000e+00  0.00000000e+00  1.00000000e+00]]

[[-9.22952791e-02  9.92108050e-01  8.48716547e-02 -2.38962219e+02]
 [-6.43147267e-02 -9.09971794e-02  9.93772172e-01 -1.24106345e+01]
 [ 9.93652453e-01  8.62619827e-02  7.22057682e-02 -1.91034774e+02]
 [ 0.00000000e+00  0.00000000e+00  0.00000000e+00  1.00000000e+00]]

[[-9.42520159e-02  9.91590857e-01  8.86799328e-02 -2.41705361e+02]
 [-5.92870599e-02 -9.45089739e-02  9.93757062e-01 -1.34471457e+01]
 [ 9.93781466e-01  8.84060340e-02  6.76961678e-02 -1.87550490e+02]
 [ 0.00000000e+00  0.00000000e+00  0.00000000e+00  1.00000000e+00]]

[[-9.22175730e-02  9.91192662e-01  9.50422336e-02 -2.47392172e+02]
 [-5.00115463e-02 -9.99390196e-02  9.93735899e-01 -1.37570613e+01]
 [ 9.94482159e-01  8.68867038e-02  5.87872115e-02 -1.80587072e+02]
 [ 0.00000000e+00  0.00000000e+00  0.00000000e+00  1.00000000e+00]]

[[-9.20903683e-02  9.91043087e-01  9.67107217e-02 -2.48618103e+02]
 [-5.48908852e-02 -1.02028246e-01  9.93265940e-01 -1.48928257e+01]
 [ 9.94236569e-01  8.61616891e-02  6.37950511e-02 -1.85577678e+02]
 [ 0.00000000e+00  0.00000000e+00  0.00000000e+00  1.00000000e+00]]

[[-9.10786620e-02  9.91354652e-01  9.44490884e-02 -2.46504612e+02]
 [-5.06378285e-02 -9.93309887e-02  9.93765146e-01 -1.50398658e+01]
 [ 9.94555422e-01  8.57281031e-02  5.92469804e-02 -1.81829057e+02]
 [ 0.00000000e+00  0.00000000e+00  0.00000000e+00  1.00000000e+00]]

[[-9.24919398e-02  9.90785407e-01  9.89419970e-02 -2.49866748e+02]
 [-5.78381061e-02 -1.04546162e-01  9.92836771e-01 -1.48567517e+01]
 [ 9.94032190e-01  8.61067811e-02  6.69748288e-02 -1.88915549e+02]
 [ 0.00000000e+00  0.00000000e+00  0.00000000e+00  1.00000000e+00]]

[[-9.14808369e-02  9.91076561e-01  9.69458975e-02 -2.48173199e+02]
 [-4.64543433e-02 -1.01495435e-01  9.93750809e-01 -1.50898020e+01]
 [ 9.94722700e-01  8.64055977e-02  5.53246981e-02 -1.78710314e+02]
 [ 0.00000000e+00  0.00000000e+00  0.00000000e+00  1.00000000e+00]]

[[-9.06510634e-02  9.91271739e-01  9.57221175e-02 -2.47219872e+02]
 [-4.79373307e-02 -1.00349776e-01  9.93796727e-01 -1.57428545e+01]
 [ 9.94728303e-01  8.55000673e-02  5.66157351e-02 -1.79614390e+02]
 [ 0.00000000e+00  0.00000000e+00  0.00000000e+00  1.00000000e+00]]

[[-9.03240117e-02  9.91543506e-01  9.31828721e-02 -2.44971118e+02]
 [-5.04096211e-02 -9.79972221e-02  9.93909158e-01 -1.51891108e+01]
 [ 9.94635834e-01  8.50765491e-02  5.88348347e-02 -1.81559815e+02]
 [ 0.00000000e+00  0.00000000e+00  0.00000000e+00  1.00000000e+00]]

[[-9.09095922e-02  9.91078041e-01  9.74667218e-02 -2.48854417e+02]
 [-4.67311955e-02 -1.02009676e-01  9.93685172e-01 -1.53843228e+01]
 [ 9.94762103e-01  8.57807774e-02  5.55879198e-02 -1.78686995e+02]
 [ 0.00000000e+00  0.00000000e+00  0.00000000e+00  1.00000000e+00]]

[[-9.21554954e-02  9.90189425e-01  1.05034598e-01 -2.55704064e+02]
 [-4.35930574e-02 -1.09394334e-01  9.93042056e-01 -1.51097407e+01]
 [ 9.94789933e-01  8.69355033e-02  5.32466735e-02 -1.77516947e+02]
 [ 0.00000000e+00  0.00000000e+00  0.00000000e+00  1.00000000e+00]]

[[-9.05465360e-02  9.91374249e-01  9.47545441e-02 -2.46232473e+02]
 [-3.69699705e-02 -9.84258598e-02  9.94457426e-01 -1.67584574e+01]
 [ 9.95205781e-01  8.65416024e-02  4.55631974e-02 -1.71566494e+02]
 [ 0.00000000e+00  0.00000000e+00  0.00000000e+00  1.00000000e+00]]

[[-8.81233842e-02  9.90260338e-01  1.07790227e-01 -2.57502346e+02]
 [-3.70610045e-02 -1.11395737e-01  9.93084826e-01 -1.73204376e+01]
 [ 9.95419887e-01  8.35191815e-02  4.65166122e-02 -1.73558886e+02]
 [ 0.00000000e+00  0.00000000e+00  0.00000000e+00  1.00000000e+00]]

[[-8.83158800e-02  9.90150014e-01  1.08642789e-01 -2.58160638e+02]
 [-4.38904692e-02 -1.12831258e-01  9.92644314e-01 -1.70549693e+01]
 [ 9.95125084e-01  8.28978732e-02  5.34229405e-02 -1.79433366e+02]
 [ 0.00000000e+00  0.00000000e+00  0.00000000e+00  1.00000000e+00]]

[[-8.99738893e-02  9.90798883e-01  1.01105260e-01 -2.50706824e+02]
 [-3.47145991e-02 -1.04575238e-01  9.93910920e-01 -1.83965017e+01]
 [ 9.95338935e-01  8.59162025e-02  4.38042269e-02 -1.70912020e+02]
 [ 0.00000000e+00  0.00000000e+00  0.00000000e+00  1.00000000e+00]]

[[-8.86472492e-02  9.89986494e-01  1.09856297e-01 -2.58108529e+02]
 [-4.16081014e-02 -1.13874666e-01  9.92623456e-01 -1.86007206e+01]
 [ 9.95193665e-01  8.34224269e-02  5.12861343e-02 -1.77827258e+02]
 [ 0.00000000e+00  0.00000000e+00  0.00000000e+00  1.00000000e+00]]

[[-8.78284560e-02  9.89074581e-01  1.18396097e-01 -2.65153270e+02]
 [-3.04026454e-02 -1.21461605e-01  9.92130414e-01 -1.95097654e+01]
 [ 9.95671553e-01  8.35377278e-02  4.07382689e-02 -1.69045487e+02]
 [ 0.00000000e+00  0.00000000e+00  0.00000000e+00  1.00000000e+00]]

[[-8.74466903e-02  9.89708840e-01  1.13267334e-01 -2.59504181e+02]
 [-2.97669701e-02 -1.16248220e-01  9.92774032e-01 -1.94700750e+01]
 [ 9.95724361e-01  8.34431780e-02  3.96261555e-02 -1.69227203e+02]
 [ 0.00000000e+00  0.00000000e+00  0.00000000e+00  1.00000000e+00]]

[[-8.97017517e-02  9.89659221e-01  1.11929544e-01 -2.58457062e+02]
 [-2.78810137e-02 -1.14833743e-01  9.92993384e-01 -1.96921697e+01]
 [ 9.95578347e-01  8.59525369e-02  3.78934902e-02 -1.67803911e+02]
 [ 0.00000000e+00  0.00000000e+00  0.00000000e+00  1.00000000e+00]]

[[-9.06005416e-02  9.90332386e-01  1.05039551e-01 -2.52509100e+02]
 [-3.09883867e-02 -1.08225690e-01  9.93643256e-01 -1.99492173e+01]
 [ 9.95405074e-01  8.67696109e-02  4.04941091e-02 -1.69901770e+02]
 [ 0.00000000e+00  0.00000000e+00  0.00000000e+00  1.00000000e+00]]

[[-8.88249078e-02  9.90109078e-01  1.08600875e-01 -2.56159983e+02]
 [-2.71191204e-02 -1.11395425e-01  9.93406066e-01 -2.06496846e+01]
 [ 9.95678005e-01  8.52940420e-02  3.67455757e-02 -1.66985673e+02]
 [ 0.00000000e+00  0.00000000e+00  0.00000000e+00  1.00000000e+00]]

[[-8.72164393e-02  9.91367260e-01  9.78991763e-02 -2.46762055e+02]
 [-2.26641526e-02 -1.00222866e-01  9.94706848e-01 -2.05837782e+01]
 [ 9.95931538e-01  8.45359876e-02  3.12095803e-02 -1.62483273e+02]
 [ 0.00000000e+00  0.00000000e+00  0.00000000e+00  1.00000000e+00]]

[[-8.81317311e-02  9.90795042e-01  1.02752048e-01 -2.50676864e+02]
 [-2.81839018e-02 -1.05592435e-01  9.94010013e-01 -2.06748889e+01]
 [ 9.95710031e-01  8.47078695e-02  3.72305142e-02 -1.67932321e+02]
 [ 0.00000000e+00  0.00000000e+00  0.00000000e+00  1.00000000e+00]]

[[-8.75253181e-02  9.90045199e-01  1.10226237e-01 -2.57264360e+02]
 [-2.21713290e-02 -1.12559540e-01  9.93397595e-01 -2.15606419e+01]
 [ 9.95915534e-01  8.45035783e-02  3.18024273e-02 -1.63528884e+02]
 [ 0.00000000e+00  0.00000000e+00  0.00000000e+00  1.00000000e+00]]

[[-8.70887478e-02  9.90979796e-01  1.01855748e-01 -2.49786201e+02]
 [-1.88310010e-02 -1.03863547e-01  9.94413273e-01 -2.12342003e+01]
 [ 9.96022562e-01  8.46841610e-02  2.77064878e-02 -1.59364049e+02]
 [ 0.00000000e+00  0.00000000e+00  0.00000000e+00  1.00000000e+00]]

[[-8.74071449e-02  9.89271592e-01  1.17054300e-01 -2.62188052e+02]
 [-2.54636920e-02 -1.19684414e-01  9.92485386e-01 -2.16524109e+01]
 [ 9.95847173e-01  8.37696793e-02  3.56517800e-02 -1.66615003e+02]
 [ 0.00000000e+00  0.00000000e+00  0.00000000e+00  1.00000000e+00]]

[[-8.69039030e-02  9.90449531e-01  1.07039419e-01 -2.54132282e+02]
 [-2.26348356e-02 -1.09381277e-01  9.93742120e-01 -2.12477693e+01]
 [ 9.95959525e-01  8.39372491e-02  3.19243223e-02 -1.62902162e+02]
 [ 0.00000000e+00  0.00000000e+00  0.00000000e+00  1.00000000e+00]]

[[-8.70665248e-02  9.90360480e-01  1.07729014e-01 -2.54912742e+02]
 [-2.18042144e-02 -1.10008247e-01  9.93691482e-01 -2.13014664e+01]
 [ 9.95963853e-01  8.41683176e-02  3.11720680e-02 -1.62340078e+02]
 [ 0.00000000e+00  0.00000000e+00  0.00000000e+00  1.00000000e+00]]

[[-8.74543216e-02  9.89999086e-01  1.10695756e-01 -2.57596080e+02]
 [-2.39506872e-02 -1.13179018e-01  9.93285898e-01 -2.18667094e+01]
 [ 9.95880568e-01  8.42159048e-02  3.36091527e-02 -1.64364654e+02]
 [ 0.00000000e+00  0.00000000e+00  0.00000000e+00  1.00000000e+00]]

[[-8.84796804e-02  9.90596392e-01  1.04355808e-01 -2.51856479e+02]
 [-3.40271314e-02 -1.07711488e-01  9.93599713e-01 -2.07658962e+01]
 [ 9.95496610e-01  8.43624562e-02  4.32374316e-02 -1.72941237e+02]
 [ 0.00000000e+00  0.00000000e+00  0.00000000e+00  1.00000000e+00]]

[[-8.66327496e-02  9.89797582e-01  1.13117254e-01 -2.59612816e+02]
 [-2.35912637e-02 -1.15550526e-01  9.93021414e-01 -2.07202784e+01]
 [ 9.95960953e-01  8.33595965e-02  3.33610355e-02 -1.64609764e+02]
 [ 0.00000000e+00  0.00000000e+00  0.00000000e+00  1.00000000e+00]]

[[-8.68664422e-02  9.89028582e-01  1.19485082e-01 -2.65401193e+02]
 [-2.60694202e-02 -1.22154122e-01  9.92168713e-01 -2.13896606e+01]
 [ 9.95878811e-01  8.30712594e-02  3.63944957e-02 -1.66960340e+02]
 [ 0.00000000e+00  0.00000000e+00  0.00000000e+00  1.00000000e+00]]

[[-8.72659194e-02  9.90749088e-01  1.03927399e-01 -2.51441252e+02]
 [-2.56626295e-02 -1.06526555e-01  9.93978633e-01 -2.06382182e+01]
 [ 9.95854452e-01  8.40734089e-02  3.47213645e-02 -1.65588885e+02]
 [ 0.00000000e+00  0.00000000e+00  0.00000000e+00  1.00000000e+00]]

[[-8.72583656e-02  9.90572808e-01  1.05600613e-01 -2.52989769e+02]
 [-1.72907996e-02 -1.07494987e-01  9.94055258e-01 -2.10088736e+01]
 [ 9.96035645e-01  8.49137181e-02  2.65076328e-02 -1.58131720e+02]
 [ 0.00000000e+00  0.00000000e+00  0.00000000e+00  1.00000000e+00]]

[[-8.76227611e-02  9.89999655e-01  1.10557381e-01 -2.57438671e+02]
 [-2.72513259e-02 -1.13324967e-01  9.93184181e-01 -2.13437946e+01]
 [ 9.95780908e-01  8.40127050e-02  3.69086498e-02 -1.67287735e+02]
 [ 0.00000000e+00  0.00000000e+00  0.00000000e+00  1.00000000e+00]]

[[-8.73085345e-02  9.90685408e-01  1.04497091e-01 -2.51942420e+02]
 [-2.12157981e-02 -1.06723032e-01  9.94062415e-01 -2.12675861e+01]
 [ 9.95955375e-01  8.45731434e-02  3.03360131e-02 -1.61634958e+02]
 [ 0.00000000e+00  0.00000000e+00  0.00000000e+00  1.00000000e+00]]

[[-8.82010027e-02  9.90455247e-01  1.05919716e-01 -2.53227612e+02]
 [-3.22804130e-02 -1.09120381e-01  9.93504261e-01 -2.08757465e+01]
 [ 9.95579509e-01  8.42089399e-02  4.15968315e-02 -1.71470637e+02]
 [ 0.00000000e+00  0.00000000e+00  0.00000000e+00  1.00000000e+00]]

[[-8.81387015e-02  9.90291170e-01  1.07494039e-01 -2.54607937e+02]
 [-2.48048679e-02 -1.10062547e-01  9.93615094e-01 -2.11525884e+01]
 [ 9.95799321e-01  8.49095687e-02  3.42648116e-02 -1.64984475e+02]
 [ 0.00000000e+00  0.00000000e+00  0.00000000e+00  1.00000000e+00]]

[[-8.74054820e-02  9.90413015e-01  1.06968885e-01 -2.54176140e+02]
 [-2.75862178e-02 -1.09745122e-01  9.93576876e-01 -2.09429728e+01]
 [ 9.95790782e-01  8.38931988e-02  3.69140744e-02 -1.67412052e+02]
 [ 0.00000000e+00  0.00000000e+00  0.00000000e+00  1.00000000e+00]]

[[-8.91510738e-02  9.90976081e-01  1.00092419e-01 -2.47994877e+02]
 [-3.10260858e-02 -1.03206811e-01  9.94175908e-01 -2.05035979e+01]
 [ 9.95534765e-01  8.55263737e-02  3.99471069e-02 -1.69905908e+02]
 [ 0.00000000e+00  0.00000000e+00  0.00000000e+00  1.00000000e+00]]

[[-8.68498488e-02  9.90419676e-01  1.07359068e-01 -2.54601244e+02]
 [-2.66353752e-02 -1.10036278e-01  9.93570619e-01 -2.12450688e+01]
 [ 9.95865282e-01  8.34319089e-02  3.59368338e-02 -1.66591819e+02]
 [ 0.00000000e+00  0.00000000e+00  0.00000000e+00  1.00000000e+00]]

[[-8.75060074e-02  9.90195580e-01  1.08882563e-01 -2.55925305e+02]
 [-3.02562379e-02 -1.11893292e-01  9.93259509e-01 -2.08401353e+01]
 [ 9.95704403e-01  8.36217972e-02  3.97509283e-02 -1.69766538e+02]
 [ 0.00000000e+00  0.00000000e+00  0.00000000e+00  1.00000000e+00]]

[[-8.83151888e-02  9.90590589e-01  1.04550044e-01 -2.51973622e+02]
 [-2.18004303e-02 -1.06857212e-01  9.94035350e-01 -2.10041601e+01]
 [ 9.95853990e-01  8.55091836e-02  3.10324160e-02 -1.62012704e+02]
 [ 0.00000000e+00  0.00000000e+00  0.00000000e+00  1.00000000e+00]]

[[-8.80243499e-02  9.90066790e-01  1.09633321e-01 -2.56627879e+02]
 [-3.04030457e-02 -1.12679579e-01  9.93166133e-01 -2.09394077e+01]
 [ 9.95654242e-01  8.40896163e-02  4.00195926e-02 -1.70038795e+02]
 [ 0.00000000e+00  0.00000000e+00  0.00000000e+00  1.00000000e+00]]

[[-8.78548942e-02  9.90541198e-01  1.05402339e-01 -2.52769467e+02]
 [-3.54119049e-02 -1.08850253e-01  9.93427209e-01 -2.00561841e+01]
 [ 9.95503649e-01  8.35449447e-02  4.46399782e-02 -1.74167936e+02]
 [ 0.00000000e+00  0.00000000e+00  0.00000000e+00  1.00000000e+00]]

[[-8.81980293e-02  9.90485413e-01  1.05639741e-01 -2.53030551e+02]
 [-2.84152968e-02 -1.08511664e-01  9.93688980e-01 -2.10872434e+01]
 [ 9.95697584e-01  8.46396252e-02  3.77154519e-02 -1.68059941e+02]
 [ 0.00000000e+00  0.00000000e+00  0.00000000e+00  1.00000000e+00]]

[[-8.67696132e-02  9.90119564e-01  1.10155722e-01 -2.57080239e+02]
 [-2.16077768e-02 -1.12417202e-01  9.93426130e-01 -2.12196688e+01]
 [ 9.95994045e-01  8.38189808e-02  3.11486798e-02 -1.62234686e+02]
 [ 0.00000000e+00  0.00000000e+00  0.00000000e+00  1.00000000e+00]]

[[-8.74617389e-02  9.89864171e-01  1.11889976e-01 -2.58657100e+02]
 [-2.39964381e-02 -1.14381320e-01  9.93147061e-01 -2.15945994e+01]
 [ 9.95878816e-01  8.41774081e-02  3.37572034e-02 -1.64574690e+02]
 [ 0.00000000e+00  0.00000000e+00  0.00000000e+00  1.00000000e+00]]

[[-8.73865922e-02  9.90032770e-01  1.10447714e-01 -2.57334689e+02]
 [-2.67118000e-02 -1.13160762e-01  9.93217560e-01 -2.13627911e+01]
 [ 9.95816280e-01  8.38436406e-02  3.63342907e-02 -1.66952851e+02]
 [ 0.00000000e+00  0.00000000e+00  0.00000000e+00  1.00000000e+00]]

[[-8.85414334e-02  9.89467678e-01  1.14516936e-01 -2.60988949e+02]
 [-2.91511406e-02 -1.17493308e-01  9.92645724e-01 -2.10970446e+01]
 [ 9.95645833e-01  8.45519760e-02  3.92471373e-02 -1.69357615e+02]
 [ 0.00000000e+00  0.00000000e+00  0.00000000e+00  1.00000000e+00]]

[[-8.78623480e-02  9.90850234e-01  1.02450091e-01 -2.50182505e+02]
 [-2.67449158e-02 -1.05157251e-01  9.94095902e-01 -2.10355525e+01]
 [ 9.95773527e-01  8.46035810e-02  3.57395691e-02 -1.66175058e+02]
 [ 0.00000000e+00  0.00000000e+00  0.00000000e+00  1.00000000e+00]]

[[-8.79796504e-02  9.90423009e-01  1.06404155e-01 -2.53524432e+02]
 [-2.65624414e-02 -1.09113012e-01  9.93674387e-01 -2.06381112e+01]
 [ 9.95768054e-01  8.45967711e-02  3.59077778e-02 -1.66683768e+02]
 [ 0.00000000e+00  0.00000000e+00  0.00000000e+00  1.00000000e+00]]

[[-8.79957007e-02  9.90280074e-01  1.07713191e-01 -2.54079853e+02]
 [-2.95485800e-02 -1.10680037e-01  9.93416736e-01 -2.07750466e+01]
 [ 9.95682499e-01  8.42336299e-02  3.90007374e-02 -1.69002153e+02]
 [ 0.00000000e+00  0.00000000e+00  0.00000000e+00  1.00000000e+00]]

[[-8.71345281e-02  9.89780101e-01  1.12884567e-01 -2.58140541e+02]
 [-2.58723272e-02 -1.15525739e-01  9.92967485e-01 -2.08430691e+01]
 [ 9.95860531e-01  8.36011668e-02  3.56741954e-02 -1.66194868e+02]
 [ 0.00000000e+00  0.00000000e+00  0.00000000e+00  1.00000000e+00]]

[[-8.66405099e-02  9.90179180e-01  1.09720612e-01 -2.54338736e+02]
 [-2.58554137e-02 -1.12332563e-01  9.93334230e-01 -1.90651475e+01]
 [ 9.95904071e-01  8.32261124e-02  3.53340429e-02 -1.65259086e+02]
 [ 0.00000000e+00  0.00000000e+00  0.00000000e+00  1.00000000e+00]]

[[-8.78928898e-02  9.90079385e-01  1.09625053e-01 -2.53754666e+02]
 [-2.60922368e-02 -1.12301446e-01  9.93331556e-01 -1.85549430e+01]
 [ 9.95788148e-01  8.44464182e-02  3.57038844e-02 -1.64634979e+02]
 [ 0.00000000e+00  0.00000000e+00  0.00000000e+00  1.00000000e+00]]

[[-8.97363701e-02  9.89855742e-01  1.10149874e-01 -2.54863935e+02]
 [-3.13086853e-02 -1.13345012e-01  9.93062271e-01 -1.92027724e+01]
 [ 9.95473330e-01  8.56651558e-02  4.11622519e-02 -1.68769825e+02]
 [ 0.00000000e+00  0.00000000e+00  0.00000000e+00  1.00000000e+00]]

[[-8.88926373e-02  9.88864015e-01  1.19356851e-01 -2.61967052e+02]
 [-2.99639904e-02 -1.22431897e-01  9.92024491e-01 -1.97086377e+01]
 [ 9.95590407e-01  8.46072657e-02  4.05136061e-02 -1.68064088e+02]
 [ 0.00000000e+00  0.00000000e+00  0.00000000e+00  1.00000000e+00]]

[[-9.02162033e-02  9.88241347e-01  1.23450704e-01 -2.64258516e+02]
 [-2.99220994e-02 -1.26589820e-01  9.91503750e-01 -1.79529315e+01]
 [ 9.95472604e-01  8.57557996e-02  4.09907087e-02 -1.68183585e+02]
 [ 0.00000000e+00  0.00000000e+00  0.00000000e+00  1.00000000e+00]]

[[-9.12614327e-02  9.88532788e-01  1.20309090e-01 -2.62471541e+02]
 [-3.28586917e-02 -1.23736701e-01  9.91770909e-01 -1.87445890e+01]
 [ 9.95284712e-01  8.65572347e-02  4.37742827e-02 -1.71179857e+02]
 [ 0.00000000e+00  0.00000000e+00  0.00000000e+00  1.00000000e+00]]

[[-9.13581880e-02  9.88892705e-01  1.17238643e-01 -2.59610210e+02]
 [-3.27395558e-02 -1.20650036e-01  9.92155074e-01 -1.85915316e+01]
 [ 9.95279761e-01  8.68031486e-02  4.33982766e-02 -1.69670921e+02]
 [ 0.00000000e+00  0.00000000e+00  0.00000000e+00  1.00000000e+00]]

[[-9.30607554e-02  9.87613402e-01  1.26330773e-01 -2.67433158e+02]
 [-3.53976394e-02 -1.30082922e-01  9.90871051e-01 -1.76857610e+01]
 [ 9.95031006e-01  8.77393974e-02  4.70647981e-02 -1.72330764e+02]
 [ 0.00000000e+00  0.00000000e+00  0.00000000e+00  1.00000000e+00]]

[[-9.29512448e-02  9.88797835e-01  1.16785732e-01 -2.59273528e+02]
 [-2.65912902e-02 -1.19717003e-01  9.92451884e-01 -1.85433558e+01]
 [ 9.95315512e-01  8.91441548e-02  3.74212546e-02 -1.63744668e+02]
 [ 0.00000000e+00  0.00000000e+00  0.00000000e+00  1.00000000e+00]]

[[-9.30855918e-02  9.88268076e-01  1.21083782e-01 -2.62985871e+02]
 [-4.23536012e-02 -1.25432041e-01  9.91197748e-01 -1.83234132e+01]
 [ 9.94756877e-01  8.71378947e-02  5.35326278e-02 -1.77653894e+02]
 [ 0.00000000e+00  0.00000000e+00  0.00000000e+00  1.00000000e+00]]

[[-9.26057592e-02  9.87988188e-01  1.23707373e-01 -2.65549278e+02]
 [-3.39474927e-02 -1.27301863e-01  9.91282908e-01 -1.84551211e+01]
 [ 9.95123983e-01  8.75989511e-02  4.53286076e-02 -1.71327323e+02]
 [ 0.00000000e+00  0.00000000e+00  0.00000000e+00  1.00000000e+00]]

[[-9.22145153e-02  9.87081898e-01  1.31018354e-01 -2.72752887e+02]
 [-4.32055057e-02 -1.35421504e-01  9.89845594e-01 -1.77633740e+01]
 [ 9.94801371e-01  8.56174174e-02  5.51352009e-02 -1.79569193e+02]
 [ 0.00000000e+00  0.00000000e+00  0.00000000e+00  1.00000000e+00]]

[[-9.33226598e-02  9.87825223e-01  1.24467708e-01 -2.66529138e+02]
 [-3.52910865e-02 -1.28216662e-01  9.91118069e-01 -1.81772819e+01]
 [ 9.95010261e-01  8.81011738e-02  4.68269453e-02 -1.72446724e+02]
 [ 0.00000000e+00  0.00000000e+00  0.00000000e+00  1.00000000e+00]]

[[-9.34252262e-02  9.87898501e-01  1.23807426e-01 -2.66125825e+02]
 [-3.39582293e-02 -1.27440710e-01  9.91264699e-01 -1.84678045e+01]
 [ 9.95047017e-01  8.84048478e-02  4.54534609e-02 -1.71064490e+02]
 [ 0.00000000e+00  0.00000000e+00  0.00000000e+00  1.00000000e+00]]

[[-9.30123963e-02  9.86671018e-01  1.33525264e-01 -2.74998996e+02]
 [-3.67923291e-02 -1.37421026e-01  9.89829170e-01 -1.77194562e+01]
 [ 9.94984934e-01  8.71536776e-02  4.90837837e-02 -1.74792153e+02]
 [ 0.00000000e+00  0.00000000e+00  0.00000000e+00  1.00000000e+00]]

[[-9.28012542e-02  9.87520924e-01  1.27241312e-01 -2.69476243e+02]
 [-3.45400948e-02 -1.30908729e-01  9.90792555e-01 -1.89238774e+01]
 [ 9.95085378e-01  8.75518648e-02  4.62575606e-02 -1.71903469e+02]
 [ 0.00000000e+00  0.00000000e+00  0.00000000e+00  1.00000000e+00]]

[[-9.24626800e-02  9.86950086e-01  1.31833913e-01 -2.73623528e+02]
 [-3.30293469e-02 -1.35368354e-01  9.90244652e-01 -1.83075093e+01]
 [ 9.95168184e-01  8.72062863e-02  4.51148375e-02 -1.71064844e+02]
 [ 0.00000000e+00  0.00000000e+00  0.00000000e+00  1.00000000e+00]]

[[-9.35380543e-02  9.87592374e-01  1.26142517e-01 -2.68449891e+02]
 [-3.24124220e-02 -1.29651447e-01  9.91029736e-01 -1.82283721e+01]
 [ 9.95087970e-01  8.86104088e-02  4.41376049e-02 -1.70121745e+02]
 [ 0.00000000e+00  0.00000000e+00  0.00000000e+00  1.00000000e+00]]

[[-9.18851177e-02  9.87791199e-01  1.25800131e-01 -2.68249833e+02]
 [-3.20485219e-02 -1.29202724e-01  9.91100171e-01 -1.88600196e+01]
 [ 9.95253745e-01  8.70356476e-02  4.35290553e-02 -1.69524268e+02]
 [ 0.00000000e+00  0.00000000e+00  0.00000000e+00  1.00000000e+00]]

[[-9.44277176e-02  9.88021053e-01  1.22056568e-01 -2.64743719e+02]
 [-3.35328087e-02 -1.25691470e-01  9.91502499e-01 -1.85132484e+01]
 [ 9.94966812e-01  8.95324184e-02  4.49998795e-02 -1.70617935e+02]
 [ 0.00000000e+00  0.00000000e+00  0.00000000e+00  1.00000000e+00]]

[[-9.25275569e-02  9.86734760e-01  1.33391018e-01 -2.74849122e+02]
 [-3.55997743e-02 -1.37158396e-01  9.89909203e-01 -1.82404504e+01]
 [ 9.95073519e-01  8.68451899e-02  4.78184660e-02 -1.73477120e+02]
 [ 0.00000000e+00  0.00000000e+00  0.00000000e+00  1.00000000e+00]]

[[-9.21062974e-02  9.86147116e-01  1.37950337e-01 -2.78518536e+02]
 [-3.52211057e-02 -1.41679067e-01  9.89285861e-01 -1.84208784e+01]
 [ 9.95126074e-01  8.62606944e-02  4.77827261e-02 -1.74066185e+02]
 [ 0.00000000e+00  0.00000000e+00  0.00000000e+00  1.00000000e+00]]

[[-9.14886510e-02  9.87073482e-01  1.31589393e-01 -2.72370447e+02]
 [-2.73618408e-02 -1.34585490e-01  9.90524142e-01 -1.86672826e+01]
 [ 9.95430136e-01  8.70211895e-02  3.93211924e-02 -1.67238626e+02]
 [ 0.00000000e+00  0.00000000e+00  0.00000000e+00  1.00000000e+00]]

[[-8.94201235e-02  9.85578941e-01  1.43659990e-01 -2.83021293e+02]
 [-2.60385233e-02 -1.46501795e-01  9.88867645e-01 -1.93653260e+01]
 [ 9.95653573e-01  8.46839729e-02  3.87632288e-02 -1.67811380e+02]
 [ 0.00000000e+00  0.00000000e+00  0.00000000e+00  1.00000000e+00]]

[[-8.88747441e-02  9.87575709e-01  1.29597451e-01 -2.69144459e+02]
 [-1.99660534e-02 -1.31852570e-01  9.91068240e-01 -1.99334599e+01]
 [ 9.95842677e-01  8.54933866e-02  3.14363528e-02 -1.62264480e+02]
 [ 0.00000000e+00  0.00000000e+00  0.00000000e+00  1.00000000e+00]]

[[-8.83004651e-02  9.87660176e-01  1.29346066e-01 -2.69094217e+02]
 [-1.70249682e-02 -1.31330749e-01  9.91192406e-01 -1.99704901e+01]
 [ 9.95948381e-01  8.53206378e-02  2.84114492e-02 -1.60247968e+02]
 [ 0.00000000e+00  0.00000000e+00  0.00000000e+00  1.00000000e+00]]

[[-8.74355449e-02  9.88976777e-01  1.19498784e-01 -2.61594140e+02]
 [-1.69947420e-02 -1.21421631e-01  9.92455524e-01 -1.90032256e+01]
 [ 9.96025203e-01  8.47450385e-02  2.74239716e-02 -1.59141426e+02]
 [ 0.00000000e+00  0.00000000e+00  0.00000000e+00  1.00000000e+00]]

[[-8.86283574e-02  9.88931726e-01  1.18991828e-01 -2.60414673e+02]
 [-3.04826555e-02 -1.22098863e-01  9.92049734e-01 -1.86907612e+01]
 [ 9.95598223e-01  8.42965515e-02  4.09666867e-02 -1.71052898e+02]
 [ 0.00000000e+00  0.00000000e+00  0.00000000e+00  1.00000000e+00]]

[[-8.59224712e-02  9.88395937e-01  1.25262930e-01 -2.66549685e+02]
 [-1.71945375e-02 -1.27180282e-01  9.91730570e-01 -1.95217665e+01]
 [ 9.96153440e-01  8.30581032e-02  2.79226551e-02 -1.59091129e+02]
 [ 0.00000000e+00  0.00000000e+00  0.00000000e+00  1.00000000e+00]]

[[-8.77571858e-02  9.88698225e-01  1.21550382e-01 -2.63203875e+02]
 [-2.02037105e-02 -1.23762640e-01  9.92106153e-01 -1.86781706e+01]
 [ 9.95936989e-01  8.46086753e-02  3.08364337e-02 -1.61936951e+02]
 [ 0.00000000e+00  0.00000000e+00  0.00000000e+00  1.00000000e+00]]

[[-8.61987942e-02  9.87861361e-01  1.29227316e-01 -2.71223126e+02]
 [-2.26425333e-02 -1.31619099e-01  9.91041739e-01 -1.83196642e+01]
 [ 9.96020624e-01  8.25005690e-02  3.37130915e-02 -1.64755376e+02]
 [ 0.00000000e+00  0.00000000e+00  0.00000000e+00  1.00000000e+00]]

[[-8.73628321e-02  9.88773827e-01  1.21219033e-01 -2.64861552e+02]
 [-2.80105554e-02 -1.24074392e-01  9.91877489e-01 -1.92586390e+01]
 [ 9.95782679e-01  8.32578142e-02  3.85355943e-02 -1.69201022e+02]
 [ 0.00000000e+00  0.00000000e+00  0.00000000e+00  1.00000000e+00]]

[[-8.42362379e-02  9.89267581e-01  1.19389738e-01 -2.66220480e+02]
 [-2.46339767e-02 -1.21846439e-01  9.92243222e-01 -1.86656661e+01]
 [ 9.96141267e-01  8.06417921e-02  3.46334801e-02 -1.65475591e+02]
 [ 0.00000000e+00  0.00000000e+00  0.00000000e+00  1.00000000e+00]]

[[-8.65157004e-02  9.91238152e-01  9.98096138e-02 -2.48149385e+02]
 [-2.49454370e-02 -1.02309244e-01  9.94439814e-01 -1.91264902e+01]
 [ 9.95938130e-01  8.35448626e-02  3.35782248e-02 -1.64763129e+02]
 [ 0.00000000e+00  0.00000000e+00  0.00000000e+00  1.00000000e+00]]

[[-8.79215252e-02  9.90431612e-01  1.06372116e-01 -2.54410761e+02]
 [-3.01155845e-02 -1.09379744e-01  9.93543720e-01 -1.89533077e+01]
 [ 9.95672063e-01  8.41504207e-02  3.94442608e-02 -1.68707944e+02]
 [ 0.00000000e+00  0.00000000e+00  0.00000000e+00  1.00000000e+00]]

[[-8.85318332e-02  9.91216486e-01  9.82445556e-02 -2.45908271e+02]
 [-2.26873461e-02 -1.00612899e-01  9.94666944e-01 -1.97570750e+01]
 [ 9.95814942e-01  8.58307797e-02  3.13955159e-02 -1.61838215e+02]
 [ 0.00000000e+00  0.00000000e+00  0.00000000e+00  1.00000000e+00]]

[[-8.93049026e-02  9.90236000e-01  1.07038774e-01 -2.50864602e+02]
 [-2.88164477e-02 -1.09992003e-01  9.93514656e-01 -2.00249810e+01]
 [ 9.95587388e-01  8.56412524e-02  3.83579090e-02 -1.68398409e+02]
 [ 0.00000000e+00  0.00000000e+00  0.00000000e+00  1.00000000e+00]]

[[-8.79685974e-02  9.89748766e-01  1.12511800e-01 -2.57561697e+02]
 [-3.53923933e-02 -1.15983897e-01  9.92620327e-01 -1.93387122e+01]
 [ 9.95494302e-01  8.33373560e-02  4.52325184e-02 -1.74573799e+02]
 [ 0.00000000e+00  0.00000000e+00  0.00000000e+00  1.00000000e+00]]

[[-8.93393025e-02  9.89895291e-01  1.10117223e-01 -2.55929801e+02]
 [-4.68617150e-02 -1.14614515e-01  9.92304133e-01 -1.85285998e+01]
 [ 9.94898220e-01  8.34914772e-02  5.66277718e-02 -1.84942804e+02]
 [ 0.00000000e+00  0.00000000e+00  0.00000000e+00  1.00000000e+00]]

[[-8.81391497e-02  9.89597714e-01  1.13700721e-01 -2.59243175e+02]
 [-2.87097319e-02 -1.16621268e-01  9.92761417e-01 -1.95759409e+01]
 [ 9.95694351e-01  8.42368299e-02  3.86899845e-02 -1.68953308e+02]
 [ 0.00000000e+00  0.00000000e+00  0.00000000e+00  1.00000000e+00]]

[[-8.81617028e-02  9.90016613e-01  1.09975543e-01 -2.55930957e+02]
 [-2.42935107e-02 -1.12509588e-01  9.93353622e-01 -1.97099288e+01]
 [ 9.95809891e-01  8.49040548e-02  3.39700161e-02 -1.64482366e+02]
 [ 0.00000000e+00  0.00000000e+00  0.00000000e+00  1.00000000e+00]]

[[-8.93642726e-02  9.89676918e-01  1.12042959e-01 -2.57534720e+02]
 [-2.48260628e-02 -1.14671428e-01  9.93093213e-01 -1.87916529e+01]
 [ 9.95689557e-01  8.59654671e-02  3.48173100e-02 -1.65325799e+02]
 [ 0.00000000e+00  0.00000000e+00  0.00000000e+00  1.00000000e+00]]

[[-8.73953514e-02  9.89899627e-01  1.11627865e-01 -2.58827980e+02]
 [-2.45876398e-02 -1.14166002e-01  9.93157375e-01 -1.95251173e+01]
 [ 9.95870223e-01  8.40526721e-02  3.43168733e-02 -1.65275084e+02]
 [ 0.00000000e+00  0.00000000e+00  0.00000000e+00  1.00000000e+00]]

[[-8.69532131e-02  9.90038595e-01  1.10737167e-01 -2.59396187e+02]
 [-3.70380211e-02 -1.14294123e-01  9.92756283e-01 -1.90668382e+01]
 [ 9.95523643e-01  8.22218631e-02  4.66073116e-02 -1.75904494e+02]
 [ 0.00000000e+00  0.00000000e+00  0.00000000e+00  1.00000000e+00]]

[[-8.78774192e-02  9.91178629e-01  9.92092950e-02 -2.50115066e+02]
 [-3.19673789e-02 -1.02349399e-01  9.94234724e-01 -1.93959534e+01]
 [ 9.95618223e-01  8.41993205e-02  4.06795838e-02 -1.70752141e+02]
 [ 0.00000000e+00  0.00000000e+00  0.00000000e+00  1.00000000e+00]]

[[-8.82019223e-02  9.92066048e-01  8.95844719e-02 -2.42554078e+02]
 [-2.41905803e-02 -9.20417823e-02  9.95461263e-01 -1.98026214e+01]
 [ 9.95808835e-01  8.56344966e-02  3.21169155e-02 -1.63585694e+02]
 [ 0.00000000e+00  0.00000000e+00  0.00000000e+00  1.00000000e+00]]

[[-8.80571362e-02  9.91474950e-01  9.60383498e-02 -2.48314129e+02]
 [-2.68715764e-02 -9.87421809e-02  9.94750170e-01 -1.96955020e+01]
 [ 9.95752911e-01  8.50141493e-02  3.53374486e-02 -1.66556852e+02]
 [ 0.00000000e+00  0.00000000e+00  0.00000000e+00  1.00000000e+00]]

[[-8.67254415e-02  9.91660533e-01  9.53314501e-02 -2.47611752e+02]
 [-2.42906500e-02 -9.77684252e-02  9.94912709e-01 -1.98956955e+01]
 [ 9.95936073e-01  8.39685810e-02  3.25670888e-02 -1.64523571e+02]
 [ 0.00000000e+00  0.00000000e+00  0.00000000e+00  1.00000000e+00]]

[[-8.73495073e-02  9.90869373e-01  1.02703213e-01 -2.54248715e+02]
 [-2.72085093e-02 -1.05431872e-01  9.94054233e-01 -1.93388755e+01]
 [ 9.95806086e-01  8.40357461e-02  3.61695006e-02 -1.67303555e+02]
 [ 0.00000000e+00  0.00000000e+00  0.00000000e+00  1.00000000e+00]]

[[-8.82342027e-02  9.91973526e-01  9.05717858e-02 -2.44674630e+02]
 [-2.89224523e-02 -9.34394133e-02  9.95204787e-01 -1.90066863e+01]
 [ 9.95679776e-01  8.51915427e-02  3.69348592e-02 -1.66204775e+02]
 [ 0.00000000e+00  0.00000000e+00  0.00000000e+00  1.00000000e+00]]

[[-8.79210227e-02  9.91485537e-01  9.60537554e-02 -2.48542144e+02]
 [-3.62437034e-02 -9.95473909e-02  9.94372521e-01 -1.81781579e+01]
 [ 9.95467874e-01  8.39449051e-02  4.46874162e-02 -1.73701933e+02]
 [ 0.00000000e+00  0.00000000e+00  0.00000000e+00  1.00000000e+00]]

[[-8.69143982e-02  9.91712471e-01  9.46163905e-02 -2.47397980e+02]
 [-2.97373727e-02 -9.75161722e-02  9.94789568e-01 -1.86269645e+01]
 [ 9.95771849e-01  8.36478937e-02  3.79664828e-02 -1.68050714e+02]
 [ 0.00000000e+00  0.00000000e+00  0.00000000e+00  1.00000000e+00]]

[[-8.63469957e-02  9.91648392e-01  9.58001215e-02 -2.48218489e+02]
 [-2.78781194e-02 -9.85266287e-02  9.94743843e-01 -1.87618927e+01]
 [ 9.95874996e-01  8.32224151e-02  3.61527706e-02 -1.67407803e+02]
 [ 0.00000000e+00  0.00000000e+00  0.00000000e+00  1.00000000e+00]]

[[-8.59015586e-02  9.91147608e-01  1.01229153e-01 -2.53011367e+02]
 [-3.36038477e-02 -1.04429251e-01  9.93964443e-01 -1.87896501e+01]
 [ 9.95736764e-01  8.19814057e-02  4.22770087e-02 -1.72843557e+02]
 [ 0.00000000e+00  0.00000000e+00  0.00000000e+00  1.00000000e+00]]

[[-8.66653215e-02  9.91180873e-01  1.00247689e-01 -2.52160934e+02]
 [-3.12145095e-02 -1.03278542e-01  9.94162561e-01 -1.94529519e+01]
 [ 9.95748350e-01  8.30302355e-02  3.98898928e-02 -1.70555522e+02]
 [ 0.00000000e+00  0.00000000e+00  0.00000000e+00  1.00000000e+00]]

[[-8.60902614e-02  9.90584948e-01  1.06442132e-01 -2.58708117e+02]
 [-3.55241666e-02 -1.09822962e-01  9.93316138e-01 -1.83176672e+01]
 [ 9.95653806e-01  8.17335780e-02  4.46443922e-02 -1.75128291e+02]
 [ 0.00000000e+00  0.00000000e+00  0.00000000e+00  1.00000000e+00]]

[[-8.64187479e-02  9.91493336e-01  9.73281239e-02 -2.49850014e+02]
 [-3.45036054e-02 -1.00613637e-01  9.94327108e-01 -1.80369679e+01]
 [ 9.95661238e-01  8.25703324e-02  4.29049994e-02 -1.73281771e+02]
 [ 0.00000000e+00  0.00000000e+00  0.00000000e+00  1.00000000e+00]]

[[-8.88262933e-02  9.92495566e-01  8.40383265e-02 -2.37466053e+02]
 [-4.71718880e-02 -8.84688988e-02  9.94961339e-01 -1.83421111e+01]
 [ 9.94929496e-01  8.44144812e-02  5.46762540e-02 -1.83040636e+02]
 [ 0.00000000e+00  0.00000000e+00  0.00000000e+00  1.00000000e+00]]

[[-8.83522687e-02  9.91682885e-01  9.35891655e-02 -2.46189384e+02]
 [-4.12177479e-02 -9.75159345e-02  9.94380078e-01 -1.92776828e+01]
 [ 9.95236140e-01  8.39982012e-02  4.94906892e-02 -1.77784699e+02]
 [ 0.00000000e+00  0.00000000e+00  0.00000000e+00  1.00000000e+00]]

[[-8.96433320e-02  9.91890839e-01  9.00923762e-02 -2.42781280e+02]
 [-2.43391830e-02 -9.26112308e-02  9.95404824e-01 -1.86038380e+01]
 [ 9.95676492e-01  8.70386303e-02  3.24437920e-02 -1.62528226e+02]
 [ 0.00000000e+00  0.00000000e+00  0.00000000e+00  1.00000000e+00]]

[[-9.04092221e-02  9.91556064e-01  9.29663585e-02 -2.46027860e+02]
 [-4.10640526e-02 -9.69808199e-02  9.94438768e-01 -1.86113648e+01]
 [ 9.95057745e-01  8.60888601e-02  4.94852708e-02 -1.77633699e+02]
 [ 0.00000000e+00  0.00000000e+00  0.00000000e+00  1.00000000e+00]]

[[-8.76466606e-02  9.90577352e-01  1.05235792e-01 -2.57091576e+02]
 [-3.06291410e-02 -1.08272227e-01  9.93649325e-01 -2.00870239e+01]
 [ 9.95680631e-01  8.38667632e-02  3.98302325e-02 -1.69764327e+02]
 [ 0.00000000e+00  0.00000000e+00  0.00000000e+00  1.00000000e+00]]

[[-8.98707166e-02  9.90397802e-01  1.05049739e-01 -2.57084389e+02]
 [-4.42237484e-02 -1.09340830e-01  9.93020062e-01 -1.89496458e+01]
 [ 9.94971112e-01  8.45977313e-02  5.36256420e-02 -1.81505004e+02]
 [ 0.00000000e+00  0.00000000e+00  0.00000000e+00  1.00000000e+00]]

[[-9.04012590e-02  9.90643411e-01  1.02241110e-01 -2.53984132e+02]
 [-4.35569615e-02 -1.06496133e-01  9.93358628e-01 -1.88099686e+01]
 [ 9.94952463e-01  8.53475585e-02  5.27768014e-02 -1.80477899e+02]
 [ 0.00000000e+00  0.00000000e+00  0.00000000e+00  1.00000000e+00]]

[[-9.25981578e-02  9.91574133e-01  9.05887429e-02 -2.43131169e+02]
 [-4.45115858e-02 -9.50109867e-02  9.94480584e-01 -1.75929058e+01]
 [ 9.94708148e-01  8.80548214e-02  5.29343794e-02 -1.80224342e+02]
 [ 0.00000000e+00  0.00000000e+00  0.00000000e+00  1.00000000e+00]]

[[-9.28529886e-02  9.92240435e-01  8.26876124e-02 -2.35958539e+02]
 [-4.69188203e-02 -8.73144738e-02  9.95075277e-01 -1.85285043e+01]
 [ 9.94573751e-01  8.85161081e-02  5.46621605e-02 -1.81411035e+02]
 [ 0.00000000e+00  0.00000000e+00  0.00000000e+00  1.00000000e+00]]

[[-9.08009139e-02  9.91187414e-01  9.64505287e-02 -2.49301190e+02]
 [-2.84383946e-02 -9.93918690e-02  9.94641902e-01 -1.95385633e+01]
 [ 9.95462933e-01  8.75714955e-02  3.72126513e-02 -1.65870980e+02]
 [ 0.00000000e+00  0.00000000e+00  0.00000000e+00  1.00000000e+00]]

[[-9.02501714e-02  9.91104263e-01  9.78122988e-02 -2.51047502e+02]
 [-3.48418094e-02 -1.01295073e-01  9.94246125e-01 -1.92331406e+01]
 [ 9.95309477e-01  8.63229257e-02  4.36737635e-02 -1.71507406e+02]
 [ 0.00000000e+00  0.00000000e+00  0.00000000e+00  1.00000000e+00]]

[[-9.07463789e-02  9.90593347e-01  1.02420285e-01 -2.54868398e+02]
 [-3.67063876e-02 -1.06101771e-01  9.93677541e-01 -1.95039761e+01]
 [ 9.95197335e-01  8.64131600e-02  4.59894549e-02 -1.73808613e+02]
 [ 0.00000000e+00  0.00000000e+00  0.00000000e+00  1.00000000e+00]]

[[-9.22756111e-02  9.90362411e-01  1.03283622e-01 -2.55367340e+02]
 [-3.78472754e-02 -1.07139640e-01  9.93523367e-01 -1.82948313e+01]
 [ 9.95013967e-01  8.77689722e-02  4.73688946e-02 -1.75075915e+02]
 [ 0.00000000e+00  0.00000000e+00  0.00000000e+00  1.00000000e+00]]

[[-9.05805756e-02  9.90798219e-01  1.00568626e-01 -2.53675057e+02]
 [-2.97546602e-02 -1.03631160e-01  9.94170631e-01 -1.87989288e+01]
 [ 9.95444534e-01  8.70601627e-02  3.88678345e-02 -1.66854472e+02]
 [ 0.00000000e+00  0.00000000e+00  0.00000000e+00  1.00000000e+00]]

[[-9.14275281e-02  9.90816895e-01  9.96136931e-02 -2.53038163e+02]
 [-3.78894843e-02 -1.03421484e-01  9.93915682e-01 -1.82164100e+01]
 [ 9.95090646e-01  8.70969425e-02  4.69971118e-02 -1.74374609e+02]
 [ 0.00000000e+00  0.00000000e+00  0.00000000e+00  1.00000000e+00]]

[[-9.00812365e-02  9.90141227e-01  1.07264723e-01 -2.60700877e+02]
 [-2.75460008e-02 -1.10138407e-01  9.93534473e-01 -1.95640518e+01]
 [ 9.95553408e-01  8.65440997e-02  3.71958349e-02 -1.65962777e+02]
 [ 0.00000000e+00  0.00000000e+00  0.00000000e+00  1.00000000e+00]]

[[-9.13053193e-02  9.90566171e-01  1.02186104e-01 -2.55974838e+02]
 [-3.17127294e-02 -1.05455022e-01  9.93918277e-01 -1.97669476e+01]
 [ 9.95317860e-01  8.75094253e-02  4.10421614e-02 -1.69315838e+02]
 [ 0.00000000e+00  0.00000000e+00  0.00000000e+00  1.00000000e+00]]

[[-9.09584008e-02  9.90761729e-01  1.00587109e-01 -2.54740495e+02]
 [-2.59514527e-02 -1.03329713e-01  9.94308550e-01 -1.94351889e+01]
 [ 9.95516495e-01  8.78303340e-02  3.51104116e-02 -1.64416482e+02]
 [ 0.00000000e+00  0.00000000e+00  0.00000000e+00  1.00000000e+00]]

[[-9.19364000e-02  9.90824115e-01  9.90720489e-02 -2.53003063e+02]
 [-3.85605000e-02 -1.02961314e-01  9.93937652e-01 -1.90890884e+01]
 [ 9.95017983e-01  8.75587818e-02  4.76725658e-02 -1.75324259e+02]
 [ 0.00000000e+00  0.00000000e+00  0.00000000e+00  1.00000000e+00]]

[[-9.08788574e-02  9.90851978e-01  9.97666855e-02 -2.53155805e+02]
 [-3.13342595e-02 -1.02976706e-01  9.94190104e-01 -1.98110521e+01]
 [ 9.95368875e-01  8.72247455e-02  4.04060184e-02 -1.68789083e+02]
 [ 0.00000000e+00  0.00000000e+00  0.00000000e+00  1.00000000e+00]]

[[-9.15150167e-02  9.90275455e-01  1.04783229e-01 -2.57540652e+02]
 [-3.63667206e-02 -1.08478163e-01  9.93433415e-01 -1.92564114e+01]
 [ 9.95139419e-01  8.71034532e-02  4.59404517e-02 -1.73065209e+02]
 [ 0.00000000e+00  0.00000000e+00  0.00000000e+00  1.00000000e+00]]

[[-9.33299738e-02  9.90407627e-01  1.01893316e-01 -2.54845146e+02]
 [-3.80083381e-02 -1.05809569e-01  9.93659751e-01 -1.90133730e+01]
 [ 9.94909484e-01  8.88654430e-02  4.75189522e-02 -1.73774236e+02]
 [ 0.00000000e+00  0.00000000e+00  0.00000000e+00  1.00000000e+00]]

[[-9.31473496e-02  9.90435123e-01  1.01793119e-01 -2.54298613e+02]
 [-2.95452022e-02 -1.04942182e-01  9.94039345e-01 -1.92176274e+01]
 [ 9.95213873e-01  8.95846321e-02  3.90376921e-02 -1.66084732e+02]
 [ 0.00000000e+00  0.00000000e+00  0.00000000e+00  1.00000000e+00]]

[[-9.19952123e-02  9.90232059e-01  1.04772846e-01 -2.57574196e+02]
 [-3.06019889e-02 -1.07980864e-01  9.93681866e-01 -1.93253024e+01]
 [ 9.95289103e-01  8.82077168e-02  4.02367930e-02 -1.66920699e+02]
 [ 0.00000000e+00  0.00000000e+00  0.00000000e+00  1.00000000e+00]]

[[-9.23016244e-02  9.90309148e-01  1.03769942e-01 -2.57625257e+02]
 [-3.08114611e-02 -1.07005509e-01  9.93780899e-01 -1.87442843e+01]
 [ 9.95254271e-01  8.85302877e-02  4.03896541e-02 -1.66586237e+02]
 [ 0.00000000e+00  0.00000000e+00  0.00000000e+00  1.00000000e+00]]

[[-9.27715964e-02  9.90490934e-01  1.01593015e-01 -2.55654148e+02]
 [-4.04040524e-02 -1.05693936e-01  9.93577528e-01 -1.80520533e+01]
 [ 9.94867299e-01  8.80710039e-02  4.98252427e-02 -1.74541145e+02]
 [ 0.00000000e+00  0.00000000e+00  0.00000000e+00  1.00000000e+00]]

[[-9.45362531e-02  9.89915491e-01  1.05499848e-01 -2.57883895e+02]
 [-2.84454747e-02 -1.08617209e-01  9.93676586e-01 -1.94373476e+01]
 [ 9.95114944e-01  9.09374680e-02  3.84268800e-02 -1.64476513e+02]
 [ 0.00000000e+00  0.00000000e+00  0.00000000e+00  1.00000000e+00]]

[[-9.33478350e-02  9.89189210e-01  1.13096810e-01 -2.64562423e+02]
 [-2.76169743e-02 -1.16121630e-01  9.92850981e-01 -1.90319553e+01]
 [ 9.95250463e-01  8.95570978e-02  3.81581157e-02 -1.64246647e+02]
 [ 0.00000000e+00  0.00000000e+00  0.00000000e+00  1.00000000e+00]]

[[-9.44492759e-02  9.89918206e-01  1.05552262e-01 -2.57952089e+02]
 [-3.04145519e-02 -1.08846008e-01  9.93593227e-01 -1.95917255e+01]
 [ 9.95064967e-01  9.06338362e-02  4.03883453e-02 -1.66695185e+02]
 [ 0.00000000e+00  0.00000000e+00  0.00000000e+00  1.00000000e+00]]

[[-9.51055221e-02  9.89910140e-01  1.05037399e-01 -2.57772912e+02]
 [-3.18037730e-02 -1.08483342e-01  9.93589394e-01 -1.98576998e+01]
 [ 9.94959024e-01  9.11552525e-02  4.18002423e-02 -1.67550494e+02]
 [ 0.00000000e+00  0.00000000e+00  0.00000000e+00  1.00000000e+00]]

[[-9.34206209e-02  9.89073297e-01  1.14046487e-01 -2.65833050e+02]
 [-2.71055506e-02 -1.17031575e-01  9.92758228e-01 -1.99178812e+01]
 [ 9.95257694e-01  8.96527972e-02  3.77425387e-02 -1.63752751e+02]
 [ 0.00000000e+00  0.00000000e+00  0.00000000e+00  1.00000000e+00]]

[[-9.42465865e-02  9.89871624e-01  1.06168489e-01 -2.58793204e+02]
 [-2.64342705e-02 -1.09093778e-01  9.93679917e-01 -1.93683056e+01]
 [ 9.95197875e-01  9.08444536e-02  3.64482505e-02 -1.62020972e+02]
 [ 0.00000000e+00  0.00000000e+00  0.00000000e+00  1.00000000e+00]]

[[-9.52121538e-02  9.89139356e-01  1.11973119e-01 -2.63892441e+02]
 [-3.25017045e-02 -1.15513114e-01  9.92774073e-01 -1.97027632e+01]
 [ 9.94926271e-01  9.08848405e-02  4.31469674e-02 -1.67762113e+02]
 [ 0.00000000e+00  0.00000000e+00  0.00000000e+00  1.00000000e+00]]

[[-9.53807590e-02  9.89914932e-01  1.04742247e-01 -2.57996133e+02]
 [-2.88572961e-02 -1.07927433e-01  9.93739868e-01 -1.97192348e+01]
 [ 9.95022496e-01  9.17610849e-02  3.88604688e-02 -1.63811031e+02]
 [ 0.00000000e+00  0.00000000e+00  0.00000000e+00  1.00000000e+00]]

[[-9.33901799e-02  9.89292878e-01  1.12151132e-01 -2.65026915e+02]
 [-2.64863301e-02 -1.15072174e-01  9.93003962e-01 -2.02135395e+01]
 [ 9.95277222e-01  8.97663468e-02  3.69493487e-02 -1.62236947e+02]
 [ 0.00000000e+00  0.00000000e+00  0.00000000e+00  1.00000000e+00]]

[[-9.29009089e-02  9.89418940e-01  1.11443179e-01 -2.64129162e+02]
 [-2.28492441e-02 -1.14016287e-01  9.93216088e-01 -1.93767596e+01]
 [ 9.95413147e-01  8.97242850e-02  3.31996915e-02 -1.59069379e+02]
 [ 0.00000000e+00  0.00000000e+00  0.00000000e+00  1.00000000e+00]]

[[-9.25034310e-02  9.89837034e-01  1.08008152e-01 -2.60994098e+02]
 [-3.29620928e-02 -1.11457960e-01  9.93222343e-01 -1.94781477e+01]
 [ 9.95166627e-01  8.83162997e-02  4.29373439e-02 -1.67830357e+02]
 [ 0.00000000e+00  0.00000000e+00  0.00000000e+00  1.00000000e+00]]

[[-9.49592348e-02  9.91140411e-01  9.28624181e-02 -2.47878231e+02]
 [-4.22712486e-02 -9.72144984e-02  9.94365367e-01 -1.87570686e+01]
 [ 9.94583272e-01  9.04987640e-02  5.11281571e-02 -1.74782033e+02]
 [ 0.00000000e+00  0.00000000e+00  0.00000000e+00  1.00000000e+00]]

[[-9.51645924e-02  9.90670243e-01  9.75508580e-02 -2.52133872e+02]
 [-4.05146958e-02 -1.01768911e-01  9.93982720e-01 -1.89813736e+01]
 [ 9.94636748e-01  9.06397171e-02  4.98215004e-02 -1.73354793e+02]
 [ 0.00000000e+00  0.00000000e+00  0.00000000e+00  1.00000000e+00]]

[[-9.37314813e-02  9.89675508e-01  1.08428767e-01 -2.61556646e+02]
 [-2.32130289e-02 -1.11051041e-01  9.93543568e-01 -1.99369646e+01]
 [ 9.95326863e-01  9.06093503e-02  3.33823448e-02 -1.59069157e+02]
 [ 0.00000000e+00  0.00000000e+00  0.00000000e+00  1.00000000e+00]]

[[-9.58185429e-02  9.88990601e-01  1.12767004e-01 -2.64862692e+02]
 [-3.20326667e-02 -1.16293248e-01  9.92698236e-01 -1.87264710e+01]
 [ 9.94883267e-01  9.15066707e-02  4.28230559e-02 -1.66958171e+02]
 [ 0.00000000e+00  0.00000000e+00  0.00000000e+00  1.00000000e+00]]

[[-9.56664702e-02  9.89138497e-01  1.11592832e-01 -2.63266566e+02]
 [-3.01073341e-02 -1.14931020e-01  9.92917121e-01 -1.88145346e+01]
 [ 9.94958027e-01  9.16291135e-02  4.07753682e-02 -1.63875978e+02]
 [ 0.00000000e+00  0.00000000e+00  0.00000000e+00  1.00000000e+00]]

[[-9.55310345e-02  9.89273965e-01  1.10502689e-01 -2.62131607e+02]
 [-2.76578791e-02 -1.13605462e-01  9.93140897e-01 -1.89770226e+01]
 [ 9.95042141e-01  9.18195072e-02  3.82140670e-02 -1.62520439e+02]
 [ 0.00000000e+00  0.00000000e+00  0.00000000e+00  1.00000000e+00]]

[[-9.70617085e-02  9.89220148e-01  1.09647272e-01 -2.61842401e+02]
 [-3.35469045e-02 -1.13356497e-01  9.92987870e-01 -1.88052610e+01]
 [ 9.94712838e-01  9.27027726e-02  4.41878491e-02 -1.67949438e+02]
 [ 0.00000000e+00  0.00000000e+00  0.00000000e+00  1.00000000e+00]]

[[-9.52717792e-02  9.88500543e-01  1.17430684e-01 -2.68936584e+02]
 [-3.25035774e-02 -1.20993481e-01  9.92121008e-01 -1.97031836e+01]
 [ 9.94920502e-01  9.07042163e-02  4.36570681e-02 -1.67651294e+02]
 [ 0.00000000e+00  0.00000000e+00  0.00000000e+00  1.00000000e+00]]

[[-9.59025092e-02  9.87939054e-01  1.21569466e-01 -2.72932557e+02]
 [-3.46907025e-02 -1.25375522e-01  9.91502664e-01 -1.92596668e+01]
 [ 9.94786039e-01  9.08702632e-02  4.62961269e-02 -1.70055679e+02]
 [ 0.00000000e+00  0.00000000e+00  0.00000000e+00  1.00000000e+00]]

[[-9.53285790e-02  9.88280717e-01  1.19221170e-01 -2.70865079e+02]
 [-3.15490176e-02 -1.22705973e-01  9.91941482e-01 -1.90813866e+01]
 [ 9.94945788e-01  9.07990611e-02  4.28766717e-02 -1.67170545e+02]
 [ 0.00000000e+00  0.00000000e+00  0.00000000e+00  1.00000000e+00]]

[[-9.65741589e-02  9.89746584e-01  1.05238448e-01 -2.58365111e+02]
 [-4.08481936e-02 -1.09584774e-01  9.93137756e-01 -1.84020312e+01]
 [ 9.94487233e-01  9.16126430e-02  5.10124175e-02 -1.74032161e+02]
 [ 0.00000000e+00  0.00000000e+00  0.00000000e+00  1.00000000e+00]]

[[-9.58561689e-02  9.89240754e-01  1.10518438e-01 -2.63156367e+02]
 [-3.43047360e-02 -1.14246859e-01  9.92859930e-01 -1.89623982e+01]
 [ 9.94803890e-01  9.13804433e-02  4.48869091e-02 -1.68530965e+02]
 [ 0.00000000e+00  0.00000000e+00  0.00000000e+00  1.00000000e+00]]

[[-9.55190343e-02  9.88712839e-01  1.15425456e-01 -2.67675436e+02]
 [-2.77065855e-02 -1.18551454e-01  9.92561282e-01 -1.97019050e+01]
 [ 9.95041938e-01  9.16104498e-02  3.87177772e-02 -1.62878705e+02]
 [ 0.00000000e+00  0.00000000e+00  0.00000000e+00  1.00000000e+00]]

[[-9.62777625e-02  9.89086526e-01  1.11527740e-01 -2.64061006e+02]
 [-3.53447103e-02 -1.15374857e-01  9.92693001e-01 -1.89648163e+01]
 [ 9.94726768e-01  9.16323453e-02  4.60670098e-02 -1.69483778e+02]
 [ 0.00000000e+00  0.00000000e+00  0.00000000e+00  1.00000000e+00]]

[[-9.78245293e-02  9.89677414e-01  1.04732887e-01 -2.57903331e+02]
 [-4.30573534e-02 -1.09347963e-01  9.93070535e-01 -1.82934837e+01]
 [ 9.94271807e-01  9.26371367e-02  5.33098032e-02 -1.75837931e+02]
 [ 0.00000000e+00  0.00000000e+00  0.00000000e+00  1.00000000e+00]]

[[-9.60741478e-02  9.90105191e-01  1.02281322e-01 -2.56111104e+02]
 [-4.04728366e-02 -1.06557462e-01  9.93482489e-01 -1.84053758e+01]
 [ 9.94551008e-01  9.13083683e-02  5.03097830e-02 -1.73278231e+02]
 [ 0.00000000e+00  0.00000000e+00  0.00000000e+00  1.00000000e+00]]

[[-9.62272330e-02  9.89620190e-01  1.06734245e-01 -2.60085618e+02]
 [-2.50513437e-02 -1.09605794e-01  9.93659398e-01 -1.88967643e+01]
 [ 9.95044094e-01  9.29432582e-02  3.53383778e-02 -1.59773147e+02]
 [ 0.00000000e+00  0.00000000e+00  0.00000000e+00  1.00000000e+00]]

[[-9.55502558e-02  9.88085583e-01  1.20652517e-01 -2.72482682e+02]
 [-3.89044891e-02 -1.24821367e-01  9.91416193e-01 -1.85558941e+01]
 [ 9.94664059e-01  9.00361462e-02  5.03676783e-02 -1.73171400e+02]
 [ 0.00000000e+00  0.00000000e+00  0.00000000e+00  1.00000000e+00]]

[[-9.64651252e-02  9.88690512e-01  1.14828353e-01 -2.66175859e+02]
 [-3.59446439e-02 -1.18751518e-01  9.92273178e-01 -1.83620103e+01]
 [ 9.94687118e-01  9.15922920e-02  4.69935085e-02 -1.70637398e+02]
 [ 0.00000000e+00  0.00000000e+00  0.00000000e+00  1.00000000e+00]]

[[-9.60054305e-02  9.88735486e-01  1.14826378e-01 -2.66669155e+02]
 [-3.12566278e-02 -1.18296959e-01  9.92486198e-01 -1.90331881e+01]
 [ 9.94889934e-01  9.16949794e-02  4.22616875e-02 -1.66171182e+02]
 [ 0.00000000e+00  0.00000000e+00  0.00000000e+00  1.00000000e+00]]

[[-9.72175131e-02  9.89135987e-01  1.10266741e-01 -2.62599060e+02]
 [-3.88194716e-02 -1.14475786e-01  9.92667287e-01 -1.76595093e+01]
 [ 9.94505809e-01  9.22241484e-02  4.95267875e-02 -1.72523434e+02]
 [ 0.00000000e+00  0.00000000e+00  0.00000000e+00  1.00000000e+00]]

[[-9.88030158e-02  9.90306454e-01  9.76273041e-02 -2.51320481e+02]
 [-3.79568385e-02 -1.01786456e-01  9.94081886e-01 -1.81232438e+01]
 [ 9.94382845e-01  9.45126645e-02  4.76457110e-02 -1.70450301e+02]
 [ 0.00000000e+00  0.00000000e+00  0.00000000e+00  1.00000000e+00]]

[[-9.69005651e-02  9.89616114e-01  1.06161324e-01 -2.59000401e+02]
 [-3.83691832e-02 -1.10298250e-01  9.93157642e-01 -1.86566748e+01]
 [ 9.94554215e-01  9.21642134e-02  4.86587248e-02 -1.70992914e+02]
 [ 0.00000000e+00  0.00000000e+00  0.00000000e+00  1.00000000e+00]]

[[-9.65603577e-02  9.88392159e-01  1.17290394e-01 -2.68729320e+02]
 [-3.25848801e-02 -1.20917038e-01  9.92127661e-01 -1.89088073e+01]
 [ 9.94793608e-01  9.19783084e-02  4.38824324e-02 -1.66849484e+02]
 [ 0.00000000e+00  0.00000000e+00  0.00000000e+00  1.00000000e+00]]

[[-9.67822275e-02  9.88396626e-01  1.17069679e-01 -2.68224677e+02]
 [-3.19239753e-02 -1.20644024e-01  9.92182382e-01 -1.86836383e+01]
 [ 9.94793476e-01  9.22882915e-02  4.32297469e-02 -1.66345400e+02]
 [ 0.00000000e+00  0.00000000e+00  0.00000000e+00  1.00000000e+00]]

[[-9.80919222e-02  9.87417178e-01  1.24037461e-01 -2.73187756e+02]
 [-3.77908813e-02 -1.28244548e-01  9.91022293e-01 -1.85768699e+01]
 [ 9.94459564e-01  9.25237967e-02  4.98951196e-02 -1.71882925e+02]
 [ 0.00000000e+00  0.00000000e+00  0.00000000e+00  1.00000000e+00]]

[[-9.69514378e-02  9.88063495e-01  1.19711942e-01 -2.70192256e+02]
 [-2.94987290e-02 -1.23078341e-01  9.91958440e-01 -1.98031055e+01]
 [ 9.94851870e-01  9.26404468e-02  4.10792394e-02 -1.63737323e+02]
 [ 0.00000000e+00  0.00000000e+00  0.00000000e+00  1.00000000e+00]]

[[-9.82553921e-02  9.88839596e-01  1.11991662e-01 -2.63603933e+02]
 [-3.77733251e-02 -1.16160890e-01  9.92511876e-01 -1.88221790e+01]
 [ 9.94444093e-01  9.32893460e-02  4.87651933e-02 -1.69867644e+02]
 [ 0.00000000e+00  0.00000000e+00  0.00000000e+00  1.00000000e+00]]

[[-9.71613039e-02  9.89357450e-01  1.08312128e-01 -2.60618606e+02]
 [-2.94465487e-02 -1.11636977e-01  9.93312683e-01 -1.87160578e+01]
 [ 9.94832942e-01  9.33221371e-02  3.99799566e-02 -1.61207198e+02]
 [ 0.00000000e+00  0.00000000e+00  0.00000000e+00  1.00000000e+00]]

[[-9.83137309e-02  9.88043510e-01  1.18762081e-01 -2.69778207e+02]
 [-3.33770569e-02 -1.22546919e-01  9.91901318e-01 -1.86721896e+01]
 [ 9.94595587e-01  9.35535905e-02  4.50260293e-02 -1.65681638e+02]
 [ 0.00000000e+00  0.00000000e+00  0.00000000e+00  1.00000000e+00]]

[[-9.75571145e-02  9.89164844e-01  1.09706523e-01 -2.61336192e+02]
 [-3.86215623e-02 -1.13912101e-01  9.92739849e-01 -1.86724149e+01]
 [ 9.94480258e-01  9.26117978e-02  4.93160275e-02 -1.69822969e+02]
 [ 0.00000000e+00  0.00000000e+00  0.00000000e+00  1.00000000e+00]]

[[-9.65169060e-02  9.88677977e-01  1.14892751e-01 -2.65870793e+02]
 [-3.34864010e-02 -1.18591773e-01  9.92378281e-01 -1.92248517e+01]
 [ 9.94767886e-01  9.19339365e-02  4.45533783e-02 -1.65687816e+02]
 [ 0.00000000e+00  0.00000000e+00  0.00000000e+00  1.00000000e+00]]

[[-9.74105966e-02  9.88561630e-01  1.15139390e-01 -2.66864216e+02]
 [-3.16628913e-02 -1.18709246e-01  9.92424091e-01 -1.98131548e+01]
 [ 9.94740487e-01  9.30269768e-02  4.28642579e-02 -1.64333650e+02]
 [ 0.00000000e+00  0.00000000e+00  0.00000000e+00  1.00000000e+00]]

[[-9.75278501e-02  9.88475329e-01  1.15779285e-01 -2.67880468e+02]
 [-2.99837606e-02 -1.19199374e-01  9.92417495e-01 -1.88905585e+01]
 [ 9.94781027e-01  9.33168463e-02  4.12634663e-02 -1.62528974e+02]
 [ 0.00000000e+00  0.00000000e+00  0.00000000e+00  1.00000000e+00]]

[[-9.75065187e-02  9.87742122e-01  1.21893307e-01 -2.73562208e+02]
 [-3.13293857e-02 -1.25462561e-01  9.91603558e-01 -1.98233901e+01]
 [ 9.94741649e-01  9.28689684e-02  4.31787715e-02 -1.64403482e+02]
 [ 0.00000000e+00  0.00000000e+00  0.00000000e+00  1.00000000e+00]]

[[-9.72624038e-02  9.86723393e-01  1.30065251e-01 -2.80707518e+02]
 [-2.62565329e-02 -1.33183306e-01  9.90743560e-01 -1.99187131e+01]
 [ 9.94912368e-01  9.29470377e-02  3.88616637e-02 -1.60723141e+02]
 [ 0.00000000e+00  0.00000000e+00  0.00000000e+00  1.00000000e+00]]

[[-9.77388486e-02  9.88713710e-01  1.13544344e-01 -2.65741934e+02]
 [-3.08340257e-02 -1.17044235e-01  9.92647928e-01 -1.93496159e+01]
 [ 9.94734327e-01  9.35192364e-02  4.19257927e-02 -1.63250881e+02]
 [ 0.00000000e+00  0.00000000e+00  0.00000000e+00  1.00000000e+00]]

[[-9.68497494e-02  9.88140496e-01  1.19157404e-01 -2.71654870e+02]
 [-2.28256689e-02 -1.21893846e-01  9.92280645e-01 -1.98852454e+01]
 [ 9.95037243e-01  9.33822844e-02  3.43603562e-02 -1.56544373e+02]
 [ 0.00000000e+00  0.00000000e+00  0.00000000e+00  1.00000000e+00]]

[[-9.85287956e-02  9.89042359e-01  1.09942203e-01 -2.63709191e+02]
 [-2.78895840e-02 -1.13180838e-01  9.93182898e-01 -1.99666191e+01]
 [ 9.94743307e-01  9.47908725e-02  3.87355516e-02 -1.59896294e+02]
 [ 0.00000000e+00  0.00000000e+00  0.00000000e+00  1.00000000e+00]]

[[-9.72972538e-02  9.88763643e-01  1.13488777e-01 -2.67298544e+02]
 [-2.95523938e-02 -1.16849756e-01  9.92709822e-01 -2.01669454e+01]
 [ 9.94816516e-01  9.32340745e-02  4.05894929e-02 -1.61383264e+02]
 [ 0.00000000e+00  0.00000000e+00  0.00000000e+00  1.00000000e+00]]

[[-9.84572936e-02  9.89222214e-01  1.08376994e-01 -2.62300892e+02]
 [-2.60080970e-02 -1.11426823e-01  9.93432253e-01 -1.90870685e+01]
 [ 9.94801357e-01  9.49919717e-02  3.66985708e-02 -1.57825744e+02]
 [ 0.00000000e+00  0.00000000e+00  0.00000000e+00  1.00000000e+00]]

[[-9.73530976e-02  9.89007450e-01  1.11295272e-01 -2.64858490e+02]
 [-2.24445618e-02 -1.13979724e-01  9.93229512e-01 -1.99759867e+01]
 [ 9.94996792e-01  9.41959960e-02  3.32941180e-02 -1.55241833e+02]
 [ 0.00000000e+00  0.00000000e+00  0.00000000e+00  1.00000000e+00]]

[[-9.81206778e-02  9.88448075e-01  1.15510764e-01 -2.68983843e+02]
 [-3.24325086e-02 -1.19185322e-01  9.92342175e-01 -1.95781193e+01]
 [ 9.94645899e-01  9.36229830e-02  4.37523953e-02 -1.64398265e+02]
 [ 0.00000000e+00  0.00000000e+00  0.00000000e+00  1.00000000e+00]]

[[-9.76821103e-02  9.88725312e-01  1.13492124e-01 -2.66980954e+02]
 [-3.12441827e-02 -1.17027936e-01  9.92637025e-01 -1.99119884e+01]
 [ 9.94727101e-01  9.34169107e-02  4.23234500e-02 -1.63526357e+02]
 [ 0.00000000e+00  0.00000000e+00  0.00000000e+00  1.00000000e+00]]

[[-9.91821745e-02  9.88910592e-01  1.10538402e-01 -2.63788984e+02]
 [-3.48870997e-02 -1.14473642e-01  9.92813515e-01 -1.98688656e+01]
 [ 9.94457534e-01  9.46130391e-02  4.58539672e-02 -1.66836871e+02]
 [ 0.00000000e+00  0.00000000e+00  0.00000000e+00  1.00000000e+00]]

[[-9.78156420e-02  9.88977210e-01  1.11158347e-01 -2.64488670e+02]
 [-2.48436010e-02 -1.14085685e-01  9.93160235e-01 -2.11664013e+01]
 [ 9.94894414e-01  9.43850323e-02  3.57291197e-02 -1.57913021e+02]
 [ 0.00000000e+00  0.00000000e+00  0.00000000e+00  1.00000000e+00]]

[[-9.76211264e-02  9.87883571e-01  1.20648935e-01 -2.72998262e+02]
 [-2.39447400e-02 -1.23524277e-01  9.92052621e-01 -2.10407490e+01]
 [ 9.94935558e-01  9.39563870e-02  3.57131944e-02 -1.57780580e+02]
 [ 0.00000000e+00  0.00000000e+00  0.00000000e+00  1.00000000e+00]]

[[-9.76440287e-02  9.88742681e-01  1.13373515e-01 -2.66922415e+02]
 [-3.33722653e-02 -1.17106752e-01  9.92558462e-01 -2.03013013e+01]
 [ 9.94661719e-01  9.31338759e-02  4.44313581e-02 -1.65315780e+02]
 [ 0.00000000e+00  0.00000000e+00  0.00000000e+00  1.00000000e+00]]

[[-9.81821661e-02  9.88842071e-01  1.12034018e-01 -2.65516713e+02]
 [-3.57100604e-02 -1.16006157e-01  9.92606349e-01 -2.00124909e+01]
 [ 9.94527553e-01  9.34554998e-02  4.67013458e-02 -1.67169939e+02]
 [ 0.00000000e+00  0.00000000e+00  0.00000000e+00  1.00000000e+00]]

[[-9.91982578e-02  9.88048318e-01  1.17984012e-01 -2.69907782e+02]
 [-3.59960806e-02 -1.22054360e-01  9.91870463e-01 -2.00418253e+01]
 [ 9.94416406e-01  9.41448599e-02  4.76734467e-02 -1.67889414e+02]
 [ 0.00000000e+00  0.00000000e+00  0.00000000e+00  1.00000000e+00]]

[[-9.67522800e-02  9.88370483e-01  1.17314894e-01 -2.69345417e+02]
 [-2.19052937e-02 -1.19953856e-01  9.92537773e-01 -2.08596652e+01]
 [ 9.95067412e-01  9.34604753e-02  3.32563548e-02 -1.55759338e+02]
 [ 0.00000000e+00  0.00000000e+00  0.00000000e+00  1.00000000e+00]]

[[-9.77320228e-02  9.88673896e-01  1.13896352e-01 -2.66747584e+02]
 [-2.88959866e-02 -1.17214976e-01  9.92686089e-01 -2.03862319e+01]
 [ 9.94793181e-01  9.37260721e-02  4.00243643e-02 -1.61215586e+02]
 [ 0.00000000e+00  0.00000000e+00  0.00000000e+00  1.00000000e+00]]

[[-9.90932186e-02  9.87725699e-01  1.20741365e-01 -2.72915913e+02]
 [-2.63226681e-02 -1.23898045e-01  9.91945760e-01 -2.10221803e+01]
 [ 9.94729939e-01  9.51168632e-02  3.82770318e-02 -1.59561514e+02]
 [ 0.00000000e+00  0.00000000e+00  0.00000000e+00  1.00000000e+00]]

[[-9.68102328e-02  9.88625978e-01  1.15093244e-01 -2.67883977e+02]
 [-1.96352205e-02 -1.17510949e-01  9.92877452e-01 -2.10992323e+01]
 [ 9.95109158e-01  9.38608161e-02  3.07881514e-02 -1.53056908e+02]
 [ 0.00000000e+00  0.00000000e+00  0.00000000e+00  1.00000000e+00]]

[[-9.62112246e-02  9.88234569e-01  1.18894223e-01 -2.71199458e+02]
 [-2.57238682e-02 -1.21877113e-01  9.92211798e-01 -2.01154437e+01]
 [ 9.95028483e-01  9.24034928e-02  3.71471621e-02 -1.58909056e+02]
 [ 0.00000000e+00  0.00000000e+00  0.00000000e+00  1.00000000e+00]]

[[-9.69536130e-02  9.88962415e-01  1.12041680e-01 -2.65061380e+02]
 [-2.24915435e-02 -1.14720302e-01  9.93143183e-01 -2.09832009e+01]
 [ 9.95034737e-01  9.37688296e-02  3.33658390e-02 -1.55561435e+02]
 [ 0.00000000e+00  0.00000000e+00  0.00000000e+00  1.00000000e+00]]

[[-9.70741773e-02  9.87970072e-01  1.20381645e-01 -2.72781844e+02]
 [-2.38569127e-02 -1.23227931e-01  9.92091591e-01 -2.11624961e+01]
 [ 9.94991182e-01  9.34345406e-02  3.55321658e-02 -1.57087850e+02]
 [ 0.00000000e+00  0.00000000e+00  0.00000000e+00  1.00000000e+00]]

[[-9.93549569e-02  9.89011757e-01  1.09472994e-01 -2.62887477e+02]
 [-3.41634238e-02 -1.13342968e-01  9.92968394e-01 -1.99169859e+01]
 [ 9.94465411e-01  9.49163597e-02  4.50492136e-02 -1.65679542e+02]
 [ 0.00000000e+00  0.00000000e+00  0.00000000e+00  1.00000000e+00]]

[[-9.95709118e-02  9.88691328e-01  1.12138719e-01 -2.64519854e+02]
 [-3.52774910e-02 -1.16135593e-01  9.92606681e-01 -1.93647202e+01]
 [ 9.94404914e-01  9.48787796e-02  4.64422762e-02 -1.66413932e+02]
 [ 0.00000000e+00  0.00000000e+00  0.00000000e+00  1.00000000e+00]]

[[-9.73677868e-02  9.87417369e-01  1.24605191e-01 -2.75666895e+02]
 [-2.26621113e-02 -1.27367271e-01  9.91596696e-01 -2.00357995e+01]
 [ 9.94990423e-01  9.37257589e-02  3.47784316e-02 -1.56611783e+02]
 [ 0.00000000e+00  0.00000000e+00  0.00000000e+00  1.00000000e+00]]

[[-9.76085805e-02  9.88792488e-01  1.12968939e-01 -2.65158810e+02]
 [-1.72306780e-02 -1.15172962e-01  9.93195999e-01 -2.08993919e+01]
 [ 9.95075710e-01  9.49979202e-02  2.82794343e-02 -1.50559945e+02]
 [ 0.00000000e+00  0.00000000e+00  0.00000000e+00  1.00000000e+00]]

[[-9.63765175e-02  9.88877029e-01  1.13286311e-01 -2.65632215e+02]
 [-2.53975335e-02 -1.16222267e-01  9.92898459e-01 -2.00926597e+01]
 [ 9.95020870e-01  9.28149028e-02  3.63161347e-02 -1.58260415e+02]
 [ 0.00000000e+00  0.00000000e+00  0.00000000e+00  1.00000000e+00]]

[[-9.73566067e-02  9.85887084e-01  1.36192320e-01 -2.85923084e+02]
 [-2.42037936e-02 -1.39147283e-01  9.89975863e-01 -2.04329772e+01]
 [ 9.94955209e-01  9.30843200e-02  3.74091148e-02 -1.59242629e+02]
 [ 0.00000000e+00  0.00000000e+00  0.00000000e+00  1.00000000e+00]]

[[-9.67505664e-02  9.87966449e-01  1.20671555e-01 -2.72177369e+02]
 [-1.56996592e-02 -1.22740103e-01  9.92314662e-01 -2.11253808e+01]
 [ 9.95184831e-01  9.41125033e-02  2.73859110e-02 -1.49565383e+02]
 [ 0.00000000e+00  0.00000000e+00  0.00000000e+00  1.00000000e+00]]

[[-9.74220002e-02  9.88387959e-01  1.16611302e-01 -2.70516679e+02]
 [-2.81776899e-02 -1.19860933e-01  9.92390737e-01 -1.98523856e+01]
 [ 9.94844195e-01  9.33948534e-02  3.95275813e-02 -1.61126884e+02]
 [ 0.00000000e+00  0.00000000e+00  0.00000000e+00  1.00000000e+00]]

[[-9.63055748e-02  9.88472686e-01  1.16820308e-01 -2.71390310e+02]
 [-1.30881429e-02 -1.18613294e-01  9.92854263e-01 -2.10276566e+01]
 [ 9.95265762e-01  9.40884396e-02  2.43603933e-02 -1.47830591e+02]
 [ 0.00000000e+00  0.00000000e+00  0.00000000e+00  1.00000000e+00]]

[[-9.69754428e-02  9.89404028e-01  1.08052918e-01 -2.64112603e+02]
 [-2.68509717e-02 -1.11125845e-01  9.93443542e-01 -2.06764016e+01]
 [ 9.94924514e-01  9.34383016e-02  3.73429375e-02 -1.59461248e+02]
 [ 0.00000000e+00  0.00000000e+00  0.00000000e+00  1.00000000e+00]]

[[-9.63338143e-02  9.89205999e-01  1.10414166e-01 -2.67270302e+02]
 [-1.44887092e-02 -1.12311959e-01  9.93567361e-01 -2.19153606e+01]
 [ 9.95243625e-01  9.41143749e-02  2.51517575e-02 -1.48487542e+02]
 [ 0.00000000e+00  0.00000000e+00  0.00000000e+00  1.00000000e+00]]

[[-9.74303484e-02  9.89727629e-01  1.04625753e-01 -2.62567251e+02]
 [-2.57664150e-02 -1.07599123e-01  9.93860413e-01 -2.14149718e+01]
 [ 9.94908749e-01  9.41363357e-02  3.59851529e-02 -1.58209750e+02]
 [ 0.00000000e+00  0.00000000e+00  0.00000000e+00  1.00000000e+00]]

[[-9.63129812e-02  9.88958344e-01  1.12628611e-01 -2.70370542e+02]
 [-1.98989073e-02 -1.15045149e-01  9.93160937e-01 -2.17628847e+01]
 [ 9.95152171e-01  9.34131044e-02  3.07595317e-02 -1.53934198e+02]
 [ 0.00000000e+00  0.00000000e+00  0.00000000e+00  1.00000000e+00]]

[[-9.62472896e-02  9.89624369e-01  1.06677396e-01 -2.65563574e+02]
 [-1.71773663e-02 -1.08810419e-01  9.93914096e-01 -2.12510564e+01]
 [ 9.95209223e-01  9.38291012e-02  2.74718482e-02 -1.50968758e+02]
 [ 0.00000000e+00  0.00000000e+00  0.00000000e+00  1.00000000e+00]]

[[-9.73750523e-02  9.88987360e-01  1.11454482e-01 -2.69911657e+02]
 [-2.85204198e-02 -1.14713564e-01  9.92989116e-01 -2.10043564e+01]
 [ 9.94839025e-01  9.35136384e-02  3.93765740e-02 -1.61969242e+02]
 [ 0.00000000e+00  0.00000000e+00  0.00000000e+00  1.00000000e+00]]

[[-9.83037261e-02  9.89009080e-01  1.10441914e-01 -2.69396772e+02]
 [-3.11554101e-02 -1.13983635e-01  9.92993994e-01 -2.14692676e+01]
 [ 9.94668647e-01  9.41741465e-02  4.20179995e-02 -1.64182474e+02]
 [ 0.00000000e+00  0.00000000e+00  0.00000000e+00  1.00000000e+00]]

[[-9.79137780e-02  9.88295202e-01  1.16984982e-01 -2.75473272e+02]
 [-2.76847237e-02 -1.20209247e-01  9.92362481e-01 -2.12268647e+01]
 [ 9.94809755e-01  9.39272627e-02  3.91308212e-02 -1.62084154e+02]
 [ 0.00000000e+00  0.00000000e+00  0.00000000e+00  1.00000000e+00]]

[[-9.76968991e-02  9.89094418e-01  1.10215918e-01 -2.69464401e+02]
 [-2.53917097e-02 -1.13186933e-01  9.93249203e-01 -2.14199607e+01]
 [ 9.94892244e-01  9.42387965e-02  3.61728108e-02 -1.59598204e+02]
 [ 0.00000000e+00  0.00000000e+00  0.00000000e+00  1.00000000e+00]]

[[-9.77383165e-02  9.89173408e-01  1.09467755e-01 -2.69426425e+02]
 [-2.42613903e-02 -1.12329921e-01  9.93374740e-01 -2.22626764e+01]
 [ 9.94916382e-01  9.44349348e-02  3.49776595e-02 -1.58158189e+02]
 [ 0.00000000e+00  0.00000000e+00  0.00000000e+00  1.00000000e+00]]

[[-9.93471236e-02  9.90010318e-01  1.00048589e-01 -2.61025703e+02]
 [-3.01705262e-02 -1.03496770e-01  9.94172097e-01 -2.20435214e+01]
 [ 9.94595339e-01  9.57496196e-02  4.01512386e-02 -1.62192477e+02]
 [ 0.00000000e+00  0.00000000e+00  0.00000000e+00  1.00000000e+00]]

[[-9.86414580e-02  9.90539679e-01  9.53991989e-02 -2.56852303e+02]
 [-2.76437968e-02 -9.85573079e-02  9.94747344e-01 -2.16925593e+01]
 [ 9.94739003e-01  9.54861322e-02  3.71041142e-02 -1.59745922e+02]
 [ 0.00000000e+00  0.00000000e+00  0.00000000e+00  1.00000000e+00]]

[[-9.66140748e-02  9.90148046e-01  1.01353679e-01 -2.62261996e+02]
 [-1.74383309e-02 -1.03498326e-01  9.94476747e-01 -2.20877957e+01]
 [ 9.95169144e-01  9.43130119e-02  2.72659242e-02 -1.51406201e+02]
 [ 0.00000000e+00  0.00000000e+00  0.00000000e+00  1.00000000e+00]]

[[-9.67813470e-02  9.90120483e-01  1.01463294e-01 -2.62176553e+02]
 [-1.79967302e-02 -1.03666023e-01  9.94449332e-01 -2.18923584e+01]
 [ 9.95142949e-01  9.44181384e-02  2.78518685e-02 -1.52063598e+02]
 [ 0.00000000e+00  0.00000000e+00  0.00000000e+00  1.00000000e+00]]

[[-9.64491653e-02  9.88828832e-01  1.13644623e-01 -2.73361670e+02]
 [-2.63764119e-02 -1.16676013e-01  9.92819718e-01 -2.23949085e+01]
 [ 9.94988363e-01  9.27590957e-02  3.73350606e-02 -1.60571978e+02]
 [ 0.00000000e+00  0.00000000e+00  0.00000000e+00  1.00000000e+00]]

[[-9.66146114e-02  9.88183136e-01  1.18994567e-01 -2.77278659e+02]
 [-2.04156820e-02 -1.21496214e-01  9.92381917e-01 -2.27380909e+01]
 [ 9.95112464e-01  9.34492380e-02  3.19127422e-02 -1.55946668e+02]
 [ 0.00000000e+00  0.00000000e+00  0.00000000e+00  1.00000000e+00]]

[[-9.57098531e-02  9.89178084e-01  1.11204058e-01 -2.70657557e+02]
 [-2.50409065e-02 -1.14074207e-01  9.93156598e-01 -2.26784902e+01]
 [ 9.95094255e-01  9.22702217e-02  3.56879415e-02 -1.59175604e+02]
 [ 0.00000000e+00  0.00000000e+00  0.00000000e+00  1.00000000e+00]]

[[-9.54575952e-02  9.90286416e-01  1.01097285e-01 -2.61744530e+02]
 [-1.97319573e-02 -1.03423531e-01  9.94441664e-01 -2.27753276e+01]
 [ 9.95237910e-01  9.29321625e-02  2.94128508e-02 -1.53327415e+02]
 [ 0.00000000e+00  0.00000000e+00  0.00000000e+00  1.00000000e+00]]

[[-9.68496703e-02  9.90088257e-01  1.01712267e-01 -2.62306989e+02]
 [-2.31048951e-02 -1.04401633e-01  9.94266797e-01 -2.26928264e+01]
 [ 9.95030806e-01  9.39443602e-02  3.29871490e-02 -1.56155087e+02]
 [ 0.00000000e+00  0.00000000e+00  0.00000000e+00  1.00000000e+00]]

[[-9.65044938e-02  9.90007344e-01  1.02821892e-01 -2.63251820e+02]
 [-1.50822675e-02 -1.04746706e-01  9.94384560e-01 -2.29168519e+01]
 [ 9.95218271e-01  9.44117913e-02  2.50400834e-02 -1.49135359e+02]
 [ 0.00000000e+00  0.00000000e+00  0.00000000e+00  1.00000000e+00]]

[[-9.69175083e-02  9.90289061e-01  9.96723267e-02 -2.60414662e+02]
 [-1.14224503e-02 -1.01243847e-01  9.94796065e-01 -2.32913674e+01]
 [ 9.95226871e-01  9.52746537e-02  2.11238289e-02 -1.45514573e+02]
 [ 0.00000000e+00  0.00000000e+00  0.00000000e+00  1.00000000e+00]]

[[-9.88264686e-02  9.90257394e-01  9.81000607e-02 -2.59036800e+02]
 [-2.90364690e-02 -1.01410318e-01  9.94420852e-01 -2.20827634e+01]
 [ 9.94680960e-01  9.54266217e-02  3.87756018e-02 -1.61152639e+02]
 [ 0.00000000e+00  0.00000000e+00  0.00000000e+00  1.00000000e+00]]

[[-9.49992484e-02  9.89345605e-01  1.10319615e-01 -2.69755423e+02]
 [-1.39085639e-02 -1.12129133e-01  9.93596301e-01 -2.23785773e+01]
 [ 9.95380176e-01  9.28565144e-02  2.44125600e-02 -1.49206460e+02]
 [ 0.00000000e+00  0.00000000e+00  0.00000000e+00  1.00000000e+00]]

[[-9.78630092e-02  9.89839163e-01  1.03156501e-01 -2.63442043e+02]
 [-2.60978136e-02 -1.06170910e-01  9.94005353e-01 -2.21991318e+01]
 [ 9.94857646e-01  9.45841959e-02  3.62228427e-02 -1.59140706e+02]
 [ 0.00000000e+00  0.00000000e+00  0.00000000e+00  1.00000000e+00]]

[[-9.66353461e-02  9.89096579e-01  1.11128604e-01 -2.70724067e+02]
 [-2.77954646e-02 -1.14289383e-01  9.93058583e-01 -2.24985029e+01]
 [ 9.94931667e-01  9.28756887e-02  3.85367930e-02 -1.61341471e+02]
 [ 0.00000000e+00  0.00000000e+00  0.00000000e+00  1.00000000e+00]]

[[-9.48756765e-02  9.88928605e-01  1.14100043e-01 -2.73192462e+02]
 [-2.19359985e-02 -1.16666082e-01  9.92928919e-01 -2.24153485e+01]
 [ 9.95247415e-01  9.17019045e-02  3.27619098e-02 -1.56751813e+02]
 [ 0.00000000e+00  0.00000000e+00  0.00000000e+00  1.00000000e+00]]

[[-9.68904032e-02  9.90122592e-01  1.01338557e-01 -2.61936402e+02]
 [-2.34216909e-02 -1.04057623e-01  9.94295447e-01 -2.21124992e+01]
 [ 9.95019434e-01  9.39641664e-02  3.32725304e-02 -1.56513285e+02]
 [ 0.00000000e+00  0.00000000e+00  0.00000000e+00  1.00000000e+00]]

[[-9.61856225e-02  9.89203344e-01  1.10567036e-01 -2.70135251e+02]
 [-2.65632845e-02 -1.13593536e-01  9.93172140e-01 -2.20183073e+01]
 [ 9.95008903e-01  9.25918570e-02  3.72025549e-02 -1.60349447e+02]
 [ 0.00000000e+00  0.00000000e+00  0.00000000e+00  1.00000000e+00]]

[[-9.74424611e-02  9.90164344e-01  1.00396902e-01 -2.60879814e+02]
 [-2.24678759e-02 -1.03039823e-01  9.94423446e-01 -2.22825884e+01]
 [ 9.94987518e-01  9.46433628e-02  3.22873435e-02 -1.55789686e+02]
 [ 0.00000000e+00  0.00000000e+00  0.00000000e+00  1.00000000e+00]]

[[-9.62725481e-02  9.89647022e-01  1.06444204e-01 -2.66530180e+02]
 [-1.84788005e-02 -1.08699566e-01  9.93902882e-01 -2.31811120e+01]
 [ 9.95183466e-01  9.37186018e-02  2.87522741e-02 -1.52470972e+02]
 [ 0.00000000e+00  0.00000000e+00  0.00000000e+00  1.00000000e+00]]

[[-9.73216872e-02  9.90082286e-01  1.01319083e-01 -2.62081232e+02]
 [-2.76968338e-02 -1.04457201e-01  9.94143641e-01 -2.27875290e+01]
 [ 9.94867516e-01  9.39455187e-02  3.75880956e-02 -1.60148181e+02]
 [ 0.00000000e+00  0.00000000e+00  0.00000000e+00  1.00000000e+00]]

[[-9.63077313e-02  9.90232790e-01  1.00815887e-01 -2.61330526e+02]
 [-1.58744551e-02 -1.02801899e-01  9.94575171e-01 -2.25544008e+01]
 [ 9.95225011e-01  9.41848811e-02  2.56200236e-02 -1.49762221e+02]
 [ 0.00000000e+00  0.00000000e+00  0.00000000e+00  1.00000000e+00]]

[[-9.44347703e-02  9.89065462e-01  1.13276590e-01 -2.72655488e+02]
 [-2.47840946e-02 -1.16085541e-01  9.92929955e-01 -2.23365273e+01]
 [ 9.95222499e-01  9.09596545e-02  3.54756034e-02 -1.58854156e+02]
 [ 0.00000000e+00  0.00000000e+00  0.00000000e+00  1.00000000e+00]]

[[-9.54178359e-02  9.89692734e-01  1.06788242e-01 -2.66754431e+02]
 [-1.88364228e-02 -1.09053658e-01  9.93857379e-01 -2.24893030e+01]
 [ 9.95259075e-01  9.28202118e-02  2.90479348e-02 -1.53083670e+02]
 [ 0.00000000e+00  0.00000000e+00  0.00000000e+00  1.00000000e+00]]

[[-9.57406481e-02  9.88547193e-01  1.16654086e-01 -2.75401514e+02]
 [-2.11342177e-02 -1.19184748e-01  9.92647138e-01 -2.23183651e+01]
 [ 9.95181930e-01  9.25712875e-02  3.23029966e-02 -1.56197464e+02]
 [ 0.00000000e+00  0.00000000e+00  0.00000000e+00  1.00000000e+00]]

[[-9.50560137e-02  9.89168273e-01  1.11850269e-01 -2.71085156e+02]
 [-1.56349720e-02 -1.13828685e-01  9.93377359e-01 -2.25867943e+01]
 [ 9.95349136e-01  9.26777160e-02  2.62857193e-02 -1.50974511e+02]
 [ 0.00000000e+00  0.00000000e+00  0.00000000e+00  1.00000000e+00]]

[[-9.61861683e-02  9.87894941e-01  1.21703766e-01 -2.80076873e+02]
 [-2.10504748e-02 -1.24262278e-01  9.92026090e-01 -2.24393502e+01]
 [ 9.95140743e-01  9.28572664e-02  3.27479700e-02 -1.56521915e+02]
 [ 0.00000000e+00  0.00000000e+00  0.00000000e+00  1.00000000e+00]]

[[-9.63034834e-02  9.89262499e-01  1.09933380e-01 -2.69590354e+02]
 [-2.77361290e-02 -1.13070987e-01  9.93199708e-01 -2.22350985e+01]
 [ 9.94965500e-01  9.25994651e-02  3.83274422e-02 -1.61311249e+02]
 [ 0.00000000e+00  0.00000000e+00  0.00000000e+00  1.00000000e+00]]

[[-9.85041560e-02  9.89392199e-01  1.06770822e-01 -2.66598077e+02]
 [-3.56989780e-02 -1.10736850e-01  9.93208404e-01 -2.14871271e+01]
 [ 9.94496111e-01  9.40235463e-02  4.62283303e-02 -1.67989436e+02]
 [ 0.00000000e+00  0.00000000e+00  0.00000000e+00  1.00000000e+00]]

[[-9.71612258e-02  9.89378262e-01  1.08121926e-01 -2.67922745e+02]
 [-1.62470955e-02 -1.10198149e-01  9.93776836e-01 -2.21799548e+01]
 [ 9.95136035e-01  9.47999083e-02  2.67815104e-02 -1.50566924e+02]
 [ 0.00000000e+00  0.00000000e+00  0.00000000e+00  1.00000000e+00]]

[[-9.74639021e-02  9.90086845e-01  1.01137669e-01 -2.62147100e+02]
 [-3.51528892e-02 -1.04982779e-01  9.93852550e-01 -2.04403576e+01]
 [ 9.94618048e-01  9.33094663e-02  4.50364444e-02 -1.66441185e+02]
 [ 0.00000000e+00  0.00000000e+00  0.00000000e+00  1.00000000e+00]]

[[-9.81730367e-02  9.89648223e-01  1.04682618e-01 -2.64715256e+02]
 [-2.35499693e-02 -1.07471605e-01  9.93929199e-01 -2.10795138e+01]
 [ 9.94890674e-01  9.51117753e-02  3.38569991e-02 -1.56945232e+02]
 [ 0.00000000e+00  0.00000000e+00  0.00000000e+00  1.00000000e+00]]

[[-1.00335586e-01  9.89045670e-01  1.08265566e-01 -2.66869364e+02]
 [-3.06595512e-02 -1.11836495e-01  9.93253538e-01 -2.02646001e+01]
 [ 9.94481152e-01  9.63393023e-02  4.15448767e-02 -1.63273248e+02]
 [ 0.00000000e+00  0.00000000e+00  0.00000000e+00  1.00000000e+00]]

[[-9.76354282e-02  9.89788230e-01  1.03858475e-01 -2.63888244e+02]
 [-1.85722578e-02 -1.06150961e-01  9.94176566e-01 -2.15381203e+01]
 [ 9.95048941e-01  9.51379684e-02  2.87466967e-02 -1.51733973e+02]
 [ 0.00000000e+00  0.00000000e+00  0.00000000e+00  1.00000000e+00]]

[[-9.95100121e-02  9.89538545e-01  1.04456816e-01 -2.64333285e+02]
 [-3.03968110e-02 -1.07951951e-01  9.93691305e-01 -2.07325910e+01]
 [ 9.94572165e-01  9.57070798e-02  4.08211161e-02 -1.62297663e+02]
 [ 0.00000000e+00  0.00000000e+00  0.00000000e+00  1.00000000e+00]]

[[-9.90010641e-02  9.89694877e-01  1.03454534e-01 -2.63195035e+02]
 [-1.81150621e-02 -1.05740550e-01  9.94228737e-01 -2.21156127e+01]
 [ 9.94922426e-01  9.65556175e-02  2.83968112e-02 -1.50843707e+02]
 [ 0.00000000e+00  0.00000000e+00  0.00000000e+00  1.00000000e+00]]

[[-9.78629818e-02  9.88766957e-01  1.12972307e-01 -2.72010253e+02]
 [-2.76991123e-02 -1.16179409e-01  9.92841933e-01 -2.19503955e+01]
 [ 9.94814353e-01  9.40332394e-02  3.87576304e-02 -1.60268546e+02]
 [ 0.00000000e+00  0.00000000e+00  0.00000000e+00  1.00000000e+00]]

[[-1.00758272e-01  9.88820716e-01  1.09915251e-01 -2.69332153e+02]
 [-2.95207577e-02 -1.13400209e-01  9.93110728e-01 -2.22910577e+01]
 [ 9.94472873e-01  9.68193397e-02  4.06167459e-02 -1.60346352e+02]
 [ 0.00000000e+00  0.00000000e+00  0.00000000e+00  1.00000000e+00]]

[[-1.02148187e-01  9.88538324e-01  1.11165330e-01 -2.69875461e+02]
 [-2.71711642e-02 -1.14480782e-01  9.93053814e-01 -2.09255495e+01]
 [ 9.94398047e-01  9.84181555e-02  3.85537415e-02 -1.57319852e+02]
 [ 0.00000000e+00  0.00000000e+00  0.00000000e+00  1.00000000e+00]]

[[-9.99042674e-02  9.88951302e-01  1.09519224e-01 -2.68778853e+02]
 [-1.25958658e-02 -1.11318101e-01  9.93704999e-01 -2.18048379e+01]
 [ 9.94917324e-01  9.78958804e-02  2.35778512e-02 -1.45242161e+02]
 [ 0.00000000e+00  0.00000000e+00  0.00000000e+00  1.00000000e+00]]

[[-9.88576778e-02  9.89647788e-01  1.04040445e-01 -2.64581252e+02]
 [-1.53754998e-02 -1.06059203e-01  9.94240936e-01 -2.41621226e+01]
 [ 9.94982791e-01  9.66886763e-02  2.57010959e-02 -1.46749298e+02]
 [ 0.00000000e+00  0.00000000e+00  0.00000000e+00  1.00000000e+00]]

[[-1.01037468e-01  9.89196944e-01  1.06211278e-01 -2.66631750e+02]
 [-1.36541989e-02 -1.08126299e-01  9.94043393e-01 -2.35029082e+01]
 [ 9.94788919e-01  9.89853979e-02  2.44314994e-02 -1.45420648e+02]
 [ 0.00000000e+00  0.00000000e+00  0.00000000e+00  1.00000000e+00]]

[[-9.94365640e-02  9.88832778e-01  1.11004990e-01 -2.70804580e+02]
 [-1.55067195e-02 -1.13084276e-01  9.93464387e-01 -2.29276443e+01]
 [ 9.94923068e-01  9.70653619e-02  2.65782644e-02 -1.47197635e+02]
 [ 0.00000000e+00  0.00000000e+00  0.00000000e+00  1.00000000e+00]]

[[-9.69385771e-02  9.89324211e-01  1.08814141e-01 -2.70308358e+02]
 [-1.61793746e-02 -1.10880975e-01  9.93701986e-01 -2.22588727e+01]
 [ 9.95158852e-01  9.45675118e-02  2.67552909e-02 -1.48019127e+02]
 [ 0.00000000e+00  0.00000000e+00  0.00000000e+00  1.00000000e+00]]

[[-9.78933256e-02  9.89340121e-01  1.07810119e-01 -2.69180201e+02]
 [-1.88115067e-02 -1.10150604e-01  9.93736872e-01 -2.23543742e+01]
 [ 9.95019107e-01  9.52521365e-02  2.93939872e-02 -1.50140472e+02]
 [ 0.00000000e+00  0.00000000e+00  0.00000000e+00  1.00000000e+00]]

[[-9.79900733e-02  9.89042942e-01  1.10417411e-01 -2.71203483e+02]
 [-1.50411240e-02 -1.12410568e-01  9.93548000e-01 -2.30092211e+01]
 [ 9.95073721e-01  9.56970394e-02  2.58914374e-02 -1.47087664e+02]
 [ 0.00000000e+00  0.00000000e+00  0.00000000e+00  1.00000000e+00]]

[[-9.92258316e-02  9.89182096e-01  1.08041725e-01 -2.69144768e+02]
 [-1.48477109e-02 -1.10037304e-01  9.93816551e-01 -2.23121475e+01]
 [ 9.94954160e-01  9.70081015e-02  2.56056328e-02 -1.46403804e+02]
 [ 0.00000000e+00  0.00000000e+00  0.00000000e+00  1.00000000e+00]]

[[-9.85790921e-02  9.89005984e-01  1.10223979e-01 -2.71037553e+02]
 [-5.50525833e-03 -1.11303792e-01  9.93771180e-01 -2.25098217e+01]
 [ 9.95113991e-01  9.73582492e-02  1.64169602e-02 -1.38517336e+02]
 [ 0.00000000e+00  0.00000000e+00  0.00000000e+00  1.00000000e+00]]

[[-9.80245151e-02  9.89541920e-01  1.05820527e-01 -2.67185269e+02]
 [-7.49355693e-03 -1.07063533e-01  9.94223942e-01 -2.23495736e+01]
 [ 9.95155787e-01  9.66653477e-02  1.79100396e-02 -1.40063527e+02]
 [ 0.00000000e+00  0.00000000e+00  0.00000000e+00  1.00000000e+00]]

[[-9.91036354e-02  9.89510805e-01  1.05103929e-01 -2.67142929e+02]
 [-1.29409992e-02 -1.06896606e-01  9.94185921e-01 -2.27086395e+01]
 [ 9.94992965e-01  9.71672892e-02  2.33991008e-02 -1.44994329e+02]
 [ 0.00000000e+00  0.00000000e+00  0.00000000e+00  1.00000000e+00]]

[[-9.76662283e-02  9.89007117e-01  1.11023559e-01 -2.71728365e+02]
 [-9.75999568e-03 -1.12503345e-01  9.93603412e-01 -2.22984343e+01]
 [ 9.95171367e-01  9.59579082e-02  2.06404825e-02 -1.42758427e+02]
 [ 0.00000000e+00  0.00000000e+00  0.00000000e+00  1.00000000e+00]]

[[-9.81645881e-02  9.89513566e-01  1.05955730e-01 -2.67552681e+02]
 [-4.01402258e-03 -1.06862790e-01  9.94265675e-01 -2.23143406e+01]
 [ 9.95162098e-01  9.71763717e-02  1.44620715e-02 -1.37412151e+02]
 [ 0.00000000e+00  0.00000000e+00  0.00000000e+00  1.00000000e+00]]

[[-9.86053221e-02  9.89314253e-01  1.07397854e-01 -2.68269492e+02]
 [-1.21296151e-02 -1.09110672e-01  9.93955599e-01 -2.16468725e+01]
 [ 9.95052694e-01  9.67066174e-02  2.27588940e-02 -1.44981257e+02]
 [ 0.00000000e+00  0.00000000e+00  0.00000000e+00  1.00000000e+00]]

[[-1.00769081e-01  9.88541568e-01  1.12388435e-01 -2.72838434e+02]
 [-1.93397247e-02 -1.14888372e-01  9.93190131e-01 -2.13014984e+01]
 [ 9.94721854e-01  9.79092951e-02  3.06953173e-02 -1.51802831e+02]
 [ 0.00000000e+00  0.00000000e+00  0.00000000e+00  1.00000000e+00]]

[[-9.72079125e-02  9.89581861e-01  1.06199629e-01 -2.68199248e+02]
 [-1.22705119e-02 -1.07888488e-01  9.94087274e-01 -2.19026302e+01]
 [ 9.95188453e-01  9.53300250e-02  2.26302907e-02 -1.45349492e+02]
 [ 0.00000000e+00  0.00000000e+00  0.00000000e+00  1.00000000e+00]]

[[-9.94267205e-02  9.90053554e-01  9.95403785e-02 -2.62751289e+02]
 [-1.84761633e-02 -1.01855733e-01  9.94627589e-01 -2.22945098e+01]
 [ 9.94873338e-01  9.70534350e-02  2.84195726e-02 -1.50198864e+02]
 [ 0.00000000e+00  0.00000000e+00  0.00000000e+00  1.00000000e+00]]

[[-9.53432623e-02  9.89531716e-01  1.08335800e-01 -2.70890445e+02]
 [-1.44344443e-02 -1.10194459e-01  9.93805226e-01 -2.25315705e+01]
 [ 9.95339796e-01  9.31888653e-02  2.47896396e-02 -1.47575003e+02]
 [ 0.00000000e+00  0.00000000e+00  0.00000000e+00  1.00000000e+00]]

[[-9.78358716e-02  9.89068424e-01  1.10325860e-01 -2.72520593e+02]
 [-4.14548646e-03 -1.11261751e-01  9.93782490e-01 -2.40278207e+01]
 [ 9.95193929e-01  9.67702217e-02  1.49855601e-02 -1.38571904e+02]
 [ 0.00000000e+00  0.00000000e+00  0.00000000e+00  1.00000000e+00]]

[[-9.67756763e-02  9.88030558e-01  1.20125287e-01 -2.81550161e+02]
 [-2.77415444e-02 -1.23322548e-01  9.91978808e-01 -2.23973512e+01]
 [ 9.94919532e-01  9.26669590e-02  3.93441166e-02 -1.60104841e+02]
 [ 0.00000000e+00  0.00000000e+00  0.00000000e+00  1.00000000e+00]]

[[-9.83579996e-02  9.88650704e-01  1.13558305e-01 -2.75075245e+02]
 [-1.71258892e-02 -1.15776342e-01  9.93127657e-01 -2.25512250e+01]
 [ 9.95003723e-01  9.57372627e-02  2.83190518e-02 -1.50887700e+02]
 [ 0.00000000e+00  0.00000000e+00  0.00000000e+00  1.00000000e+00]]

[[-9.96603067e-02  9.89294460e-01  1.06603448e-01 -2.69116675e+02]
 [-1.61454300e-02 -1.08730523e-01  9.93940138e-01 -2.32986479e+01]
 [ 9.94890521e-01  9.73352205e-02  2.68087017e-02 -1.48879959e+02]
 [ 0.00000000e+00  0.00000000e+00  0.00000000e+00  1.00000000e+00]]

[[-9.84493467e-02  9.89433155e-01  1.06441337e-01 -2.68933789e+02]
 [-1.10045116e-02 -1.08036836e-01  9.94085984e-01 -2.33376994e+01]
 [ 9.95081216e-01  9.66957807e-02  2.15243846e-02 -1.44390185e+02]
 [ 0.00000000e+00  0.00000000e+00  0.00000000e+00  1.00000000e+00]]

[[-9.73840039e-02  9.88718614e-01  1.13806229e-01 -2.75906003e+02]
 [-2.02399140e-02 -1.16293565e-01  9.93008637e-01 -2.40769098e+01]
 [ 9.95041055e-01  9.43997286e-02  3.13367127e-02 -1.53258804e+02]
 [ 0.00000000e+00  0.00000000e+00  0.00000000e+00  1.00000000e+00]]

[[-9.54730856e-02  9.88176751e-01  1.19964989e-01 -2.80865744e+02]
 [-2.00359320e-02 -1.22398752e-01  9.92278745e-01 -2.32195890e+01]
 [ 9.95230351e-01  9.23323031e-02  3.14848288e-02 -1.54377898e+02]
 [ 0.00000000e+00  0.00000000e+00  0.00000000e+00  1.00000000e+00]]

[[-9.73536149e-02  9.88032857e-01  1.19638399e-01 -2.80267528e+02]
 [-2.03203669e-02 -1.22157642e-01  9.92302672e-01 -2.22434633e+01]
 [ 9.95042389e-01  9.41731561e-02  3.19696783e-02 -1.54757620e+02]
 [ 0.00000000e+00  0.00000000e+00  0.00000000e+00  1.00000000e+00]]

[[-9.56806101e-02  9.88589566e-01  1.16343849e-01 -2.77636636e+02]
 [-2.04145865e-02 -1.18804335e-01  9.92707799e-01 -2.33286286e+01]
 [ 9.95202726e-01  9.26077763e-02  3.15489185e-02 -1.54275989e+02]
 [ 0.00000000e+00  0.00000000e+00  0.00000000e+00  1.00000000e+00]]

[[-9.88727295e-02  9.88251560e-01  1.16546288e-01 -2.77487391e+02]
 [-1.95954044e-02 -1.19031048e-01  9.92697149e-01 -2.24654465e+01]
 [ 9.94907133e-01  9.58669050e-02  3.11341135e-02 -1.53427009e+02]
 [ 0.00000000e+00  0.00000000e+00  0.00000000e+00  1.00000000e+00]]

[[-9.77890736e-02  9.89791817e-01  1.03679587e-01 -2.65105540e+02]
 [-1.43943117e-02 -1.05574692e-01  9.94307190e-01 -2.23772724e+01]
 [ 9.95103060e-01  9.57399827e-02  2.45714232e-02 -1.47392842e+02]
 [ 0.00000000e+00  0.00000000e+00  0.00000000e+00  1.00000000e+00]]

[[-9.75886426e-02  9.89421536e-01  1.07338164e-01 -2.69239223e+02]
 [-2.12953846e-02 -1.09904245e-01  9.93714025e-01 -2.19405397e+01]
 [ 9.94998977e-01  9.46893954e-02  3.17955182e-02 -1.53668432e+02]
 [ 0.00000000e+00  0.00000000e+00  0.00000000e+00  1.00000000e+00]]

[[-9.72676116e-02  9.89801100e-01  1.04080710e-01 -2.66674244e+02]
 [-1.11117659e-02 -1.05650077e-01  9.94341284e-01 -2.23134256e+01]
 [ 9.95196232e-01  9.55606814e-02  2.12747687e-02 -1.44013688e+02]
 [ 0.00000000e+00  0.00000000e+00  0.00000000e+00  1.00000000e+00]]

[[-9.85662721e-02  9.90437645e-01  9.65295845e-02 -2.60163060e+02]
 [-7.18978132e-03 -9.77081841e-02  9.95189137e-01 -2.23456379e+01]
 [ 9.95104516e-01  9.73980566e-02  1.67517615e-02 -1.39759953e+02]
 [ 0.00000000e+00  0.00000000e+00  0.00000000e+00  1.00000000e+00]]

[[-9.82363319e-02  9.88586925e-01  1.14216961e-01 -2.76016521e+02]
 [-1.76521404e-02 -1.16485039e-01  9.93035567e-01 -2.11172493e+01]
 [ 9.95006545e-01  9.55359977e-02  2.88937382e-02 -1.50300396e+02]
 [ 0.00000000e+00  0.00000000e+00  0.00000000e+00  1.00000000e+00]]

[[-1.01022347e-01  9.89515551e-01  1.03215595e-01 -2.66179540e+02]
 [-1.63183383e-02 -1.05380440e-01  9.94298081e-01 -2.16442333e+01]
 [ 9.94750319e-01  9.87620188e-02  2.67930289e-02 -1.48123472e+02]
 [ 0.00000000e+00  0.00000000e+00  0.00000000e+00  1.00000000e+00]]

[[-9.61421700e-02  9.88863703e-01  1.13601320e-01 -2.76193242e+02]
 [-1.78940006e-02 -1.15828652e-01  9.93108014e-01 -2.23417185e+01]
 [ 9.95206756e-01  9.34467775e-02  2.88307456e-02 -1.50949174e+02]
 [ 0.00000000e+00  0.00000000e+00  0.00000000e+00  1.00000000e+00]]

[[-9.63339113e-02  9.88719492e-01  1.14688903e-01 -2.76481737e+02]
 [-1.17750044e-02 -1.16348784e-01  9.93138616e-01 -2.14673967e+01]
 [ 9.95279421e-01  9.43224650e-02  2.28505098e-02 -1.45740643e+02]
 [ 0.00000000e+00  0.00000000e+00  0.00000000e+00  1.00000000e+00]]

[[-9.72205925e-02  9.88602168e-01  1.14951768e-01 -2.76095699e+02]
 [-1.64234743e-02 -1.17076740e-01  9.92987063e-01 -2.15689070e+01]
 [ 9.95127342e-01  9.46508832e-02  2.76185523e-02 -1.48793779e+02]
 [ 0.00000000e+00  0.00000000e+00  0.00000000e+00  1.00000000e+00]]

[[-9.73326425e-02  9.88485382e-01  1.15857699e-01 -2.76115564e+02]
 [-1.86557265e-02 -1.18202043e-01  9.92814303e-01 -2.07551243e+01]
 [ 9.95077043e-01  9.44718301e-02  2.99458302e-02 -1.50952647e+02]
 [ 0.00000000e+00  0.00000000e+00  0.00000000e+00  1.00000000e+00]]

[[-9.84920489e-02  9.89867683e-01  1.02280427e-01 -2.64837346e+02]
 [-1.16344485e-02 -1.03918537e-01  9.94517761e-01 -2.20873784e+01]
 [ 9.95069825e-01  9.67621156e-02  2.17517142e-02 -1.43702947e+02]
 [ 0.00000000e+00  0.00000000e+00  0.00000000e+00  1.00000000e+00]]

[[-9.87873384e-02  9.89782039e-01  1.02823040e-01 -2.65548357e+02]
 [-1.76079652e-02 -1.05050925e-01  9.94310949e-01 -2.21817298e+01]
 [ 9.94952773e-01  9.64148276e-02  2.78057490e-02 -1.48750654e+02]
 [ 0.00000000e+00  0.00000000e+00  0.00000000e+00  1.00000000e+00]]

[[-9.77639569e-02  9.89560063e-01  1.05891882e-01 -2.68168034e+02]
 [-1.25809466e-02 -1.07621950e-01  9.94112285e-01 -2.18936005e+01]
 [ 9.95130106e-01  9.58561304e-02  2.29711500e-02 -1.44734447e+02]
 [ 0.00000000e+00  0.00000000e+00  0.00000000e+00  1.00000000e+00]]

[[-9.67437240e-02  9.89827402e-01  1.04318577e-01 -2.66972462e+02]
 [-7.23041056e-03 -1.05506365e-01  9.94392341e-01 -2.24534340e+01]
 [ 9.95283062e-01  9.54469521e-02  1.73639371e-02 -1.39817257e+02]
 [ 0.00000000e+00  0.00000000e+00  0.00000000e+00  1.00000000e+00]]

[[-9.95601571e-02  9.88521213e-01  1.13637963e-01 -2.74912622e+02]
 [-1.09289172e-02 -1.15284862e-01  9.93272349e-01 -2.24828689e+01]
 [ 9.94971524e-01  9.76484112e-02  2.22812455e-02 -1.44185765e+02]
 [ 0.00000000e+00  0.00000000e+00  0.00000000e+00  1.00000000e+00]]

[[-9.87265788e-02  9.88678058e-01  1.12998943e-01 -2.74844247e+02]
 [-1.54616108e-02 -1.15064035e-01  9.93237739e-01 -2.17788666e+01]
 [ 9.94994473e-01  9.63118182e-02  2.66464338e-02 -1.48406854e+02]
 [ 0.00000000e+00  0.00000000e+00  0.00000000e+00  1.00000000e+00]]

[[-9.82516228e-02  9.89738297e-01  1.03753182e-01 -2.66650492e+02]
 [-1.20891756e-02 -1.05436980e-01  9.94352500e-01 -2.19543857e+01]
 [ 9.95088172e-01  9.64424564e-02  2.23244745e-02 -1.44472791e+02]
 [ 0.00000000e+00  0.00000000e+00  0.00000000e+00  1.00000000e+00]]

[[-9.87730468e-02  9.89115222e-01  1.09064027e-01 -2.71252691e+02]
 [-2.57680205e-02 -1.12105506e-01  9.93362152e-01 -2.12214013e+01]
 [ 9.94776304e-01  9.53070422e-02  3.65605438e-02 -1.56382026e+02]
 [ 0.00000000e+00  0.00000000e+00  0.00000000e+00  1.00000000e+00]]

[[-1.01312655e-01  9.89436051e-01  1.03692080e-01 -2.66944511e+02]
 [-2.32935357e-02 -1.06559014e-01  9.94033494e-01 -2.16909141e+01]
 [ 9.94581901e-01  9.82928176e-02  3.38432406e-02 -1.54337857e+02]
 [ 0.00000000e+00  0.00000000e+00  0.00000000e+00  1.00000000e+00]]

[[-9.85258095e-02  9.90318413e-01  9.77860171e-02 -2.61713664e+02]
 [-2.09052372e-02 -1.00302196e-01  9.94737373e-01 -2.25546847e+01]
 [ 9.94914889e-01  9.59630650e-02  3.05851964e-02 -1.52306797e+02]
 [ 0.00000000e+00  0.00000000e+00  0.00000000e+00  1.00000000e+00]]

[[-9.94649168e-02  9.88569507e-01  1.13300749e-01 -2.74942357e+02]
 [-2.07775799e-02 -1.15904005e-01  9.93043078e-01 -2.26832702e+01]
 [ 9.94824116e-01  9.64188317e-02  3.20684641e-02 -1.54404016e+02]
 [ 0.00000000e+00  0.00000000e+00  0.00000000e+00  1.00000000e+00]]

[[-9.78464248e-02  9.89282063e-01  1.08383934e-01 -2.71658176e+02]
 [-1.16064837e-02 -1.10033454e-01  9.93860115e-01 -2.33058287e+01]
 [ 9.95133844e-01  9.59877027e-02  2.22484661e-02 -1.44846546e+02]
 [ 0.00000000e+00  0.00000000e+00  0.00000000e+00  1.00000000e+00]]

[[-9.82981326e-02  9.90579702e-01  9.53379802e-02 -2.60740404e+02]
 [-1.57320309e-02 -9.73367837e-02  9.95127155e-01 -2.17474541e+01]
 [ 9.95032653e-01  9.63192810e-02  2.51518546e-02 -1.46481499e+02]
 [ 0.00000000e+00  0.00000000e+00  0.00000000e+00  1.00000000e+00]]

[[-9.85181283e-02  9.89436886e-01  1.06342973e-01 -2.70375877e+02]
 [-1.43328026e-02 -1.08262568e-01  9.94019007e-01 -2.26949241e+01]
 [ 9.95032034e-01  9.64046993e-02  2.48472291e-02 -1.46826381e+02]
 [ 0.00000000e+00  0.00000000e+00  0.00000000e+00  1.00000000e+00]]

[[-9.75759692e-02  9.89974572e-01  1.02123836e-01 -2.67372551e+02]
 [-9.84346382e-03 -1.03568477e-01  9.94573616e-01 -2.33935927e+01]
 [ 9.95179399e-01  9.60412322e-02  1.98505734e-02 -1.42754532e+02]
 [ 0.00000000e+00  0.00000000e+00  0.00000000e+00  1.00000000e+00]]

[[-9.80305218e-02  9.89890380e-01  1.02503909e-01 -2.68743574e+02]
 [-1.63108174e-02 -1.04584335e-01  9.94382258e-01 -2.27153058e+01]
 [ 9.95049734e-01  9.58078890e-02  2.63983782e-02 -1.47469540e+02]
 [ 0.00000000e+00  0.00000000e+00  0.00000000e+00  1.00000000e+00]]

[[-9.69646788e-02  9.89588816e-01  1.06357073e-01 -2.71453607e+02]
 [-1.95612197e-02 -1.08734794e-01  9.93878314e-01 -2.23175216e+01]
 [ 9.95095578e-01  9.42906174e-02  2.99009986e-02 -1.51037680e+02]
 [ 0.00000000e+00  0.00000000e+00  0.00000000e+00  1.00000000e+00]]

[[-9.96818694e-02  9.88673598e-01  1.12196440e-01 -2.75903316e+02]
 [-2.55816923e-02 -1.15267226e-01  9.93005057e-01 -2.23112635e+01]
 [ 9.94690455e-01  9.61144256e-02  3.67819963e-02 -1.56732983e+02]
 [ 0.00000000e+00  0.00000000e+00  0.00000000e+00  1.00000000e+00]]

[[-9.88537413e-02  9.89707270e-01  1.03476849e-01 -2.67444269e+02]
 [-1.98579130e-02 -1.05927466e-01  9.94175556e-01 -2.18566597e+01]
 [ 9.94903815e-01  9.62231389e-02  3.01248472e-02 -1.50072106e+02]
 [ 0.00000000e+00  0.00000000e+00  0.00000000e+00  1.00000000e+00]]

[[-1.01132156e-01  9.89576698e-01  1.02519490e-01 -2.67015498e+02]
 [-2.91479960e-02 -1.05950797e-01  9.93944074e-01 -2.12659007e+01]
 [ 9.94445917e-01  9.75314694e-02  3.95592101e-02 -1.58169451e+02]
 [ 0.00000000e+00  0.00000000e+00  0.00000000e+00  1.00000000e+00]]

[[-9.84210944e-02  9.90228652e-01  9.87952682e-02 -2.64256833e+02]
 [-1.46090258e-02 -1.00704289e-01  9.94809139e-01 -2.18270342e+01]
 [ 9.95037620e-01  9.64669016e-02  2.43777022e-02 -1.44136579e+02]
 [ 0.00000000e+00  0.00000000e+00  0.00000000e+00  1.00000000e+00]]

[[-9.96171407e-02  9.89797495e-01  1.01869251e-01 -2.67046038e+02]
 [-1.93323466e-02 -1.04284463e-01  9.94359599e-01 -2.11042304e+01]
 [ 9.94838020e-01  9.70858884e-02  2.95236282e-02 -1.48923358e+02]
 [ 0.00000000e+00  0.00000000e+00  0.00000000e+00  1.00000000e+00]]

[[-9.81974524e-02  9.89218162e-01  1.08649378e-01 -2.72750908e+02]
 [-2.33434015e-02 -1.11436623e-01  9.93497340e-01 -2.01201470e+01]
 [ 9.94893133e-01  9.50226617e-02  3.40345092e-02 -1.52791208e+02]
 [ 0.00000000e+00  0.00000000e+00  0.00000000e+00  1.00000000e+00]]

[[-9.86682086e-02  9.88823459e-01  1.11770976e-01 -2.75616296e+02]
 [-2.28728947e-02 -1.14542919e-01  9.93154948e-01 -1.98442897e+01]
 [ 9.94857485e-01  9.54362938e-02  3.39189995e-02 -1.53326780e+02]
 [ 0.00000000e+00  0.00000000e+00  0.00000000e+00  1.00000000e+00]]

[[-9.93175385e-02  9.88016444e-01  1.18150472e-01 -2.81558242e+02]
 [-1.62571672e-02 -1.20332852e-01  9.92600478e-01 -1.93958370e+01]
 [ 9.94922977e-01  9.66618442e-02  2.80135112e-02 -1.47803507e+02]
 [ 0.00000000e+00  0.00000000e+00  0.00000000e+00  1.00000000e+00]]

[[-9.97298379e-02  9.89035584e-01  1.08915438e-01 -2.73012113e+02]
 [-2.74609865e-02 -1.12155319e-01  9.93311169e-01 -1.85465719e+01]
 [ 9.94635538e-01  9.60718365e-02  3.83451246e-02 -1.56499453e+02]
 [ 0.00000000e+00  0.00000000e+00  0.00000000e+00  1.00000000e+00]]

[[-9.86064949e-02  9.87632674e-01  1.21895285e-01 -2.84655572e+02]
 [-1.73533434e-02 -1.24180208e-01  9.92107926e-01 -1.91734843e+01]
 [ 9.94975186e-01  9.57129945e-02  2.93837040e-02 -1.49989299e+02]
 [ 0.00000000e+00  0.00000000e+00  0.00000000e+00  1.00000000e+00]]

[[-1.00898660e-01  9.88154637e-01  1.15628172e-01 -2.79324954e+02]
 [-2.99386460e-02 -1.19184339e-01  9.92420662e-01 -1.90712625e+01]
 [ 9.94446146e-01  9.66721638e-02  4.16095519e-02 -1.61215521e+02]
 [ 0.00000000e+00  0.00000000e+00  0.00000000e+00  1.00000000e+00]]

[[-9.95357482e-02  9.89208857e-01  1.07510337e-01 -2.72451478e+02]
 [-2.98590474e-02 -1.10967631e-01  9.93375368e-01 -1.93369824e+01]
 [ 9.94585880e-01  9.56662043e-02  4.05820803e-02 -1.60251446e+02]
 [ 0.00000000e+00  0.00000000e+00  0.00000000e+00  1.00000000e+00]]

[[-9.81418845e-02  9.88914951e-01  1.11424370e-01 -2.75916159e+02]
 [-2.05295396e-02 -1.13952912e-01  9.93274016e-01 -1.92374522e+01]
 [ 9.94960657e-01  9.51942928e-02  3.14855222e-02 -1.52212688e+02]
 [ 0.00000000e+00  0.00000000e+00  0.00000000e+00  1.00000000e+00]]

[[-9.88969977e-02  9.88692256e-01  1.12725357e-01 -2.76866414e+02]
 [-1.94902232e-02 -1.15183517e-01  9.93153004e-01 -1.89000095e+01]
 [ 9.94906787e-01  9.60228079e-02  3.06611368e-02 -1.51633177e+02]
 [ 0.00000000e+00  0.00000000e+00  0.00000000e+00  1.00000000e+00]]

[[-9.99005577e-02  9.90132220e-01  9.82754571e-02 -2.64509832e+02]
 [-1.94586293e-02 -1.00694818e-01  9.94727056e-01 -1.97517617e+01]
 [ 9.94807137e-01  9.74614819e-02  2.93260844e-02 -1.49975201e+02]
 [ 0.00000000e+00  0.00000000e+00  0.00000000e+00  1.00000000e+00]]

[[-9.87904293e-02  9.89230934e-01  1.07993565e-01 -2.72993199e+02]
 [-1.99661644e-02 -1.10473047e-01  9.93678549e-01 -1.99209641e+01]
 [ 9.94907937e-01  9.60097132e-02  3.06648272e-02 -1.51770405e+02]
 [ 0.00000000e+00  0.00000000e+00  0.00000000e+00  1.00000000e+00]]

[[-9.79072400e-02  9.89626302e-01  1.05137791e-01 -2.70443089e+02]
 [-2.52112816e-02 -1.08077858e-01  9.93822704e-01 -1.94412047e+01]
 [ 9.94876155e-01  9.46517796e-02  3.55313521e-02 -1.56336105e+02]
 [ 0.00000000e+00  0.00000000e+00  0.00000000e+00  1.00000000e+00]]

[[-9.89748499e-02  9.88930996e-01  1.10541685e-01 -2.74885804e+02]
 [-1.47438477e-02 -1.12532330e-01  9.93538672e-01 -1.97788233e+01]
 [ 9.94980702e-01  9.67055312e-02  2.57185184e-02 -1.48305665e+02]
 [ 0.00000000e+00  0.00000000e+00  0.00000000e+00  1.00000000e+00]]

[[-9.97666721e-02  9.88364114e-01  1.14817203e-01 -2.78151672e+02]
 [-2.10675171e-02 -1.17465310e-01  9.92853494e-01 -1.96718209e+01]
 [ 9.94787802e-01  9.66347756e-02  3.25415009e-02 -1.54033795e+02]
 [ 0.00000000e+00  0.00000000e+00  0.00000000e+00  1.00000000e+00]]

[[-9.95153039e-02  9.88178115e-01  1.16622117e-01 -2.80158478e+02]
 [-2.41471283e-02 -1.19567749e-01  9.92532352e-01 -1.93778237e+01]
 [ 9.94742992e-01  9.59560694e-02  3.57604846e-02 -1.56660026e+02]
 [ 0.00000000e+00  0.00000000e+00  0.00000000e+00  1.00000000e+00]]

[[-9.89813618e-02  9.88207802e-01  1.16824781e-01 -2.80435576e+02]
 [-2.10713252e-02 -1.19456448e-01  9.92615815e-01 -1.98473450e+01]
 [ 9.94866167e-01  9.57888122e-02  3.26468098e-02 -1.53812272e+02]
 [ 0.00000000e+00  0.00000000e+00  0.00000000e+00  1.00000000e+00]]

[[-9.95936943e-02  9.89350762e-01  1.06142197e-01 -2.70835959e+02]
 [-1.99518818e-02 -1.08636722e-01  9.93881273e-01 -1.98442571e+01]
 [ 9.94828135e-01  9.68665711e-02  3.05589420e-02 -1.51743369e+02]
 [ 0.00000000e+00  0.00000000e+00  0.00000000e+00  1.00000000e+00]]

[[-9.88559905e-02  9.88725777e-01  1.12467026e-01 -2.76616983e+02]
 [-1.92939775e-02 -1.14903816e-01  9.93189234e-01 -1.98449770e+01]
 [ 9.94914688e-01  9.60127692e-02  3.04353834e-02 -1.51651153e+02]
 [ 0.00000000e+00  0.00000000e+00  0.00000000e+00  1.00000000e+00]]

[[-1.00202076e-01  9.89936931e-01  9.99220483e-02 -2.65472306e+02]
 [-1.24540199e-02 -1.01667512e-01  9.94740476e-01 -2.05126161e+01]
 [ 9.94889160e-01  9.84306297e-02  2.25159900e-02 -1.44185443e+02]
 [ 0.00000000e+00  0.00000000e+00  0.00000000e+00  1.00000000e+00]]

[[-9.92958148e-02  9.89293357e-01  1.06953238e-01 -2.71373544e+02]
 [-2.78176362e-03 -1.07759992e-01  9.94173046e-01 -2.12771992e+01]
 [ 9.95054070e-01  9.84197041e-02  1.34520964e-02 -1.36354456e+02]
 [ 0.00000000e+00  0.00000000e+00  0.00000000e+00  1.00000000e+00]]

[[-9.85351938e-02  9.89141602e-01  1.09039931e-01 -2.72729409e+02]
 [-1.28294093e-02 -1.10826737e-01  9.93756932e-01 -2.01140016e+01]
 [ 9.95050864e-01  9.65211141e-02  2.36104364e-02 -1.45083381e+02]
 [ 0.00000000e+00  0.00000000e+00  0.00000000e+00  1.00000000e+00]]

[[-9.89039190e-02  9.88743290e-01  1.12270751e-01 -2.75145879e+02]
 [-1.76618550e-02 -1.14550381e-01  9.93260424e-01 -2.01200614e+01]
 [ 9.94940236e-01  9.62544387e-02  2.87925221e-02 -1.48864984e+02]
 [ 0.00000000e+00  0.00000000e+00  0.00000000e+00  1.00000000e+00]]

[[-9.89699243e-02  9.88197916e-01  1.16918062e-01 -2.78642710e+02]
 [-2.60704446e-02 -1.20029542e-01  9.92427953e-01 -1.96164392e+01]
 [ 9.94748856e-01  9.51724135e-02  3.76420737e-02 -1.56727311e+02]
 [ 0.00000000e+00  0.00000000e+00  0.00000000e+00  1.00000000e+00]]

[[-1.00418591e-01  9.87449247e-01  1.21901975e-01 -2.83004498e+02]
 [-2.11666119e-02 -1.24613782e-01  9.91979526e-01 -1.93290370e+01]
 [ 9.94720102e-01  9.70329344e-02  3.34144953e-02 -1.53608306e+02]
 [ 0.00000000e+00  0.00000000e+00  0.00000000e+00  1.00000000e+00]]

[[-1.00485155e-01  9.87649814e-01  1.20210555e-01 -2.81154704e+02]
 [-2.26284540e-02 -1.23059485e-01  9.92141278e-01 -1.88176482e+01]
 [ 9.94681198e-01  9.69752916e-02  3.47146399e-02 -1.55035278e+02]
 [ 0.00000000e+00  0.00000000e+00  0.00000000e+00  1.00000000e+00]]

[[-9.96306530e-02  9.88659868e-01  1.12362801e-01 -2.75151034e+02]
 [-7.76345880e-03 -1.13693596e-01  9.93485528e-01 -1.93632445e+01]
 [ 9.94994202e-01  9.81092880e-02  1.90027874e-02 -1.40520750e+02]
 [ 0.00000000e+00  0.00000000e+00  0.00000000e+00  1.00000000e+00]]

[[-9.76581165e-02  9.88486580e-01  1.15573235e-01 -2.78225757e+02]
 [-9.41973979e-03 -1.17041203e-01  9.93082386e-01 -2.01513500e+01]
 [ 9.95175442e-01  9.58938855e-02  2.07413098e-02 -1.41715021e+02]
 [ 0.00000000e+00  0.00000000e+00  0.00000000e+00  1.00000000e+00]]

[[-9.92131344e-02  9.88687239e-01  1.12491321e-01 -2.75921716e+02]
 [-8.62060667e-03 -1.13898847e-01  9.93454950e-01 -1.95059404e+01]
 [ 9.95028863e-01  9.75940361e-02  1.98233454e-02 -1.41238659e+02]
 [ 0.00000000e+00  0.00000000e+00  0.00000000e+00  1.00000000e+00]]

[[-1.00610679e-01  9.88415977e-01  1.13628110e-01 -2.77707935e+02]
 [-8.24804455e-03 -1.15032305e-01  9.93327508e-01 -1.97950732e+01]
 [ 9.94891683e-01  9.90021452e-02  1.97259773e-02 -1.41323735e+02]
 [ 0.00000000e+00  0.00000000e+00  0.00000000e+00  1.00000000e+00]]

[[-9.90786905e-02  9.89273340e-01  1.07339049e-01 -2.73302519e+02]
 [-2.31931473e-02 -1.10136342e-01  9.93645844e-01 -1.83955818e+01]
 [ 9.94809274e-01  9.59595987e-02  3.38565269e-02 -1.53825289e+02]
 [ 0.00000000e+00  0.00000000e+00  0.00000000e+00  1.00000000e+00]]

[[-9.87116814e-02  9.87610507e-01  1.21989715e-01 -2.86350289e+02]
 [-2.03425950e-02 -1.24565498e-01  9.92002830e-01 -1.85487710e+01]
 [ 9.94908128e-01  9.54406799e-02  3.23866303e-02 -1.52571968e+02]
 [ 0.00000000e+00  0.00000000e+00  0.00000000e+00  1.00000000e+00]]

[[-1.00064545e-01  9.87904905e-01  1.18452465e-01 -2.83039734e+02]
 [-2.70862916e-02 -1.21710538e-01  9.92195988e-01 -1.78796157e+01]
 [ 9.94612196e-01  9.60752021e-02  3.89375900e-02 -1.58910813e+02]
 [ 0.00000000e+00  0.00000000e+00  0.00000000e+00  1.00000000e+00]]

[[-9.73678052e-02  9.87851460e-01  1.21115661e-01 -2.85586961e+02]
 [-1.71513693e-02 -1.23341314e-01  9.92216081e-01 -1.90022215e+01]
 [ 9.95100669e-01  9.45326026e-02  2.89524783e-02 -1.51117837e+02]
 [ 0.00000000e+00  0.00000000e+00  0.00000000e+00  1.00000000e+00]]

[[-9.87982278e-02  9.88383027e-01  1.15489836e-01 -2.81016740e+02]
 [-1.64900217e-02 -1.17667845e-01  9.92916088e-01 -1.89171315e+01]
 [ 9.94970849e-01  9.61939199e-02  2.79238321e-02 -1.50804263e+02]
 [ 0.00000000e+00  0.00000000e+00  0.00000000e+00  1.00000000e+00]]

[[-9.35562091e-02  9.89253394e-01  1.12360841e-01 -2.79709697e+02]
 [-7.22354053e-03 -1.13527304e-01  9.93508617e-01 -2.03001385e+01]
 [ 9.95587794e-01  9.21372568e-02  1.77670962e-02 -1.42876191e+02]
 [ 0.00000000e+00  0.00000000e+00  0.00000000e+00  1.00000000e+00]]

[[-9.83435865e-02  9.89197479e-01  1.08705500e-01 -2.75901251e+02]
 [-1.88495837e-02 -1.11067036e-01  9.93634141e-01 -2.01944614e+01]
 [ 9.94973986e-01  9.56684917e-02  2.95686913e-02 -1.52223046e+02]
 [ 0.00000000e+00  0.00000000e+00  0.00000000e+00  1.00000000e+00]]

[[-9.77509661e-02  9.90069660e-01  1.01028792e-01 -2.69267852e+02]
 [-2.03040260e-02 -1.03477815e-01  9.94424501e-01 -2.03165959e+01]
 [ 9.95003766e-01  9.51546644e-02  3.02174565e-02 -1.53178930e+02]
 [ 0.00000000e+00  0.00000000e+00  0.00000000e+00  1.00000000e+00]]

[[-9.88152081e-02  9.88786441e-01  1.11968424e-01 -2.78173297e+02]
 [-3.01112543e-02 -1.15438686e-01  9.92858108e-01 -1.98321942e+01]
 [ 9.94650123e-01  9.47379709e-02  4.11806978e-02 -1.63506051e+02]
 [ 0.00000000e+00  0.00000000e+00  0.00000000e+00  1.00000000e+00]]

[[-9.65330007e-02  9.89123504e-01  1.10977806e-01 -2.77297955e+02]
 [-2.56472484e-02 -1.13933419e-01  9.93157286e-01 -1.94233981e+01]
 [ 9.94999296e-01  9.30261776e-02  3.63666310e-02 -1.59304415e+02]
 [ 0.00000000e+00  0.00000000e+00  0.00000000e+00  1.00000000e+00]]

[[-9.72721980e-02  9.88548529e-01  1.15368652e-01 -2.80311285e+02]
 [-2.84265755e-02 -1.18630628e-01  9.92531462e-01 -1.91839844e+01]
 [ 9.94851773e-01  9.32661812e-02  3.96405113e-02 -1.62750343e+02]
 [ 0.00000000e+00  0.00000000e+00  0.00000000e+00  1.00000000e+00]]

[[-9.51137452e-02  9.89917526e-01  1.04960316e-01 -2.71395855e+02]
 [-1.78634410e-02 -1.07118635e-01  9.94085759e-01 -2.08788500e+01]
 [ 9.95306120e-01  9.26762672e-02  2.78717879e-02 -1.53276515e+02]
 [ 0.00000000e+00  0.00000000e+00  0.00000000e+00  1.00000000e+00]]

[[-9.66142924e-02  9.89545366e-01  1.07077764e-01 -2.72928665e+02]
 [-2.90678180e-02 -1.10340343e-01  9.93468706e-01 -2.04797563e+01]
 [ 9.94897352e-01  9.28707592e-02  3.94243787e-02 -1.62750991e+02]
 [ 0.00000000e+00  0.00000000e+00  0.00000000e+00  1.00000000e+00]]

[[-9.63951761e-02  9.89920002e-01  1.03761070e-01 -2.69737127e+02]
 [-1.67098519e-02 -1.05841308e-01  9.94242625e-01 -2.13659201e+01]
 [ 9.95202869e-01  9.41063609e-02  2.67440081e-02 -1.50779239e+02]
 [ 0.00000000e+00  0.00000000e+00  0.00000000e+00  1.00000000e+00]]

[[-9.78492818e-02  9.88079085e-01  1.18849653e-01 -2.82547960e+02]
 [-2.98292223e-02 -1.22280930e-01  9.92047172e-01 -2.05092100e+01]
 [ 9.94754108e-01  9.35259106e-02  4.14387319e-02 -1.64247071e+02]
 [ 0.00000000e+00  0.00000000e+00  0.00000000e+00  1.00000000e+00]]

[[-9.65765552e-02  9.89117236e-01  1.10995773e-01 -2.75435542e+02]
 [-2.57606481e-02 -1.13963664e-01  9.93150881e-01 -1.98052124e+01]
 [ 9.94992140e-01  9.30557678e-02  3.64865191e-02 -1.60999587e+02]
 [ 0.00000000e+00  0.00000000e+00  0.00000000e+00  1.00000000e+00]]

[[-9.78451363e-02  9.89644522e-01  1.05024042e-01 -2.70068441e+02]
 [-1.75483822e-02 -1.07229675e-01  9.94079399e-01 -2.05100983e+01]
 [ 9.95046925e-01  9.54228323e-02  2.78585625e-02 -1.52983913e+02]
 [ 0.00000000e+00  0.00000000e+00  0.00000000e+00  1.00000000e+00]]

[[-9.77077748e-02  9.87597321e-01  1.22901271e-01 -2.85697724e+02]
 [-3.55411356e-02 -1.26876023e-01  9.91281646e-01 -1.95789110e+01]
 [ 9.94580323e-01  9.24878732e-02  4.74971041e-02 -1.70346363e+02]
 [ 0.00000000e+00  0.00000000e+00  0.00000000e+00  1.00000000e+00]]

[[-9.69309520e-02  9.88504418e-01  1.16031922e-01 -2.78361936e+02]
 [-2.93290768e-02 -1.19367129e-01  9.92416895e-01 -2.07628299e+01]
 [ 9.94858882e-01  9.27928052e-02  4.05622915e-02 -1.65037533e+02]
 [ 0.00000000e+00  0.00000000e+00  0.00000000e+00  1.00000000e+00]]

[[-9.56999040e-02  9.88823835e-01  1.14319514e-01 -2.77888680e+02]
 [-2.43766212e-02 -1.17140281e-01  9.92816164e-01 -2.12276581e+01]
 [ 9.95111707e-01  9.22256881e-02  3.53144977e-02 -1.60258563e+02]
 [ 0.00000000e+00  0.00000000e+00  0.00000000e+00  1.00000000e+00]]

[[-9.57337484e-02  9.89394678e-01  1.09239277e-01 -2.74190423e+02]
 [-2.48123308e-02 -1.12081156e-01  9.93389230e-01 -2.07093929e+01]
 [ 9.95097682e-01  9.23903936e-02  3.52791372e-02 -1.60160402e+02]
 [ 0.00000000e+00  0.00000000e+00  0.00000000e+00  1.00000000e+00]]

[[-9.60422186e-02  9.89706807e-01  1.06095842e-01 -2.70712333e+02]
 [-1.58104907e-02 -1.08091963e-01  9.94015169e-01 -2.14046905e+01]
 [ 9.95251687e-01  9.37899949e-02  2.60291422e-02 -1.51893815e+02]
 [ 0.00000000e+00  0.00000000e+00  0.00000000e+00  1.00000000e+00]]

[[-9.48620996e-02  9.89239061e-01  1.11387891e-01 -2.74307426e+02]
 [-1.43499154e-02 -1.13239696e-01  9.93464066e-01 -2.06412637e+01]
 [ 9.95386991e-01  9.26436804e-02  2.49376521e-02 -1.50981429e+02]
 [ 0.00000000e+00  0.00000000e+00  0.00000000e+00  1.00000000e+00]]

[[-9.74461615e-02  9.89202682e-01  1.09463686e-01 -2.72829225e+02]
 [-2.12373919e-02 -1.12028876e-01  9.93477984e-01 -2.04755078e+01]
 [ 9.95014180e-01  9.44858929e-02  3.19248690e-02 -1.57015736e+02]
 [ 0.00000000e+00  0.00000000e+00  0.00000000e+00  1.00000000e+00]]

[[-9.54724920e-02  9.89394392e-01  1.09470274e-01 -2.73054800e+02]
 [-2.63536172e-02 -1.12446335e-01  9.93308265e-01 -2.05222199e+01]
 [ 9.95083157e-01  9.19486777e-02  3.68096529e-02 -1.62200610e+02]
 [ 0.00000000e+00  0.00000000e+00  0.00000000e+00  1.00000000e+00]]

[[-9.26719071e-02  9.89119330e-01  1.14257902e-01 -2.78061227e+02]
 [-2.41136291e-02 -1.16947546e-01  9.92845307e-01 -2.01148027e+01]
 [ 9.95404667e-01  8.92536954e-02  3.46890088e-02 -1.61697536e+02]
 [ 0.00000000e+00  0.00000000e+00  0.00000000e+00  1.00000000e+00]]

[[-9.56025442e-02  9.88259194e-01  1.19180199e-01 -2.81329918e+02]
 [-2.56261795e-02 -1.22132420e-01  9.92182932e-01 -2.16000296e+01]
 [ 9.95089671e-01  9.18010795e-02  3.70014776e-02 -1.63880820e+02]
 [ 0.00000000e+00  0.00000000e+00  0.00000000e+00  1.00000000e+00]]

[[-9.37639563e-02  9.88596245e-01  1.17837959e-01 -2.80280501e+02]
 [-2.26594064e-02 -1.20447774e-01  9.92461024e-01 -2.16882275e+01]
 [ 9.95336562e-01  9.03869339e-02  3.36946639e-02 -1.61455257e+02]
 [ 0.00000000e+00  0.00000000e+00  0.00000000e+00  1.00000000e+00]]

[[-9.71243454e-02  9.88581540e-01  1.15210241e-01 -2.77927482e+02]
 [-2.89258998e-02 -1.18512392e-01  9.92531161e-01 -2.16055230e+01]
 [ 9.94851825e-01  9.30663794e-02  4.01060491e-02 -1.66038950e+02]
 [ 0.00000000e+00  0.00000000e+00  0.00000000e+00  1.00000000e+00]]

[[-9.40238820e-02  9.89144832e-01  1.12924803e-01 -2.75622696e+02]
 [-2.24682645e-02 -1.15506662e-01  9.93052561e-01 -2.15132952e+01]
 [ 9.95316375e-01  9.08334325e-02  3.30847525e-02 -1.60281785e+02]
 [ 0.00000000e+00  0.00000000e+00  0.00000000e+00  1.00000000e+00]]

[[-9.27154906e-02  9.89702098e-01  1.09057760e-01 -2.72054004e+02]
 [-9.49723470e-03 -1.10403590e-01  9.93841461e-01 -2.22305809e+01]
 [ 9.95647347e-01  9.11087515e-02  1.96355561e-02 -1.49182618e+02]
 [ 0.00000000e+00  0.00000000e+00  0.00000000e+00  1.00000000e+00]]

[[-9.37645520e-02  9.89549035e-01  1.09548690e-01 -2.71929478e+02]
 [-2.27696606e-02 -1.12136086e-01  9.93431951e-01 -2.21461947e+01]
 [ 9.95333990e-01  9.06543153e-02  3.30460856e-02 -1.60840722e+02]
 [ 0.00000000e+00  0.00000000e+00  0.00000000e+00  1.00000000e+00]]

[[-9.51918651e-02  9.89757704e-01  1.06387007e-01 -2.68854433e+02]
 [-2.58070674e-02 -1.09290096e-01  9.93674831e-01 -2.19681442e+01]
 [ 9.95124366e-01  9.18442238e-02  3.59462718e-02 -1.62571552e+02]
 [ 0.00000000e+00  0.00000000e+00  0.00000000e+00  1.00000000e+00]]

[[-9.48774167e-02  9.89653922e-01  1.07626157e-01 -2.69646977e+02]
 [-2.01611150e-02 -1.10001928e-01  9.93726877e-01 -2.21163182e+01]
 [ 9.95284786e-01  9.21123757e-02  3.03892252e-02 -1.58034536e+02]
 [ 0.00000000e+00  0.00000000e+00  0.00000000e+00  1.00000000e+00]]

[[-9.34740350e-02  9.89246484e-01  1.12489991e-01 -2.74300471e+02]
 [-2.43896217e-02 -1.15225923e-01  9.93039845e-01 -2.12767072e+01]
 [ 9.95322938e-01  9.00798529e-02  3.48979795e-02 -1.62555128e+02]
 [ 0.00000000e+00  0.00000000e+00  0.00000000e+00  1.00000000e+00]]

[[-9.36816527e-02  9.88622426e-01  1.17683672e-01 -2.78633374e+02]
 [-2.65544675e-02 -1.20642594e-01  9.92340781e-01 -2.20615331e+01]
 [ 9.95248013e-01  8.98390971e-02  3.75543396e-02 -1.65004937e+02]
 [ 0.00000000e+00  0.00000000e+00  0.00000000e+00  1.00000000e+00]]

[[-9.44897356e-02  9.89102407e-01  1.12907566e-01 -2.73939361e+02]
 [-2.34863004e-02 -1.15598242e-01  9.93018348e-01 -2.23712175e+01]
 [ 9.95248755e-01  9.11782601e-02  3.41532035e-02 -1.61565486e+02]
 [ 0.00000000e+00  0.00000000e+00  0.00000000e+00  1.00000000e+00]]

[[-9.53393644e-02  9.88921948e-01  1.13770760e-01 -2.74910581e+02]
 [-1.80466016e-02 -1.15989692e-01  9.93086457e-01 -2.17197780e+01]
 [ 9.95281229e-01  9.26270561e-02  2.89050640e-02 -1.56967565e+02]
 [ 0.00000000e+00  0.00000000e+00  0.00000000e+00  1.00000000e+00]]

[[-9.54833685e-02  9.88994071e-01  1.13020588e-01 -2.74556201e+02]
 [-2.65003873e-02 -1.16024627e-01  9.92892751e-01 -2.20156027e+01]
 [ 9.95078216e-01  9.18096551e-02  3.72871482e-02 -1.64350898e+02]
 [ 0.00000000e+00  0.00000000e+00  0.00000000e+00  1.00000000e+00]]

[[-9.51941908e-02  9.90402315e-01  1.00206388e-01 -2.62969394e+02]
 [-2.45892364e-02 -1.02972301e-01  9.94380246e-01 -2.29787196e+01]
 [ 9.95154981e-01  9.21952244e-02  3.41556016e-02 -1.61657656e+02]
 [ 0.00000000e+00  0.00000000e+00  0.00000000e+00  1.00000000e+00]]

[[-9.43890773e-02  9.89299508e-01  1.11252796e-01 -2.72059149e+02]
 [-2.24922977e-02 -1.13842389e-01  9.93244183e-01 -2.16727811e+01]
 [ 9.95281266e-01  9.12490710e-02  3.29970971e-02 -1.59543145e+02]
 [ 0.00000000e+00  0.00000000e+00  0.00000000e+00  1.00000000e+00]]

[[-9.52718763e-02  9.89438738e-01  1.09244007e-01 -2.71242082e+02]
 [-2.35455561e-02 -1.11952362e-01  9.93434585e-01 -2.23595540e+01]
 [ 9.95172787e-01  9.20741661e-02  3.39627969e-02 -1.60459575e+02]
 [ 0.00000000e+00  0.00000000e+00  0.00000000e+00  1.00000000e+00]]

[[-9.51865209e-02  9.89281894e-01  1.10728774e-01 -2.72721290e+02]
 [-2.10027222e-02 -1.13204907e-01  9.93349654e-01 -2.29588213e+01]
 [ 9.95237867e-01  9.22278919e-02  3.15531940e-02 -1.58437843e+02]
 [ 0.00000000e+00  0.00000000e+00  0.00000000e+00  1.00000000e+00]]

[[-9.53495006e-02  9.89313714e-01  1.10303438e-01 -2.72239777e+02]
 [-2.07224038e-02 -1.12756975e-01  9.93406486e-01 -2.24242469e+01]
 [ 9.95228142e-01  9.24350600e-02  3.12522795e-02 -1.58408156e+02]
 [ 0.00000000e+00  0.00000000e+00  0.00000000e+00  1.00000000e+00]]

[[-9.42332201e-02  9.88986370e-01  1.14131770e-01 -2.75540586e+02]
 [-2.09383968e-02 -1.16585395e-01  9.92959933e-01 -2.22784633e+01]
 [ 9.95329937e-01  9.11800757e-02  3.16940062e-02 -1.58833586e+02]
 [ 0.00000000e+00  0.00000000e+00  0.00000000e+00  1.00000000e+00]]

[[-9.53373304e-02  9.89456855e-01  1.09022591e-01 -2.71124658e+02]
 [-2.39839040e-02 -1.11772872e-01  9.93444310e-01 -2.26253547e+01]
 [ 9.95156051e-01  9.20975411e-02  3.43871654e-02 -1.61098415e+02]
 [ 0.00000000e+00  0.00000000e+00  0.00000000e+00  1.00000000e+00]]

[[-9.34143375e-02  9.88357739e-01  1.20094718e-01 -2.80871896e+02]
 [-2.14259104e-02 -1.22589825e-01  9.92226116e-01 -2.21287502e+01]
 [ 9.95396751e-01  9.01150066e-02  3.26281117e-02 -1.60050314e+02]
 [ 0.00000000e+00  0.00000000e+00  0.00000000e+00  1.00000000e+00]]

[[-9.43123669e-02  9.88799450e-01  1.15675515e-01 -2.76961765e+02]
 [-2.77633858e-02 -1.18760577e-01  9.92534695e-01 -2.22404279e+01]
 [ 9.95155451e-01  9.03967524e-02  3.86530117e-02 -1.65263581e+02]
 [ 0.00000000e+00  0.00000000e+00  0.00000000e+00  1.00000000e+00]]

[[-9.33489391e-02  9.89663507e-01  1.08867438e-01 -2.70939292e+02]
 [-7.87331534e-03 -1.10075242e-01  9.93892073e-01 -2.30302738e+01]
 [ 9.95602323e-01  9.19216229e-02  1.80673399e-02 -1.46925710e+02]
 [ 0.00000000e+00  0.00000000e+00  0.00000000e+00  1.00000000e+00]]

[[-9.42798181e-02  9.88798663e-01  1.15708769e-01 -2.76936041e+02]
 [-1.98875310e-02 -1.18073897e-01  9.92805641e-01 -2.22158756e+01]
 [ 9.95347076e-01  9.13003735e-02  3.07967496e-02 -1.58134546e+02]
 [ 0.00000000e+00  0.00000000e+00  0.00000000e+00  1.00000000e+00]]

[[-9.45171265e-02  9.89833371e-01  1.06284577e-01 -2.68576285e+02]
 [-1.92460718e-02 -1.08559395e-01  9.93903640e-01 -2.25585558e+01]
 [ 9.95337180e-01  9.18953556e-02  2.93111261e-02 -1.56588612e+02]
 [ 0.00000000e+00  0.00000000e+00  0.00000000e+00  1.00000000e+00]]

[[-9.29946256e-02  9.89436834e-01  1.11205891e-01 -2.73086145e+02]
 [-1.34908215e-02 -1.12931784e-01  9.93511152e-01 -2.31259851e+01]
 [ 9.95575209e-01  9.08909388e-02  2.38503647e-02 -1.51853124e+02]
 [ 0.00000000e+00  0.00000000e+00  0.00000000e+00  1.00000000e+00]]

[[-9.49470134e-02  9.89785209e-01  1.06349913e-01 -2.68507256e+02]
 [-1.76834858e-02 -1.08492652e-01  9.93939957e-01 -2.19624194e+01]
 [ 9.95325253e-01  9.24909933e-02  2.78039060e-02 -1.55246916e+02]
 [ 0.00000000e+00  0.00000000e+00  0.00000000e+00  1.00000000e+00]]

[[-9.40766341e-02  9.89289384e-01  1.11606909e-01 -2.73329588e+02]
 [-1.38499175e-02 -1.13393755e-01  9.93453590e-01 -2.24724279e+01]
 [ 9.95468617e-01  9.19150235e-02  2.43692792e-02 -1.52231573e+02]
 [ 0.00000000e+00  0.00000000e+00  0.00000000e+00  1.00000000e+00]]

[[-9.44543321e-02  9.88595491e-01  1.17291666e-01 -2.78558161e+02]
 [-2.42444268e-02 -1.20067720e-01  9.92469622e-01 -2.23415041e+01]
 [ 9.95233936e-01  9.08993861e-02  3.53088473e-02 -1.62053097e+02]
 [ 0.00000000e+00  0.00000000e+00  0.00000000e+00  1.00000000e+00]]

[[-9.42010569e-02  9.88644238e-01  1.17084293e-01 -2.78223514e+02]
 [-1.91485383e-02 -1.19384809e-01  9.92663387e-01 -2.26437151e+01]
 [ 9.95369024e-01  9.12679471e-02  3.01772672e-02 -1.57749318e+02]
 [ 0.00000000e+00  0.00000000e+00  0.00000000e+00  1.00000000e+00]]

[[-9.29356666e-02  9.89442391e-01  1.11205745e-01 -2.72933974e+02]
 [-1.93218170e-02 -1.13460297e-01  9.93354634e-01 -2.22367538e+01]
 [ 9.95484620e-01  9.01693780e-02  2.96623332e-02 -1.57488728e+02]
 [ 0.00000000e+00  0.00000000e+00  0.00000000e+00  1.00000000e+00]]

[[-9.33652685e-02  9.89243377e-01  1.12607585e-01 -2.74372263e+02]
 [-2.67242237e-02 -1.15550852e-01  9.92942001e-01 -2.24269923e+01]
 [ 9.95273200e-01  8.96969462e-02  3.72251977e-02 -1.64207105e+02]
 [ 0.00000000e+00  0.00000000e+00  0.00000000e+00  1.00000000e+00]]

[[-9.35423966e-02  9.88800437e-01  1.16290649e-01 -2.77587306e+02]
 [-2.28977593e-02 -1.18908519e-01  9.92641152e-01 -2.25480535e+01]
 [ 9.95351954e-01  9.01912371e-02  3.37643023e-02 -1.61017622e+02]
 [ 0.00000000e+00  0.00000000e+00  0.00000000e+00  1.00000000e+00]]

[[-9.32594179e-02  9.88530759e-01  1.18783921e-01 -2.79792339e+02]
 [-2.69694522e-02 -1.21768211e-01  9.92192094e-01 -2.20713994e+01]
 [ 9.95276509e-01  8.93277199e-02  3.80161656e-02 -1.64818983e+02]
 [ 0.00000000e+00  0.00000000e+00  0.00000000e+00  1.00000000e+00]]

[[-9.43652291e-02  9.89081222e-01  1.13196908e-01 -2.74782200e+02]
 [-2.61524091e-02 -1.16127920e-01  9.92889902e-01 -2.20359832e+01]
 [ 9.95194079e-01  9.07339113e-02  3.68252945e-02 -1.63307603e+02]
 [ 0.00000000e+00  0.00000000e+00  0.00000000e+00  1.00000000e+00]]

[[-9.59065167e-02  9.89996210e-01  1.03486448e-01 -2.66145869e+02]
 [-1.19316410e-02 -1.05101616e-01  9.94389907e-01 -2.31428222e+01]
 [ 9.95318831e-01  9.41337091e-02  2.18922092e-02 -1.49582382e+02]
 [ 0.00000000e+00  0.00000000e+00  0.00000000e+00  1.00000000e+00]]

[[-9.44746597e-02  9.89370476e-01  1.10546818e-01 -2.72306722e+02]
 [-2.02365027e-02 -1.12929092e-01  9.93396952e-01 -2.18559233e+01]
 [ 9.95321567e-01  9.16137580e-02  3.06903358e-02 -1.57819432e+02]
 [ 0.00000000e+00  0.00000000e+00  0.00000000e+00  1.00000000e+00]]

[[-9.45446064e-02  9.90175711e-01  1.03021250e-01 -2.65635839e+02]
 [-2.19354098e-02 -1.05531694e-01  9.94173978e-01 -2.21015562e+01]
 [ 9.95278933e-01  9.17339741e-02  3.16973625e-02 -1.58746391e+02]
 [ 0.00000000e+00  0.00000000e+00  0.00000000e+00  1.00000000e+00]]

[[-9.43960245e-02  9.88878333e-01  1.14930561e-01 -2.76382899e+02]
 [-2.57949011e-02 -1.17836804e-01  9.92697895e-01 -2.21497001e+01]
 [ 9.95200489e-01  9.07421124e-02  3.66313446e-02 -1.63417265e+02]
 [ 0.00000000e+00  0.00000000e+00  0.00000000e+00  1.00000000e+00]]

[[-9.38072988e-02  9.88298194e-01  1.20278303e-01 -2.81087522e+02]
 [-2.70153179e-02 -1.23293363e-01  9.92002479e-01 -2.14777995e+01]
 [ 9.95223775e-01  8.98077164e-02  3.82650073e-02 -1.64968618e+02]
 [ 0.00000000e+00  0.00000000e+00  0.00000000e+00  1.00000000e+00]]

[[-9.17333784e-02  9.89980477e-01  1.07348231e-01 -2.69484620e+02]
 [-1.21551039e-02 -1.08907963e-01  9.93977519e-01 -2.20640331e+01]
 [ 9.95709416e-01  8.98760870e-02  2.20238109e-02 -1.50507585e+02]
 [ 0.00000000e+00  0.00000000e+00  0.00000000e+00  1.00000000e+00]]

[[-9.43532347e-02  9.89224256e-01  1.11950163e-01 -2.73594016e+02]
 [-1.90604631e-02 -1.14226240e-01  9.93271899e-01 -2.21076064e+01]
 [ 9.95356301e-01  9.15845946e-02  2.96326877e-02 -1.57040813e+02]
 [ 0.00000000e+00  0.00000000e+00  0.00000000e+00  1.00000000e+00]]

[[-9.44931330e-02  9.88412814e-01  1.18790393e-01 -2.79797555e+02]
 [-1.71088689e-02 -1.20919020e-01  9.92514925e-01 -2.24451137e+01]
 [ 9.95378488e-01  9.17534756e-02  2.83366424e-02 -1.55970553e+02]
 [ 0.00000000e+00  0.00000000e+00  0.00000000e+00  1.00000000e+00]]

[[-9.39191889e-02  9.88302817e-01  1.20152933e-01 -2.81058523e+02]
 [-2.61478674e-02 -1.23093416e-01  9.92050553e-01 -2.19556994e+01]
 [ 9.95236392e-01  9.00308403e-02  3.74028448e-02 -1.64067714e+02]
 [ 0.00000000e+00  0.00000000e+00  0.00000000e+00  1.00000000e+00]]

[[-9.34580348e-02  9.89346146e-01  1.11623470e-01 -2.73874678e+02]
 [-1.99167352e-02 -1.13949509e-01  9.93286884e-01 -2.17089097e+01]
 [ 9.95423990e-01  9.06074650e-02  3.03540424e-02 -1.57700012e+02]
 [ 0.00000000e+00  0.00000000e+00  0.00000000e+00  1.00000000e+00]]

[[-9.65951492e-02  9.88626221e-01  1.15271733e-01 -2.75480781e+02]
 [-3.06091506e-02 -1.18709124e-01  9.92457165e-01 -2.15485685e+01]
 [ 9.94852983e-01  9.23381781e-02  4.17277344e-02 -1.68020720e+02]
 [ 0.00000000e+00  0.00000000e+00  0.00000000e+00  1.00000000e+00]]

[[-9.52066311e-02  9.88974091e-01  1.13428148e-01 -2.73619321e+02]
 [-1.94873611e-02 -1.15775560e-01  9.93084217e-01 -2.21210942e+01]
 [ 9.95266768e-01  9.23377875e-02  3.02950963e-02 -1.57190801e+02]
 [ 0.00000000e+00  0.00000000e+00  0.00000000e+00  1.00000000e+00]]

[[-9.48021650e-02  9.88714226e-01  1.16003142e-01 -2.75831593e+02]
 [-2.00194170e-02 -1.18397886e-01  9.92764405e-01 -2.09155551e+01]
 [ 9.95294817e-01  9.17938996e-02  3.10178583e-02 -1.56078325e+02]
 [ 0.00000000e+00  0.00000000e+00  0.00000000e+00  1.00000000e+00]]

[[-9.51289132e-02  9.89421638e-01  1.09523111e-01 -2.70899023e+02]
 [-1.50063240e-02 -1.11434897e-01  9.93658429e-01 -2.12856349e+01]
 [ 9.95351847e-01  9.28821072e-02  2.54482623e-02 -1.49803098e+02]
 [ 0.00000000e+00  0.00000000e+00  0.00000000e+00  1.00000000e+00]]

[[-9.69703886e-02  9.89181378e-01  1.10076992e-01 -2.70990554e+02]
 [-2.56382134e-02 -1.13044107e-01  9.93259136e-01 -2.09494632e+01]
 [ 9.94956997e-01  9.34945470e-02  3.63227743e-02 -1.59595118e+02]
 [ 0.00000000e+00  0.00000000e+00  0.00000000e+00  1.00000000e+00]]

[[-9.70865806e-02  9.89270926e-01  1.09166068e-01 -2.69846618e+02]
 [-2.47692433e-02 -1.12051848e-01  9.93393612e-01 -2.11916009e+01]
 [ 9.94967678e-01  9.37412280e-02  3.53822231e-02 -1.58288787e+02]
 [ 0.00000000e+00  0.00000000e+00  0.00000000e+00  1.00000000e+00]]

[[-9.79591108e-02  9.88887191e-01  1.11830841e-01 -2.72182109e+02]
 [-2.58690781e-02 -1.14863557e-01  9.93044387e-01 -2.13185702e+01]
 [ 9.94854162e-01  9.43847843e-02  3.68335319e-02 -1.59485845e+02]
 [ 0.00000000e+00  0.00000000e+00  0.00000000e+00  1.00000000e+00]]

[[-9.77510263e-02  9.89244583e-01  1.08811269e-01 -2.69959042e+02]
 [-3.08555170e-02 -1.12294827e-01  9.93195756e-01 -2.06745961e+01]
 [ 9.94732463e-01  9.37284765e-02  4.15005876e-02 -1.62369815e+02]
 [ 0.00000000e+00  0.00000000e+00  0.00000000e+00  1.00000000e+00]]

[[-9.79982376e-02  9.89404917e-01  1.07117954e-01 -2.68743582e+02]
 [-2.27395420e-02 -1.09834152e-01  9.93689777e-01 -2.09078932e+01]
 [ 9.94926760e-01  9.49440336e-02  3.32621680e-02 -1.55032630e+02]
 [ 0.00000000e+00  0.00000000e+00  0.00000000e+00  1.00000000e+00]]

[[-9.80935400e-02  9.90195090e-01  9.94552242e-02 -2.62258162e+02]
 [-2.23105447e-02 -1.02100201e-01  9.94523900e-01 -2.22935735e+01]
 [ 9.94927081e-01  9.53374698e-02  3.21071620e-02 -1.54357264e+02]
 [ 0.00000000e+00  0.00000000e+00  0.00000000e+00  1.00000000e+00]]

[[-9.72112225e-02  9.89531925e-01  1.06660897e-01 -2.68763590e+02]
 [-1.49011356e-02 -1.08603527e-01  9.93973455e-01 -2.25859100e+01]
 [ 9.95152217e-01  9.50360062e-02  2.53026311e-02 -1.48711905e+02]
 [ 0.00000000e+00  0.00000000e+00  0.00000000e+00  1.00000000e+00]]

[[-9.55227122e-02  9.89140618e-01  1.11697135e-01 -2.73088640e+02]
 [-2.69658534e-02 -1.14740405e-01  9.93029447e-01 -2.26330822e+01]
 [ 9.95061935e-01  9.18448574e-02  3.76333356e-02 -1.60546929e+02]
 [ 0.00000000e+00  0.00000000e+00  0.00000000e+00  1.00000000e+00]]

[[-9.49348763e-02  9.89511158e-01  1.08880838e-01 -2.70282155e+02]
 [-2.74652024e-02 -1.11936716e-01  9.93335711e-01 -2.09234604e+01]
 [ 9.95104533e-01  9.13117686e-02  3.78038226e-02 -1.59722424e+02]
 [ 0.00000000e+00  0.00000000e+00  0.00000000e+00  1.00000000e+00]]

[[-9.62843320e-02  9.89887008e-01  1.04177922e-01 -2.66208488e+02]
 [-3.00076292e-02 -1.07503439e-01  9.93751756e-01 -2.09245645e+01]
 [ 9.94901437e-01  9.25565916e-02  4.00550590e-02 -1.60120471e+02]
 [ 0.00000000e+00  0.00000000e+00  0.00000000e+00  1.00000000e+00]]

[[-1.00507787e-01  9.89094273e-01  1.07660127e-01 -2.67875535e+02]
 [-2.52390827e-02 -1.10707905e-01  9.93532460e-01 -2.13391815e+01]
 [ 9.94616093e-01  9.71405061e-02  3.60908387e-02 -1.57235691e+02]
 [ 0.00000000e+00  0.00000000e+00  0.00000000e+00  1.00000000e+00]]

[[-9.98180382e-02  9.90176164e-01  9.79158975e-02 -2.59498565e+02]
 [-3.14768444e-02 -1.01500520e-01  9.94337394e-01 -2.13464634e+01]
 [ 9.94507701e-01  9.61707245e-02  4.12992038e-02 -1.60411358e+02]
 [ 0.00000000e+00  0.00000000e+00  0.00000000e+00  1.00000000e+00]]

[[-1.01724494e-01  9.90242608e-01  9.52454963e-02 -2.57446509e+02]
 [-2.72486952e-02 -9.84797396e-02  9.94765927e-01 -2.14145117e+01]
 [ 9.94439358e-01  9.85967452e-02  3.70006207e-02 -1.54961807e+02]
 [ 0.00000000e+00  0.00000000e+00  0.00000000e+00  1.00000000e+00]]

[[-1.01197539e-01  9.90151578e-01  9.67414580e-02 -2.58774032e+02]
 [-1.08035719e-02 -9.83286521e-02  9.95095352e-01 -2.20462995e+01]
 [ 9.94807690e-01  9.96560475e-02  2.06477913e-02 -1.41163250e+02]
 [ 0.00000000e+00  0.00000000e+00  0.00000000e+00  1.00000000e+00]]

[[-1.01830912e-01  9.89356549e-01  1.03942697e-01 -2.64858869e+02]
 [-3.25431906e-02 -1.07742906e-01  9.93646017e-01 -2.15043951e+01]
 [ 9.94269283e-01  9.78012526e-02  4.31683771e-02 -1.61730234e+02]
 [ 0.00000000e+00  0.00000000e+00  0.00000000e+00  1.00000000e+00]]

[[-1.00891572e-01  9.88743807e-01  1.10483365e-01 -2.71108548e+02]
 [-3.60876815e-02 -1.14613907e-01  9.92754416e-01 -2.20081075e+01]
 [ 9.94242712e-01  9.61734656e-02  4.72450489e-02 -1.64729068e+02]
 [ 0.00000000e+00  0.00000000e+00  0.00000000e+00  1.00000000e+00]]

[[-9.97247891e-02  9.89429398e-01  1.05282636e-01 -2.66552053e+02]
 [-2.43758618e-02 -1.08207679e-01  9.93829420e-01 -2.23988006e+01]
 [ 9.94716434e-01  9.65430743e-02  3.49091822e-02 -1.53744440e+02]
 [ 0.00000000e+00  0.00000000e+00  0.00000000e+00  1.00000000e+00]]

[[-9.88109639e-02  9.89370333e-01  1.06689910e-01 -2.67804420e+02]
 [-2.60523637e-02 -1.09749853e-01  9.93617756e-01 -2.28721571e+01]
 [ 9.94765132e-01  9.54008038e-02  3.66199244e-02 -1.55298426e+02]
 [ 0.00000000e+00  0.00000000e+00  0.00000000e+00  1.00000000e+00]]

[[-9.84942367e-02  9.90459648e-01  9.63772317e-02 -2.58462661e+02]
 [-2.13122697e-02 -9.89254078e-02  9.94866600e-01 -2.17357820e+01]
 [ 9.94909379e-01  9.59346088e-02  3.08525257e-02 -1.50363221e+02]
 [ 0.00000000e+00  0.00000000e+00  0.00000000e+00  1.00000000e+00]]

[[-1.01070672e-01  9.90520592e-01  9.30251399e-02 -2.55698861e+02]
 [-2.73497192e-02 -9.62349216e-02  9.94982830e-01 -2.26293209e+01]
 [ 9.94503249e-01  9.80193715e-02  3.68169882e-02 -1.55049066e+02]
 [ 0.00000000e+00  0.00000000e+00  0.00000000e+00  1.00000000e+00]]

[[-9.95961703e-02  9.89820829e-01  1.01662822e-01 -2.63398327e+02]
 [-2.89730744e-02 -1.05012350e-01  9.94048775e-01 -2.24485040e+01]
 [ 9.94606034e-01  9.60579665e-02  3.91369804e-02 -1.57351181e+02]
 [ 0.00000000e+00  0.00000000e+00  0.00000000e+00  1.00000000e+00]]

[[-9.72658405e-02  9.90374699e-01  9.84749342e-02 -2.59792442e+02]
 [-2.98360441e-02 -1.01801159e-01  9.94357247e-01 -2.12966739e+01]
 [ 9.94811121e-01  9.37788909e-02  3.94506385e-02 -1.57981830e+02]
 [ 0.00000000e+00  0.00000000e+00  0.00000000e+00  1.00000000e+00]]

[[-1.00880320e-01  9.89899986e-01  9.96051134e-02 -2.60570423e+02]
 [-3.84343222e-02 -1.03918682e-01  9.93842900e-01 -2.11683048e+01]
 [ 9.94155905e-01  9.64309349e-02  4.85294849e-02 -1.65560801e+02]
 [ 0.00000000e+00  0.00000000e+00  0.00000000e+00  1.00000000e+00]]

[[-1.00227371e-01  9.89667278e-01  1.02533667e-01 -2.64071071e+02]
 [-2.39043257e-02 -1.05418009e-01  9.94140647e-01 -2.15856870e+01]
 [ 9.94677363e-01  9.71891053e-02  3.42230988e-02 -1.51233101e+02]
 [ 0.00000000e+00  0.00000000e+00  0.00000000e+00  1.00000000e+00]]

[[-1.00385465e-01  9.89732620e-01  1.01745270e-01 -2.63493636e+02]
 [-2.85834463e-02 -1.05088436e-01  9.94052014e-01 -2.03630605e+01]
 [ 9.94537956e-01  9.68801432e-02  3.88393207e-02 -1.54995404e+02]
 [ 0.00000000e+00  0.00000000e+00  0.00000000e+00  1.00000000e+00]]

[[-1.00802073e-01  9.90268039e-01  9.59591194e-02 -2.58188321e+02]
 [-2.77701033e-02 -9.92133077e-02  9.94678612e-01 -2.17708041e+01]
 [ 9.94518860e-01  9.76008712e-02  3.75007529e-02 -1.53734691e+02]
 [ 0.00000000e+00  0.00000000e+00  0.00000000e+00  1.00000000e+00]]

[[-1.01189811e-01  9.89716027e-01  1.01107904e-01 -2.62799737e+02]
 [-3.06770923e-02 -1.04685297e-01  9.94032145e-01 -2.12467559e+01]
 [ 9.94394056e-01  9.74842288e-02  4.09546954e-02 -1.56511362e+02]
 [ 0.00000000e+00  0.00000000e+00  0.00000000e+00  1.00000000e+00]]

[[-1.02404698e-01  9.89850571e-01  9.85348936e-02 -2.60239312e+02]
 [-2.60407636e-02 -1.01689305e-01  9.94475321e-01 -2.09657111e+01]
 [ 9.94401909e-01  9.92730210e-02  3.61899272e-02 -1.51228721e+02]
 [ 0.00000000e+00  0.00000000e+00  0.00000000e+00  1.00000000e+00]]

[[-1.02305206e-01  9.89378078e-01  1.03269858e-01 -2.64312771e+02]
 [-1.81641615e-02 -1.05655254e-01  9.94236909e-01 -2.19415254e+01]
 [ 9.94587205e-01  9.98398013e-02  2.87803057e-02 -1.45047846e+02]
 [ 0.00000000e+00  0.00000000e+00  0.00000000e+00  1.00000000e+00]]

[[-1.02257095e-01  9.90169365e-01  9.54364424e-02 -2.57642661e+02]
 [-2.89474220e-02 -9.88606779e-02  9.94680156e-01 -2.13142655e+01]
 [ 9.94336730e-01  9.89504645e-02  3.87720562e-02 -1.52334003e+02]
 [ 0.00000000e+00  0.00000000e+00  0.00000000e+00  1.00000000e+00]]

[[-1.03366084e-01  9.90054095e-01  9.54376282e-02 -2.58249438e+02]
 [-3.13959123e-02 -9.91514875e-02  9.94576935e-01 -2.03947787e+01]
 [ 9.94147750e-01  9.98091714e-02  4.13325525e-02 -1.54101933e+02]
 [ 0.00000000e+00  0.00000000e+00  0.00000000e+00  1.00000000e+00]]

[[-1.03873302e-01  9.89929423e-01  9.61773091e-02 -2.59219682e+02]
 [-3.39189530e-02 -1.00169991e-01  9.94392014e-01 -2.01410668e+01]
 [ 9.94011993e-01  1.00028549e-01  4.39823574e-02 -1.55242106e+02]
 [ 0.00000000e+00  0.00000000e+00  0.00000000e+00  1.00000000e+00]]

[[-1.03494161e-01  9.89910540e-01  9.67785131e-02 -2.59867865e+02]
 [-2.64067401e-02 -1.00001376e-01  9.94636823e-01 -1.94884832e+01]
 [ 9.94279459e-01  1.00383498e-01  3.64898688e-02 -1.47993374e+02]
 [ 0.00000000e+00  0.00000000e+00  0.00000000e+00  1.00000000e+00]]

[[-1.03504700e-01  9.89757006e-01  9.83252105e-02 -2.60392134e+02]
 [-3.08529431e-02 -1.02003541e-01  9.94305473e-01 -1.95406180e+01]
 [ 9.94150327e-01  9.98816673e-02  4.10947624e-02 -1.52872314e+02]
 [ 0.00000000e+00  0.00000000e+00  0.00000000e+00  1.00000000e+00]]

[[-1.04230077e-01  9.89597435e-01  9.91615239e-02 -2.61448867e+02]
 [-3.42005418e-02 -1.03212012e-01  9.94071227e-01 -1.88491783e+01]
 [ 9.93964996e-01  1.00220742e-01  4.46025644e-02 -1.54580557e+02]
 [ 0.00000000e+00  0.00000000e+00  0.00000000e+00  1.00000000e+00]]

[[-1.04840405e-01  9.90050660e-01  9.38519043e-02 -2.57116347e+02]
 [-2.83378091e-02 -9.73077400e-02  9.94850829e-01 -1.96927028e+01]
 [ 9.94085237e-01  1.01641007e-01  3.82576496e-02 -1.48730740e+02]
 [ 0.00000000e+00  0.00000000e+00  0.00000000e+00  1.00000000e+00]]

[[-1.08234108e-01  9.90368982e-01  8.63403546e-02 -2.50317288e+02]
 [-3.56214637e-02 -9.06583769e-02  9.95244779e-01 -1.77160029e+01]
 [ 9.93487035e-01  1.04643861e-01  4.50907213e-02 -1.53235719e+02]
 [ 0.00000000e+00  0.00000000e+00  0.00000000e+00  1.00000000e+00]]

[[-1.05403655e-01  9.90613630e-01  8.70327842e-02 -2.50458362e+02]
 [-2.68691532e-02 -9.03254040e-02  9.95549783e-01 -1.86479296e+01]
 [ 9.94066456e-01  1.02596089e-01  3.61375771e-02 -1.46451754e+02]
 [ 0.00000000e+00  0.00000000e+00  0.00000000e+00  1.00000000e+00]]

[[-1.06788927e-01  9.89712192e-01  9.52150316e-02 -2.57624043e+02]
 [-3.09481362e-02 -9.90248787e-02  9.94603582e-01 -1.89387187e+01]
 [ 9.93799949e-01  1.03265921e-01  4.12045083e-02 -1.50199965e+02]
 [ 0.00000000e+00  0.00000000e+00  0.00000000e+00  1.00000000e+00]]

[[-1.05676885e-01  9.89994775e-01  9.35026280e-02 -2.55517402e+02]
 [-3.29385577e-02 -9.74624795e-02  9.94693981e-01 -1.86881530e+01]
 [ 9.93854842e-01  1.02036320e-01  4.29085313e-02 -1.51652969e+02]
 [ 0.00000000e+00  0.00000000e+00  0.00000000e+00  1.00000000e+00]]

[[-1.04766799e-01  9.89565254e-01  9.89167633e-02 -2.61156590e+02]
 [-3.53871076e-02 -1.03110568e-01  9.94040222e-01 -1.86619947e+01]
 [ 9.93867029e-01  1.00642034e-01  4.58204163e-02 -1.54419935e+02]
 [ 0.00000000e+00  0.00000000e+00  0.00000000e+00  1.00000000e+00]]

[[-1.04839902e-01  9.89295772e-01  1.01501084e-01 -2.62926423e+02]
 [-2.75952408e-02 -1.04918168e-01  9.94097923e-01 -1.87001155e+01]
 [ 9.94106180e-01  1.01420182e-01  3.82994654e-02 -1.48265435e+02]
 [ 0.00000000e+00  0.00000000e+00  0.00000000e+00  1.00000000e+00]]

[[-1.05136291e-01  9.90225259e-01  9.16531337e-02 -2.53976457e+02]
 [-2.60198428e-02 -9.48715369e-02  9.95149416e-01 -1.93307910e+01]
 [ 9.94117361e-01  1.02241518e-01  3.57399471e-02 -1.46604448e+02]
 [ 0.00000000e+00  0.00000000e+00  0.00000000e+00  1.00000000e+00]]

[[-1.06316649e-01  9.90785702e-01  8.39074719e-02 -2.47543999e+02]
 [-2.69567399e-02 -8.72267321e-02  9.95823695e-01 -1.94026153e+01]
 [ 9.93966853e-01  1.03610766e-01  3.59820062e-02 -1.45639250e+02]
 [ 0.00000000e+00  0.00000000e+00  0.00000000e+00  1.00000000e+00]]

[[-1.05593070e-01  9.90692246e-01  8.59009762e-02 -2.49319407e+02]
 [-3.30293306e-02 -8.98304135e-02  9.95409243e-01 -1.84992478e+01]
 [ 9.93860738e-01  1.02271066e-01  4.22073709e-02 -1.51249223e+02]
 [ 0.00000000e+00  0.00000000e+00  0.00000000e+00  1.00000000e+00]]

[[-1.04329956e-01  9.89285516e-01  1.02124569e-01 -2.63733842e+02]
 [-2.66091601e-02 -1.05424798e-01  9.94071207e-01 -1.90779389e+01]
 [ 9.94186709e-01  1.00993957e-01  3.73230212e-02 -1.47047242e+02]
 [ 0.00000000e+00  0.00000000e+00  0.00000000e+00  1.00000000e+00]]

[[-1.06071750e-01  9.89596220e-01  9.72013622e-02 -2.59336641e+02]
 [-3.25122873e-02 -1.01152161e-01  9.94339576e-01 -1.85915885e+01]
 [ 9.93826813e-01  1.02311100e-01  4.29034234e-02 -1.51956028e+02]
 [ 0.00000000e+00  0.00000000e+00  0.00000000e+00  1.00000000e+00]]

[[-1.05778078e-01  9.89981907e-01  9.35244446e-02 -2.56126726e+02]
 [-2.66329033e-02 -9.68388730e-02  9.94943677e-01 -1.92166388e+01]
 [ 9.94033041e-01  1.02752402e-01  3.66095222e-02 -1.46430880e+02]
 [ 0.00000000e+00  0.00000000e+00  0.00000000e+00  1.00000000e+00]]

[[-1.03996930e-01  9.89340609e-01  1.01930358e-01 -2.64017737e+02]
 [-4.04761333e-02 -1.06611229e-01  9.93476587e-01 -1.76121099e+01]
 [ 9.93753652e-01  9.91927682e-02  5.11319228e-02 -1.58351976e+02]
 [ 0.00000000e+00  0.00000000e+00  0.00000000e+00  1.00000000e+00]]

[[-1.03845041e-01  9.89211162e-01  1.03331913e-01 -2.65508608e+02]
 [-3.81211954e-02 -1.07775951e-01  9.93444069e-01 -1.72266978e+01]
 [ 9.93862657e-01  9.92251040e-02  4.89019100e-02 -1.56583315e+02]
 [ 0.00000000e+00  0.00000000e+00  0.00000000e+00  1.00000000e+00]]

[[-1.08622806e-01  9.89643475e-01  9.38449737e-02 -2.56914818e+02]
 [-4.54829772e-02 -9.92523917e-02  9.94022264e-01 -1.71271812e+01]
 [ 9.93041985e-01  1.03705138e-01  5.57930049e-02 -1.61850429e+02]
 [ 0.00000000e+00  0.00000000e+00  0.00000000e+00  1.00000000e+00]]

[[-1.07074477e-01  9.90112637e-01  9.06202099e-02 -2.53683753e+02]
 [-2.97396700e-02 -9.42928563e-02  9.95100201e-01 -1.69908989e+01]
 [ 9.93806122e-01  1.03854818e-01  3.95419813e-02 -1.46940489e+02]
 [ 0.00000000e+00  0.00000000e+00  0.00000000e+00  1.00000000e+00]]

[[-1.09131824e-01  9.89878337e-01  9.07255412e-02 -2.53866491e+02]
 [-3.84082254e-02 -9.54016620e-02  9.94697608e-01 -1.69233121e+01]
 [ 9.93284981e-01  1.05068558e-01  4.84308277e-02 -1.54065960e+02]
 [ 0.00000000e+00  0.00000000e+00  0.00000000e+00  1.00000000e+00]]

[[-1.08248863e-01  9.90461755e-01  8.52507782e-02 -2.49822388e+02]
 [-3.87885873e-02 -8.98974671e-02  9.95195403e-01 -1.63230822e+01]
 [ 9.93366815e-01  1.04422014e-01  4.81499109e-02 -1.53780271e+02]
 [ 0.00000000e+00  0.00000000e+00  0.00000000e+00  1.00000000e+00]]

[[-1.08873535e-01  9.90437795e-01  8.47320985e-02 -2.49211169e+02]
 [-3.74989480e-02 -8.92702301e-02  9.95301289e-01 -1.53208238e+01]
 [ 9.93348067e-01  1.05184605e-01  4.68595409e-02 -1.52291834e+02]
 [ 0.00000000e+00  0.00000000e+00  0.00000000e+00  1.00000000e+00]]

[[-1.07395266e-01  9.90126180e-01  9.00910918e-02 -2.53990514e+02]
 [-3.89168876e-02 -9.47322348e-02  9.94741816e-01 -1.68278948e+01]
 [ 9.93454444e-01  1.03324497e-01  4.87064228e-02 -1.53638427e+02]
 [ 0.00000000e+00  0.00000000e+00  0.00000000e+00  1.00000000e+00]]

[[-1.09552504e-01  9.89743467e-01  9.16848853e-02 -2.55191410e+02]
 [-4.50750318e-02 -9.70919908e-02  9.94254186e-01 -1.58303965e+01]
 [ 9.92958454e-01  1.04790336e-01  5.52493889e-02 -1.58717114e+02]
 [ 0.00000000e+00  0.00000000e+00  0.00000000e+00  1.00000000e+00]]

[[-1.08740846e-01  9.89733743e-01  9.27499102e-02 -2.56045486e+02]
 [-4.41467912e-02 -9.80192610e-02  9.94204851e-01 -1.56982038e+01]
 [ 9.93089366e-01  1.04016066e-01  5.43522663e-02 -1.57290806e+02]
 [ 0.00000000e+00  0.00000000e+00  0.00000000e+00  1.00000000e+00]]

[[-1.08312324e-01  9.89914112e-01  9.13153426e-02 -2.54785733e+02]
 [-3.64714521e-02 -9.57507858e-02  9.94736960e-01 -1.61483031e+01]
 [ 9.93447670e-01  1.04411869e-01  4.64745952e-02 -1.50460591e+02]
 [ 0.00000000e+00  0.00000000e+00  0.00000000e+00  1.00000000e+00]]

[[-1.09801141e-01  9.90402188e-01  8.39476892e-02 -2.48066063e+02]
 [-4.62885236e-02 -8.94619055e-02  9.94914037e-01 -1.48351379e+01]
 [ 9.92875159e-01  1.05356882e-01  5.56672744e-02 -1.56920386e+02]
 [ 0.00000000e+00  0.00000000e+00  0.00000000e+00  1.00000000e+00]]

[[-1.09425317e-01  9.90371460e-01  8.47966421e-02 -2.48543967e+02]
 [-4.34352162e-02 -8.99916283e-02  9.94994919e-01 -1.35480729e+01]
 [ 9.93045559e-01  1.05194474e-01  5.28643609e-02 -1.53563128e+02]
 [ 0.00000000e+00  0.00000000e+00  0.00000000e+00  1.00000000e+00]]

[[-1.09978286e-01  9.89351625e-01  9.53317290e-02 -2.57831400e+02]
 [-3.92427129e-02 -1.00160922e-01  9.94197063e-01 -1.40138580e+01]
 [ 9.93158993e-01  1.05599013e-01  4.98403683e-02 -1.51274763e+02]
 [ 0.00000000e+00  0.00000000e+00  0.00000000e+00  1.00000000e+00]]

[[-1.09764201e-01  9.90356553e-01  8.45323542e-02 -2.48084447e+02]
 [-4.71860576e-02 -9.01422922e-02  9.94810456e-01 -1.32958959e+01]
 [ 9.92836994e-01  1.05205826e-01  5.66254180e-02 -1.56750612e+02]
 [ 0.00000000e+00  0.00000000e+00  0.00000000e+00  1.00000000e+00]]

[[-1.13698873e-01  9.90314220e-01  7.96888466e-02 -2.43810564e+02]
 [-3.91660280e-02 -8.46143897e-02  9.95643725e-01 -1.31955191e+01]
 [ 9.92742962e-01  1.10082474e-01  4.84072352e-02 -1.47993548e+02]
 [ 0.00000000e+00  0.00000000e+00  0.00000000e+00  1.00000000e+00]]

[[-1.11520972e-01  9.89958887e-01  8.68589369e-02 -2.49648899e+02]
 [-3.02262862e-02 -9.07427598e-02  9.95415553e-01 -1.32671229e+01]
 [ 9.93302293e-01  1.08384287e-01  4.00425014e-02 -1.40592631e+02]
 [ 0.00000000e+00  0.00000000e+00  0.00000000e+00  1.00000000e+00]]

[[-1.11317500e-01  9.90560615e-01  7.99880118e-02 -2.44598366e+02]
 [-4.43292890e-02 -8.53575160e-02  9.95363757e-01 -1.32310876e+01]
 [ 9.92795713e-01  1.07255593e-01  5.34126331e-02 -1.51460758e+02]
 [ 0.00000000e+00  0.00000000e+00  0.00000000e+00  1.00000000e+00]]

[[-1.11924995e-01  9.89616256e-01  9.01801604e-02 -2.53589122e+02]
 [-4.55087288e-02 -9.57597805e-02  9.94363626e-01 -1.25896142e+01]
 [ 9.92674041e-01  1.07190159e-01  5.57540907e-02 -1.53432631e+02]
 [ 0.00000000e+00  0.00000000e+00  0.00000000e+00  1.00000000e+00]]

[[-1.11737549e-01  9.90913965e-01  7.48614277e-02 -2.40117222e+02]
 [-3.68209925e-02 -7.94099013e-02  9.96161775e-01 -1.18579828e+01]
 [ 9.93055353e-01  1.08552203e-01  4.53595034e-02 -1.44321064e+02]
 [ 0.00000000e+00  0.00000000e+00  0.00000000e+00  1.00000000e+00]]

[[-1.10993026e-01  9.89834210e-01  8.89313457e-02 -2.52682405e+02]
 [-4.71078743e-02 -9.46237144e-02  9.94397909e-01 -1.23903251e+01]
 [ 9.92704083e-01  1.06181866e-01  5.71315579e-02 -1.55621769e+02]
 [ 0.00000000e+00  0.00000000e+00  0.00000000e+00  1.00000000e+00]]

[[-1.09428126e-01  9.89863034e-01  9.05354038e-02 -2.54385107e+02]
 [-4.32686553e-02 -9.57396582e-02  9.94465556e-01 -1.37020690e+01]
 [ 9.93052521e-01  1.04905157e-01  5.33066537e-02 -1.52881556e+02]
 [ 0.00000000e+00  0.00000000e+00  0.00000000e+00  1.00000000e+00]]

[[-1.08932885e-01  9.90584025e-01  8.29271755e-02 -2.47099346e+02]
 [-3.94173203e-02 -8.76624982e-02  9.95370062e-01 -1.59342196e+01]
 [ 9.93267286e-01  1.05159765e-01  4.85954966e-02 -1.49969118e+02]
 [ 0.00000000e+00  0.00000000e+00  0.00000000e+00  1.00000000e+00]]

[[-1.09598598e-01  9.90222676e-01  8.62971558e-02 -2.49747552e+02]
 [-3.84562018e-02 -9.09794418e-02  9.95109975e-01 -1.58834214e+01]
 [ 9.93231729e-01  1.05743997e-01  4.80514223e-02 -1.49383989e+02]
 [ 0.00000000e+00  0.00000000e+00  0.00000000e+00  1.00000000e+00]]

[[-1.08912216e-01  9.90237775e-01  8.69901069e-02 -2.50850121e+02]
 [-3.73787333e-02 -9.15284370e-02  9.95100686e-01 -1.61924864e+01]
 [ 9.93348358e-01  1.05127041e-01  4.69823986e-02 -1.48141200e+02]
 [ 0.00000000e+00  0.00000000e+00  0.00000000e+00  1.00000000e+00]]

[[-1.09168794e-01  9.89524034e-01  9.44688330e-02 -2.57582508e+02]
 [-3.84445824e-02 -9.91688145e-02  9.94327693e-01 -1.59930997e+01]
 [ 9.93279512e-01  1.04917740e-01  4.88679781e-02 -1.49828821e+02]
 [ 0.00000000e+00  0.00000000e+00  0.00000000e+00  1.00000000e+00]]

[[-1.07623850e-01  9.90298427e-01  8.78984207e-02 -2.51470808e+02]
 [-4.55324590e-02 -9.32288801e-02  9.94603022e-01 -1.48085873e+01]
 [ 9.93148479e-01  1.03040775e-01  5.51243735e-02 -1.56002362e+02]
 [ 0.00000000e+00  0.00000000e+00  0.00000000e+00  1.00000000e+00]]

[[-1.06387949e-01  9.90474444e-01  8.74184217e-02 -2.50705848e+02]
 [-2.47009948e-02 -9.05229008e-02  9.95588000e-01 -1.74939608e+01]
 [ 9.94017839e-01  1.03759244e-01  3.40962499e-02 -1.39106479e+02]
 [ 0.00000000e+00  0.00000000e+00  0.00000000e+00  1.00000000e+00]]

[[-1.06526461e-01  9.89948218e-01  9.30303067e-02 -2.55640079e+02]
 [-2.12669260e-02 -9.58097475e-02  9.95172452e-01 -1.90142815e+01]
 [ 9.94082406e-01  1.04033731e-01  3.12594289e-02 -1.36745118e+02]
 [ 0.00000000e+00  0.00000000e+00  0.00000000e+00  1.00000000e+00]]

[[-1.08215221e-01  9.89380004e-01  9.70395421e-02 -2.58912832e+02]
 [-4.03679104e-02 -1.01905508e-01  9.93974697e-01 -1.71020278e+01]
 [ 9.93307554e-01  1.03645908e-01  5.09669304e-02 -1.53873350e+02]
 [ 0.00000000e+00  0.00000000e+00  0.00000000e+00  1.00000000e+00]]

[[-1.06490146e-01  9.89134855e-01  1.01351303e-01 -2.62471871e+02]
 [-3.72641689e-02 -1.05829472e-01  9.93685818e-01 -1.75434717e+01]
 [ 9.93615233e-01  1.02040976e-01  4.81290843e-02 -1.51636820e+02]
 [ 0.00000000e+00  0.00000000e+00  0.00000000e+00  1.00000000e+00]]

[[-1.05766965e-01  9.89657205e-01  9.69121555e-02 -2.59180248e+02]
 [-4.42693333e-02 -1.02048409e-01  9.93793916e-01 -1.76611709e+01]
 [ 9.93405041e-01  1.00820330e-01  5.46048152e-02 -1.57416849e+02]
 [ 0.00000000e+00  0.00000000e+00  0.00000000e+00  1.00000000e+00]]

[[-1.05267732e-01  9.89753680e-01  9.64694613e-02 -2.58355116e+02]
 [-4.01258019e-02 -1.01156964e-01  9.94060958e-01 -1.73913391e+01]
 [ 9.93634050e-01  1.00771629e-01  5.03632244e-02 -1.54394917e+02]
 [ 0.00000000e+00  0.00000000e+00  0.00000000e+00  1.00000000e+00]]

[[-1.07407974e-01  9.89870521e-01  9.28432978e-02 -2.54894492e+02]
 [-3.12934721e-02 -9.67032019e-02  9.94821195e-01 -1.84183403e+01]
 [ 9.93722419e-01  1.03946340e-01  4.13631805e-02 -1.46674644e+02]
 [ 0.00000000e+00  0.00000000e+00  0.00000000e+00  1.00000000e+00]]

[[-1.07821442e-01  9.90176596e-01  8.90216025e-02 -2.51715019e+02]
 [-2.45570173e-02 -9.21688964e-02  9.95440529e-01 -1.91771519e+01]
 [ 9.93866938e-01  1.05143728e-01  3.42535671e-02 -1.40485828e+02]
 [ 0.00000000e+00  0.00000000e+00  0.00000000e+00  1.00000000e+00]]

[[-1.07091389e-01  9.89459035e-01  9.74794936e-02 -2.59327596e+02]
 [-2.79733203e-02 -1.01003023e-01  9.94492777e-01 -2.07538469e+01]
 [ 9.93855587e-01  1.03774788e-01  3.84950086e-02 -1.45192198e+02]
 [ 0.00000000e+00  0.00000000e+00  0.00000000e+00  1.00000000e+00]]

[[-1.06118233e-01  9.89828930e-01  9.47502490e-02 -2.56555490e+02]
 [-2.68859772e-02 -9.81096918e-02  9.94812360e-01 -1.96581022e+01]
 [ 9.93989972e-01  1.03020277e-01  3.70237452e-02 -1.45269568e+02]
 [ 0.00000000e+00  0.00000000e+00  0.00000000e+00  1.00000000e+00]]

[[-1.04326457e-01  9.90157814e-01  9.32925167e-02 -2.55358037e+02]
 [-1.59303703e-02 -9.54560725e-02  9.95306165e-01 -2.18157586e+01]
 [ 9.94415514e-01  1.02350581e-01  2.57321744e-02 -1.35657162e+02]
 [ 0.00000000e+00  0.00000000e+00  0.00000000e+00  1.00000000e+00]]

[[-1.03955509e-01  9.89290466e-01  1.02457924e-01 -2.63662151e+02]
 [-2.66785976e-02 -1.05752663e-01  9.94034520e-01 -2.13833437e+01]
 [ 9.94224072e-01  1.00601931e-01  3.73864542e-02 -1.45778179e+02]
 [ 0.00000000e+00  0.00000000e+00  0.00000000e+00  1.00000000e+00]]

[[-1.02008742e-01  9.89647658e-01  1.00954098e-01 -2.62527687e+02]
 [-3.47841536e-02 -1.04969907e-01  9.93866883e-01 -2.13242770e+01]
 [ 9.94175175e-01  9.78715072e-02  4.51319043e-02 -1.52804335e+02]
 [ 0.00000000e+00  0.00000000e+00  0.00000000e+00  1.00000000e+00]]

[[-1.03817854e-01  9.89731764e-01  9.82491105e-02 -2.59320790e+02]
 [-1.86519126e-02 -1.00702929e-01  9.94741688e-01 -2.14339583e+01]
 [ 9.94421419e-01  1.01439413e-01  2.89151523e-02 -1.38731726e+02]
 [ 0.00000000e+00  0.00000000e+00  0.00000000e+00  1.00000000e+00]]

[[-1.02172400e-01  9.89721876e-01  1.00057024e-01 -2.60957907e+02]
 [-2.80046356e-02 -1.03405307e-01  9.94244981e-01 -2.05281988e+01]
 [ 9.94372436e-01  9.87823352e-02  3.82819689e-02 -1.48289870e+02]
 [ 0.00000000e+00  0.00000000e+00  0.00000000e+00  1.00000000e+00]]

[[-1.03103296e-01  9.90131031e-01  9.49223418e-02 -2.56401321e+02]
 [-2.92515142e-02 -9.84078991e-02  9.94716158e-01 -2.19705954e+01]
 [ 9.94240443e-01  9.97818927e-02  3.91090107e-02 -1.49011462e+02]
 [ 0.00000000e+00  0.00000000e+00  0.00000000e+00  1.00000000e+00]]

[[-1.04432053e-01  9.89689489e-01  9.80237857e-02 -2.58593292e+02]
 [-2.62638457e-02 -1.01272789e-01  9.94511957e-01 -2.08202988e+01]
 [ 9.94185172e-01  1.01284444e-01  3.65691773e-02 -1.46376036e+02]
 [ 0.00000000e+00  0.00000000e+00  0.00000000e+00  1.00000000e+00]]

[[-1.06721754e-01  9.89409809e-01  9.83803666e-02 -2.59793882e+02]
 [-3.93963463e-02 -1.03075598e-01  9.93893027e-01 -1.57146571e+01]
 [ 9.93508125e-01  1.02194180e-01  4.99795400e-02 -1.53925544e+02]
 [ 0.00000000e+00  0.00000000e+00  0.00000000e+00  1.00000000e+00]]

[[-1.06812310e-01  9.89577730e-01  9.65766321e-02 -2.58165286e+02]
 [-3.36602751e-02 -1.00675549e-01  9.94349747e-01 -1.96808057e+01]
 [ 9.93709272e-01  1.02957998e-01  4.40628466e-02 -1.51141447e+02]
 [ 0.00000000e+00  0.00000000e+00  0.00000000e+00  1.00000000e+00]]

[[-1.07497291e-01  9.89493873e-01  9.66757888e-02 -2.58027812e+02]
 [-3.20993646e-02 -1.00642817e-01  9.94404673e-01 -1.96325281e+01]
 [ 9.93687055e-01  1.03792578e-01  4.25809548e-02 -1.50150016e+02]
 [ 0.00000000e+00  0.00000000e+00  0.00000000e+00  1.00000000e+00]]

[[-1.06272246e-01  9.89315333e-01  9.98067235e-02 -2.61018475e+02]
 [-3.34909477e-02 -1.03879540e-01  9.94025854e-01 -2.05526428e+01]
 [ 9.93772895e-01  1.02294739e-01  4.41726201e-02 -1.51524670e+02]
 [ 0.00000000e+00  0.00000000e+00  0.00000000e+00  1.00000000e+00]]

[[-1.06713460e-01  9.89520473e-01  9.72700921e-02 -2.58434245e+02]
 [-3.26315551e-02 -1.01261438e-01  9.94324546e-01 -1.93635082e+01]
 [ 9.93754205e-01  1.02933738e-01  4.30955502e-02 -1.50804091e+02]
 [ 0.00000000e+00  0.00000000e+00  0.00000000e+00  1.00000000e+00]]

[[-1.07164340e-01  9.89536641e-01  9.66076598e-02 -2.57992072e+02]
 [-3.48799241e-02 -1.00849146e-01  9.94290119e-01 -1.97404826e+01]
 [ 9.93629305e-01  1.03182776e-01  4.53223951e-02 -1.52659079e+02]
 [ 0.00000000e+00  0.00000000e+00  0.00000000e+00  1.00000000e+00]]

[[-1.02667565e-01  9.90270060e-01  9.39392347e-02 -2.55923624e+02]
 [-2.65560940e-02 -9.71332951e-02  9.94917030e-01 -2.05843541e+01]
 [ 9.94361174e-01  9.96510498e-02  3.62701437e-02 -1.45200513e+02]
 [ 0.00000000e+00  0.00000000e+00  0.00000000e+00  1.00000000e+00]]

[[-1.01365485e-01  9.90080281e-01  9.72937557e-02 -2.57905862e+02]
 [-2.75011435e-02 -1.00548779e-01  9.94551975e-01 -2.11686279e+01]
 [ 9.94469067e-01  9.81375534e-02  3.74205157e-02 -1.46968831e+02]
 [ 0.00000000e+00  0.00000000e+00  0.00000000e+00  1.00000000e+00]]

[[-1.03737155e-01  9.90184698e-01  9.36635776e-02 -2.54649029e+02]
 [-2.46453120e-02 -9.67018221e-02  9.95008224e-01 -2.15115213e+01]
 [ 9.94299357e-01  1.00910954e-01  3.44349827e-02 -1.43817417e+02]
 [ 0.00000000e+00  0.00000000e+00  0.00000000e+00  1.00000000e+00]]

[[-1.02762247e-01  9.90028213e-01  9.63538187e-02 -2.57264529e+02]
 [-2.82374558e-02 -9.97310670e-02  9.94613674e-01 -2.08480263e+01]
 [ 9.94305067e-01  9.94879489e-02  3.82044664e-02 -1.47168647e+02]
 [ 0.00000000e+00  0.00000000e+00  0.00000000e+00  1.00000000e+00]]

[[-1.01043393e-01  9.89970110e-01  9.87391190e-02 -2.58933421e+02]
 [-2.19293370e-02 -1.01439168e-01  9.94600020e-01 -2.05567794e+01]
 [ 9.94640305e-01  9.83324772e-02  3.19591459e-02 -1.43870564e+02]
 [ 0.00000000e+00  0.00000000e+00  0.00000000e+00  1.00000000e+00]]

[[-1.04929842e-01  9.90049419e-01  9.37650061e-02 -2.54665475e+02]
 [-2.08033495e-02 -9.64500966e-02  9.95120394e-01 -2.29515289e+01]
 [ 9.94262012e-01  1.02467200e-01  3.07168375e-02 -1.42651351e+02]
 [ 0.00000000e+00  0.00000000e+00  0.00000000e+00  1.00000000e+00]]

[[-1.01850510e-01  9.89565572e-01  1.01913947e-01 -2.61365011e+02]
 [-1.73018990e-02 -1.04193302e-01  9.94406557e-01 -2.28582401e+01]
 [ 9.94649244e-01  9.95175097e-02  2.77335045e-02 -1.41838947e+02]
 [ 0.00000000e+00  0.00000000e+00  0.00000000e+00  1.00000000e+00]]

[[-9.98668015e-02  9.88823966e-01  1.10696817e-01 -2.69116632e+02]
 [-2.28193536e-02 -1.13499857e-01  9.93275923e-01 -2.26126989e+01]
 [ 9.94739111e-01  9.66692597e-02  3.38991915e-02 -1.47914557e+02]
 [ 0.00000000e+00  0.00000000e+00  0.00000000e+00  1.00000000e+00]]

[[-1.01155330e-01  9.89320934e-01  1.04936592e-01 -2.64300199e+02]
 [-2.42901080e-02 -1.07902147e-01  9.93864738e-01 -2.34792812e+01]
 [ 9.94574075e-01  9.79857945e-02  3.49455897e-02 -1.47911758e+02]
 [ 0.00000000e+00  0.00000000e+00  0.00000000e+00  1.00000000e+00]]

[[-9.98029258e-02  9.89506682e-01  1.04479193e-01 -2.64340735e+02]
 [-2.12323887e-02 -1.07097457e-01  9.94021791e-01 -2.31225863e+01]
 [ 9.94780660e-01  9.69879401e-02  3.16982301e-02 -1.45099093e+02]
 [ 0.00000000e+00  0.00000000e+00  0.00000000e+00  1.00000000e+00]]

[[-1.02892478e-01  9.89973193e-01  9.67792096e-02 -2.56534303e+02]
 [-2.75833861e-02 -1.00097920e-01  9.94595176e-01 -2.25244070e+01]
 [ 9.94309959e-01  9.96668640e-02  3.76061359e-02 -1.50863246e+02]
 [ 0.00000000e+00  0.00000000e+00  0.00000000e+00  1.00000000e+00]]

[[-1.01126846e-01  9.89470587e-01  1.03543799e-01 -2.61750666e+02]
 [-1.68346256e-02 -1.05764358e-01  9.94248709e-01 -2.30484025e+01]
 [ 9.94731097e-01  9.88021154e-02  2.73529828e-02 -1.43002746e+02]
 [ 0.00000000e+00  0.00000000e+00  0.00000000e+00  1.00000000e+00]]

[[-9.98076904e-02  9.89908356e-01  1.00597572e-01 -2.58783496e+02]
 [-1.63482819e-02 -1.02720224e-01  9.94575934e-01 -2.40825494e+01]
 [ 9.94872433e-01  9.76217295e-02  2.64355692e-02 -1.42866211e+02]
 [ 0.00000000e+00  0.00000000e+00  0.00000000e+00  1.00000000e+00]]

[[-9.83744706e-02  9.89304681e-01  1.07697315e-01 -2.65453990e+02]
 [-2.06166627e-02 -1.10225092e-01  9.93692801e-01 -2.45518502e+01]
 [ 9.94935886e-01  9.55336440e-02  3.12394960e-02 -1.48262252e+02]
 [ 0.00000000e+00  0.00000000e+00  0.00000000e+00  1.00000000e+00]]

[[-9.81549424e-02  9.88752842e-01  1.12842475e-01 -2.71411583e+02]
 [-2.07001014e-02 -1.15393995e-01  9.93104089e-01 -2.34885411e+01]
 [ 9.94955835e-01  9.51422240e-02  3.17937750e-02 -1.48617595e+02]
 [ 0.00000000e+00  0.00000000e+00  0.00000000e+00  1.00000000e+00]]

[[-1.00232888e-01  9.89896075e-01  1.00295208e-01 -2.59274923e+02]
 [-1.91139484e-02 -1.02699983e-01  9.94528718e-01 -2.13556431e+01]
 [ 9.94780390e-01  9.77674479e-02  2.92147384e-02 -1.43712127e+02]
 [ 0.00000000e+00  0.00000000e+00  0.00000000e+00  1.00000000e+00]]

[[-1.01549609e-01  9.89802485e-01  9.98935270e-02 -2.58996832e+02]
 [-3.14009202e-02 -1.03551701e-01  9.94128275e-01 -2.26515614e+01]
 [ 9.94334782e-01  9.78165885e-02  4.15963435e-02 -1.55639047e+02]
 [ 0.00000000e+00  0.00000000e+00  0.00000000e+00  1.00000000e+00]]

[[-9.98359880e-02  9.89976876e-01  9.98927410e-02 -2.59179102e+02]
 [-2.39916561e-02 -1.02760227e-01  9.94416782e-01 -2.30946406e+01]
 [ 9.94714620e-01  9.68819896e-02  3.40103536e-02 -1.48813081e+02]
 [ 0.00000000e+00  0.00000000e+00  0.00000000e+00  1.00000000e+00]]

[[-1.01753565e-01  9.89206013e-01  1.05440388e-01 -2.63748202e+02]
 [-2.71977791e-02 -1.08717138e-01  9.93700591e-01 -2.22986341e+01]
 [ 9.94437777e-01  9.82448338e-02  3.79665630e-02 -1.52378513e+02]
 [ 0.00000000e+00  0.00000000e+00  0.00000000e+00  1.00000000e+00]]

[[-1.00572423e-01  9.88709803e-01  1.11077058e-01 -2.68997784e+02]
 [-2.71258138e-02 -1.14326486e-01  9.93072830e-01 -2.28277905e+01]
 [ 9.94559892e-01  9.68626848e-02  3.83176497e-02 -1.52824694e+02]
 [ 0.00000000e+00  0.00000000e+00  0.00000000e+00  1.00000000e+00]]

[[-9.69857439e-02  9.90396495e-01  9.85319700e-02 -2.57892429e+02]
 [-1.56696174e-02 -1.00505829e-01  9.94813069e-01 -2.49889570e+01]
 [ 9.95162413e-01  9.49387272e-02  2.52667667e-02 -1.43034424e+02]
 [ 0.00000000e+00  0.00000000e+00  0.00000000e+00  1.00000000e+00]]

[[-9.53137420e-02  9.89329855e-01  1.10189516e-01 -2.68513057e+02]
 [-1.34505535e-02 -1.11963339e-01  9.93621303e-01 -2.51136832e+01]
 [ 9.95356405e-01  9.32236545e-02  2.39786789e-02 -1.41992304e+02]
 [ 0.00000000e+00  0.00000000e+00  0.00000000e+00  1.00000000e+00]]

[[-9.56623524e-02  9.89152395e-01  1.11473105e-01 -2.69184214e+02]
 [-2.54014080e-02 -1.14376024e-01  9.93112730e-01 -2.35338868e+01]
 [ 9.95089686e-01  9.21719261e-02  3.60673431e-02 -1.52536869e+02]
 [ 0.00000000e+00  0.00000000e+00  0.00000000e+00  1.00000000e+00]]

[[-9.70123995e-02  9.90482627e-01  9.76358569e-02 -2.57646402e+02]
 [-2.59471054e-02 -1.00582151e-01  9.94590357e-01 -2.37270189e+01]
 [ 9.94944894e-01  9.39542292e-02  3.54578729e-02 -1.50548110e+02]
 [ 0.00000000e+00  0.00000000e+00  0.00000000e+00  1.00000000e+00]]

[[-9.67316900e-02  9.89878730e-01  1.03841609e-01 -2.63209115e+02]
 [-2.68774589e-02 -1.06890719e-01  9.93907429e-01 -2.31939837e+01]
 [ 9.94947527e-01  9.33513467e-02  3.69451448e-02 -1.52800082e+02]
 [ 0.00000000e+00  0.00000000e+00  0.00000000e+00  1.00000000e+00]]

[[-9.77772178e-02  9.89684722e-01  1.04708008e-01 -2.63887094e+02]
 [-2.90037895e-02 -1.08001208e-01  9.93727588e-01 -2.30411773e+01]
 [ 9.94785603e-01  9.41269898e-02  3.92646651e-02 -1.55417714e+02]
 [ 0.00000000e+00  0.00000000e+00  0.00000000e+00  1.00000000e+00]]

[[-9.85156711e-02  9.89286584e-01  1.07734475e-01 -2.66872141e+02]
 [-2.75813362e-02 -1.10933949e-01  9.93444980e-01 -2.25131748e+01]
 [ 9.94753202e-01  9.48984382e-02  3.82145783e-02 -1.55063597e+02]
 [ 0.00000000e+00  0.00000000e+00  0.00000000e+00  1.00000000e+00]]

[[-9.81668890e-02  9.89142689e-01  1.09361794e-01 -2.67966227e+02]
 [-2.42014673e-02 -1.12232933e-01  9.93387164e-01 -2.33331363e+01]
 [ 9.94875646e-01  9.48710115e-02  3.49562624e-02 -1.53699199e+02]
 [ 0.00000000e+00  0.00000000e+00  0.00000000e+00  1.00000000e+00]]

[[-9.68277280e-02  9.89598144e-01  1.06395038e-01 -2.65163741e+02]
 [-1.40404454e-02 -1.08244791e-01  9.94025116e-01 -2.41509166e+01]
 [ 9.95202119e-01  9.47553598e-02  2.43754959e-02 -1.45478648e+02]
 [ 0.00000000e+00  0.00000000e+00  0.00000000e+00  1.00000000e+00]]

[[-9.63094587e-02  9.89096198e-01  1.11414534e-01 -2.68783309e+02]
 [-7.47969237e-03 -1.12650891e-01  9.93606477e-01 -2.56651750e+01]
 [ 9.95323336e-01  9.48603555e-02  1.82474816e-02 -1.41050758e+02]
 [ 0.00000000e+00  0.00000000e+00  0.00000000e+00  1.00000000e+00]]

[[-9.66338755e-02  9.90315873e-01  9.96813232e-02 -2.58338427e+02]
 [-9.98292449e-03 -1.01109340e-01  9.94825232e-01 -2.53935890e+01]
 [ 9.95269931e-01  9.51387065e-02  1.96568359e-02 -1.42320996e+02]
 [ 0.00000000e+00  0.00000000e+00  0.00000000e+00  1.00000000e+00]]

[[-9.64470436e-02  9.88709272e-01  1.14681926e-01 -2.71002659e+02]
 [-1.14637501e-02 -1.16314847e-01  9.93146232e-01 -2.48111666e+01]
 [ 9.95272099e-01  9.44713331e-02  2.25525391e-02 -1.45707745e+02]
 [ 0.00000000e+00  0.00000000e+00  0.00000000e+00  1.00000000e+00]]

[[-9.42817800e-02  9.88548483e-01  1.17825479e-01 -2.74489350e+02]
 [-1.75052868e-02 -1.19980540e-01  9.92621899e-01 -2.45535468e+01]
 [ 9.95391637e-01  9.15235907e-02  2.86168035e-02 -1.50871234e+02]
 [ 0.00000000e+00  0.00000000e+00  0.00000000e+00  1.00000000e+00]]

[[-9.31660762e-02  9.89089856e-01  1.14111079e-01 -2.70273546e+02]
 [-2.11240160e-03 -1.14805667e-01  9.93385724e-01 -2.45337151e+01]
 [ 9.95648342e-01  9.23088016e-02  1.27853485e-02 -1.37534632e+02]
 [ 0.00000000e+00  0.00000000e+00  0.00000000e+00  1.00000000e+00]]

[[-9.48651649e-02  9.89132516e-01  1.12327495e-01 -2.68436765e+02]
 [-2.58205770e-03 -1.13080479e-01  9.93582477e-01 -2.68627165e+01]
 [ 9.95486782e-01  9.39663294e-02  1.32813955e-02 -1.38825366e+02]
 [ 0.00000000e+00  0.00000000e+00  0.00000000e+00  1.00000000e+00]]

[[-9.42326502e-02  9.90127226e-01  1.03770346e-01 -2.61087910e+02]
 [-1.26207807e-02 -1.05413888e-01  9.94348343e-01 -2.55132211e+01]
 [ 9.95470202e-01  9.23904169e-02  2.24296086e-02 -1.46454950e+02]
 [ 0.00000000e+00  0.00000000e+00  0.00000000e+00  1.00000000e+00]]

[[-9.28492598e-02  9.91265654e-01  9.36558535e-02 -2.51925264e+02]
 [-7.87322906e-03 -9.47901847e-02  9.95466139e-01 -2.42365656e+01]
 [ 9.95649048e-01  9.16909202e-02  1.66056600e-02 -1.40988932e+02]
 [ 0.00000000e+00  0.00000000e+00  0.00000000e+00  1.00000000e+00]]

[[-9.51132255e-02  9.90702486e-01  9.72731145e-02 -2.55442249e+02]
 [-6.67404999e-03 -9.83485478e-02  9.95129650e-01 -2.52694470e+01]
 [ 9.95444088e-01  9.40007852e-02  1.59662455e-02 -1.39951642e+02]
 [ 0.00000000e+00  0.00000000e+00  0.00000000e+00  1.00000000e+00]]

[[-9.40276786e-02  9.90459186e-01  1.00744218e-01 -2.58318904e+02]
 [-8.53376548e-03 -1.01990669e-01  9.94748751e-01 -2.47976891e+01]
 [ 9.95533008e-01  9.26741884e-02  1.80422923e-02 -1.42300885e+02]
 [ 0.00000000e+00  0.00000000e+00  0.00000000e+00  1.00000000e+00]]

[[-9.40300289e-02  9.89463170e-01  1.10095360e-01 -2.67020286e+02]
 [-8.29385973e-03 -1.11360024e-01  9.93745519e-01 -2.57600928e+01]
 [ 9.95534814e-01  9.25288044e-02  1.86776550e-02 -1.42539101e+02]
 [ 0.00000000e+00  0.00000000e+00  0.00000000e+00  1.00000000e+00]]

[[-9.41217638e-02  9.90992587e-01  9.52616693e-02 -2.53460391e+02]
 [-7.97557466e-03 -9.64339430e-02  9.95307432e-01 -2.55830587e+01]
 [ 9.95528746e-01  9.29203245e-02  1.69802682e-02 -1.41364513e+02]
 [ 0.00000000e+00  0.00000000e+00  0.00000000e+00  1.00000000e+00]]

[[-9.44776883e-02  9.89384838e-01  1.10415616e-01 -2.67129408e+02]
 [-2.12281650e-02 -1.12888678e-01  9.93380849e-01 -2.50051544e+01]
 [ 9.95300624e-01  9.15084053e-02  3.16682859e-02 -1.54314443e+02]
 [ 0.00000000e+00  0.00000000e+00  0.00000000e+00  1.00000000e+00]]

[[-9.63788374e-02  9.89278088e-01  1.09726866e-01 -2.66333272e+02]
 [-2.09980120e-02 -1.12236367e-01  9.93459653e-01 -2.46466532e+01]
 [ 9.95123210e-01  9.34444403e-02  3.15900838e-02 -1.54367977e+02]
 [ 0.00000000e+00  0.00000000e+00  0.00000000e+00  1.00000000e+00]]

[[-9.36068827e-02  9.89222921e-01  1.12586694e-01 -2.68853257e+02]
 [-1.66669287e-02 -1.14624337e-01  9.93269085e-01 -2.55760327e+01]
 [ 9.95469721e-01  9.11003483e-02  2.72169348e-02 -1.50879914e+02]
 [ 0.00000000e+00  0.00000000e+00  0.00000000e+00  1.00000000e+00]]

[[-9.35287898e-02  9.89356823e-01  1.11469467e-01 -2.67344540e+02]
 [-3.12529401e-03 -1.12251431e-01  9.93674921e-01 -2.54596023e+01]
 [ 9.95611670e-01  9.25888380e-02  1.35907714e-02 -1.38928195e+02]
 [ 0.00000000e+00  0.00000000e+00  0.00000000e+00  1.00000000e+00]]

[[-9.12832288e-02  9.90036385e-01  1.07216267e-01 -2.63862342e+02]
 [ 1.84241552e-03 -1.07497686e-01  9.94203628e-01 -2.57367381e+01]
 [ 9.95823266e-01  9.09516541e-02  7.98867744e-03 -1.34264597e+02]
 [ 0.00000000e+00  0.00000000e+00  0.00000000e+00  1.00000000e+00]]

[[-9.31442570e-02  9.89586774e-01  1.09736797e-01 -2.65732263e+02]
 [-1.08854137e-02 -1.11221497e-01  9.93736025e-01 -2.58617961e+01]
 [ 9.95593117e-01  9.13662732e-02  2.11317051e-02 -1.46051978e+02]
 [ 0.00000000e+00  0.00000000e+00  0.00000000e+00  1.00000000e+00]]

[[-9.24305547e-02  9.88889868e-01  1.16419165e-01 -2.71233214e+02]
 [-1.37104427e-03 -1.17045970e-01  9.93125552e-01 -2.61567110e+01]
 [ 9.95718189e-01  9.16355298e-02  1.21744358e-02 -1.38395321e+02]
 [ 0.00000000e+00  0.00000000e+00  0.00000000e+00  1.00000000e+00]]

[[-8.79529898e-02  9.90033438e-01  1.09991199e-01 -2.66951425e+02]
 [-2.93355309e-03 -1.10676070e-01  9.93852203e-01 -2.57686694e+01]
 [ 9.96120307e-01  8.70896076e-02  1.26386069e-02 -1.45971965e+02]
 [ 0.00000000e+00  0.00000000e+00  0.00000000e+00  1.00000000e+00]]

[[-8.60471101e-02  9.89721626e-01  1.14223454e-01 -2.69464596e+02]
 [ 4.82503885e-03 -1.14233355e-01  9.93442228e-01 -2.52454826e+01]
 [ 9.96279385e-01  8.60339654e-02  5.05400480e-03 -1.39664104e+02]
 [ 0.00000000e+00  0.00000000e+00  0.00000000e+00  1.00000000e+00]]

[[-8.66558639e-02  9.88025659e-01  1.27656016e-01 -2.81318139e+02]
 [-3.78743043e-03 -1.28463832e-01  9.91706962e-01 -2.45201270e+01]
 [ 9.96231106e-01  8.54537353e-02  1.48742228e-02 -1.48784647e+02]
 [ 0.00000000e+00  0.00000000e+00  0.00000000e+00  1.00000000e+00]]

[[-8.60510568e-02  9.88418756e-01  1.24994311e-01 -2.79122998e+02]
 [-5.18529567e-03 -1.25902298e-01  9.92029094e-01 -2.52333253e+01]
 [ 9.96277235e-01  8.47170195e-02  1.59592693e-02 -1.50208949e+02]
 [ 0.00000000e+00  0.00000000e+00  0.00000000e+00  1.00000000e+00]]

[[-8.37369106e-02  9.87934707e-01  1.30281018e-01 -2.84033133e+02]
 [-5.44143770e-04 -1.30785505e-01  9.91410538e-01 -2.32624770e+01]
 [ 9.96487749e-01  8.29467640e-02  1.14891526e-02 -1.47235814e+02]
 [ 0.00000000e+00  0.00000000e+00  0.00000000e+00  1.00000000e+00]]

[[-8.55557252e-02  9.88884817e-01  1.21601956e-01 -2.76165731e+02]
 [ 1.82042054e-03 -1.21894108e-01  9.92541441e-01 -2.46765769e+01]
 [ 9.96331724e-01  8.51389695e-02  8.62855259e-03 -1.44181015e+02]
 [ 0.00000000e+00  0.00000000e+00  0.00000000e+00  1.00000000e+00]]

[[-8.58026768e-02  9.90147167e-01  1.10663852e-01 -2.66027158e+02]
 [-8.61793764e-03 -1.11806905e-01  9.93692582e-01 -2.36020516e+01]
 [ 9.96274878e-01  8.43077892e-02  1.81263583e-02 -1.52988053e+02]
 [ 0.00000000e+00  0.00000000e+00  0.00000000e+00  1.00000000e+00]]

[[-8.62045323e-02  9.89749566e-01  1.13862090e-01 -2.68818872e+02]
 [-1.48735884e-02 -1.15553321e-01  9.93189915e-01 -2.41217097e+01]
 [ 9.96166429e-01  8.39239342e-02  2.46823477e-02 -1.58728343e+02]
 [ 0.00000000e+00  0.00000000e+00  0.00000000e+00  1.00000000e+00]]

[[-8.51852487e-02  9.89192380e-01  1.19339468e-01 -2.73627631e+02]
 [-1.15203120e-02 -1.20744678e-01  9.92616746e-01 -2.40741852e+01]
 [ 9.96298527e-01  8.31814765e-02  2.16814702e-02 -1.56344493e+02]
 [ 0.00000000e+00  0.00000000e+00  0.00000000e+00  1.00000000e+00]]

[[-8.51932919e-02  9.89445025e-01  1.17220500e-01 -2.71718324e+02]
 [-5.79421389e-03 -1.18138216e-01  9.92980256e-01 -2.38361933e+01]
 [ 9.96347595e-01  8.39160562e-02  1.57976396e-02 -1.51442513e+02]
 [ 0.00000000e+00  0.00000000e+00  0.00000000e+00  1.00000000e+00]]

[[-8.47390331e-02  9.89965883e-01  1.13078938e-01 -2.68030744e+02]
 [-8.82731679e-03 -1.14228546e-01  9.93415280e-01 -2.39961017e+01]
 [ 9.96364077e-01  8.31828666e-02  1.84183590e-02 -1.53717304e+02]
 [ 0.00000000e+00  0.00000000e+00  0.00000000e+00  1.00000000e+00]]

[[-8.42610497e-02  9.89309319e-01  1.19025828e-01 -2.73083263e+02]
 [-8.57579994e-03 -1.20166197e-01  9.92716747e-01 -2.33905892e+01]
 [ 9.96406810e-01  8.26266135e-02  1.86094487e-02 -1.54222930e+02]
 [ 0.00000000e+00  0.00000000e+00  0.00000000e+00  1.00000000e+00]]

[[-8.52672555e-02  9.90427214e-01  1.08551507e-01 -2.63879688e+02]
 [-3.48149951e-03 -1.09243789e-01  9.94008890e-01 -2.37174180e+01]
 [ 9.96352033e-01  8.43784880e-02  1.27630899e-02 -1.48828836e+02]
 [ 0.00000000e+00  0.00000000e+00  0.00000000e+00  1.00000000e+00]]

[[-8.37780853e-02  9.91208166e-01  1.02409002e-01 -2.58244457e+02]
 [ 2.77275145e-03 -1.02538018e-01  9.94725222e-01 -2.36410700e+01]
 [ 9.96480579e-01  8.36201292e-02  5.84206497e-03 -1.43035833e+02]
 [ 0.00000000e+00  0.00000000e+00  0.00000000e+00  1.00000000e+00]]

[[-8.53673988e-02  9.90780235e-01  1.05199490e-01 -2.60865271e+02]
 [ 1.73493908e-03 -1.05436945e-01  9.94424477e-01 -2.39668140e+01]
 [ 9.96348030e-01  8.50739456e-02  7.28193435e-03 -1.44226140e+02]
 [ 0.00000000e+00  0.00000000e+00  0.00000000e+00  1.00000000e+00]]

[[-8.52151108e-02  9.90870582e-01  1.04469488e-01 -2.59450092e+02]
 [-6.75478872e-03 -1.05422993e-01  9.94404528e-01 -2.38854613e+01]
 [ 9.96339680e-01  8.40326227e-02  1.56767534e-02 -1.51143420e+02]
 [ 0.00000000e+00  0.00000000e+00  0.00000000e+00  1.00000000e+00]]

[[-8.42923253e-02  9.88282324e-01  1.27251134e-01 -2.79977923e+02]
 [-1.09135521e-02 -1.28613625e-01  9.91634726e-01 -2.33376297e+01]
 [ 9.96381302e-01  8.21984350e-02  2.16268121e-02 -1.56876433e+02]
 [ 0.00000000e+00  0.00000000e+00  0.00000000e+00  1.00000000e+00]]

[[-8.57453143e-02  9.88444542e-01  1.25000511e-01 -2.78003086e+02]
 [-1.81473938e-02 -1.26991229e-01  9.91737818e-01 -2.27477034e+01]
 [ 9.96151802e-01  8.27684375e-02  2.88265952e-02 -1.63169881e+02]
 [ 0.00000000e+00  0.00000000e+00  0.00000000e+00  1.00000000e+00]]

[[-8.46880567e-02  9.88901662e-01  1.22071439e-01 -2.75563327e+02]
 [-1.06016840e-02 -1.23398911e-01  9.92300516e-01 -2.35819583e+01]
 [ 9.96351111e-01  8.27418395e-02  2.09344369e-02 -1.56081682e+02]
 [ 0.00000000e+00  0.00000000e+00  0.00000000e+00  1.00000000e+00]]

[[-8.38745783e-02  9.89938395e-01  1.13960652e-01 -2.68293076e+02]
 [-8.53629352e-03 -1.15073232e-01  9.93320332e-01 -2.40357059e+01]
 [ 9.96439756e-01  8.23415225e-02  1.81021235e-02 -1.53626183e+02]
 [ 0.00000000e+00  0.00000000e+00  0.00000000e+00  1.00000000e+00]]

[[-8.53227249e-02  9.88902206e-01  1.21624256e-01 -2.75113064e+02]
 [-2.03037962e-02 -1.23769762e-01  9.92103221e-01 -2.35336003e+01]
 [ 9.96146469e-01  8.21795161e-02  3.06388422e-02 -1.64744791e+02]
 [ 0.00000000e+00  0.00000000e+00  0.00000000e+00  1.00000000e+00]]

[[-8.54736352e-02  9.89082672e-01  1.20040517e-01 -2.74564829e+02]
 [-9.70441401e-03 -1.21302166e-01  9.92568189e-01 -2.31390315e+01]
 [ 9.96293171e-01  8.36734884e-02  1.99666048e-02 -1.55411720e+02]
 [ 0.00000000e+00  0.00000000e+00  0.00000000e+00  1.00000000e+00]]

[[-8.50995580e-02  9.90993737e-01  1.03389938e-01 -2.60051012e+02]
 [-1.48819412e-03 -1.03892659e-01  9.94587402e-01 -2.45461163e+01]
 [ 9.96371342e-01  8.44850840e-02  1.03160104e-02 -1.46775405e+02]
 [ 0.00000000e+00  0.00000000e+00  0.00000000e+00  1.00000000e+00]]

[[-8.29147809e-02  9.90183442e-01  1.12525068e-01 -2.67503583e+02]
 [-6.38442187e-03 -1.13439348e-01  9.93524410e-01 -2.39905529e+01]
 [ 9.96536190e-01  8.16594513e-02  1.57275475e-02 -1.52054171e+02]
 [ 0.00000000e+00  0.00000000e+00  0.00000000e+00  1.00000000e+00]]

[[-8.39521569e-02  9.90267239e-01  1.11008243e-01 -2.66063173e+02]
 [-1.10459429e-02 -1.12319493e-01  9.93610748e-01 -2.37854568e+01]
 [ 9.96408562e-01  8.21895747e-02  2.03678991e-02 -1.56659428e+02]
 [ 0.00000000e+00  0.00000000e+00  0.00000000e+00  1.00000000e+00]]

[[-8.15081087e-02  9.90125768e-01  1.14049956e-01 -2.68877330e+02]
 [-3.65613287e-03 -1.14726969e-01  9.93390334e-01 -2.44703404e+01]
 [ 9.96665973e-01  8.05523855e-02  1.29712096e-02 -1.50367858e+02]
 [ 0.00000000e+00  0.00000000e+00  0.00000000e+00  1.00000000e+00]]

[[-8.37996308e-02  9.89979044e-01  1.13662283e-01 -2.68118805e+02]
 [-1.38539589e-02 -1.15209913e-01  9.93244554e-01 -2.40181715e+01]
 [ 9.96386315e-01  8.16588543e-02  2.33696772e-02 -1.59470841e+02]
 [ 0.00000000e+00  0.00000000e+00  0.00000000e+00  1.00000000e+00]]

[[-8.29831447e-02  9.89812050e-01  1.15697464e-01 -2.69736245e+02]
 [-1.45755310e-02 -1.17290975e-01  9.92990625e-01 -2.33459534e+01]
 [ 9.96444354e-01  8.07151328e-02  2.41602102e-02 -1.60588101e+02]
 [ 0.00000000e+00  0.00000000e+00  0.00000000e+00  1.00000000e+00]]

[[-8.34925168e-02  9.89522676e-01  1.17787405e-01 -2.71259648e+02]
 [-1.09747970e-02 -1.19106021e-01  9.92820885e-01 -2.36580675e+01]
 [ 9.96447968e-01  8.16004215e-02  2.08042720e-02 -1.57594768e+02]
 [ 0.00000000e+00  0.00000000e+00  0.00000000e+00  1.00000000e+00]]

[[-8.44658028e-02  9.89554216e-01  1.16824576e-01 -2.70378248e+02]
 [-6.16584167e-03 -1.17760382e-01  9.93022897e-01 -2.35786797e+01]
 [ 9.96407302e-01  8.31561544e-02  1.60481598e-02 -1.53122118e+02]
 [ 0.00000000e+00  0.00000000e+00  0.00000000e+00  1.00000000e+00]]

[[-8.39170216e-02  9.90073310e-01  1.12750941e-01 -2.66771569e+02]
 [-7.65717790e-03 -1.13787410e-01  9.93475613e-01 -2.40463308e+01]
 [ 9.96443326e-01  8.25061604e-02  1.71298680e-02 -1.53911757e+02]
 [ 0.00000000e+00  0.00000000e+00  0.00000000e+00  1.00000000e+00]]

[[-8.34062439e-02  9.89473742e-01  1.18258664e-01 -2.71478740e+02]
 [-1.07418578e-02 -1.19557985e-01  9.92769108e-01 -2.28806337e+01]
 [ 9.96457732e-01  8.15328246e-02  2.06006687e-02 -1.57042152e+02]
 [ 0.00000000e+00  0.00000000e+00  0.00000000e+00  1.00000000e+00]]

[[-8.48644938e-02  9.89035526e-01  1.20858372e-01 -2.73775696e+02]
 [-1.28830087e-02 -1.22374974e-01  9.92400319e-01 -2.28973412e+01]
 [ 9.96309212e-01  8.26625312e-02  2.31270435e-02 -1.59007977e+02]
 [ 0.00000000e+00  0.00000000e+00  0.00000000e+00  1.00000000e+00]]

[[-8.38680342e-02  9.89794123e-01  1.15211749e-01 -2.68420288e+02]
 [-1.02826279e-02 -1.16472563e-01  9.93140680e-01 -2.32089701e+01]
 [ 9.96423816e-01  8.21080770e-02  1.99460096e-02 -1.56377630e+02]
 [ 0.00000000e+00  0.00000000e+00  0.00000000e+00  1.00000000e+00]]

[[-8.43965982e-02  9.89920752e-01  1.13728267e-01 -2.67095651e+02]
 [-5.28845651e-03 -1.14578866e-01  9.93400078e-01 -2.31317071e+01]
 [ 9.96418209e-01  8.32381402e-02  1.49052193e-02 -1.51277080e+02]
 [ 0.00000000e+00  0.00000000e+00  0.00000000e+00  1.00000000e+00]]

[[-8.52312263e-02  9.89684680e-01  1.15151515e-01 -2.68370175e+02]
 [-1.54314736e-02 -1.16869398e-01  9.93027398e-01 -2.16745944e+01]
 [ 9.96241691e-01  8.28599854e-02  2.52332151e-02 -1.60430119e+02]
 [ 0.00000000e+00  0.00000000e+00  0.00000000e+00  1.00000000e+00]]

[[-8.48324513e-02  9.89679632e-01  1.15488875e-01 -2.68516623e+02]
 [-2.04034071e-02 -1.17607814e-01  9.92850494e-01 -2.12733624e+01]
 [ 9.96186306e-01  8.18695746e-02  3.01697956e-02 -1.64924204e+02]
 [ 0.00000000e+00  0.00000000e+00  0.00000000e+00  1.00000000e+00]]

[[-8.41391426e-02  9.89682778e-01  1.15968113e-01 -2.69612043e+02]
 [-1.54648960e-02 -1.17663740e-01  9.92933070e-01 -2.17679958e+01]
 [ 9.96334001e-01  8.17511024e-02  2.52054674e-02 -1.60042131e+02]
 [ 0.00000000e+00  0.00000000e+00  0.00000000e+00  1.00000000e+00]]

[[-8.38141785e-02  9.90091128e-01  1.12670946e-01 -2.66149236e+02]
 [-2.19955604e-02 -1.14879427e-01  9.93135898e-01 -2.04907017e+01]
 [ 9.96238615e-01  8.07606088e-02  3.14061340e-02 -1.66000411e+02]
 [ 0.00000000e+00  0.00000000e+00  0.00000000e+00  1.00000000e+00]]

[[-8.58143032e-02  9.89781391e-01  1.13880213e-01 -2.66747152e+02]
 [-2.42035682e-02 -1.16339162e-01  9.92914592e-01 -2.09738063e+01]
 [ 9.96017115e-01  8.24499663e-02  3.39398055e-02 -1.67960455e+02]
 [ 0.00000000e+00  0.00000000e+00  0.00000000e+00  1.00000000e+00]]

[[-8.40985811e-02  9.90197982e-01  1.11514061e-01 -2.64695445e+02]
 [-1.56343156e-02 -1.13207945e-01  9.93448302e-01 -2.11437738e+01]
 [ 9.96334781e-01  8.18041466e-02  2.50016953e-02 -1.59946021e+02]
 [ 0.00000000e+00  0.00000000e+00  0.00000000e+00  1.00000000e+00]]

[[-8.49696285e-02  9.91362045e-01  9.99072493e-02 -2.54073804e+02]
 [-1.67393569e-02 -1.01676025e-01  9.94676721e-01 -2.08136973e+01]
 [ 9.96242920e-01  8.28449284e-02  2.52341372e-02 -1.60176137e+02]
 [ 0.00000000e+00  0.00000000e+00  0.00000000e+00  1.00000000e+00]]

[[-8.56084733e-02  9.91721647e-01  9.57045694e-02 -2.50925566e+02]
 [-2.19262867e-02 -9.79092261e-02  9.94953779e-01 -2.09062444e+01]
 [ 9.96087560e-01  8.30780282e-02  3.01266326e-02 -1.64097643e+02]
 [ 0.00000000e+00  0.00000000e+00  0.00000000e+00  1.00000000e+00]]

[[-8.47430012e-02  9.92098334e-01  9.25176691e-02 -2.47614443e+02]
 [-2.56561977e-02 -9.49934915e-02  9.95147223e-01 -2.14084808e+01]
 [ 9.96072479e-01  8.19581107e-02  3.35035046e-02 -1.66884256e+02]
 [ 0.00000000e+00  0.00000000e+00  0.00000000e+00  1.00000000e+00]]

[[-8.35547765e-02  9.90767710e-01  1.06761154e-01 -2.59714908e+02]
 [-1.71503268e-02 -1.08549663e-01  9.93943075e-01 -2.16878522e+01]
 [ 9.96355592e-01  8.12177028e-02  2.60618328e-02 -1.60385156e+02]
 [ 0.00000000e+00  0.00000000e+00  0.00000000e+00  1.00000000e+00]]

[[-8.66844260e-02  9.89717108e-01  1.13779857e-01 -2.65632298e+02]
 [-1.91329811e-02 -1.15842603e-01  9.93083290e-01 -2.17094114e+01]
 [ 9.96052077e-01  8.39079071e-02  2.89779883e-02 -1.62021609e+02]
 [ 0.00000000e+00  0.00000000e+00  0.00000000e+00  1.00000000e+00]]

[[-8.50037045e-02  9.90826484e-01  1.05058308e-01 -2.58055115e+02]
 [-2.64559224e-02 -1.07647198e-01  9.93837092e-01 -2.10848706e+01]
 [ 9.96029344e-01  8.17004200e-02  3.53636393e-02 -1.67728168e+02]
 [ 0.00000000e+00  0.00000000e+00  0.00000000e+00  1.00000000e+00]]

[[-8.68345351e-02  9.90459259e-01  1.07005696e-01 -2.59841576e+02]
 [-2.40988955e-02 -1.09468383e-01  9.93698101e-01 -2.17231378e+01]
 [ 9.95931226e-01  8.37085936e-02  3.33746103e-02 -1.65689217e+02]
 [ 0.00000000e+00  0.00000000e+00  0.00000000e+00  1.00000000e+00]]

[[-8.75075934e-02  9.89425578e-01  1.15669560e-01 -2.66376752e+02]
 [-2.03247805e-02 -1.17864168e-01  9.92821707e-01 -2.00313786e+01]
 [ 9.95956487e-01  8.45284798e-02  3.04238674e-02 -1.62116489e+02]
 [ 0.00000000e+00  0.00000000e+00  0.00000000e+00  1.00000000e+00]]

[[-8.93063895e-02  9.88582050e-01  1.21366795e-01 -2.71608046e+02]
 [-3.32995872e-02 -1.24749123e-01  9.91629363e-01 -2.03924306e+01]
 [ 9.95447390e-01  8.45173740e-02  4.40602679e-02 -1.73789831e+02]
 [ 0.00000000e+00  0.00000000e+00  0.00000000e+00  1.00000000e+00]]

[[-8.70057495e-02  9.88837839e-01  1.20953410e-01 -2.71548411e+02]
 [-2.31978862e-02 -1.23391955e-01  9.92086833e-01 -2.03764989e+01]
 [ 9.95937678e-01  8.35113950e-02  3.36747573e-02 -1.64937731e+02]
 [ 0.00000000e+00  0.00000000e+00  0.00000000e+00  1.00000000e+00]]

[[-8.64712636e-02  9.90166272e-01  1.09970331e-01 -2.61786829e+02]
 [-1.43633070e-02 -1.11611383e-01  9.93648124e-01 -2.19184503e+01]
 [ 9.96150800e-01  8.43424713e-02  2.38732395e-02 -1.55921698e+02]
 [ 0.00000000e+00  0.00000000e+00  0.00000000e+00  1.00000000e+00]]

[[-8.63533036e-02  9.89907623e-01  1.12365500e-01 -2.63640565e+02]
 [-7.42945254e-03 -1.13423525e-01  9.93518952e-01 -2.09460597e+01]
 [ 9.96236875e-01  8.49588295e-02  1.71489678e-02 -1.50166842e+02]
 [ 0.00000000e+00  0.00000000e+00  0.00000000e+00  1.00000000e+00]]

[[-8.93434743e-02  9.90209713e-01  1.07249557e-01 -2.59510609e+02]
 [-2.03804668e-02 -1.09475181e-01  9.93780570e-01 -2.16705528e+01]
 [ 9.95792338e-01  8.66020128e-02  2.99618292e-02 -1.60690167e+02]
 [ 0.00000000e+00  0.00000000e+00  0.00000000e+00  1.00000000e+00]]

[[-8.74400016e-02  9.89924288e-01  1.11373919e-01 -2.63440271e+02]
 [-2.08958018e-02 -1.13600201e-01  9.93306780e-01 -2.13650254e+01]
 [ 9.95950607e-01  8.45274991e-02  3.06184635e-02 -1.61516555e+02]
 [ 0.00000000e+00  0.00000000e+00  0.00000000e+00  1.00000000e+00]]

[[-8.69601496e-02  9.89361645e-01  1.16625335e-01 -2.68334403e+02]
 [-2.30306107e-02 -1.19034065e-01  9.92623031e-01 -2.10633323e+01]
 [ 9.95945542e-01  8.36326946e-02  3.31368231e-02 -1.64073626e+02]
 [ 0.00000000e+00  0.00000000e+00  0.00000000e+00  1.00000000e+00]]

[[-8.74174235e-02  9.89321112e-01  1.16627318e-01 -2.68291318e+02]
 [-1.53781557e-02 -1.18401764e-01  9.92846682e-01 -2.15935948e+01]
 [ 9.96053064e-01  8.49985858e-02  2.55643112e-02 -1.57368501e+02]
 [ 0.00000000e+00  0.00000000e+00  0.00000000e+00  1.00000000e+00]]

[[-8.92451441e-02  9.91465735e-01  9.50315751e-02 -2.49723530e+02]
 [-1.65953658e-02 -9.68792602e-02  9.95157778e-01 -2.16752609e+01]
 [ 9.95871426e-01  8.72359155e-02  2.50997401e-02 -1.56042192e+02]
 [ 0.00000000e+00  0.00000000e+00  0.00000000e+00  1.00000000e+00]]

[[-8.93960883e-02  9.90412787e-01  1.05313105e-01 -2.59416117e+02]
 [-2.90436113e-02 -1.08283702e-01  9.93695682e-01 -2.12675913e+01]
 [ 9.95572603e-01  8.57738340e-02  3.84453034e-02 -1.67362187e+02]
 [ 0.00000000e+00  0.00000000e+00  0.00000000e+00  1.00000000e+00]]

[[-9.10038533e-02  9.90292337e-01  1.05068482e-01 -2.59426856e+02]
 [-2.10274685e-02 -1.07393583e-01  9.93994197e-01 -2.05493955e+01]
 [ 9.95628517e-01  8.82479779e-02  3.05965708e-02 -1.60660145e+02]
 [ 0.00000000e+00  0.00000000e+00  0.00000000e+00  1.00000000e+00]]

[[-8.96783569e-02  9.90442907e-01  1.04788551e-01 -2.59091975e+02]
 [-2.52649562e-02 -1.07440877e-01  9.93890406e-01 -2.02175161e+01]
 [ 9.95650277e-01  8.64829805e-02  3.46586180e-02 -1.64695163e+02]
 [ 0.00000000e+00  0.00000000e+00  0.00000000e+00  1.00000000e+00]]

[[-8.95246068e-02  9.90110172e-01  1.08014779e-01 -2.62505024e+02]
 [-3.09977322e-02 -1.11167527e-01  9.93318137e-01 -2.12335195e+01]
 [ 9.95502127e-01  8.55782025e-02  4.06433991e-02 -1.69599079e+02]
 [ 0.00000000e+00  0.00000000e+00  0.00000000e+00  1.00000000e+00]]

[[-9.15942133e-02  9.89075163e-01  1.15502480e-01 -2.68843781e+02]
 [-2.98884642e-02 -1.18668407e-01  9.92483999e-01 -2.07043760e+01]
 [ 9.95347768e-01  8.74535994e-02  4.04312770e-02 -1.69514621e+02]
 [ 0.00000000e+00  0.00000000e+00  0.00000000e+00  1.00000000e+00]]

[[-9.06643648e-02  9.89599715e-01  1.11679796e-01 -2.66297087e+02]
 [-2.23680683e-02 -1.14136889e-01  9.93213190e-01 -2.21038964e+01]
 [ 9.95630274e-01  8.75509817e-02  3.24835825e-02 -1.62030144e+02]
 [ 0.00000000e+00  0.00000000e+00  0.00000000e+00  1.00000000e+00]]

[[-9.18362812e-02  9.90584003e-01  1.01535365e-01 -2.57655967e+02]
 [-1.83071897e-02 -1.03628627e-01  9.94447562e-01 -2.12209970e+01]
 [ 9.95605818e-01  8.94675388e-02  2.76516770e-02 -1.57677414e+02]
 [ 0.00000000e+00  0.00000000e+00  0.00000000e+00  1.00000000e+00]]

[[-9.13906430e-02  9.89893587e-01  1.08436324e-01 -2.63888980e+02]
 [-2.73066210e-02 -1.11342232e-01  9.93406893e-01 -2.06935557e+01]
 [ 9.95440656e-01  8.78270651e-02  3.72062872e-02 -1.66041514e+02]
 [ 0.00000000e+00  0.00000000e+00  0.00000000e+00  1.00000000e+00]]

[[-9.06649274e-02  9.89935090e-01  1.08666409e-01 -2.65039665e+02]
 [-2.58078375e-02 -1.11414675e-01  9.93438838e-01 -2.11501966e+01]
 [ 9.95546999e-01  8.72656151e-02  3.56494873e-02 -1.64606527e+02]
 [ 0.00000000e+00  0.00000000e+00  0.00000000e+00  1.00000000e+00]]

[[-9.12400793e-02  9.89804724e-01  1.09370271e-01 -2.66192425e+02]
 [-2.76763743e-02 -1.12306380e-01  9.93288123e-01 -2.12279916e+01]
 [ 9.95444256e-01  8.76007146e-02  3.76410491e-02 -1.66627952e+02]
 [ 0.00000000e+00  0.00000000e+00  0.00000000e+00  1.00000000e+00]]

[[-9.10387281e-02  9.89378569e-01  1.13322538e-01 -2.70179889e+02]
 [-2.54360698e-02 -1.16068182e-01  9.92915497e-01 -2.15465186e+01]
 [ 9.95522454e-01  8.75112839e-02  3.57326019e-02 -1.64995914e+02]
 [ 0.00000000e+00  0.00000000e+00  0.00000000e+00  1.00000000e+00]]

[[-9.31779994e-02  9.90839151e-01  9.77529380e-02 -2.56807482e+02]
 [-2.35757708e-02 -1.00348228e-01  9.94673020e-01 -2.11583129e+01]
 [ 9.95370305e-01  9.03770412e-02  3.27100438e-02 -1.61802895e+02]
 [ 0.00000000e+00  0.00000000e+00  0.00000000e+00  1.00000000e+00]]

[[-9.20824097e-02  9.88918949e-01  1.16448023e-01 -2.73870970e+02]
 [-3.27531453e-02 -1.19889669e-01  9.92246793e-01 -2.04971673e+01]
 [ 9.95212571e-01  8.75544367e-02  4.34299357e-02 -1.71381001e+02]
 [ 0.00000000e+00  0.00000000e+00  0.00000000e+00  1.00000000e+00]]

[[-9.34313069e-02  9.91429040e-01  9.13183995e-02 -2.52022172e+02]
 [-2.71796136e-02 -9.42252559e-02  9.95179818e-01 -2.13785193e+01]
 [ 9.95254671e-01  9.04989522e-02  3.57502470e-02 -1.63355036e+02]
 [ 0.00000000e+00  0.00000000e+00  0.00000000e+00  1.00000000e+00]]

[[-9.55703921e-02  9.91724793e-01  8.57218457e-02 -2.47117652e+02]
 [-2.59666722e-02 -8.85705167e-02  9.95731387e-01 -2.05615634e+01]
 [ 9.95083932e-01  9.29365281e-02  3.42165116e-02 -1.61310547e+02]
 [ 0.00000000e+00  0.00000000e+00  0.00000000e+00  1.00000000e+00]]

[[-9.47785459e-02  9.92111379e-01  8.20490047e-02 -2.44202633e+02]
 [-2.12826250e-02 -8.44205545e-02  9.96202901e-01 -2.04538845e+01]
 [ 9.95270856e-01  9.26724442e-02  2.91159918e-02 -1.56913320e+02]
 [ 0.00000000e+00  0.00000000e+00  0.00000000e+00  1.00000000e+00]]

[[-9.36602101e-02  9.90664979e-01  9.90487983e-02 -2.59619876e+02]
 [-2.76121751e-02 -1.02032542e-01  9.94397772e-01 -2.11447266e+01]
 [ 9.95221248e-01  9.04005514e-02  3.69108042e-02 -1.63856598e+02]
 [ 0.00000000e+00  0.00000000e+00  0.00000000e+00  1.00000000e+00]]

[[-9.46409224e-02  9.91307706e-01  9.13899734e-02 -2.51979527e+02]
 [-2.32684580e-02 -9.39796856e-02  9.95302164e-01 -2.09289452e+01]
 [ 9.95239506e-01  9.20698111e-02  3.19605259e-02 -1.58901541e+02]
 [ 0.00000000e+00  0.00000000e+00  0.00000000e+00  1.00000000e+00]]

[[-9.32519161e-02  9.90420642e-01  1.01838268e-01 -2.61106404e+02]
 [-1.42294455e-02 -1.03599260e-01  9.94517328e-01 -1.97971723e+01]
 [ 9.95540860e-01  9.12915444e-02  2.37539660e-02 -1.52265827e+02]
 [ 0.00000000e+00  0.00000000e+00  0.00000000e+00  1.00000000e+00]]

[[-9.31985290e-02  9.90758989e-01  9.85426759e-02 -2.58428277e+02]
 [-3.09151069e-02 -1.01805360e-01  9.94323853e-01 -2.06047363e+01]
 [ 9.95167468e-01  8.96230631e-02  4.01175299e-02 -1.66921097e+02]
 [ 0.00000000e+00  0.00000000e+00  0.00000000e+00  1.00000000e+00]]

[[-9.27838814e-02  9.89699055e-01  1.09027210e-01 -2.67638041e+02]
 [-2.64569849e-02 -1.11911490e-01  9.93365918e-01 -2.01441514e+01]
 [ 9.95334707e-01  8.92838142e-02  3.65680353e-02 -1.64080548e+02]
 [ 0.00000000e+00  0.00000000e+00  0.00000000e+00  1.00000000e+00]]

[[-9.24269240e-02  9.90554281e-01  1.01289093e-01 -2.60840210e+02]
 [-2.25226264e-02 -1.03778302e-01  9.94345410e-01 -2.07890801e+01]
 [ 9.95464713e-01  8.96229913e-02  3.19017933e-02 -1.59856355e+02]
 [ 0.00000000e+00  0.00000000e+00  0.00000000e+00  1.00000000e+00]]

[[-9.22117671e-02  9.90250622e-01  1.04406399e-01 -2.63738165e+02]
 [-2.91578526e-02 -1.07493488e-01  9.93778129e-01 -2.08926416e+01]
 [ 9.95312418e-01  8.85937710e-02  3.87857462e-02 -1.66060987e+02]
 [ 0.00000000e+00  0.00000000e+00  0.00000000e+00  1.00000000e+00]]

[[-9.26043758e-02  9.89867875e-01  1.07638375e-01 -2.66295648e+02]
 [-2.35125336e-02 -1.10246695e-01  9.93626100e-01 -1.95579030e+01]
 [ 9.95425331e-01  8.94832739e-02  3.34836281e-02 -1.61443571e+02]
 [ 0.00000000e+00  0.00000000e+00  0.00000000e+00  1.00000000e+00]]

[[-9.40733168e-02  9.90824996e-01  9.70362719e-02 -2.57212652e+02]
 [-2.94333632e-02 -1.00193898e-01  9.94532483e-01 -2.01157433e+01]
 [ 9.95130086e-01  9.07028655e-02  3.85888843e-02 -1.64898107e+02]
 [ 0.00000000e+00  0.00000000e+00  0.00000000e+00  1.00000000e+00]]

[[-9.66464793e-02  9.90740558e-01  9.53551530e-02 -2.55773936e+02]
 [-3.26731860e-02 -9.89100055e-02  9.94559839e-01 -1.95428143e+01]
 [ 9.94782349e-01  9.30051502e-02  4.19299543e-02 -1.67226037e+02]
 [ 0.00000000e+00  0.00000000e+00  0.00000000e+00  1.00000000e+00]]

[[-9.57263090e-02  9.90191411e-01  1.01771522e-01 -2.61699896e+02]
 [-3.29683957e-02 -1.05338839e-01  9.93889739e-01 -1.96101742e+01]
 [ 9.94861578e-01  9.17861525e-02  4.27287205e-02 -1.67450960e+02]
 [ 0.00000000e+00  0.00000000e+00  0.00000000e+00  1.00000000e+00]]

[[-9.65568145e-02  9.89896812e-01  1.03831991e-01 -2.63560470e+02]
 [-3.71821827e-02 -1.07833977e-01  9.93473361e-01 -1.79324213e+01]
 [ 9.94632730e-01  9.20659229e-02  4.72186295e-02 -1.70593441e+02]
 [ 0.00000000e+00  0.00000000e+00  0.00000000e+00  1.00000000e+00]]

[[-9.90750114e-02  9.90200713e-01  9.84209811e-02 -2.59031956e+02]
 [-3.59365954e-02 -1.02403567e-01  9.94093592e-01 -1.75877404e+01]
 [ 9.94430844e-01  9.49529190e-02  4.57300770e-02 -1.68555063e+02]
 [ 0.00000000e+00  0.00000000e+00  0.00000000e+00  1.00000000e+00]]

[[-9.71974931e-02  9.90067116e-01  1.01586190e-01 -2.62289381e+02]
 [-3.12908458e-02 -1.05058920e-01  9.93973594e-01 -1.87549123e+01]
 [ 9.94773105e-01  9.34330238e-02  4.11915011e-02 -1.65327228e+02]
 [ 0.00000000e+00  0.00000000e+00  0.00000000e+00  1.00000000e+00]]

[[-9.53789003e-02  9.89501316e-01  1.08581817e-01 -2.68697357e+02]
 [-3.65209078e-02 -1.12484066e-01  9.92982154e-01 -1.73260491e+01]
 [ 9.94770872e-01  9.07440393e-02  4.68660928e-02 -1.70741973e+02]
 [ 0.00000000e+00  0.00000000e+00  0.00000000e+00  1.00000000e+00]]

[[-9.82418660e-02  9.90015154e-01  1.01086751e-01 -2.62328675e+02]
 [-3.76121667e-02 -1.05199397e-01  9.93739610e-01 -1.70948001e+01]
 [ 9.94451538e-01  9.38247418e-02  4.75716001e-02 -1.70018500e+02]
 [ 0.00000000e+00  0.00000000e+00  0.00000000e+00  1.00000000e+00]]

[[-9.95880299e-02  9.89873155e-01  1.01160082e-01 -2.62605743e+02]
 [-2.62937803e-02 -1.04247977e-01  9.94203700e-01 -1.70265624e+01]
 [ 9.94681286e-01  9.63509068e-02  3.64093579e-02 -1.59625381e+02]
 [ 0.00000000e+00  0.00000000e+00  0.00000000e+00  1.00000000e+00]]

[[-9.82563392e-02  9.90429892e-01  9.69243040e-02 -2.59449302e+02]
 [-3.17141905e-02 -1.00462503e-01  9.94435265e-01 -1.68558195e+01]
 [ 9.94655670e-01  9.46356929e-02  4.12817601e-02 -1.63704363e+02]
 [ 0.00000000e+00  0.00000000e+00  0.00000000e+00  1.00000000e+00]]

[[-1.00138476e-01  9.90201839e-01  9.73273050e-02 -2.60257275e+02]
 [-3.61674314e-02 -1.01376935e-01  9.94190441e-01 -1.66973560e+01]
 [ 9.94315947e-01  9.60366371e-02  4.59647889e-02 -1.67482680e+02]
 [ 0.00000000e+00  0.00000000e+00  0.00000000e+00  1.00000000e+00]]

[[-1.01505840e-01  9.90894235e-01  8.84600465e-02 -2.52947272e+02]
 [-4.21110732e-02 -9.31193137e-02  9.94764018e-01 -1.62326821e+01]
 [ 9.93943269e-01  9.72492093e-02  5.11797738e-02 -1.71411964e+02]
 [ 0.00000000e+00  0.00000000e+00  0.00000000e+00  1.00000000e+00]]

[[-1.02231357e-01  9.90270110e-01  9.44132366e-02 -2.58593494e+02]
 [-4.00742397e-02 -9.89332897e-02  9.94286809e-01 -1.71645950e+01]
 [ 9.93953120e-01  9.78637510e-02  4.97984062e-02 -1.70158549e+02]
 [ 0.00000000e+00  0.00000000e+00  0.00000000e+00  1.00000000e+00]]

[[-9.83350696e-02  9.90570672e-01  9.53937043e-02 -2.59423027e+02]
 [-3.23545319e-02 -9.89899762e-02  9.94562300e-01 -1.64670937e+01]
 [ 9.94627266e-01  9.47139343e-02  4.17836366e-02 -1.62999732e+02]
 [ 0.00000000e+00  0.00000000e+00  0.00000000e+00  1.00000000e+00]]

[[-1.03791233e-01  9.90941234e-01  8.52223632e-02 -2.51212766e+02]
 [-3.20121122e-02 -8.89690790e-02  9.95519828e-01 -1.75552900e+01]
 [ 9.94083802e-01  1.00598083e-01  4.09563324e-02 -1.61903086e+02]
 [ 0.00000000e+00  0.00000000e+00  0.00000000e+00  1.00000000e+00]]

[[-1.02804388e-01  9.91023648e-01  8.54598512e-02 -2.51733200e+02]
 [-2.86194143e-02 -8.88264323e-02  9.95635874e-01 -1.78918872e+01]
 [ 9.94289790e-01  9.99099256e-02  3.74942633e-02 -1.58461166e+02]
 [ 0.00000000e+00  0.00000000e+00  0.00000000e+00  1.00000000e+00]]

[[-1.00653110e-01  9.91317008e-01  8.46140759e-02 -2.51014857e+02]
 [-3.20710479e-02 -8.82345518e-02  9.95583302e-01 -1.68644662e+01]
 [ 9.94404545e-01  9.74948938e-02  4.06736573e-02 -1.61758157e+02]
 [ 0.00000000e+00  0.00000000e+00  0.00000000e+00  1.00000000e+00]]

[[-9.99161663e-02  9.90472807e-01  9.47648571e-02 -2.60407949e+02]
 [-2.57084889e-02 -9.77795392e-02  9.94875990e-01 -1.75272239e+01]
 [ 9.94663678e-01  9.69679335e-02  3.52333158e-02 -1.56990442e+02]
 [ 0.00000000e+00  0.00000000e+00  0.00000000e+00  1.00000000e+00]]

[[-1.02884790e-01  9.89152242e-01  1.04845422e-01 -2.69392352e+02]
 [-4.31368654e-02 -1.09742562e-01  9.93023555e-01 -1.53130169e+01]
 [ 9.93757481e-01  9.76443174e-02  5.39597676e-02 -1.73367763e+02]
 [ 0.00000000e+00  0.00000000e+00  0.00000000e+00  1.00000000e+00]]

[[-1.03649167e-01  9.89904178e-01  9.66776512e-02 -2.62748797e+02]
 [-3.93969198e-02 -1.01211032e-01  9.94084609e-01 -1.55151377e+01]
 [ 9.93833353e-01  9.92272395e-02  4.94896146e-02 -1.69029000e+02]
 [ 0.00000000e+00  0.00000000e+00  0.00000000e+00  1.00000000e+00]]

[[-1.02817840e-01  9.90680717e-01  8.93320129e-02 -2.57205637e+02]
 [-4.05788978e-02 -9.39107299e-02  9.94753300e-01 -1.57904685e+01]
 [ 9.93872147e-01  9.86533912e-02  4.98564300e-02 -1.69303202e+02]
 [ 0.00000000e+00  0.00000000e+00  0.00000000e+00  1.00000000e+00]]

[[-1.04019445e-01  9.90086049e-01  9.43905212e-02 -2.61636658e+02]
 [-3.81328252e-02 -9.88057645e-02  9.94375839e-01 -1.65418019e+01]
 [ 9.93843973e-01  9.98350458e-02  4.80324991e-02 -1.67964882e+02]
 [ 0.00000000e+00  0.00000000e+00  0.00000000e+00  1.00000000e+00]]

[[-1.00142683e-01  9.90573186e-01  9.34676725e-02 -2.60773351e+02]
 [-2.86899356e-02 -9.67756725e-02  9.94892636e-01 -1.68272631e+01]
 [ 9.94559365e-01  9.69496368e-02  3.81108564e-02 -1.59754925e+02]
 [ 0.00000000e+00  0.00000000e+00  0.00000000e+00  1.00000000e+00]]

[[-9.95869397e-02  9.91177699e-01  8.74597634e-02 -2.55811280e+02]
 [-1.95570453e-02 -8.98295114e-02  9.95765123e-01 -1.78856979e+01]
 [ 9.94836652e-01  9.74547467e-02  2.83303533e-02 -1.50709080e+02]
 [ 0.00000000e+00  0.00000000e+00  0.00000000e+00  1.00000000e+00]]

[[-9.95833861e-02  9.89682391e-01  1.03014143e-01 -2.69453087e+02]
 [-3.40411406e-02 -1.06856719e-01  9.93691523e-01 -1.73669040e+01]
 [ 9.94446756e-01  9.54484476e-02  4.43310713e-02 -1.64944781e+02]
 [ 0.00000000e+00  0.00000000e+00  0.00000000e+00  1.00000000e+00]]

[[-9.99249424e-02  9.90500225e-01  9.44685622e-02 -2.61418607e+02]
 [-2.67332100e-02 -9.75821067e-02  9.94868367e-01 -1.76638447e+01]
 [ 9.94635783e-01  9.68867163e-02  3.62301369e-02 -1.58029948e+02]
 [ 0.00000000e+00  0.00000000e+00  0.00000000e+00  1.00000000e+00]]

[[-1.03166083e-01  9.90698886e-01  8.87269767e-02 -2.55973465e+02]
 [-3.61538719e-02 -9.28789186e-02  9.95020806e-01 -1.67279431e+01]
 [ 9.94006870e-01  9.94445752e-02  4.53995548e-02 -1.65239352e+02]
 [ 0.00000000e+00  0.00000000e+00  0.00000000e+00  1.00000000e+00]]

[[-1.06713925e-01  9.89394251e-01  9.85451894e-02 -2.64317479e+02]
 [-3.36798474e-02 -1.02651213e-01  9.94147070e-01 -1.65604204e+01]
 [ 9.93719179e-01  1.02770349e-01  4.42769612e-02 -1.64690872e+02]
 [ 0.00000000e+00  0.00000000e+00  0.00000000e+00  1.00000000e+00]]

[[-1.02873626e-01  9.90150496e-01  9.49684777e-02 -2.61236105e+02]
 [-4.81655410e-02 -1.00321666e-01  9.93788531e-01 -1.58522179e+01]
 [ 9.93527603e-01  9.76604213e-02  5.80115879e-02 -1.76927289e+02]
 [ 0.00000000e+00  0.00000000e+00  0.00000000e+00  1.00000000e+00]]

[[-1.00404238e-01  9.88284021e-01  1.14950782e-01 -2.77872386e+02]
 [-3.83653909e-02 -1.19294370e-01  9.92117407e-01 -1.67129258e+01]
 [ 9.94206762e-01  9.52026606e-02  4.98935631e-02 -1.70569637e+02]
 [ 0.00000000e+00  0.00000000e+00  0.00000000e+00  1.00000000e+00]]

[[-1.00357757e-01  9.90895115e-01  8.97507153e-02 -2.54925664e+02]
 [-3.85378001e-02 -9.40097806e-02  9.94825110e-01 -1.72889776e+01]
 [ 9.94204787e-01  9.63796218e-02  4.76215287e-02 -1.68181251e+02]
 [ 0.00000000e+00  0.00000000e+00  0.00000000e+00  1.00000000e+00]]

[[-1.02331437e-01  9.89681964e-01  1.00289017e-01 -2.64093736e+02]
 [-3.02597731e-02 -1.03868628e-01  9.94130602e-01 -1.70549486e+01]
 [ 9.94290010e-01  9.86960905e-02  4.05765777e-02 -1.61970982e+02]
 [ 0.00000000e+00  0.00000000e+00  0.00000000e+00  1.00000000e+00]]

[[-1.00558175e-01  9.90990349e-01  8.84657088e-02 -2.53240062e+02]
 [-3.00700648e-02 -9.19029487e-02  9.95313840e-01 -1.69605406e+01]
 [ 9.94476669e-01  9.74267736e-02  3.90407368e-02 -1.60872761e+02]
 [ 0.00000000e+00  0.00000000e+00  0.00000000e+00  1.00000000e+00]]

[[-9.97877954e-02  9.90869822e-01  9.06608629e-02 -2.54445211e+02]
 [-3.17067377e-02 -9.42359619e-02  9.95044856e-01 -1.70847926e+01]
 [ 9.94503433e-01  9.64187724e-02  4.08208484e-02 -1.62135575e+02]
 [ 0.00000000e+00  0.00000000e+00  0.00000000e+00  1.00000000e+00]]

[[-1.00704482e-01  9.88718079e-01  1.10883577e-01 -2.72045537e+02]
 [-4.04561800e-02 -1.15427393e-01  9.92491720e-01 -1.72293229e+01]
 [ 9.94093509e-01  9.54624384e-02  5.16238124e-02 -1.71673004e+02]
 [ 0.00000000e+00  0.00000000e+00  0.00000000e+00  1.00000000e+00]]

[[-9.80654986e-02  9.90824266e-01  9.30077009e-02 -2.55182251e+02]
 [-1.51224199e-02 -9.49310302e-02  9.95368983e-01 -1.87593684e+01]
 [ 9.95065058e-01  9.62048540e-02  2.42931194e-02 -1.48704822e+02]
 [ 0.00000000e+00  0.00000000e+00  0.00000000e+00  1.00000000e+00]]

[[-9.92297939e-02  9.91139765e-01  8.82916472e-02 -2.50681514e+02]
 [-3.31436978e-02 -9.19724532e-02  9.95209809e-01 -1.82877917e+01]
 [ 9.94512415e-01  9.58281525e-02  4.19764444e-02 -1.64034179e+02]
 [ 0.00000000e+00  0.00000000e+00  0.00000000e+00  1.00000000e+00]]

[[-9.57540717e-02  9.88750633e-01  1.14905805e-01 -2.73958684e+02]
 [-2.75678975e-02 -1.18026148e-01  9.92627745e-01 -1.82367819e+01]
 [ 9.95023200e-01  9.18804368e-02  3.85592603e-02 -1.61835288e+02]
 [ 0.00000000e+00  0.00000000e+00  0.00000000e+00  1.00000000e+00]]

[[-9.52074531e-02  9.89350018e-01  1.10100330e-01 -2.68845536e+02]
 [-2.99234305e-02 -1.13397141e-01  9.93099027e-01 -1.94765731e+01]
 [ 9.95007603e-01  9.12558494e-02  4.04009995e-02 -1.63805305e+02]
 [ 0.00000000e+00  0.00000000e+00  0.00000000e+00  1.00000000e+00]]

[[-9.55564583e-02  9.89329031e-01  1.09986508e-01 -2.68431767e+02]
 [-3.78440142e-02 -1.14022858e-01  9.92757079e-01 -1.82876823e+01]
 [ 9.94704375e-01  9.07020195e-02  4.83358024e-02 -1.70478914e+02]
 [ 0.00000000e+00  0.00000000e+00  0.00000000e+00  1.00000000e+00]]

[[-9.32796421e-02  9.90113494e-01  1.04757705e-01 -2.63171903e+02]
 [-2.55614896e-02 -1.07563289e-01  9.93869584e-01 -1.90526737e+01]
 [ 9.95311770e-01  9.00300360e-02  3.53422409e-02 -1.60237836e+02]
 [ 0.00000000e+00  0.00000000e+00  0.00000000e+00  1.00000000e+00]]

[[-9.28194205e-02  9.90023526e-01  1.06009303e-01 -2.64437595e+02]
 [-2.44215457e-02 -1.08700585e-01  9.93774507e-01 -1.89876589e+01]
 [ 9.95383415e-01  8.96526628e-02  3.42674302e-02 -1.59386789e+02]
 [ 0.00000000e+00  0.00000000e+00  0.00000000e+00  1.00000000e+00]]

[[-9.34231356e-02  9.89378395e-01  1.11366556e-01 -2.68658839e+02]
 [-2.44188121e-02 -1.14099035e-01  9.93169236e-01 -1.96073268e+01]
 [ 9.95327001e-01  9.00655453e-02  3.48189347e-02 -1.60440695e+02]
 [ 0.00000000e+00  0.00000000e+00  0.00000000e+00  1.00000000e+00]]

[[-9.27121739e-02  9.89034466e-01  1.14957725e-01 -2.71990307e+02]
 [-2.94880104e-02 -1.18131714e-01  9.92560001e-01 -1.93095717e+01]
 [ 9.95256203e-01  8.86325208e-02  4.01169066e-02 -1.65145150e+02]
 [ 0.00000000e+00  0.00000000e+00  0.00000000e+00  1.00000000e+00]]

[[-9.28531240e-02  9.90034894e-01  1.05873536e-01 -2.63817059e+02]
 [-2.40381370e-02 -1.08530912e-01  9.93802399e-01 -2.03905259e+01]
 [ 9.95389605e-01  8.97326549e-02  3.38760287e-02 -1.59559545e+02]
 [ 0.00000000e+00  0.00000000e+00  0.00000000e+00  1.00000000e+00]]

[[-9.36799631e-02  9.89620762e-01  1.08971610e-01 -2.65792209e+02]
 [-3.36992258e-02 -1.12542063e-01  9.93075348e-01 -1.97334594e+01]
 [ 9.95031872e-01  8.93590031e-02  4.38923898e-02 -1.68498367e+02]
 [ 0.00000000e+00  0.00000000e+00  0.00000000e+00  1.00000000e+00]]

[[-9.33590682e-02  9.89586836e-01  1.09553537e-01 -2.66229098e+02]
 [-2.84701140e-02 -1.12642508e-01  9.93227626e-01 -2.04916475e+01]
 [ 9.95225370e-01  8.96078040e-02  3.86898496e-02 -1.63537785e+02]
 [ 0.00000000e+00  0.00000000e+00  0.00000000e+00  1.00000000e+00]]

[[-9.10100381e-02  9.89844210e-01  1.09204457e-01 -2.65723651e+02]
 [-2.79189855e-02 -1.12152553e-01  9.93298714e-01 -2.14390436e+01]
 [ 9.95458539e-01  8.73512761e-02  3.78424542e-02 -1.64256398e+02]
 [ 0.00000000e+00  0.00000000e+00  0.00000000e+00  1.00000000e+00]]

[[-9.12761785e-02  9.90451653e-01  1.03315936e-01 -2.59540012e+02]
 [-2.26981158e-02 -1.05791325e-01  9.94129263e-01 -2.20452899e+01]
 [ 9.95566901e-01  8.83952429e-02  3.21376142e-02 -1.59477336e+02]
 [ 0.00000000e+00  0.00000000e+00  0.00000000e+00  1.00000000e+00]]

[[-9.10542778e-02  9.89723322e-01  1.10258167e-01 -2.65542397e+02]
 [-2.59947977e-02 -1.13042569e-01  9.93250043e-01 -2.13591912e+01]
 [ 9.95506599e-01  8.75735266e-02  3.60206671e-02 -1.62836679e+02]
 [ 0.00000000e+00  0.00000000e+00  0.00000000e+00  1.00000000e+00]]

[[-8.80583847e-02  9.89497702e-01  1.14629916e-01 -2.69703162e+02]
 [-1.45766778e-02 -1.16344676e-01  9.93101927e-01 -2.30553603e+01]
 [ 9.96008655e-01  8.57800281e-02  2.46687134e-02 -1.54511024e+02]
 [ 0.00000000e+00  0.00000000e+00  0.00000000e+00  1.00000000e+00]]

[[-8.91232962e-02  9.90118127e-01  1.08273417e-01 -2.63751117e+02]
 [-1.16430171e-02 -1.09734211e-01  9.93892772e-01 -2.29001010e+01]
 [ 9.95952548e-01  8.73183707e-02  2.13078369e-02 -1.51588352e+02]
 [ 0.00000000e+00  0.00000000e+00  0.00000000e+00  1.00000000e+00]]

[[-8.80210361e-02  9.91175160e-01  9.91165939e-02 -2.55995341e+02]
 [-1.07474909e-02 -1.00441989e-01  9.94884867e-01 -2.42350054e+01]
 [ 9.96060635e-01  8.65055421e-02  1.94936540e-02 -1.49857919e+02]
 [ 0.00000000e+00  0.00000000e+00  0.00000000e+00  1.00000000e+00]]

[[-8.78325296e-02  9.91240252e-01  9.86316894e-02 -2.55015945e+02]
 [-7.71066602e-03 -9.96879222e-02  9.94988876e-01 -2.43804515e+01]
 [ 9.96105412e-01  8.66318739e-02  1.63989649e-02 -1.46965074e+02]
 [ 0.00000000e+00  0.00000000e+00  0.00000000e+00  1.00000000e+00]]

[[-8.79142715e-02  9.89364591e-01  1.15882640e-01 -2.70025546e+02]
 [-1.76005962e-02 -1.17857727e-01  9.92874501e-01 -2.42000451e+01]
 [ 9.95972540e-01  8.52482349e-02  2.77747829e-02 -1.57927812e+02]
 [ 0.00000000e+00  0.00000000e+00  0.00000000e+00  1.00000000e+00]]

[[-8.76158230e-02  9.89402379e-01  1.15786012e-01 -2.69884635e+02]
 [-9.31414257e-03 -1.17041588e-01  9.93083337e-01 -2.36628096e+01]
 [ 9.96110794e-01  8.59313664e-02  1.94701299e-02 -1.49909251e+02]
 [ 0.00000000e+00  0.00000000e+00  0.00000000e+00  1.00000000e+00]]

[[-8.49260237e-02  9.90171362e-01  1.11122655e-01 -2.66484594e+02]
 [-1.69349369e-02 -1.12943885e-01  9.93457038e-01 -2.40618037e+01]
 [ 9.96243333e-01  8.24885008e-02  2.63603646e-02 -1.56698201e+02]
 [ 0.00000000e+00  0.00000000e+00  0.00000000e+00  1.00000000e+00]]

[[-8.39186434e-02  9.91109195e-01  1.03248369e-01 -2.59420544e+02]
 [-9.75708128e-03 -1.04426165e-01  9.94484779e-01 -2.51857519e+01]
 [ 9.96424839e-01  8.24484108e-02  1.84336351e-02 -1.50829931e+02]
 [ 0.00000000e+00  0.00000000e+00  0.00000000e+00  1.00000000e+00]]

[[-8.36253626e-02  9.91430332e-01  1.00362820e-01 -2.56424099e+02]
 [-5.00344156e-03 -1.01132081e-01  9.94860426e-01 -2.56882305e+01]
 [ 9.96484704e-01  8.26934043e-02  1.34177707e-02 -1.46291519e+02]
 [ 0.00000000e+00  0.00000000e+00  0.00000000e+00  1.00000000e+00]]

[[-8.80755471e-02  9.91232254e-01  9.84952628e-02 -2.54151727e+02]
 [-1.11525452e-02 -9.98545974e-02  9.94939536e-01 -2.39180893e+01]
 [ 9.96051364e-01  8.65313711e-02  1.98495108e-02 -1.50676250e+02]
 [ 0.00000000e+00  0.00000000e+00  0.00000000e+00  1.00000000e+00]]

[[-8.61640748e-02  9.90795260e-01  1.04405482e-01 -2.59668969e+02]
 [-6.77040145e-03 -1.05375119e-01  9.94409496e-01 -2.51206641e+01]
 [ 9.96257955e-01  8.49755072e-02  1.57876313e-02 -1.47387236e+02]
 [ 0.00000000e+00  0.00000000e+00  0.00000000e+00  1.00000000e+00]]

[[-8.72936397e-02  9.91381293e-01  9.76880331e-02 -2.53411234e+02]
 [-1.72956665e-02 -9.95558756e-02  9.94881645e-01 -2.45046387e+01]
 [ 9.96032470e-01  8.51572602e-02  2.58371949e-02 -1.56396762e+02]
 [ 0.00000000e+00  0.00000000e+00  0.00000000e+00  1.00000000e+00]]

[[-8.69540969e-02  9.90560116e-01  1.05970000e-01 -2.60598860e+02]
 [-1.13760107e-02 -1.07353289e-01  9.94155852e-01 -2.45114028e+01]
 [ 9.96147364e-01  8.52404085e-02  2.06034307e-02 -1.51969318e+02]
 [ 0.00000000e+00  0.00000000e+00  0.00000000e+00  1.00000000e+00]]

[[-8.67776095e-02  9.90528848e-01  1.06406054e-01 -2.60884649e+02]
 [-1.09558122e-02 -1.07751370e-01  9.94117504e-01 -2.42673066e+01]
 [ 9.96167464e-01  8.51013759e-02  2.02024543e-02 -1.51705893e+02]
 [ 0.00000000e+00  0.00000000e+00  0.00000000e+00  1.00000000e+00]]

[[-8.66577556e-02  9.90334653e-01  1.08294545e-01 -2.62684372e+02]
 [-1.01593671e-02 -1.09576295e-01  9.93926467e-01 -2.49691936e+01]
 [ 9.96186338e-01  8.50312329e-02  1.95568091e-02 -1.51128541e+02]
 [ 0.00000000e+00  0.00000000e+00  0.00000000e+00  1.00000000e+00]]

[[-8.66750219e-02  9.91211124e-01  9.99397252e-02 -2.55131196e+02]
 [-2.36074503e-03 -1.00521328e-01  9.94932103e-01 -2.46778241e+01]
 [ 9.96233842e-01  8.59998296e-02  1.10526850e-02 -1.43591196e+02]
 [ 0.00000000e+00  0.00000000e+00  0.00000000e+00  1.00000000e+00]]

[[-8.52269346e-02  9.90549870e-01  1.07458483e-01 -2.62055835e+02]
 [ 1.79275970e-03 -1.07698262e-01  9.94182011e-01 -2.53126255e+01]
 [ 9.96359953e-01  8.49237324e-02  7.40297483e-03 -1.40550530e+02]
 [ 0.00000000e+00  0.00000000e+00  0.00000000e+00  1.00000000e+00]]

[[-8.50166207e-02  9.89639512e-01  1.15697063e-01 -2.68930734e+02]
 [-5.38941737e-03 -1.16572508e-01  9.93167561e-01 -2.38267021e+01]
 [ 9.96364957e-01  8.38122101e-02  1.52441810e-02 -1.47822367e+02]
 [ 0.00000000e+00  0.00000000e+00  0.00000000e+00  1.00000000e+00]]

[[-8.42474631e-02  9.90995804e-01  1.04065753e-01 -2.57985020e+02]
 [-1.49268558e-02 -1.05680457e-01  9.94288102e-01 -2.45182625e+01]
 [ 9.96333054e-01  8.22128757e-02  2.36957619e-02 -1.55236661e+02]
 [ 0.00000000e+00  0.00000000e+00  0.00000000e+00  1.00000000e+00]]

[[-8.54893856e-02  9.90646481e-01  1.06353728e-01 -2.59657702e+02]
 [-5.09910393e-03 -1.07178134e-01  9.94226758e-01 -2.54842324e+01]
 [ 9.96326033e-01  8.44535260e-02  1.42140022e-02 -1.46484919e+02]
 [ 0.00000000e+00  0.00000000e+00  0.00000000e+00  1.00000000e+00]]

[[-8.55148605e-02  9.89822841e-01  1.13745116e-01 -2.65635451e+02]
 [-1.06342434e-02 -1.15063567e-01  9.93301207e-01 -2.48367990e+01]
 [ 9.96280142e-01  8.37324210e-02  2.03656619e-02 -1.51793431e+02]
 [ 0.00000000e+00  0.00000000e+00  0.00000000e+00  1.00000000e+00]]

[[-8.40764334e-02  9.90259386e-01  1.10984242e-01 -2.62630257e+02]
 [-4.95073616e-03 -1.11792344e-01  9.93719257e-01 -2.54967233e+01]
 [ 9.96447010e-01  8.29989173e-02  1.43016146e-02 -1.46912871e+02]
 [ 0.00000000e+00  0.00000000e+00  0.00000000e+00  1.00000000e+00]]

[[-8.29796401e-02  9.91282597e-01  1.02338611e-01 -2.54560601e+02]
 [-5.96126656e-03 -1.03184687e-01  9.94644350e-01 -2.50593732e+01]
 [ 9.96533413e-01  8.19251625e-02  1.44715280e-02 -1.47942225e+02]
 [ 0.00000000e+00  0.00000000e+00  0.00000000e+00  1.00000000e+00]]

[[-8.23231139e-02  9.90254399e-01  1.12334900e-01 -2.63348720e+02]
 [ 6.12842781e-03 -1.12212364e-01  9.93665350e-01 -2.66818528e+01]
 [ 9.96586849e-01  8.24900621e-02  3.16896860e-03 -1.37330213e+02]
 [ 0.00000000e+00  0.00000000e+00  0.00000000e+00  1.00000000e+00]]

[[-8.41018484e-02  9.90821379e-01  1.05829454e-01 -2.57444851e+02]
 [-1.62958700e-02 -1.07559127e-01  9.94065128e-01 -2.57030554e+01]
 [ 9.96323905e-01  8.18781316e-02  2.51922178e-02 -1.56550328e+02]
 [ 0.00000000e+00  0.00000000e+00  0.00000000e+00  1.00000000e+00]]

[[-8.14589287e-02  9.91558674e-01  1.00875360e-01 -2.53609868e+02]
 [ 5.93694719e-04 -1.01163425e-01  9.94869644e-01 -2.74271732e+01]
 [ 9.96676522e-01  8.11009046e-02  7.65198108e-03 -1.42138966e+02]
 [ 0.00000000e+00  0.00000000e+00  0.00000000e+00  1.00000000e+00]]

[[-7.94296573e-02  9.90757113e-01  1.09960319e-01 -2.61339655e+02]
 [-2.03463939e-03 -1.10469746e-01  9.93877405e-01 -2.65714998e+01]
 [ 9.96838397e-01  7.87196120e-02  1.07904075e-02 -1.44987076e+02]
 [ 0.00000000e+00  0.00000000e+00  0.00000000e+00  1.00000000e+00]]

[[-7.78232426e-02  9.88865677e-01  1.26839331e-01 -2.75953990e+02]
 [-7.45075541e-03 -1.27798510e-01  9.91772165e-01 -2.66169765e+01]
 [ 9.96939331e-01  7.62378770e-02  1.73134907e-02 -1.51384263e+02]
 [ 0.00000000e+00  0.00000000e+00  0.00000000e+00  1.00000000e+00]]

[[-8.03481263e-02  9.89375744e-01  1.21160289e-01 -2.70631724e+02]
 [-2.08093862e-03 -1.21719520e-01  9.92562355e-01 -2.77216376e+01]
 [ 9.96764691e-01  7.94983984e-02  1.18387656e-02 -1.46742671e+02]
 [ 0.00000000e+00  0.00000000e+00  0.00000000e+00  1.00000000e+00]]

[[-7.93916305e-02  9.89960173e-01  1.16943686e-01 -2.66543540e+02]
 [-3.11747363e-03 -1.17559984e-01  9.93060890e-01 -2.72407268e+01]
 [ 9.96838628e-01  7.84761544e-02  1.24194536e-02 -1.47908660e+02]
 [ 0.00000000e+00  0.00000000e+00  0.00000000e+00  1.00000000e+00]]

[[-8.00527734e-02  9.90995090e-01  1.07332593e-01 -2.58073342e+02]
 [ 2.29085814e-03 -1.07494978e-01  9.94202988e-01 -2.79473844e+01]
 [ 9.96787994e-01  7.98345902e-02  6.33504191e-03 -1.41173642e+02]
 [ 0.00000000e+00  0.00000000e+00  0.00000000e+00  1.00000000e+00]]

[[-8.22132907e-02  9.91013790e-01  1.05511336e-01 -2.55911694e+02]
 [ 3.00288802e-03 -1.05622927e-01  9.94401720e-01 -2.63749244e+01]
 [ 9.96610233e-01  8.20698764e-02  5.70770493e-03 -1.40896170e+02]
 [ 0.00000000e+00  0.00000000e+00  0.00000000e+00  1.00000000e+00]]

[[-8.01355892e-02  9.90695617e-01  1.10002188e-01 -2.60111316e+02]
 [ 7.17637604e-03 -1.09780824e-01  9.93929912e-01 -2.63726847e+01]
 [ 9.96758139e-01  8.04385762e-02  1.68774676e-03 -1.37541403e+02]
 [ 0.00000000e+00  0.00000000e+00  0.00000000e+00  1.00000000e+00]]

[[-8.22489490e-02  9.91516090e-01  1.00652634e-01 -2.52177119e+02]
 [ 5.30952788e-04 -1.00951214e-01  9.94891236e-01 -2.84160342e+01]
 [ 9.96611674e-01  8.18822003e-02  7.77668300e-03 -1.42440217e+02]
 [ 0.00000000e+00  0.00000000e+00  0.00000000e+00  1.00000000e+00]]

[[-8.15229025e-02  9.91087820e-01  1.05351551e-01 -2.55948535e+02]
 [-2.33817884e-03 -1.05893278e-01  9.94374752e-01 -2.70104578e+01]
 [ 9.96668726e-01  8.08179852e-02  1.09500679e-02 -1.45959113e+02]
 [ 0.00000000e+00  0.00000000e+00  0.00000000e+00  1.00000000e+00]]

[[-8.05240889e-02  9.90109036e-01  1.14891115e-01 -2.64930153e+02]
 [ 2.43918196e-03 -1.15069336e-01  9.93354468e-01 -2.77969951e+01]
 [ 9.96749678e-01  8.02692038e-02  6.85079735e-03 -1.42593406e+02]
 [ 0.00000000e+00  0.00000000e+00  0.00000000e+00  1.00000000e+00]]

[[-7.91408327e-02  9.89256939e-01  1.22912313e-01 -2.71965704e+02]
 [ 3.93936935e-03 -1.22987725e-01  9.92400373e-01 -2.69017251e+01]
 [ 9.96855662e-01  7.90235889e-02  5.83630253e-03 -1.41953249e+02]
 [ 0.00000000e+00  0.00000000e+00  0.00000000e+00  1.00000000e+00]]

[[-7.99941216e-02  9.90349648e-01  1.13174714e-01 -2.63327265e+02]
 [-5.72841063e-03 -1.13993432e-01  9.93464988e-01 -2.70847995e+01]
 [ 9.96778875e-01  7.88230479e-02  1.47919339e-02 -1.49835342e+02]
 [ 0.00000000e+00  0.00000000e+00  0.00000000e+00  1.00000000e+00]]

[[-7.98890531e-02  9.91458619e-01  1.03089989e-01 -2.54372309e+02]
 [ 2.56409795e-03 -1.03215806e-01  9.94655681e-01 -2.75417195e+01]
 [ 9.96800464e-01  7.97264333e-02  5.70361598e-03 -1.41934897e+02]
 [ 0.00000000e+00  0.00000000e+00  0.00000000e+00  1.00000000e+00]]

[[-7.98622630e-02  9.91381820e-01  1.03846545e-01 -2.55433123e+02]
 [ 9.41714309e-03 -1.03424275e-01  9.94592749e-01 -2.72660821e+01]
 [ 9.96761424e-01  8.04083655e-02 -1.07628777e-03 -1.35603584e+02]
 [ 0.00000000e+00  0.00000000e+00  0.00000000e+00  1.00000000e+00]]

[[-7.83195443e-02  9.90181160e-01  1.15789983e-01 -2.66160386e+02]
 [-2.12149148e-03 -1.16312025e-01  9.93210457e-01 -2.81573309e+01]
 [ 9.96926050e-01  7.75421429e-02  1.12101657e-02 -1.46798007e+02]
 [ 0.00000000e+00  0.00000000e+00  0.00000000e+00  1.00000000e+00]]

[[-7.86876153e-02  9.91591043e-01  1.02739783e-01 -2.54189201e+02]
 [ 6.20270297e-03 -1.02570355e-01  9.94706413e-01 -2.64946087e+01]
 [ 9.96880026e-01  7.89083400e-02  1.92047189e-03 -1.38317515e+02]
 [ 0.00000000e+00  0.00000000e+00  0.00000000e+00  1.00000000e+00]]

[[-8.05862722e-02  9.90881030e-01  1.07984433e-01 -2.59721494e+02]
 [-3.54200690e-03 -1.08620782e-01  9.94076949e-01 -2.62868961e+01]
 [ 9.96741344e-01  7.97264740e-02  1.22630514e-02 -1.48015360e+02]
 [ 0.00000000e+00  0.00000000e+00  0.00000000e+00  1.00000000e+00]]

[[-8.07024690e-02  9.90983026e-01  1.06956785e-01 -2.59416296e+02]
 [-4.98506257e-03 -1.07706745e-01  9.94170210e-01 -2.68894786e+01]
 [ 9.96725770e-01  7.96988043e-02  1.36323126e-02 -1.48788479e+02]
 [ 0.00000000e+00  0.00000000e+00  0.00000000e+00  1.00000000e+00]]

[[-7.95973661e-02  9.91333422e-01  1.04509836e-01 -2.57278076e+02]
 [-4.21744698e-03 -1.05176463e-01  9.94444631e-01 -2.61554072e+01]
 [ 9.96818174e-01  7.87144087e-02  1.25526656e-02 -1.48211977e+02]
 [ 0.00000000e+00  0.00000000e+00  0.00000000e+00  1.00000000e+00]]

[[-7.74231420e-02  9.90435423e-01  1.14207403e-01 -2.67039034e+02]
 [-1.74401169e-03 -1.14685616e-01  9.93400306e-01 -2.62298984e+01]
 [ 9.96996798e-01  7.67129939e-02  1.06066516e-02 -1.45912013e+02]
 [ 0.00000000e+00  0.00000000e+00  0.00000000e+00  1.00000000e+00]]

[[-7.85662180e-02  9.90507984e-01  1.12788661e-01 -2.64800341e+02]
 [-6.19348842e-03 -1.13621174e-01  9.93504841e-01 -2.53265301e+01]
 [ 9.96889658e-01  7.73573627e-02  1.50614856e-02 -1.50667402e+02]
 [ 0.00000000e+00  0.00000000e+00  0.00000000e+00  1.00000000e+00]]

[[-7.85905978e-02  9.91117642e-01  1.07281585e-01 -2.59958660e+02]
 [-2.24442718e-03 -1.07790077e-01  9.94171143e-01 -2.57871544e+01]
 [ 9.96904449e-01  7.78917187e-02  1.06957779e-02 -1.46704251e+02]
 [ 0.00000000e+00  0.00000000e+00  0.00000000e+00  1.00000000e+00]]

[[-7.91939485e-02  9.91809521e-01  1.00210741e-01 -2.54001921e+02]
 [-1.51852126e-02 -1.01715063e-01  9.94697670e-01 -2.55533290e+01]
 [ 9.96743562e-01  7.72523146e-02  2.31160559e-02 -1.57517656e+02]
 [ 0.00000000e+00  0.00000000e+00  0.00000000e+00  1.00000000e+00]]

[[-7.98266777e-02  9.92988542e-01  8.71863345e-02 -2.41992859e+02]
 [ 2.44229459e-03 -8.72703605e-02  9.96181670e-01 -2.61524298e+01]
 [ 9.96805767e-01  7.97348078e-02  4.54133240e-03 -1.40410601e+02]
 [ 0.00000000e+00  0.00000000e+00  0.00000000e+00  1.00000000e+00]]

[[-8.11645858e-02  9.92498839e-01  9.14240974e-02 -2.45249311e+02]
 [-1.90454420e-02 -9.32543764e-02  9.95460141e-01 -2.52827088e+01]
 [ 9.96518731e-01  7.90548976e-02  2.64715319e-02 -1.59745433e+02]
 [ 0.00000000e+00  0.00000000e+00  0.00000000e+00  1.00000000e+00]]

[[-8.13791463e-02  9.92110149e-01  9.53671147e-02 -2.48971831e+02]
 [-6.43809089e-03 -9.62057411e-02  9.95340648e-01 -2.61567829e+01]
 [ 9.96662423e-01  8.03859901e-02  1.42164364e-02 -1.49317978e+02]
 [ 0.00000000e+00  0.00000000e+00  0.00000000e+00  1.00000000e+00]]

[[-8.12702177e-02  9.91651680e-01  1.00110425e-01 -2.52796637e+02]
 [-3.21949761e-03 -1.00703345e-01  9.94911288e-01 -2.56708755e+01]
 [ 9.96686905e-01  8.05343517e-02  1.13768030e-02 -1.46242138e+02]
 [ 0.00000000e+00  0.00000000e+00  0.00000000e+00  1.00000000e+00]]

[[-8.15455519e-02  9.91754583e-01  9.88593416e-02 -2.52030310e+02]
 [-1.54024479e-02 -1.00431820e-01  9.94824715e-01 -2.57238457e+01]
 [ 9.96550595e-01  7.96008546e-02  2.34652165e-02 -1.56943337e+02]
 [ 0.00000000e+00  0.00000000e+00  0.00000000e+00  1.00000000e+00]]

[[-8.01627982e-02  9.92024952e-01  9.72646974e-02 -2.50655332e+02]
 [-3.29932391e-03 -9.78422629e-02  9.95196466e-01 -2.59038429e+01]
 [ 9.96776324e-01  7.94568257e-02  1.11163212e-02 -1.46770398e+02]
 [ 0.00000000e+00  0.00000000e+00  0.00000000e+00  1.00000000e+00]]

[[-8.25060066e-02  9.91816933e-01  9.74265375e-02 -2.50688546e+02]
 [-1.08260525e-02 -9.86460518e-02  9.95063693e-01 -2.46125302e+01]
 [ 9.96531763e-01  8.10439868e-02  1.88763540e-02 -1.53226124e+02]
 [ 0.00000000e+00  0.00000000e+00  0.00000000e+00  1.00000000e+00]]

[[-8.02892005e-02  9.92158736e-01  9.57845818e-02 -2.49263641e+02]
 [-1.46260887e-02 -9.72571359e-02  9.95151811e-01 -2.53514312e+01]
 [ 9.96664297e-01  7.84989895e-02  2.23200993e-02 -1.56047833e+02]
 [ 0.00000000e+00  0.00000000e+00  0.00000000e+00  1.00000000e+00]]

[[-8.04619071e-02  9.91154322e-01  1.05541425e-01 -2.57567419e+02]
 [-5.61362305e-03 -1.06333662e-01  9.94314658e-01 -2.51051084e+01]
 [ 9.96741877e-01  7.94119839e-02  1.41197760e-02 -1.49331428e+02]
 [ 0.00000000e+00  0.00000000e+00  0.00000000e+00  1.00000000e+00]]

[[-8.22493870e-02  9.92516183e-01  9.02588767e-02 -2.44481699e+02]
 [-8.87075535e-03 -9.12912318e-02  9.95784726e-01 -2.58179330e+01]
 [ 9.96572299e-01  8.11020189e-02  1.63130161e-02 -1.50587376e+02]
 [ 0.00000000e+00  0.00000000e+00  0.00000000e+00  1.00000000e+00]]

[[-8.06100200e-02  9.91101858e-01  1.05920406e-01 -2.58173342e+02]
 [-1.33439026e-02 -1.07329757e-01  9.94133926e-01 -2.45424549e+01]
 [ 9.96656393e-01  7.87237641e-02  2.18770205e-02 -1.55066043e+02]
 [ 0.00000000e+00  0.00000000e+00  0.00000000e+00  1.00000000e+00]]

[[-8.09298685e-02  9.92304584e-01  9.37121605e-02 -2.46942685e+02]
 [ 2.99833980e-03 -9.37777662e-02  9.95588640e-01 -2.47317781e+01]
 [ 9.96715289e-01  8.08538387e-02  4.61415596e-03 -1.39922456e+02]
 [ 0.00000000e+00  0.00000000e+00  0.00000000e+00  1.00000000e+00]]

[[-8.02106595e-02  9.91463647e-01  1.02791476e-01 -2.55531658e+02]
 [-1.13300592e-02 -1.04023953e-01  9.94510255e-01 -2.45608460e+01]
 [ 9.96713540e-01  7.86056899e-02  1.95771717e-02 -1.53750100e+02]
 [ 0.00000000e+00  0.00000000e+00  0.00000000e+00  1.00000000e+00]]

[[-7.93034523e-02  9.91198822e-01  1.05999328e-01 -2.58043911e+02]
 [ 6.63084503e-04 -1.06281749e-01  9.94335834e-01 -2.48587800e+01]
 [ 9.96850301e-01  7.89245509e-02  7.77126107e-03 -1.43802252e+02]
 [ 0.00000000e+00  0.00000000e+00  0.00000000e+00  1.00000000e+00]]

[[-7.89597134e-02  9.91449071e-01  1.03894675e-01 -2.56471256e+02]
 [-3.56480336e-03 -1.04500223e-01  9.94518474e-01 -2.49237877e+01]
 [ 9.96871434e-01  7.81565296e-02  1.17856287e-02 -1.47172098e+02]
 [ 0.00000000e+00  0.00000000e+00  0.00000000e+00  1.00000000e+00]]

[[-8.02982864e-02  9.91011279e-01  1.06999208e-01 -2.59033484e+02]
 [-2.01345939e-02 -1.08936577e-01  9.93844767e-01 -2.44071795e+01]
 [ 9.96567501e-01  7.76496461e-02  2.87010301e-02 -1.61718130e+02]
 [ 0.00000000e+00  0.00000000e+00  0.00000000e+00  1.00000000e+00]]

[[-7.97778979e-02  9.91640225e-01  1.01415735e-01 -2.53853166e+02]
 [-6.47352969e-03 -1.02253276e-01  9.94737333e-01 -2.40999767e+01]
 [ 9.96791643e-01  7.87015355e-02  1.45769639e-02 -1.49749191e+02]
 [ 0.00000000e+00  0.00000000e+00  0.00000000e+00  1.00000000e+00]]

[[-8.45498111e-02  9.91017804e-01  1.03610050e-01 -2.54716573e+02]
 [-2.34796928e-03 -1.04180250e-01  9.94555661e-01 -2.47801347e+01]
 [ 9.96416487e-01  8.38462200e-02  1.11352998e-02 -1.47606396e+02]
 [ 0.00000000e+00  0.00000000e+00  0.00000000e+00  1.00000000e+00]]

[[-8.00656311e-02  9.91226130e-01  1.05167740e-01 -2.57198025e+02]
 [-9.43936595e-03 -1.06255699e-01  9.94294033e-01 -2.50764289e+01]
 [ 9.96744899e-01  7.86160625e-02  1.78639758e-02 -1.52574046e+02]
 [ 0.00000000e+00  0.00000000e+00  0.00000000e+00  1.00000000e+00]]

[[-8.24461255e-02  9.91934071e-01  9.62779094e-02 -2.49375470e+02]
 [-1.84057623e-02 -9.81058734e-02  9.95005762e-01 -2.52365080e+01]
 [ 9.96425544e-01  8.02623016e-02  2.63457519e-02 -1.59659150e+02]
 [ 0.00000000e+00  0.00000000e+00  0.00000000e+00  1.00000000e+00]]

[[-7.98363298e-02  9.91180825e-01  1.05767352e-01 -2.57769155e+02]
 [-1.02941807e-02 -1.06920213e-01  9.94214312e-01 -2.48055814e+01]
 [ 9.96754830e-01  7.82856335e-02  1.87395119e-02 -1.53263406e+02]
 [ 0.00000000e+00  0.00000000e+00  0.00000000e+00  1.00000000e+00]]

[[-8.13236718e-02  9.91019048e-01  1.06149459e-01 -2.58227773e+02]
 [-1.25135110e-02 -1.07509047e-01  9.94125353e-01 -2.54310740e+01]
 [ 9.96609187e-01  7.95176215e-02  2.11441582e-02 -1.55186822e+02]
 [ 0.00000000e+00  0.00000000e+00  0.00000000e+00  1.00000000e+00]]

[[-8.25770711e-02  9.92349184e-01  9.17830297e-02 -2.45221577e+02]
 [-1.10887990e-02 -9.30067845e-02  9.95603725e-01 -2.52123650e+01]
 [ 9.96522988e-01  8.11962760e-02  1.86841885e-02 -1.53058985e+02]
 [ 0.00000000e+00  0.00000000e+00  0.00000000e+00  1.00000000e+00]]

[[-7.70490015e-02  9.90309909e-01  1.15541056e-01 -2.65087744e+02]
 [-1.88262093e-03 -1.16029848e-01  9.93243943e-01 -2.53529704e+01]
 [ 9.97025530e-01  7.63109340e-02  1.08043621e-02 -1.47579300e+02]
 [ 0.00000000e+00  0.00000000e+00  0.00000000e+00  1.00000000e+00]]

[[-7.49506291e-02  9.90992416e-01  1.10979434e-01 -2.60424856e+02]
 [-5.81882753e-03 -1.11725215e-01  9.93722103e-01 -2.60922532e+01]
 [ 9.97170269e-01  7.38343265e-02  1.41402891e-02 -1.50469305e+02]
 [ 0.00000000e+00  0.00000000e+00  0.00000000e+00  1.00000000e+00]]

[[-7.78694678e-02  9.91211543e-01  1.06939342e-01 -2.56750864e+02]
 [-9.79450866e-03 -1.08020471e-01  9.94100420e-01 -2.62820616e+01]
 [ 9.96915450e-01  7.63626523e-02  1.81199267e-02 -1.53574522e+02]
 [ 0.00000000e+00  0.00000000e+00  0.00000000e+00  1.00000000e+00]]

[[-7.48818946e-02  9.90211634e-01  1.17786344e-01 -2.65972925e+02]
 [-1.44474492e-03 -1.18225577e-01  9.92985713e-01 -2.61776605e+01]
 [ 9.97191363e-01  7.41864802e-02  1.02835584e-02 -1.48060673e+02]
 [ 0.00000000e+00  0.00000000e+00  0.00000000e+00  1.00000000e+00]]

[[-7.40625447e-02  9.89886313e-01  1.20995150e-01 -2.68607706e+02]
 [-2.73748506e-03 -1.21529711e-01  9.92584019e-01 -2.67236974e+01]
 [ 9.97249841e-01  7.31820759e-02  1.17105986e-02 -1.49680940e+02]
 [ 0.00000000e+00  0.00000000e+00  0.00000000e+00  1.00000000e+00]]

[[-7.37069092e-02  9.89814943e-01  1.21793554e-01 -2.68750755e+02]
 [ 6.45196559e-03 -1.21649904e-01  9.92552101e-01 -2.69496735e+01]
 [ 9.97259076e-01  7.39437554e-02  2.58018649e-03 -1.42309433e+02]
 [ 0.00000000e+00  0.00000000e+00  0.00000000e+00  1.00000000e+00]]

[[-7.89115395e-02  9.90877861e-01  1.09243003e-01 -2.57927557e+02]
 [-1.01095396e-02 -1.10374529e-01  9.93838649e-01 -2.64949338e+01]
 [ 9.96830360e-01  7.73209414e-02  1.87271430e-02 -1.53714909e+02]
 [ 0.00000000e+00  0.00000000e+00  0.00000000e+00  1.00000000e+00]]

[[-7.89192068e-02  9.91332833e-01  1.05028443e-01 -2.53669920e+02]
 [ 6.74227207e-03 -1.04823851e-01  9.94467949e-01 -2.68705777e+01]
 [ 9.96858215e-01  7.91907520e-02  1.58877951e-03 -1.38551587e+02]
 [ 0.00000000e+00  0.00000000e+00  0.00000000e+00  1.00000000e+00]]

[[-7.73467132e-02  9.90822954e-01  1.10848364e-01 -2.58646233e+02]
 [ 4.81138293e-03 -1.10809192e-01  9.93830053e-01 -2.66492741e+01]
 [ 9.96992646e-01  7.74028219e-02  3.80349815e-03 -1.41242051e+02]
 [ 0.00000000e+00  0.00000000e+00  0.00000000e+00  1.00000000e+00]]

[[-7.60532436e-02  9.89873770e-01  1.19857511e-01 -2.66465974e+02]
 [ 5.92154979e-03 -1.19755150e-01  9.92785797e-01 -2.57087236e+01]
 [ 9.97086175e-01  7.62143223e-02  3.24618079e-03 -1.41140058e+02]
 [ 0.00000000e+00  0.00000000e+00  0.00000000e+00  1.00000000e+00]]

[[-7.36183529e-02  9.90403528e-01  1.16966619e-01 -2.63955311e+02]
 [ 5.61094689e-03 -1.16871683e-01  9.93131173e-01 -2.71631318e+01]
 [ 9.97270703e-01  7.37689746e-02  3.04679919e-03 -1.41393995e+02]
 [ 0.00000000e+00  0.00000000e+00  0.00000000e+00  1.00000000e+00]]

[[-7.40853425e-02  9.89491330e-01  1.24170326e-01 -2.70163968e+02]
 [ 3.43069018e-03 -1.24258881e-01  9.92243902e-01 -2.73951344e+01]
 [ 9.97246004e-01  7.39367192e-02  5.81112355e-03 -1.44252172e+02]
 [ 0.00000000e+00  0.00000000e+00  0.00000000e+00  1.00000000e+00]]

[[-7.51972562e-02  9.91523471e-01  1.05955550e-01 -2.53963634e+02]
 [ 3.85136583e-03 -1.05966813e-01  9.94362208e-01 -2.75242075e+01]
 [ 9.97161241e-01  7.51813833e-02  4.14969398e-03 -1.42486096e+02]
 [ 0.00000000e+00  0.00000000e+00  0.00000000e+00  1.00000000e+00]]

[[-7.48359434e-02  9.90158533e-01  1.18260984e-01 -2.64529756e+02]
 [-4.12992568e-03 -1.18900269e-01  9.92897613e-01 -2.61829787e+01]
 [ 9.97187307e-01  7.38160205e-02  1.29872949e-02 -1.50577933e+02]
 [ 0.00000000e+00  0.00000000e+00  0.00000000e+00  1.00000000e+00]]

[[-7.67750343e-02  9.90637256e-01  1.12886764e-01 -2.59649224e+02]
 [-1.26109645e-02 -1.14176714e-01  9.93380411e-01 -2.59353241e+01]
 [ 9.96968684e-01  7.48432042e-02  2.12588124e-02 -1.57896708e+02]
 [ 0.00000000e+00  0.00000000e+00  0.00000000e+00  1.00000000e+00]]

[[-7.34106834e-02  9.91126899e-01  1.10807681e-01 -2.58081615e+02]
 [ 2.12038339e-03 -1.10952107e-01  9.93823492e-01 -2.73739529e+01]
 [ 9.97299542e-01  7.31922166e-02  6.04350095e-03 -1.44473323e+02]
 [ 0.00000000e+00  0.00000000e+00  0.00000000e+00  1.00000000e+00]]

[[-7.67306698e-02  9.90685169e-01  1.12495776e-01 -2.59213916e+02]
 [-6.94271121e-03 -1.13356558e-01  9.93530115e-01 -2.76509977e+01]
 [ 9.97027684e-01  7.54532055e-02  1.55759656e-02 -1.52446184e+02]
 [ 0.00000000e+00  0.00000000e+00  0.00000000e+00  1.00000000e+00]]

[[-7.49359166e-02  9.90648961e-01  1.14014234e-01 -2.60160818e+02]
 [-4.18835284e-04 -1.14366963e-01  9.93438484e-01 -2.63781793e+01]
 [ 9.97188264e-01  7.43964702e-02  8.98511195e-03 -1.46954447e+02]
 [ 0.00000000e+00  0.00000000e+00  0.00000000e+00  1.00000000e+00]]

[[-7.53693342e-02  9.90901933e-01  1.11502571e-01 -2.57792529e+02]
 [ 9.37939383e-04 -1.11750125e-01  9.93735895e-01 -2.64613907e+01]
 [ 9.97155246e-01  7.50017955e-02  7.49312660e-03 -1.46038468e+02]
 [ 0.00000000e+00  0.00000000e+00  0.00000000e+00  1.00000000e+00]]

[[-7.46675532e-02  9.91104351e-01  1.10167695e-01 -2.56509018e+02]
 [ 1.71444397e-04 -1.10463330e-01  9.93880186e-01 -2.72248585e+01]
 [ 9.97208467e-01  7.42294893e-02  8.07810731e-03 -1.46556953e+02]
 [ 0.00000000e+00  0.00000000e+00  0.00000000e+00  1.00000000e+00]]

[[-7.27776863e-02  9.91155099e-01  1.10972872e-01 -2.56534802e+02]
 [ 7.64818079e-03 -1.10710030e-01  9.93823322e-01 -2.79413461e+01]
 [ 9.97318863e-01  7.31769025e-02  4.76686468e-04 -1.40952848e+02]
 [ 0.00000000e+00  0.00000000e+00  0.00000000e+00  1.00000000e+00]]

[[-7.30552323e-02  9.90128319e-01  1.19619581e-01 -2.64439350e+02]
 [-1.25039924e-02 -1.20839964e-01  9.92593247e-01 -2.68628489e+01]
 [ 9.97249509e-01  7.10184079e-02  2.12085486e-02 -1.59461143e+02]
 [ 0.00000000e+00  0.00000000e+00  0.00000000e+00  1.00000000e+00]]

[[-7.02579400e-02  9.91148212e-01  1.12645655e-01 -2.58497826e+02]
 [ 1.10851001e-02 -1.12141984e-01  9.93630362e-01 -2.78729732e+01]
 [ 9.97467264e-01  7.10591107e-02 -3.10811236e-03 -1.37825228e+02]
 [ 0.00000000e+00  0.00000000e+00  0.00000000e+00  1.00000000e+00]]

[[-7.07811095e-02  9.91474523e-01  1.09399747e-01 -2.55937668e+02]
 [-7.65134253e-04 -1.09728759e-01  9.93961274e-01 -2.85429745e+01]
 [ 9.97491578e-01  7.02699763e-02  8.52533442e-03 -1.48159277e+02]
 [ 0.00000000e+00  0.00000000e+00  0.00000000e+00  1.00000000e+00]]

[[-7.16787123e-02  9.91558546e-01  1.08045419e-01 -2.54774060e+02]
 [ 1.24336179e-03 -1.08235143e-01  9.94124543e-01 -2.86836823e+01]
 [ 9.97426998e-01  7.13919067e-02  6.52528965e-03 -1.46520257e+02]
 [ 0.00000000e+00  0.00000000e+00  0.00000000e+00  1.00000000e+00]]

[[-7.32903980e-02  9.91322838e-01  1.09121717e-01 -2.54030059e+02]
 [ 1.19223696e-02 -1.08537266e-01  9.94020885e-01 -2.86012067e+01]
 [ 9.97239377e-01  7.41531757e-02 -3.86417778e-03 -1.38048516e+02]
 [ 0.00000000e+00  0.00000000e+00  0.00000000e+00  1.00000000e+00]]

[[-7.16265648e-02  9.90389667e-01  1.18312899e-01 -2.63118376e+02]
 [-6.05408561e-03 -1.19047062e-01  9.92870155e-01 -2.82826359e+01]
 [ 9.97413146e-01  7.03996021e-02  1.45228359e-02 -1.53892169e+02]
 [ 0.00000000e+00  0.00000000e+00  0.00000000e+00  1.00000000e+00]]

[[-7.31087194e-02  9.91016853e-01  1.11985321e-01 -2.57406742e+02]
 [ 4.75726783e-03 -1.11937997e-01  9.93703806e-01 -2.88021898e+01]
 [ 9.97312631e-01  7.31811569e-02  3.46911105e-03 -1.44639694e+02]
 [ 0.00000000e+00  0.00000000e+00  0.00000000e+00  1.00000000e+00]]

[[-7.15794539e-02  9.90515043e-01  1.17287392e-01 -2.62101777e+02]
 [ 2.70306017e-03 -1.17395952e-01  9.93081509e-01 -2.89327268e+01]
 [ 9.97431238e-01  7.14012670e-02  5.72571639e-03 -1.46182760e+02]
 [ 0.00000000e+00  0.00000000e+00  0.00000000e+00  1.00000000e+00]]

[[-7.21937655e-02  9.90973347e-01  1.12959665e-01 -2.57868874e+02]
 [ 1.16455691e-02 -1.12409957e-01  9.93593671e-01 -2.86731879e+01]
 [ 9.97322636e-01  7.30467480e-02 -3.42515053e-03 -1.38048252e+02]
 [ 0.00000000e+00  0.00000000e+00  0.00000000e+00  1.00000000e+00]]

[[-7.17284488e-02  9.91606500e-01  1.07571274e-01 -2.53352401e+02]
 [ 1.14057880e-02 -1.07026573e-01  9.94190737e-01 -2.95994413e+01]
 [ 9.97358981e-01  7.25386945e-02 -3.63320346e-03 -1.37992589e+02]
 [ 0.00000000e+00  0.00000000e+00  0.00000000e+00  1.00000000e+00]]

[[-7.28926153e-02  9.91003071e-01  1.12247853e-01 -2.57173304e+02]
 [ 1.29780397e-02 -1.11595222e-01  9.93668998e-01 -2.96419857e+01]
 [ 9.97255352e-01  7.38878891e-02 -4.72680961e-03 -1.37620626e+02]
 [ 0.00000000e+00  0.00000000e+00  0.00000000e+00  1.00000000e+00]]

[[-7.37831438e-02  9.90648699e-01  1.14765864e-01 -2.59107795e+02]
 [ 7.58413387e-03 -1.14518824e-01  9.93392128e-01 -2.98641239e+01]
 [ 9.97245471e-01  7.41659939e-02  9.36346520e-04 -1.42174280e+02]
 [ 0.00000000e+00  0.00000000e+00  0.00000000e+00  1.00000000e+00]]

[[-7.21630261e-02  9.90932050e-01  1.13340943e-01 -2.57836736e+02]
 [ 1.14715147e-02 -1.12805090e-01  9.93550913e-01 -2.92460589e+01]
 [ 9.97326878e-01  7.29978328e-02 -3.22713497e-03 -1.38920899e+02]
 [ 0.00000000e+00  0.00000000e+00  0.00000000e+00  1.00000000e+00]]

[[-7.24105834e-02  9.91425918e-01  1.08772036e-01 -2.53997068e+02]
 [ 1.27986268e-02 -1.08125692e-01  9.94054842e-01 -2.96679430e+01]
 [ 9.97292787e-01  7.33722238e-02 -4.85944590e-03 -1.37224964e+02]
 [ 0.00000000e+00  0.00000000e+00  0.00000000e+00  1.00000000e+00]]

[[-7.14983359e-02  9.90537815e-01  1.17144464e-01 -2.61519534e+02]
 [ 1.70516874e-02 -1.16214039e-01  9.93077810e-01 -2.96344279e+01]
 [ 9.97294955e-01  7.30009217e-02 -8.58123071e-03 -1.34038568e+02]
 [ 0.00000000e+00  0.00000000e+00  0.00000000e+00  1.00000000e+00]]

[[-7.24348787e-02  9.91442796e-01  1.08601886e-01 -2.53834117e+02]
 [ 6.76310400e-03 -1.08397161e-01  9.94084662e-01 -2.92438493e+01]
 [ 9.97350214e-01  7.27408878e-02  1.14650450e-03 -1.42676281e+02]
 [ 0.00000000e+00  0.00000000e+00  0.00000000e+00  1.00000000e+00]]

[[-7.16592263e-02  9.90510076e-01  1.17280627e-01 -2.61699238e+02]
 [ 3.90023384e-03 -1.17303749e-01  9.93088424e-01 -3.00019739e+01]
 [ 9.97421548e-01  7.16213700e-02  4.54267497e-03 -1.45773725e+02]
 [ 0.00000000e+00  0.00000000e+00  0.00000000e+00  1.00000000e+00]]

[[-7.14355469e-02  9.90278103e-01  1.19357624e-01 -2.63272637e+02]
 [ 6.66272682e-03 -1.19186922e-01  9.92849478e-01 -2.89398338e+01]
 [ 9.97422965e-01  7.17199927e-02  1.91623048e-03 -1.43730447e+02]
 [ 0.00000000e+00  0.00000000e+00  0.00000000e+00  1.00000000e+00]]

[[-7.22073022e-02  9.90820203e-01  1.14286620e-01 -2.58931356e+02]
 [ 4.62019366e-03 -1.14252218e-01  9.93441032e-01 -2.94674135e+01]
 [ 9.97378945e-01  7.22617231e-02  3.67206320e-03 -1.45129704e+02]
 [ 0.00000000e+00  0.00000000e+00  0.00000000e+00  1.00000000e+00]]

[[-7.24535206e-02  9.90847975e-01  1.13889321e-01 -2.58583265e+02]
 [ 5.98297424e-03 -1.13755593e-01  9.93490749e-01 -2.95652282e+01]
 [ 9.97353845e-01  7.26632993e-02  2.31377532e-03 -1.43688699e+02]
 [ 0.00000000e+00  0.00000000e+00  0.00000000e+00  1.00000000e+00]]

[[-7.18265460e-02  9.91551224e-01  1.08014436e-01 -2.53440694e+02]
 [ 1.46304599e-02 -1.07235113e-01  9.94126038e-01 -2.98945037e+01]
 [ 9.97309830e-01  7.29849405e-02 -6.80452267e-03 -1.35449546e+02]
 [ 0.00000000e+00  0.00000000e+00  0.00000000e+00  1.00000000e+00]]

[[-7.06837705e-02  9.90426612e-01  1.18570364e-01 -2.62839638e+02]
 [ 1.55338148e-02 -1.17760327e-01  9.92920544e-01 -3.00907860e+01]
 [ 9.97377815e-01  7.20252180e-02 -7.06135962e-03 -1.35440353e+02]
 [ 0.00000000e+00  0.00000000e+00  0.00000000e+00  1.00000000e+00]]

[[-7.27550651e-02  9.91235924e-01  1.10263516e-01 -2.55409258e+02]
 [ 3.95288893e-03 -1.10269051e-01  9.93893913e-01 -2.95166686e+01]
 [ 9.97342005e-01  7.27466758e-02  4.10438644e-03 -1.45094708e+02]
 [ 0.00000000e+00  0.00000000e+00  0.00000000e+00  1.00000000e+00]]

[[-7.32016175e-02  9.91143628e-01  1.10796351e-01 -2.55865562e+02]
 [ 3.22187219e-03 -1.10858803e-01  9.93830944e-01 -2.98456177e+01]
 [ 9.97311959e-01  7.31070043e-02  4.92170557e-03 -1.45861105e+02]
 [ 0.00000000e+00  0.00000000e+00  0.00000000e+00  1.00000000e+00]]

[[-7.24533988e-02  9.91192776e-01  1.10848481e-01 -2.55793986e+02]
 [ 7.90020070e-03 -1.10566745e-01  9.93837301e-01 -2.94131517e+01]
 [ 9.97340509e-01  7.28826156e-02  1.80314613e-04 -1.41957336e+02]
 [ 0.00000000e+00  0.00000000e+00  0.00000000e+00  1.00000000e+00]]

[[-7.19547002e-02  9.91017644e-01  1.12723335e-01 -2.56935314e+02]
 [ 8.92345748e-03 -1.12372133e-01  9.93626125e-01 -2.88105325e+01]
 [ 9.97367983e-01  7.25019518e-02 -7.57600706e-04 -1.40895162e+02]
 [ 0.00000000e+00  0.00000000e+00  0.00000000e+00  1.00000000e+00]]

[[-6.95641713e-02  9.90889449e-01  1.15320966e-01 -2.59393233e+02]
 [ 2.22183145e-02 -1.14033372e-01  9.93228441e-01 -2.97947832e+01]
 [ 9.97330022e-01  7.16553509e-02 -1.40832564e-02 -1.30196525e+02]
 [ 0.00000000e+00  0.00000000e+00  0.00000000e+00  1.00000000e+00]]

[[-6.93897919e-02  9.89863738e-01  1.23914635e-01 -2.66463099e+02]
 [ 1.35267153e-02 -1.23269022e-01  9.92281097e-01 -3.03663268e+01]
 [ 9.97497912e-01  7.05303369e-02 -4.83599322e-03 -1.38831847e+02]
 [ 0.00000000e+00  0.00000000e+00  0.00000000e+00  1.00000000e+00]]

[[-6.75077819e-02  9.90810616e-01  1.17205046e-01 -2.60322850e+02]
 [ 2.39685303e-02 -1.15828596e-01  9.92979983e-01 -3.08835247e+01]
 [ 9.97430804e-01  6.98431088e-02 -1.59289426e-02 -1.30321826e+02]
 [ 0.00000000e+00  0.00000000e+00  0.00000000e+00  1.00000000e+00]]

[[-6.62092570e-02  9.90064687e-01  1.24049387e-01 -2.66806793e+02]
 [ 2.45059280e-02 -1.22671208e-01  9.92144765e-01 -3.07449531e+01]
 [ 9.97504784e-01  6.87291131e-02 -1.61404844e-02 -1.29875122e+02]
 [ 0.00000000e+00  0.00000000e+00  0.00000000e+00  1.00000000e+00]]

[[-6.61314294e-02  9.89374408e-01  1.29479402e-01 -2.71572334e+02]
 [ 1.47268161e-02 -1.28781540e-01  9.91563632e-01 -3.00156757e+01]
 [ 9.97702238e-01  6.74803396e-02 -6.05382760e-03 -1.39562848e+02]
 [ 0.00000000e+00  0.00000000e+00  0.00000000e+00  1.00000000e+00]]

[[-6.48871232e-02  9.91154541e-01  1.15768462e-01 -2.59069619e+02]
 [ 3.42094831e-02 -1.13735333e-01  9.92921943e-01 -3.09759248e+01]
 [ 9.97306058e-01  6.83882278e-02 -2.65269260e-02 -1.22059366e+02]
 [ 0.00000000e+00  0.00000000e+00  0.00000000e+00  1.00000000e+00]]

[[-6.29369814e-02  9.90590686e-01  1.21527894e-01 -2.65981536e+02]
 [ 3.18112434e-02 -1.19716276e-01  9.92298372e-01 -3.05057352e+01]
 [ 9.97510392e-01  6.63182176e-02 -2.39773404e-02 -1.24524658e+02]
 [ 0.00000000e+00  0.00000000e+00  0.00000000e+00  1.00000000e+00]]

[[-6.25951356e-02  9.91627789e-01  1.12943247e-01 -2.62142321e+02]
 [ 3.87473669e-02 -1.10665295e-01  9.93102127e-01 -3.16931646e+01]
 [ 9.97286564e-01  6.65396157e-02 -3.14958566e-02 -1.18818034e+02]
 [ 0.00000000e+00  0.00000000e+00  0.00000000e+00  1.00000000e+00]]

[[-6.33826976e-02  9.91262999e-01  1.15673249e-01 -2.64453537e+02]
 [ 1.32580854e-02 -1.15059723e-01  9.93270096e-01 -3.09316167e+01]
 [ 9.97901226e-01  6.44897440e-02 -5.84945387e-03 -1.41177497e+02]
 [ 0.00000000e+00  0.00000000e+00  0.00000000e+00  1.00000000e+00]]

[[-6.47215273e-02  9.91155030e-01  1.15856939e-01 -2.62649901e+02]
 [ 1.34216227e-02 -1.15225251e-01  9.93248711e-01 -2.94134233e+01]
 [ 9.97813101e-01  6.58395617e-02 -5.84535456e-03 -1.41315592e+02]
 [ 0.00000000e+00  0.00000000e+00  0.00000000e+00  1.00000000e+00]]

[[-6.65690697e-02  9.91065139e-01  1.15578759e-01 -2.63473693e+02]
 [ 9.41029988e-03 -1.15206951e-01  9.93296937e-01 -2.77891193e+01]
 [ 9.97737443e-01  6.72104838e-02 -1.65700063e-03 -1.44931944e+02]
 [ 0.00000000e+00  0.00000000e+00  0.00000000e+00  1.00000000e+00]]

[[-7.11137511e-02  9.90741483e-01  1.15646654e-01 -2.61552099e+02]
 [ 1.06061837e-02 -1.15182575e-01  9.93287714e-01 -2.72925251e+01]
 [ 9.97411822e-01  7.18629850e-02 -2.31692120e-03 -1.43081612e+02]
 [ 0.00000000e+00  0.00000000e+00  0.00000000e+00  1.00000000e+00]]

[[-7.29501318e-02  9.92282887e-01  1.00264403e-01 -2.47065748e+02]
 [ 2.82034101e-03 -1.00326611e-01  9.94950560e-01 -2.79771279e+01]
 [ 9.97331602e-01  7.28645543e-02  4.52026337e-03 -1.47559987e+02]
 [ 0.00000000e+00  0.00000000e+00  0.00000000e+00  1.00000000e+00]]

[[-7.63983365e-02  9.92347917e-01  9.69995151e-02 -2.44071101e+02]
 [ 6.44320003e-03 -9.67904570e-02  9.95283926e-01 -2.62439472e+01]
 [ 9.97056558e-01  7.66630236e-02  1.00073378e-03 -1.41147630e+02]
 [ 0.00000000e+00  0.00000000e+00  0.00000000e+00  1.00000000e+00]]

[[-7.61983395e-02  9.92528098e-01  9.52984193e-02 -2.42868766e+02]
 [ 3.51139883e-03 -9.53085830e-02  9.95441582e-01 -2.54162339e+01]
 [ 9.97086497e-01  7.61856265e-02  3.77719377e-03 -1.41549528e+02]
 [ 0.00000000e+00  0.00000000e+00  0.00000000e+00  1.00000000e+00]]

[[-7.52524780e-02  9.91291839e-01  1.08062736e-01 -2.55106569e+02]
 [-4.08878743e-03 -1.08675856e-01  9.94068831e-01 -2.62562948e+01]
 [ 9.97156129e-01  7.43642973e-02  1.22313091e-02 -1.51362829e+02]
 [ 0.00000000e+00  0.00000000e+00  0.00000000e+00  1.00000000e+00]]

[[-7.56783502e-02  9.90436860e-01  1.15358631e-01 -2.62477300e+02]
 [-6.19902026e-03 -1.16155484e-01  9.93211697e-01 -2.48147470e+01]
 [ 9.97113012e-01  7.44495121e-02  1.49301936e-02 -1.53187708e+02]
 [ 0.00000000e+00  0.00000000e+00  0.00000000e+00  1.00000000e+00]]

[[-7.50958899e-02  9.90156219e-01  1.18115492e-01 -2.66521854e+02]
 [-5.17222129e-03 -1.18835134e-01  9.92900528e-01 -2.55411470e+01]
 [ 9.97162903e-01  7.39518293e-02  1.40453373e-02 -1.54358812e+02]
 [ 0.00000000e+00  0.00000000e+00  0.00000000e+00  1.00000000e+00]]

[[-7.58029328e-02  9.90831866e-01  1.11830805e-01 -2.59322657e+02]
 [-3.67624685e-03 -1.12430440e-01  9.93652797e-01 -2.60023113e+01]
 [ 9.97116042e-01  7.49106786e-02  1.21650996e-02 -1.52157149e+02]
 [ 0.00000000e+00  0.00000000e+00  0.00000000e+00  1.00000000e+00]]

[[-7.72154578e-02  9.90268005e-01  1.15788826e-01 -2.62479894e+02]
 [-1.09421352e-02 -1.16970260e-01  9.93075137e-01 -2.57199357e+01]
 [ 9.96954383e-01  7.54137743e-02  1.98675586e-02 -1.58347568e+02]
 [ 0.00000000e+00  0.00000000e+00  0.00000000e+00  1.00000000e+00]]

[[-7.85176720e-02  9.89954879e-01  1.17576837e-01 -2.63774804e+02]
 [-7.30190389e-03 -1.18508880e-01  9.92926144e-01 -2.67953186e+01]
 [ 9.96885980e-01  7.71037146e-02  1.65335968e-02 -1.54691903e+02]
 [ 0.00000000e+00  0.00000000e+00  0.00000000e+00  1.00000000e+00]]

[[-7.63623543e-02  9.89918928e-01  1.19286656e-01 -2.64785761e+02]
 [-1.23047695e-02 -1.20562472e-01  9.92629479e-01 -2.63498792e+01]
 [ 9.97004204e-01  7.43317291e-02  2.13871584e-02 -1.58442130e+02]
 [ 0.00000000e+00  0.00000000e+00  0.00000000e+00  1.00000000e+00]]

[[-7.64659650e-02  9.90488554e-01  1.14391351e-01 -2.60590728e+02]
 [ 1.39146050e-03 -1.14621131e-01  9.93408305e-01 -2.64436008e+01]
 [ 9.97071221e-01  7.61210957e-02  7.38638969e-03 -1.45841494e+02]
 [ 0.00000000e+00  0.00000000e+00  0.00000000e+00  1.00000000e+00]]

[[-7.89921198e-02  9.90730638e-01  1.10512662e-01 -2.57113647e+02]
 [-8.29281597e-03 -1.11508305e-01  9.93728900e-01 -2.66164030e+01]
 [ 9.96840747e-01  7.75802911e-02  1.70242242e-02 -1.53476928e+02]
 [ 0.00000000e+00  0.00000000e+00  0.00000000e+00  1.00000000e+00]]

[[-7.83561511e-02  9.89011331e-01  1.25367065e-01 -2.70463363e+02]
 [ 3.18735373e-03 -1.25504531e-01  9.92087926e-01 -2.65351123e+01]
 [ 9.96920335e-01  7.81357806e-02  6.68172303e-03 -1.44132102e+02]
 [ 0.00000000e+00  0.00000000e+00  0.00000000e+00  1.00000000e+00]]

[[-7.74658063e-02  9.89558256e-01  1.21546317e-01 -2.67039838e+02]
 [ 3.18454188e-03 -1.21666451e-01  9.92565934e-01 -2.59914748e+01]
 [ 9.96989923e-01  7.72769897e-02  6.27369999e-03 -1.43717229e+02]
 [ 0.00000000e+00  0.00000000e+00  0.00000000e+00  1.00000000e+00]]

[[-7.87479868e-02  9.89969433e-01  1.17299941e-01 -2.63227697e+02]
 [ 1.48885921e-03 -1.17548421e-01  9.93066036e-01 -2.61843565e+01]
 [ 9.96893444e-01  7.83765942e-02  7.78277635e-03 -1.44757333e+02]
 [ 0.00000000e+00  0.00000000e+00  0.00000000e+00  1.00000000e+00]]

[[-7.79195598e-02  9.89016885e-01  1.25595159e-01 -2.70748114e+02]
 [-5.20169687e-03 -1.26379773e-01  9.91968294e-01 -2.63330460e+01]
 [ 9.96946079e-01  7.66404248e-02  1.49920223e-02 -1.51066455e+02]
 [ 0.00000000e+00  0.00000000e+00  0.00000000e+00  1.00000000e+00]]

[[-7.90097132e-02  9.87893720e-01  1.33504547e-01 -2.77476887e+02]
 [-8.05078002e-03 -1.34551181e-01  9.90873940e-01 -2.52254107e+01]
 [ 9.96841337e-01  7.72138500e-02  1.85841652e-02 -1.54052420e+02]
 [ 0.00000000e+00  0.00000000e+00  0.00000000e+00  1.00000000e+00]]

[[-7.96157532e-02  9.89026535e-01  1.24450169e-01 -2.70038482e+02]
 [-9.04812463e-03 -1.25558348e-01  9.92044975e-01 -2.56111289e+01]
 [ 9.96784562e-01  7.78563672e-02  1.89452578e-02 -1.53675780e+02]
 [ 0.00000000e+00  0.00000000e+00  0.00000000e+00  1.00000000e+00]]

[[-8.03050922e-02  9.88904104e-01  1.24979061e-01 -2.70709907e+02]
 [-4.83913036e-03 -1.25769321e-01  9.92047711e-01 -2.46342733e+01]
 [ 9.96758584e-01  7.90616929e-02  1.48853528e-02 -1.48961912e+02]
 [ 0.00000000e+00  0.00000000e+00  0.00000000e+00  1.00000000e+00]]

[[-8.10018830e-02  9.89566541e-01  1.19150140e-01 -2.65942769e+02]
 [-7.64878815e-03 -1.20156595e-01  9.92725485e-01 -2.47181964e+01]
 [ 9.96684600e-01  7.95012794e-02  1.73018953e-02 -1.50805679e+02]
 [ 0.00000000e+00  0.00000000e+00  0.00000000e+00  1.00000000e+00]]

[[-8.52458636e-02  9.90072807e-01  1.11754105e-01 -2.59297169e+02]
 [-1.22584710e-02 -1.13196076e-01  9.93497045e-01 -2.46831930e+01]
 [ 9.96284534e-01  8.33215791e-02  2.17862761e-02 -1.53723959e+02]
 [ 0.00000000e+00  0.00000000e+00  0.00000000e+00  1.00000000e+00]]

[[-8.15655835e-02  9.88486868e-01  1.27439272e-01 -2.73666317e+02]
 [-1.07786957e-02 -1.28732714e-01  9.91620748e-01 -2.42161076e+01]
 [ 9.96609691e-01  7.95084958e-02  2.11547581e-02 -1.53987054e+02]
 [ 0.00000000e+00  0.00000000e+00  0.00000000e+00  1.00000000e+00]]

[[-8.24461433e-02  9.89588853e-01  1.17968366e-01 -2.65158995e+02]
 [-1.03916123e-02 -1.19218554e-01  9.92813654e-01 -2.45026192e+01]
 [ 9.96541343e-01  8.06277753e-02  2.01125337e-02 -1.53118886e+02]
 [ 0.00000000e+00  0.00000000e+00  0.00000000e+00  1.00000000e+00]]

[[-8.54802199e-02  9.89595960e-01  1.15727988e-01 -2.62570388e+02]
 [-1.40501974e-02 -1.17338841e-01  9.92992542e-01 -2.49655113e+01]
 [ 9.96240796e-01  8.32552198e-02  2.39341685e-02 -1.56234809e+02]
 [ 0.00000000e+00  0.00000000e+00  0.00000000e+00  1.00000000e+00]]

[[-8.04355171e-02  9.88907068e-01  1.24871687e-01 -2.70431948e+02]
 [ 1.25378588e-02 -1.24263902e-01  9.92169988e-01 -2.47979628e+01]
 [ 9.96680957e-01  8.13713296e-02 -2.40354605e-03 -1.34007473e+02]
 [ 0.00000000e+00  0.00000000e+00  0.00000000e+00  1.00000000e+00]]

[[-8.05842404e-02  9.88542266e-01  1.27633731e-01 -2.72122987e+02]
 [-8.54174555e-03 -1.28730364e-01  9.91642845e-01 -2.55346936e+01]
 [ 9.96711201e-01  7.88205705e-02  1.88175151e-02 -1.53547258e+02]
 [ 0.00000000e+00  0.00000000e+00  0.00000000e+00  1.00000000e+00]]

[[-7.50459888e-02  9.88180595e-01  1.33668287e-01 -2.76836141e+02]
 [ 3.98846485e-03 -1.33747759e-01  9.91007381e-01 -2.74247072e+01]
 [ 9.97172097e-01  7.49042600e-02  6.09590927e-03 -1.43952640e+02]
 [ 0.00000000e+00  0.00000000e+00  0.00000000e+00  1.00000000e+00]]

[[-7.65202021e-02  9.88979227e-01  1.26746785e-01 -2.70157562e+02]
 [ 5.63343969e-03 -1.26688634e-01  9.91926537e-01 -2.66955812e+01]
 [ 9.97052117e-01  7.66164394e-02  4.12288508e-03 -1.41871282e+02]
 [ 0.00000000e+00  0.00000000e+00  0.00000000e+00  1.00000000e+00]]

[[-7.88568116e-02  9.87613801e-01  1.35648750e-01 -2.77555536e+02]
 [ 3.67578382e-03 -1.35783499e-01  9.90731714e-01 -2.71682841e+01]
 [ 9.96879176e-01  7.86245596e-02  7.07719901e-03 -1.43857546e+02]
 [ 0.00000000e+00  0.00000000e+00  0.00000000e+00  1.00000000e+00]]

[[-7.60461024e-02  9.87435435e-01  1.38521668e-01 -2.79045411e+02]
 [-3.02568253e-03 -1.39151832e-01  9.90266435e-01 -2.69923575e+01]
 [ 9.97099712e-01  7.48867801e-02  1.35696206e-02 -1.50658908e+02]
 [ 0.00000000e+00  0.00000000e+00  0.00000000e+00  1.00000000e+00]]

[[-7.25259538e-02  9.88391413e-01  1.33500568e-01 -2.73815171e+02]
 [ 9.46377798e-03 -1.33165052e-01  9.91048690e-01 -2.82976362e+01]
 [ 9.97321625e-01  7.31401712e-02  3.04005484e-04 -1.39881443e+02]
 [ 0.00000000e+00  0.00000000e+00  0.00000000e+00  1.00000000e+00]]

[[-7.36218825e-02  9.89357179e-01  1.25507729e-01 -2.66535835e+02]
 [ 5.22532635e-03 -1.25464849e-01  9.92084305e-01 -2.81466272e+01]
 [ 9.97272538e-01  7.36949329e-02  4.06724425e-03 -1.43300976e+02]
 [ 0.00000000e+00  0.00000000e+00  0.00000000e+00  1.00000000e+00]]

[[-7.38180892e-02  9.89050924e-01  1.27785601e-01 -2.68522473e+02]
 [ 7.29721938e-03 -1.27596071e-01  9.91799371e-01 -2.88918068e+01]
 [ 9.97245025e-01  7.41452140e-02  2.20157657e-03 -1.41698777e+02]
 [ 0.00000000e+00  0.00000000e+00  0.00000000e+00  1.00000000e+00]]

[[-7.17657974e-02  9.88484518e-01  1.33221726e-01 -2.72989447e+02]
 [ 5.39656035e-03 -1.33179359e-01  9.91077260e-01 -2.73861651e+01]
 [ 9.97406912e-01  7.18443890e-02  4.22330657e-03 -1.44303782e+02]
 [ 0.00000000e+00  0.00000000e+00  0.00000000e+00  1.00000000e+00]]

[[-7.20206692e-02  9.89730568e-01  1.23476421e-01 -2.64436079e+02]
 [ 1.27994299e-02 -1.22870599e-01  9.92340159e-01 -2.92305977e+01]
 [ 9.97321010e-01  7.30494301e-02 -3.81876423e-03 -1.37463182e+02]
 [ 0.00000000e+00  0.00000000e+00  0.00000000e+00  1.00000000e+00]]

[[-7.28356552e-02  9.87019897e-01  1.43131725e-01 -2.81810383e+02]
 [-1.29210169e-03 -1.43606166e-01  9.89634074e-01 -2.87838959e+01]
 [ 9.97343119e-01  7.18957054e-02  1.17349792e-02 -1.51343943e+02]
 [ 0.00000000e+00  0.00000000e+00  0.00000000e+00  1.00000000e+00]]

[[-7.20604853e-02  9.87184930e-01  1.42383989e-01 -2.80916753e+02]
 [ 3.62074881e-03 -1.42495260e-01  9.89788862e-01 -2.78654185e+01]
 [ 9.97393692e-01  7.18402024e-02  6.69392895e-03 -1.47103648e+02]
 [ 0.00000000e+00  0.00000000e+00  0.00000000e+00  1.00000000e+00]]

[[-7.16133183e-02  9.88369215e-01  1.34155979e-01 -2.73356913e+02]
 [ 1.84769015e-02 -1.33163692e-01  9.90921811e-01 -2.90042002e+01]
 [ 9.97261318e-01  7.34419859e-02 -8.72570682e-03 -1.33931727e+02]
 [ 0.00000000e+00  0.00000000e+00  0.00000000e+00  1.00000000e+00]]

[[-7.35471789e-02  9.88171680e-01  1.34564272e-01 -2.73787311e+02]
 [-2.06058899e-03 -1.35079981e-01  9.90832555e-01 -2.89872023e+01]
 [ 9.97289610e-01  7.25956576e-02  1.19709672e-02 -1.51822344e+02]
 [ 0.00000000e+00  0.00000000e+00  0.00000000e+00  1.00000000e+00]]

[[-7.47064857e-02  9.87364532e-01  1.39750571e-01 -2.78415519e+02]
 [-5.77038272e-03 -1.40567870e-01  9.90054229e-01 -2.83611133e+01]
 [ 9.97188871e-01  7.31570578e-02  1.61988028e-02 -1.55328082e+02]
 [ 0.00000000e+00  0.00000000e+00  0.00000000e+00  1.00000000e+00]]

[[-7.29353350e-02  9.88797949e-01  1.30226929e-01 -2.69789330e+02]
 [ 1.58922492e-02 -1.29405862e-01  9.91464351e-01 -2.85717987e+01]
 [ 9.97210045e-01  7.43823834e-02 -6.27596357e-03 -1.35273586e+02]
 [ 0.00000000e+00  0.00000000e+00  0.00000000e+00  1.00000000e+00]]

[[-7.33309683e-02  9.88830521e-01  1.29756580e-01 -2.69497944e+02]
 [ 1.08845801e-02 -1.29305594e-01  9.91545052e-01 -2.93033393e+01]
 [ 9.97248261e-01  7.41233046e-02 -1.28090057e-03 -1.39729714e+02]
 [ 0.00000000e+00  0.00000000e+00  0.00000000e+00  1.00000000e+00]]

[[-7.33224692e-02  9.87500253e-01  1.39524424e-01 -2.78180652e+02]
 [-1.49969905e-03 -1.40010014e-01  9.90148952e-01 -2.84744210e+01]
 [ 9.97307158e-01  7.23909214e-02  1.17468331e-02 -1.51426667e+02]
 [ 0.00000000e+00  0.00000000e+00  0.00000000e+00  1.00000000e+00]]

[[-7.24869693e-02  9.87591465e-01  1.39315244e-01 -2.78018467e+02]
 [ 1.00157337e-02 -1.38954867e-01  9.90248065e-01 -2.87716234e+01]
 [ 9.97319068e-01  7.31754255e-02  1.80964061e-04 -1.41211422e+02]
 [ 0.00000000e+00  0.00000000e+00  0.00000000e+00  1.00000000e+00]]

[[-7.19208755e-02  9.88180372e-01  1.35377029e-01 -2.74575273e+02]
 [ 2.89222409e-03 -1.35521327e-01  9.90770208e-01 -2.88928540e+01]
 [ 9.97406147e-01  7.16486014e-02  6.88877342e-03 -1.47470161e+02]
 [ 0.00000000e+00  0.00000000e+00  0.00000000e+00  1.00000000e+00]]

[[-7.40320567e-02  9.87695188e-01  1.37758736e-01 -2.76559677e+02]
 [ 5.45186290e-03 -1.37734898e-01  9.90454126e-01 -2.88420879e+01]
 [ 9.97240960e-01  7.40763977e-02  4.81201901e-03 -1.45461452e+02]
 [ 0.00000000e+00  0.00000000e+00  0.00000000e+00  1.00000000e+00]]

[[-7.17320662e-02  9.87233786e-01  1.42210979e-01 -2.80602823e+02]
 [-3.59568798e-04 -1.42603855e-01  9.89779779e-01 -2.78665242e+01]
 [ 9.97423872e-01  7.09478140e-02  1.05842476e-02 -1.50865989e+02]
 [ 0.00000000e+00  0.00000000e+00  0.00000000e+00  1.00000000e+00]]

[[-7.27412835e-02  9.86714683e-01  1.45268164e-01 -2.82510558e+02]
 [-5.62823647e-03 -1.46057820e-01  9.89260045e-01 -2.83597994e+01]
 [ 9.97334963e-01  7.11424418e-02  1.61778969e-02 -1.56107499e+02]
 [ 0.00000000e+00  0.00000000e+00  0.00000000e+00  1.00000000e+00]]

[[-7.29173149e-02  9.89606468e-01  1.23943953e-01 -2.63854732e+02]
 [ 3.10458711e-03 -1.24048949e-01  9.92271243e-01 -2.66262924e+01]
 [ 9.97333157e-01  7.27385494e-02  5.97299680e-03 -1.42749605e+02]
 [ 0.00000000e+00  0.00000000e+00  0.00000000e+00  1.00000000e+00]]

[[-7.59527445e-02  9.88007292e-01  1.34435011e-01 -2.73563524e+02]
 [-7.14734383e-03 -1.35360461e-01  9.90770640e-01 -2.45654809e+01]
 [ 9.97085802e-01  7.42908960e-02  1.73426263e-02 -1.50454914e+02]
 [ 0.00000000e+00  0.00000000e+00  0.00000000e+00  1.00000000e+00]]

[[-7.53537249e-02  9.88016818e-01  1.34701830e-01 -2.72782228e+02]
 [-1.01210701e-02 -1.35836763e-01  9.90679533e-01 -2.57185372e+01]
 [ 9.97105501e-01  7.32880663e-02  2.02355936e-02 -1.53480934e+02]
 [ 0.00000000e+00  0.00000000e+00  0.00000000e+00  1.00000000e+00]]

[[-7.51132723e-02  9.89339121e-01  1.24764176e-01 -2.64496515e+02]
 [ 1.04629614e-03 -1.25039369e-01  9.92151229e-01 -2.66509025e+01]
 [ 9.97174459e-01  7.46542657e-02  8.35697448e-03 -1.44352456e+02]
 [ 0.00000000e+00  0.00000000e+00  0.00000000e+00  1.00000000e+00]]

[[-7.53217753e-02  9.89390279e-01  1.24231660e-01 -2.65310033e+02]
 [ 3.13305645e-03 -1.24350141e-01  9.92233454e-01 -2.74159299e+01]
 [ 9.97154358e-01  7.51260100e-02  6.26645782e-03 -1.41111341e+02]
 [ 0.00000000e+00  0.00000000e+00  0.00000000e+00  1.00000000e+00]]

[[-7.48291455e-02  9.89422230e-01  1.24274897e-01 -2.65201310e+02]
 [-5.00235188e-03 -1.24995177e-01  9.92144739e-01 -2.71107681e+01]
 [ 9.97183822e-01  7.36196763e-02  1.43027204e-02 -1.48246821e+02]
 [ 0.00000000e+00  0.00000000e+00  0.00000000e+00  1.00000000e+00]]

[[-7.38897270e-02  9.89878623e-01  1.21163608e-01 -2.63047545e+02]
 [ 7.54129705e-05 -1.21490180e-01  9.92592631e-01 -2.67974262e+01]
 [ 9.97266415e-01  7.33515358e-02  8.90222652e-03 -1.43807005e+02]
 [ 0.00000000e+00  0.00000000e+00  0.00000000e+00  1.00000000e+00]]

[[-7.51302917e-02  9.88560513e-01  1.30780548e-01 -2.71746011e+02]
 [-5.24885559e-03 -1.31541450e-01  9.91296775e-01 -2.66019000e+01]
 [ 9.97159911e-01  7.37899677e-02  1.50715589e-02 -1.49060952e+02]
 [ 0.00000000e+00  0.00000000e+00  0.00000000e+00  1.00000000e+00]]

[[-7.49069414e-02  9.89687767e-01  1.22094525e-01 -2.63944754e+02]
 [-8.17118777e-03 -1.23043587e-01  9.92367627e-01 -2.68696861e+01]
 [ 9.97157050e-01  7.33375664e-02  1.73037433e-02 -1.51188158e+02]
 [ 0.00000000e+00  0.00000000e+00  0.00000000e+00  1.00000000e+00]]

[[-7.51719565e-02  9.89930095e-01  1.19948253e-01 -2.62221917e+02]
 [ 1.75129480e-03 -1.20157350e-01  9.92753315e-01 -2.77969175e+01]
 [ 9.97169048e-01  7.48372738e-02  7.29880368e-03 -1.42483632e+02]
 [ 0.00000000e+00  0.00000000e+00  0.00000000e+00  1.00000000e+00]]

[[-7.56337380e-02  9.88330932e-01  1.32217651e-01 -2.72981788e+02]
 [-5.04839807e-03 -1.32975299e-01  9.91106495e-01 -2.63980040e+01]
 [ 9.97122887e-01  7.42936016e-02  1.50469069e-02 -1.49312265e+02]
 [ 0.00000000e+00  0.00000000e+00  0.00000000e+00  1.00000000e+00]]

[[-7.47959062e-02  9.90258684e-01  1.17444925e-01 -2.60331846e+02]
 [-2.99550066e-03 -1.17997414e-01  9.93009384e-01 -2.76819922e+01]
 [ 9.97194364e-01  7.39212304e-02  1.17920440e-02 -1.46632570e+02]
 [ 0.00000000e+00  0.00000000e+00  0.00000000e+00  1.00000000e+00]]

[[-7.64797236e-02  9.89990529e-01  1.18615367e-01 -2.61378114e+02]
 [-3.82718779e-03 -1.19254396e-01  9.92856355e-01 -2.65541852e+01]
 [ 9.97063792e-01  7.54794164e-02  1.29094229e-02 -1.47520853e+02]
 [ 0.00000000e+00  0.00000000e+00  0.00000000e+00  1.00000000e+00]]

[[-7.49412243e-02  9.90830998e-01  1.12417727e-01 -2.56462569e+02]
 [ 6.20403730e-03 -1.12269284e-01  9.93658451e-01 -2.74892774e+01]
 [ 9.97168653e-01  7.51634247e-02  2.26644509e-03 -1.37838587e+02]
 [ 0.00000000e+00  0.00000000e+00  0.00000000e+00  1.00000000e+00]]

[[-7.52572218e-02  9.89904890e-01  1.20102703e-01 -2.63413027e+02]
 [-2.72384396e-04 -1.20464668e-01  9.92717578e-01 -2.71589428e+01]
 [ 9.97164117e-01  7.46764528e-02  9.33547085e-03 -1.44227985e+02]
 [ 0.00000000e+00  0.00000000e+00  0.00000000e+00  1.00000000e+00]]

[[-7.67583385e-02  9.89610805e-01  1.21567313e-01 -2.65044842e+02]
 [-7.38253499e-03 -1.22487797e-01  9.92442562e-01 -2.65383857e+01]
 [ 9.97022395e-01  7.52807672e-02  1.67077961e-02 -1.50289585e+02]
 [ 0.00000000e+00  0.00000000e+00  0.00000000e+00  1.00000000e+00]]

[[-7.69879733e-02  9.90461564e-01  1.14274851e-01 -2.58504457e+02]
 [ 3.32627545e-04 -1.14589504e-01  9.93412872e-01 -2.73141922e+01]
 [ 9.97031966e-01  7.65188546e-02  8.49255888e-03 -1.43216674e+02]
 [ 0.00000000e+00  0.00000000e+00  0.00000000e+00  1.00000000e+00]]

[[-7.52731683e-02  9.90202482e-01  1.17613750e-01 -2.61914425e+02]
 [-7.09929666e-03 -1.18477552e-01  9.92931352e-01 -2.75454259e+01]
 [ 9.97137679e-01  7.39061139e-02  1.59479219e-02 -1.50032039e+02]
 [ 0.00000000e+00  0.00000000e+00  0.00000000e+00  1.00000000e+00]]

[[-7.49896416e-02  9.90214983e-01  1.17689594e-01 -2.62945153e+02]
 [-2.38551678e-03 -1.18199709e-01  9.92986978e-01 -2.68878348e+01]
 [ 9.97181459e-01  7.41829871e-02  1.12259283e-02 -1.45813564e+02]
 [ 0.00000000e+00  0.00000000e+00  0.00000000e+00  1.00000000e+00]]

[[-7.08997942e-02  9.90618867e-01  1.16822428e-01 -2.63408060e+02]
 [-5.54424968e-03 -1.17506717e-01  9.93056611e-01 -2.58399174e+01]
 [ 9.97468035e-01  6.97598166e-02  1.38234404e-02 -1.48215543e+02]
 [ 0.00000000e+00  0.00000000e+00  0.00000000e+00  1.00000000e+00]]

[[-7.27378533e-02  9.91688180e-01  1.06130853e-01 -2.54183078e+02]
 [-7.04258492e-03 -1.06920784e-01  9.94242600e-01 -2.53026629e+01]
 [ 9.97326229e-01  7.15716368e-02  1.47612365e-02 -1.48498005e+02]
 [ 0.00000000e+00  0.00000000e+00  0.00000000e+00  1.00000000e+00]]

[[-7.39278412e-02  9.90505140e-01  1.15906176e-01 -2.62172318e+02]
 [-2.06215841e-02 -1.17717695e-01  9.92832964e-01 -2.53279610e+01]
 [ 9.97050362e-01  7.10078287e-02  2.91284000e-02 -1.60763564e+02]
 [ 0.00000000e+00  0.00000000e+00  0.00000000e+00  1.00000000e+00]]

[[-7.46911257e-02  9.89994890e-01  1.19713628e-01 -2.64728375e+02]
 [-1.57258392e-02 -1.21203383e-01  9.92503117e-01 -2.61413691e+01]
 [ 9.97082712e-01  7.22485778e-02  2.46213176e-02 -1.57043765e+02]
 [ 0.00000000e+00  0.00000000e+00  0.00000000e+00  1.00000000e+00]]

[[-7.40388604e-02  9.90231126e-01  1.18154830e-01 -2.63423208e+02]
 [-1.58600588e-02 -1.19634230e-01  9.92691347e-01 -2.56662714e+01]
 [ 9.97129232e-01  7.16237934e-02  2.45627060e-02 -1.55830719e+02]
 [ 0.00000000e+00  0.00000000e+00  0.00000000e+00  1.00000000e+00]]

[[-7.41864376e-02  9.91245963e-01  1.09214526e-01 -2.55015539e+02]
 [-9.40711031e-03 -1.10207037e-01  9.93864133e-01 -2.52962718e+01]
 [ 9.97200019e-01  7.27038464e-02  1.75006276e-02 -1.50384905e+02]
 [ 0.00000000e+00  0.00000000e+00  0.00000000e+00  1.00000000e+00]]

[[-7.11257634e-02  9.91105151e-01  1.12479803e-01 -2.60364976e+02]
 [-1.14688215e-02 -1.13570527e-01  9.93463739e-01 -2.51658027e+01]
 [ 9.97401420e-01  6.93708561e-02  1.94445985e-02 -1.52245050e+02]
 [ 0.00000000e+00  0.00000000e+00  0.00000000e+00  1.00000000e+00]]

[[-7.49112442e-02  9.91890753e-01  1.02669561e-01 -2.51939395e+02]
 [-1.37124070e-02 -1.03973753e-01  9.94485509e-01 -2.49551176e+01]
 [ 9.97095921e-01  7.30903000e-02  2.13900130e-02 -1.52646850e+02]
 [ 0.00000000e+00  0.00000000e+00  0.00000000e+00  1.00000000e+00]]

[[-7.65570462e-02  9.90879027e-01  1.10895327e-01 -2.59374570e+02]
 [-1.65446022e-02 -1.12468880e-01  9.93517502e-01 -2.51330895e+01]
 [ 9.96927929e-01  7.42260463e-02  2.50039845e-02 -1.55962428e+02]
 [ 0.00000000e+00  0.00000000e+00  0.00000000e+00  1.00000000e+00]]

[[-7.60108154e-02  9.89663771e-01  1.21605821e-01 -2.67486508e+02]
 [-8.61017461e-03 -1.22605567e-01  9.92418128e-01 -2.55438836e+01]
 [ 9.97069817e-01  7.43874638e-02  1.78405270e-02 -1.50371959e+02]
 [ 0.00000000e+00  0.00000000e+00  0.00000000e+00  1.00000000e+00]]

[[-7.92423420e-02  9.90119864e-01  1.15686243e-01 -2.60051002e+02]
 [-1.36303762e-02 -1.17116519e-01  9.93024639e-01 -2.68592676e+01]
 [ 9.96762190e-01  7.71127510e-02  2.27762935e-02 -1.55348070e+02]
 [ 0.00000000e+00  0.00000000e+00  0.00000000e+00  1.00000000e+00]]

[[-7.75446698e-02  9.89183141e-01  1.24513203e-01 -2.69553924e+02]
 [-1.52109525e-02 -1.26048552e-01  9.91907450e-01 -2.56110951e+01]
 [ 9.96872836e-01  7.50231713e-02  2.48208111e-02 -1.56556804e+02]
 [ 0.00000000e+00  0.00000000e+00  0.00000000e+00  1.00000000e+00]]

[[-7.72339517e-02  9.89995407e-01  1.18084762e-01 -2.64069553e+02]
 [-8.52134425e-03 -1.19089675e-01  9.92846935e-01 -2.61758636e+01]
 [ 9.96976581e-01  7.56752513e-02  1.76338578e-02 -1.50139017e+02]
 [ 0.00000000e+00  0.00000000e+00  0.00000000e+00  1.00000000e+00]]

[[-7.63077818e-02  9.89801918e-01  1.20288339e-01 -2.66356404e+02]
 [-7.62825688e-03 -1.21216091e-01  9.92596831e-01 -2.63110383e+01]
 [ 9.97055130e-01  7.48252720e-02  1.68001943e-02 -1.49400572e+02]
 [ 0.00000000e+00  0.00000000e+00  0.00000000e+00  1.00000000e+00]]

[[-7.74349454e-02  9.91351576e-01  1.05952261e-01 -2.55239568e+02]
 [-2.13781944e-02 -1.07897919e-01  9.93932096e-01 -2.41362118e+01]
 [ 9.96768179e-01  7.47000095e-02  2.95483761e-02 -1.57223153e+02]
 [ 0.00000000e+00  0.00000000e+00  0.00000000e+00  1.00000000e+00]]

[[-7.78023507e-02  9.91180511e-01  1.07275296e-01 -2.56452543e+02]
 [-1.92511035e-02 -1.09075008e-01  9.93847090e-01 -2.30159124e+01]
 [ 9.96782920e-01  7.52584719e-02  2.75676106e-02 -1.56858851e+02]
 [ 0.00000000e+00  0.00000000e+00  0.00000000e+00  1.00000000e+00]]

[[-7.33124417e-02  9.91671270e-01  1.05893235e-01 -2.55477519e+02]
 [-1.51186953e-02 -1.07271856e-01  9.94114769e-01 -2.55368063e+01]
 [ 9.97194420e-01  7.12800135e-02  2.28571375e-02 -1.54881749e+02]
 [ 0.00000000e+00  0.00000000e+00  0.00000000e+00  1.00000000e+00]]

[[-7.31750571e-02  9.92409666e-01  9.88355516e-02 -2.49207387e+02]
 [-1.88705451e-02 -1.00461239e-01  9.94762003e-01 -2.51525492e+01]
 [ 9.97140569e-01  7.09266856e-02  2.60785683e-02 -1.57990035e+02]
 [ 0.00000000e+00  0.00000000e+00  0.00000000e+00  1.00000000e+00]]

[[-7.36493339e-02  9.92185531e-01  1.00715674e-01 -2.51903754e+02]
 [-1.53561221e-02 -1.02106219e-01  9.94654970e-01 -2.61215316e+01]
 [ 9.97165967e-01  7.17090738e-02  2.27561773e-02 -1.55653085e+02]
 [ 0.00000000e+00  0.00000000e+00  0.00000000e+00  1.00000000e+00]]

[[-7.61096809e-02  9.91249552e-01  1.07850088e-01 -2.57488784e+02]
 [-1.90362601e-02 -1.09588642e-01  9.93794722e-01 -2.46719522e+01]
 [ 9.96917718e-01  7.35843369e-02  2.72104408e-02 -1.58699607e+02]
 [ 0.00000000e+00  0.00000000e+00  0.00000000e+00  1.00000000e+00]]

[[-7.69953626e-02  9.91345564e-01  1.06328200e-01 -2.56301885e+02]
 [-1.83760240e-02 -1.08037654e-01  9.93976955e-01 -2.50575086e+01]
 [ 9.96862095e-01  7.45777265e-02  2.65353882e-02 -1.58062479e+02]
 [ 0.00000000e+00  0.00000000e+00  0.00000000e+00  1.00000000e+00]]

[[-7.67823038e-02  9.91666212e-01  1.03453375e-01 -2.53704567e+02]
 [-2.00666379e-02 -1.05275653e-01  9.94240598e-01 -2.47069276e+01]
 [ 9.96845930e-01  7.42641222e-02  2.79827140e-02 -1.59312375e+02]
 [ 0.00000000e+00  0.00000000e+00  0.00000000e+00  1.00000000e+00]]

[[-7.64068934e-02  9.92153380e-01  9.89629082e-02 -2.49789894e+02]
 [-1.61474775e-02 -1.00471322e-01  9.94808913e-01 -2.47268465e+01]
 [ 9.96945959e-01  7.44122572e-02  2.36974760e-02 -1.55480589e+02]
 [ 0.00000000e+00  0.00000000e+00  0.00000000e+00  1.00000000e+00]]

[[-7.85507732e-02  9.92371450e-01  9.50193717e-02 -2.46117192e+02]
 [-2.34571816e-02 -9.71273675e-02  9.94995495e-01 -2.39629649e+01]
 [ 9.96634104e-01  7.59287788e-02  3.09076671e-02 -1.61778552e+02]
 [ 0.00000000e+00  0.00000000e+00  0.00000000e+00  1.00000000e+00]]

[[-7.72147842e-02  9.92162262e-01  9.82441983e-02 -2.49181409e+02]
 [-2.11394057e-02 -1.00145429e-01  9.94748219e-01 -2.49845271e+01]
 [ 9.96790350e-01  7.47324451e-02  2.87064283e-02 -1.59683230e+02]
 [ 0.00000000e+00  0.00000000e+00  0.00000000e+00  1.00000000e+00]]

[[-7.65423213e-02  9.92667468e-01  9.35551740e-02 -2.45088867e+02]
 [-1.65274109e-02 -9.50807206e-02  9.95332357e-01 -2.50905134e+01]
 [ 9.96929344e-01  7.46388243e-02  2.36839222e-02 -1.55289689e+02]
 [ 0.00000000e+00  0.00000000e+00  0.00000000e+00  1.00000000e+00]]

[[-7.55180164e-02  9.91812813e-01  1.02977538e-01 -2.53379217e+02]
 [-1.18884358e-02 -1.04160647e-01  9.94489429e-01 -2.52063316e+01]
 [ 9.97073565e-01  7.38776272e-02  1.96571084e-02 -1.51946113e+02]
 [ 0.00000000e+00  0.00000000e+00  0.00000000e+00  1.00000000e+00]]

[[-7.76196251e-02  9.92118858e-01  9.83634357e-02 -2.49246259e+02]
 [-2.37727441e-02 -1.00474825e-01  9.94655552e-01 -2.43822551e+01]
 [ 9.96699579e-01  7.48664222e-02  3.13842059e-02 -1.62073342e+02]
 [ 0.00000000e+00  0.00000000e+00  0.00000000e+00  1.00000000e+00]]

[[-7.70829864e-02  9.92060549e-01  9.93684115e-02 -2.50181709e+02]
 [-1.47032381e-02 -1.00785200e-01  9.94799557e-01 -2.49408324e+01]
 [ 9.96916259e-01  7.52210832e-02  2.23553267e-02 -1.54119469e+02]
 [ 0.00000000e+00  0.00000000e+00  0.00000000e+00  1.00000000e+00]]

[[-7.80924101e-02  9.91556486e-01  1.03524443e-01 -2.54036586e+02]
 [-2.15938149e-02 -1.05499535e-01  9.94184870e-01 -2.50512730e+01]
 [ 9.96712237e-01  7.54028049e-02  2.96502001e-02 -1.60454983e+02]
 [ 0.00000000e+00  0.00000000e+00  0.00000000e+00  1.00000000e+00]]

[[-7.64468335e-02  9.91949321e-01  1.00957544e-01 -2.51840538e+02]
 [-2.51535611e-02 -1.03140264e-01  9.94348724e-01 -2.47458845e+01]
 [ 9.96756329e-01  7.34753695e-02  3.28358045e-02 -1.63420836e+02]
 [ 0.00000000e+00  0.00000000e+00  0.00000000e+00  1.00000000e+00]]

[[-7.70009905e-02  9.91065522e-01  1.08903526e-01 -2.58891745e+02]
 [-1.73402223e-02 -1.10542478e-01  9.93720120e-01 -2.45868826e+01]
 [ 9.96880216e-01  7.46290222e-02  2.56971768e-02 -1.57069994e+02]
 [ 0.00000000e+00  0.00000000e+00  0.00000000e+00  1.00000000e+00]]

[[-7.72938988e-02  9.91828715e-01  1.01496077e-01 -2.52480771e+02]
 [-1.73282198e-02 -1.03121658e-01  9.94517801e-01 -2.48241024e+01]
 [ 9.96857756e-01  7.51114119e-02  2.51573010e-02 -1.56089906e+02]
 [ 0.00000000e+00  0.00000000e+00  0.00000000e+00  1.00000000e+00]]

[[-7.84350422e-02  9.92072197e-01  9.81870621e-02 -2.48932543e+02]
 [-1.78309704e-02 -9.98708076e-02  9.94840630e-01 -2.42993663e+01]
 [ 9.96759751e-01  7.62795962e-02  2.55229810e-02 -1.55343170e+02]
 [ 0.00000000e+00  0.00000000e+00  0.00000000e+00  1.00000000e+00]]

[[-7.81349153e-02  9.92120246e-01  9.79405566e-02 -2.48829111e+02]
 [-2.56344946e-02 -1.00207790e-01  9.94636251e-01 -2.32239575e+01]
 [ 9.96613169e-01  7.52051626e-02  3.32622282e-02 -1.61791037e+02]
 [ 0.00000000e+00  0.00000000e+00  0.00000000e+00  1.00000000e+00]]

[[-7.90267810e-02  9.92072545e-01  9.77078953e-02 -2.47520492e+02]
 [-2.41018980e-02 -9.98872558e-02  9.94706808e-01 -2.41534834e+01]
 [ 9.96581089e-01  7.62535313e-02  3.18045996e-02 -1.60427514e+02]
 [ 0.00000000e+00  0.00000000e+00  0.00000000e+00  1.00000000e+00]]

[[-7.92560545e-02  9.91162718e-01  1.06371730e-01 -2.55784562e+02]
 [-2.01711260e-02 -1.08280125e-01  9.93915761e-01 -2.44523716e+01]
 [ 9.96650191e-01  7.66282042e-02  2.85747235e-02 -1.58238500e+02]
 [ 0.00000000e+00  0.00000000e+00  0.00000000e+00  1.00000000e+00]]

[[-7.83045987e-02  9.91591214e-01  1.03030354e-01 -2.53062628e+02]
 [-2.00201447e-02 -1.04890922e-01  9.94282198e-01 -2.45520600e+01]
 [ 9.96728440e-01  7.57941859e-02  2.80652411e-02 -1.57887452e+02]
 [ 0.00000000e+00  0.00000000e+00  0.00000000e+00  1.00000000e+00]]

[[-7.70670973e-02  9.92259587e-01  9.73733734e-02 -2.48038398e+02]
 [-2.01163965e-02 -9.91914571e-02  9.94865009e-01 -2.43517423e+01]
 [ 9.96822950e-01  7.47125570e-02  2.76050850e-02 -1.57527795e+02]
 [ 0.00000000e+00  0.00000000e+00  0.00000000e+00  1.00000000e+00]]

[[-7.88400439e-02  9.92256271e-01  9.59778104e-02 -2.46603675e+02]
 [-2.33320982e-02 -9.80877971e-02  9.94904215e-01 -2.42724623e+01]
 [ 9.96614199e-01  7.61989283e-02  3.08846670e-02 -1.60056738e+02]
 [ 0.00000000e+00  0.00000000e+00  0.00000000e+00  1.00000000e+00]]

[[-7.77182643e-02  9.93007062e-01  8.88642026e-02 -2.42330428e+02]
 [-1.31182069e-02 -9.01446307e-02  9.95842286e-01 -2.37165449e+01]
 [ 9.96889053e-01  7.62293950e-02  2.00323564e-02 -1.49322001e+02]
 [ 0.00000000e+00  0.00000000e+00  0.00000000e+00  1.00000000e+00]]

[[-7.73537981e-02  9.90784800e-01  1.11183951e-01 -2.61532085e+02]
 [-1.20229118e-02 -1.12436978e-01  9.93586119e-01 -2.44678432e+01]
 [ 9.96931211e-01  7.55209052e-02  2.06095455e-02 -1.49526339e+02]
 [ 0.00000000e+00  0.00000000e+00  0.00000000e+00  1.00000000e+00]]

[[-8.31067453e-02  9.90993702e-01  1.04998820e-01 -2.54743334e+02]
 [-3.68218895e-02 -1.08345036e-01  9.93431176e-01 -2.26280720e+01]
 [ 9.95860139e-01  7.86945768e-02  4.54944639e-02 -1.69099248e+02]
 [ 0.00000000e+00  0.00000000e+00  0.00000000e+00  1.00000000e+00]]

[[-8.17695880e-02  9.90659522e-01  1.09121245e-01 -2.59508220e+02]
 [-3.02936655e-02 -1.11907784e-01  9.93256735e-01 -2.29814980e+01]
 [ 9.96190759e-01  7.79125115e-02  3.91613615e-02 -1.65067952e+02]
 [ 0.00000000e+00  0.00000000e+00  0.00000000e+00  1.00000000e+00]]

[[-8.23930510e-02  9.89568715e-01  1.18174209e-01 -2.67619702e+02]
 [-3.76634924e-02 -1.21584503e-01  9.91866256e-01 -2.23546762e+01]
 [ 9.95887969e-01  7.72720337e-02  4.72883319e-02 -1.71973283e+02]
 [ 0.00000000e+00  0.00000000e+00  0.00000000e+00  1.00000000e+00]]

[[-8.33760377e-02  9.90728779e-01  1.07261006e-01 -2.57533753e+02]
 [-3.81996885e-02 -1.10734166e-01  9.93115667e-01 -2.17979388e+01]
 [ 9.95785730e-01  7.87047123e-02  4.70781067e-02 -1.71101254e+02]
 [ 0.00000000e+00  0.00000000e+00  0.00000000e+00  1.00000000e+00]]

[[-8.25801862e-02  9.90343449e-01  1.11356928e-01 -2.61090002e+02]
 [-3.43988602e-02 -1.14504546e-01  9.92826988e-01 -2.24738575e+01]
 [ 9.95990578e-01  7.81572861e-02  4.35224926e-02 -1.67766089e+02]
 [ 0.00000000e+00  0.00000000e+00  0.00000000e+00  1.00000000e+00]]

[[-8.20568880e-02  9.91200588e-01  1.03865589e-01 -2.54009458e+02]
 [-2.79436791e-02 -1.06464274e-01  9.93923794e-01 -2.25384536e+01]
 [ 9.96235824e-01  7.86559068e-02  3.64339182e-02 -1.61297704e+02]
 [ 0.00000000e+00  0.00000000e+00  0.00000000e+00  1.00000000e+00]]

[[-8.60844883e-02  9.89856921e-01  1.13016533e-01 -2.61136748e+02]
 [-4.29333835e-02 -1.17017978e-01  9.92201349e-01 -2.11781191e+01]
 [ 9.95362339e-01  8.05609632e-02  5.25713395e-02 -1.75106422e+02]
 [ 0.00000000e+00  0.00000000e+00  0.00000000e+00  1.00000000e+00]]

[[-8.46118220e-02  9.88800014e-01  1.22944588e-01 -2.69568286e+02]
 [-4.17792991e-02 -1.26799179e-01  9.91048161e-01 -2.18701632e+01]
 [ 9.95537709e-01  7.87178520e-02  5.20400811e-02 -1.74723270e+02]
 [ 0.00000000e+00  0.00000000e+00  0.00000000e+00  1.00000000e+00]]

[[-8.29031798e-02  9.88623161e-01  1.25504219e-01 -2.71018330e+02]
 [-3.40788147e-02 -1.28676518e-01  9.91100897e-01 -2.13381841e+01]
 [ 9.95974747e-01  7.78883809e-02  4.43587981e-02 -1.68254627e+02]
 [ 0.00000000e+00  0.00000000e+00  0.00000000e+00  1.00000000e+00]]

[[-8.26817392e-02  9.89706187e-01  1.16813497e-01 -2.63634224e+02]
 [-2.75242523e-02 -1.19437957e-01  9.92460070e-01 -2.17041598e+01]
 [ 9.96195837e-01  7.88431205e-02  3.71162608e-02 -1.61789059e+02]
 [ 0.00000000e+00  0.00000000e+00  0.00000000e+00  1.00000000e+00]]

[[-8.22109971e-02  9.88938174e-01  1.23461084e-01 -2.69431760e+02]
 [-2.85151026e-02 -1.26163807e-01  9.91599507e-01 -2.19918404e+01]
 [ 9.96206927e-01  7.79998787e-02  3.85717259e-02 -1.63150641e+02]
 [ 0.00000000e+00  0.00000000e+00  0.00000000e+00  1.00000000e+00]]

[[-8.08118436e-02  9.87639054e-01  1.34307647e-01 -2.78867496e+02]
 [-2.39651417e-02 -1.36634706e-01  9.90331575e-01 -2.16808901e+01]
 [ 9.96441227e-01  7.68118185e-02  3.47106123e-02 -1.59703173e+02]
 [ 0.00000000e+00  0.00000000e+00  0.00000000e+00  1.00000000e+00]]

[[-8.02129402e-02  9.89162235e-01  1.22979500e-01 -2.68341834e+02]
 [-2.43112874e-02 -1.25281786e-01  9.91823288e-01 -2.22716065e+01]
 [ 9.96481232e-01  7.65672722e-02  3.40970278e-02 -1.58708415e+02]
 [ 0.00000000e+00  0.00000000e+00  0.00000000e+00  1.00000000e+00]]

[[-8.12885582e-02  9.89285467e-01  1.21270094e-01 -2.65912842e+02]
 [-1.98738403e-02 -1.23257403e-01  9.92175712e-01 -2.21348194e+01]
 [ 9.96492449e-01  7.82424307e-02  2.96803179e-02 -1.54168061e+02]
 [ 0.00000000e+00  0.00000000e+00  0.00000000e+00  1.00000000e+00]]

[[-8.19229624e-02  9.87483018e-01  1.34781000e-01 -2.78609240e+02]
 [-2.17725823e-02 -1.36976547e-01  9.90334984e-01 -2.27340800e+01]
 [ 9.96400814e-01  7.81966452e-02  3.27215797e-02 -1.56491095e+02]
 [ 0.00000000e+00  0.00000000e+00  0.00000000e+00  1.00000000e+00]]

[[-8.22392027e-02  9.88444156e-01  1.27337601e-01 -2.71446505e+02]
 [-2.74697016e-02 -1.29970049e-01  9.91137327e-01 -2.23326507e+01]
 [ 9.96233973e-01  7.80124177e-02  3.78408992e-02 -1.60551834e+02]
 [ 0.00000000e+00  0.00000000e+00  0.00000000e+00  1.00000000e+00]]

[[-8.03511424e-02  9.88681283e-01  1.26700493e-01 -2.70701217e+02]
 [-1.45674855e-02 -1.28262703e-01  9.91633232e-01 -2.22265893e+01]
 [ 9.96660164e-01  7.78331555e-02  2.47086549e-02 -1.49934850e+02]
 [ 0.00000000e+00  0.00000000e+00  0.00000000e+00  1.00000000e+00]]

[[-8.04816505e-02  9.88404918e-01  1.28757224e-01 -2.72623844e+02]
 [-3.45748980e-02 -1.31866834e-01  9.90664279e-01 -2.19002317e+01]
 [ 9.96156253e-01  7.52785284e-02  4.47868597e-02 -1.67508345e+02]
 [ 0.00000000e+00  0.00000000e+00  0.00000000e+00  1.00000000e+00]]

[[-8.35689180e-02  9.88803591e-01  1.23627243e-01 -2.67807968e+02]
 [-3.04295138e-02 -1.26535528e-01  9.91495237e-01 -2.23287757e+01]
 [ 9.96037289e-01  7.90962672e-02  4.06632497e-02 -1.63538670e+02]
 [ 0.00000000e+00  0.00000000e+00  0.00000000e+00  1.00000000e+00]]

[[-7.90661390e-02  9.88027885e-01  1.32474312e-01 -2.75956898e+02]
 [-2.46725631e-02 -1.34789169e-01  9.90567082e-01 -2.31510376e+01]
 [ 9.96564002e-01  7.50518338e-02  3.50344395e-02 -1.60041369e+02]
 [ 0.00000000e+00  0.00000000e+00  0.00000000e+00  1.00000000e+00]]

[[-7.97819882e-02  9.89316160e-01  1.22017909e-01 -2.66835693e+02]
 [-2.17920354e-02 -1.24109905e-01  9.92029152e-01 -2.33911646e+01]
 [ 9.96574102e-01  7.64870395e-02  3.14609478e-02 -1.56521934e+02]
 [ 0.00000000e+00  0.00000000e+00  0.00000000e+00  1.00000000e+00]]

[[-7.69921585e-02  9.90153259e-01  1.16913348e-01 -2.63508967e+02]
 [-2.00906110e-02 -1.18778328e-01  9.92717521e-01 -2.46959967e+01]
 [ 9.96829261e-01  7.40826041e-02  2.90377838e-02 -1.55281285e+02]
 [ 0.00000000e+00  0.00000000e+00  0.00000000e+00  1.00000000e+00]]

[[-7.88301554e-02  9.89949831e-01  1.17410131e-01 -2.63544113e+02]
 [-2.67491781e-02 -1.19834740e-01  9.92433432e-01 -2.36669825e+01]
 [ 9.96529121e-01  7.50930571e-02  3.59269355e-02 -1.61249572e+02]
 [ 0.00000000e+00  0.00000000e+00  0.00000000e+00  1.00000000e+00]]

[[-7.93051120e-02  9.89519227e-01  1.20674764e-01 -2.66575331e+02]
 [-1.87881949e-02 -1.22518255e-01  9.92288406e-01 -2.36851974e+01]
 [ 9.96673318e-01  7.64262822e-02  2.83076041e-02 -1.55002094e+02]
 [ 0.00000000e+00  0.00000000e+00  0.00000000e+00  1.00000000e+00]]

[[-7.88413959e-02  9.89559005e-01  1.20652432e-01 -2.66671366e+02]
 [-1.91547903e-02 -1.22510601e-01  9.92282342e-01 -2.45374218e+01]
 [ 9.96703129e-01  7.59218530e-02  2.86137020e-02 -1.55279683e+02]
 [ 0.00000000e+00  0.00000000e+00  0.00000000e+00  1.00000000e+00]]

[[-7.78446698e-02  9.89939039e-01  1.18156279e-01 -2.64504226e+02]
 [-1.24651180e-02 -1.19473089e-01  9.92759186e-01 -2.42927062e+01]
 [ 9.96887570e-01  7.58081791e-02  2.16400501e-02 -1.49543121e+02]
 [ 0.00000000e+00  0.00000000e+00  0.00000000e+00  1.00000000e+00]]

[[-7.63891582e-02  9.90922959e-01  1.10618197e-01 -2.58343175e+02]
 [-1.42388090e-02 -1.12015193e-01  9.93604475e-01 -2.51556149e+01]
 [ 9.96976405e-01  7.43255381e-02  2.26663091e-02 -1.50955222e+02]
 [ 0.00000000e+00  0.00000000e+00  0.00000000e+00  1.00000000e+00]]

[[-7.93794395e-02  9.89994723e-01  1.16659132e-01 -2.63613912e+02]
 [-2.99215254e-02 -1.19341986e-01  9.92402233e-01 -2.35240163e+01]
 [ 9.96395307e-01  7.52857138e-02  3.90954522e-02 -1.65452302e+02]
 [ 0.00000000e+00  0.00000000e+00  0.00000000e+00  1.00000000e+00]]

[[-7.67184893e-02  9.90536100e-01  1.13809085e-01 -2.61549971e+02]
 [-2.58615892e-02 -1.16084012e-01  9.92902654e-01 -2.46506050e+01]
 [ 9.96717338e-01  7.32307078e-02  3.45226278e-02 -1.61757546e+02]
 [ 0.00000000e+00  0.00000000e+00  0.00000000e+00  1.00000000e+00]]

[[-7.58945909e-02  9.90324067e-01  1.16181982e-01 -2.63736857e+02]
 [-2.17336166e-02 -1.18133324e-01  9.92759874e-01 -2.45940014e+01]
 [ 9.96878960e-01  7.28200498e-02  3.04890039e-02 -1.58325010e+02]
 [ 0.00000000e+00  0.00000000e+00  0.00000000e+00  1.00000000e+00]]

[[-7.89737434e-02  9.90966631e-01  1.08389506e-01 -2.56536201e+02]
 [-2.33845249e-02 -1.10540748e-01  9.93596451e-01 -2.49481095e+01]
 [ 9.96602384e-01  7.59333941e-02  3.19031005e-02 -1.59167836e+02]
 [ 0.00000000e+00  0.00000000e+00  0.00000000e+00  1.00000000e+00]]

[[-7.79467505e-02  9.91979507e-01  9.95035775e-02 -2.48513390e+02]
 [-1.75984661e-02 -1.01160747e-01  9.94714430e-01 -2.47292511e+01]
 [ 9.96802186e-01  7.57836471e-02  2.53424692e-02 -1.53658737e+02]
 [ 0.00000000e+00  0.00000000e+00  0.00000000e+00  1.00000000e+00]]

[[-7.65419918e-02  9.89752162e-01  1.20548671e-01 -2.67208203e+02]
 [-2.29596426e-02 -1.22620917e-01  9.92187969e-01 -2.47872679e+01]
 [ 9.96801975e-01  7.31762890e-02  3.21100051e-02 -1.60168521e+02]
 [ 0.00000000e+00  0.00000000e+00  0.00000000e+00  1.00000000e+00]]

[[-7.78800084e-02  9.91151568e-01  1.07486151e-01 -2.55630384e+02]
 [-2.80196169e-02 -1.09947077e-01  9.93542420e-01 -2.49629261e+01]
 [ 9.96568917e-01  7.43653712e-02  3.63343665e-02 -1.63892573e+02]
 [ 0.00000000e+00  0.00000000e+00  0.00000000e+00  1.00000000e+00]]

[[-7.64480441e-02  9.91381273e-01  1.06390169e-01 -2.54614809e+02]
 [-3.02775287e-02 -1.08961417e-01  9.93584763e-01 -2.47606367e+01]
 [ 9.96613751e-01  7.27363804e-02  3.83464621e-02 -1.65769350e+02]
 [ 0.00000000e+00  0.00000000e+00  0.00000000e+00  1.00000000e+00]]

[[-7.72037913e-02  9.90105939e-01  1.17174250e-01 -2.63877615e+02]
 [-2.34000451e-02 -1.19292073e-01  9.92583417e-01 -2.43264606e+01]
 [ 9.96740695e-01  7.38893202e-02  3.23783240e-02 -1.60273450e+02]
 [ 0.00000000e+00  0.00000000e+00  0.00000000e+00  1.00000000e+00]]

[[-7.73520750e-02  9.90979494e-01  1.09436278e-01 -2.57002583e+02]
 [-2.21525565e-02 -1.11446365e-01  9.93523514e-01 -2.49897724e+01]
 [ 9.96757704e-01  7.44268120e-02  3.05733368e-02 -1.58557127e+02]
 [ 0.00000000e+00  0.00000000e+00  0.00000000e+00  1.00000000e+00]]

[[-7.50656913e-02  9.90316776e-01  1.16781099e-01 -2.63489551e+02]
 [-2.13282289e-02 -1.18679228e-01  9.92703555e-01 -2.51449688e+01]
 [ 9.96950475e-01  7.20272445e-02  3.00304412e-02 -1.58427806e+02]
 [ 0.00000000e+00  0.00000000e+00  0.00000000e+00  1.00000000e+00]]

[[-7.62814626e-02  9.90341252e-01  1.15781449e-01 -2.62675444e+02]
 [-1.69347675e-02 -1.17389854e-01  9.92941507e-01 -2.55168632e+01]
 [ 9.96942502e-01  7.37822985e-02  2.57258686e-02 -1.54599299e+02]
 [ 0.00000000e+00  0.00000000e+00  0.00000000e+00  1.00000000e+00]]

[[-7.61392052e-02  9.90200891e-01  1.17068429e-01 -2.63285700e+02]
 [-1.68899459e-02 -1.18673210e-01  9.92789705e-01 -2.52482341e+01]
 [ 9.96954137e-01  7.36129396e-02  2.57601233e-02 -1.54632723e+02]
 [ 0.00000000e+00  0.00000000e+00  0.00000000e+00  1.00000000e+00]]

[[-7.67326675e-02  9.90647770e-01  1.12823282e-01 -2.59218747e+02]
 [-2.57873440e-02 -1.15090885e-01  9.93020192e-01 -2.58058687e+01]
 [ 9.96718170e-01  7.32876754e-02  3.43774055e-02 -1.62466346e+02]
 [ 0.00000000e+00  0.00000000e+00  0.00000000e+00  1.00000000e+00]]

[[-7.71465320e-02  9.91164305e-01  1.07896862e-01 -2.55020233e+02]
 [-3.19644905e-02 -1.10622545e-01  9.93348340e-01 -2.55055062e+01]
 [ 9.96507242e-01  7.31845113e-02  4.02162078e-02 -1.67139663e+02]
 [ 0.00000000e+00  0.00000000e+00  0.00000000e+00  1.00000000e+00]]

[[-7.91711545e-02  9.90220509e-01  1.14870678e-01 -2.60774349e+02]
 [-3.30649582e-02 -1.17777523e-01  9.92489377e-01 -2.59771195e+01]
 [ 9.96312520e-01  7.47783357e-02  4.20661822e-02 -1.68804931e+02]
 [ 0.00000000e+00  0.00000000e+00  0.00000000e+00  1.00000000e+00]]

[[-7.67081342e-02  9.89832348e-01  1.19782243e-01 -2.65016597e+02]
 [-2.49183599e-02 -1.22001893e-01  9.92217019e-01 -2.57172479e+01]
 [ 9.96742162e-01  7.31263393e-02  3.40235363e-02 -1.62047361e+02]
 [ 0.00000000e+00  0.00000000e+00  0.00000000e+00  1.00000000e+00]]

[[-7.46255873e-02  9.90344949e-01  1.16824245e-01 -2.62440732e+02]
 [-1.20645046e-02 -1.18038953e-01  9.92935674e-01 -2.64282420e+01]
 [ 9.97138641e-01  7.26889812e-02  2.07567474e-02 -1.50479426e+02]
 [ 0.00000000e+00  0.00000000e+00  0.00000000e+00  1.00000000e+00]]

[[-7.49227287e-02  9.90353917e-01  1.16557724e-01 -2.62182813e+02]
 [-1.32906624e-02 -1.17867604e-01  9.92940374e-01 -2.60588712e+01]
 [ 9.97100769e-01  7.28446729e-02  2.19934221e-02 -1.51653871e+02]
 [ 0.00000000e+00  0.00000000e+00  0.00000000e+00  1.00000000e+00]]

[[-7.47391538e-02  9.89555416e-01  1.23264500e-01 -2.68187450e+02]
 [-1.53806597e-02 -1.24739440e-01  9.92070314e-01 -2.61397717e+01]
 [ 9.97084497e-01  7.22506064e-02  2.45429353e-02 -1.54042340e+02]
 [ 0.00000000e+00  0.00000000e+00  0.00000000e+00  1.00000000e+00]]

[[-7.59487523e-02  9.90471857e-01  1.14879451e-01 -2.60684580e+02]
 [-1.97017361e-02 -1.16680387e-01  9.92974083e-01 -2.58995287e+01]
 [ 9.96917062e-01  7.31518180e-02  2.83757450e-02 -1.57243642e+02]
 [ 0.00000000e+00  0.00000000e+00  0.00000000e+00  1.00000000e+00]]

[[-7.51386289e-02  9.89551320e-01  1.23054346e-01 -2.68196191e+02]
 [-1.86530025e-02 -1.24776395e-01  9.92009535e-01 -2.65313677e+01]
 [ 9.96998622e-01  7.22429032e-02  2.78336304e-02 -1.56769823e+02]
 [ 0.00000000e+00  0.00000000e+00  0.00000000e+00  1.00000000e+00]]

[[-7.72116153e-02  9.90717174e-01  1.11883190e-01 -2.58208320e+02]
 [-2.11396218e-02 -1.13819735e-01  9.93276489e-01 -2.60543041e+01]
 [ 9.96790591e-01  7.43273138e-02  2.97315920e-02 -1.58144158e+02]
 [ 0.00000000e+00  0.00000000e+00  0.00000000e+00  1.00000000e+00]]

[[-7.82789002e-02  9.90784228e-01  1.10539713e-01 -2.56581592e+02]
 [-2.64527621e-02 -1.12905167e-01  9.93253580e-01 -2.53374979e+01]
 [ 9.96580486e-01  7.48267172e-02  3.50470718e-02 -1.62975741e+02]
 [ 0.00000000e+00  0.00000000e+00  0.00000000e+00  1.00000000e+00]]

[[-7.73817325e-02  9.91098509e-01  1.08331960e-01 -2.55169330e+02]
 [-2.89685824e-02 -1.10846959e-01  9.93415207e-01 -2.44882547e+01]
 [ 9.96580598e-01  7.37339665e-02  3.72882485e-02 -1.64748254e+02]
 [ 0.00000000e+00  0.00000000e+00  0.00000000e+00  1.00000000e+00]]

[[-7.57576905e-02  9.90010051e-01  1.18915398e-01 -2.64750049e+02]
 [-1.69427560e-02 -1.20518955e-01  9.92566433e-01 -2.52799305e+01]
 [ 9.96982304e-01  7.31797861e-02  2.59037364e-02 -1.54947814e+02]
 [ 0.00000000e+00  0.00000000e+00  0.00000000e+00  1.00000000e+00]]

[[-7.68002477e-02  9.90499803e-01  1.14069546e-01 -2.60644750e+02]
 [-2.27360914e-02 -1.16117509e-01  9.92975223e-01 -2.53074590e+01]
 [ 9.96787235e-01  7.36672475e-02  3.14379476e-02 -1.59817336e+02]
 [ 0.00000000e+00  0.00000000e+00  0.00000000e+00  1.00000000e+00]]

[[-7.62770920e-02  9.91550826e-01  1.04922663e-01 -2.52823450e+02]
 [-2.18126163e-02 -1.06863448e-01  9.94034412e-01 -2.50934130e+01]
 [ 9.96848040e-01  7.35334165e-02  2.97795508e-02 -1.58548277e+02]
 [ 0.00000000e+00  0.00000000e+00  0.00000000e+00  1.00000000e+00]]

[[-7.64195632e-02  9.91752106e-01  1.02897088e-01 -2.51502952e+02]
 [-2.19622781e-02 -1.04848113e-01  9.94245710e-01 -2.45219938e+01]
 [ 9.96833842e-01  7.37199684e-02  2.97935825e-02 -1.58650872e+02]
 [ 0.00000000e+00  0.00000000e+00  0.00000000e+00  1.00000000e+00]]

[[-7.49003313e-02  9.91765515e-01  1.03880240e-01 -2.52314863e+02]
 [-1.30360565e-02 -1.05137785e-01  9.94372218e-01 -2.42543657e+01]
 [ 9.97105813e-01  7.31246199e-02  2.08035662e-02 -1.50940104e+02]
 [ 0.00000000e+00  0.00000000e+00  0.00000000e+00  1.00000000e+00]]

[[-7.70690675e-02  9.91941376e-01  1.00561753e-01 -2.49512874e+02]
 [-1.98627407e-02 -1.02369263e-01  9.94548141e-01 -2.48494252e+01]
 [ 9.96827884e-01  7.46514658e-02  2.75921780e-02 -1.56298502e+02]
 [ 0.00000000e+00  0.00000000e+00  0.00000000e+00  1.00000000e+00]]

[[-7.68958108e-02  9.91459209e-01  1.05335993e-01 -2.54291318e+02]
 [-1.59150316e-02 -1.06855909e-01  9.94147135e-01 -2.44481491e+01]
 [ 9.96912105e-01  7.47693244e-02  2.39958764e-02 -1.52590501e+02]
 [ 0.00000000e+00  0.00000000e+00  0.00000000e+00  1.00000000e+00]]

[[-7.79738210e-02  9.90959694e-01  1.09174031e-01 -2.57497609e+02]
 [-2.70475331e-02 -1.11569846e-01  9.93388444e-01 -2.27862985e+01]
 [ 9.96588438e-01  7.45054045e-02  3.55025423e-02 -1.62199171e+02]
 [ 0.00000000e+00  0.00000000e+00  0.00000000e+00  1.00000000e+00]]

[[-7.73217004e-02  9.90468300e-01  1.13990792e-01 -2.62372183e+02]
 [-2.38028745e-02 -1.16134395e-01  9.92948249e-01 -2.40374985e+01]
 [ 9.96722016e-01  7.40631385e-02  3.25557015e-02 -1.59890841e+02]
 [ 0.00000000e+00  0.00000000e+00  0.00000000e+00  1.00000000e+00]]

[[-7.71773966e-02  9.91118677e-01  1.08293201e-01 -2.57305007e+02]
 [-2.43848928e-02 -1.10461098e-01  9.93581261e-01 -2.37980920e+01]
 [ 9.96719131e-01  7.40412969e-02  3.26934227e-02 -1.60181624e+02]
 [ 0.00000000e+00  0.00000000e+00  0.00000000e+00  1.00000000e+00]]

[[-7.63530416e-02  9.90766130e-01  1.12038784e-01 -2.61136374e+02]
 [-2.38323564e-02 -1.14148139e-01  9.93177840e-01 -2.49679390e+01]
 [ 9.96795983e-01  7.31620007e-02  3.23278491e-02 -1.59526397e+02]
 [ 0.00000000e+00  0.00000000e+00  0.00000000e+00  1.00000000e+00]]

[[-7.82557661e-02  9.90021400e-01  1.17190712e-01 -2.65377211e+02]
 [-3.17979172e-02 -1.19970114e-01  9.92268141e-01 -2.32159071e+01]
 [ 9.96426077e-01  7.39242830e-02  4.08689717e-02 -1.65979893e+02]
 [ 0.00000000e+00  0.00000000e+00  0.00000000e+00  1.00000000e+00]]

[[-7.98092917e-02  9.91542177e-01  1.02345438e-01 -2.52188733e+02]
 [-3.24075094e-02 -1.05199657e-01  9.93922927e-01 -2.39487098e+01]
 [ 9.96283208e-01  7.60075241e-02  4.05293225e-02 -1.65234998e+02]
 [ 0.00000000e+00  0.00000000e+00  0.00000000e+00  1.00000000e+00]]

[[-8.11771803e-02  9.91994130e-01  9.67362999e-02 -2.46992942e+02]
 [-3.86698984e-02 -1.00118179e-01  9.94223812e-01 -2.31014373e+01]
 [ 9.95949248e-01  7.69675028e-02  4.64876237e-02 -1.70880807e+02]
 [ 0.00000000e+00  0.00000000e+00  0.00000000e+00  1.00000000e+00]]

[[-7.57769637e-02  9.90557037e-01  1.14256766e-01 -2.62632173e+02]
 [-1.73101926e-02 -1.15875789e-01  9.93112863e-01 -2.40051211e+01]
 [ 9.96974528e-01  7.32772708e-02  2.59274485e-02 -1.52887943e+02]
 [ 0.00000000e+00  0.00000000e+00  0.00000000e+00  1.00000000e+00]]

[[-8.02373658e-02  9.90494456e-01  1.11725998e-01 -2.60434832e+02]
 [-3.52420355e-02 -1.14836310e-01  9.92759095e-01 -2.33453053e+01]
 [ 9.96152581e-01  7.57189231e-02  4.41212038e-02 -1.68142223e+02]
 [ 0.00000000e+00  0.00000000e+00  0.00000000e+00  1.00000000e+00]]

[[-7.90636537e-02  9.91673202e-01  1.01652340e-01 -2.51570033e+02]
 [-2.16754712e-02 -1.03657609e-01  9.94376827e-01 -2.37975116e+01]
 [ 9.96633891e-01  7.64157028e-02  2.96905332e-02 -1.55605742e+02]
 [ 0.00000000e+00  0.00000000e+00  0.00000000e+00  1.00000000e+00]]

[[-8.03552262e-02  9.91239689e-01  1.04818492e-01 -2.54570229e+02]
 [-2.77694129e-02 -1.07343972e-01  9.93834056e-01 -2.47493561e+01]
 [ 9.96379394e-01  7.69490124e-02  3.61517933e-02 -1.61082265e+02]
 [ 0.00000000e+00  0.00000000e+00  0.00000000e+00  1.00000000e+00]]

[[-7.95058619e-02  9.90534039e-01  1.11897880e-01 -2.60841983e+02]
 [-2.78656030e-02 -1.14417828e-01  9.93041826e-01 -2.34058891e+01]
 [ 9.96444843e-01  7.58345444e-02  3.66987163e-02 -1.61447565e+02]
 [ 0.00000000e+00  0.00000000e+00  0.00000000e+00  1.00000000e+00]]

[[-8.10103955e-02  9.90844548e-01  1.08001844e-01 -2.57469419e+02]
 [-3.20116596e-02 -1.10888597e-01  9.93317156e-01 -2.35340398e+01]
 [ 9.96199061e-01  7.70116974e-02  4.07017075e-02 -1.64691892e+02]
 [ 0.00000000e+00  0.00000000e+00  0.00000000e+00  1.00000000e+00]]

[[-8.09860695e-02  9.90525487e-01  1.10907695e-01 -2.59431648e+02]
 [-3.48900171e-02 -1.14022318e-01  9.92865347e-01 -2.25217979e+01]
 [ 9.96104384e-01  7.65386907e-02  4.37936705e-02 -1.67132769e+02]
 [ 0.00000000e+00  0.00000000e+00  0.00000000e+00  1.00000000e+00]]

[[-7.88811850e-02  9.88556782e-01  1.28581673e-01 -2.75545165e+02]
 [-2.38768830e-02 -1.30820122e-01  9.91118555e-01 -2.41449597e+01]
 [ 9.96598040e-01  7.51104766e-02  3.39229009e-02 -1.59004269e+02]
 [ 0.00000000e+00  0.00000000e+00  0.00000000e+00  1.00000000e+00]]

[[-8.17985822e-02  9.89392792e-01  1.20045388e-01 -2.67166151e+02]
 [-2.89141859e-02 -1.22754143e-01  9.92015822e-01 -2.39159711e+01]
 [ 9.96229372e-01  7.76744731e-02  3.86486019e-02 -1.62897706e+02]
 [ 0.00000000e+00  0.00000000e+00  0.00000000e+00  1.00000000e+00]]

[[-7.99848785e-02  9.88541445e-01  1.28016524e-01 -2.74487300e+02]
 [-2.42087653e-02 -1.30316588e-01  9.91176837e-01 -2.39685492e+01]
 [ 9.96502060e-01  7.61800369e-02  3.43547242e-02 -1.59058383e+02]
 [ 0.00000000e+00  0.00000000e+00  0.00000000e+00  1.00000000e+00]]

[[-7.93816995e-02  9.88326066e-01  1.30038965e-01 -2.76206642e+02]
 [-2.45201030e-02 -1.32347083e-01  9.90900103e-01 -2.31126315e+01]
 [ 9.96542679e-01  7.54707654e-02  3.47397933e-02 -1.59122578e+02]
 [ 0.00000000e+00  0.00000000e+00  0.00000000e+00  1.00000000e+00]]

[[-8.10903621e-02  9.88503554e-01  1.27612993e-01 -2.73689112e+02]
 [-4.11388234e-02 -1.31244974e-01  9.90496014e-01 -2.16532023e+01]
 [ 9.95857395e-01  7.50698321e-02  5.13085756e-02 -1.73180145e+02]
 [ 0.00000000e+00  0.00000000e+00  0.00000000e+00  1.00000000e+00]]

[[-8.18677372e-02  9.88787696e-01  1.24886209e-01 -2.71367851e+02]
 [-2.32837135e-02 -1.27170169e-01  9.91607592e-01 -2.25433436e+01]
 [ 9.96371187e-01  7.82728550e-02  3.34337834e-02 -1.57125509e+02]
 [ 0.00000000e+00  0.00000000e+00  0.00000000e+00  1.00000000e+00]]

[[-8.18368239e-02  9.90753266e-01  1.08215989e-01 -2.57055426e+02]
 [-3.35107989e-02 -1.11254179e-01  9.93226829e-01 -2.21980133e+01]
 [ 9.96082206e-01  7.76561249e-02  4.23056221e-02 -1.64521794e+02]
 [ 0.00000000e+00  0.00000000e+00  0.00000000e+00  1.00000000e+00]]

[[-8.26990770e-02  9.90702139e-01  1.08028393e-01 -2.56827031e+02]
 [-2.66254845e-02 -1.10557466e-01  9.93513025e-01 -2.19859981e+01]
 [ 9.96218824e-01  7.92863018e-02  3.55209248e-02 -1.58108638e+02]
 [ 0.00000000e+00  0.00000000e+00  0.00000000e+00  1.00000000e+00]]

[[-8.15598322e-02  9.89995122e-01  1.15141880e-01 -2.63557257e+02]
 [-2.36013100e-02 -1.17412789e-01  9.92802707e-01 -2.25830532e+01]
 [ 9.96388966e-01  7.82553230e-02  3.29413491e-02 -1.55696587e+02]
 [ 0.00000000e+00  0.00000000e+00  0.00000000e+00  1.00000000e+00]]

[[-8.22794208e-02  9.90533692e-01  1.09877671e-01 -2.59027488e+02]
 [-2.69278498e-02 -1.12420842e-01  9.93295749e-01 -2.18975676e+01]
 [ 9.96245446e-01  7.87690295e-02  3.59228642e-02 -1.58596385e+02]
 [ 0.00000000e+00  0.00000000e+00  0.00000000e+00  1.00000000e+00]]

[[-8.13937611e-02  9.88879255e-01  1.24470380e-01 -2.72361685e+02]
 [-2.69981274e-02 -1.27026452e-01  9.91531836e-01 -2.18286171e+01]
 [ 9.96316294e-01  7.73440382e-02  3.70370488e-02 -1.59619007e+02]
 [ 0.00000000e+00  0.00000000e+00  0.00000000e+00  1.00000000e+00]]

[[-8.13771177e-02  9.88889275e-01  1.24401638e-01 -2.72444688e+02]
 [-2.71961172e-02 -1.26972270e-01  9.91533365e-01 -2.14385479e+01]
 [ 9.96312268e-01  7.73048858e-02  3.72265860e-02 -1.59702429e+02]
 [ 0.00000000e+00  0.00000000e+00  0.00000000e+00  1.00000000e+00]]

[[-8.19031425e-02  9.89702054e-01  1.17395566e-01 -2.66129333e+02]
 [-2.34024021e-02 -1.19668635e-01  9.92538032e-01 -2.19277173e+01]
 [ 9.96365497e-01  7.85446457e-02  3.29626427e-02 -1.55410611e+02]
 [ 0.00000000e+00  0.00000000e+00  0.00000000e+00  1.00000000e+00]]

[[-8.41180451e-02  9.89619568e-01  1.16521521e-01 -2.65286863e+02]
 [-3.02572806e-02 -1.19418757e-01  9.92382818e-01 -2.07615615e+01]
 [ 9.95996311e-01  7.99516783e-02  3.99884694e-02 -1.61130281e+02]
 [ 0.00000000e+00  0.00000000e+00  0.00000000e+00  1.00000000e+00]]

[[-8.53186581e-02  9.90187363e-01  1.10678417e-01 -2.60236422e+02]
 [-3.53539875e-02 -1.14022163e-01  9.92848952e-01 -2.06504026e+01]
 [ 9.95726279e-01  8.07956169e-02  4.47352896e-02 -1.65042503e+02]
 [ 0.00000000e+00  0.00000000e+00  0.00000000e+00  1.00000000e+00]]

[[-8.56010501e-02  9.90420750e-01  1.08347584e-01 -2.58245500e+02]
 [-3.26977075e-02 -1.11480771e-01  9.93228522e-01 -2.10240315e+01]
 [ 9.95792810e-01  8.14786869e-02  4.19273591e-02 -1.62324700e+02]
 [ 0.00000000e+00  0.00000000e+00  0.00000000e+00  1.00000000e+00]]

[[-8.37809195e-02  9.90431232e-01  1.09666458e-01 -2.59573986e+02]
 [-2.76935106e-02 -1.12325106e-01  9.93285528e-01 -2.11226622e+01]
 [ 9.96099306e-01  8.01813257e-02  3.68392185e-02 -1.58163377e+02]
 [ 0.00000000e+00  0.00000000e+00  0.00000000e+00  1.00000000e+00]]

[[-8.43298209e-02  9.89450768e-01  1.17794987e-01 -2.67174518e+02]
 [-2.93853429e-02 -1.20634149e-01  9.92262014e-01 -2.13492221e+01]
 [ 9.96004509e-01  8.02158319e-02  3.92484063e-02 -1.59926031e+02]
 [ 0.00000000e+00  0.00000000e+00  0.00000000e+00  1.00000000e+00]]

[[-8.48346792e-02  9.90155596e-01  1.11332709e-01 -2.61571281e+02]
 [-3.57745279e-02 -1.14690297e-01  9.92756928e-01 -2.02935697e+01]
 [ 9.95752610e-01  8.02373405e-02  4.51520635e-02 -1.65325462e+02]
 [ 0.00000000e+00  0.00000000e+00  0.00000000e+00  1.00000000e+00]]

[[-8.61692079e-02  9.89210987e-01  1.18475696e-01 -2.68070628e+02]
 [-3.43810544e-02 -1.21799727e-01  9.91959056e-01 -2.03899585e+01]
 [ 9.95687105e-01  8.14030068e-02  4.45055027e-02 -1.64484600e+02]
 [ 0.00000000e+00  0.00000000e+00  0.00000000e+00  1.00000000e+00]]

[[-8.68798210e-02  9.90238342e-01  1.08995060e-01 -2.59674114e+02]
 [-2.95193626e-02 -1.11919631e-01  9.93278714e-01 -2.01034238e+01]
 [ 9.95781353e-01  8.30784122e-02  3.89547622e-02 -1.59086548e+02]
 [ 0.00000000e+00  0.00000000e+00  0.00000000e+00  1.00000000e+00]]

[[-9.39785835e-02  9.91575541e-01  8.91401825e-02 -2.46252940e+02]
 [-5.24779685e-02 -9.43458101e-02  9.94155386e-01 -1.69944440e+01]
 [ 9.94190167e-01  8.87514193e-02  6.09023556e-02 -1.78706986e+02]
 [ 0.00000000e+00  0.00000000e+00  0.00000000e+00  1.00000000e+00]]

[[-9.10443398e-02  9.90936298e-01  9.87733850e-02 -2.55030726e+02]
 [-4.92901608e-02 -1.03547834e-01  9.93402399e-01 -1.68875826e+01]
 [ 9.94626266e-01  8.55751095e-02  5.82708537e-02 -1.76429199e+02]
 [ 0.00000000e+00  0.00000000e+00  0.00000000e+00  1.00000000e+00]]

[[-9.17449618e-02  9.91530107e-01  9.19288259e-02 -2.49212575e+02]
 [-5.19457279e-02 -9.69579830e-02  9.93931985e-01 -1.70355390e+01]
 [ 9.94426721e-01  8.64129422e-02  6.04011596e-02 -1.78449156e+02]
 [ 0.00000000e+00  0.00000000e+00  0.00000000e+00  1.00000000e+00]]

[[-9.29502063e-02  9.91206321e-01  9.41822056e-02 -2.51100148e+02]
 [-5.20881316e-02 -9.93030379e-02  9.93692977e-01 -1.85939876e+01]
 [ 9.94307340e-01  8.74581921e-02  6.08603232e-02 -1.78362701e+02]
 [ 0.00000000e+00  0.00000000e+00  0.00000000e+00  1.00000000e+00]]

[[-9.29263169e-02  9.90559814e-01  1.00776754e-01 -2.56791128e+02]
 [-4.57076045e-02 -1.05351997e-01  9.93384000e-01 -1.80510969e+01]
 [ 9.94623303e-01  8.77052524e-02  5.50660892e-02 -1.73402519e+02]
 [ 0.00000000e+00  0.00000000e+00  0.00000000e+00  1.00000000e+00]]

[[-9.23894358e-02  9.91687707e-01  8.95526857e-02 -2.47450238e+02]
 [-4.42531953e-02 -9.39379355e-02  9.94594047e-01 -1.71422328e+01]
 [ 9.94739085e-01  8.79269903e-02  5.25642227e-02 -1.71450962e+02]
 [ 0.00000000e+00  0.00000000e+00  0.00000000e+00  1.00000000e+00]]

[[-9.26399794e-02  9.91368890e-01  9.27661513e-02 -2.50176765e+02]
 [-4.50455945e-02 -9.72442264e-02  9.94240642e-01 -1.69187281e+01]
 [ 9.94680214e-01  8.79277262e-02  5.36655041e-02 -1.72692159e+02]
 [ 0.00000000e+00  0.00000000e+00  0.00000000e+00  1.00000000e+00]]

[[-9.18862038e-02  9.91024504e-01  9.70945790e-02 -2.54033246e+02]
 [-4.78763447e-02 -1.01791128e-01  9.93653069e-01 -1.70882321e+01]
 [ 9.94617907e-01  8.66544749e-02  5.67998311e-02 -1.75421321e+02]
 [ 0.00000000e+00  0.00000000e+00  0.00000000e+00  1.00000000e+00]]

[[-9.01211254e-02  9.90810488e-01  1.00860101e-01 -2.57421172e+02]
 [-4.78987533e-02 -1.05467046e-01  9.93268550e-01 -1.68433646e+01]
 [ 9.94778313e-01  8.46834065e-02  5.69633960e-02 -1.75838157e+02]
 [ 0.00000000e+00  0.00000000e+00  0.00000000e+00  1.00000000e+00]]

[[-9.45189465e-02  9.91177502e-01  9.29157070e-02 -2.50398155e+02]
 [-4.84443105e-02 -9.78024023e-02  9.94026076e-01 -1.67058577e+01]
 [ 9.94343662e-01  8.94530601e-02  5.72610907e-02 -1.75160291e+02]
 [ 0.00000000e+00  0.00000000e+00  0.00000000e+00  1.00000000e+00]]

[[-9.40290121e-02  9.91766054e-01  8.69404356e-02 -2.45534114e+02]
 [-5.16398987e-02 -9.20684132e-02  9.94412755e-01 -1.54010898e+01]
 [ 9.94229282e-01  8.90140538e-02  5.98718005e-02 -1.76495880e+02]
 [ 0.00000000e+00  0.00000000e+00  0.00000000e+00  1.00000000e+00]]

[[-9.42459271e-02  9.91290807e-01  9.19795740e-02 -2.50429920e+02]
 [-5.04776909e-02 -9.70301210e-02  9.94000583e-01 -1.63831443e+01]
 [ 9.94268429e-01  8.90375900e-02  5.91827647e-02 -1.76154818e+02]
 [ 0.00000000e+00  0.00000000e+00  0.00000000e+00  1.00000000e+00]]

[[-9.26768695e-02  9.92219651e-01  8.31333945e-02 -2.41848712e+02]
 [-4.33843550e-02 -8.74374396e-02  9.95224845e-01 -1.58239051e+01]
 [ 9.94750620e-01  8.86276344e-02  5.11502378e-02 -1.69572325e+02]
 [ 0.00000000e+00  0.00000000e+00  0.00000000e+00  1.00000000e+00]]

[[-9.52334768e-02  9.91094512e-01  9.30712292e-02 -2.50769481e+02]
 [-5.09601306e-02 -9.82274927e-02  9.93858352e-01 -1.56070864e+01]
 [ 9.94149712e-01  8.99056644e-02  5.98608514e-02 -1.76790354e+02]
 [ 0.00000000e+00  0.00000000e+00  0.00000000e+00  1.00000000e+00]]

[[-9.13140022e-02  9.91514008e-01  9.25295921e-02 -2.50544919e+02]
 [-4.05645362e-02 -9.65442250e-02  9.94501750e-01 -1.67772935e+01]
 [ 9.94995614e-01  8.70585150e-02  4.90361454e-02 -1.67767072e+02]
 [ 0.00000000e+00  0.00000000e+00  0.00000000e+00  1.00000000e+00]]

[[-9.35539126e-02  9.90534272e-01  1.00446612e-01 -2.57211634e+02]
 [-5.03574593e-02 -1.05467704e-01  9.93146862e-01 -1.52032545e+01]
 [ 9.94339877e-01  8.78545385e-02  5.97477057e-02 -1.77107504e+02]
 [ 0.00000000e+00  0.00000000e+00  0.00000000e+00  1.00000000e+00]]

[[-9.25452213e-02  9.89904802e-01  1.07349262e-01 -2.62697903e+02]
 [-4.35104553e-02 -1.11729424e-01  9.92785665e-01 -1.66955557e+01]
 [ 9.94757369e-01  8.72067538e-02  5.34112329e-02 -1.71939317e+02]
 [ 0.00000000e+00  0.00000000e+00  0.00000000e+00  1.00000000e+00]]

[[-9.27436260e-02  9.89288501e-01  1.12724803e-01 -2.66875577e+02]
 [-5.12933143e-02 -1.17809427e-01  9.91710610e-01 -1.62201149e+01]
 [ 9.94367948e-01  8.61928092e-02  6.16699595e-02 -1.79692286e+02]
 [ 0.00000000e+00  0.00000000e+00  0.00000000e+00  1.00000000e+00]]

[[-9.12930468e-02  9.90899466e-01  9.89132368e-02 -2.55545807e+02]
 [-4.70691210e-02 -1.03510770e-01  9.93513975e-01 -1.65289100e+01]
 [ 9.94711052e-01  8.60451587e-02  5.60905804e-02 -1.74466924e+02]
 [ 0.00000000e+00  0.00000000e+00  0.00000000e+00  1.00000000e+00]]

[[-9.20113696e-02  9.90273474e-01  1.04366442e-01 -2.60442191e+02]
 [-4.71980826e-02 -1.09030490e-01  9.92917264e-01 -1.57844278e+01]
 [ 9.94638753e-01  8.64337814e-02  5.67710540e-02 -1.74932311e+02]
 [ 0.00000000e+00  0.00000000e+00  0.00000000e+00  1.00000000e+00]]

[[-9.31275444e-02  9.90737532e-01  9.88251137e-02 -2.55424929e+02]
 [-5.15751365e-02 -1.03923417e-01  9.93247164e-01 -1.53954495e+01]
 [ 9.94317487e-01  8.74017507e-02  6.07755561e-02 -1.78225679e+02]
 [ 0.00000000e+00  0.00000000e+00  0.00000000e+00  1.00000000e+00]]

[[-9.15854244e-02  9.91441014e-01  9.30420662e-02 -2.50485200e+02]
 [-4.49664197e-02 -9.74570005e-02  9.94223392e-01 -1.66464063e+01]
 [ 9.94781449e-01  8.68726027e-02  5.35071935e-02 -1.71812256e+02]
 [ 0.00000000e+00  0.00000000e+00  0.00000000e+00  1.00000000e+00]]

[[-9.29484209e-02  9.91727800e-01  8.85243603e-02 -2.47289337e+02]
 [-4.51741161e-02 -9.30181169e-02  9.94639095e-01 -1.63707092e+01]
 [ 9.94645610e-01  8.84511236e-02  5.34463138e-02 -1.71311260e+02]
 [ 0.00000000e+00  0.00000000e+00  0.00000000e+00  1.00000000e+00]]

[[-9.27771123e-02  9.90679639e-01  9.97309377e-02 -2.58031548e+02]
 [-5.14374315e-02 -1.04797990e-01  9.93162410e-01 -1.54695091e+01]
 [ 9.94357379e-01  8.70128372e-02  6.06808709e-02 -1.76369188e+02]
 [ 0.00000000e+00  0.00000000e+00  0.00000000e+00  1.00000000e+00]]

[[-9.75196197e-02  9.90279826e-01  9.91755539e-02 -2.58931688e+02]
 [-5.49052864e-02 -1.04851974e-01  9.92971033e-01 -1.47864274e+01]
 [ 9.93717934e-01  9.13888953e-02  6.45967221e-02 -1.77903569e+02]
 [ 0.00000000e+00  0.00000000e+00  0.00000000e+00  1.00000000e+00]]

[[-9.52090389e-02  9.91149687e-01  9.25069596e-02 -2.52912756e+02]
 [-6.33748513e-02 -9.87757557e-02  9.93089612e-01 -1.37627555e+01]
 [ 9.93437903e-01  8.86884928e-02  7.22183088e-02 -1.86322084e+02]
 [ 0.00000000e+00  0.00000000e+00  0.00000000e+00  1.00000000e+00]]

[[-9.49479689e-02  9.90182012e-01  1.02588820e-01 -2.61517642e+02]
 [-5.56899200e-02 -1.08176371e-01  9.92570655e-01 -1.29656347e+01]
 [ 9.93923295e-01  8.85294045e-02  6.54142837e-02 -1.81071731e+02]
 [ 0.00000000e+00  0.00000000e+00  0.00000000e+00  1.00000000e+00]]

[[-9.69464248e-02  9.91608232e-01  8.55248751e-02 -2.46843128e+02]
 [-5.80274779e-02 -9.14147446e-02  9.94120796e-01 -1.33353912e+01]
 [ 9.93596599e-01  9.14136641e-02  6.64028575e-02 -1.80680934e+02]
 [ 0.00000000e+00  0.00000000e+00  0.00000000e+00  1.00000000e+00]]

[[-9.20321548e-02  9.90164185e-01  1.05380118e-01 -2.64907885e+02]
 [-5.88875992e-02 -1.11056116e-01  9.92067936e-01 -1.30458100e+01]
 [ 9.94013246e-01  8.50965678e-02  6.85291253e-02 -1.83722082e+02]
 [ 0.00000000e+00  0.00000000e+00  0.00000000e+00  1.00000000e+00]]

[[-9.56193302e-02  9.90976206e-01  9.39313725e-02 -2.54961689e+02]
 [-6.15309769e-02 -1.00067554e-01  9.93076243e-01 -1.17531144e+01]
 [ 9.93514410e-01  8.91775961e-02  7.05441266e-02 -1.84166097e+02]
 [ 0.00000000e+00  0.00000000e+00  0.00000000e+00  1.00000000e+00]]

[[-9.97866521e-02  9.91627135e-01  8.19649243e-02 -2.44660347e+02]
 [-7.77574161e-02 -8.98957238e-02  9.92911146e-01 -9.55302635e+00]
 [ 9.91965931e-01  9.27058984e-02  8.60767571e-02 -1.96207248e+02]
 [ 0.00000000e+00  0.00000000e+00  0.00000000e+00  1.00000000e+00]]

[[-1.00259897e-01  9.91248961e-01  8.58688023e-02 -2.48163650e+02]
 [-6.26927318e-02 -9.24259940e-02  9.93743959e-01 -9.72326708e+00]
 [ 9.92984176e-01  9.42493176e-02  7.14107259e-02 -1.82802002e+02]
 [ 0.00000000e+00  0.00000000e+00  0.00000000e+00  1.00000000e+00]]

[[-9.99278521e-02  9.90832768e-01  9.09112231e-02 -2.52819535e+02]
 [-5.79529743e-02 -9.70093426e-02  9.93594807e-01 -1.06813454e+01]
 [ 9.93305531e-01  9.40192191e-02  6.71156411e-02 -1.78751165e+02]
 [ 0.00000000e+00  0.00000000e+00  0.00000000e+00  1.00000000e+00]]

[[-9.71074106e-02  9.91524805e-01  8.63059184e-02 -2.49070310e+02]
 [-5.71179031e-02 -9.21247447e-02  9.94107930e-01 -1.02079028e+01]
 [ 9.93633582e-01  9.16056339e-02  6.55798131e-02 -1.77990727e+02]
 [ 0.00000000e+00  0.00000000e+00  0.00000000e+00  1.00000000e+00]]

[[-9.91850286e-02  9.91171661e-01  8.79833406e-02 -2.50033419e+02]
 [-7.25860050e-02 -9.53905627e-02  9.92789964e-01 -8.65562808e+00]
 [ 9.92418058e-01  9.20835418e-02  8.14065069e-02 -1.91561754e+02]
 [ 0.00000000e+00  0.00000000e+00  0.00000000e+00  1.00000000e+00]]

[[-9.85788680e-02  9.89188386e-01  1.08575060e-01 -2.66632826e+02]
 [-7.12472498e-02 -1.15842209e-01  9.90709045e-01 -1.04916969e+01]
 [ 9.92575456e-01  8.99273017e-02  8.18965458e-02 -1.92064802e+02]
 [ 0.00000000e+00  0.00000000e+00  0.00000000e+00  1.00000000e+00]]

[[-9.94695906e-02  9.88111578e-01  1.17223333e-01 -2.72534577e+02]
 [-6.04628716e-02 -1.23592000e-01  9.90489404e-01 -1.08618733e+01]
 [ 9.93201914e-01  9.14359161e-02  7.20377091e-02 -1.83296957e+02]
 [ 0.00000000e+00  0.00000000e+00  0.00000000e+00  1.00000000e+00]]

[[-1.00276400e-01  9.90241140e-01  9.67839259e-02 -2.54617507e+02]
 [-6.50614112e-02 -1.03592109e-01  9.92489641e-01 -1.06305270e+01]
 [ 9.92830125e-01  9.32263895e-02  7.48143298e-02 -1.84482398e+02]
 [ 0.00000000e+00  0.00000000e+00  0.00000000e+00  1.00000000e+00]]

[[-9.82601049e-02  9.89153023e-01  1.09184472e-01 -2.65008302e+02]
 [-5.96285833e-02 -1.15370340e-01  9.91531198e-01 -1.09189230e+01]
 [ 9.93372732e-01  9.09174441e-02  7.03180952e-02 -1.81070919e+02]
 [ 0.00000000e+00  0.00000000e+00  0.00000000e+00  1.00000000e+00]]

[[-9.73339267e-02  9.89671041e-01  1.05248932e-01 -2.61630718e+02]
 [-5.61666758e-02 -1.11044729e-01  9.92226976e-01 -1.12510570e+01]
 [ 9.93665644e-01  9.06658652e-02  6.63949520e-02 -1.77377105e+02]
 [ 0.00000000e+00  0.00000000e+00  0.00000000e+00  1.00000000e+00]]

[[-1.00114050e-01  9.90035256e-01  9.90321647e-02 -2.56215532e+02]
 [-6.45621492e-02 -1.05786415e-01  9.92290765e-01 -1.10586251e+01]
 [ 9.92879099e-01  9.29485178e-02  7.45095103e-02 -1.83875375e+02]
 [ 0.00000000e+00  0.00000000e+00  0.00000000e+00  1.00000000e+00]]

[[-9.80770924e-02  9.89212579e-01  1.08808811e-01 -2.65154987e+02]
 [-5.40562767e-02 -1.14469953e-01  9.91954913e-01 -1.20959982e+01]
 [ 9.93709617e-01  9.14062544e-02  6.47000290e-02 -1.75408333e+02]
 [ 0.00000000e+00  0.00000000e+00  0.00000000e+00  1.00000000e+00]]

[[-9.87021506e-02  9.89455275e-01  1.06000680e-01 -2.62540552e+02]
 [-5.54894767e-02 -1.11827575e-01  9.92177157e-01 -1.16768401e+01]
 [ 9.93568721e-01  9.20480970e-02  6.59419776e-02 -1.76513438e+02]
 [ 0.00000000e+00  0.00000000e+00  0.00000000e+00  1.00000000e+00]]

[[-9.98155685e-02  9.89580986e-01  1.03760901e-01 -2.60454047e+02]
 [-6.37734432e-02 -1.10429925e-01  9.91835762e-01 -1.14699561e+01]
 [ 9.92960120e-01  9.23834606e-02  7.41316125e-02 -1.83789918e+02]
 [ 0.00000000e+00  0.00000000e+00  0.00000000e+00  1.00000000e+00]]

[[-9.86527419e-02  9.90670111e-01  9.40232279e-02 -2.52858578e+02]
 [-6.36026491e-02 -1.00568071e-01  9.92895144e-01 -1.09687883e+01]
 [ 9.93087277e-01  9.19717020e-02  7.29305594e-02 -1.81858456e+02]
 [ 0.00000000e+00  0.00000000e+00  0.00000000e+00  1.00000000e+00]]

[[-9.96739836e-02  9.89230488e-01  1.07182735e-01 -2.64483701e+02]
 [-5.33817901e-02 -1.12880320e-01  9.92173583e-01 -1.03070199e+01]
 [ 9.93587179e-01  9.31722872e-02  6.40581254e-02 -1.74264839e+02]
 [ 0.00000000e+00  0.00000000e+00  0.00000000e+00  1.00000000e+00]]

[[-1.01855434e-01  9.90725878e-01  8.99316748e-02 -2.50510350e+02]
 [-6.42606098e-02 -9.67655982e-02  9.93230584e-01 -8.19753271e+00]
 [ 9.92721534e-01  9.53868676e-02  7.35207510e-02 -1.80017871e+02]
 [ 0.00000000e+00  0.00000000e+00  0.00000000e+00  1.00000000e+00]]

[[-1.03267860e-01  9.90320665e-01  9.27401210e-02 -2.52951837e+02]
 [-7.59060891e-02 -1.00813177e-01  9.92005529e-01 -7.17185670e+00]
 [ 9.91753001e-01  9.54027478e-02  8.55821296e-02 -1.92096382e+02]
 [ 0.00000000e+00  0.00000000e+00  0.00000000e+00  1.00000000e+00]]

[[-1.04236225e-01  9.90238588e-01  9.25329616e-02 -2.53359144e+02]
 [-7.29572696e-02 -1.00402394e-01  9.92268409e-01 -6.47445323e+00]
 [ 9.91872999e-01  9.66793609e-02  8.27106702e-02 -1.88296199e+02]
 [ 0.00000000e+00  0.00000000e+00  0.00000000e+00  1.00000000e+00]]

[[-1.03809999e-01  9.90516921e-01  8.99984124e-02 -2.51794711e+02]
 [-7.51007162e-02 -9.80353729e-02  9.92345176e-01 -6.18773762e+00]
 [ 9.91757716e-01  9.62564065e-02  8.45655821e-02 -1.90466660e+02]
 [ 0.00000000e+00  0.00000000e+00  0.00000000e+00  1.00000000e+00]]

[[-1.04385443e-01  9.91042585e-01  8.32963084e-02 -2.45881285e+02]
 [-7.06918424e-02 -9.09356807e-02  9.93344535e-01 -6.81752603e+00]
 [ 9.92021342e-01  9.78023397e-02  7.95509875e-02 -1.85935799e+02]
 [ 0.00000000e+00  0.00000000e+00  0.00000000e+00  1.00000000e+00]]

[[-1.05673553e-01  9.90942363e-01  8.28633383e-02 -2.46631302e+02]
 [-7.85537867e-02 -9.13882653e-02  9.92712188e-01 -5.63473542e+00]
 [ 9.91293298e-01  9.83941945e-02  8.74995977e-02 -1.91788641e+02]
 [ 0.00000000e+00  0.00000000e+00  0.00000000e+00  1.00000000e+00]]

[[-1.06682841e-01  9.90762625e-01  8.37149424e-02 -2.47619839e+02]
 [-8.07079556e-02 -9.25464324e-02  9.92432055e-01 -5.18659089e+00]
 [ 9.91012108e-01  9.91190092e-02  8.98355423e-02 -1.93634512e+02]
 [ 0.00000000e+00  0.00000000e+00  0.00000000e+00  1.00000000e+00]]

[[-1.06886732e-01  9.90113756e-01  9.08293849e-02 -2.53929605e+02]
 [-7.35683025e-02 -9.89780253e-02  9.92366392e-01 -5.62252758e+00]
 [ 9.91545728e-01  9.93886364e-02  8.34204259e-02 -1.88229825e+02]
 [ 0.00000000e+00  0.00000000e+00  0.00000000e+00  1.00000000e+00]]

[[-1.06182217e-01  9.89490430e-01  9.81530748e-02 -2.60649132e+02]
 [-7.49772665e-02 -1.06397512e-01  9.91492803e-01 -4.47089044e+00]
 [ 9.91515883e-01  9.79196549e-02  8.54868113e-02 -1.89745339e+02]
 [ 0.00000000e+00  0.00000000e+00  0.00000000e+00  1.00000000e+00]]

[[-1.07215786e-01  9.90100404e-01  9.05867822e-02 -2.54566878e+02]
 [-8.24390176e-02 -9.96512558e-02  9.91601450e-01 -4.45095636e+00]
 [ 9.90812083e-01  9.88474439e-02  9.23070924e-02 -1.95589853e+02]
 [ 0.00000000e+00  0.00000000e+00  0.00000000e+00  1.00000000e+00]]

[[-1.07775383e-01  9.89073812e-01  1.00585588e-01 -2.63530243e+02]
 [-8.31116144e-02 -1.09784376e-01  9.90474558e-01 -4.35230416e+00]
 [ 9.90695173e-01  9.83889441e-02  9.40355745e-02 -1.97511940e+02]
 [ 0.00000000e+00  0.00000000e+00  0.00000000e+00  1.00000000e+00]]

[[-1.08224814e-01  9.89777573e-01  9.28856613e-02 -2.56793447e+02]
 [-7.70835723e-02 -1.01508087e-01  9.91843854e-01 -4.34101297e+00]
 [ 9.91133448e-01  1.00182158e-01  8.72812848e-02 -1.90875835e+02]
 [ 0.00000000e+00  0.00000000e+00  0.00000000e+00  1.00000000e+00]]

[[-1.10167326e-01  9.89988914e-01  8.82332712e-02 -2.52752975e+02]
 [-8.35162086e-02 -9.76802327e-02  9.91707424e-01 -2.73178686e+00]
 [ 9.90398002e-01  1.01884847e-01  9.34412907e-02 -1.95627710e+02]
 [ 0.00000000e+00  0.00000000e+00  0.00000000e+00  1.00000000e+00]]

[[-1.09603326e-01  9.90143376e-01  8.71963631e-02 -2.52056317e+02]
 [-7.76715801e-02 -9.59882687e-02  9.92347408e-01 -3.51477570e+00]
 [ 9.90936041e-01  1.01991897e-01  8.74266340e-02 -1.90253939e+02]
 [ 0.00000000e+00  0.00000000e+00  0.00000000e+00  1.00000000e+00]]

[[-1.10203030e-01  9.90105334e-01  8.68718604e-02 -2.51447421e+02]
 [-8.01377832e-02 -9.59712016e-02  9.92152944e-01 -3.50633289e+00]
 [ 9.90673119e-01  1.02376542e-01  8.99211638e-02 -1.92564451e+02]
 [ 0.00000000e+00  0.00000000e+00  0.00000000e+00  1.00000000e+00]]

[[-1.09731894e-01  9.89553662e-01  9.35011352e-02 -2.57134744e+02]
 [-7.77683060e-02 -1.02328267e-01  9.91706114e-01 -3.23682634e+00]
 [ 9.90914225e-01  1.01550365e-01  8.81845865e-02 -1.90981439e+02]
 [ 0.00000000e+00  0.00000000e+00  0.00000000e+00  1.00000000e+00]]

[[-1.06998530e-01  9.89316839e-01  9.90126551e-02 -2.62381139e+02]
 [-7.07759677e-02 -1.06910510e-01  9.91746392e-01 -4.26597915e+00]
 [ 9.91736899e-01  9.91076896e-02  8.14591241e-02 -1.85517633e+02]
 [ 0.00000000e+00  0.00000000e+00  0.00000000e+00  1.00000000e+00]]

[[-1.08314468e-01  9.89719790e-01  9.33954665e-02 -2.57651609e+02]
 [-7.27815577e-02 -1.01590949e-01  9.92160332e-01 -4.64484148e+00]
 [ 9.91448849e-01  1.00667851e-01  8.30371175e-02 -1.86187056e+02]
 [ 0.00000000e+00  0.00000000e+00  0.00000000e+00  1.00000000e+00]]

[[-1.09904649e-01  9.88771268e-01  1.01253882e-01 -2.64892204e+02]
 [-7.52771909e-02 -1.09858854e-01  9.91092517e-01 -3.47334999e+00]
 [ 9.91087439e-01  1.01303568e-01  8.65059222e-02 -1.89308904e+02]
 [ 0.00000000e+00  0.00000000e+00  0.00000000e+00  1.00000000e+00]]

[[-1.09817832e-01  9.89124444e-01  9.78410875e-02 -2.63042492e+02]
 [-7.12423065e-02 -1.06016332e-01  9.91808989e-01 -2.22020041e+00]
 [ 9.91395268e-01  1.01947888e-01  8.21099905e-02 -1.84956700e+02]
 [ 0.00000000e+00  0.00000000e+00  0.00000000e+00  1.00000000e+00]]

[[-1.09204486e-01  9.88983512e-01  9.99299434e-02 -2.65188051e+02]
 [-7.92479439e-02 -1.08873384e-01  9.90891694e-01 -1.14516278e+00]
 [ 9.90855259e-01  1.00290575e-01  9.02643718e-02 -1.92650860e+02]
 [ 0.00000000e+00  0.00000000e+00  0.00000000e+00  1.00000000e+00]]

[[-1.10809987e-01  9.89874278e-01  8.87133611e-02 -2.55926253e+02]
 [-7.70718232e-02 -9.75532079e-02  9.92241556e-01 -8.72567643e-01]
 [ 9.90848667e-01  1.03112974e-01  8.71012851e-02 -1.89411626e+02]
 [ 0.00000000e+00  0.00000000e+00  0.00000000e+00  1.00000000e+00]]

[[-1.09539773e-01  9.90309265e-01  8.53732841e-02 -2.52659547e+02]
 [-8.22217379e-02 -9.46233708e-02  9.92111891e-01 -1.33552290e+00]
 [ 9.90575905e-01  1.01656172e-01  9.17899714e-02 -1.93917884e+02]
 [ 0.00000000e+00  0.00000000e+00  0.00000000e+00  1.00000000e+00]]

[[-1.09247171e-01  9.89038830e-01  9.93340251e-02 -2.64566572e+02]
 [-8.05237749e-02 -1.08409385e-01  9.90839708e-01 -7.68778214e-01]
 [ 9.90747686e-01  1.00247684e-01  9.14845588e-02 -1.93643971e+02]
 [ 0.00000000e+00  0.00000000e+00  0.00000000e+00  1.00000000e+00]]

[[-1.08649741e-01  9.89896755e-01  9.11024090e-02 -2.57428726e+02]
 [-7.93656858e-02 -9.99903006e-02  9.91818042e-01 -1.95907219e+00]
 [ 9.90906818e-01  1.00530368e-01  8.94277551e-02 -1.91777746e+02]
 [ 0.00000000e+00  0.00000000e+00  0.00000000e+00  1.00000000e+00]]

[[-1.08513205e-01  9.90257070e-01  8.72686608e-02 -2.54094031e+02]
 [-8.27933206e-02 -9.64846930e-02  9.91885059e-01 -1.77779033e+00]
 [ 9.90641282e-01  1.00407364e-01  9.24565344e-02 -1.94420071e+02]
 [ 0.00000000e+00  0.00000000e+00  0.00000000e+00  1.00000000e+00]]

[[-1.08971852e-01  9.90105242e-01  8.84123578e-02 -2.54853337e+02]
 [-7.49298890e-02 -9.68705908e-02  9.92472468e-01 -1.77216157e+00]
 [ 9.91216751e-01  1.01526835e-01  8.47446436e-02 -1.87750845e+02]
 [ 0.00000000e+00  0.00000000e+00  0.00000000e+00  1.00000000e+00]]

[[-1.09033396e-01  9.90342144e-01  8.56396860e-02 -2.52385453e+02]
 [-8.04831026e-02 -9.46656271e-02  9.92250417e-01 -8.55714178e-01]
 [ 9.90774540e-01  1.01295885e-01  9.00275232e-02 -1.92176086e+02]
 [ 0.00000000e+00  0.00000000e+00  0.00000000e+00  1.00000000e+00]]

[[-1.11487732e-01  9.89448541e-01  9.25314566e-02 -2.58531036e+02]
 [-8.93561339e-02 -1.02715822e-01  9.90689124e-01 -2.65948308e-01]
 [ 9.89740353e-01  1.02181430e-01  9.98648504e-02 -2.00764415e+02]
 [ 0.00000000e+00  0.00000000e+00  0.00000000e+00  1.00000000e+00]]

[[-1.10876599e-01  9.89164752e-01  9.62261526e-02 -2.62493234e+02]
 [-7.28544887e-02 -1.04652425e-01  9.91836727e-01 -1.70879292e+00]
 [ 9.91160231e-01  1.02960976e-01  8.36685973e-02 -1.86052638e+02]
 [ 0.00000000e+00  0.00000000e+00  0.00000000e+00  1.00000000e+00]]

[[-1.13215881e-01  9.89532944e-01  8.94802560e-02 -2.57487418e+02]
 [-9.18202705e-02 -1.00094171e-01  9.90732151e-01  5.39323083e-01]
 [ 9.89318554e-01  1.03950512e-01  1.02191432e-01 -2.00907079e+02]
 [ 0.00000000e+00  0.00000000e+00  0.00000000e+00  1.00000000e+00]]

[[-1.13151070e-01  9.90245554e-01  8.13054575e-02 -2.50990524e+02]
 [-9.48297891e-02 -9.22206573e-02  9.91212723e-01  2.10630644e+00]
 [ 9.89042035e-01  1.04446600e-01  1.04339643e-01 -2.02595255e+02]
 [ 0.00000000e+00  0.00000000e+00  0.00000000e+00  1.00000000e+00]]

[[-1.12401324e-01  9.89782642e-01  8.77283557e-02 -2.56218230e+02]
 [-8.62974745e-02 -9.76779496e-02  9.91469497e-01  1.36329300e+00]
 [ 9.89908424e-01  1.03871748e-01  9.63948731e-02 -1.96394719e+02]
 [ 0.00000000e+00  0.00000000e+00  0.00000000e+00  1.00000000e+00]]

[[-1.11110245e-01  9.89842109e-01  8.86967499e-02 -2.57370478e+02]
 [-7.75573992e-02 -9.76136884e-02  9.92197771e-01  1.87867262e+00]
 [ 9.90777151e-01  1.03364248e-01  8.76154604e-02 -1.88654580e+02]
 [ 0.00000000e+00  0.00000000e+00  0.00000000e+00  1.00000000e+00]]

[[-1.13776567e-01  9.89253534e-01  9.18277668e-02 -2.60824982e+02]
 [-8.57935331e-02 -1.01865732e-01  9.91091743e-01  2.49167119e+00]
 [ 9.89795111e-01  1.04884788e-01  9.64614891e-02 -1.95198883e+02]
 [ 0.00000000e+00  0.00000000e+00  0.00000000e+00  1.00000000e+00]]

[[-1.13646207e-01  9.90048691e-01  8.29947557e-02 -2.52923755e+02]
 [-9.19450530e-02 -9.36580550e-02  9.91349724e-01  4.68816475e+00]
 [ 9.89257624e-01  1.05032179e-01  1.01673962e-01 -2.00278168e+02]
 [ 0.00000000e+00  0.00000000e+00  0.00000000e+00  1.00000000e+00]]

[[-1.16601266e-01  9.89372279e-01  8.68713911e-02 -2.57483069e+02]
 [-9.08632956e-02 -9.77278627e-02  9.91056571e-01  5.69987296e+00]
 [ 9.89013653e-01  1.07665030e-01  1.01292818e-01 -1.98092981e+02]
 [ 0.00000000e+00  0.00000000e+00  0.00000000e+00  1.00000000e+00]]

[[-1.17013179e-01  9.89074945e-01  8.96586251e-02 -2.59935780e+02]
 [-8.85943801e-02 -1.00314668e-01  9.91003533e-01  6.82565155e+00]
 [ 9.89170841e-01  1.08017223e-01  9.93646198e-02 -1.95892443e+02]
 [ 0.00000000e+00  0.00000000e+00  0.00000000e+00  1.00000000e+00]]

[[-1.15644135e-01  9.88382889e-01  9.86189600e-02 -2.67508026e+02]
 [-9.02269267e-02 -1.09327422e-01  9.89902327e-01  7.23172541e+00]
 [ 9.89184278e-01  1.05578313e-01  1.01821826e-01 -1.99456312e+02]
 [ 0.00000000e+00  0.00000000e+00  0.00000000e+00  1.00000000e+00]]

[[-1.16226772e-01  9.88271028e-01  9.90540871e-02 -2.67632377e+02]
 [-8.14986288e-02 -1.08883091e-01  9.90708053e-01  8.07911405e+00]
 [ 9.89873381e-01  1.07074027e-01  9.31978639e-02 -1.91686149e+02]
 [ 0.00000000e+00  0.00000000e+00  0.00000000e+00  1.00000000e+00]]

[[-1.15483207e-01  9.89467283e-01  8.72818645e-02 -2.56904966e+02]
 [-8.54647744e-02 -9.74417024e-02  9.91564868e-01  6.70445156e+00]
 [ 9.89625890e-01  1.07049566e-01  9.58174784e-02 -1.94430113e+02]
 [ 0.00000000e+00  0.00000000e+00  0.00000000e+00  1.00000000e+00]]

[[-1.15727374e-01  9.88480401e-01  9.75380541e-02 -2.66199187e+02]
 [-8.11969529e-02 -1.07283745e-01  9.90907288e-01  6.55649701e+00]
 [ 9.89956681e-01  1.06755305e-01  9.26772626e-02 -1.92174854e+02]
 [ 0.00000000e+00  0.00000000e+00  0.00000000e+00  1.00000000e+00]]

[[-1.14129576e-01  9.88439022e-01  9.98135212e-02 -2.66924910e+02]
 [-8.55591694e-02 -1.09876041e-01  9.90255969e-01  4.91536605e+00]
 [ 9.89774756e-01  1.04477532e-01  9.71101278e-02 -1.97541887e+02]
 [ 0.00000000e+00  0.00000000e+00  0.00000000e+00  1.00000000e+00]]

[[-1.16631548e-01  9.88512694e-01  9.61235433e-02 -2.62556432e+02]
 [-7.53681415e-02 -1.05314149e-01  9.91578829e-01  4.61819142e+00]
 [ 9.90311428e-01  1.08404720e-01  8.67853168e-02 -1.88708903e+02]
 [ 0.00000000e+00  0.00000000e+00  0.00000000e+00  1.00000000e+00]]

[[-1.14130764e-01  9.87771726e-01  1.06212930e-01 -2.72167875e+02]
 [-7.12721971e-02 -1.14776962e-01  9.90831228e-01  2.55844701e+00]
 [ 9.90905870e-01  1.05514296e-01  8.35002435e-02 -1.85515831e+02]
 [ 0.00000000e+00  0.00000000e+00  0.00000000e+00  1.00000000e+00]]

[[-1.16714276e-01  9.88168485e-01  9.95028764e-02 -2.66032796e+02]
 [-7.60423920e-02 -1.08784854e-01  9.91152567e-01  3.51641092e+00]
 [ 9.90250136e-01  1.08115217e-01  8.78394407e-02 -1.88709427e+02]
 [ 0.00000000e+00  0.00000000e+00  0.00000000e+00  1.00000000e+00]]

[[-1.14676528e-01  9.87302973e-01  1.09918762e-01 -2.75368360e+02]
 [-7.78582076e-02 -1.19240974e-01  9.89807905e-01  3.35421391e+00]
 [ 9.90347108e-01  1.04949656e-01  9.05437808e-02 -1.91598989e+02]
 [ 0.00000000e+00  0.00000000e+00  0.00000000e+00  1.00000000e+00]]

[[-1.08123008e-01  9.86646347e-01  1.21812973e-01 -2.84782096e+02]
 [-7.39281377e-02 -1.30171922e-01  9.88731461e-01  3.72491648e+00]
 [ 9.91384913e-01  9.78992135e-02  8.70155068e-02 -1.89499488e+02]
 [ 0.00000000e+00  0.00000000e+00  0.00000000e+00  1.00000000e+00]]

[[-1.13469087e-01  9.88570767e-01  9.92602853e-02 -2.65846007e+02]
 [-8.11656245e-02 -1.08794871e-01  9.90745082e-01  3.05695414e+00]
 [ 9.90220636e-01  1.04362416e-01  9.25828183e-02 -1.92608034e+02]
 [ 0.00000000e+00  0.00000000e+00  0.00000000e+00  1.00000000e+00]]

[[-1.13383011e-01  9.89175616e-01  9.31444762e-02 -2.60372689e+02]
 [-8.77094709e-02 -1.03348244e-01  9.90770503e-01  4.57175685e+00]
 [ 9.89672341e-01  1.04166890e-01  9.84780051e-02 -1.97577051e+02]
 [ 0.00000000e+00  0.00000000e+00  0.00000000e+00  1.00000000e+00]]

[[-1.13227801e-01  9.89422457e-01  9.06789202e-02 -2.58394138e+02]
 [-7.76586173e-02 -9.97997324e-02  9.91972355e-01  2.69808411e+00]
 [ 9.90529457e-01  1.05276849e-01  8.81372842e-02 -1.88101602e+02]
 [ 0.00000000e+00  0.00000000e+00  0.00000000e+00  1.00000000e+00]]

[[-1.13303357e-01  9.88826259e-01  9.68760978e-02 -2.63904037e+02]
 [-7.63777191e-02 -1.05883896e-01  9.91440893e-01  2.75246694e+00]
 [ 9.90620408e-01  1.04934406e-01  8.75212951e-02 -1.87843033e+02]
 [ 0.00000000e+00  0.00000000e+00  0.00000000e+00  1.00000000e+00]]

[[-1.15196552e-01  9.88868600e-01  9.41734910e-02 -2.61254533e+02]
 [-8.19153054e-02 -1.03938545e-01  9.91204652e-01  4.06497726e+00]
 [ 9.89959412e-01  1.06469108e-01  9.29768353e-02 -1.92418153e+02]
 [ 0.00000000e+00  0.00000000e+00  0.00000000e+00  1.00000000e+00]]

[[-1.15074927e-01  9.88492578e-01  9.81844382e-02 -2.64708136e+02]
 [-7.41123078e-02 -1.07109044e-01  9.91481224e-01  3.51858702e+00]
 [ 9.90588273e-01  1.06817954e-01  8.55850317e-02 -1.86071854e+02]
 [ 0.00000000e+00  0.00000000e+00  0.00000000e+00  1.00000000e+00]]

[[-1.15315996e-01  9.88217272e-01  1.00642165e-01 -2.67102824e+02]
 [-8.38030319e-02 -1.10635526e-01  9.90321580e-01  4.50322709e+00]
 [ 9.89787489e-01  1.05765801e-01  9.55736494e-02 -1.94441692e+02]
 [ 0.00000000e+00  0.00000000e+00  0.00000000e+00  1.00000000e+00]]

[[-1.14752542e-01  9.86853889e-01  1.13803589e-01 -2.78617028e+02]
 [-7.30821169e-02 -1.22636472e-01  9.89757192e-01  3.55859052e+00]
 [ 9.90702205e-01  1.05260146e-01  8.61942181e-02 -1.87122304e+02]
 [ 0.00000000e+00  0.00000000e+00  0.00000000e+00  1.00000000e+00]]

[[-1.14097588e-01  9.88138192e-01  1.02784503e-01 -2.69969632e+02]
 [-8.46606834e-02 -1.12754696e-01  9.90009569e-01  4.11163421e+00]
 [ 9.89855701e-01  1.04255897e-01  9.65214934e-02 -1.95164205e+02]
 [ 0.00000000e+00  0.00000000e+00  0.00000000e+00  1.00000000e+00]]

[[-1.16327298e-01  9.87471100e-01  1.06624512e-01 -2.73175805e+02]
 [-8.15621515e-02 -1.16488306e-01  9.89837406e-01  4.36025389e+00]
 [ 9.89856341e-01  1.06448586e-01  9.40910372e-02 -1.93359049e+02]
 [ 0.00000000e+00  0.00000000e+00  0.00000000e+00  1.00000000e+00]]

[[-1.16928663e-01  9.88487126e-01  9.60254593e-02 -2.64302062e+02]
 [-8.62482899e-02 -1.06430393e-01  9.90572463e-01  3.60356088e+00]
 [ 9.89388155e-01  1.07544282e-01  9.77000877e-02 -1.96892878e+02]
 [ 0.00000000e+00  0.00000000e+00  0.00000000e+00  1.00000000e+00]]

[[-1.15929330e-01  9.86875550e-01  1.12414583e-01 -2.77299150e+02]
 [-8.15346717e-02 -1.22251001e-01  9.89144474e-01  4.43090199e+00]
 [ 9.89905292e-01  1.05505170e-01  9.46370506e-02 -1.95251266e+02]
 [ 0.00000000e+00  0.00000000e+00  0.00000000e+00  1.00000000e+00]]

[[-1.17159026e-01  9.85276719e-01  1.24513249e-01 -2.87298225e+02]
 [-7.27375893e-02 -1.33553211e-01  9.88368749e-01  2.85905293e+00]
 [ 9.90445862e-01  1.06739527e-01  8.73136174e-02 -1.89222978e+02]
 [ 0.00000000e+00  0.00000000e+00  0.00000000e+00  1.00000000e+00]]

[[-1.16623724e-01  9.87488908e-01  1.06134647e-01 -2.72359762e+02]
 [-7.71521094e-02 -1.15548652e-01  9.90300995e-01  3.54795288e+00]
 [ 9.90174964e-01  1.07304078e-01  8.96625665e-02 -1.90908474e+02]
 [ 0.00000000e+00  0.00000000e+00  0.00000000e+00  1.00000000e+00]]

[[-1.16705556e-01  9.87598751e-01  1.05016757e-01 -2.70900568e+02]
 [-8.21256164e-02 -1.14973551e-01  9.89967911e-01  4.29902846e+00]
 [ 9.89765223e-01  1.06910189e-01  9.45252085e-02 -1.95476673e+02]
 [ 0.00000000e+00  0.00000000e+00  0.00000000e+00  1.00000000e+00]]

[[-1.14913359e-01  9.86551813e-01  1.16234420e-01 -2.80032208e+02]
 [-7.06922185e-02 -1.24834367e-01  9.89655996e-01  2.99529662e+00]
 [ 9.90856968e-01  1.05507825e-01  8.40866727e-02 -1.87056403e+02]
 [ 0.00000000e+00  0.00000000e+00  0.00000000e+00  1.00000000e+00]]

[[-1.13441066e-01  9.85658110e-01  1.24936842e-01 -2.87834214e+02]
 [-6.43633233e-02 -1.32774994e-01  9.89054176e-01  2.22287362e+00]
 [ 9.91457759e-01  1.04158010e-01  7.85023685e-02 -1.82576881e+02]
 [ 0.00000000e+00  0.00000000e+00  0.00000000e+00  1.00000000e+00]]

[[-1.15882096e-01  9.86796411e-01  1.13155566e-01 -2.77002852e+02]
 [-7.17083087e-02 -1.21937398e-01  9.89944033e-01  3.18611593e+00]
 [ 9.90671115e-01  1.06602596e-01  8.48918630e-02 -1.87951702e+02]
 [ 0.00000000e+00  0.00000000e+00  0.00000000e+00  1.00000000e+00]]

[[-1.12874373e-01  9.84657443e-01  1.33075524e-01 -2.94549055e+02]
 [-6.87431192e-02 -1.41349408e-01  9.87570113e-01  2.57604515e+00]
 [ 9.91228409e-01  1.02323331e-01  8.36431498e-02 -1.87220553e+02]
 [ 0.00000000e+00  0.00000000e+00  0.00000000e+00  1.00000000e+00]]

[[-1.12995229e-01  9.85735775e-01  1.24727941e-01 -2.85696831e+02]
 [-7.59502881e-02 -1.33733638e-01  9.88102661e-01  2.30647546e+00]
 [ 9.90688464e-01  1.02177764e-01  8.99781792e-02 -1.93275965e+02]
 [ 0.00000000e+00  0.00000000e+00  0.00000000e+00  1.00000000e+00]]

[[-1.13763128e-01  9.85896546e-01  1.22743441e-01 -2.82380103e+02]
 [-7.52517013e-02 -1.31741402e-01  9.88423687e-01  2.11563023e+00]
 [ 9.90653891e-01  1.03209517e-01  8.91777063e-02 -1.93737204e+02]
 [ 0.00000000e+00  0.00000000e+00  0.00000000e+00  1.00000000e+00]]

[[-1.12057595e-01  9.86341644e-01  1.20719745e-01 -2.81398348e+02]
 [-7.59958695e-02 -1.29635515e-01  9.88645164e-01  1.60665775e+00]
 [ 9.90791463e-01  1.01610998e-01  8.94845349e-02 -1.92874176e+02]
 [ 0.00000000e+00  0.00000000e+00  0.00000000e+00  1.00000000e+00]]

[[-1.13241210e-01  9.87746305e-01  1.07394906e-01 -2.69145062e+02]
 [-7.49307859e-02 -1.16272521e-01  9.90386833e-01  4.40424532e-01]
 [ 9.90738011e-01  1.04105419e-01  8.71794479e-02 -1.89980958e+02]
 [ 0.00000000e+00  0.00000000e+00  0.00000000e+00  1.00000000e+00]]

[[-1.09255043e-01  9.85654639e-01  1.28640074e-01 -2.86276776e+02]
 [-5.90892848e-02 -1.35625987e-01  9.88996485e-01  1.96925144e-01]
 [ 9.92255911e-01  1.00451603e-01  7.30594506e-02 -1.78346747e+02]
 [ 0.00000000e+00  0.00000000e+00  0.00000000e+00  1.00000000e+00]]

[[-1.10122988e-01  9.86316163e-01  1.22692112e-01 -2.80718018e+02]
 [-6.48815017e-02 -1.30313288e-01  9.89347683e-01  1.37333136e+00]
 [ 9.91798023e-01  1.00989475e-01  7.83441624e-02 -1.82475867e+02]
 [ 0.00000000e+00  0.00000000e+00  0.00000000e+00  1.00000000e+00]]

[[-1.11379408e-01  9.86616401e-01  1.19091163e-01 -2.77824237e+02]
 [-6.69770983e-02 -1.27016797e-01  9.89636702e-01  1.80835284e+00]
 [ 9.91518379e-01  1.02248770e-01  8.02277594e-02 -1.84391838e+02]
 [ 0.00000000e+00  0.00000000e+00  0.00000000e+00  1.00000000e+00]]

[[-1.09775194e-01  9.86034141e-01  1.25244083e-01 -2.82187235e+02]
 [-6.23833668e-02 -1.32592053e-01  9.89205572e-01  3.05967893e-01]
 [ 9.91996836e-01  1.00777086e-01  7.60674477e-02 -1.80249194e+02]
 [ 0.00000000e+00  0.00000000e+00  0.00000000e+00  1.00000000e+00]]

[[-1.11226512e-01  9.85927628e-01  1.24801343e-01 -2.81745886e+02]
 [-6.58273996e-02 -1.32613905e-01  9.88979426e-01  1.47226659e-01]
 [ 9.91612533e-01  1.01785384e-01  7.96512340e-02 -1.83060935e+02]
 [ 0.00000000e+00  0.00000000e+00  0.00000000e+00  1.00000000e+00]]

[[-1.11761590e-01  9.85438545e-01  1.28141409e-01 -2.84826348e+02]
 [-6.07192087e-02 -1.35480177e-01  9.88917741e-01 -8.73321528e-01]
 [ 9.91878281e-01  1.02742374e-01  7.49765287e-02 -1.78863413e+02]
 [ 0.00000000e+00  0.00000000e+00  0.00000000e+00  1.00000000e+00]]

[[-1.12268758e-01  9.86171446e-01  1.21908183e-01 -2.79638111e+02]
 [-7.23638404e-02 -1.30472179e-01  9.88807608e-01  4.37493405e-01]
 [ 9.91039455e-01  1.02190458e-01  8.60111027e-02 -1.88635594e+02]
 [ 0.00000000e+00  0.00000000e+00  0.00000000e+00  1.00000000e+00]]

[[-1.11791950e-01  9.86954182e-01  1.15862001e-01 -2.74358263e+02]
 [-6.88937005e-02 -1.24009798e-01  9.89886472e-01  5.10834476e-02]
 [ 9.91340616e-01  1.02679177e-01  8.18582231e-02 -1.84467635e+02]
 [ 0.00000000e+00  0.00000000e+00  0.00000000e+00  1.00000000e+00]]

[[-1.09789622e-01  9.87201315e-01  1.15671100e-01 -2.73860419e+02]
 [-6.62178332e-02 -1.23380611e-01  9.90147678e-01 -4.60014663e-01]
 [ 9.91746660e-01  1.01048450e-01  7.89162427e-02 -1.82363911e+02]
 [ 0.00000000e+00  0.00000000e+00  0.00000000e+00  1.00000000e+00]]

[[-1.13465504e-01  9.88221935e-01  1.02679043e-01 -2.62026220e+02]
 [-6.80759716e-02 -1.10836435e-01  9.91504386e-01 -8.09856957e-01]
 [ 9.91206962e-01  1.05511569e-01  7.98502804e-02 -1.82082535e+02]
 [ 0.00000000e+00  0.00000000e+00  0.00000000e+00  1.00000000e+00]]

[[-1.12640997e-01  9.86150722e-01  1.21732324e-01 -2.78254263e+02]
 [-7.32858545e-02 -1.30423626e-01  9.88746106e-01  5.71431104e-01]
 [ 9.90929457e-01  1.02452090e-01  8.69619456e-02 -1.88306209e+02]
 [ 0.00000000e+00  0.00000000e+00  0.00000000e+00  1.00000000e+00]]

[[-1.08940838e-01  9.86535379e-01  1.21982952e-01 -2.79520568e+02]
 [-6.15365777e-02 -1.29170969e-01  9.89711125e-01 -5.36139220e-01]
 [ 9.92141695e-01  1.00313546e-01  7.47800046e-02 -1.78400278e+02]
 [ 0.00000000e+00  0.00000000e+00  0.00000000e+00  1.00000000e+00]]

[[-1.10582982e-01  9.86724102e-01  1.18940951e-01 -2.76979302e+02]
 [-6.13056726e-02 -1.26219212e-01  9.90106219e-01 -1.12116023e+00]
 [ 9.91974303e-01  1.02197143e-01  7.44494816e-02 -1.77914336e+02]
 [ 0.00000000e+00  0.00000000e+00  0.00000000e+00  1.00000000e+00]]

[[-1.11197804e-01  9.86874901e-01  1.17102424e-01 -2.75229923e+02]
 [-6.41289806e-02 -1.24713119e-01  9.90118231e-01 -1.36666742e+00]
 [ 9.91727040e-01  1.02589314e-01  7.71551064e-02 -1.80464121e+02]
 [ 0.00000000e+00  0.00000000e+00  0.00000000e+00  1.00000000e+00]]

[[-1.09149163e-01  9.86723163e-01  1.20265787e-01 -2.77832163e+02]
 [-5.06910402e-02 -1.26356477e-01  9.90688881e-01 -1.46819084e+00]
 [ 9.92732028e-01  1.02036464e-01  6.38097271e-02 -1.68837435e+02]
 [ 0.00000000e+00  0.00000000e+00  0.00000000e+00  1.00000000e+00]]

[[-1.09703288e-01  9.84284807e-01  1.38378493e-01 -2.94027941e+02]
 [-5.83865517e-02 -1.45359705e-01  9.87654579e-01 -4.32297070e-01]
 [ 9.92248053e-01  1.00269512e-01  7.34154333e-02 -1.77308172e+02]
 [ 0.00000000e+00  0.00000000e+00  0.00000000e+00  1.00000000e+00]]

[[-1.08356702e-01  9.84360939e-01  1.38896966e-01 -2.94477517e+02]
 [-6.16075987e-02 -1.46100330e-01  9.87349582e-01  1.16577944e-01]
 [ 9.92201254e-01  9.84288361e-02  7.64750637e-02 -1.80174193e+02]
 [ 0.00000000e+00  0.00000000e+00  0.00000000e+00  1.00000000e+00]]

[[-1.11163749e-01  9.86431898e-01  1.20808654e-01 -2.79187347e+02]
 [-6.28654623e-02 -1.28298417e-01  9.89741102e-01 -1.19821086e+00]
 [ 9.91811754e-01  1.02428639e-01  7.62746302e-02 -1.79298097e+02]
 [ 0.00000000e+00  0.00000000e+00  0.00000000e+00  1.00000000e+00]]

[[-1.13766590e-01  9.86221446e-01  1.20101721e-01 -2.77760068e+02]
 [-7.33294079e-02 -1.28892222e-01  9.88943675e-01  7.52443839e-01]
 [ 9.90797639e-01  1.03701762e-01  8.69826633e-02 -1.87833471e+02]
 [ 0.00000000e+00  0.00000000e+00  0.00000000e+00  1.00000000e+00]]

[[-1.14335723e-01  9.87067542e-01  1.12361065e-01 -2.70180451e+02]
 [-6.68307112e-02 -1.20488784e-01  9.90462573e-01  8.68829879e-01]
 [ 9.91191706e-01  1.05736085e-01  7.97425981e-02 -1.81176576e+02]
 [ 0.00000000e+00  0.00000000e+00  0.00000000e+00  1.00000000e+00]]

[[-1.13271962e-01  9.85513771e-01  1.26222303e-01 -2.82791280e+02]
 [-6.78691941e-02 -1.34417975e-01  9.88597785e-01  7.61868572e-01]
 [ 9.91243277e-01  1.03413805e-01  8.21118133e-02 -1.83457806e+02]
 [ 0.00000000e+00  0.00000000e+00  0.00000000e+00  1.00000000e+00]]

[[-1.13174344e-01  9.85695090e-01  1.24886979e-01 -2.81759639e+02]
 [-6.69839604e-02 -1.32977952e-01  9.88852877e-01  1.30257195e+00]
 [ 9.91314641e-01  1.03547351e-01  8.10754534e-02 -1.82408024e+02]
 [ 0.00000000e+00  0.00000000e+00  0.00000000e+00  1.00000000e+00]]

[[-1.15663743e-01  9.85457523e-01  1.24480393e-01 -2.80528984e+02]
 [-7.28925446e-02 -1.33404665e-01  9.88377394e-01  2.70226937e-01]
 [ 9.90610204e-01  1.05245736e-01  8.72625894e-02 -1.87436332e+02]
 [ 0.00000000e+00  0.00000000e+00  0.00000000e+00  1.00000000e+00]]

[[-1.16087071e-01  9.84917842e-01  1.28299015e-01 -2.83537027e+02]
 [-7.54212757e-02 -1.37540579e-01  9.87620484e-01  1.79236638e+00]
 [ 9.90371356e-01  1.04973494e-01  9.02504430e-02 -1.89612683e+02]
 [ 0.00000000e+00  0.00000000e+00  0.00000000e+00  1.00000000e+00]]

[[-1.16924437e-01  9.86029880e-01  1.18632846e-01 -2.73707776e+02]
 [-6.93246614e-02 -1.27264110e-01  9.89443246e-01  2.53408660e+00]
 [ 9.90718309e-01  1.07465913e-01  8.32364719e-02 -1.82167257e+02]
 [ 0.00000000e+00  0.00000000e+00  0.00000000e+00  1.00000000e+00]]

[[-1.16469878e-01  9.84975960e-01  1.27503430e-01 -2.83318754e+02]
 [-7.79826279e-02 -1.37050002e-01  9.87489750e-01  5.03974350e+00]
 [ 9.90128010e-01  1.05069759e-01  9.27732109e-02 -1.90360882e+02]
 [ 0.00000000e+00  0.00000000e+00  0.00000000e+00  1.00000000e+00]]

[[-1.13710127e-01  9.85651253e-01  1.24746197e-01 -2.82614042e+02]
 [-8.04771581e-02 -1.34285896e-01  9.87669340e-01  5.11549871e+00]
 [ 9.90249178e-01  1.02268786e-01  9.45920780e-02 -1.90322890e+02]
 [ 0.00000000e+00  0.00000000e+00  0.00000000e+00  1.00000000e+00]]

[[-1.16423689e-01  9.85558380e-01  1.22964238e-01 -2.80693176e+02]
 [-8.57080815e-02 -1.33313799e-01  9.87360905e-01  6.62720817e+00]
 [ 9.89494643e-01  1.04413170e-01  9.99912022e-02 -1.96237513e+02]
 [ 0.00000000e+00  0.00000000e+00  0.00000000e+00  1.00000000e+00]]

[[-1.14695608e-01  9.83733448e-01  1.38251295e-01 -2.94226547e+02]
 [-7.91972498e-02 -1.47781683e-01  9.85843989e-01  6.51412360e+00]
 [ 9.90238715e-01  1.02122853e-01  9.48588936e-02 -1.92969501e+02]
 [ 0.00000000e+00  0.00000000e+00  0.00000000e+00  1.00000000e+00]]

[[-1.18857339e-01  9.84246189e-01  1.30890692e-01 -2.86183569e+02]
 [-8.87721417e-02 -1.41831042e-01  9.85902359e-01  6.96556126e+00]
 [ 9.88935003e-01  1.05562284e-01  1.04231302e-01 -2.01654737e+02]
 [ 0.00000000e+00  0.00000000e+00  0.00000000e+00  1.00000000e+00]]

[[-1.10426949e-01  9.82251929e-01  1.51614763e-01 -3.05037886e+02]
 [-5.53833906e-02 -1.58392111e-01  9.85821799e-01  2.83656305e+00]
 [ 9.92339946e-01  1.00464354e-01  7.18911999e-02 -1.75450628e+02]
 [ 0.00000000e+00  0.00000000e+00  0.00000000e+00  1.00000000e+00]]

[[-1.11068547e-01  9.84653930e-01  1.34612094e-01 -2.90551671e+02]
 [-6.00192867e-02 -1.41848858e-01  9.88067096e-01  2.94570421e+00]
 [ 9.91998721e-01  1.01663855e-01  7.48531732e-02 -1.78332159e+02]
 [ 0.00000000e+00  0.00000000e+00  0.00000000e+00  1.00000000e+00]]

[[-1.10175491e-01  9.83609185e-01  1.42738686e-01 -2.99228605e+02]
 [-6.44415018e-02 -1.50380120e-01  9.86525779e-01  3.95168816e+00]
 [ 9.91820878e-01  9.94926672e-02  7.99534567e-02 -1.83520415e+02]
 [ 0.00000000e+00  0.00000000e+00  0.00000000e+00  1.00000000e+00]]

[[-1.13475483e-01  9.83703150e-01  1.39468374e-01 -2.99258684e+02]
 [-7.86570381e-02 -1.48829204e-01  9.85729648e-01  4.09525765e+00]
 [ 9.90422327e-01  1.00885979e-01  9.42636420e-02 -1.95531967e+02]
 [ 0.00000000e+00  0.00000000e+00  0.00000000e+00  1.00000000e+00]]

[[-1.14860468e-01  9.86924241e-01  1.13082343e-01 -2.75836010e+02]
 [-7.47446665e-02 -1.22099281e-01  9.89699450e-01  3.35158003e+00]
 [ 9.90565650e-01  1.05225040e-01  8.77917037e-02 -1.89174172e+02]
 [ 0.00000000e+00  0.00000000e+00  0.00000000e+00  1.00000000e+00]]

[[-1.13114727e-01  9.85648051e-01  1.25311527e-01 -2.87405351e+02]
 [-7.59452001e-02 -1.34328986e-01  9.88022292e-01  4.14556392e+00]
 [ 9.90675217e-01  1.02243063e-01  9.00498249e-02 -1.91563118e+02]
 [ 0.00000000e+00  0.00000000e+00  0.00000000e+00  1.00000000e+00]]

[[-1.14945500e-01  9.86859783e-01  1.13557475e-01 -2.77847299e+02]
 [-6.74724028e-02 -1.21807396e-01  9.90257761e-01  4.20346240e+00]
 [ 9.91077700e-01  1.06163678e-01  8.05870129e-02 -1.82689375e+02]
 [ 0.00000000e+00  0.00000000e+00  0.00000000e+00  1.00000000e+00]]

[[-1.15800206e-01  9.86069307e-01  1.19405335e-01 -2.83186374e+02]
 [-6.80895180e-02 -1.27811901e-01  9.89458405e-01  3.66260482e+00]
 [ 9.90935987e-01  1.06449236e-01  8.19416283e-02 -1.84341813e+02]
 [ 0.00000000e+00  0.00000000e+00  0.00000000e+00  1.00000000e+00]]

[[-1.13482370e-01  9.86152872e-01  1.20930826e-01 -2.84961532e+02]
 [-6.75133533e-02 -1.29089832e-01  9.89331978e-01  3.27514551e+00]
 [ 9.91243511e-01  1.04107292e-01  8.12279072e-02 -1.84221960e+02]
 [ 0.00000000e+00  0.00000000e+00  0.00000000e+00  1.00000000e+00]]

[[-1.12474213e-01  9.87344386e-01  1.11806152e-01 -2.76807923e+02]
 [-6.36310318e-02 -1.19445998e-01  9.90799549e-01  1.94373266e+00]
 [ 9.91615169e-01  1.04325059e-01  7.62603366e-02 -1.80223116e+02]
 [ 0.00000000e+00  0.00000000e+00  0.00000000e+00  1.00000000e+00]]

[[-1.11854020e-01  9.85527553e-01  1.27373940e-01 -2.90579354e+02]
 [-7.18881801e-02 -1.35867473e-01  9.88115438e-01  2.81557588e+00]
 [ 9.91120965e-01  1.01368003e-01  8.60451053e-02 -1.89331148e+02]
 [ 0.00000000e+00  0.00000000e+00  0.00000000e+00  1.00000000e+00]]

[[-1.13063661e-01  9.85615088e-01  1.25616509e-01 -2.88580699e+02]
 [-7.28321266e-02 -1.34308383e-01  9.88259450e-01  3.16890687e+00]
 [ 9.90914774e-01  1.02587314e-01  8.69698403e-02 -1.89835487e+02]
 [ 0.00000000e+00  0.00000000e+00  0.00000000e+00  1.00000000e+00]]

[[-1.13204699e-01  9.85930715e-01  1.22985046e-01 -2.86364525e+02]
 [-6.95810937e-02 -1.31343741e-01  9.88891952e-01  2.40007101e+00]
 [ 9.91132265e-01  1.03389782e-01  8.34708661e-02 -1.86480518e+02]
 [ 0.00000000e+00  0.00000000e+00  0.00000000e+00  1.00000000e+00]]

[[-1.14374016e-01  9.86579799e-01  1.16528473e-01 -2.80478790e+02]
 [-6.82180286e-02 -1.24821024e-01  9.89831305e-01  2.82454754e+00]
 [ 9.91092773e-01  1.05261639e-01  8.15788107e-02 -1.84653703e+02]
 [ 0.00000000e+00  0.00000000e+00  0.00000000e+00  1.00000000e+00]]

[[-1.12350895e-01  9.87081372e-01  1.14226269e-01 -2.79376865e+02]
 [-7.12903406e-02 -1.22664991e-01  9.89884330e-01  4.26002329e+00]
 [ 9.91107948e-01  1.03071161e-01  8.41508888e-02 -1.86871615e+02]
 [ 0.00000000e+00  0.00000000e+00  0.00000000e+00  1.00000000e+00]]

[[-1.12429442e-01  9.87847999e-01  1.07312403e-01 -2.74034634e+02]
 [-7.17770214e-02 -1.15788850e-01  9.90677042e-01  4.78330527e+00]
 [ 9.91063913e-01  1.03678703e-01  8.39228629e-02 -1.87074448e+02]
 [ 0.00000000e+00  0.00000000e+00  0.00000000e+00  1.00000000e+00]]

[[-1.14102093e-01  9.87763405e-01  1.06321063e-01 -2.73682745e+02]
 [-7.57876168e-02 -1.15362534e-01  9.90428050e-01  6.35599473e+00]
 [ 9.90574051e-01  1.04952093e-01  8.80233409e-02 -1.90030201e+02]
 [ 0.00000000e+00  0.00000000e+00  0.00000000e+00  1.00000000e+00]]

[[-1.12402771e-01  9.87737634e-01  1.08351201e-01 -2.76362746e+02]
 [-6.97398332e-02 -1.16615239e-01  9.90725614e-01  4.71815102e+00]
 [ 9.91212375e-01  1.03803910e-01  8.19925339e-02 -1.85530947e+02]
 [ 0.00000000e+00  0.00000000e+00  0.00000000e+00  1.00000000e+00]]

[[-1.14996808e-01  9.86725333e-01  1.14668442e-01 -2.81780993e+02]
 [-6.47675167e-02 -1.22636306e-01  9.90336057e-01  5.70280292e+00]
 [ 9.91252189e-01  1.06458695e-01  7.80105332e-02 -1.81891117e+02]
 [ 0.00000000e+00  0.00000000e+00  0.00000000e+00  1.00000000e+00]]

[[-1.13205141e-01  9.86351108e-01  1.19566252e-01 -2.86353985e+02]
 [-6.25574707e-02 -1.27176923e-01  9.89905346e-01  4.57096896e+00]
 [ 9.91600302e-01  1.04582612e-01  7.61007120e-02 -1.80351385e+02]
 [ 0.00000000e+00  0.00000000e+00  0.00000000e+00  1.00000000e+00]]

[[-1.13051196e-01  9.86735773e-01  1.16498672e-01 -2.83249110e+02]
 [-6.44207116e-02 -1.24282910e-01  9.90153387e-01  1.17914553e+00]
 [ 9.91498562e-01  1.04433098e-01  7.76165524e-02 -1.83395916e+02]
 [ 0.00000000e+00  0.00000000e+00  0.00000000e+00  1.00000000e+00]]

[[-1.09897698e-01  9.87382811e-01  1.14007369e-01 -2.80864972e+02]
 [-6.89561099e-02 -1.21999741e-01  9.90131869e-01  3.77702565e-01]
 [ 9.91548058e-01  1.00951709e-01  8.14935684e-02 -1.87171837e+02]
 [ 0.00000000e+00  0.00000000e+00  0.00000000e+00  1.00000000e+00]]

[[-1.11351132e-01  9.88043922e-01  1.06630825e-01 -2.73864664e+02]
 [-6.20757401e-02 -1.14003872e-01  9.91539066e-01 -1.02919840e+00]
 [ 9.91840475e-01  1.03789810e-01  7.40280179e-02 -1.81029211e+02]
 [ 0.00000000e+00  0.00000000e+00  0.00000000e+00  1.00000000e+00]]

[[-1.10167177e-01  9.88476551e-01  1.03813779e-01 -2.71555268e+02]
 [-6.25074897e-02 -1.11133342e-01  9.91837786e-01 -1.95234370e+00]
 [ 9.91945566e-01  1.02778830e-01  7.40304344e-02 -1.81426442e+02]
 [ 0.00000000e+00  0.00000000e+00  0.00000000e+00  1.00000000e+00]]

[[-1.09907313e-01  9.88886143e-01  1.00122818e-01 -2.68354196e+02]
 [-6.54721221e-02 -1.07717196e-01  9.92023390e-01 -1.27824194e+00]
 [ 9.91783133e-01  1.02475372e-01  7.65833819e-02 -1.83882095e+02]
 [ 0.00000000e+00  0.00000000e+00  0.00000000e+00  1.00000000e+00]]

[[-1.09487313e-01  9.89818962e-01  9.09447689e-02 -2.60492232e+02]
 [-6.78950232e-02 -9.87283614e-02  9.92795536e-01 -2.47117282e+00]
 [ 9.91666675e-01  1.02523818e-01  7.80132844e-02 -1.85405548e+02]
 [ 0.00000000e+00  0.00000000e+00  0.00000000e+00  1.00000000e+00]]

[[-1.08993534e-01  9.89317331e-01  9.68071663e-02 -2.65711741e+02]
 [-5.50476021e-02 -1.03245014e-01  9.93131526e-01 -4.09938923e+00]
 [ 9.92517089e-01  1.02915913e-01  6.57125857e-02 -1.74784619e+02]
 [ 0.00000000e+00  0.00000000e+00  0.00000000e+00  1.00000000e+00]]

[[-1.06333683e-01  9.89670638e-01  9.61518411e-02 -2.65577767e+02]
 [-5.48205768e-02 -1.02388039e-01  9.93232799e-01 -4.06705819e+00]
 [ 9.92818137e-01  1.00343002e-01  6.51416125e-02 -1.75318334e+02]
 [ 0.00000000e+00  0.00000000e+00  0.00000000e+00  1.00000000e+00]]

[[-1.06615358e-01  9.90431640e-01  8.76260917e-02 -2.57490988e+02]
 [-5.86934553e-02 -9.42437239e-02  9.93817488e-01 -3.29061671e+00]
 [ 9.92566493e-01  1.00813129e-01  6.81796836e-02 -1.78431775e+02]
 [ 0.00000000e+00  0.00000000e+00  0.00000000e+00  1.00000000e+00]]

[[-1.06834848e-01  9.89455057e-01  9.78008418e-02 -2.66985018e+02]
 [-4.79998136e-02 -1.03381669e-01  9.93482888e-01 -5.59352059e+00]
 [ 9.93117482e-01  1.01444172e-01  5.85384233e-02 -1.70033477e+02]
 [ 0.00000000e+00  0.00000000e+00  0.00000000e+00  1.00000000e+00]]

[[-1.04454220e-01  9.89273653e-01  1.02112469e-01 -2.72178867e+02]
 [-4.58065572e-02 -1.07350744e-01  9.93165433e-01 -6.79917396e+00]
 [ 9.93474245e-01  9.90629000e-02  5.65284584e-02 -1.69852249e+02]
 [ 0.00000000e+00  0.00000000e+00  0.00000000e+00  1.00000000e+00]]

[[-1.04753320e-01  9.91025495e-01  8.30374005e-02 -2.55250165e+02]
 [-5.31481964e-02 -8.89561599e-02  9.94616545e-01 -6.12300387e+00]
 [ 9.93077042e-01  9.97760973e-02  6.19896708e-02 -1.75061904e+02]
 [ 0.00000000e+00  0.00000000e+00  0.00000000e+00  1.00000000e+00]]

[[-1.02810982e-01  9.91198822e-01  8.33954297e-02 -2.57864797e+02]
 [-5.07012582e-02 -8.89526873e-02  9.94744591e-01 -5.84715410e+00]
 [ 9.93407914e-01  9.80424151e-02  5.94003406e-02 -1.73345146e+02]
 [ 0.00000000e+00  0.00000000e+00  0.00000000e+00  1.00000000e+00]]

[[-1.04740329e-01  9.91316601e-01  7.95038313e-02 -2.54411916e+02]
 [-4.81452615e-02 -8.49042285e-02  9.95225254e-01 -5.33389715e+00]
 [ 9.93333528e-01  1.00412488e-01  5.66200939e-02 -1.69623029e+02]
 [ 0.00000000e+00  0.00000000e+00  0.00000000e+00  1.00000000e+00]]

[[-1.06817041e-01  9.91100705e-01  7.94324444e-02 -2.55122328e+02]
 [-6.66444115e-02 -8.68466908e-02  9.93990027e-01 -4.26550094e+00]
 [ 9.92042661e-01  1.00881345e-01  7.53280297e-02 -1.85648132e+02]
 [ 0.00000000e+00  0.00000000e+00  0.00000000e+00  1.00000000e+00]]

[[-1.07314485e-01  9.91316898e-01  7.59895356e-02 -2.52342917e+02]
 [-6.12904248e-02 -8.28817498e-02  9.94672860e-01 -4.38592467e+00]
 [ 9.92334160e-01  1.02085374e-01  6.96526461e-02 -1.80997883e+02]
 [ 0.00000000e+00  0.00000000e+00  0.00000000e+00  1.00000000e+00]]

[[-1.07678198e-01  9.91133894e-01  7.78396401e-02 -2.54582634e+02]
 [-5.95593866e-02 -8.45851894e-02  9.94634619e-01 -4.41502151e+00]
 [ 9.92400164e-01  1.02464382e-01  6.81393075e-02 -1.79740865e+02]
 [ 0.00000000e+00  0.00000000e+00  0.00000000e+00  1.00000000e+00]]

[[-1.06278349e-01  9.91601319e-01  7.37003136e-02 -2.51497873e+02]
 [-5.89601384e-02 -8.02742235e-02  9.95027513e-01 -3.43834536e+00]
 [ 9.92586830e-01  1.01404500e-01  6.69963629e-02 -1.78989002e+02]
 [ 0.00000000e+00  0.00000000e+00  0.00000000e+00  1.00000000e+00]]

[[-1.10099879e-01  9.92010312e-01  6.15918601e-02 -2.41449009e+02]
 [-6.79796181e-02 -6.93393396e-02  9.95274247e-01 -2.47862791e+00]
 [ 9.91593056e-01  1.05392583e-01  7.50707350e-02 -1.84371617e+02]
 [ 0.00000000e+00  0.00000000e+00  0.00000000e+00  1.00000000e+00]]

[[-1.09376370e-01  9.91064019e-01  7.63473673e-02 -2.54599247e+02]
 [-6.76351537e-02 -8.40505248e-02  9.94163465e-01 -1.92071285e+00]
 [ 9.91696675e-01  1.03574225e-01  7.62239086e-02 -1.85333357e+02]
 [ 0.00000000e+00  0.00000000e+00  0.00000000e+00  1.00000000e+00]]

[[-1.12247012e-01  9.90441106e-01  8.01687243e-02 -2.58089267e+02]
 [-7.40877032e-02 -8.87957573e-02  9.93290655e-01 -1.32325750e-01]
 [ 9.90914537e-01  1.05554392e-01  8.33465651e-02 -1.90730800e+02]
 [ 0.00000000e+00  0.00000000e+00  0.00000000e+00  1.00000000e+00]]

[[-1.12027529e-01  9.90509653e-01  7.96270098e-02 -2.56980013e+02]
 [-6.27527781e-02 -8.70233115e-02  9.94227857e-01 -7.49268719e-01]
 [ 9.91721696e-01  1.06384074e-01  7.19062389e-02 -1.79987303e+02]
 [ 0.00000000e+00  0.00000000e+00  0.00000000e+00  1.00000000e+00]]

[[-1.14777722e-01  9.89453726e-01  8.83594904e-02 -2.62883113e+02]
 [-6.17525463e-02 -9.58819898e-02  9.93475348e-01 -1.63567536e+00]
 [ 9.91469968e-01  1.08572414e-01  7.21064034e-02 -1.80337442e+02]
 [ 0.00000000e+00  0.00000000e+00  0.00000000e+00  1.00000000e+00]]

[[-1.12656601e-01  9.88854142e-01  9.73446282e-02 -2.70259968e+02]
 [-6.17202220e-02 -1.04743191e-01  9.92582227e-01 -1.72754826e+00]
 [ 9.91715233e-01  1.05812808e-01  7.28323091e-02 -1.80281934e+02]
 [ 0.00000000e+00  0.00000000e+00  0.00000000e+00  1.00000000e+00]]

[[-1.12841997e-01  9.87455797e-01  1.10443346e-01 -2.82188744e+02]
 [-5.83382339e-02 -1.17545801e-01  9.91352427e-01 -1.35296122e+00]
 [ 9.91898853e-01  1.05423118e-01  7.08705301e-02 -1.78635371e+02]
 [ 0.00000000e+00  0.00000000e+00  0.00000000e+00  1.00000000e+00]]

[[-1.12827541e-01  9.88109967e-01  1.04444427e-01 -2.77083950e+02]
 [-6.44877160e-02 -1.12176193e-01  9.91593584e-01 -1.61614583e+00]
 [ 9.91519682e-01  1.05143684e-01  7.63775190e-02 -1.83797542e+02]
 [ 0.00000000e+00  0.00000000e+00  0.00000000e+00  1.00000000e+00]]

[[-1.11542883e-01  9.89857612e-01  8.79778010e-02 -2.62388607e+02]
 [-7.22653213e-02 -9.63753267e-02  9.92718248e-01  4.98438383e-01]
 [ 9.91128603e-01  1.04372911e-01  8.22823601e-02 -1.89042651e+02]
 [ 0.00000000e+00  0.00000000e+00  0.00000000e+00  1.00000000e+00]]

[[-1.11458237e-01  9.86520739e-01  1.19807734e-01 -2.90362191e+02]
 [-6.20177232e-02 -1.27228923e-01  9.89932626e-01  4.37960965e-02]
 [ 9.91832074e-01  1.02905942e-01  7.53624815e-02 -1.82954332e+02]
 [ 0.00000000e+00  0.00000000e+00  0.00000000e+00  1.00000000e+00]]

[[-1.14268496e-01  9.89255140e-01  9.11974716e-02 -2.64022998e+02]
 [-5.77660197e-02 -9.82597444e-02  9.93482818e-01 -7.28942300e-02]
 [ 9.91769024e-01  1.08255672e-01  6.83733251e-02 -1.74890757e+02]
 [ 0.00000000e+00  0.00000000e+00  0.00000000e+00  1.00000000e+00]]

[[-1.13926261e-01  9.89966878e-01  8.35846111e-02 -2.57301604e+02]
 [-6.90743889e-02 -9.18216602e-02  9.93376823e-01  9.54200821e-01]
 [ 9.91085030e-01  1.07398152e-01  7.88422556e-02 -1.84137929e+02]
 [ 0.00000000e+00  0.00000000e+00  0.00000000e+00  1.00000000e+00]]

[[-1.12464383e-01  9.90311303e-01  8.14572683e-02 -2.55538239e+02]
 [-6.21999949e-02 -8.88328370e-02  9.94102554e-01  5.13367107e-01]
 [ 9.91707075e-01  1.06734489e-01  7.15878882e-02 -1.77982555e+02]
 [ 0.00000000e+00  0.00000000e+00  0.00000000e+00  1.00000000e+00]]

[[-1.12069044e-01  9.87338644e-01  1.12262775e-01 -2.81698775e+02]
 [-6.11833314e-02 -1.19616169e-01  9.90933182e-01  1.43681745e+00]
 [ 9.91815068e-01  1.04184324e-01  7.38139373e-02 -1.79915686e+02]
 [ 0.00000000e+00  0.00000000e+00  0.00000000e+00  1.00000000e+00]]

[[-1.13641079e-01  9.88243278e-01  1.02278686e-01 -2.72428655e+02]
 [-6.33672607e-02 -1.09945548e-01  9.91915605e-01  1.37921837e+00]
 [ 9.91499014e-01  1.06241240e-01  7.51166001e-02 -1.80811039e+02]
 [ 0.00000000e+00  0.00000000e+00  0.00000000e+00  1.00000000e+00]]

[[-1.12175399e-01  9.87896268e-01  1.07133767e-01 -2.76891972e+02]
 [-6.00061763e-02 -1.14351972e-01  9.91626384e-01  1.42121128e+00]
 [ 9.91874961e-01  1.04807398e-01  7.21073557e-02 -1.77895281e+02]
 [ 0.00000000e+00  0.00000000e+00  0.00000000e+00  1.00000000e+00]]

[[-1.12770939e-01  9.87637563e-01  1.08879567e-01 -2.78042573e+02]
 [-6.19688847e-02 -1.16356052e-01  9.91272478e-01  2.29456823e+00]
 [ 9.91686731e-01  1.05039583e-01  7.43243795e-02 -1.79407336e+02]
 [ 0.00000000e+00  0.00000000e+00  0.00000000e+00  1.00000000e+00]]

[[-1.16263667e-01  9.87501957e-01  1.06407919e-01 -2.74427381e+02]
 [-6.69992752e-02 -1.14688062e-01  9.91139620e-01  3.67471149e+00]
 [ 9.90956032e-01  1.08104274e-01  7.94959700e-02 -1.83027882e+02]
 [ 0.00000000e+00  0.00000000e+00  0.00000000e+00  1.00000000e+00]]

[[-1.16710000e-01  9.87638915e-01  1.04633406e-01 -2.72008823e+02]
 [-6.46801480e-02 -1.12688197e-01  9.91522995e-01  3.72348093e+00]
 [ 9.91057644e-01  1.08952944e-01  7.70324707e-02 -1.80341837e+02]
 [ 0.00000000e+00  0.00000000e+00  0.00000000e+00  1.00000000e+00]]

[[-1.14505891e-01  9.86242731e-01  1.19221121e-01 -2.85439865e+02]
 [-6.37043253e-02 -1.27053224e-01  9.89848088e-01  3.98139257e+00]
 [ 9.91377910e-01  1.05748536e-01  7.73762705e-02 -1.80601802e+02]
 [ 0.00000000e+00  0.00000000e+00  0.00000000e+00  1.00000000e+00]]

[[-1.13758881e-01  9.84997163e-01  1.29767119e-01 -2.94386013e+02]
 [-6.65808214e-02 -1.37879726e-01  9.88208569e-01  2.40116117e+00]
 [ 9.91274892e-01  1.03777500e-01  8.12669635e-02 -1.84073505e+02]
 [ 0.00000000e+00  0.00000000e+00  0.00000000e+00  1.00000000e+00]]

[[-1.12360163e-01  9.83714472e-01  1.40289099e-01 -3.02527001e+02]
 [-6.20359596e-02 -1.47852251e-01  9.87061929e-01  3.88359186e+00]
 [ 9.91729163e-01  1.02203471e-01  7.76383743e-02 -1.82125944e+02]
 [ 0.00000000e+00  0.00000000e+00  0.00000000e+00  1.00000000e+00]]

[[-1.14381939e-01  9.83459942e-01  1.40439721e-01 -3.03441201e+02]
 [-6.37723405e-02 -1.48344815e-01  9.86877350e-01  3.39807593e+00]
 [ 9.91387846e-01  1.03924776e-01  7.96855100e-02 -1.83235498e+02]
 [ 0.00000000e+00  0.00000000e+00  0.00000000e+00  1.00000000e+00]]

[[-1.14127355e-01  9.85562959e-01  1.25062387e-01 -2.88878464e+02]
 [-6.39210977e-02 -1.32908771e-01  9.89064888e-01  2.30687920e+00]
 [ 9.91407605e-01  1.04885234e-01  7.81667927e-02 -1.81802853e+02]
 [ 0.00000000e+00  0.00000000e+00  0.00000000e+00  1.00000000e+00]]

[[-1.14476356e-01  9.85141844e-01  1.28026213e-01 -2.90804743e+02]
 [-5.76000466e-02 -1.35238752e-01  9.89137359e-01  2.02463752e+00]
 [ 9.91754707e-01  1.05858525e-01  7.22258557e-02 -1.76227140e+02]
 [ 0.00000000e+00  0.00000000e+00  0.00000000e+00  1.00000000e+00]]

[[-1.14223519e-01  9.86223109e-01  1.19653528e-01 -2.83430826e+02]
 [-6.37866752e-02 -1.27473842e-01  9.89788705e-01  1.89264848e+00]
 [ 9.91405188e-01  1.05424848e-01  7.74684040e-02 -1.80248499e+02]
 [ 0.00000000e+00  0.00000000e+00  0.00000000e+00  1.00000000e+00]]

[[-1.14768612e-01  9.86196291e-01  1.19352591e-01 -2.82501998e+02]
 [-5.05640549e-02 -1.25790198e-01  9.90767431e-01 -2.98415798e-01]
 [ 9.92104552e-01  1.07674052e-01  6.43028497e-02 -1.68757290e+02]
 [ 0.00000000e+00  0.00000000e+00  0.00000000e+00  1.00000000e+00]]

[[-1.13907811e-01  9.86783118e-01  1.15256618e-01 -2.78260679e+02]
 [-5.11261911e-02 -1.21680230e-01  9.91251751e-01 -4.56988163e-01]
 [ 9.92174946e-01  1.07018686e-01  6.43107910e-02 -1.68976246e+02]
 [ 0.00000000e+00  0.00000000e+00  0.00000000e+00  1.00000000e+00]]

[[-1.13037204e-01  9.85170897e-01  1.29077088e-01 -2.90285186e+02]
 [-4.64627725e-02 -1.35008702e-01  9.89754445e-01 -1.33312962e+00]
 [ 9.92503804e-01  1.05881796e-01  6.10347774e-02 -1.66817416e+02]
 [ 0.00000000e+00  0.00000000e+00  0.00000000e+00  1.00000000e+00]]

[[-1.14222581e-01  9.86894924e-01  1.13980746e-01 -2.76912726e+02]
 [-5.25239869e-02 -1.20570251e-01  9.91314302e-01 -1.80525057e+00]
 [ 9.92065740e-01  1.07243755e-01  6.56075013e-02 -1.70178094e+02]
 [ 0.00000000e+00  0.00000000e+00  0.00000000e+00  1.00000000e+00]]

[[-1.11587663e-01  9.85051742e-01  1.31229793e-01 -2.91926282e+02]
 [-4.20350332e-02 -1.36615070e-01  9.89731973e-01 -2.01638520e+00]
 [ 9.92865172e-01  1.04925629e-01  5.66512391e-02 -1.63408266e+02]
 [ 0.00000000e+00  0.00000000e+00  0.00000000e+00  1.00000000e+00]]

[[-1.12794965e-01  9.86172286e-01  1.21414653e-01 -2.82682755e+02]
 [-4.29167683e-02 -1.26915805e-01  9.90984626e-01 -2.43783411e+00]
 [ 9.92691013e-01  1.06567352e-01  5.66387913e-02 -1.63412810e+02]
 [ 0.00000000e+00  0.00000000e+00  0.00000000e+00  1.00000000e+00]]

[[-1.11492893e-01  9.84963654e-01  1.31969445e-01 -2.91735299e+02]
 [-4.97855620e-02 -1.38166744e-01  9.89156888e-01 -1.79932662e+00]
 [ 9.92517371e-01  1.03713790e-01  6.44415792e-02 -1.70626500e+02]
 [ 0.00000000e+00  0.00000000e+00  0.00000000e+00  1.00000000e+00]]

[[-1.12523736e-01  9.86480627e-01  1.19140176e-01 -2.80015909e+02]
 [-4.66562268e-02 -1.25014791e-01  9.91057263e-01 -2.58088548e+00]
 [ 9.92553074e-01  1.05958835e-01  6.00925952e-02 -1.66589995e+02]
 [ 0.00000000e+00  0.00000000e+00  0.00000000e+00  1.00000000e+00]]

[[-1.10589257e-01  9.86881645e-01  1.17620723e-01 -2.78620272e+02]
 [-4.42747470e-02 -1.23121057e-01  9.91403526e-01 -3.34290234e+00]
 [ 9.92879531e-01  1.04430952e-01  5.73098014e-02 -1.64376570e+02]
 [ 0.00000000e+00  0.00000000e+00  0.00000000e+00  1.00000000e+00]]

[[-1.12066861e-01  9.86613201e-01  1.18471135e-01 -2.79716616e+02]
 [-4.58166377e-02 -1.24225585e-01  9.91195662e-01 -4.55056125e+00]
 [ 9.92643871e-01  1.05652237e-01  5.91248709e-02 -1.65461986e+02]
 [ 0.00000000e+00  0.00000000e+00  0.00000000e+00  1.00000000e+00]]

[[-1.09305807e-01  9.87548712e-01  1.13136120e-01 -2.74585556e+02]
 [-4.19832593e-02 -1.18303208e-01  9.92089591e-01 -4.00241872e+00]
 [ 9.93121164e-01  1.03691330e-01  5.43917412e-02 -1.61581477e+02]
 [ 0.00000000e+00  0.00000000e+00  0.00000000e+00  1.00000000e+00]]

[[-1.11888414e-01  9.86614451e-01  1.18629284e-01 -2.79425146e+02]
 [-4.24314683e-02 -1.24013435e-01  9.91372906e-01 -4.75981845e+00]
 [ 9.92814461e-01  1.05889528e-01  5.57391664e-02 -1.62639016e+02]
 [ 0.00000000e+00  0.00000000e+00  0.00000000e+00  1.00000000e+00]]

[[-1.08504283e-01  9.85774637e-01  1.28355702e-01 -2.88285964e+02]
 [-3.53946033e-02 -1.32867086e-01  9.90501671e-01 -5.42510070e+00]
 [ 9.93465673e-01  1.02930575e-01  4.93077502e-02 -1.58601259e+02]
 [ 0.00000000e+00  0.00000000e+00  0.00000000e+00  1.00000000e+00]]

[[-1.07910573e-01  9.85159996e-01  1.33473183e-01 -2.93423052e+02]
 [-3.12376007e-02 -1.37550842e-01  9.90002009e-01 -6.70294673e+00]
 [ 9.93669724e-01  1.02662302e-01  4.56172248e-02 -1.55604714e+02]
 [ 0.00000000e+00  0.00000000e+00  0.00000000e+00  1.00000000e+00]]

[[-1.11740153e-01  9.87299393e-01  1.12933818e-01 -2.75273377e+02]
 [-4.47872000e-02 -1.18533488e-01  9.91939473e-01 -6.12725370e+00]
 [ 9.92727679e-01  1.05781479e-01  5.74633254e-02 -1.66078699e+02]
 [ 0.00000000e+00  0.00000000e+00  0.00000000e+00  1.00000000e+00]]

[[-1.09465591e-01  9.87902735e-01  1.09842937e-01 -2.72956025e+02]
 [-4.26856647e-02 -1.15077145e-01  9.92439008e-01 -6.30267123e+00]
 [ 9.93073622e-01  1.03949204e-01  5.47662726e-02 -1.64499579e+02]
 [ 0.00000000e+00  0.00000000e+00  0.00000000e+00  1.00000000e+00]]

[[-1.09898525e-01  9.88588209e-01  1.03032364e-01 -2.67628329e+02]
 [-4.67698096e-02 -1.08688827e-01  9.92974986e-01 -7.15903773e+00]
 [ 9.92841830e-01  1.04307683e-01  5.81808241e-02 -1.67143648e+02]
 [ 0.00000000e+00  0.00000000e+00  0.00000000e+00  1.00000000e+00]]

[[-1.09205917e-01  9.88995195e-01  9.98126873e-02 -2.64347494e+02]
 [-4.11566153e-02 -1.04825873e-01  9.93638601e-01 -6.61757862e+00]
 [ 9.93166754e-01  1.04403262e-01  5.21513004e-02 -1.61931512e+02]
 [ 0.00000000e+00  0.00000000e+00  0.00000000e+00  1.00000000e+00]]

[[-1.07703844e-01  9.88198153e-01  1.08923332e-01 -2.73529111e+02]
 [-4.41927821e-02 -1.14211110e-01  9.92473083e-01 -7.26101288e+00]
 [ 9.93200322e-01  1.02079541e-01  5.59722012e-02 -1.66008052e+02]
 [ 0.00000000e+00  0.00000000e+00  0.00000000e+00  1.00000000e+00]]

[[-1.03637517e-01  9.87409512e-01  1.19506151e-01 -2.84258657e+02]
 [-3.92342902e-02 -1.24118183e-01  9.91491476e-01 -8.14720852e+00]
 [ 9.93841001e-01  9.80669753e-02  5.16036116e-02 -1.63625058e+02]
 [ 0.00000000e+00  0.00000000e+00  0.00000000e+00  1.00000000e+00]]

[[-1.02676504e-01  9.87280325e-01  1.21388197e-01 -2.87068219e+02]
 [-3.60664733e-02 -1.25647956e-01  9.91419084e-01 -7.06673715e+00]
 [ 9.94060735e-01  9.74174011e-02  4.85088123e-02 -1.61865312e+02]
 [ 0.00000000e+00  0.00000000e+00  0.00000000e+00  1.00000000e+00]]

[[-1.04168930e-01  9.89667935e-01  9.85201152e-02 -2.68181032e+02]
 [-4.49231502e-02 -1.03639983e-01  9.93599851e-01 -8.12466091e+00]
 [ 9.93544536e-01  9.90763998e-02  5.52550675e-02 -1.67677564e+02]
 [ 0.00000000e+00  0.00000000e+00  0.00000000e+00  1.00000000e+00]]

[[-1.04191484e-01  9.91060518e-01  8.33257768e-02 -2.54712579e+02]
 [-4.86368666e-02 -8.87589026e-02  9.94864972e-01 -9.16822493e+00]
 [ 9.93367299e-01  9.96037535e-02  5.74500000e-02 -1.69106273e+02]
 [ 0.00000000e+00  0.00000000e+00  0.00000000e+00  1.00000000e+00]]

[[-1.03486475e-01  9.89956043e-01  9.63202111e-02 -2.66136960e+02]
 [-3.57290561e-02 -1.00477620e-01  9.94297582e-01 -8.49349370e+00]
 [ 9.93988925e-01  9.94549218e-02  4.57682697e-02 -1.59411902e+02]
 [ 0.00000000e+00  0.00000000e+00  0.00000000e+00  1.00000000e+00]]

[[-1.02717966e-01  9.89929647e-01  9.74079795e-02 -2.67912219e+02]
 [-4.16262070e-02 -1.02118011e-01  9.93900986e-01 -8.82853921e+00]
 [ 9.93839161e-01  9.80367628e-02  5.16963707e-02 -1.65034430e+02]
 [ 0.00000000e+00  0.00000000e+00  0.00000000e+00  1.00000000e+00]]

[[-1.04104956e-01  9.91130919e-01  8.25933390e-02 -2.55382990e+02]
 [-3.99985824e-02 -8.71497294e-02  9.95391902e-01 -8.30016270e+00]
 [ 9.93761677e-01  1.00321613e-01  4.87165505e-02 -1.62783113e+02]
 [ 0.00000000e+00  0.00000000e+00  0.00000000e+00  1.00000000e+00]]

[[-1.02224845e-01  9.92027934e-01  7.36930037e-02 -2.48918903e+02]
 [-4.33169516e-02 -7.84499790e-02  9.95976527e-01 -9.90279245e+00]
 [ 9.93817751e-01  9.86213894e-02  5.09911630e-02 -1.64844434e+02]
 [ 0.00000000e+00  0.00000000e+00  0.00000000e+00  1.00000000e+00]]

[[-1.04904647e-01  9.91666162e-01  7.47879548e-02 -2.49886123e+02]
 [-4.39667583e-02 -7.97541463e-02  9.95844466e-01 -8.00833315e+00]
 [ 9.93509909e-01  1.01180528e-01  5.19669270e-02 -1.65939237e+02]
 [ 0.00000000e+00  0.00000000e+00  0.00000000e+00  1.00000000e+00]]

[[-1.05434222e-01  9.90058571e-01  9.31002238e-02 -2.66559788e+02]
 [-4.29209270e-02 -9.80655127e-02  9.94253966e-01 -9.30157488e+00]
 [ 9.93499582e-01  1.00832446e-01  5.28336927e-02 -1.66970807e+02]
 [ 0.00000000e+00  0.00000000e+00  0.00000000e+00  1.00000000e+00]]

[[-1.03824242e-01  9.90577487e-01  8.93127592e-02 -2.64384221e+02]
 [-4.55386725e-02 -9.44383879e-02  9.94488622e-01 -8.26066835e+00]
 [ 9.93552594e-01  9.91848425e-02  5.49145778e-02 -1.68941445e+02]
 [ 0.00000000e+00  0.00000000e+00  0.00000000e+00  1.00000000e+00]]

[[-1.03168878e-01  9.89216528e-01  1.03955973e-01 -2.77076279e+02]
 [-3.80006575e-02 -1.08357303e-01  9.93385446e-01 -9.40273470e+00]
 [ 9.93937691e-01  9.85360661e-02  4.87699798e-02 -1.63638379e+02]
 [ 0.00000000e+00  0.00000000e+00  0.00000000e+00  1.00000000e+00]]

[[-1.02575185e-01  9.89252358e-01  1.04202225e-01 -2.77944078e+02]
 [-3.57035514e-02 -1.08348743e-01  9.93471593e-01 -9.38938740e+00]
 [ 9.94084296e-01  9.81851433e-02  4.64337148e-02 -1.62117420e+02]
 [ 0.00000000e+00  0.00000000e+00  0.00000000e+00  1.00000000e+00]]

[[-1.03157326e-01  9.90558072e-01  9.02954703e-02 -2.66075008e+02]
 [-4.29220130e-02 -9.51283033e-02  9.94539243e-01 -8.69022134e+00]
 [ 9.93738530e-01  9.87183451e-02  5.23299278e-02 -1.67139737e+02]
 [ 0.00000000e+00  0.00000000e+00  0.00000000e+00  1.00000000e+00]]

[[-1.05732246e-01  9.91813863e-01  7.15957583e-02 -2.50702541e+02]
 [-5.18828081e-02 -7.74035647e-02  9.95648965e-01 -7.05362358e+00]
 [ 9.93040214e-01  1.01557613e-01  5.96421411e-02 -1.72831721e+02]
 [ 0.00000000e+00  0.00000000e+00  0.00000000e+00  1.00000000e+00]]

[[-1.05309010e-01  9.92082583e-01  6.84263164e-02 -2.47500801e+02]
 [-5.44743993e-02 -7.44606579e-02  9.95734980e-01 -7.24048169e+00]
 [ 9.92946400e-01  1.01132382e-01  6.18844810e-02 -1.74302190e+02]
 [ 0.00000000e+00  0.00000000e+00  0.00000000e+00  1.00000000e+00]]

[[-1.06402048e-01  9.91643362e-01  7.29523608e-02 -2.52391248e+02]
 [-4.90777421e-02 -7.85170680e-02  9.95703995e-01 -7.45273203e+00]
 [ 9.93111262e-01  1.02364607e-01  5.70219940e-02 -1.69985791e+02]
 [ 0.00000000e+00  0.00000000e+00  0.00000000e+00  1.00000000e+00]]

[[-1.07410868e-01  9.91868046e-01  6.82692069e-02 -2.48494924e+02]
 [-5.94866530e-02 -7.49549640e-02  9.95411016e-01 -6.70018102e+00]
 [ 9.92433496e-01  1.02856854e-01  6.70538880e-02 -1.77958103e+02]
 [ 0.00000000e+00  0.00000000e+00  0.00000000e+00  1.00000000e+00]]

[[-1.07977995e-01  9.91835751e-01  6.78424338e-02 -2.48172212e+02]
 [-5.88628139e-02 -7.45000643e-02  9.95482250e-01 -6.78043186e+00]
 [ 9.92409150e-01  1.03496781e-01  6.64266108e-02 -1.77172336e+02]
 [ 0.00000000e+00  0.00000000e+00  0.00000000e+00  1.00000000e+00]]

[[-1.09356695e-01  9.91520071e-01  7.02072836e-02 -2.50022752e+02]
 [-6.51015368e-02 -7.76235950e-02  9.94854948e-01 -5.35405466e+00]
 [ 9.91868390e-01  1.04223447e-01  7.30381402e-02 -1.82628130e+02]
 [ 0.00000000e+00  0.00000000e+00  0.00000000e+00  1.00000000e+00]]

[[-1.09159476e-01  9.91528771e-01  7.03910904e-02 -2.49851893e+02]
 [-6.14456503e-02 -7.74095926e-02  9.95104109e-01 -4.35816639e+00]
 [ 9.92123299e-01  1.04299816e-01  6.93751206e-02 -1.80154120e+02]
 [ 0.00000000e+00  0.00000000e+00  0.00000000e+00  1.00000000e+00]]

[[-1.08320562e-01  9.90852857e-01  8.04814952e-02 -2.59080969e+02]
 [-6.66222187e-02 -8.80112867e-02  9.93889075e-01 -4.66409362e+00]
 [ 9.91881110e-01  1.02296767e-01  7.55462478e-02 -1.84975223e+02]
 [ 0.00000000e+00  0.00000000e+00  0.00000000e+00  1.00000000e+00]]

[[-1.06907600e-01  9.90374810e-01  8.79118942e-02 -2.65947893e+02]
 [-4.92277859e-02 -9.35826126e-02  9.94393745e-01 -5.71679642e+00]
 [ 9.93049541e-01  1.01980541e-01  5.87586516e-02 -1.70571569e+02]
 [ 0.00000000e+00  0.00000000e+00  0.00000000e+00  1.00000000e+00]]

[[-1.07909928e-01  9.90848136e-01  8.10889583e-02 -2.59910314e+02]
 [-6.57274851e-02 -8.84973244e-02  9.93905489e-01 -4.26765634e+00]
 [ 9.91985557e-01  1.01922497e-01  7.46756960e-02 -1.84809723e+02]
 [ 0.00000000e+00  0.00000000e+00  0.00000000e+00  1.00000000e+00]]

[[-1.10565741e-01  9.90975852e-01  7.57764953e-02 -2.55146241e+02]
 [-7.40313262e-02 -8.42439995e-02  9.93691256e-01 -3.36346494e+00]
 [ 9.91107754e-01  1.04258376e-01  8.26777568e-02 -1.90681508e+02]
 [ 0.00000000e+00  0.00000000e+00  0.00000000e+00  1.00000000e+00]]

[[-1.08816899e-01  9.90341119e-01  8.59264212e-02 -2.64514664e+02]
 [-6.98121427e-02 -9.38398044e-02  9.93136625e-01 -3.17637979e+00]
 [ 9.91607355e-01  1.02071340e-01  7.93491921e-02 -1.87393070e+02]
 [ 0.00000000e+00  0.00000000e+00  0.00000000e+00  1.00000000e+00]]

[[-1.11679466e-01  9.91548287e-01  6.60279587e-02 -2.46778421e+02]
 [-7.57044207e-02 -7.47395777e-02  9.94325317e-01 -1.46035469e+00]
 [ 9.90856467e-01  1.06047112e-01  8.34114648e-02 -1.90128822e+02]
 [ 0.00000000e+00  0.00000000e+00  0.00000000e+00  1.00000000e+00]]

[[-1.09454456e-01  9.91702722e-01  6.74198266e-02 -2.48387032e+02]
 [-6.50452975e-02 -7.48280021e-02  9.95072801e-01 -1.95063150e+00]
 [ 9.91861296e-01  1.04529809e-01  7.26958569e-02 -1.81265838e+02]
 [ 0.00000000e+00  0.00000000e+00  0.00000000e+00  1.00000000e+00]]

[[-1.12553605e-01  9.91976061e-01  5.75776069e-02 -2.39139373e+02]
 [-6.80233362e-02 -6.55021589e-02  9.95531161e-01 -1.70985232e+00]
 [ 9.91314537e-01  1.08134000e-01  7.48500252e-02 -1.83269178e+02]
 [ 0.00000000e+00  0.00000000e+00  0.00000000e+00  1.00000000e+00]]

[[-1.10289673e-01  9.91621101e-01  6.72590576e-02 -2.47368773e+02]
 [-7.59437762e-02 -7.58819577e-02  9.94220535e-01 -1.28892465e+00]
 [ 9.90993810e-01  1.04544351e-01  8.36764473e-02 -1.91019620e+02]
 [ 0.00000000e+00  0.00000000e+00  0.00000000e+00  1.00000000e+00]]

[[-1.10736168e-01  9.91724427e-01  6.49627809e-02 -2.46000481e+02]
 [-7.88784165e-02 -7.39285422e-02  9.94139209e-01 -9.94068786e-01]
 [ 9.90714740e-01  1.04963005e-01  8.64122158e-02 -1.92785257e+02]
 [ 0.00000000e+00  0.00000000e+00  0.00000000e+00  1.00000000e+00]]

[[-1.09947969e-01  9.91504333e-01  6.95025384e-02 -2.49580725e+02]
 [-7.48049806e-02 -7.79827240e-02  9.94144310e-01 -2.70111647e-01]
 [ 9.91118388e-01  1.04105011e-01  8.27435045e-02 -1.89228387e+02]
 [ 0.00000000e+00  0.00000000e+00  0.00000000e+00  1.00000000e+00]]

[[-1.11001111e-01  9.90703981e-01  7.86408028e-02 -2.57174538e+02]
 [-6.88989328e-02 -8.66106967e-02  9.93856893e-01 -3.79276733e-01]
 [ 9.91429115e-01  1.04900952e-01  7.78723305e-02 -1.85207817e+02]
 [ 0.00000000e+00  0.00000000e+00  0.00000000e+00  1.00000000e+00]]

[[-1.09932533e-01  9.91511246e-01  6.94282947e-02 -2.49964148e+02]
 [-6.78523319e-02 -7.71750416e-02  9.94706024e-01 -1.52861775e+00]
 [ 9.91620340e-01  1.04639681e-01  7.57603980e-02 -1.83805821e+02]
 [ 0.00000000e+00  0.00000000e+00  0.00000000e+00  1.00000000e+00]]

[[-1.12994816e-01  9.90737827e-01  7.53042530e-02 -2.54806669e+02]
 [-7.74686950e-02 -8.43435723e-02  9.93420738e-01  6.45106294e-01]
 [ 9.90570933e-01  1.06417671e-01  8.62815529e-02 -1.92821604e+02]
 [ 0.00000000e+00  0.00000000e+00  0.00000000e+00  1.00000000e+00]]

[[-1.13172887e-01  9.91061309e-01  7.06355425e-02 -2.49287227e+02]
 [-7.57162487e-02 -7.94881733e-02  9.93956075e-01  1.35146015e-01]
 [ 9.90686099e-01  1.07140620e-01  8.40353506e-02 -1.89775319e+02]
 [ 0.00000000e+00  0.00000000e+00  0.00000000e+00  1.00000000e+00]]

[[-1.13539947e-01  9.91281065e-01  6.68620297e-02 -2.46602809e+02]
 [-7.63324411e-02 -7.58017136e-02  9.94196891e-01  9.44423088e-01]
 [ 9.90596809e-01  1.07777320e-01  8.42734260e-02 -1.89589603e+02]
 [ 0.00000000e+00  0.00000000e+00  0.00000000e+00  1.00000000e+00]]

[[-1.15556029e-01  9.89647841e-01  8.51114235e-02 -2.61516256e+02]
 [-8.26810929e-02 -9.49714334e-02  9.92040455e-01  1.83273311e+00]
 [ 9.89853848e-01  1.07599150e-01  9.27996868e-02 -1.96480619e+02]
 [ 0.00000000e+00  0.00000000e+00  0.00000000e+00  1.00000000e+00]]

[[-1.14429639e-01  9.87849327e-01  1.05164467e-01 -2.78734801e+02]
 [-5.95854999e-02 -1.12494100e-01  9.91864227e-01 -3.66253521e-02]
 [ 9.91642791e-01  1.07232388e-01  7.17341552e-02 -1.78269293e+02]
 [ 0.00000000e+00  0.00000000e+00  0.00000000e+00  1.00000000e+00]]

[[-1.14886536e-01  9.87605092e-01  1.06945153e-01 -2.79467420e+02]
 [-6.53535029e-02 -1.14939116e-01  9.91220419e-01  4.93837000e-01]
 [ 9.91226515e-01  1.06888640e-01  7.77484091e-02 -1.83240092e+02]
 [ 0.00000000e+00  0.00000000e+00  0.00000000e+00  1.00000000e+00]]

[[-1.14257958e-01  9.89626168e-01  8.70928664e-02 -2.62370681e+02]
 [-6.30300686e-02 -9.47116151e-02  9.93507383e-01  3.45345359e-01]
 [ 9.91449610e-01  1.08026655e-01  7.31977609e-02 -1.79283599e+02]
 [ 0.00000000e+00  0.00000000e+00  0.00000000e+00  1.00000000e+00]]

[[-1.12956071e-01  9.88526090e-01  1.00285068e-01 -2.73835903e+02]
 [-6.62966140e-02 -1.08204456e-01  9.91915599e-01 -1.03358269e-01]
 [ 9.91385740e-01  1.05394329e-01  7.77582828e-02 -1.83289270e+02]
 [ 0.00000000e+00  0.00000000e+00  0.00000000e+00  1.00000000e+00]]

[[-1.13269722e-01  9.88043543e-01  1.04594106e-01 -2.73990564e+02]
 [-5.86841208e-02 -1.11740836e-01  9.92003105e-01  1.38778336e+00]
 [ 9.91829695e-01  1.06225903e-01  7.06393201e-02 -1.78253042e+02]
 [ 0.00000000e+00  0.00000000e+00  0.00000000e+00  1.00000000e+00]]

[[-1.12269569e-01  9.89562436e-01  9.03422869e-02 -2.62937629e+02]
 [-6.29100770e-02 -9.78130814e-02  9.93214440e-01 -2.32849668e-01]
 [ 9.91684358e-01  1.05824317e-01  7.32348816e-02 -1.78693356e+02]
 [ 0.00000000e+00  0.00000000e+00  0.00000000e+00  1.00000000e+00]]

[[-1.11886772e-01  9.90259242e-01  8.28733026e-02 -2.56018972e+02]
 [-6.02294399e-02 -9.00014667e-02  9.94118781e-01 -1.60034998e+00]
 [ 9.91894029e-01  1.06237329e-01  6.97127330e-02 -1.75215859e+02]
 [ 0.00000000e+00  0.00000000e+00  0.00000000e+00  1.00000000e+00]]

[[-1.12572334e-01  9.89273829e-01  9.30846943e-02 -2.64356632e+02]
 [-6.44135867e-02 -1.00748605e-01  9.92824561e-01 -7.70861709e-01]
 [ 9.91553508e-01  1.05768659e-01  7.50641813e-02 -1.79808657e+02]
 [ 0.00000000e+00  0.00000000e+00  0.00000000e+00  1.00000000e+00]]

[[-1.11218539e-01  9.89700519e-01  9.01294619e-02 -2.60899702e+02]
 [-6.37323155e-02 -9.76085042e-02  9.93182144e-01 -1.00285264e+00]
 [ 9.91750285e-01  1.04716108e-01  7.39317809e-02 -1.79166646e+02]
 [ 0.00000000e+00  0.00000000e+00  0.00000000e+00  1.00000000e+00]]

[[-1.11588413e-01  9.88187391e-01  1.05041448e-01 -2.73721324e+02]
 [-4.45663599e-02 -1.10571569e-01  9.92868454e-01 -2.25808166e+00]
 [ 9.92754686e-01  1.06111300e-01  5.63784208e-02 -1.64739817e+02]
 [ 0.00000000e+00  0.00000000e+00  0.00000000e+00  1.00000000e+00]]

[[-1.10229685e-01  9.87690224e-01  1.10983951e-01 -2.79072877e+02]
 [-4.88977194e-02 -1.16918312e-01  9.91937055e-01 -3.77572141e+00]
 [ 9.92702589e-01  1.03914047e-01  6.11836682e-02 -1.69293162e+02]
 [ 0.00000000e+00  0.00000000e+00  0.00000000e+00  1.00000000e+00]]

[[-1.06972874e-01  9.87684158e-01  1.14178841e-01 -2.81754336e+02]
 [-4.60385080e-02 -1.19635134e-01  9.91749913e-01 -4.74135257e+00]
 [ 9.93195479e-01  1.00833715e-01  5.82692191e-02 -1.68706849e+02]
 [ 0.00000000e+00  0.00000000e+00  0.00000000e+00  1.00000000e+00]]

[[-1.06742737e-01  9.89330050e-01  9.91566481e-02 -2.67953620e+02]
 [-4.99401217e-02 -1.04935195e-01  9.93224340e-01 -5.46305141e+00]
 [ 9.93031708e-01  1.01067589e-01  6.06083330e-02 -1.70839298e+02]
 [ 0.00000000e+00  0.00000000e+00  0.00000000e+00  1.00000000e+00]]

[[-1.08903559e-01  9.88746722e-01  1.02566731e-01 -2.70407858e+02]
 [-5.44026002e-02 -1.08954052e-01  9.92556987e-01 -4.26653245e+00]
 [ 9.92562528e-01  1.02513091e-01  6.56558766e-02 -1.74304401e+02]
 [ 0.00000000e+00  0.00000000e+00  0.00000000e+00  1.00000000e+00]]

[[-1.08566417e-01  9.88993177e-01  1.00527756e-01 -2.68261407e+02]
 [-5.64895554e-02 -1.07099792e-01  9.92642214e-01 -3.81054169e+00]
 [ 9.92482878e-01  1.02088840e-01  6.74952254e-02 -1.76660862e+02]
 [ 0.00000000e+00  0.00000000e+00  0.00000000e+00  1.00000000e+00]]

[[-1.07979299e-01  9.89995162e-01  9.08297923e-02 -2.60108823e+02]
 [-5.24110557e-02 -9.69057150e-02  9.93912654e-01 -6.50163388e+00]
 [ 9.92770644e-01  1.02561506e-01  6.23505027e-02 -1.71442712e+02]
 [ 0.00000000e+00  0.00000000e+00  0.00000000e+00  1.00000000e+00]]

[[-1.06943772e-01  9.88178805e-01  1.09843886e-01 -2.76282643e+02]
 [-4.87389818e-02 -1.15554954e-01  9.92104614e-01 -6.18181485e+00]
 [ 9.93069757e-01  1.00745730e-01  6.05207114e-02 -1.70678779e+02]
 [ 0.00000000e+00  0.00000000e+00  0.00000000e+00  1.00000000e+00]]

[[-1.07777721e-01  9.89610691e-01  9.51558849e-02 -2.62662403e+02]
 [-3.61424234e-02 -9.95503270e-02  9.94375914e-01 -6.40607808e+00]
 [ 9.93517835e-01  1.03732405e-01  4.64962359e-02 -1.58657944e+02]
 [ 0.00000000e+00  0.00000000e+00  0.00000000e+00  1.00000000e+00]]

[[-1.03058735e-01  9.88878010e-01  1.07234225e-01 -2.74019853e+02]
 [-4.68520653e-02 -1.12514683e-01  9.92544876e-01 -8.35623428e+00]
 [ 9.93571226e-01  9.72662742e-02  5.79265979e-02 -1.69699055e+02]
 [ 0.00000000e+00  0.00000000e+00  0.00000000e+00  1.00000000e+00]]

[[-1.02049147e-01  9.88966312e-01  1.07385311e-01 -2.74177160e+02]
 [-3.77859184e-02 -1.11724578e-01  9.93020565e-01 -9.68895147e+00]
 [ 9.94061465e-01  9.72792492e-02  4.87703982e-02 -1.63305063e+02]
 [ 0.00000000e+00  0.00000000e+00  0.00000000e+00  1.00000000e+00]]

[[-1.01310743e-01  9.90332267e-01  9.47530126e-02 -2.64205137e+02]
 [-3.98782296e-02 -9.92090334e-02  9.94267215e-01 -8.98405316e+00]
 [ 9.94055260e-01  9.69513675e-02  4.95436384e-02 -1.64681073e+02]
 [ 0.00000000e+00  0.00000000e+00  0.00000000e+00  1.00000000e+00]]

[[-1.03124523e-01  9.91713542e-01  7.66132023e-02 -2.48044355e+02]
 [-4.33693446e-02 -8.14336661e-02  9.95734733e-01 -9.88305197e+00]
 [ 9.93722513e-01  9.93620047e-02  5.14077743e-02 -1.65075563e+02]
 [ 0.00000000e+00  0.00000000e+00  0.00000000e+00  1.00000000e+00]]

[[-1.05450947e-01  9.91546651e-01  7.55998431e-02 -2.47242223e+02]
 [-3.92699492e-02 -8.01166312e-02  9.96011645e-01 -9.11706123e+00]
 [ 9.93648816e-01  1.02061569e-01  4.73863613e-02 -1.61787842e+02]
 [ 0.00000000e+00  0.00000000e+00  0.00000000e+00  1.00000000e+00]]

[[-1.03726334e-01  9.90568628e-01  8.95245314e-02 -2.59304070e+02]
 [-5.34394984e-02 -9.54305639e-02  9.94000617e-01 -8.94984075e+00]
 [ 9.93169204e-01  9.83198942e-02  6.28341532e-02 -1.75385218e+02]
 [ 0.00000000e+00  0.00000000e+00  0.00000000e+00  1.00000000e+00]]

[[-1.03704521e-01  9.90439070e-01  9.09715383e-02 -2.60847261e+02]
 [-4.17261501e-02 -9.57165898e-02  9.94533691e-01 -1.10669185e+01]
 [ 9.93732510e-01  9.93417483e-02  5.12534525e-02 -1.65459685e+02]
 [ 0.00000000e+00  0.00000000e+00  0.00000000e+00  1.00000000e+00]]

[[-1.01843848e-01  9.90538550e-01  9.19848483e-02 -2.64215341e+02]
 [-3.94740899e-02 -9.64167019e-02  9.94558000e-01 -1.16997279e+01]
 [ 9.94016915e-01  9.76585961e-02  4.89200558e-02 -1.65127730e+02]
 [ 0.00000000e+00  0.00000000e+00  0.00000000e+00  1.00000000e+00]]

[[-1.00458520e-01  9.90735391e-01  9.13863813e-02 -2.63376052e+02]
 [-4.03952319e-02 -9.58367343e-02  9.94577069e-01 -1.22390337e+01]
 [ 9.94120873e-01  9.62221659e-02  4.96486023e-02 -1.66008139e+02]
 [ 0.00000000e+00  0.00000000e+00  0.00000000e+00  1.00000000e+00]]

[[-1.03403452e-01  9.91735502e-01  7.59501189e-02 -2.50469494e+02]
 [-5.42916205e-02 -8.18733228e-02  9.95162891e-01 -1.04165946e+01]
 [ 9.93156657e-01  9.87798228e-02  6.23089116e-02 -1.77780305e+02]
 [ 0.00000000e+00  0.00000000e+00  0.00000000e+00  1.00000000e+00]]

[[-1.00042139e-01  9.91678318e-01  8.10289061e-02 -2.57600121e+02]
 [-5.72458196e-02 -8.70393139e-02  9.94558733e-01 -1.18000366e+01]
 [ 9.93335032e-01  9.48592168e-02  6.54770372e-02 -1.81204405e+02]
 [ 0.00000000e+00  0.00000000e+00  0.00000000e+00  1.00000000e+00]]

[[-9.80414441e-02  9.92562830e-01  7.21588764e-02 -2.50318970e+02]
 [-3.96138078e-02 -7.63430539e-02  9.96294376e-01 -1.32251766e+01]
 [ 9.94393595e-01  9.48196515e-02  4.68039765e-02 -1.64869059e+02]
 [ 0.00000000e+00  0.00000000e+00  0.00000000e+00  1.00000000e+00]]

[[-1.02339167e-01  9.91882942e-01  7.54647182e-02 -2.51523882e+02]
 [-4.64857018e-02 -8.05487885e-02  9.95666095e-01 -1.25090135e+01]
 [ 9.93662807e-01  9.83876088e-02  5.43516706e-02 -1.71414819e+02]
 [ 0.00000000e+00  0.00000000e+00  0.00000000e+00  1.00000000e+00]]

[[-9.81414929e-02  9.92602655e-01  7.14717843e-02 -2.49523689e+02]
 [-4.36161906e-02 -7.60396955e-02  9.96150387e-01 -1.25881085e+01]
 [ 9.94216212e-01  9.46463591e-02  5.07561958e-02 -1.68925946e+02]
 [ 0.00000000e+00  0.00000000e+00  0.00000000e+00  1.00000000e+00]]

[[-9.47773622e-02  9.93395933e-01  6.46666263e-02 -2.46657157e+02]
 [-4.25747680e-02 -6.89444157e-02  9.96711622e-01 -1.16654809e+01]
 [ 9.94587674e-01  9.17125318e-02  4.88279712e-02 -1.67964675e+02]
 [ 0.00000000e+00  0.00000000e+00  0.00000000e+00  1.00000000e+00]]

[[-9.71831581e-02  9.92918580e-01  6.83236928e-02 -2.49134566e+02]
 [-5.06675394e-02 -7.34954036e-02  9.96007644e-01 -1.17560663e+01]
 [ 9.93975973e-01  9.33333749e-02  5.74512568e-02 -1.75551017e+02]
 [ 0.00000000e+00  0.00000000e+00  0.00000000e+00  1.00000000e+00]]

[[-9.70160093e-02  9.93705112e-01  5.60182438e-02 -2.39177464e+02]
 [-5.42924013e-02 -6.14837481e-02  9.96630365e-01 -1.12261920e+01]
 [ 9.93800900e-01  9.36477358e-02  5.99155446e-02 -1.77522695e+02]
 [ 0.00000000e+00  0.00000000e+00  0.00000000e+00  1.00000000e+00]]

[[-9.87171579e-02  9.93742502e-01  5.22567064e-02 -2.35463381e+02]
 [-4.75735561e-02 -5.71660275e-02  9.97230566e-01 -1.07231115e+01]
 [ 9.93977706e-01  9.59577299e-02  5.29191325e-02 -1.71286094e+02]
 [ 0.00000000e+00  0.00000000e+00  0.00000000e+00  1.00000000e+00]]

[[-9.95120541e-02  9.93421307e-01  5.66697276e-02 -2.39360775e+02]
 [-4.86130887e-02 -6.17382386e-02  9.96907798e-01 -1.08184717e+01]
 [ 9.93848137e-01  9.64494522e-02  5.44369771e-02 -1.72437397e+02]
 [ 0.00000000e+00  0.00000000e+00  0.00000000e+00  1.00000000e+00]]

[[-9.71023260e-02  9.93074979e-01  6.61303582e-02 -2.48028938e+02]
 [-3.95663277e-02 -7.02435162e-02  9.96744879e-01 -1.12798671e+01]
 [ 9.94487629e-01  9.41697108e-02  4.61131389e-02 -1.65577258e+02]
 [ 0.00000000e+00  0.00000000e+00  0.00000000e+00  1.00000000e+00]]

[[-9.87574512e-02  9.93542496e-01  5.58594249e-02 -2.38592567e+02]
 [-5.11017757e-02 -6.11232452e-02  9.96821226e-01 -9.34910650e+00]
 [ 9.93798558e-01  9.55890078e-02  5.68081616e-02 -1.75170103e+02]
 [ 0.00000000e+00  0.00000000e+00  0.00000000e+00  1.00000000e+00]]

[[-9.97281542e-02  9.93109122e-01  6.15513291e-02 -2.43956496e+02]
 [-5.16840099e-02 -6.69464644e-02  9.96417048e-01 -9.62206650e+00]
 [ 9.93671504e-01  9.61896135e-02  5.80043090e-02 -1.75735002e+02]
 [ 0.00000000e+00  0.00000000e+00  0.00000000e+00  1.00000000e+00]]

[[-1.00608589e-01  9.93382006e-01  5.54085081e-02 -2.38813470e+02]
 [-5.30865400e-02 -6.09716158e-02  9.96726784e-01 -1.01189809e+01]
 [ 9.93508798e-01  9.73378294e-02  5.88694818e-02 -1.75954773e+02]
 [ 0.00000000e+00  0.00000000e+00  0.00000000e+00  1.00000000e+00]]

[[-1.00528174e-01  9.92176592e-01  7.40249661e-02 -2.55358922e+02]
 [-5.45581162e-02 -7.97871979e-02  9.95317746e-01 -8.83687320e+00]
 [ 9.93437214e-01  9.60188129e-02  6.21521471e-02 -1.78079028e+02]
 [ 0.00000000e+00  0.00000000e+00  0.00000000e+00  1.00000000e+00]]

[[-9.98919567e-02  9.92696398e-01  6.76421345e-02 -2.49539099e+02]
 [-6.00506347e-02 -7.38730208e-02  9.95458034e-01 -8.35964805e+00]
 [ 9.93184534e-01  9.53762978e-02  6.69913694e-02 -1.82434820e+02]
 [ 0.00000000e+00  0.00000000e+00  0.00000000e+00  1.00000000e+00]]

[[-1.02177764e-01  9.93383136e-01  5.24371044e-02 -2.36232908e+02]
 [-5.61999002e-02 -5.83933728e-02  9.96710482e-01 -7.24129997e+00]
 [ 9.93177364e-01  9.88946889e-02  6.17945374e-02 -1.76499183e+02]
 [ 0.00000000e+00  0.00000000e+00  0.00000000e+00  1.00000000e+00]]

[[-1.02935799e-01  9.93537113e-01  4.78354169e-02 -2.31910887e+02]
 [-7.01768522e-02 -5.52249242e-02  9.96004727e-01 -5.48647498e+00]
 [ 9.92209368e-01  9.91676039e-02  7.54079288e-02 -1.88324653e+02]
 [ 0.00000000e+00  0.00000000e+00  0.00000000e+00  1.00000000e+00]]

[[-1.03635659e-01  9.93716075e-01  4.22848870e-02 -2.27330118e+02]
 [-7.45976108e-02 -5.01598657e-02  9.95951397e-01 -5.04381923e+00]
 [ 9.91813917e-01  1.00061728e-01  7.93271958e-02 -1.92427062e+02]
 [ 0.00000000e+00  0.00000000e+00  0.00000000e+00  1.00000000e+00]]

[[-1.02111905e-01  9.92649894e-01  6.49564986e-02 -2.46831825e+02]
 [-6.16213648e-02 -7.14842534e-02  9.95536443e-01 -3.24601067e+00]
 [ 9.92862511e-01  9.76534149e-02  6.84678346e-02 -1.82807523e+02]
 [ 0.00000000e+00  0.00000000e+00  0.00000000e+00  1.00000000e+00]]

[[-1.02219257e-01  9.92357783e-01  6.91176810e-02 -2.51047134e+02]
 [-6.54567834e-02 -7.60409687e-02  9.94953859e-01 -3.63690557e+00]
 [ 9.92605981e-01  9.71792234e-02  7.27293998e-02 -1.86340974e+02]
 [ 0.00000000e+00  0.00000000e+00  0.00000000e+00  1.00000000e+00]]

[[-1.02589951e-01  9.90923854e-01  8.68632062e-02 -2.67107491e+02]
 [-6.06497052e-02 -9.33926449e-02  9.93780372e-01 -4.94408757e+00]
 [ 9.92873061e-01  9.66836516e-02  6.96803865e-02 -1.83311623e+02]
 [ 0.00000000e+00  0.00000000e+00  0.00000000e+00  1.00000000e+00]]

[[-1.05824845e-01  9.92050807e-01  6.80903757e-02 -2.48688122e+02]
 [-7.28705688e-02 -7.60276260e-02  9.94439380e-01 -2.74949302e+00]
 [ 9.91711139e-01  1.00274609e-01  8.03369183e-02 -1.92037623e+02]
 [ 0.00000000e+00  0.00000000e+00  0.00000000e+00  1.00000000e+00]]

[[-1.07711449e-01  9.91516342e-01  7.27570385e-02 -2.50827025e+02]
 [-6.41223848e-02 -7.99589283e-02  9.94733577e-01 -4.83831615e+00]
 [ 9.92112173e-01  1.02478840e-01  7.21908845e-02 -1.84563111e+02]
 [ 0.00000000e+00  0.00000000e+00  0.00000000e+00  1.00000000e+00]]

[[-1.09384041e-01  9.92171232e-01  6.02609124e-02 -2.39867114e+02]
 [-7.50031597e-02 -6.86903472e-02  9.94814637e-01 -4.05849394e+00]
 [ 9.91165807e-01  1.04297086e-01  8.19296052e-02 -1.91397038e+02]
 [ 0.00000000e+00  0.00000000e+00  0.00000000e+00  1.00000000e+00]]

[[-1.08886919e-01  9.90478355e-01  8.42393439e-02 -2.57056898e+02]
 [-5.99272335e-02 -9.11297903e-02  9.94034249e-01 -6.13550589e+00]
 [ 9.92246121e-01  1.03189096e-01  6.92794698e-02 -1.80716336e+02]
 [ 0.00000000e+00  0.00000000e+00  0.00000000e+00  1.00000000e+00]]

[[-1.08913979e-01  9.90315010e-01  8.61041580e-02 -2.57598751e+02]
 [-5.71004556e-02 -9.27091595e-02  9.94054601e-01 -6.18580195e+00]
 [ 9.92409836e-01  1.03349855e-01  6.66447617e-02 -1.77987385e+02]
 [ 0.00000000e+00  0.00000000e+00  0.00000000e+00  1.00000000e+00]]

[[-1.07541583e-01  9.90308597e-01  8.78845326e-02 -2.60340964e+02]
 [-5.17704819e-02 -9.38552905e-02  9.94238906e-01 -6.25253603e+00]
 [ 9.92851764e-01  1.02372202e-01  6.13620998e-02 -1.73025688e+02]
 [ 0.00000000e+00  0.00000000e+00  0.00000000e+00  1.00000000e+00]]

[[-1.09725390e-01  9.91309327e-01  7.25682944e-02 -2.47278624e+02]
 [-6.95423427e-02 -8.04866429e-02  9.94326789e-01 -3.78468140e+00]
 [ 9.91526198e-01  1.04056325e-01  7.77694012e-02 -1.86331844e+02]
 [ 0.00000000e+00  0.00000000e+00  0.00000000e+00  1.00000000e+00]]

[[-1.11127016e-01  9.90454339e-01  8.15535977e-02 -2.53260965e+02]
 [-6.59979471e-02 -8.92356910e-02  9.93821545e-01 -4.11795409e+00]
 [ 9.91612352e-01  1.05058052e-01  7.52844491e-02 -1.83378671e+02]
 [ 0.00000000e+00  0.00000000e+00  0.00000000e+00  1.00000000e+00]]

[[-1.08590405e-01  9.89981224e-01  9.02513169e-02 -2.60674503e+02]
 [-5.75788679e-02 -9.68994971e-02  9.93627275e-01 -4.21714216e+00]
 [ 9.92417653e-01  1.02701820e-01  6.75243537e-02 -1.76522850e+02]
 [ 0.00000000e+00  0.00000000e+00  0.00000000e+00  1.00000000e+00]]

[[-1.09949924e-01  9.90534651e-01  8.21712806e-02 -2.54005716e+02]
 [-5.69392051e-02 -8.88138344e-02  9.94419444e-01 -4.65439704e+00]
 [ 9.92304863e-01  1.04657575e-01  6.61653300e-02 -1.74516771e+02]
 [ 0.00000000e+00  0.00000000e+00  0.00000000e+00  1.00000000e+00]]

[[-1.10947602e-01  9.89905613e-01  8.81901796e-02 -2.57696546e+02]
 [-5.92743850e-02 -9.51711524e-02  9.93694621e-01 -4.12417621e+00]
 [ 9.92057043e-01  1.05020616e-01  6.92350575e-02 -1.76778407e+02]
 [ 0.00000000e+00  0.00000000e+00  0.00000000e+00  1.00000000e+00]]

[[-1.11315702e-01  9.89365532e-01  9.36197592e-02 -2.62648258e+02]
 [-6.24801237e-02 -1.00986257e-01  9.92923970e-01 -4.58467911e+00]
 [ 9.91819060e-01  1.04678655e-01  7.30570368e-02 -1.80037595e+02]
 [ 0.00000000e+00  0.00000000e+00  0.00000000e+00  1.00000000e+00]]

[[-1.08619145e-01  9.90089941e-01  8.90156695e-02 -2.58940199e+02]
 [-4.94097822e-02 -9.48118949e-02  9.94268263e-01 -4.40135124e+00]
 [ 9.92854750e-01  1.03598324e-01  5.92185154e-02 -1.68325593e+02]
 [ 0.00000000e+00  0.00000000e+00  0.00000000e+00  1.00000000e+00]]

[[-1.08488214e-01  9.90424529e-01  8.53789156e-02 -2.56510735e+02]
 [-5.85285539e-02 -9.21006072e-02  9.94028112e-01 -4.38689783e+00]
 [ 9.92373274e-01  1.02843230e-01  6.79599458e-02 -1.74753557e+02]
 [ 0.00000000e+00  0.00000000e+00  0.00000000e+00  1.00000000e+00]]

[[-1.07549323e-01  9.91206387e-01  7.70911203e-02 -2.50327771e+02]
 [-6.08398795e-02 -8.39571992e-02  9.94610325e-01 -3.72204112e+00]
 [ 9.92336461e-01  1.02279453e-01  6.93344171e-02 -1.75018229e+02]
 [ 0.00000000e+00  0.00000000e+00  0.00000000e+00  1.00000000e+00]]

[[-1.10260595e-01  9.89972810e-01  8.82974296e-02 -2.59586557e+02]
 [-5.34635058e-02 -9.46181149e-02  9.94076992e-01 -2.54820773e+00]
 [ 9.92463730e-01  1.04886830e-01  6.33600668e-02 -1.70079124e+02]
 [ 0.00000000e+00  0.00000000e+00  0.00000000e+00  1.00000000e+00]]

[[-1.09385283e-01  9.90708028e-01  8.08236521e-02 -2.53549028e+02]
 [-5.95002838e-02 -8.76918256e-02  9.94369076e-01 -3.38436952e+00]
 [ 9.92217001e-01  1.03960312e-01  6.85396039e-02 -1.74654604e+02]
 [ 0.00000000e+00  0.00000000e+00  0.00000000e+00  1.00000000e+00]]

[[-1.08579546e-01  9.89493287e-01  9.54647419e-02 -2.66604744e+02]
 [-5.47255558e-02 -1.01836669e-01  9.93294723e-01 -3.16675571e+00]
 [ 9.92580272e-01  1.02627129e-01  6.52079493e-02 -1.72312590e+02]
 [ 0.00000000e+00  0.00000000e+00  0.00000000e+00  1.00000000e+00]]

[[-1.10941696e-01  9.89147979e-01  9.63234968e-02 -2.67514190e+02]
 [-6.65338747e-02 -1.04096624e-01  9.92339224e-01 -2.13791208e+00]
 [ 9.91597289e-01  1.03683021e-01  7.73605037e-02 -1.83111358e+02]
 [ 0.00000000e+00  0.00000000e+00  0.00000000e+00  1.00000000e+00]]

[[-1.10945848e-01  9.89660029e-01  9.09067984e-02 -2.63976187e+02]
 [-6.54453342e-02 -9.85483179e-02  9.92977914e-01 -2.46609748e+00]
 [ 9.91669263e-01  1.04217351e-01  7.57021581e-02 -1.81399240e+02]
 [ 0.00000000e+00  0.00000000e+00  0.00000000e+00  1.00000000e+00]]

[[-1.10767077e-01  9.89037479e-01  9.76499830e-02 -2.69823561e+02]
 [-7.06119771e-02 -1.05838126e-01  9.91873097e-01 -1.54137247e+00]
 [ 9.91334758e-01  1.02971625e-01  8.15612717e-02 -1.87900057e+02]
 [ 0.00000000e+00  0.00000000e+00  0.00000000e+00  1.00000000e+00]]

[[-1.07963585e-01  9.89065763e-01  1.00462836e-01 -2.72241950e+02]
 [-5.39399986e-02 -1.06732466e-01  9.92823578e-01 -2.82284949e+00]
 [ 9.92690456e-01  1.01769828e-01  6.48734256e-02 -1.73559485e+02]
 [ 0.00000000e+00  0.00000000e+00  0.00000000e+00  1.00000000e+00]]

[[-1.11813364e-01  9.90104323e-01  8.48009495e-02 -2.58133427e+02]
 [-6.75220904e-02 -9.27086489e-02  9.93401165e-01 -1.56927577e+00]
 [ 9.91432569e-01  1.05349588e-01  7.72199794e-02 -1.84450845e+02]
 [ 0.00000000e+00  0.00000000e+00  0.00000000e+00  1.00000000e+00]]

[[-1.10814446e-01  9.89383601e-01  9.40225949e-02 -2.66519022e+02]
 [-6.52803172e-02 -1.01647135e-01  9.92676352e-01 -7.81526406e-01]
 [ 9.91694831e-01  1.03865055e-01  7.58512463e-02 -1.83516913e+02]
 [ 0.00000000e+00  0.00000000e+00  0.00000000e+00  1.00000000e+00]]

[[-1.10490225e-01  9.90374579e-01  8.33672765e-02 -2.57322967e+02]
 [-6.00182238e-02 -9.03765427e-02  9.94097527e-01 -1.49972717e+00]
 [ 9.92063366e-01  1.04834504e-01  6.94262477e-02 -1.77933675e+02]
 [ 0.00000000e+00  0.00000000e+00  0.00000000e+00  1.00000000e+00]]

[[-1.10028473e-01  9.88110484e-01  1.07384384e-01 -2.79623522e+02]
 [-6.43110681e-02 -1.14891561e-01  9.91294112e-01 -1.79376702e+00]
 [ 9.91845664e-01  1.02164573e-01  7.61877837e-02 -1.83509055e+02]
 [ 0.00000000e+00  0.00000000e+00  0.00000000e+00  1.00000000e+00]]

[[-1.09927527e-01  9.89024934e-01  9.87199022e-02 -2.71345083e+02]
 [-7.31219852e-02 -1.07099833e-01  9.91555748e-01 -7.12035479e-01]
 [ 9.91246243e-01  1.01780676e-01  8.40926864e-02 -1.90348221e+02]
 [ 0.00000000e+00  0.00000000e+00  0.00000000e+00  1.00000000e+00]]

[[-1.11383837e-01  9.89433446e-01  9.28175484e-02 -2.65911010e+02]
 [-7.17012862e-02 -1.01156550e-01  9.92283366e-01  9.09750283e-01]
 [ 9.91187453e-01  1.03869191e-01  8.22108554e-02 -1.88563178e+02]
 [ 0.00000000e+00  0.00000000e+00  0.00000000e+00  1.00000000e+00]]

[[-1.11168447e-01  9.89618559e-01  9.10861310e-02 -2.64303552e+02]
 [-6.47099089e-02 -9.86678397e-02  9.93014242e-01 -3.96030920e-01]
 [ 9.91692596e-01  1.04497676e-01  7.50068773e-02 -1.81935288e+02]
 [ 0.00000000e+00  0.00000000e+00  0.00000000e+00  1.00000000e+00]]

[[-1.11247365e-01  9.90267784e-01  8.36285788e-02 -2.58156147e+02]
 [-6.59429098e-02 -9.13210766e-02  9.93635745e-01  5.78972814e-01]
 [ 9.91602519e-01  1.05024647e-01  7.54603683e-02 -1.82268453e+02]
 [ 0.00000000e+00  0.00000000e+00  0.00000000e+00  1.00000000e+00]]

[[-1.10615739e-01  9.87945913e-01  1.08291419e-01 -2.80015418e+02]
 [-6.62715725e-02 -1.16049602e-01  9.91030054e-01 -5.69688447e-01]
 [ 9.91651268e-01  1.02446879e-01  7.83096417e-02 -1.86515626e+02]
 [ 0.00000000e+00  0.00000000e+00  0.00000000e+00  1.00000000e+00]]

[[-1.13113419e-01  9.89107969e-01  9.41848174e-02 -2.67468482e+02]
 [-7.36980489e-02 -1.02884371e-01  9.91959376e-01  4.60897608e-01]
 [ 9.90845070e-01  1.05262680e-01  8.45329304e-02 -1.91205960e+02]
 [ 0.00000000e+00  0.00000000e+00  0.00000000e+00  1.00000000e+00]]

[[-1.12441628e-01  9.89013980e-01  9.59595057e-02 -2.68619383e+02]
 [-7.16095592e-02 -1.04386238e-01  9.91955435e-01  6.88473862e-01]
 [ 9.91074645e-01  1.04665466e-01  8.25602137e-02 -1.89363333e+02]
 [ 0.00000000e+00  0.00000000e+00  0.00000000e+00  1.00000000e+00]]

[[-1.13446737e-01  9.89661773e-01  8.77463032e-02 -2.62028869e+02]
 [-6.88963339e-02 -9.59399845e-02  9.92999907e-01 -6.33145213e-01]
 [ 9.91152427e-01  1.06607201e-01  7.90681462e-02 -1.85492396e+02]
 [ 0.00000000e+00  0.00000000e+00  0.00000000e+00  1.00000000e+00]]

[[-1.10489755e-01  9.89952180e-01  8.82422533e-02 -2.62020791e+02]
 [-6.98372021e-02 -9.62995737e-02  9.92899369e-01  1.55602250e+00]
 [ 9.91420586e-01  1.03542616e-01  7.97756067e-02 -1.86917919e+02]
 [ 0.00000000e+00  0.00000000e+00  0.00000000e+00  1.00000000e+00]]

[[-1.12745534e-01  9.88429210e-01  1.01469903e-01 -2.73171231e+02]
 [-7.16598457e-02 -1.09943775e-01  9.91351216e-01  1.89003352e+00]
 [ 9.91036483e-01  1.04499105e-01  8.32263544e-02 -1.89633492e+02]
 [ 0.00000000e+00  0.00000000e+00  0.00000000e+00  1.00000000e+00]]

[[-1.11257215e-01  9.89702502e-01  9.00599275e-02 -2.63077150e+02]
 [-6.73463317e-02 -9.79227694e-02  9.92912686e-01  8.12467841e-01]
 [ 9.91507087e-01  1.04403494e-01  7.75474476e-02 -1.84376499e+02]
 [ 0.00000000e+00  0.00000000e+00  0.00000000e+00  1.00000000e+00]]

[[-1.13230147e-01  9.89461814e-01  9.02455154e-02 -2.62990834e+02]
 [-7.25644306e-02 -9.88225764e-02  9.92455793e-01  1.49739608e+00]
 [ 9.90915404e-01  1.05827301e-01  8.29894279e-02 -1.89026790e+02]
 [ 0.00000000e+00  0.00000000e+00  0.00000000e+00  1.00000000e+00]]

[[-1.13753656e-01  9.89362063e-01  9.06797307e-02 -2.64138704e+02]
 [-7.51977175e-02 -9.95843272e-02  9.92183584e-01  8.50236606e-01]
 [ 9.90659078e-01  1.06045601e-01  8.57258502e-02 -1.90446877e+02]
 [ 0.00000000e+00  0.00000000e+00  0.00000000e+00  1.00000000e+00]]

[[-1.10586374e-01  9.89361140e-01  9.45261247e-02 -2.66769515e+02]
 [-6.52479251e-02 -1.02131444e-01  9.92628771e-01  1.65949925e-01]
 [ 9.91722422e-01  1.03603583e-01  7.58481076e-02 -1.83167372e+02]
 [ 0.00000000e+00  0.00000000e+00  0.00000000e+00  1.00000000e+00]]

[[-1.10596937e-01  9.89655550e-01  9.13794867e-02 -2.64464952e+02]
 [-6.34097184e-02 -9.87825257e-02  9.93086713e-01 -2.17761951e+00]
 [ 9.91840474e-01  1.04038001e-01  7.36788245e-02 -1.80927128e+02]
 [ 0.00000000e+00  0.00000000e+00  0.00000000e+00  1.00000000e+00]]

[[-1.09248616e-01  9.88920788e-01  1.00500822e-01 -2.72824210e+02]
 [-5.10019524e-02 -1.06549542e-01  9.92998487e-01 -1.97445198e+00]
 [ 9.92705163e-01  1.03357973e-01  6.20772810e-02 -1.71956104e+02]
 [ 0.00000000e+00  0.00000000e+00  0.00000000e+00  1.00000000e+00]]

[[-1.10706867e-01  9.89464893e-01  9.32910198e-02 -2.66168773e+02]
 [-5.59411847e-02 -9.99230636e-02  9.93421343e-01 -3.13977627e+00]
 [ 9.92277468e-01  1.04759754e-01  6.64140077e-02 -1.75923672e+02]
 [ 0.00000000e+00  0.00000000e+00  0.00000000e+00  1.00000000e+00]]

[[-1.09015877e-01  9.88920206e-01  1.00758942e-01 -2.71985733e+02]
 [-5.20687426e-02 -1.06904853e-01  9.92904929e-01 -2.79304766e+00]
 [ 9.92675367e-01  1.02996010e-01  6.31461580e-02 -1.72793851e+02]
 [ 0.00000000e+00  0.00000000e+00  0.00000000e+00  1.00000000e+00]]

[[-1.08414693e-01  9.90455472e-01  8.51129397e-02 -2.58119809e+02]
 [-6.40218299e-02 -9.23962782e-02  9.93661981e-01 -2.89703068e+00]
 [ 9.92042065e-01  1.02278473e-01  7.34278859e-02 -1.81582633e+02]
 [ 0.00000000e+00  0.00000000e+00  0.00000000e+00  1.00000000e+00]]

[[-1.09073387e-01  9.89658573e-01  9.31606450e-02 -2.65230448e+02]
 [-5.45174319e-02 -9.95345102e-02  9.93539496e-01 -3.98368692e+00]
 [ 9.92537579e-01  1.03289839e-01  6.48102100e-02 -1.73781312e+02]
 [ 0.00000000e+00  0.00000000e+00  0.00000000e+00  1.00000000e+00]]

[[-1.09986038e-01  9.90616686e-01  8.11273881e-02 -2.54657607e+02]
 [-5.45382746e-02 -8.75145379e-02  9.94669182e-01 -4.53557419e+00]
 [ 9.92435715e-01  1.04975175e-01  6.36519021e-02 -1.72510952e+02]
 [ 0.00000000e+00  0.00000000e+00  0.00000000e+00  1.00000000e+00]]

[[-1.10471128e-01  9.90034348e-01  8.73391066e-02 -2.60200007e+02]
 [-5.58625430e-02 -9.39232342e-02  9.94010967e-01 -4.39536736e+00]
 [ 9.92308171e-01  1.04930528e-01  6.56816419e-02 -1.74498822e+02]
 [ 0.00000000e+00  0.00000000e+00  0.00000000e+00  1.00000000e+00]]

[[-1.10115805e-01  9.89626308e-01  9.22728574e-02 -2.64702313e+02]
 [-6.90440557e-02 -1.00229479e-01  9.92565852e-01 -4.17134953e+00]
 [ 9.91517740e-01  1.02926296e-01  7.93646637e-02 -1.86853078e+02]
 [ 0.00000000e+00  0.00000000e+00  0.00000000e+00  1.00000000e+00]]

[[-1.10184261e-01  9.89451498e-01  9.40487221e-02 -2.65977092e+02]
 [-5.23587657e-02 -1.00271896e-01  9.93581454e-01 -5.54271347e+00]
 [ 9.92531102e-01  1.04552763e-01  6.28548439e-02 -1.72104752e+02]
 [ 0.00000000e+00  0.00000000e+00  0.00000000e+00  1.00000000e+00]]

[[-1.08881994e-01  9.90109455e-01  8.84758609e-02 -2.60801527e+02]
 [-5.81817486e-02 -9.51999803e-02  9.93756433e-01 -4.63774123e+00]
 [ 9.92350541e-01  1.03054502e-01  6.79718631e-02 -1.76859678e+02]
 [ 0.00000000e+00  0.00000000e+00  0.00000000e+00  1.00000000e+00]]

[[-1.08458479e-01  9.89854687e-01  9.17848356e-02 -2.63723861e+02]
 [-5.67679238e-02 -9.83458677e-02  9.93531828e-01 -4.23113756e+00]
 [ 9.92478796e-01  1.02546516e-01  6.68584387e-02 -1.76175322e+02]
 [ 0.00000000e+00  0.00000000e+00  0.00000000e+00  1.00000000e+00]]

[[-1.07749142e-01  9.90311647e-01  8.75954599e-02 -2.60224003e+02]
 [-5.66473051e-02 -9.40808386e-02  9.93951648e-01 -4.87284313e+00]
 [ 9.92562948e-01  1.02135390e-01  6.62356156e-02 -1.75703755e+02]
 [ 0.00000000e+00  0.00000000e+00  0.00000000e+00  1.00000000e+00]]

[[-1.08236626e-01  9.90872457e-01  8.03530188e-02 -2.54422484e+02]
 [-4.99876091e-02 -8.61502796e-02  9.95027320e-01 -4.60890973e+00]
 [ 9.92867600e-01  1.03681745e-01  5.88559606e-02 -1.69499725e+02]
 [ 0.00000000e+00  0.00000000e+00  0.00000000e+00  1.00000000e+00]]

[[-1.07508536e-01  9.90105622e-01  9.01818873e-02 -2.63481822e+02]
 [-5.36469050e-02 -9.63526715e-02  9.93900484e-01 -5.53628723e+00]
 [ 9.92755722e-01  1.02014807e-01  6.34748369e-02 -1.73668787e+02]
 [ 0.00000000e+00  0.00000000e+00  0.00000000e+00  1.00000000e+00]]

[[-1.05217983e-01  9.88362947e-01  1.09853818e-01 -2.81087399e+02]
 [-4.51597001e-02 -1.15101929e-01  9.92326633e-01 -5.92473242e+00]
 [ 9.93423262e-01  9.94496411e-02  5.67449671e-02 -1.67167843e+02]
 [ 0.00000000e+00  0.00000000e+00  0.00000000e+00  1.00000000e+00]]

[[-1.09290631e-01  9.91592877e-01  6.92757057e-02 -2.44612897e+02]
 [-6.03881679e-02 -7.61879369e-02  9.95263115e-01 -3.71126062e+00]
 [ 9.92173789e-01  1.04589501e-01  6.82071048e-02 -1.77270195e+02]
 [ 0.00000000e+00  0.00000000e+00  0.00000000e+00  1.00000000e+00]]

[[-1.07194236e-01  9.91238772e-01  7.71692465e-02 -2.52031845e+02]
 [-6.92287615e-02 -8.48694953e-02  9.93984179e-01 -3.46444085e+00]
 [ 9.91824972e-01  1.01207043e-01  7.77197532e-02 -1.85529844e+02]
 [ 0.00000000e+00  0.00000000e+00  0.00000000e+00  1.00000000e+00]]

[[-1.07953390e-01  9.91021539e-01  7.88820306e-02 -2.53498816e+02]
 [-6.03942157e-02 -8.57365931e-02  9.94485684e-01 -4.16396333e+00]
 [ 9.92319810e-01  1.02594082e-01  6.91075244e-02 -1.78719639e+02]
 [ 0.00000000e+00  0.00000000e+00  0.00000000e+00  1.00000000e+00]]

[[-1.09884310e-01  9.91296595e-01  7.25017249e-02 -2.48337556e+02]
 [-6.61930809e-02 -8.00799088e-02  9.94588198e-01 -4.31860288e+00]
 [ 9.91737825e-01  1.04490525e-01  7.44165012e-02 -1.83362399e+02]
 [ 0.00000000e+00  0.00000000e+00  0.00000000e+00  1.00000000e+00]]

[[-1.08368694e-01  9.91143513e-01  7.67512996e-02 -2.52344023e+02]
 [-5.74755006e-02 -8.33235797e-02  9.94863683e-01 -4.53604989e+00]
 [ 9.92447879e-01  1.03400759e-01  6.59961372e-02 -1.76194810e+02]
 [ 0.00000000e+00  0.00000000e+00  0.00000000e+00  1.00000000e+00]]

[[-1.07943625e-01  9.91668564e-01  7.02967467e-02 -2.47400806e+02]
 [-6.72501093e-02 -7.78315457e-02  9.94695769e-01 -2.84668457e+00]
 [ 9.91879830e-01  1.02643603e-01  7.50912385e-02 -1.83841896e+02]
 [ 0.00000000e+00  0.00000000e+00  0.00000000e+00  1.00000000e+00]]

[[-1.05895305e-01  9.90831785e-01  8.38961171e-02 -2.60194285e+02]
 [-6.64485574e-02 -9.12330676e-02  9.93610143e-01 -3.54803698e+00]
 [ 9.92154612e-01  9.96438733e-02  7.55004963e-02 -1.84872532e+02]
 [ 0.00000000e+00  0.00000000e+00  0.00000000e+00  1.00000000e+00]]

[[-1.08284344e-01  9.91152230e-01  7.67577816e-02 -2.53439100e+02]
 [-7.50171386e-02 -8.51384761e-02  9.93541076e-01 -2.50051933e+00]
 [ 9.91285494e-01  1.01826794e-01  8.35725682e-02 -1.92323633e+02]
 [ 0.00000000e+00  0.00000000e+00  0.00000000e+00  1.00000000e+00]]

[[-1.07870891e-01  9.91922898e-01  6.67295671e-02 -2.44827527e+02]
 [-7.51891988e-02 -7.50689163e-02  9.94339601e-01 -1.79683059e+00]
 [ 9.91317535e-01  1.02242956e-01  8.26796389e-02 -1.91159834e+02]
 [ 0.00000000e+00  0.00000000e+00  0.00000000e+00  1.00000000e+00]]

[[-1.08805069e-01  9.91315389e-01  7.38597048e-02 -2.50872378e+02]
 [-6.98546035e-02 -8.17419342e-02  9.94202490e-01 -1.09852029e+00]
 [ 9.91605663e-01  1.03014830e-01  7.81418803e-02 -1.87817859e+02]
 [ 0.00000000e+00  0.00000000e+00  0.00000000e+00  1.00000000e+00]]

[[-1.09638174e-01  9.91189871e-01  7.43108989e-02 -2.51704171e+02]
 [-7.89699305e-02 -8.32115218e-02  9.93398003e-01 -7.45548150e-01]
 [ 9.90829562e-01  1.03046017e-01  8.73973546e-02 -1.95913829e+02]
 [ 0.00000000e+00  0.00000000e+00  0.00000000e+00  1.00000000e+00]]

[[-1.10259576e-01  9.91457859e-01  6.96716585e-02 -2.46687001e+02]
 [-8.25723412e-02 -7.89944395e-02  9.93449388e-01  8.12341418e-02]
 [ 9.90466877e-01  1.03784357e-01  9.05768900e-02 -1.97493130e+02]
 [ 0.00000000e+00  0.00000000e+00  0.00000000e+00  1.00000000e+00]]

[[-1.09762516e-01  9.91011361e-01  7.64766152e-02 -2.53095363e+02]
 [-7.03569355e-02 -8.44949766e-02  9.93936869e-01  1.16053506e-01]
 [ 9.91464619e-01  1.03716352e-01  7.89989037e-02 -1.87954140e+02]
 [ 0.00000000e+00  0.00000000e+00  0.00000000e+00  1.00000000e+00]]

[[-1.09312962e-01  9.89620055e-01  9.32889238e-02 -2.68072257e+02]
 [-6.82109441e-02 -1.01098289e-01  9.92535341e-01  5.17352709e-01]
 [ 9.91664229e-01  1.02133653e-01  7.85542717e-02 -1.87438972e+02]
 [ 0.00000000e+00  0.00000000e+00  0.00000000e+00  1.00000000e+00]]

[[-1.12121019e-01  9.90426585e-01  8.05236382e-02 -2.56172287e+02]
 [-8.63224491e-02 -9.04362008e-02  9.92154085e-01  1.33046884e+00]
 [ 9.89938034e-01  1.04290329e-01  9.56358475e-02 -2.02216613e+02]
 [ 0.00000000e+00  0.00000000e+00  0.00000000e+00  1.00000000e+00]]

[[-1.11294289e-01  9.89899393e-01  8.78223920e-02 -2.61398957e+02]
 [-7.45053393e-02 -9.64339075e-02  9.92546954e-01  1.47729276e+00]
 [ 9.90990684e-01  1.03921571e-01  8.44853333e-02 -1.92043740e+02]
 [ 0.00000000e+00  0.00000000e+00  0.00000000e+00  1.00000000e+00]]

[[-1.10871919e-01  9.89137340e-01  9.65129058e-02 -2.70951582e+02]
 [-6.53364187e-02 -1.04156005e-01  9.92412555e-01  4.35893224e-02]
 [ 9.91684713e-01  1.03724877e-01  7.61746675e-02 -1.84957971e+02]
 [ 0.00000000e+00  0.00000000e+00  0.00000000e+00  1.00000000e+00]]

[[-1.13098139e-01  9.89500493e-01  8.99865856e-02 -2.64941388e+02]
 [-7.33799372e-02 -9.86387506e-02  9.92414118e-01  8.12829983e-01]
 [ 9.90870423e-01  1.05636980e-01  8.37653432e-02 -1.91136780e+02]
 [ 0.00000000e+00  0.00000000e+00  0.00000000e+00  1.00000000e+00]]

[[-1.12182523e-01  9.89384472e-01  9.23766647e-02 -2.66723559e+02]
 [-6.95887663e-02 -1.00557458e-01  9.92494635e-01  6.36361689e-01]
 [ 9.91247943e-01  1.04912174e-01  8.01308342e-02 -1.87917561e+02]
 [ 0.00000000e+00  0.00000000e+00  0.00000000e+00  1.00000000e+00]]

[[-1.11979372e-01  9.88823869e-01  9.84275160e-02 -2.71668587e+02]
 [-6.45490356e-02 -1.06079438e-01  9.92260336e-01  5.93558388e-01]
 [ 9.91611841e-01  1.04759288e-01  7.57063360e-02 -1.84232180e+02]
 [ 0.00000000e+00  0.00000000e+00  0.00000000e+00  1.00000000e+00]]

[[-1.12017819e-01  9.89681875e-01  8.93408904e-02 -2.63005108e+02]
 [-6.76742125e-02 -9.72958462e-02  9.92952023e-01  8.44619245e-01]
 [ 9.91399117e-01  1.05182245e-01  7.78748100e-02 -1.86118009e+02]
 [ 0.00000000e+00  0.00000000e+00  0.00000000e+00  1.00000000e+00]]

[[-1.09873337e-01  9.90277503e-01  8.53130517e-02 -2.60033432e+02]
 [-7.29558643e-02 -9.36361582e-02  9.92929862e-01  5.75411162e-01]
 [ 9.91264491e-01  1.02872430e-01  8.25346683e-02 -1.89519286e+02]
 [ 0.00000000e+00  0.00000000e+00  0.00000000e+00  1.00000000e+00]]

[[-1.10655454e-01  9.89618470e-01  9.17096187e-02 -2.65024645e+02]
 [-6.50657084e-02 -9.92917974e-02  9.92928795e-01  7.13483792e-01]
 [ 9.91726688e-01  1.03905835e-01  7.53774057e-02 -1.83246653e+02]
 [ 0.00000000e+00  0.00000000e+00  0.00000000e+00  1.00000000e+00]]

[[-1.10488996e-01  9.89669065e-01  9.13636842e-02 -2.64948053e+02]
 [-6.79125789e-02 -9.92295094e-02  9.92744371e-01  1.25797673e-02]
 [ 9.91554367e-01  1.03482585e-01  7.81747473e-02 -1.85142420e+02]
 [ 0.00000000e+00  0.00000000e+00  0.00000000e+00  1.00000000e+00]]

[[-1.09981152e-01  9.89729138e-01  9.13256752e-02 -2.64914814e+02]
 [-5.92850374e-02 -9.82517556e-02  9.93394120e-01 -8.36164847e-01]
 [ 9.92164014e-01  1.03840384e-01  6.94819702e-02 -1.77341027e+02]
 [ 0.00000000e+00  0.00000000e+00  0.00000000e+00  1.00000000e+00]]

[[-1.08469225e-01  9.87678914e-01  1.12804212e-01 -2.83563431e+02]
 [-5.65199469e-02 -1.19417405e-01  9.91234069e-01 -1.65894391e+00]
 [ 9.92491775e-01  1.01142703e-01  6.87766730e-02 -1.77125767e+02]
 [ 0.00000000e+00  0.00000000e+00  0.00000000e+00  1.00000000e+00]]

[[-1.08891646e-01  9.87269738e-01  1.15935645e-01 -2.86298162e+02]
 [-5.57650910e-02 -1.22512490e-01  9.90899059e-01 -1.06673396e+00]
 [ 9.92488219e-01  1.01435468e-01  6.83957735e-02 -1.77408911e+02]
 [ 0.00000000e+00  0.00000000e+00  0.00000000e+00  1.00000000e+00]]

[[-1.09548403e-01  9.87874504e-01  1.10014145e-01 -2.81236303e+02]
 [-5.95395380e-02 -1.17003177e-01  9.91345197e-01 -1.52821720e+00]
 [ 9.92196649e-01  1.02050092e-01  7.16351027e-02 -1.80194285e+02]
 [ 0.00000000e+00  0.00000000e+00  0.00000000e+00  1.00000000e+00]]

[[-1.09892104e-01  9.89497977e-01  9.39014314e-02 -2.66571622e+02]
 [-7.39335906e-02 -1.02349550e-01  9.91997174e-01  1.03967352e-01]
 [ 9.91189966e-01  1.02070187e-01  8.44045457e-02 -1.90711160e+02]
 [ 0.00000000e+00  0.00000000e+00  0.00000000e+00  1.00000000e+00]]

[[-1.09539230e-01  9.89326306e-01  9.60969129e-02 -2.68374805e+02]
 [-6.87201966e-02 -1.03985003e-01  9.92201922e-01 -3.07127249e-01]
 [ 9.91604100e-01  1.02081236e-01  7.93771354e-02 -1.85185062e+02]
 [ 0.00000000e+00  0.00000000e+00  0.00000000e+00  1.00000000e+00]]

[[-1.08741846e-01  9.87741082e-01  1.11994493e-01 -2.82434830e+02]
 [-5.43561644e-02 -1.18402218e-01  9.91476839e-01 -3.06819324e+00]
 [ 9.92582802e-01  1.01727431e-01  6.65650925e-02 -1.75297319e+02]
 [ 0.00000000e+00  0.00000000e+00  0.00000000e+00  1.00000000e+00]]

[[-1.09829232e-01  9.89702542e-01  9.17955195e-02 -2.64777447e+02]
 [-5.31730551e-02 -9.80723594e-02  9.93757736e-01 -3.71328124e+00]
 [ 9.92527161e-01  1.04262601e-01  6.33967198e-02 -1.72841551e+02]
 [ 0.00000000e+00  0.00000000e+00  0.00000000e+00  1.00000000e+00]]

[[-1.06146733e-01  9.88434942e-01  1.08301600e-01 -2.80088591e+02]
 [-4.82024432e-02 -1.13903869e-01  9.92321739e-01 -5.90203639e+00]
 [ 9.93181451e-01  1.00111309e-01  5.97355027e-02 -1.70314816e+02]
 [ 0.00000000e+00  0.00000000e+00  0.00000000e+00  1.00000000e+00]]

[[-1.07558643e-01  9.89241094e-01  9.91624758e-02 -2.71471478e+02]
 [-5.36221389e-02 -1.05368172e-01  9.92986513e-01 -4.99813008e+00]
 [ 9.92751633e-01  1.01486978e-01  6.43784809e-02 -1.74261216e+02]
 [ 0.00000000e+00  0.00000000e+00  0.00000000e+00  1.00000000e+00]]

[[-1.07779486e-01  9.88881189e-01  1.02457678e-01 -2.74382658e+02]
 [-4.96566631e-02 -1.08284040e-01  9.92879037e-01 -7.12055790e+00]
 [ 9.92933935e-01  1.01924285e-01  6.07753382e-02 -1.71036050e+02]
 [ 0.00000000e+00  0.00000000e+00  0.00000000e+00  1.00000000e+00]]

[[-1.06016568e-01  9.88476641e-01  1.08048216e-01 -2.78517624e+02]
 [-4.40137556e-02 -1.13218938e-01  9.92594712e-01 -4.84509949e+00]
 [ 9.93389791e-01  1.00475877e-01  5.55096525e-02 -1.66924005e+02]
 [ 0.00000000e+00  0.00000000e+00  0.00000000e+00  1.00000000e+00]]

[[-1.07479163e-01  9.89998941e-01  9.13801158e-02 -2.63818758e+02]
 [-4.44914594e-02 -9.66098617e-02  9.94327433e-01 -6.38360260e+00]
 [ 9.93211327e-01  1.02803845e-01  5.44300448e-02 -1.65204388e+02]
 [ 0.00000000e+00  0.00000000e+00  0.00000000e+00  1.00000000e+00]]

[[-1.04985967e-01  9.90008423e-01  9.41343144e-02 -2.66063980e+02]
 [-4.39109378e-02 -9.91799352e-02  9.94100181e-01 -6.12371013e+00]
 [ 9.93503788e-01  1.00233043e-01  5.38846997e-02 -1.64988727e+02]
 [ 0.00000000e+00  0.00000000e+00  0.00000000e+00  1.00000000e+00]]

[[-1.07731977e-01  9.89941687e-01  9.17021089e-02 -2.63781294e+02]
 [-5.49459131e-02 -9.80266640e-02  9.93665799e-01 -5.21407554e+00]
 [ 9.92660449e-01  1.02010925e-01  6.49538562e-02 -1.74309069e+02]
 [ 0.00000000e+00  0.00000000e+00  0.00000000e+00  1.00000000e+00]]

[[-1.07774812e-01  9.90785094e-01  8.20334505e-02 -2.55198163e+02]
 [-5.03573486e-02 -8.78485830e-02  9.94860173e-01 -4.74925173e+00]
 [ 9.92899153e-01  1.03089881e-01  5.93611749e-02 -1.69365150e+02]
 [ 0.00000000e+00  0.00000000e+00  0.00000000e+00  1.00000000e+00]]

[[-1.07053373e-01  9.90972982e-01  8.06977401e-02 -2.54639118e+02]
 [-4.80538606e-02 -8.62263065e-02  9.95115999e-01 -6.39694932e+00]
 [ 9.93091336e-01  1.02652686e-01  5.68508945e-02 -1.67139855e+02]
 [ 0.00000000e+00  0.00000000e+00  0.00000000e+00  1.00000000e+00]]

[[-1.06501575e-01  9.90092062e-01  9.15157044e-02 -2.64520672e+02]
 [-4.04808206e-02 -9.62803924e-02  9.94530738e-01 -5.81647231e+00]
 [ 9.93488157e-01  1.02214459e-01  5.03337525e-02 -1.62304995e+02]
 [ 0.00000000e+00  0.00000000e+00  0.00000000e+00  1.00000000e+00]]

[[-1.06700281e-01  9.89323770e-01  9.92649387e-02 -2.71116537e+02]
 [-4.49691233e-02 -1.04534372e-01  9.93504073e-01 -7.37799331e+00]
 [ 9.93273793e-01  1.01543306e-01  5.56428694e-02 -1.67019996e+02]
 [ 0.00000000e+00  0.00000000e+00  0.00000000e+00  1.00000000e+00]]

[[-1.04227057e-01  9.89637244e-01  9.87666241e-02 -2.70776808e+02]
 [-4.25968735e-02 -1.03658365e-01  9.93700382e-01 -7.06460535e+00]
 [ 9.93640894e-01  9.93633173e-02  5.29594589e-02 -1.65348800e+02]
 [ 0.00000000e+00  0.00000000e+00  0.00000000e+00  1.00000000e+00]]

[[-1.05116009e-01  9.88747076e-01  1.06441740e-01 -2.77820085e+02]
 [-3.99396098e-02 -1.11145786e-01  9.93001229e-01 -7.13812536e+00]
 [ 9.93657613e-01  1.00129085e-01  5.11733738e-02 -1.64051715e+02]
 [ 0.00000000e+00  0.00000000e+00  0.00000000e+00  1.00000000e+00]]

[[-1.02046660e-01  9.88904456e-01  1.07955803e-01 -2.79427279e+02]
 [-4.09948223e-02 -1.12610644e-01  9.92793164e-01 -7.58322026e+00]
 [ 9.93934557e-01  9.68855972e-02  5.20315025e-02 -1.65428042e+02]
 [ 0.00000000e+00  0.00000000e+00  0.00000000e+00  1.00000000e+00]]

[[-1.05429928e-01  9.89873809e-01  9.50493206e-02 -2.68447406e+02]
 [-4.40397790e-02 -1.00136002e-01  9.93998631e-01 -7.89266051e+00]
 [ 9.93451070e-01  1.00611253e-01  5.41511552e-02 -1.67045499e+02]
 [ 0.00000000e+00  0.00000000e+00  0.00000000e+00  1.00000000e+00]]

[[-1.06223073e-01  9.92054494e-01  6.74131952e-02 -2.44003143e+02]
 [-6.06854916e-02 -7.41383476e-02  9.95399807e-01 -5.58149499e+00]
 [ 9.92488756e-01  1.01643424e-01  6.80785178e-02 -1.78986630e+02]
 [ 0.00000000e+00  0.00000000e+00  0.00000000e+00  1.00000000e+00]]

[[-1.04447916e-01  9.90434526e-01  9.01669656e-02 -2.64776433e+02]
 [-4.76334766e-02 -9.55407875e-02  9.94285175e-01 -6.88115704e+00]
 [ 9.93388990e-01  9.95560488e-02  5.71568760e-02 -1.70191910e+02]
 [ 0.00000000e+00  0.00000000e+00  0.00000000e+00  1.00000000e+00]]

[[-1.05995320e-01  9.91380847e-01  7.70000532e-02 -2.54018737e+02]
 [-5.23280826e-02 -8.28901881e-02  9.95183897e-01 -6.37619932e+00]
 [ 9.92988804e-01  1.01455570e-01  6.06630309e-02 -1.72548908e+02]
 [ 0.00000000e+00  0.00000000e+00  0.00000000e+00  1.00000000e+00]]

[[-1.07885846e-01  9.91206159e-01  7.66224120e-02 -2.53583216e+02]
 [-6.64633098e-02 -8.40909288e-02  9.94239078e-01 -5.81941298e+00]
 [ 9.91939148e-01  1.02171745e-01  7.49510630e-02 -1.85279597e+02]
 [ 0.00000000e+00  0.00000000e+00  0.00000000e+00  1.00000000e+00]]

[[-1.07004449e-01  9.90931818e-01  8.12661050e-02 -2.57581747e+02]
 [-6.31097098e-02 -8.83398547e-02  9.94089148e-01 -6.12714712e+00]
 [ 9.92253603e-01  1.01243281e-01  7.19901770e-02 -1.82542625e+02]
 [ 0.00000000e+00  0.00000000e+00  0.00000000e+00  1.00000000e+00]]

[[-1.07539807e-01  9.90169002e-01  8.94457276e-02 -2.64087777e+02]
 [-4.89926950e-02 -9.51360721e-02  9.94257936e-01 -5.65556270e+00]
 [ 9.92992903e-01  1.02540119e-01  5.87419627e-02 -1.69465776e+02]
 [ 0.00000000e+00  0.00000000e+00  0.00000000e+00  1.00000000e+00]]

[[-1.08005878e-01  9.92028267e-01  6.49203119e-02 -2.42385833e+02]
 [-6.63165749e-02 -7.23462081e-02  9.95172416e-01 -4.80492804e+00]
 [ 9.91935906e-01  1.03179178e-01  7.36017326e-02 -1.83102503e+02]
 [ 0.00000000e+00  0.00000000e+00  0.00000000e+00  1.00000000e+00]]

[[-1.07172859e-01  9.90209659e-01  8.94360636e-02 -2.63462007e+02]
 [-6.00852248e-02 -9.62403001e-02  9.93542938e-01 -5.17858280e+00]
 [ 9.92423168e-01  1.01107052e-01  6.98113181e-02 -1.80364036e+02]
 [ 0.00000000e+00  0.00000000e+00  0.00000000e+00  1.00000000e+00]]

[[-1.09122897e-01  9.89585530e-01  9.38758365e-02 -2.66888733e+02]
 [-7.22579700e-02 -1.02086875e-01  9.92147699e-01 -3.83623255e+00]
 [ 9.91398497e-01  1.01482753e-01  8.26454570e-02 -1.91084885e+02]
 [ 0.00000000e+00  0.00000000e+00  0.00000000e+00  1.00000000e+00]]

[[-1.10859936e-01  9.90211222e-01  8.48045384e-02 -2.57552958e+02]
 [-7.68111634e-02 -9.36121189e-02  9.92641333e-01 -2.35156961e+00]
 [ 9.90863320e-01  1.03530219e-01  8.64371095e-02 -1.93117555e+02]
 [ 0.00000000e+00  0.00000000e+00  0.00000000e+00  1.00000000e+00]]

[[-1.09457546e-01  9.89273118e-01  9.67354330e-02 -2.69268547e+02]
 [-6.34009091e-02 -1.04070529e-01  9.92547052e-01 -3.69074802e+00]
 [ 9.91967424e-01  1.02508650e-01  7.41121197e-02 -1.83031115e+02]
 [ 0.00000000e+00  0.00000000e+00  0.00000000e+00  1.00000000e+00]]

[[-1.12745626e-01  9.90028310e-01  8.44533582e-02 -2.57457844e+02]
 [-7.81236327e-02 -9.35647170e-02  9.92543370e-01 -1.33400090e+00]
 [ 9.90547890e-01  1.05307120e-01  8.78936206e-02 -1.94181076e+02]
 [ 0.00000000e+00  0.00000000e+00  0.00000000e+00  1.00000000e+00]]

[[-1.11822283e-01  9.89786188e-01  8.84255569e-02 -2.60248201e+02]
 [-7.22951030e-02 -9.68507996e-02  9.92669804e-01 -2.20771514e+00]
 [ 9.91094948e-01  1.04609869e-01  8.23867720e-02 -1.88913167e+02]
 [ 0.00000000e+00  0.00000000e+00  0.00000000e+00  1.00000000e+00]]

[[-1.12771227e-01  9.89902952e-01  8.58766280e-02 -2.57739602e+02]
 [-6.94986207e-02 -9.40745256e-02  9.93136408e-01 -1.98337448e+00]
 [ 9.91187466e-01  1.06028904e-01  7.94057895e-02 -1.85398845e+02]
 [ 0.00000000e+00  0.00000000e+00  0.00000000e+00  1.00000000e+00]]

[[-1.09912067e-01  9.90356916e-01  8.43357340e-02 -2.57037133e+02]
 [-6.04036771e-02 -9.13484569e-02  9.93985340e-01 -2.57444514e+00]
 [ 9.92104195e-01  1.04156794e-01  6.98614970e-02 -1.77977990e+02]
 [ 0.00000000e+00  0.00000000e+00  0.00000000e+00  1.00000000e+00]]

[[-1.08894136e-01  9.87807761e-01  1.11255985e-01 -2.79818412e+02]
 [-5.66003382e-02 -1.17901328e-01  9.91410953e-01 -2.26468894e+00]
 [ 9.92440663e-01  1.01661712e-01  6.87490166e-02 -1.78333002e+02]
 [ 0.00000000e+00  0.00000000e+00  0.00000000e+00  1.00000000e+00]]

[[-1.06962037e-01  9.88816657e-01  1.03926615e-01 -2.72677919e+02]
 [-5.85346864e-02 -1.10607593e-01  9.92138927e-01 -3.39442314e+00]
 [ 9.92538570e-01  1.00037889e-01  6.97108863e-02 -1.78184001e+02]
 [ 0.00000000e+00  0.00000000e+00  0.00000000e+00  1.00000000e+00]]

[[-1.10584754e-01  9.88295277e-01  1.05087853e-01 -2.74803342e+02]
 [-6.35463729e-02 -1.12551002e-01  9.91611885e-01 -2.90128416e+00]
 [ 9.91833086e-01  1.02979204e-01  7.52490052e-02 -1.82681529e+02]
 [ 0.00000000e+00  0.00000000e+00  0.00000000e+00  1.00000000e+00]]

[[-1.09586741e-01  9.88505321e-01  1.04153616e-01 -2.73465710e+02]
 [-6.77738205e-02 -1.11971828e-01  9.91397508e-01 -3.08592981e+00]
 [ 9.91663983e-01  1.01585133e-01  7.92654099e-02 -1.85507585e+02]
 [ 0.00000000e+00  0.00000000e+00  0.00000000e+00  1.00000000e+00]]

[[-1.11006722e-01  9.88892258e-01  9.88413399e-02 -2.68220788e+02]
 [-7.36259779e-02 -1.07365739e-01  9.91489694e-01 -1.55374508e+00]
 [ 9.91088656e-01  1.02784730e-01  8.47264783e-02 -1.90094116e+02]
 [ 0.00000000e+00  0.00000000e+00  0.00000000e+00  1.00000000e+00]]

[[-1.11927288e-01  9.89203862e-01  9.45938783e-02 -2.63674949e+02]
 [-6.68705705e-02 -1.02474015e-01  9.92485467e-01 -2.04343835e+00]
 [ 9.91463872e-01  1.04760660e-01  7.76182651e-02 -1.82576593e+02]
 [ 0.00000000e+00  0.00000000e+00  0.00000000e+00  1.00000000e+00]]

[[-1.13110812e-01  9.87363278e-01  1.10994155e-01 -2.77214520e+02]
 [-5.52091809e-02 -1.17784234e-01  9.91503313e-01 -2.01733104e+00]
 [ 9.92047323e-01  1.06021849e-01  6.78341882e-02 -1.73924494e+02]
 [ 0.00000000e+00  0.00000000e+00  0.00000000e+00  1.00000000e+00]]

[[-1.13787310e-01  9.89142523e-01  9.30027853e-02 -2.61392018e+02]
 [-7.39936350e-02 -1.01788155e-01  9.92050459e-01 -6.23971199e-01]
 [ 9.90745876e-01  1.06001139e-01  8.47724512e-02 -1.88315544e+02]
 [ 0.00000000e+00  0.00000000e+00  0.00000000e+00  1.00000000e+00]]

[[-1.11759872e-01  9.85515438e-01  1.27550192e-01 -2.90605184e+02]
 [-6.67776857e-02 -1.35512164e-01  9.88522733e-01  1.15160356e+00]
 [ 9.91489017e-01  1.01959668e-01  8.09552624e-02 -1.84990610e+02]
 [ 0.00000000e+00  0.00000000e+00  0.00000000e+00  1.00000000e+00]]

[[-1.14044508e-01  9.87312968e-01  1.10485081e-01 -2.74969567e+02]
 [-7.84991799e-02 -1.19818249e-01  9.89687560e-01  7.53151949e-01]
 [ 9.90369491e-01  1.04195443e-01  9.11678716e-02 -1.93164435e+02]
 [ 0.00000000e+00  0.00000000e+00  0.00000000e+00  1.00000000e+00]]

[[-1.10844292e-01  9.85449073e-01  1.28855216e-01 -2.91095714e+02]
 [-5.91345420e-02 -1.35964155e-01  9.88947347e-01  1.05475201e-01]
 [ 9.92076937e-01  1.01999374e-01  7.33449301e-02 -1.77747845e+02]
 [ 0.00000000e+00  0.00000000e+00  0.00000000e+00  1.00000000e+00]]

[[-1.13383596e-01  9.87493318e-01  1.09549561e-01 -2.72663811e+02]
 [-7.67307698e-02 -1.18634383e-01  9.89968824e-01  1.19274912e+00]
 [ 9.90583944e-01  1.03840403e-01  8.92223154e-02 -1.90460567e+02]
 [ 0.00000000e+00  0.00000000e+00  0.00000000e+00  1.00000000e+00]]

[[-1.13962419e-01  9.85273340e-01  1.27471617e-01 -2.88102348e+02]
 [-7.24245505e-02 -1.36205277e-01  9.88029760e-01  1.35318021e+00]
 [ 9.90841688e-01  1.03366187e-01  8.68802616e-02 -1.87457415e+02]
 [ 0.00000000e+00  0.00000000e+00  0.00000000e+00  1.00000000e+00]]

[[-1.10337891e-01  9.86210451e-01  1.23347058e-01 -2.85264319e+02]
 [-5.84727511e-02 -1.30331075e-01  9.89744790e-01  2.24404798e+00]
 [ 9.92172610e-01  1.01993911e-01  7.20468942e-02 -1.75278114e+02]
 [ 0.00000000e+00  0.00000000e+00  0.00000000e+00  1.00000000e+00]]

[[-1.07316600e-01  9.86004401e-01  1.27587100e-01 -2.91483185e+02]
 [-5.67052807e-02 -1.34189474e-01  9.89331944e-01  2.32200358e-01]
 [ 9.92606497e-01  9.89368785e-02  7.03124144e-02 -1.75107363e+02]
 [ 0.00000000e+00  0.00000000e+00  0.00000000e+00  1.00000000e+00]]

[[-1.12247825e-01  9.86351832e-01  1.20459489e-01 -2.83510905e+02]
 [-7.47649351e-02 -1.29265271e-01  9.88787487e-01  7.80572457e-01]
 [ 9.90863578e-01  1.01983099e-01  8.82542763e-02 -1.90305584e+02]
 [ 0.00000000e+00  0.00000000e+00  0.00000000e+00  1.00000000e+00]]

[[-1.11670732e-01  9.85850328e-01  1.25015116e-01 -2.87195599e+02]
 [-6.46477035e-02 -1.32742468e-01  9.89039995e-01  3.24842406e-01]
 [ 9.91640218e-01  1.02364880e-01  7.85564083e-02 -1.82104927e+02]
 [ 0.00000000e+00  0.00000000e+00  0.00000000e+00  1.00000000e+00]]

[[-1.13372777e-01  9.87240429e-01  1.11816584e-01 -2.75425102e+02]
 [-7.81813311e-02 -1.21057708e-01  9.89561878e-01  1.62899285e+00]
 [ 9.90471753e-01  1.03447408e-01  9.09084194e-02 -1.92458073e+02]
 [ 0.00000000e+00  0.00000000e+00  0.00000000e+00  1.00000000e+00]]

[[-1.14060055e-01  9.87879933e-01  1.05278404e-01 -2.70053640e+02]
 [-8.11739300e-02 -1.14882704e-01  9.90056947e-01  9.78852181e-01]
 [ 9.90152058e-01  1.04380088e-01  9.32936240e-02 -1.93690330e+02]
 [ 0.00000000e+00  0.00000000e+00  0.00000000e+00  1.00000000e+00]]

[[-1.13005247e-01  9.86660601e-01  1.17177948e-01 -2.80328475e+02]
 [-6.98620630e-02 -1.25531728e-01  9.89626736e-01  7.26092738e-01]
 [ 9.91135261e-01  1.03646721e-01  8.31158891e-02 -1.84824972e+02]
 [ 0.00000000e+00  0.00000000e+00  0.00000000e+00  1.00000000e+00]]

[[-1.12229123e-01  9.87564230e-01  1.10097755e-01 -2.73983785e+02]
 [-7.31105825e-02 -1.18703899e-01  9.90234430e-01  1.05540005e+00]
 [ 9.90989136e-01  1.03083831e-01  8.55234305e-02 -1.87178482e+02]
 [ 0.00000000e+00  0.00000000e+00  0.00000000e+00  1.00000000e+00]]

[[-1.12862845e-01  9.86845752e-01  1.15747314e-01 -2.78810604e+02]
 [-6.74238000e-02 -1.23829552e-01  9.90010239e-01  1.15393905e+00]
 [ 9.91320336e-01  1.03931248e-01  8.05126461e-02 -1.83379353e+02]
 [ 0.00000000e+00  0.00000000e+00  0.00000000e+00  1.00000000e+00]]

[[-1.11660843e-01  9.85328105e-01  1.29075099e-01 -2.90783083e+02]
 [-6.04774847e-02 -1.36384508e-01  9.88808242e-01 -4.97794859e-01]
 [ 9.91904396e-01  1.02605025e-01  7.48189746e-02 -1.78689414e+02]
 [ 0.00000000e+00  0.00000000e+00  0.00000000e+00  1.00000000e+00]]

[[-1.10446816e-01  9.85251066e-01  1.30697506e-01 -2.92609859e+02]
 [-7.31333899e-02 -1.39202030e-01  9.87559771e-01 -3.04859058e-01]
 [ 9.91187675e-01  9.95144811e-02  8.74291715e-02 -1.90582326e+02]
 [ 0.00000000e+00  0.00000000e+00  0.00000000e+00  1.00000000e+00]]

[[-1.11947132e-01  9.87840574e-01  1.07883452e-01 -2.71752654e+02]
 [-6.64559464e-02 -1.15765190e-01  9.91050971e-01 -1.04176271e+00]
 [ 9.91489509e-01  1.03775817e-01  7.86074612e-02 -1.82811500e+02]
 [ 0.00000000e+00  0.00000000e+00  0.00000000e+00  1.00000000e+00]]

[[-1.09585203e-01  9.85377218e-01  1.30471533e-01 -2.91711015e+02]
 [-6.57772336e-02 -1.38163483e-01  9.88222752e-01 -1.14871870e+00]
 [ 9.91798588e-01  9.97125340e-02  7.99560607e-02 -1.84359318e+02]
 [ 0.00000000e+00  0.00000000e+00  0.00000000e+00  1.00000000e+00]]

[[-1.09699429e-01  9.86193067e-01  1.24053495e-01 -2.85602285e+02]
 [-5.63268237e-02 -1.30774098e-01  9.89810802e-01 -3.11365719e+00]
 [ 9.92367535e-01  1.01594140e-01  6.98949669e-02 -1.75441517e+02]
 [ 0.00000000e+00  0.00000000e+00  0.00000000e+00  1.00000000e+00]]

[[-1.09199761e-01  9.85114531e-01  1.32758323e-01 -2.92821453e+02]
 [-7.12769368e-02 -1.40973320e-01  9.87444237e-01 -1.40425547e+00]
 [ 9.91461048e-01  9.83660684e-02  8.56101991e-02 -1.89868632e+02]
 [ 0.00000000e+00  0.00000000e+00  0.00000000e+00  1.00000000e+00]]

[[-1.08407203e-01  9.86324455e-01  1.24144864e-01 -2.84900800e+02]
 [-5.96131141e-02 -1.31106016e-01  9.89574398e-01 -2.76923848e+00]
 [ 9.92317568e-01  9.98763304e-02  7.30107088e-02 -1.78822205e+02]
 [ 0.00000000e+00  0.00000000e+00  0.00000000e+00  1.00000000e+00]]

[[-1.12624715e-01  9.88074528e-01  1.04997142e-01 -2.67621394e+02]
 [-8.67752734e-02 -1.15046281e-01  9.89562734e-01 -9.93432833e-01]
 [ 9.89841263e-01  1.02338065e-01  9.86974920e-02 -2.00516050e+02]
 [ 0.00000000e+00  0.00000000e+00  0.00000000e+00  1.00000000e+00]]

[[-1.10116320e-01  9.87665619e-01  1.11314959e-01 -2.73159749e+02]
 [-6.42240662e-02 -1.18832607e-01  9.90835042e-01 -3.75932078e+00]
 [ 9.91841553e-01  1.01958009e-01  7.65173115e-02 -1.81340393e+02]
 [ 0.00000000e+00  0.00000000e+00  0.00000000e+00  1.00000000e+00]]

[[-1.12375557e-01  9.88704434e-01  9.91729627e-02 -2.61381222e+02]
 [-7.58275928e-02 -1.08046792e-01  9.91249750e-01 -3.56448556e+00]
 [ 9.90768343e-01  1.03872195e-01  8.71128956e-02 -1.90824770e+02]
 [ 0.00000000e+00  0.00000000e+00  0.00000000e+00  1.00000000e+00]]

[[-1.08994333e-01  9.86990575e-01  1.18194078e-01 -2.77906853e+02]
 [-6.00534058e-02 -1.25223271e-01  9.90309407e-01 -4.08222466e+00]
 [ 9.92226700e-01  1.00840156e-01  7.29207724e-02 -1.78921983e+02]
 [ 0.00000000e+00  0.00000000e+00  0.00000000e+00  1.00000000e+00]]

[[-1.08259023e-01  9.86663724e-01  1.21551139e-01 -2.80816400e+02]
 [-5.62793879e-02 -1.28156449e-01  9.90155824e-01 -5.06408931e+00]
 [ 9.92528395e-01  1.00352479e-01  6.94029224e-02 -1.75995013e+02]
 [ 0.00000000e+00  0.00000000e+00  0.00000000e+00  1.00000000e+00]]

[[-1.10601658e-01  9.89086283e-01  9.73426809e-02 -2.58772388e+02]
 [-6.30409388e-02 -1.04728095e-01  9.92500814e-01 -3.53817780e+00]
 [ 9.91863455e-01  1.03635661e-01  7.39360288e-02 -1.79451048e+02]
 [ 0.00000000e+00  0.00000000e+00  0.00000000e+00  1.00000000e+00]]

[[-1.07083712e-01  9.86550914e-01  1.23492400e-01 -2.81913418e+02]
 [-5.77952773e-02 -1.30173083e-01  9.89805372e-01 -4.95908470e+00]
 [ 9.92568781e-01  9.88547557e-02  7.09574005e-02 -1.77284528e+02]
 [ 0.00000000e+00  0.00000000e+00  0.00000000e+00  1.00000000e+00]]

[[-1.10580865e-01  9.88349188e-01  1.04583725e-01 -2.64957959e+02]
 [-7.49044974e-02 -1.13217643e-01  9.90742692e-01 -1.74169473e+00]
 [ 9.91040458e-01  1.01723393e-01  8.65515041e-02 -1.90359745e+02]
 [ 0.00000000e+00  0.00000000e+00  0.00000000e+00  1.00000000e+00]]

[[-1.11926769e-01  9.89215795e-01  9.44696211e-02 -2.55107911e+02]
 [-6.63123462e-02 -1.02290301e-01  9.92541872e-01 -3.11734864e+00]
 [ 9.91501423e-01  1.04827503e-01  7.70462432e-02 -1.82016682e+02]
 [ 0.00000000e+00  0.00000000e+00  0.00000000e+00  1.00000000e+00]]

[[-1.09553753e-01  9.89327569e-01  9.60673573e-02 -2.56583286e+02]
 [-6.32647212e-02 -1.03393352e-01  9.92626511e-01 -3.82360400e+00]
 [ 9.91965499e-01  1.02668285e-01  7.39166625e-02 -1.79103208e+02]
 [ 0.00000000e+00  0.00000000e+00  0.00000000e+00  1.00000000e+00]]

[[-1.08009237e-01  9.88530579e-01  1.05552351e-01 -2.65025131e+02]
 [-5.54526529e-02 -1.11998770e-01  9.92159906e-01 -4.72501909e+00]
 [ 9.92602140e-01  1.01309276e-01  6.69135448e-02 -1.73741272e+02]
 [ 0.00000000e+00  0.00000000e+00  0.00000000e+00  1.00000000e+00]]

[[-1.09992938e-01  9.87685881e-01  1.11257154e-01 -2.69794197e+02]
 [-6.90206319e-02 -1.19256252e-01  9.90461558e-01 -3.86657839e+00]
 [ 9.91533008e-01  1.01264738e-01  8.12880491e-02 -1.86543113e+02]
 [ 0.00000000e+00  0.00000000e+00  0.00000000e+00  1.00000000e+00]]

[[-1.08769396e-01  9.88169455e-01  1.08121910e-01 -2.66862811e+02]
 [-6.23496187e-02 -1.15334800e-01  9.91367948e-01 -4.59654329e+00]
 [ 9.92109744e-01  1.01089133e-01  7.41568852e-02 -1.80106705e+02]
 [ 0.00000000e+00  0.00000000e+00  0.00000000e+00  1.00000000e+00]]

[[-1.09445615e-01  9.87867907e-01  1.10175563e-01 -2.68771268e+02]
 [-5.77372639e-02 -1.16972370e-01  9.91455432e-01 -4.05683377e+00]
 [ 9.92314499e-01  1.02149214e-01  6.98389031e-02 -1.76246148e+02]
 [ 0.00000000e+00  0.00000000e+00  0.00000000e+00  1.00000000e+00]]

[[-1.06902933e-01  9.88666678e-01  1.05403809e-01 -2.65367690e+02]
 [-6.48085273e-02 -1.12714753e-01  9.91511593e-01 -3.73356333e+00]
 [ 9.92155037e-01  9.91644321e-02  7.61235691e-02 -1.82087931e+02]
 [ 0.00000000e+00  0.00000000e+00  0.00000000e+00  1.00000000e+00]]

[[-1.07004403e-01  9.88757004e-01  1.04449242e-01 -2.65349122e+02]
 [-6.70512156e-02 -1.11989514e-01  9.91444645e-01 -4.12107242e+00]
 [ 9.91995057e-01  9.90854941e-02  7.82807303e-02 -1.83757661e+02]
 [ 0.00000000e+00  0.00000000e+00  0.00000000e+00  1.00000000e+00]]

[[-1.08773051e-01  9.89363229e-01  9.65858360e-02 -2.58311288e+02]
 [-6.55138093e-02 -1.04085852e-01  9.92408221e-01 -3.90756028e+00]
 [ 9.91905421e-01  1.01619564e-01  7.61386897e-02 -1.81557435e+02]
 [ 0.00000000e+00  0.00000000e+00  0.00000000e+00  1.00000000e+00]]

[[-1.10034187e-01  9.90272166e-01  8.51675721e-02 -2.48200751e+02]
 [-6.69345361e-02 -9.28761904e-02  9.93425277e-01 -3.70190782e+00]
 [ 9.91671440e-01  1.03610091e-01  7.65029642e-02 -1.81670636e+02]
 [ 0.00000000e+00  0.00000000e+00  0.00000000e+00  1.00000000e+00]]

[[-1.09306407e-01  9.89820578e-01  9.11445731e-02 -2.53573867e+02]
 [-6.57889004e-02 -9.86969594e-02  9.92940447e-01 -4.33116796e+00]
 [ 9.91828579e-01  1.02538451e-01  7.59074174e-02 -1.81147000e+02]
 [ 0.00000000e+00  0.00000000e+00  0.00000000e+00  1.00000000e+00]]

[[-1.08781345e-01  9.88485366e-01  1.05182227e-01 -2.66156148e+02]
 [-6.11941815e-02 -1.12268391e-01  9.91791853e-01 -4.66070902e+00]
 [ 9.92180372e-01  1.01451911e-01  7.27022594e-02 -1.78506520e+02]
 [ 0.00000000e+00  0.00000000e+00  0.00000000e+00  1.00000000e+00]]

[[-1.08574990e-01  9.87834972e-01  1.11326274e-01 -2.71371048e+02]
 [-6.42943804e-02 -1.18731948e-01  9.90842549e-01 -3.31832221e+00]
 [ 9.92006907e-01  1.00423066e-01  7.64035575e-02 -1.82238691e+02]
 [ 0.00000000e+00  0.00000000e+00  0.00000000e+00  1.00000000e+00]]

[[-1.07571889e-01  9.87884916e-01  1.11855631e-01 -2.71989475e+02]
 [-6.03284063e-02 -1.18787230e-01  9.91085303e-01 -4.61721866e+00]
 [ 9.92365241e-01  9.98648463e-02  7.23756893e-02 -1.78591240e+02]
 [ 0.00000000e+00  0.00000000e+00  0.00000000e+00  1.00000000e+00]]

[[-1.07043582e-01  9.88240469e-01  1.09189957e-01 -2.69183714e+02]
 [-6.55337493e-02 -1.16594966e-01  9.91015107e-01 -4.35609191e+00]
 [ 9.92092233e-01  9.89261800e-02  7.72438460e-02 -1.83458387e+02]
 [ 0.00000000e+00  0.00000000e+00  0.00000000e+00  1.00000000e+00]]

[[-1.07982789e-01  9.88378634e-01  1.06992493e-01 -2.66538326e+02]
 [-7.08635800e-02 -1.15000376e-01  9.90834631e-01 -4.93262323e+00]
 [ 9.91623956e-01  9.94112159e-02  8.24581097e-02 -1.88477525e+02]
 [ 0.00000000e+00  0.00000000e+00  0.00000000e+00  1.00000000e+00]]

[[-1.07644291e-01  9.89357398e-01  9.79012022e-02 -2.57945623e+02]
 [-7.25263569e-02 -1.06025520e-01  9.91714937e-01 -3.53507645e+00]
 [ 9.91540536e-01  9.96520342e-02  8.31675297e-02 -1.88258378e+02]
 [ 0.00000000e+00  0.00000000e+00  0.00000000e+00  1.00000000e+00]]

[[-1.09079797e-01  9.89233678e-01  9.75619231e-02 -2.56907762e+02]
 [-7.60926341e-02 -1.06169263e-01  9.91432297e-01 -5.86694767e+00]
 [ 9.91116294e-01  1.00721490e-01  8.68543180e-02 -1.91617262e+02]
 [ 0.00000000e+00  0.00000000e+00  0.00000000e+00  1.00000000e+00]]

[[-1.08011291e-01  9.88091458e-01  1.09584818e-01 -2.66997029e+02]
 [-6.82645291e-02 -1.17341055e-01  9.90742666e-01 -4.26098289e+00]
 [ 9.91803164e-01  9.95306382e-02  8.01257569e-02 -1.86064636e+02]
 [ 0.00000000e+00  0.00000000e+00  0.00000000e+00  1.00000000e+00]]

[[-1.08042718e-01  9.89198455e-01  9.90615390e-02 -2.57142828e+02]
 [-6.02352027e-02 -1.05975477e-01  9.92542653e-01 -5.89119701e+00]
 [ 9.92319753e-01  1.01270014e-01  7.10344480e-02 -1.77916063e+02]
 [ 0.00000000e+00  0.00000000e+00  0.00000000e+00  1.00000000e+00]]

[[-1.08290945e-01  9.88547689e-01  1.05102508e-01 -2.61791950e+02]
 [-6.00767933e-02 -1.12038595e-01  9.91886149e-01 -5.60776084e+00]
 [ 9.92302298e-01  1.01098067e-01  7.15215405e-02 -1.78381317e+02]
 [ 0.00000000e+00  0.00000000e+00  0.00000000e+00  1.00000000e+00]]

[[-1.09718568e-01  9.87229621e-01  1.15496804e-01 -2.70396981e+02]
 [-5.42707716e-02 -1.21975093e-01  9.91048314e-01 -6.38704207e+00]
 [ 9.92479984e-01  1.02468301e-01  6.69606457e-02 -1.74920680e+02]
 [ 0.00000000e+00  0.00000000e+00  0.00000000e+00  1.00000000e+00]]

[[-1.06631355e-01  9.86658858e-01  1.23020538e-01 -2.77068520e+02]
 [-5.79572232e-02 -1.29683314e-01  9.89860191e-01 -7.47383101e+00]
 [ 9.92608037e-01  9.84202048e-02  7.10123151e-02 -1.78553899e+02]
 [ 0.00000000e+00  0.00000000e+00  0.00000000e+00  1.00000000e+00]]

[[-1.07133672e-01  9.85818877e-01  1.29164691e-01 -2.82164887e+02]
 [-5.56644520e-02 -1.35655848e-01  9.89191063e-01 -5.81695937e+00]
 [ 9.92685169e-01  9.87857895e-02  6.94083767e-02 -1.77381504e+02]
 [ 0.00000000e+00  0.00000000e+00  0.00000000e+00  1.00000000e+00]]

[[-1.05502120e-01  9.88080765e-01  1.12096850e-01 -2.66610885e+02]
 [-7.22860083e-02 -1.20047990e-01  9.90132927e-01 -5.17198907e+00]
 [ 9.91788302e-01  9.63580886e-02  8.40897318e-02 -1.90504185e+02]
 [ 0.00000000e+00  0.00000000e+00  0.00000000e+00  1.00000000e+00]]

[[-1.07824102e-01  9.88133482e-01  1.09390055e-01 -2.63990241e+02]
 [-7.55600518e-02 -1.17858495e-01  9.90151531e-01 -5.40254970e+00]
 [ 9.91294427e-01  9.84966814e-02  8.73714034e-02 -1.92656815e+02]
 [ 0.00000000e+00  0.00000000e+00  0.00000000e+00  1.00000000e+00]]

[[-1.05115027e-01  9.88012083e-01  1.13061731e-01 -2.66964532e+02]
 [-5.83714938e-02 -1.19625452e-01  9.91101670e-01 -7.31819453e+00]
 [ 9.92745486e-01  9.75800964e-02  7.02461737e-02 -1.77806415e+02]
 [ 0.00000000e+00  0.00000000e+00  0.00000000e+00  1.00000000e+00]]

[[-1.06163159e-01  9.87327344e-01  1.17958038e-01 -2.70958772e+02]
 [-6.04277717e-02 -1.24815288e-01  9.90338138e-01 -6.38215322e+00]
 [ 9.92510891e-01  9.80094843e-02  7.29127766e-02 -1.80632354e+02]
 [ 0.00000000e+00  0.00000000e+00  0.00000000e+00  1.00000000e+00]]

[[-1.04055614e-01  9.86258656e-01  1.28321053e-01 -2.80166683e+02]
 [-5.88323058e-02 -1.34899318e-01  9.89111184e-01 -6.93211355e+00]
 [ 9.92829889e-01  9.53731483e-02  7.20609022e-02 -1.80753499e+02]
 [ 0.00000000e+00  0.00000000e+00  0.00000000e+00  1.00000000e+00]]

[[-1.04703978e-01  9.88247093e-01  1.11376659e-01 -2.64821567e+02]
 [-6.23671522e-02 -1.18296668e-01  9.91017778e-01 -7.81216967e+00]
 [ 9.92545926e-01  9.68172584e-02  7.40202885e-02 -1.82010110e+02]
 [ 0.00000000e+00  0.00000000e+00  0.00000000e+00  1.00000000e+00]]

[[-1.05799911e-01  9.87453959e-01  1.17222259e-01 -2.69821630e+02]
 [-6.36901655e-02 -1.24371037e-01  9.90189582e-01 -7.24740776e+00]
 [ 9.92345677e-01  9.72960642e-02  7.60495507e-02 -1.83824083e+02]
 [ 0.00000000e+00  0.00000000e+00  0.00000000e+00  1.00000000e+00]]

[[-1.04191877e-01  9.87199968e-01  1.20748810e-01 -2.72871045e+02]
 [-6.13846682e-02 -1.27561358e-01  9.89929302e-01 -6.93284213e+00]
 [ 9.92661058e-01  9.57304660e-02  7.38897998e-02 -1.82044664e+02]
 [ 0.00000000e+00  0.00000000e+00  0.00000000e+00  1.00000000e+00]]

[[-1.04711151e-01  9.88042844e-01  1.13167631e-01 -2.65832622e+02]
 [-5.75232855e-02 -1.19619959e-01  9.91151924e-01 -7.48557141e+00]
 [ 9.92837674e-01  9.72748849e-02  6.93610142e-02 -1.77720098e+02]
 [ 0.00000000e+00  0.00000000e+00  0.00000000e+00  1.00000000e+00]]

[[-1.06248739e-01  9.88607994e-01  1.06608811e-01 -2.61061709e+02]
 [-6.33741442e-02 -1.13730433e-01  9.91488329e-01 -7.00318992e+00]
 [ 9.92317955e-01  9.85881429e-02  7.47359007e-02 -1.82590526e+02]
 [ 0.00000000e+00  0.00000000e+00  0.00000000e+00  1.00000000e+00]]

[[-1.04955190e-01  9.88684581e-01  1.07178390e-01 -2.61514996e+02]
 [-6.86511051e-02 -1.14719632e-01  9.91022922e-01 -5.91752812e+00]
 [ 9.92104548e-01  9.66550839e-02  7.99147098e-02 -1.87258395e+02]
 [ 0.00000000e+00  0.00000000e+00  0.00000000e+00  1.00000000e+00]]

[[-1.06815180e-01  9.89438481e-01  9.79898404e-02 -2.52805193e+02]
 [-7.12947625e-02 -1.05921883e-01  9.91815311e-01 -5.96996590e+00]
 [ 9.91719504e-01  9.89547682e-02  8.18558464e-02 -1.88635459e+02]
 [ 0.00000000e+00  0.00000000e+00  0.00000000e+00  1.00000000e+00]]

[[-1.05665886e-01  9.89555718e-01  9.80520331e-02 -2.52868085e+02]
 [-6.56464256e-02 -1.05330596e-01  9.92268115e-01 -6.75594144e+00]
 [ 9.92232466e-01  9.84121245e-02  7.60906467e-02 -1.83943032e+02]
 [ 0.00000000e+00  0.00000000e+00  0.00000000e+00  1.00000000e+00]]

[[-1.03626431e-01  9.88087027e-01  1.13778691e-01 -2.67069838e+02]
 [-5.94855399e-02 -1.20346739e-01  9.90948098e-01 -6.48958147e+00]
 [ 9.92835854e-01  9.59202278e-02  7.12479932e-02 -1.80280952e+02]
 [ 0.00000000e+00  0.00000000e+00  0.00000000e+00  1.00000000e+00]]

[[-1.05084909e-01  9.88928203e-01  1.04776765e-01 -2.58969122e+02]
 [-6.88473267e-02 -1.12341928e-01  9.91281664e-01 -6.33461604e+00]
 [ 9.92077219e-01  9.69551431e-02  7.98905044e-02 -1.87658094e+02]
 [ 0.00000000e+00  0.00000000e+00  0.00000000e+00  1.00000000e+00]]

[[-1.04450483e-01  9.89136134e-01  1.03439862e-01 -2.57221013e+02]
 [-6.64648697e-02 -1.10718865e-01  9.91626822e-01 -6.36975243e+00]
 [ 9.92306665e-01  9.67007833e-02  7.73074431e-02 -1.85442303e+02]
 [ 0.00000000e+00  0.00000000e+00  0.00000000e+00  1.00000000e+00]]

[[-1.05635696e-01  9.88542781e-01  1.07815903e-01 -2.59236887e+02]
 [-6.87292125e-02 -1.15421328e-01  9.90936028e-01 -7.45093024e+00]
 [ 9.92026913e-01  9.72681146e-02  8.01343792e-02 -1.87263963e+02]
 [ 0.00000000e+00  0.00000000e+00  0.00000000e+00  1.00000000e+00]]

[[-1.00484631e-01  9.87726284e-01  1.19581048e-01 -2.69526452e+02]
 [-4.76869789e-02 -1.24832514e-01  9.91031178e-01 -1.14622558e+01]
 [ 9.93795145e-01  9.38809432e-02  5.96454315e-02 -1.72638558e+02]
 [ 0.00000000e+00  0.00000000e+00  0.00000000e+00  1.00000000e+00]]

[[-1.00231091e-01  9.88140978e-01  1.16323409e-01 -2.65957760e+02]
 [-4.27352266e-02 -1.21079820e-01  9.91722430e-01 -1.10745700e+01]
 [ 9.94045989e-01  9.44303138e-02  5.43643911e-02 -1.68437746e+02]
 [ 0.00000000e+00  0.00000000e+00  0.00000000e+00  1.00000000e+00]]

[[-1.00725103e-01  9.86983993e-01  1.25367660e-01 -2.74115545e+02]
 [-5.29534120e-02 -1.31148168e-01  9.89947521e-01 -1.15645754e+01]
 [ 9.93504096e-01  9.30739209e-02  6.54740828e-02 -1.78993671e+02]
 [ 0.00000000e+00  0.00000000e+00  0.00000000e+00  1.00000000e+00]]

[[-9.97186871e-02  9.88166161e-01  1.16549651e-01 -2.65494983e+02]
 [-4.82455413e-02 -1.21797509e-01  9.91381730e-01 -1.10518743e+01]
 [ 9.93845336e-01  9.32362835e-02  5.98200990e-02 -1.73585902e+02]
 [ 0.00000000e+00  0.00000000e+00  0.00000000e+00  1.00000000e+00]]

[[-9.96893629e-02  9.88549378e-01  1.13279118e-01 -2.64148162e+02]
 [-5.55823291e-02 -1.19200970e-01  9.91313136e-01 -1.12839625e+01]
 [ 9.93464964e-01  9.25270577e-02  6.68289456e-02 -1.80013473e+02]
 [ 0.00000000e+00  0.00000000e+00  0.00000000e+00  1.00000000e+00]]

[[-1.00409191e-01  9.89738377e-01  1.01665826e-01 -2.52940597e+02]
 [-5.47242469e-02 -1.07521372e-01  9.92695528e-01 -1.11585885e+01]
 [ 9.93440109e-01  9.41121692e-02  6.49588213e-02 -1.78258779e+02]
 [ 0.00000000e+00  0.00000000e+00  0.00000000e+00  1.00000000e+00]]

[[-1.00609725e-01  9.88858417e-01  1.09711957e-01 -2.60301594e+02]
 [-4.94777837e-02 -1.15107859e-01  9.92120018e-01 -1.07205162e+01]
 [ 9.93694939e-01  9.43886172e-02  6.05074928e-02 -1.74917837e+02]
 [ 0.00000000e+00  0.00000000e+00  0.00000000e+00  1.00000000e+00]]

[[-1.00167695e-01  9.89184387e-01  1.07147943e-01 -2.58781601e+02]
 [-4.63351652e-02 -1.12210343e-01  9.92603592e-01 -1.12244649e+01]
 [ 9.93891083e-01  9.44620964e-02  5.70738734e-02 -1.72324936e+02]
 [ 0.00000000e+00  0.00000000e+00  0.00000000e+00  1.00000000e+00]]

[[-1.00376638e-01  9.88576311e-01  1.12434014e-01 -2.63187217e+02]
 [-5.30173441e-02 -1.18158649e-01  9.91578386e-01 -1.03643956e+01]
 [ 9.93535954e-01  9.35703514e-02  6.42720582e-02 -1.78935442e+02]
 [ 0.00000000e+00  0.00000000e+00  0.00000000e+00  1.00000000e+00]]

[[-9.92275592e-02  9.88658446e-01  1.12731401e-01 -2.62799299e+02]
 [-4.28580108e-02 -1.17431659e-01  9.92155732e-01 -1.11991783e+01]
 [ 9.94141379e-01  9.36177480e-02  5.40243913e-02 -1.69891040e+02]
 [ 0.00000000e+00  0.00000000e+00  0.00000000e+00  1.00000000e+00]]

[[-9.83341935e-02  9.88465299e-01  1.15181330e-01 -2.64966462e+02]
 [-4.79740809e-02 -1.20316320e-01  9.91575751e-01 -1.13681827e+01]
 [ 9.93996415e-01  9.19800833e-02  5.92519225e-02 -1.74900196e+02]
 [ 0.00000000e+00  0.00000000e+00  0.00000000e+00  1.00000000e+00]]

[[-9.76895333e-02  9.88037989e-01  1.19321780e-01 -2.69425427e+02]
 [-4.25880020e-02 -1.23935661e-01  9.91375920e-01 -1.17878859e+01]
 [ 9.94305294e-01  9.17653747e-02  5.41857808e-02 -1.71477382e+02]
 [ 0.00000000e+00  0.00000000e+00  0.00000000e+00  1.00000000e+00]]

[[-9.69228410e-02  9.88884862e-01  1.12750580e-01 -2.63033267e+02]
 [-4.13787547e-02 -1.17189566e-01  9.92247149e-01 -1.12964307e+01]
 [ 9.94431376e-01  9.15059341e-02  5.22771698e-02 -1.69858220e+02]
 [ 0.00000000e+00  0.00000000e+00  0.00000000e+00  1.00000000e+00]]

[[-9.89349729e-02  9.88796729e-01  1.11771641e-01 -2.61881317e+02]
 [-6.19293416e-02 -1.18223196e-01  9.91054001e-01 -9.97999740e+00]
 [ 9.93164955e-01  9.11279566e-02  7.29319392e-02 -1.87977447e+02]
 [ 0.00000000e+00  0.00000000e+00  0.00000000e+00  1.00000000e+00]]

[[-1.00571748e-01  9.90954242e-01  8.88538871e-02 -2.42464276e+02]
 [-6.08684425e-02 -9.52676589e-02  9.93589002e-01 -1.10287788e+01]
 [ 9.93066139e-01  9.45185848e-02  6.98990763e-02 -1.84377034e+02]
 [ 0.00000000e+00  0.00000000e+00  0.00000000e+00  1.00000000e+00]]

[[-9.78587804e-02  9.89913556e-01  1.02444186e-01 -2.54273369e+02]
 [-5.46467769e-02 -1.08127866e-01  9.92633918e-01 -1.07721797e+01]
 [ 9.93698842e-01  9.15397000e-02  6.46768464e-02 -1.80261688e+02]
 [ 0.00000000e+00  0.00000000e+00  0.00000000e+00  1.00000000e+00]]

[[-9.84814792e-02  9.90750196e-01  9.33565570e-02 -2.46050560e+02]
 [-6.23625583e-02 -9.97725407e-02  9.93054053e-01 -1.05346296e+01]
 [ 9.93182918e-01  9.19754783e-02  7.16114643e-02 -1.86630926e+02]
 [ 0.00000000e+00  0.00000000e+00  0.00000000e+00  1.00000000e+00]]

[[-9.82737346e-02  9.90596062e-01  9.51930439e-02 -2.47952659e+02]
 [-4.99858622e-02 -1.00448887e-01  9.93685783e-01 -1.23590820e+01]
 [ 9.93903258e-01  9.28949065e-02  5.93872855e-02 -1.76163502e+02]
 [ 0.00000000e+00  0.00000000e+00  0.00000000e+00  1.00000000e+00]]

[[-9.84583870e-02  9.89809823e-01  1.02871090e-01 -2.54055841e+02]
 [-5.82820436e-02 -1.08931405e-01  9.92339233e-01 -1.12167219e+01]
 [ 9.93433012e-01  9.17085829e-02  6.84133497e-02 -1.84284500e+02]
 [ 0.00000000e+00  0.00000000e+00  0.00000000e+00  1.00000000e+00]]

[[-9.99217430e-02  9.90804395e-01  9.12266195e-02 -2.42940429e+02]
 [-6.05173828e-02 -9.75675552e-02  9.93387245e-01 -1.06107673e+01]
 [ 9.93153207e-01  9.37401888e-02  6.97100090e-02 -1.84001428e+02]
 [ 0.00000000e+00  0.00000000e+00  0.00000000e+00  1.00000000e+00]]

[[-9.84507313e-02  9.89970123e-01  1.01324281e-01 -2.49059802e+02]
 [-5.31830497e-02 -1.06907544e-01  9.92845577e-01 -8.77196368e+00]
 [ 9.93719788e-01  9.23576389e-02  6.31747562e-02 -1.77546798e+02]
 [ 0.00000000e+00  0.00000000e+00  0.00000000e+00  1.00000000e+00]]

[[-9.92810698e-02  9.88945032e-01  1.10140782e-01 -2.59982700e+02]
 [-5.89527100e-02 -1.16339019e-01  9.91458426e-01 -1.05010428e+01]
 [ 9.93311556e-01  9.19399556e-02  6.98512520e-02 -1.85003956e+02]
 [ 0.00000000e+00  0.00000000e+00  0.00000000e+00  1.00000000e+00]]

[[-9.76679091e-02  9.89400080e-01  1.07463767e-01 -2.57654641e+02]
 [-5.44460987e-02 -1.13130244e-01  9.92087280e-01 -1.06685557e+01]
 [ 9.93728636e-01  9.10441074e-02  6.49181688e-02 -1.81131796e+02]
 [ 0.00000000e+00  0.00000000e+00  0.00000000e+00  1.00000000e+00]]

[[-9.98310555e-02  9.90711522e-01  9.23278953e-02 -2.44252998e+02]
 [-6.06402402e-02 -9.86768816e-02  9.93270172e-01 -1.00238607e+01]
 [ 9.93154833e-01  9.35604239e-02  6.99280019e-02 -1.84821671e+02]
 [ 0.00000000e+00  0.00000000e+00  0.00000000e+00  1.00000000e+00]]

[[-9.80590562e-02  9.88751167e-01  1.12940473e-01 -2.62541374e+02]
 [-5.31674244e-02 -1.18530289e-01  9.91525993e-01 -1.07278587e+01]
 [ 9.93759350e-01  9.12233491e-02  6.41923212e-02 -1.80339275e+02]
 [ 0.00000000e+00  0.00000000e+00  0.00000000e+00  1.00000000e+00]]

[[-1.01171356e-01  9.90316046e-01  9.50709543e-02 -2.46478116e+02]
 [-5.71084133e-02 -1.01184662e-01  9.93227211e-01 -1.02216429e+01]
 [ 9.93228567e-01  9.50567924e-02  6.67923675e-02 -1.81790270e+02]
 [ 0.00000000e+00  0.00000000e+00  0.00000000e+00  1.00000000e+00]]

[[-9.82010310e-02  9.90518238e-01  9.60738102e-02 -2.48847841e+02]
 [-5.76300708e-02 -1.02038672e-01  9.93109704e-01 -1.06842027e+01]
 [ 9.93496519e-01  9.19876563e-02  6.71039390e-02 -1.82332838e+02]
 [ 0.00000000e+00  0.00000000e+00  0.00000000e+00  1.00000000e+00]]

[[-1.00345863e-01  9.91122178e-01  8.72211915e-02 -2.41344283e+02]
 [-5.68735121e-02 -9.32342166e-02  9.94018503e-01 -1.13867759e+01]
 [ 9.93325783e-01  9.47850689e-02  6.57242671e-02 -1.81591320e+02]
 [ 0.00000000e+00  0.00000000e+00  0.00000000e+00  1.00000000e+00]]

[[-9.66123153e-02  9.90107840e-01  1.01747363e-01 -2.54400666e+02]
 [-5.13753390e-02 -1.07049988e-01  9.92925412e-01 -1.21259917e+01]
 [ 9.93995289e-01  9.07015177e-02  6.12094732e-02 -1.78904949e+02]
 [ 0.00000000e+00  0.00000000e+00  0.00000000e+00  1.00000000e+00]]

[[-9.69513438e-02  9.90210285e-01  1.00419267e-01 -2.53218145e+02]
 [-4.93266939e-02 -1.05550989e-01  9.93189743e-01 -1.31758001e+01]
 [ 9.94066051e-01  9.13377298e-02  5.90771098e-02 -1.77439064e+02]
 [ 0.00000000e+00  0.00000000e+00  0.00000000e+00  1.00000000e+00]]

[[-9.86552049e-02  9.90307453e-01  9.77665510e-02 -2.49825196e+02]
 [-5.27744785e-02 -1.03314258e-01  9.93247713e-01 -1.38770982e+01]
 [ 9.93721291e-01  9.28294779e-02  6.24554488e-02 -1.81567994e+02]
 [ 0.00000000e+00  0.00000000e+00  0.00000000e+00  1.00000000e+00]]

[[-9.75973438e-02  9.89590356e-01  1.05762399e-01 -2.56562091e+02]
 [-4.95425318e-02 -1.10968881e-01  9.92588255e-01 -1.42642951e+01]
 [ 9.93992101e-01  9.16342402e-02  5.98570797e-02 -1.79267014e+02]
 [ 0.00000000e+00  0.00000000e+00  0.00000000e+00  1.00000000e+00]]

[[-9.42415575e-02  9.90295380e-01  1.02144946e-01 -2.53629792e+02]
 [-4.98101084e-02 -1.07163371e-01  9.92992933e-01 -1.36078557e+01]
 [ 9.94302510e-01  8.84933498e-02  5.94259632e-02 -1.78784401e+02]
 [ 0.00000000e+00  0.00000000e+00  0.00000000e+00  1.00000000e+00]]

[[-9.50634827e-02  9.91742191e-01  8.60834489e-02 -2.40228818e+02]
 [-5.08656782e-02 -9.12013839e-02  9.94532549e-01 -1.34317860e+01]
 [ 9.94170819e-01  9.01650347e-02  5.91155603e-02 -1.78813620e+02]
 [ 0.00000000e+00  0.00000000e+00  0.00000000e+00  1.00000000e+00]]

[[-9.42698672e-02  9.90507454e-01  1.00040867e-01 -2.51916755e+02]
 [-4.79082305e-02 -1.04885494e-01  9.93329671e-01 -1.40846677e+01]
 [ 9.94393279e-01  8.88482753e-02  5.73410010e-02 -1.77301339e+02]
 [ 0.00000000e+00  0.00000000e+00  0.00000000e+00  1.00000000e+00]]

[[-9.65629420e-02  9.92450584e-01  7.56137359e-02 -2.30442974e+02]
 [-5.33328980e-02 -8.10188177e-02  9.95284659e-01 -1.47598622e+01]
 [ 9.93896977e-01  9.20749152e-02  6.07536811e-02 -1.79919747e+02]
 [ 0.00000000e+00  0.00000000e+00  0.00000000e+00  1.00000000e+00]]

[[-9.56889644e-02  9.91267052e-01  9.07372837e-02 -2.43545713e+02]
 [-4.29669163e-02 -9.51838267e-02  9.94531992e-01 -1.47229782e+01]
 [ 9.94483517e-01  9.12670351e-02  5.16997302e-02 -1.72790038e+02]
 [ 0.00000000e+00  0.00000000e+00  0.00000000e+00  1.00000000e+00]]

[[-9.25807880e-02  9.90854706e-01  9.81618568e-02 -2.50200136e+02]
 [-4.64704193e-02 -1.02777614e-01  9.93618268e-01 -1.45687399e+01]
 [ 9.94620178e-01  8.74283396e-02  5.55606661e-02 -1.77603657e+02]
 [ 0.00000000e+00  0.00000000e+00  0.00000000e+00  1.00000000e+00]]

[[-9.24781679e-02  9.91284423e-01  9.38242067e-02 -2.46941353e+02]
 [-4.60064192e-02 -9.83812541e-02  9.94084774e-01 -1.47600494e+01]
 [ 9.94651295e-01  8.76146229e-02  5.47035648e-02 -1.76893227e+02]
 [ 0.00000000e+00  0.00000000e+00  0.00000000e+00  1.00000000e+00]]

[[-9.26979523e-02  9.91257440e-01  9.38923674e-02 -2.46489213e+02]
 [-4.91600611e-02 -9.87397357e-02  9.93898261e-01 -1.47542369e+01]
 [ 9.94479954e-01  8.75165791e-02  5.78832477e-02 -1.79692322e+02]
 [ 0.00000000e+00  0.00000000e+00  0.00000000e+00  1.00000000e+00]]

[[-9.47361489e-02  9.92532962e-01  7.68334699e-02 -2.30715896e+02]
 [-5.83074873e-02 -8.25803279e-02  9.94877242e-01 -1.32849911e+01]
 [ 9.93793388e-01  8.97708720e-02  6.56954453e-02 -1.86516359e+02]
 [ 0.00000000e+00  0.00000000e+00  0.00000000e+00  1.00000000e+00]]

[[-9.47210401e-02  9.91740541e-01  8.64790417e-02 -2.39399562e+02]
 [-4.41920825e-02 -9.09729143e-02  9.94872348e-01 -1.43883546e+01]
 [ 9.94522491e-01  9.04136546e-02  5.24441288e-02 -1.73954057e+02]
 [ 0.00000000e+00  0.00000000e+00  0.00000000e+00  1.00000000e+00]]

[[-9.49383670e-02  9.92410705e-01  7.81517728e-02 -2.31642892e+02]
 [-3.53315726e-02 -8.18160542e-02  9.96020990e-01 -1.44322128e+01]
 [ 9.94855963e-01  9.17993813e-02  4.28309134e-02 -1.65551181e+02]
 [ 0.00000000e+00  0.00000000e+00  0.00000000e+00  1.00000000e+00]]

[[-9.59964012e-02  9.90678839e-01  9.66443443e-02 -2.47060679e+02]
 [-4.14021064e-02 -1.00982753e-01  9.94026332e-01 -1.49771116e+01]
 [ 9.94520265e-01  9.14216711e-02  5.07101716e-02 -1.73906067e+02]
 [ 0.00000000e+00  0.00000000e+00  0.00000000e+00  1.00000000e+00]]

[[-9.42322845e-02  9.90456116e-01  1.00583093e-01 -2.50594490e+02]
 [-3.83520562e-02 -1.04569248e-01  9.93777838e-01 -1.66482058e+01]
 [ 9.94811237e-01  8.97883875e-02  4.78398277e-02 -1.72017522e+02]
 [ 0.00000000e+00  0.00000000e+00  0.00000000e+00  1.00000000e+00]]

[[-9.31836196e-02  9.90698184e-01  9.91661321e-02 -2.49548873e+02]
 [-3.59712405e-02 -1.02884311e-01  9.94042699e-01 -1.59867222e+01]
 [ 9.94998936e-01  8.90613680e-02  4.52237751e-02 -1.69112024e+02]
 [ 0.00000000e+00  0.00000000e+00  0.00000000e+00  1.00000000e+00]]

[[-9.44985411e-02  9.90397944e-01  1.00905595e-01 -2.51333516e+02]
 [-4.04424915e-02 -1.05094670e-01  9.93639530e-01 -1.53128606e+01]
 [ 9.94703187e-01  8.98166123e-02  4.99854534e-02 -1.73280564e+02]
 [ 0.00000000e+00  0.00000000e+00  0.00000000e+00  1.00000000e+00]]

[[-9.35864196e-02  9.91708513e-01  8.80670619e-02 -2.40513079e+02]
 [-4.58585528e-02 -9.26551547e-02  9.94641652e-01 -1.33885536e+01]
 [ 9.94554461e-01  8.90463230e-02  5.41495814e-02 -1.75186594e+02]
 [ 0.00000000e+00  0.00000000e+00  0.00000000e+00  1.00000000e+00]]

[[-9.23385706e-02  9.90324090e-01  1.03594333e-01 -2.53264041e+02]
 [-4.75733110e-02 -1.08307768e-01  9.92978453e-01 -1.21159954e+01]
 [ 9.94590553e-01  8.67618855e-02  5.71139804e-02 -1.77275742e+02]
 [ 0.00000000e+00  0.00000000e+00  0.00000000e+00  1.00000000e+00]]

[[-9.40826724e-02  9.91165654e-01  9.34831370e-02 -2.43486122e+02]
 [-5.45430997e-02 -9.88902623e-02  9.93602419e-01 -1.14549147e+01]
 [ 9.94069163e-01  8.83819108e-02  6.33651072e-02 -1.81831005e+02]
 [ 0.00000000e+00  0.00000000e+00  0.00000000e+00  1.00000000e+00]]

[[-9.68146086e-02  9.92288610e-01  7.73966755e-02 -2.28832328e+02]
 [-5.52539151e-02 -8.30004078e-02  9.95016551e-01 -1.07353352e+01]
 [ 9.93767546e-01  9.20556687e-02  6.28634827e-02 -1.79797151e+02]
 [ 0.00000000e+00  0.00000000e+00  0.00000000e+00  1.00000000e+00]]

[[-9.59250783e-02  9.92278109e-01  7.86290942e-02 -2.29905516e+02]
 [-4.97528175e-02 -8.36743007e-02  9.95250355e-01 -1.07751393e+01]
 [ 9.94144374e-01  9.15574492e-02  5.73950955e-02 -1.74318820e+02]
 [ 0.00000000e+00  0.00000000e+00  0.00000000e+00  1.00000000e+00]]

[[-9.77489949e-02  9.91935821e-01  8.06750335e-02 -2.31939809e+02]
 [-6.02461832e-02 -8.68124352e-02  9.94401327e-01 -9.59086782e+00]
 [ 9.93385892e-01  9.23413674e-02  6.82461754e-02 -1.82877342e+02]
 [ 0.00000000e+00  0.00000000e+00  0.00000000e+00  1.00000000e+00]]

[[-9.45337475e-02  9.90715582e-01  9.77036634e-02 -2.47277670e+02]
 [-5.26855107e-02 -1.02984457e-01  9.93286685e-01 -9.71416969e+00]
 [ 9.94126555e-01  8.87515453e-02  6.19318631e-02 -1.77944711e+02]
 [ 0.00000000e+00  0.00000000e+00  0.00000000e+00  1.00000000e+00]]

[[-9.52815200e-02  9.90379002e-01  1.00353700e-01 -2.49434924e+02]
 [-5.12368172e-02 -1.05557981e-01  9.93092292e-01 -9.77061585e+00]
 [ 9.94130887e-01  8.94815390e-02  6.08015928e-02 -1.77145266e+02]
 [ 0.00000000e+00  0.00000000e+00  0.00000000e+00  1.00000000e+00]]

[[-9.73462297e-02  9.90561478e-01  9.64969896e-02 -2.45703428e+02]
 [-6.21640020e-02 -1.02819827e-01  9.92755619e-01 -1.00117288e+01]
 [ 9.93307278e-01  9.06423776e-02  7.15863882e-02 -1.87802798e+02]
 [ 0.00000000e+00  0.00000000e+00  0.00000000e+00  1.00000000e+00]]

[[-9.73600693e-02  9.91149398e-01  9.02434888e-02 -2.40441887e+02]
 [-5.80131391e-02 -9.61718339e-02  9.93672710e-01 -9.89025459e+00]
 [ 9.93556990e-01  9.15087358e-02  6.68629843e-02 -1.82608946e+02]
 [ 0.00000000e+00  0.00000000e+00  0.00000000e+00  1.00000000e+00]]

[[-9.62832237e-02  9.90210111e-01  1.01061752e-01 -2.49206935e+02]
 [-6.60461487e-02 -1.07665513e-01  9.91990949e-01 -8.01906931e+00]
 [ 9.93160333e-01  8.88373470e-02  7.57659469e-02 -1.89815797e+02]
 [ 0.00000000e+00  0.00000000e+00  0.00000000e+00  1.00000000e+00]]

[[-9.65462258e-02  9.91423148e-01  8.80849991e-02 -2.39133882e+02]
 [-6.21838022e-02 -9.43336587e-02  9.93596666e-01 -8.92833778e+00]
 [ 9.93384116e-01  9.04505480e-02  7.07580196e-02 -1.85939448e+02]
 [ 0.00000000e+00  0.00000000e+00  0.00000000e+00  1.00000000e+00]]

[[-9.64320699e-02  9.91622499e-01  8.59399518e-02 -2.37347935e+02]
 [-7.01120164e-02 -9.28952064e-02  9.93204302e-01 -8.93435191e+00]
 [ 9.92867142e-01  8.97513234e-02  7.84827299e-02 -1.92939871e+02]
 [ 0.00000000e+00  0.00000000e+00  0.00000000e+00  1.00000000e+00]]

[[-9.70494025e-02  9.91479104e-01  8.68941820e-02 -2.38316897e+02]
 [-6.38491509e-02 -9.33286044e-02  9.93585959e-01 -9.20400272e+00]
 [ 9.93229429e-01  9.08788039e-02  7.23625842e-02 -1.87264425e+02]
 [ 0.00000000e+00  0.00000000e+00  0.00000000e+00  1.00000000e+00]]

[[-9.73326904e-02  9.91420076e-01  8.72501012e-02 -2.38493101e+02]
 [-6.24560730e-02 -9.35780639e-02  9.93651038e-01 -9.22547719e+00]
 [ 9.93290283e-01  9.12654302e-02  7.10284094e-02 -1.86176764e+02]
 [ 0.00000000e+00  0.00000000e+00  0.00000000e+00  1.00000000e+00]]

[[-9.57934866e-02  9.91174133e-01  9.16375807e-02 -2.42537710e+02]
 [-5.81548540e-02 -9.74765244e-02  9.93537287e-01 -1.01090496e+01]
 [ 9.93700972e-01  8.98452307e-02  6.69792031e-02 -1.82739225e+02]
 [ 0.00000000e+00  0.00000000e+00  0.00000000e+00  1.00000000e+00]]

[[-9.77710865e-02  9.90532030e-01  9.63696623e-02 -2.46577074e+02]
 [-5.85616122e-02 -1.02391967e-01  9.93018843e-01 -9.43344711e+00]
 [ 9.93484450e-01  9.14449684e-02  6.80181265e-02 -1.84024366e+02]
 [ 0.00000000e+00  0.00000000e+00  0.00000000e+00  1.00000000e+00]]

[[-9.55319471e-02  9.89820341e-01  1.05495688e-01 -2.54574763e+02]
 [-5.36112418e-02 -1.10942728e-01  9.92379739e-01 -1.00990431e+01]
 [ 9.93981631e-01  8.91482139e-02  6.36640725e-02 -1.80443895e+02]
 [ 0.00000000e+00  0.00000000e+00  0.00000000e+00  1.00000000e+00]]

[[-9.73575644e-02  9.90092879e-01  1.01181000e-01 -2.51405725e+02]
 [-5.70350103e-02 -1.07047269e-01  9.92616688e-01 -1.11098836e+01]
 [ 9.93613865e-01  9.08678837e-02  6.68918190e-02 -1.84199426e+02]
 [ 0.00000000e+00  0.00000000e+00  0.00000000e+00  1.00000000e+00]]

[[-9.85549234e-02  9.90689649e-01  9.39198963e-02 -2.44377564e+02]
 [-6.36061422e-02 -1.00457632e-01  9.92906100e-01 -1.07497787e+01]
 [ 9.93096766e-01  9.18819023e-02  7.29145409e-02 -1.89666230e+02]
 [ 0.00000000e+00  0.00000000e+00  0.00000000e+00  1.00000000e+00]]

[[-1.00329763e-01  9.90548828e-01  9.35251751e-02 -2.43716204e+02]
 [-5.78911862e-02 -9.96520396e-02  9.93336842e-01 -1.20097645e+01]
 [ 9.93268619e-01  9.42469664e-02  6.73421121e-02 -1.86075471e+02]
 [ 0.00000000e+00  0.00000000e+00  0.00000000e+00  1.00000000e+00]]

[[-9.95086875e-02  9.91132392e-01  8.80602268e-02 -2.39492531e+02]
 [-4.96236485e-02 -9.33324962e-02  9.94397576e-01 -1.37419989e+01]
 [ 9.93798528e-01  9.45813279e-02  5.84709996e-02 -1.80049641e+02]
 [ 0.00000000e+00  0.00000000e+00  0.00000000e+00  1.00000000e+00]]

[[-9.65828061e-02  9.89436711e-01  1.08105304e-01 -2.56785804e+02]
 [-4.40967685e-02 -1.12760108e-01  9.92643256e-01 -1.36140139e+01]
 [ 9.94347644e-01  9.11051765e-02  5.45216492e-02 -1.75362445e+02]
 [ 0.00000000e+00  0.00000000e+00  0.00000000e+00  1.00000000e+00]]

[[-9.62088753e-02  9.89358787e-01  1.09146886e-01 -2.56984309e+02]
 [-4.73155909e-02 -1.14077412e-01  9.92344486e-01 -1.32101749e+01]
 [ 9.94235931e-01  9.03079975e-02  5.77873552e-02 -1.77924191e+02]
 [ 0.00000000e+00  0.00000000e+00  0.00000000e+00  1.00000000e+00]]

[[-9.63418043e-02  9.89444558e-01  1.08248430e-01 -2.55470854e+02]
 [-4.59021317e-02 -1.13055222e-01  9.92527839e-01 -1.35138890e+01]
 [ 9.94289320e-01  9.06530891e-02  5.63095585e-02 -1.76951577e+02]
 [ 0.00000000e+00  0.00000000e+00  0.00000000e+00  1.00000000e+00]]

[[-9.79276049e-02  9.90704077e-01  9.44225424e-02 -2.43100413e+02]
 [-5.26872779e-02 -9.99065849e-02  9.93600888e-01 -1.28737772e+01]
 [ 9.93797884e-01  9.23260885e-02  6.19811136e-02 -1.82392325e+02]
 [ 0.00000000e+00  0.00000000e+00  0.00000000e+00  1.00000000e+00]]

[[-9.76754314e-02  9.90823607e-01  9.34242431e-02 -2.42037250e+02]
 [-5.12380831e-02 -9.87551616e-02  9.93791767e-01 -1.26864494e+01]
 [ 9.93898470e-01  9.22821604e-02  6.04138553e-02 -1.79757959e+02]
 [ 0.00000000e+00  0.00000000e+00  0.00000000e+00  1.00000000e+00]]

[[-9.92144486e-02  9.90719096e-01  9.29094505e-02 -2.41099467e+02]
 [-4.01410840e-02 -9.72789675e-02  9.94447332e-01 -1.39898036e+01]
 [ 9.94256097e-01  9.49340576e-02  4.94200176e-02 -1.69872913e+02]
 [ 0.00000000e+00  0.00000000e+00  0.00000000e+00  1.00000000e+00]]

[[-9.70476633e-02  9.90246149e-01  9.99715733e-02 -2.47157206e+02]
 [-4.51989290e-02 -1.04727037e-01  9.93473354e-01 -1.32742052e+01]
 [ 9.94252889e-01  9.18956595e-02  5.49215796e-02 -1.75169950e+02]
 [ 0.00000000e+00  0.00000000e+00  0.00000000e+00  1.00000000e+00]]

[[-9.66498063e-02  9.89372419e-01  1.08632549e-01 -2.54977759e+02]
 [-4.90138947e-02 -1.13742125e-01  9.92300543e-01 -1.43004669e+01]
 [ 9.94110886e-01  9.05811509e-02  5.94861499e-02 -1.79611577e+02]
 [ 0.00000000e+00  0.00000000e+00  0.00000000e+00  1.00000000e+00]]

[[-9.62533435e-02  9.88599813e-01  1.15783001e-01 -2.60941617e+02]
 [-3.71600149e-02 -1.19811078e-01  9.92101022e-01 -1.50613145e+01]
 [ 9.94662972e-01  9.11905425e-02  4.82686006e-02 -1.69228520e+02]
 [ 0.00000000e+00  0.00000000e+00  0.00000000e+00  1.00000000e+00]]

[[-9.65716188e-02  9.89055176e-01  1.11551698e-01 -2.57206107e+02]
 [-4.21686733e-02 -1.16040548e-01  9.92348928e-01 -1.40410735e+01]
 [ 9.94432363e-01  9.11287552e-02  5.29133682e-02 -1.73103322e+02]
 [ 0.00000000e+00  0.00000000e+00  0.00000000e+00  1.00000000e+00]]

[[-9.77159762e-02  9.91074956e-01  9.06753568e-02 -2.38812086e+02]
 [-4.68335876e-02 -9.55897143e-02  9.94318471e-01 -1.37304018e+01]
 [ 9.94111766e-01  9.29141477e-02  5.57562380e-02 -1.74888643e+02]
 [ 0.00000000e+00  0.00000000e+00  0.00000000e+00  1.00000000e+00]]

[[-9.88059024e-02  9.90624109e-01  9.43465328e-02 -2.41793269e+02]
 [-4.27134535e-02 -9.89450751e-02  9.94175756e-01 -1.36778841e+01]
 [ 9.94189597e-01  9.42005665e-02  5.20893342e-02 -1.71002846e+02]
 [ 0.00000000e+00  0.00000000e+00  0.00000000e+00  1.00000000e+00]]

[[-9.84848174e-02  9.90427073e-01  9.67210106e-02 -2.43586151e+02]
 [-4.33307475e-02 -1.01369296e-01  9.93904780e-01 -1.35317931e+01]
 [ 9.94194743e-01  9.36935371e-02  5.28992821e-02 -1.71281661e+02]
 [ 0.00000000e+00  0.00000000e+00  0.00000000e+00  1.00000000e+00]]

[[-9.69051775e-02  9.88788470e-01  1.13607874e-01 -2.59020963e+02]
 [-3.92402348e-02 -1.17851929e-01  9.92255575e-01 -1.43902738e+01]
 [ 9.94519779e-01  9.16967030e-02  5.02207538e-02 -1.69419366e+02]
 [ 0.00000000e+00  0.00000000e+00  0.00000000e+00  1.00000000e+00]]

[[-9.62179186e-02  9.90221755e-01  1.01009840e-01 -2.47776044e+02]
 [-4.34649207e-02 -1.05563788e-01  9.93462172e-01 -1.41154639e+01]
 [ 9.94410837e-01  9.11984777e-02  5.31970380e-02 -1.72319828e+02]
 [ 0.00000000e+00  0.00000000e+00  0.00000000e+00  1.00000000e+00]]

[[-9.83916269e-02  9.90692900e-01  9.40567131e-02 -2.41882475e+02]
 [-4.47172654e-02 -9.88213183e-02  9.94099951e-01 -1.41082131e+01]
 [ 9.94142572e-01  9.36051525e-02  5.40242677e-02 -1.71741699e+02]
 [ 0.00000000e+00  0.00000000e+00  0.00000000e+00  1.00000000e+00]]

[[-9.87363429e-02  9.89628141e-01  1.04342114e-01 -2.51060503e+02]
 [-4.85098223e-02 -1.09516480e-01  9.92800553e-01 -1.41541766e+01]
 [ 9.93930547e-01  9.29638784e-02  5.88199420e-02 -1.76238215e+02]
 [ 0.00000000e+00  0.00000000e+00  0.00000000e+00  1.00000000e+00]]

[[-9.81149504e-02  9.91233636e-01  8.84835336e-02 -2.36879475e+02]
 [-5.06028726e-02 -9.37667214e-02  9.94307373e-01 -1.35023477e+01]
 [ 9.93887723e-01  9.30788976e-02  5.93591866e-02 -1.76167384e+02]
 [ 0.00000000e+00  0.00000000e+00  0.00000000e+00  1.00000000e+00]]

[[-9.79262759e-02  9.90666955e-01  9.48125983e-02 -2.42894265e+02]
 [-3.57631362e-02 -9.87120220e-02  9.94473195e-01 -1.36036025e+01]
 [ 9.94550875e-01  9.39942606e-02  4.50958580e-02 -1.63576155e+02]
 [ 0.00000000e+00  0.00000000e+00  0.00000000e+00  1.00000000e+00]]

[[-9.68443955e-02  9.89095535e-01  1.10955786e-01 -2.57824903e+02]
 [-4.17676472e-02 -1.15420322e-01  9.92438216e-01 -1.42810989e+01]
 [ 9.94422761e-01  9.14777170e-02  5.24900047e-02 -1.70048151e+02]
 [ 0.00000000e+00  0.00000000e+00  0.00000000e+00  1.00000000e+00]]

[[-9.57539492e-02  9.88735320e-01  1.15037591e-01 -2.61443894e+02]
 [-4.26696495e-02 -1.19539540e-01  9.91912093e-01 -1.41129201e+01]
 [ 9.94490061e-01  9.00708865e-02  5.36353726e-02 -1.71785683e+02]
 [ 0.00000000e+00  0.00000000e+00  0.00000000e+00  1.00000000e+00]]

[[-9.53129120e-02  9.90050546e-01  1.03515047e-01 -2.51409006e+02]
 [-4.72766785e-02 -1.08373270e-01  9.92985473e-01 -1.26253965e+01]
 [ 9.94324074e-01  8.97504895e-02  5.71356733e-02 -1.74683524e+02]
 [ 0.00000000e+00  0.00000000e+00  0.00000000e+00  1.00000000e+00]]

[[-9.94437388e-02  9.91052314e-01  8.90295124e-02 -2.38269991e+02]
 [-4.97665187e-02 -9.43147116e-02  9.94297757e-01 -1.22686378e+01]
 [ 9.93797885e-01  9.44459975e-02  5.87002311e-02 -1.75240254e+02]
 [ 0.00000000e+00  0.00000000e+00  0.00000000e+00  1.00000000e+00]]

[[-9.82828979e-02  9.91334598e-01  8.71561103e-02 -2.37262735e+02]
 [-5.17157144e-02 -9.25496611e-02  9.94364141e-01 -1.18828317e+01]
 [ 9.93813844e-01  9.32216488e-02  6.03636258e-02 -1.75839521e+02]
 [ 0.00000000e+00  0.00000000e+00  0.00000000e+00  1.00000000e+00]]

[[-9.77170718e-02  9.91752347e-01  8.29376639e-02 -2.33762305e+02]
 [-5.09141106e-02 -8.82090783e-02  9.94799936e-01 -1.12582826e+01]
 [ 9.93911026e-01  9.29862394e-02  5.91137215e-02 -1.74520995e+02]
 [ 0.00000000e+00  0.00000000e+00  0.00000000e+00  1.00000000e+00]]

[[-9.79452446e-02  9.91984849e-01  7.98297500e-02 -2.31408698e+02]
 [-5.49535113e-02 -8.54840656e-02  9.94822892e-01 -1.09513595e+01]
 [ 9.93673407e-01  9.30512464e-02  6.28858083e-02 -1.77890104e+02]
 [ 0.00000000e+00  0.00000000e+00  0.00000000e+00  1.00000000e+00]]

[[-9.69649663e-02  9.90149142e-01  1.01007286e-01 -2.50110788e+02]
 [-4.59368906e-02 -1.05829607e-01  9.93322655e-01 -1.17156558e+01]
 [ 9.94227136e-01  9.16775371e-02  5.57461371e-02 -1.72125251e+02]
 [ 0.00000000e+00  0.00000000e+00  0.00000000e+00  1.00000000e+00]]

[[-9.50249333e-02  9.90170155e-01  1.02631990e-01 -2.51825020e+02]
 [-5.76809660e-02 -1.08402009e-01  9.92432320e-01 -1.07773234e+01]
 [ 9.93802379e-01  8.83859027e-02  6.74148648e-02 -1.82697696e+02]
 [ 0.00000000e+00  0.00000000e+00  0.00000000e+00  1.00000000e+00]]

[[-9.60902548e-02  9.89825409e-01  1.04939617e-01 -2.53735945e+02]
 [-6.16091016e-02 -1.11139737e-01  9.91893279e-01 -9.90327141e+00]
 [ 9.93464132e-01  8.88460424e-02  7.16616998e-02 -1.86566404e+02]
 [ 0.00000000e+00  0.00000000e+00  0.00000000e+00  1.00000000e+00]]

[[-9.78595957e-02  9.90739193e-01  9.41241306e-02 -2.44341827e+02]
 [-5.81027725e-02 -1.00104484e-01  9.93278994e-01 -9.56767431e+00]
 [ 9.93502676e-01  9.17330078e-02  6.73608782e-02 -1.82338138e+02]
 [ 0.00000000e+00  0.00000000e+00  0.00000000e+00  1.00000000e+00]]

[[-9.89033549e-02  9.91672317e-01  8.24872189e-02 -2.34286241e+02]
 [-6.42364195e-02 -8.90832777e-02  9.93950629e-01 -8.27230947e+00]
 [ 9.93021555e-01  9.30063682e-02  7.25121140e-02 -1.85950545e+02]
 [ 0.00000000e+00  0.00000000e+00  0.00000000e+00  1.00000000e+00]]

[[-9.76039750e-02  9.90786918e-01  9.38868815e-02 -2.44650603e+02]
 [-6.09901647e-02 -1.00114765e-01  9.93104845e-01 -9.07233135e+00]
 [ 9.93354752e-01  9.12048041e-02  7.01998564e-02 -1.84728980e+02]
 [ 0.00000000e+00  0.00000000e+00  0.00000000e+00  1.00000000e+00]]

[[-9.74600390e-02  9.91298083e-01  8.84853193e-02 -2.40029608e+02]
 [-6.02007896e-02 -9.46176612e-02  9.93691785e-01 -7.92306249e+00]
 [ 9.93417035e-01  9.15183540e-02  6.88983683e-02 -1.83502189e+02]
 [ 0.00000000e+00  0.00000000e+00  0.00000000e+00  1.00000000e+00]]

[[-9.58267227e-02  9.90200926e-01  1.01584278e-01 -2.51501130e+02]
 [-4.55871034e-02 -1.06312590e-01  9.93287194e-01 -9.44409852e+00]
 [ 9.94353587e-01  9.05525235e-02  5.53279791e-02 -1.71631620e+02]
 [ 0.00000000e+00  0.00000000e+00  0.00000000e+00  1.00000000e+00]]

[[-9.43435475e-02  9.89648845e-01  1.08140924e-01 -2.57652605e+02]
 [-5.63726094e-02 -1.13761746e-01  9.91907452e-01 -8.99838883e+00]
 [ 9.93942364e-01  8.74838818e-02  6.65217744e-02 -1.81327431e+02]
 [ 0.00000000e+00  0.00000000e+00  0.00000000e+00  1.00000000e+00]]

[[-9.36902691e-02  9.91387936e-01  9.14991459e-02 -2.43043635e+02]
 [-6.89736919e-02 -9.81458271e-02  9.92778941e-01 -7.17419977e+00]
 [ 9.93209325e-01  8.67026923e-02  7.75749950e-02 -1.92389772e+02]
 [ 0.00000000e+00  0.00000000e+00  0.00000000e+00  1.00000000e+00]]

[[-9.36773699e-02  9.89962522e-01  1.05824174e-01 -2.55733503e+02]
 [-6.91152773e-02 -1.12501443e-01  9.91244926e-01 -7.49675237e+00]
 [ 9.93200699e-01  8.55431505e-02  7.89603735e-02 -1.93127578e+02]
 [ 0.00000000e+00  0.00000000e+00  0.00000000e+00  1.00000000e+00]]

[[-9.46218396e-02  9.89846067e-01  1.06072954e-01 -2.56023545e+02]
 [-6.07110476e-02 -1.12090326e-01  9.91841685e-01 -7.52835937e+00]
 [ 9.93660342e-01  8.74100847e-02  7.07007845e-02 -1.86267029e+02]
 [ 0.00000000e+00  0.00000000e+00  0.00000000e+00  1.00000000e+00]]

[[-9.67858697e-02  9.91780072e-01  8.36945902e-02 -2.36386338e+02]
 [-7.01879608e-02 -9.06810969e-02  9.93403538e-01 -6.03706499e+00]
 [ 9.92827349e-01  9.02730728e-02  7.83876697e-02 -1.92112636e+02]
 [ 0.00000000e+00  0.00000000e+00  0.00000000e+00  1.00000000e+00]]

[[-9.58920348e-02  9.91366097e-01  8.94314216e-02 -2.41834140e+02]
 [-7.58846171e-02 -9.68648384e-02  9.92400488e-01 -5.18697906e+00]
 [ 9.92494958e-01  8.83768329e-02  8.45180031e-02 -1.97293403e+02]
 [ 0.00000000e+00  0.00000000e+00  0.00000000e+00  1.00000000e+00]]

[[-9.63755169e-02  9.91111794e-01  9.17015371e-02 -2.43845440e+02]
 [-7.63176212e-02 -9.92173042e-02  9.92134843e-01 -5.28136099e+00]
 [ 9.92414924e-01  8.86190651e-02  8.52014134e-02 -1.97632167e+02]
 [ 0.00000000e+00  0.00000000e+00  0.00000000e+00  1.00000000e+00]]

[[-9.73947741e-02  9.92351446e-01  7.58476449e-02 -2.30046424e+02]
 [-6.85726115e-02 -8.27198531e-02  9.94210854e-01 -5.93439412e+00]
 [ 9.92880685e-01  9.16298705e-02  7.61046115e-02 -1.89239712e+02]
 [ 0.00000000e+00  0.00000000e+00  0.00000000e+00  1.00000000e+00]]

[[-9.52039518e-02  9.91289159e-01  9.10055523e-02 -2.43944939e+02]
 [-5.85204436e-02 -9.68360566e-02  9.93578450e-01 -7.13749492e+00]
 [ 9.93736165e-01  8.92669095e-02  6.72298566e-02 -1.82379064e+02]
 [ 0.00000000e+00  0.00000000e+00  0.00000000e+00  1.00000000e+00]]

[[-9.46158836e-02  9.90654264e-01  9.82444075e-02 -2.50234818e+02]
 [-6.83655479e-02 -1.04920048e-01  9.92127983e-01 -6.77904677e+00]
 [ 9.93163625e-01  8.71545331e-02  7.76537246e-02 -1.92399277e+02]
 [ 0.00000000e+00  0.00000000e+00  0.00000000e+00  1.00000000e+00]]

[[-9.59194046e-02  9.91883478e-01  8.34663683e-02 -2.36962585e+02]
 [-8.12704594e-02 -9.13769900e-02  9.92494513e-01 -5.36595504e+00]
 [ 9.92065814e-01  8.84161327e-02  8.93756524e-02 -2.03277163e+02]
 [ 0.00000000e+00  0.00000000e+00  0.00000000e+00  1.00000000e+00]]

[[-9.48919206e-02  9.89297116e-01  1.10845568e-01 -2.61399214e+02]
 [-6.70801894e-02 -1.17449392e-01  9.90810723e-01 -7.07043026e+00]
 [ 9.93224935e-01  8.65843908e-02  7.75072363e-02 -1.92845224e+02]
 [ 0.00000000e+00  0.00000000e+00  0.00000000e+00  1.00000000e+00]]

[[-9.60848805e-02  9.90479125e-01  9.85839666e-02 -2.50477060e+02]
 [-7.65580909e-02 -1.06102764e-01  9.91403582e-01 -5.59284196e+00]
 [ 9.92424584e-01  8.77114944e-02  8.60240622e-02 -1.99849702e+02]
 [ 0.00000000e+00  0.00000000e+00  0.00000000e+00  1.00000000e+00]]

[[-9.65890872e-02  9.91487703e-01  8.73079760e-02 -2.40614483e+02]
 [-7.06992458e-02 -9.43309554e-02  9.93027335e-01 -6.31794678e+00]
 [ 9.92810236e-01  8.97429958e-02  7.92087738e-02 -1.93037283e+02]
 [ 0.00000000e+00  0.00000000e+00  0.00000000e+00  1.00000000e+00]]

[[-9.67787061e-02  9.91795176e-01  8.35237202e-02 -2.37496839e+02]
 [-6.94495949e-02 -9.04422167e-02  9.93477206e-01 -5.78929344e+00]
 [ 9.92879970e-01  9.03467500e-02  7.76326539e-02 -1.91236779e+02]
 [ 0.00000000e+00  0.00000000e+00  0.00000000e+00  1.00000000e+00]]

[[-9.65852150e-02  9.92042969e-01  8.07591733e-02 -2.34843648e+02]
 [-6.62122262e-02 -8.73627635e-02  9.93973686e-01 -6.25997303e+00]
 [ 9.93119951e-01  9.06559175e-02  7.41233247e-02 -1.88272378e+02]
 [ 0.00000000e+00  0.00000000e+00  0.00000000e+00  1.00000000e+00]]

[[-9.58903933e-02  9.91646460e-01  8.62689492e-02 -2.39697815e+02]
 [-6.59330186e-02 -9.28056999e-02  9.93498837e-01 -6.29510847e+00]
 [ 9.93205855e-01  8.95790220e-02  7.42814195e-02 -1.88769110e+02]
 [ 0.00000000e+00  0.00000000e+00  0.00000000e+00  1.00000000e+00]]

[[-9.48906998e-02  9.90220248e-01  1.02272261e-01 -2.54034725e+02]
 [-6.79341938e-02 -1.08937616e-01  9.91724529e-01 -6.64949518e+00]
 [ 9.93167005e-01  8.71576510e-02  7.76069808e-02 -1.92211568e+02]
 [ 0.00000000e+00  0.00000000e+00  0.00000000e+00  1.00000000e+00]]

[[-9.52809321e-02  9.90882122e-01  9.52584128e-02 -2.47534264e+02]
 [-7.58299386e-02 -1.02640586e-01  9.91823941e-01 -5.59925338e+00]
 [ 9.92557990e-01  8.72784700e-02  8.49182211e-02 -1.98874882e+02]
 [ 0.00000000e+00  0.00000000e+00  0.00000000e+00  1.00000000e+00]]

[[-9.66800375e-02  9.92286358e-01  7.75935137e-02 -2.31891533e+02]
 [-8.26641490e-02 -8.56945220e-02  9.92886241e-01 -4.30609141e+00]
 [ 9.91876811e-01  8.95780772e-02  9.03114570e-02 -2.03004438e+02]
 [ 0.00000000e+00  0.00000000e+00  0.00000000e+00  1.00000000e+00]]

[[-9.62487188e-02  9.91303544e-01  8.97411138e-02 -2.42773827e+02]
 [-7.53640545e-02 -9.71587371e-02  9.92411426e-01 -5.96811488e+00]
 [ 9.92500097e-01  8.87550741e-02  8.40600583e-02 -1.97380765e+02]
 [ 0.00000000e+00  0.00000000e+00  0.00000000e+00  1.00000000e+00]]

[[-9.66988020e-02  9.91696630e-01  8.47769798e-02 -2.38342296e+02]
 [-7.27535603e-02 -9.19909065e-02  9.93098481e-01 -6.00256375e+00]
 [ 9.92651128e-01  8.98636063e-02  8.10448710e-02 -1.94758819e+02]
 [ 0.00000000e+00  0.00000000e+00  0.00000000e+00  1.00000000e+00]]

[[-9.62103018e-02  9.91924982e-01  8.26341791e-02 -2.36363009e+02]
 [-7.28313001e-02 -8.98122411e-02  9.93292184e-01 -5.96113049e+00]
 [ 9.92692893e-01  8.95465861e-02  8.08840489e-02 -1.94738119e+02]
 [ 0.00000000e+00  0.00000000e+00  0.00000000e+00  1.00000000e+00]]

[[-9.62832053e-02  9.91323193e-01  8.94867127e-02 -2.42440364e+02]
 [-6.80061755e-02 -9.62460989e-02  9.93031645e-01 -6.04036956e+00]
 [ 9.93028048e-01  8.95266207e-02  7.66829819e-02 -1.91275228e+02]
 [ 0.00000000e+00  0.00000000e+00  0.00000000e+00  1.00000000e+00]]

[[-9.40415435e-02  9.90746780e-01  9.78621752e-02 -2.49955796e+02]
 [-6.07676109e-02 -1.03826841e-01  9.92737269e-01 -6.82753752e+00]
 [ 9.93711973e-01  8.74116944e-02  6.99693513e-02 -1.85833983e+02]
 [ 0.00000000e+00  0.00000000e+00  0.00000000e+00  1.00000000e+00]]

[[-9.55451529e-02  9.90990893e-01  9.38518661e-02 -2.46313755e+02]
 [-7.27050754e-02 -1.00978836e-01  9.92228425e-01 -6.04755434e+00]
 [ 9.92766385e-01  8.79791095e-02  8.16981059e-02 -1.95825474e+02]
 [ 0.00000000e+00  0.00000000e+00  0.00000000e+00  1.00000000e+00]]

[[-9.62575536e-02  9.91659709e-01  8.57059176e-02 -2.38995499e+02]
 [-7.87402544e-02 -9.34223272e-02  9.92508056e-01 -4.79951737e+00]
 [ 9.92237097e-01  8.87878916e-02  8.70761425e-02 -2.00526700e+02]
 [ 0.00000000e+00  0.00000000e+00  0.00000000e+00  1.00000000e+00]]

[[-9.64336130e-02  9.91425787e-01  8.81786118e-02 -2.41388258e+02]
 [-7.73192475e-02 -9.57854303e-02  9.92394521e-01 -6.28083680e+00]
 [ 9.92331745e-01  8.88822852e-02  8.58932309e-02 -1.99052599e+02]
 [ 0.00000000e+00  0.00000000e+00  0.00000000e+00  1.00000000e+00]]

[[-9.63551578e-02  9.91070904e-01  9.21637004e-02 -2.44838587e+02]
 [-7.19205712e-02 -9.92849076e-02  9.92456517e-01 -5.95001987e+00]
 [ 9.92745242e-01  8.89998384e-02  8.08449984e-02 -1.94650728e+02]
 [ 0.00000000e+00  0.00000000e+00  0.00000000e+00  1.00000000e+00]]

[[-9.62162543e-02  9.91862274e-01  8.33766291e-02 -2.37189183e+02]
 [-7.01790443e-02 -9.03167960e-02  9.93437355e-01 -6.46862423e+00]
 [ 9.92883344e-01  8.97335290e-02  7.82978903e-02 -1.92241307e+02]
 [ 0.00000000e+00  0.00000000e+00  0.00000000e+00  1.00000000e+00]]

[[-9.67431033e-02  9.91489101e-01  8.71213801e-02 -2.40282335e+02]
 [-6.85282064e-02 -9.39595491e-02  9.93214724e-01 -5.60615268e+00]
 [ 9.92947459e-01  9.01164027e-02  7.70349081e-02 -1.91424302e+02]
 [ 0.00000000e+00  0.00000000e+00  0.00000000e+00  1.00000000e+00]]

[[-9.59555945e-02  9.91733519e-01  8.51889116e-02 -2.37715100e+02]
 [-7.32907623e-02 -9.23908564e-02  9.93021850e-01 -5.58259834e+00]
 [ 9.92683730e-01  8.90424416e-02  8.15503252e-02 -1.94311854e+02]
 [ 0.00000000e+00  0.00000000e+00  0.00000000e+00  1.00000000e+00]]

[[-9.57296263e-02  9.90610090e-01  9.76088496e-02 -2.49709407e+02]
 [-8.11709659e-02 -1.05501321e-01  9.91100775e-01 -5.52298081e+00]
 [ 9.92092291e-01  8.69547021e-02  9.05083798e-02 -2.02899311e+02]
 [ 0.00000000e+00  0.00000000e+00  0.00000000e+00  1.00000000e+00]]

[[-9.63807997e-02  9.91411816e-01  8.83931725e-02 -2.41662497e+02]
 [-8.11454453e-02 -9.63373953e-02  9.92035545e-01 -4.65006839e+00]
 [ 9.92031329e-01  8.84404759e-02  8.97336284e-02 -2.01733977e+02]
 [ 0.00000000e+00  0.00000000e+00  0.00000000e+00  1.00000000e+00]]

[[-9.67581513e-02  9.90953970e-01  9.29951045e-02 -2.45377026e+02]
 [-7.10814001e-02 -1.00074827e-01  9.92437637e-01 -5.57887350e+00]
 [ 9.92766485e-01  8.94162088e-02  8.01214508e-02 -1.93138736e+02]
 [ 0.00000000e+00  0.00000000e+00  0.00000000e+00  1.00000000e+00]]

[[-9.75223187e-02  9.91306356e-01  8.83238653e-02 -2.41738009e+02]
 [-7.18879507e-02 -9.55315326e-02  9.92827200e-01 -4.80477741e+00]
 [ 9.92633628e-01  9.04733890e-02  8.05794390e-02 -1.94228436e+02]
 [ 0.00000000e+00  0.00000000e+00  0.00000000e+00  1.00000000e+00]]

[[-9.83331920e-02  9.90913145e-01  9.17699437e-02 -2.45320174e+02]
 [-8.13266920e-02 -9.99102298e-02  9.91667240e-01 -3.75959739e+00]
 [ 9.91824860e-01  9.00504591e-02  9.04121800e-02 -2.02858331e+02]
 [ 0.00000000e+00  0.00000000e+00  0.00000000e+00  1.00000000e+00]]

[[-9.45274427e-02  9.91071662e-01  9.40293726e-02 -2.47541369e+02]
 [-7.80400161e-02 -1.01538623e-01  9.91765932e-01 -3.68620854e+00]
 [ 9.92458724e-01  8.64110436e-02  8.69414348e-02 -2.00044551e+02]
 [ 0.00000000e+00  0.00000000e+00  0.00000000e+00  1.00000000e+00]]

[[-9.62349929e-02  9.91100246e-01  9.19735254e-02 -2.46037405e+02]
 [-8.22022168e-02 -1.00000365e-01  9.91585963e-01 -3.56914487e+00]
 [ 9.91958478e-01  8.78648404e-02  9.10941717e-02 -2.03404367e+02]
 [ 0.00000000e+00  0.00000000e+00  0.00000000e+00  1.00000000e+00]]

[[-9.75853699e-02  9.91157490e-01  8.99106541e-02 -2.43980856e+02]
 [-7.64982720e-02 -9.75448052e-02  9.92286766e-01 -3.37224039e+00]
 [ 9.92282777e-01  8.99546614e-02  8.53407811e-02 -1.97885051e+02]
 [ 0.00000000e+00  0.00000000e+00  0.00000000e+00  1.00000000e+00]]

[[-9.87581653e-02  9.90855539e-01  9.19354395e-02 -2.46428688e+02]
 [-8.32101751e-02 -1.00286255e-01  9.91473012e-01 -1.87717153e+00]
 [ 9.91626387e-01  9.02660916e-02  9.23533494e-02 -2.04212466e+02]
 [ 0.00000000e+00  0.00000000e+00  0.00000000e+00  1.00000000e+00]]

[[-9.99595801e-02  9.92019470e-01  7.68469528e-02 -2.33938972e+02]
 [-8.67580800e-02 -8.56295371e-02  9.92542502e-01 -1.73372582e+00]
 [ 9.91201855e-01  9.25470377e-02  9.46251971e-02 -2.05984283e+02]
 [ 0.00000000e+00  0.00000000e+00  0.00000000e+00  1.00000000e+00]]

[[-9.97532861e-02  9.90440137e-01  9.52765243e-02 -2.50241192e+02]
 [-8.79338025e-02 -1.04154619e-01  9.90666171e-01 -2.27962934e+00]
 [ 9.91119028e-01  9.04441789e-02  9.74829330e-02 -2.10342830e+02]
 [ 0.00000000e+00  0.00000000e+00  0.00000000e+00  1.00000000e+00]]

[[-9.87761349e-02  9.91099132e-01  8.92512560e-02 -2.44229615e+02]
 [-8.77496968e-02 -9.80155462e-02  9.91308702e-01 -2.06430967e+00]
 [ 9.91233205e-01  9.00858714e-02  9.66502451e-02 -2.09368933e+02]
 [ 0.00000000e+00  0.00000000e+00  0.00000000e+00  1.00000000e+00]]

[[-9.81468215e-02  9.91150135e-01  8.93790277e-02 -2.44300236e+02]
 [-8.39324646e-02 -9.77368682e-02  9.91666701e-01 -2.49521871e+00]
 [ 9.91626211e-01  8.98271326e-02  9.27822366e-02 -2.07334559e+02]
 [ 0.00000000e+00  0.00000000e+00  0.00000000e+00  1.00000000e+00]]

[[-9.89175813e-02  9.90769252e-01  9.26908916e-02 -2.46256207e+02]
 [-7.90174879e-02 -1.00674180e-01  9.91776661e-01 -4.01170362e+00]
 [ 9.91953400e-01  9.07799471e-02  8.82465437e-02 -2.04368206e+02]
 [ 0.00000000e+00  0.00000000e+00  0.00000000e+00  1.00000000e+00]]

[[-9.96606536e-02  9.90409752e-01  9.56884367e-02 -2.48432453e+02]
 [-7.50570341e-02 -1.03376034e-01  9.91806351e-01 -4.24869139e+00]
 [ 9.92186573e-01  9.16619789e-02  8.46397417e-02 -2.01099329e+02]
 [ 0.00000000e+00  0.00000000e+00  0.00000000e+00  1.00000000e+00]]

[[-9.73693528e-02  9.90522892e-01  9.68690304e-02 -2.49165581e+02]
 [-8.55970401e-02 -1.05305431e-01  9.90749168e-01 -3.51501768e+00]
 [ 9.91560566e-01  8.81769029e-02  9.50393493e-02 -2.09788075e+02]
 [ 0.00000000e+00  0.00000000e+00  0.00000000e+00  1.00000000e+00]]

[[-9.69244484e-02  9.90228412e-01  1.00266366e-01 -2.52605041e+02]
 [-7.52600373e-02 -1.07744019e-01  9.91325957e-01 -3.95954836e+00]
 [ 9.92442229e-01  8.85376711e-02  8.49676568e-02 -1.98467619e+02]
 [ 0.00000000e+00  0.00000000e+00  0.00000000e+00  1.00000000e+00]]

[[-9.70559186e-02  9.90935709e-01  9.28793315e-02 -2.45962480e+02]
 [-7.73426037e-02 -1.00546958e-01  9.91921585e-01 -4.39407233e+00]
 [ 9.92269253e-01  8.90883313e-02  8.64002252e-02 -1.99537863e+02]
 [ 0.00000000e+00  0.00000000e+00  0.00000000e+00  1.00000000e+00]]

[[-9.75818230e-02  9.89549711e-01  1.06156285e-01 -2.56978475e+02]
 [-8.03782867e-02 -1.14153009e-01  9.90206252e-01 -4.99957673e+00]
 [ 9.91976370e-01  8.80934709e-02  9.06775692e-02 -2.03554827e+02]
 [ 0.00000000e+00  0.00000000e+00  0.00000000e+00  1.00000000e+00]]

[[-9.75059456e-02  9.88571057e-01  1.14977632e-01 -2.64507514e+02]
 [-7.26676518e-02 -1.22291545e-01  9.89830385e-01 -5.76163024e+00]
 [ 9.92578462e-01  8.81591931e-02  8.37612901e-02 -1.97972709e+02]
 [ 0.00000000e+00  0.00000000e+00  0.00000000e+00  1.00000000e+00]]

[[-9.59518448e-02  9.89044545e-01  1.12179013e-01 -2.62064084e+02]
 [-6.19140450e-02 -1.18411065e-01  9.91032528e-01 -6.70941053e+00]
 [ 9.93458552e-01  8.81459428e-02  7.25975085e-02 -1.88252154e+02]
 [ 0.00000000e+00  0.00000000e+00  0.00000000e+00  1.00000000e+00]]

[[-9.63471506e-02  9.89705607e-01  1.05830233e-01 -2.56602399e+02]
 [-7.14566229e-02 -1.12928143e-01  9.91030366e-01 -5.75058926e+00]
 [ 9.92779521e-01  8.79206808e-02  8.16013251e-02 -1.96069431e+02]
 [ 0.00000000e+00  0.00000000e+00  0.00000000e+00  1.00000000e+00]]

[[-9.72100678e-02  9.90312621e-01  9.91519777e-02 -2.50473959e+02]
 [-7.41320418e-02 -1.06551720e-01  9.91539798e-01 -5.41381965e+00]
 [ 9.92499190e-01  8.90373124e-02  8.37717965e-02 -1.97217855e+02]
 [ 0.00000000e+00  0.00000000e+00  0.00000000e+00  1.00000000e+00]]

[[-9.63298252e-02  9.90739722e-01  9.56836842e-02 -2.47293827e+02]
 [-7.05854254e-02 -1.02688332e-01  9.92206029e-01 -5.63635515e+00]
 [ 9.92843524e-01  8.88251597e-02  7.98237339e-02 -1.93682192e+02]
 [ 0.00000000e+00  0.00000000e+00  0.00000000e+00  1.00000000e+00]]

[[-9.85317820e-02  9.90884645e-01  9.18646209e-02 -2.43737079e+02]
 [-7.15820695e-02 -9.91320262e-02  9.92496271e-01 -6.04549635e+00]
 [ 9.92556041e-01  9.12165666e-02  8.06972287e-02 -1.94169711e+02]
 [ 0.00000000e+00  0.00000000e+00  0.00000000e+00  1.00000000e+00]]

[[-9.77098900e-02  9.90278329e-01  9.90030755e-02 -2.49910755e+02]
 [-7.46200874e-02 -1.06488904e-01  9.91509937e-01 -6.17789703e+00]
 [ 9.92413533e-01  8.94927088e-02  8.42996745e-02 -1.97307906e+02]
 [ 0.00000000e+00  0.00000000e+00  0.00000000e+00  1.00000000e+00]]

[[-9.74881580e-02  9.90024469e-01  1.01723207e-01 -2.52305529e+02]
 [-7.18669004e-02 -1.08946070e-01  9.91446369e-01 -6.21535720e+00]
 [ 9.92638508e-01  8.93437487e-02  8.17709416e-02 -1.95534171e+02]
 [ 0.00000000e+00  0.00000000e+00  0.00000000e+00  1.00000000e+00]]

[[-9.77900847e-02  9.90907838e-01  9.24053922e-02 -2.43866263e+02]
 [-6.50225280e-02 -9.90136094e-02  9.92959403e-01 -6.07205479e+00]
 [ 9.93080646e-01  9.10931520e-02  7.41138818e-02 -1.88682874e+02]
 [ 0.00000000e+00  0.00000000e+00  0.00000000e+00  1.00000000e+00]]

[[-9.49566519e-02  9.89290272e-01  1.10851212e-01 -2.60181641e+02]
 [-5.90143968e-02 -1.16752770e-01  9.91406118e-01 -7.51539994e+00]
 [ 9.93730615e-01  8.75987883e-02  6.94688208e-02 -1.85859865e+02]
 [ 0.00000000e+00  0.00000000e+00  0.00000000e+00  1.00000000e+00]]

[[-9.65585134e-02  9.89728626e-01  1.05421540e-01 -2.55166583e+02]
 [-6.62893558e-02 -1.12075968e-01  9.91486106e-01 -7.08114466e+00]
 [ 9.93117402e-01  8.87480985e-02  7.64303619e-02 -1.92035149e+02]
 [ 0.00000000e+00  0.00000000e+00  0.00000000e+00  1.00000000e+00]]

[[-9.40386768e-02  9.88902715e-01  1.15013686e-01 -2.63819219e+02]
 [-6.64953148e-02 -1.21506572e-01  9.90360806e-01 -7.09684208e+00]
 [ 9.93345408e-01  8.54843485e-02  7.71837145e-02 -1.92789596e+02]
 [ 0.00000000e+00  0.00000000e+00  0.00000000e+00  1.00000000e+00]]

[[-9.56874388e-02  9.88186506e-01  1.19713592e-01 -2.67863002e+02]
 [-7.10197274e-02 -1.26736418e-01  9.89390761e-01 -7.22873708e+00]
 [ 9.92874671e-01  8.61702413e-02  8.23078195e-02 -1.96507784e+02]
 [ 0.00000000e+00  0.00000000e+00  0.00000000e+00  1.00000000e+00]]

[[-9.53345261e-02  9.89851583e-01  1.05381081e-01 -2.55267871e+02]
 [-5.67808103e-02 -1.11098279e-01  9.92186027e-01 -8.38092110e+00]
 [ 9.93824566e-01  8.86059615e-02  6.67960767e-02 -1.84264608e+02]
 [ 0.00000000e+00  0.00000000e+00  0.00000000e+00  1.00000000e+00]]

[[-9.82025210e-02  9.91224125e-01  8.84929312e-02 -2.39977055e+02]
 [-7.26208212e-02 -9.58234618e-02  9.92745728e-01 -5.91738184e+00]
 [ 9.92513215e-01  9.10637038e-02  8.13936155e-02 -1.94655887e+02]
 [ 0.00000000e+00  0.00000000e+00  0.00000000e+00  1.00000000e+00]]

[[-9.76565572e-02  9.90584603e-01  9.59444654e-02 -2.46653700e+02]
 [-6.03532623e-02 -1.02122447e-01  9.92939318e-01 -7.73526354e+00]
 [ 9.93388484e-01  9.11764738e-02  6.97579390e-02 -1.85221662e+02]
 [ 0.00000000e+00  0.00000000e+00  0.00000000e+00  1.00000000e+00]]

[[-9.75989392e-02  9.90386656e-01  9.80240745e-02 -2.47870750e+02]
 [-6.31861305e-02 -1.04461946e-01  9.92519629e-01 -7.39177208e+00]
 [ 9.93217982e-01  9.06751010e-02  7.27740756e-02 -1.87413701e+02]
 [ 0.00000000e+00  0.00000000e+00  0.00000000e+00  1.00000000e+00]]

[[-9.83426556e-02  9.90481283e-01  9.63096566e-02 -2.46165415e+02]
 [-7.11135373e-02 -1.03525935e-01  9.92081270e-01 -6.43942926e+00]
 [ 9.92608476e-01  9.07149863e-02  8.06176430e-02 -1.94352477e+02]
 [ 0.00000000e+00  0.00000000e+00  0.00000000e+00  1.00000000e+00]]

[[-9.44753773e-02  9.88487125e-01  1.18184628e-01 -2.66042534e+02]
 [-5.60008319e-02 -1.23804530e-01  9.90725161e-01 -8.13665831e+00]
 [ 9.93950859e-01  8.69806959e-02  6.70525810e-02 -1.83368056e+02]
 [ 0.00000000e+00  0.00000000e+00  0.00000000e+00  1.00000000e+00]]

[[-9.45470513e-02  9.89678233e-01  1.07693316e-01 -2.56757673e+02]
 [-5.77123334e-02 -1.13444896e-01  9.91866696e-01 -8.00410244e+00]
 [ 9.93846136e-01  8.75628389e-02  6.78425205e-02 -1.84038698e+02]
 [ 0.00000000e+00  0.00000000e+00  0.00000000e+00  1.00000000e+00]]

[[-9.63907331e-02  9.90286277e-01  1.00209360e-01 -2.50055528e+02]
 [-7.59107572e-02 -1.07698910e-01  9.91281243e-01 -6.25711437e+00]
 [ 9.92444650e-01  8.79433573e-02  8.55545580e-02 -1.99491902e+02]
 [ 0.00000000e+00  0.00000000e+00  0.00000000e+00  1.00000000e+00]]

[[-9.82682070e-02  9.90747026e-01  9.36145848e-02 -2.44152041e+02]
 [-7.17956607e-02 -1.00882862e-01  9.92304405e-01 -5.88509125e+00]
 [ 9.92566745e-01  9.07908537e-02  8.10449153e-02 -1.94794084e+02]
 [ 0.00000000e+00  0.00000000e+00  0.00000000e+00  1.00000000e+00]]

[[-9.65026174e-02  9.90723771e-01  9.56747367e-02 -2.46041610e+02]
 [-6.06430062e-02 -1.01797217e-01  9.92955061e-01 -7.30227873e+00]
 [ 9.93483604e-01  9.00207587e-02  6.99041656e-02 -1.85086883e+02]
 [ 0.00000000e+00  0.00000000e+00  0.00000000e+00  1.00000000e+00]]

[[-9.56317438e-02  9.89688507e-01  1.06635966e-01 -2.55759002e+02]
 [-5.48144865e-02 -1.12200241e-01  9.92172605e-01 -8.22181479e+00]
 [ 9.93906405e-01  8.90380007e-02  6.49791720e-02 -1.81252572e+02]
 [ 0.00000000e+00  0.00000000e+00  0.00000000e+00  1.00000000e+00]]

[[-9.65119534e-02  9.88903800e-01  1.12936780e-01 -2.61454118e+02]
 [-6.74126019e-02 -1.19700338e-01  9.90518738e-01 -7.66137844e+00]
 [ 9.93046315e-01  8.79835361e-02  7.82170916e-02 -1.92870671e+02]
 [ 0.00000000e+00  0.00000000e+00  0.00000000e+00  1.00000000e+00]]

[[-9.63948422e-02  9.89909946e-01  1.03857269e-01 -2.53340571e+02]
 [-5.97017756e-02 -1.09905615e-01  9.92147395e-01 -8.18926803e+00]
 [ 9.93551072e-01  8.94374283e-02  6.96937159e-02 -1.85326974e+02]
 [ 0.00000000e+00  0.00000000e+00  0.00000000e+00  1.00000000e+00]]

[[-9.47288038e-02  9.89493730e-01  1.09218190e-01 -2.58091043e+02]
 [-6.57360442e-02 -1.15689564e-01  9.91107813e-01 -7.67542478e+00]
 [ 9.93330371e-01  8.67068858e-02  7.60045375e-02 -1.91203282e+02]
 [ 0.00000000e+00  0.00000000e+00  0.00000000e+00  1.00000000e+00]]

[[-9.65262539e-02  9.89434664e-01  1.08174526e-01 -2.57183481e+02]
 [-5.83711342e-02 -1.14122220e-01  9.91750437e-01 -8.16119750e+00]
 [ 9.93617378e-01  8.94156847e-02  6.87702139e-02 -1.84641724e+02]
 [ 0.00000000e+00  0.00000000e+00  0.00000000e+00  1.00000000e+00]]

[[-9.44042059e-02  9.89126308e-01  1.12769647e-01 -2.61252324e+02]
 [-6.46216870e-02 -1.19125130e-01  9.90774062e-01 -7.62553589e+00]
 [ 9.93434388e-01  8.62458737e-02  7.51649240e-02 -1.90557406e+02]
 [ 0.00000000e+00  0.00000000e+00  0.00000000e+00  1.00000000e+00]]

[[-9.59789611e-02  9.90795233e-01  9.54612255e-02 -2.46144608e+02]
 [-6.65529802e-02 -1.02077103e-01  9.92547715e-01 -6.83664033e+00]
 [ 9.93155949e-01  8.89104694e-02  7.57376299e-02 -1.90513993e+02]
 [ 0.00000000e+00  0.00000000e+00  0.00000000e+00  1.00000000e+00]]

[[-9.68376163e-02  9.89623401e-01  1.06150837e-01 -2.55525698e+02]
 [-6.17643703e-02 -1.12421610e-01  9.91739151e-01 -7.29956128e+00]
 [ 9.93381920e-01  8.94813158e-02  7.20101069e-02 -1.87161824e+02]
 [ 0.00000000e+00  0.00000000e+00  0.00000000e+00  1.00000000e+00]]

[[-9.81354028e-02  9.90732190e-01  9.39104368e-02 -2.45166360e+02]
 [-8.03333159e-02 -1.01944408e-01  9.91541172e-01 -6.25640605e+00]
 [ 9.91925401e-01  8.97611555e-02  8.95931575e-02 -2.01653539e+02]
 [ 0.00000000e+00  0.00000000e+00  0.00000000e+00  1.00000000e+00]]

[[-9.66777499e-02  9.90927975e-01  9.33550287e-02 -2.44880529e+02]
 [-5.55850412e-02 -9.90233331e-02  9.93531420e-01 -7.11836558e+00]
 [ 9.93762404e-01  9.08632390e-02  6.46541253e-02 -1.78402895e+02]
 [ 0.00000000e+00  0.00000000e+00  0.00000000e+00  1.00000000e+00]]

[[-9.55242705e-02  9.89907730e-01  1.04679510e-01 -2.53791315e+02]
 [-5.33088705e-02 -1.10096808e-01  9.92490230e-01 -7.51004194e+00]
 [ 9.93998631e-01  8.92265588e-02  6.32877803e-02 -1.77434297e+02]
 [ 0.00000000e+00  0.00000000e+00  0.00000000e+00  1.00000000e+00]]

[[-9.64089264e-02  9.90125272e-01  1.01770652e-01 -2.50454771e+02]
 [-6.94751775e-02 -1.08691661e-01  9.91644756e-01 -6.20558153e+00]
 [ 9.92914155e-01  8.85328722e-02  7.92679753e-02 -1.93324210e+02]
 [ 0.00000000e+00  0.00000000e+00  0.00000000e+00  1.00000000e+00]]

[[-9.67967216e-02  9.90088858e-01  1.01756812e-01 -2.51118567e+02]
 [-6.84500120e-02 -1.08616951e-01  9.91724233e-01 -5.96055436e+00]
 [ 9.92947627e-01  8.90303995e-02  7.82853589e-02 -1.92553192e+02]
 [ 0.00000000e+00  0.00000000e+00  0.00000000e+00  1.00000000e+00]]

[[-9.83598774e-02  9.89570613e-01  1.05239424e-01 -2.53656452e+02]
 [-7.03487203e-02 -1.12401876e-01  9.91169449e-01 -6.25212272e+00]
 [ 9.92661268e-01  9.00878467e-02  8.06708610e-02 -1.94353800e+02]
 [ 0.00000000e+00  0.00000000e+00  0.00000000e+00  1.00000000e+00]]

[[-9.85843628e-02  9.89528410e-01  1.05426033e-01 -2.53659405e+02]
 [-6.68329892e-02 -1.12286593e-01  9.91425778e-01 -7.59165851e+00]
 [ 9.92881904e-01  9.06931416e-02  7.72028438e-02 -1.92558479e+02]
 [ 0.00000000e+00  0.00000000e+00  0.00000000e+00  1.00000000e+00]]

[[-9.81284324e-02  9.88031972e-01  1.19011067e-01 -2.65728935e+02]
 [-6.78824990e-02 -1.25955164e-01  9.89710697e-01 -6.76150378e+00]
 [ 9.92855869e-01  8.90399906e-02  7.94298621e-02 -1.95916301e+02]
 [ 0.00000000e+00  0.00000000e+00  0.00000000e+00  1.00000000e+00]]

[[-9.84245346e-02  9.88595732e-01  1.13978464e-01 -2.61859638e+02]
 [-6.68493188e-02 -1.20844077e-01  9.90418032e-01 -8.19122221e+00]
 [ 9.92896661e-01  8.98620512e-02  7.79809733e-02 -1.94610600e+02]
 [ 0.00000000e+00  0.00000000e+00  0.00000000e+00  1.00000000e+00]]

[[-9.73946389e-02  9.90035672e-01  1.01703745e-01 -2.52040647e+02]
 [-6.03588969e-02 -1.07877259e-01  9.92330238e-01 -8.43436444e+00]
 [ 9.93413855e-01  9.05089193e-02  7.02641277e-02 -1.87864974e+02]
 [ 0.00000000e+00  0.00000000e+00  0.00000000e+00  1.00000000e+00]]

[[-9.79213991e-02  9.89416123e-01  1.07084711e-01 -2.56515564e+02]
 [-6.37089365e-02 -1.13613319e-01  9.91480300e-01 -8.25955720e+00]
 [ 9.93152844e-01  9.02648851e-02  7.41598241e-02 -1.91589878e+02]
 [ 0.00000000e+00  0.00000000e+00  0.00000000e+00  1.00000000e+00]]

[[-9.79705034e-02  9.89863387e-01  1.02821478e-01 -2.52303571e+02]
 [-5.04195736e-02 -1.08122773e-01  9.92858163e-01 -8.34833462e+00]
 [ 9.93911287e-01  9.20865990e-02  6.05013324e-02 -1.78864181e+02]
 [ 0.00000000e+00  0.00000000e+00  0.00000000e+00  1.00000000e+00]]

[[-9.71158561e-02  9.88769903e-01  1.13589568e-01 -2.62979057e+02]
 [-4.72948987e-02 -1.18584861e-01  9.91816930e-01 -9.44421633e+00]
 [ 9.94148733e-01  9.09489431e-02  5.82802427e-02 -1.78535389e+02]
 [ 0.00000000e+00  0.00000000e+00  0.00000000e+00  1.00000000e+00]]

[[-9.55914715e-02  9.87599183e-01  1.24539647e-01 -2.71780547e+02]
 [-4.68281300e-02 -1.29435690e-01  9.90481463e-01 -1.06186617e+01]
 [ 9.94318559e-01  8.88496217e-02  5.86203710e-02 -1.80297807e+02]
 [ 0.00000000e+00  0.00000000e+00  0.00000000e+00  1.00000000e+00]]

[[-9.68211498e-02  9.87765445e-01  1.22250113e-01 -2.68734520e+02]
 [-4.78033813e-02 -1.27300445e-01  9.90711579e-01 -9.76592233e+00]
 [ 9.94153158e-01  9.00778655e-02  5.95439038e-02 -1.80497083e+02]
 [ 0.00000000e+00  0.00000000e+00  0.00000000e+00  1.00000000e+00]]

[[-9.65993822e-02  9.89397269e-01  1.08450922e-01 -2.56970270e+02]
 [-5.71688389e-02 -1.14295998e-01  9.91800458e-01 -9.34817475e+00]
 [ 9.93680171e-01  8.96072982e-02  6.76036159e-02 -1.86906370e+02]
 [ 0.00000000e+00  0.00000000e+00  0.00000000e+00  1.00000000e+00]]

[[-9.71436184e-02  9.90329348e-01  9.90499888e-02 -2.48433252e+02]
 [-6.00381291e-02 -1.05170390e-01  9.92640223e-01 -8.97521204e+00]
 [ 9.93457870e-01  9.04818870e-02  6.96741535e-02 -1.87292496e+02]
 [ 0.00000000e+00  0.00000000e+00  0.00000000e+00  1.00000000e+00]]

[[-9.87098622e-02  9.90279625e-01  9.79929995e-02 -2.46235789e+02]
 [-5.65398482e-02 -1.03896017e-01  9.92979790e-01 -9.31917368e+00]
 [ 9.93508736e-01  9.24763889e-02  6.62458211e-02 -1.84385773e+02]
 [ 0.00000000e+00  0.00000000e+00  0.00000000e+00  1.00000000e+00]]

[[-9.71958376e-02  9.90107911e-01  1.01189391e-01 -2.50403506e+02]
 [-6.08098502e-02 -1.07388632e-01  9.92355704e-01 -8.99066496e+00]
 [ 9.93405824e-01  9.02995322e-02  7.06460418e-02 -1.87717243e+02]
 [ 0.00000000e+00  0.00000000e+00  0.00000000e+00  1.00000000e+00]]

[[-9.35178327e-02  9.89888477e-01  1.06654667e-01 -2.56493543e+02]
 [-4.65313809e-02 -1.11352586e-01  9.92691005e-01 -9.99294643e+00]
 [ 9.94529660e-01  8.78715225e-02  5.64743303e-02 -1.75096350e+02]
 [ 0.00000000e+00  0.00000000e+00  0.00000000e+00  1.00000000e+00]]

[[-9.55982741e-02  9.90121071e-01  1.02573069e-01 -2.51326455e+02]
 [-4.80884236e-02 -1.07518438e-01  9.93039420e-01 -9.68080797e+00]
 [ 9.94257750e-01  9.00002774e-02  5.78919386e-02 -1.76245863e+02]
 [ 0.00000000e+00  0.00000000e+00  0.00000000e+00  1.00000000e+00]]

[[-9.50224730e-02  9.89912013e-01  1.05094894e-01 -2.53490447e+02]
 [-5.87488242e-02 -1.10965083e-01  9.92086350e-01 -8.37137650e+00]
 [ 9.93740059e-01  8.80962970e-02  6.87003434e-02 -1.86267917e+02]
 [ 0.00000000e+00  0.00000000e+00  0.00000000e+00  1.00000000e+00]]

[[-9.70854617e-02  9.88625965e-01  1.14861287e-01 -2.60106831e+02]
 [-4.86621764e-02 -1.19983534e-01  9.91582545e-01 -9.01266009e+00]
 [ 9.94085713e-01  9.06788490e-02  5.97573479e-02 -1.78845080e+02]
 [ 0.00000000e+00  0.00000000e+00  0.00000000e+00  1.00000000e+00]]

[[-9.63512758e-02  9.89007347e-01  1.12164611e-01 -2.58474896e+02]
 [-5.98694637e-02 -1.18243421e-01  9.91178158e-01 -8.68452697e+00]
 [ 9.93545207e-01  8.87860450e-02  7.06042438e-02 -1.87552950e+02]
 [ 0.00000000e+00  0.00000000e+00  0.00000000e+00  1.00000000e+00]]

[[-9.74161218e-02  9.88587787e-01  1.14909911e-01 -2.61449267e+02]
 [-6.10243823e-02 -1.21175038e-01  9.90753569e-01 -7.83228084e+00]
 [ 9.93371091e-01  8.95030640e-02  7.21323613e-02 -1.88254653e+02]
 [ 0.00000000e+00  0.00000000e+00  0.00000000e+00  1.00000000e+00]]

[[-9.67781491e-02  9.87810866e-01  1.21916709e-01 -2.68728233e+02]
 [-6.03130082e-02 -1.28086929e-01  9.89927310e-01 -8.65307389e+00]
 [ 9.93476890e-01  8.84501693e-02  7.19738608e-02 -1.88341902e+02]
 [ 0.00000000e+00  0.00000000e+00  0.00000000e+00  1.00000000e+00]]

[[-9.76757184e-02  9.89546318e-01  1.06101549e-01 -2.54628091e+02]
 [-5.55168338e-02 -1.11862974e-01  9.92171636e-01 -8.95872718e+00]
 [ 9.93668624e-01  9.10206553e-02  6.58627748e-02 -1.82535987e+02]
 [ 0.00000000e+00  0.00000000e+00  0.00000000e+00  1.00000000e+00]]

[[-9.77957183e-02  9.90178947e-01  9.99082091e-02 -2.49962179e+02]
 [-5.50163169e-02 -1.05614875e-01  9.92884033e-01 -7.74072695e+00]
 [ 9.93684659e-01  9.16032255e-02  6.48046813e-02 -1.81220354e+02]
 [ 0.00000000e+00  0.00000000e+00  0.00000000e+00  1.00000000e+00]]

[[-9.74735371e-02  9.90157822e-01  1.00431055e-01 -2.49631369e+02]
 [-6.11817408e-02 -1.06682272e-01  9.92409032e-01 -7.88764361e+00]
 [ 9.93355779e-01  9.05890719e-02  7.09782776e-02 -1.86824168e+02]
 [ 0.00000000e+00  0.00000000e+00  0.00000000e+00  1.00000000e+00]]

[[-9.68933694e-02  9.89166229e-01  1.10280763e-01 -2.56449284e+02]
 [-5.75419236e-02 -1.16184078e-01  9.91559472e-01 -8.76249268e+00]
 [ 9.93630013e-01  8.97297710e-02  6.81759943e-02 -1.84608305e+02]
 [ 0.00000000e+00  0.00000000e+00  0.00000000e+00  1.00000000e+00]]

[[-9.33671175e-02  9.87803949e-01  1.24603131e-01 -2.70199104e+02]
 [-5.85310146e-02 -1.30379065e-01  9.89735025e-01 -9.07254232e+00]
 [ 9.93909806e-01  8.51155587e-02  6.99902848e-02 -1.85786056e+02]
 [ 0.00000000e+00  0.00000000e+00  0.00000000e+00  1.00000000e+00]]

[[-9.65710735e-02  9.88733211e-01  1.14370735e-01 -2.61349148e+02]
 [-5.39060342e-02 -1.19934720e-01  9.91317206e-01 -8.99486415e+00]
 [ 9.93865266e-01  8.95672940e-02  6.48809109e-02 -1.81628255e+02]
 [ 0.00000000e+00  0.00000000e+00  0.00000000e+00  1.00000000e+00]]

[[-9.41035705e-02  9.87549840e-01  1.26054876e-01 -2.72807141e+02]
 [-5.37590150e-02 -1.31472583e-01  9.89861065e-01 -9.49073888e+00]
 [ 9.94109897e-01  8.63728746e-02  6.54617462e-02 -1.82806606e+02]
 [ 0.00000000e+00  0.00000000e+00  0.00000000e+00  1.00000000e+00]]

[[-9.69027374e-02  9.88302879e-01  1.17759409e-01 -2.65135477e+02]
 [-6.22470600e-02 -1.24102466e-01  9.90315042e-01 -7.78676983e+00]
 [ 9.93345440e-01  8.86340614e-02  7.35448173e-02 -1.89196480e+02]
 [ 0.00000000e+00  0.00000000e+00  0.00000000e+00  1.00000000e+00]]

[[-9.59520740e-02  9.89530574e-01  1.07807435e-01 -2.55857469e+02]
 [-5.49889053e-02 -1.13411349e-01  9.92025245e-01 -8.17956197e+00]
 [ 9.93865896e-01  8.92586668e-02  6.52952571e-02 -1.81063854e+02]
 [ 0.00000000e+00  0.00000000e+00  0.00000000e+00  1.00000000e+00]]

[[-9.56496094e-02  9.89099650e-01  1.11951032e-01 -2.59463720e+02]
 [-5.72231267e-02 -1.17744390e-01  9.91393853e-01 -7.84622587e+00]
 [ 9.93768920e-01  8.84202467e-02  6.78615795e-02 -1.83922752e+02]
 [ 0.00000000e+00  0.00000000e+00  0.00000000e+00  1.00000000e+00]]

[[-9.46101642e-02  9.88061515e-01  1.21586838e-01 -2.69052454e+02]
 [-5.80376523e-02 -1.27401354e-01  9.90151769e-01 -8.00556707e+00]
 [ 9.93821185e-01  8.66218068e-02  6.93982337e-02 -1.85680533e+02]
 [ 0.00000000e+00  0.00000000e+00  0.00000000e+00  1.00000000e+00]]

[[-9.41770155e-02  9.89878672e-01  1.06164512e-01 -2.55990409e+02]
 [-6.89510913e-02 -1.12867807e-01  9.91214712e-01 -7.03252855e+00]
 [ 9.93164859e-01  8.60294843e-02  7.88827679e-02 -1.92577720e+02]
 [ 0.00000000e+00  0.00000000e+00  0.00000000e+00  1.00000000e+00]]

[[-9.59505486e-02  9.89946346e-01  1.03921718e-01 -2.53687320e+02]
 [-5.72547968e-02 -1.09719500e-01  9.92312209e-01 -8.33294262e+00]
 [ 9.93738084e-01  8.92628840e-02  6.72068232e-02 -1.81734568e+02]
 [ 0.00000000e+00  0.00000000e+00  0.00000000e+00  1.00000000e+00]]

[[-9.67254407e-02  9.89689855e-01  1.05632283e-01 -2.55577343e+02]
 [-7.34399431e-02 -1.12937284e-01  9.90884325e-01 -6.93248636e+00]
 [ 9.92597987e-01  8.80860941e-02  8.36066753e-02 -1.96954806e+02]
 [ 0.00000000e+00  0.00000000e+00  0.00000000e+00  1.00000000e+00]]

[[-9.82341579e-02  9.90526864e-01  9.59509316e-02 -2.46714596e+02]
 [-7.09891161e-02 -1.03146446e-01  9.92129707e-01 -7.01564465e+00]
 [ 9.92628126e-01  9.06495545e-02  8.04491308e-02 -1.94476665e+02]
 [ 0.00000000e+00  0.00000000e+00  0.00000000e+00  1.00000000e+00]]

[[-9.68079437e-02  9.88387368e-01  1.17126567e-01 -2.65707492e+02]
 [-5.38049736e-02 -1.22704187e-01  9.90983707e-01 -8.68222666e+00]
 [ 9.93847698e-01  8.96331030e-02  6.50588963e-02 -1.81835156e+02]
 [ 0.00000000e+00  0.00000000e+00  0.00000000e+00  1.00000000e+00]]

[[-9.88433992e-02  9.88639242e-01  1.13236181e-01 -2.62101163e+02]
 [-7.02554163e-02 -1.20442598e-01  9.90231163e-01 -7.49895996e+00]
 [ 9.92619846e-01  8.99223592e-02  8.13622173e-02 -1.96912050e+02]
 [ 0.00000000e+00  0.00000000e+00  0.00000000e+00  1.00000000e+00]]

[[-9.54230786e-02  9.89397120e-01  1.09488702e-01 -2.59337236e+02]
 [-6.99691939e-02 -1.16385147e-01  9.90736498e-01 -7.26619844e+00]
 [ 9.92974697e-01  8.68782905e-02  8.03331479e-02 -1.97421713e+02]
 [ 0.00000000e+00  0.00000000e+00  0.00000000e+00  1.00000000e+00]]

[[-9.25154755e-02  9.87272294e-01  1.29361140e-01 -2.76515758e+02]
 [-6.24503382e-02 -1.35415876e-01  9.88818738e-01 -8.33521786e+00]
 [ 9.93750895e-01  8.34023887e-02  7.41835528e-02 -1.92649873e+02]
 [ 0.00000000e+00  0.00000000e+00  0.00000000e+00  1.00000000e+00]]

[[-9.12368577e-02  9.89348301e-01  1.13427399e-01 -2.62413061e+02]
 [-6.73607535e-02 -1.19772938e-01  9.90513489e-01 -8.07861223e+00]
 [ 9.93548371e-01  8.27307832e-02  7.75709535e-02 -1.95298492e+02]
 [ 0.00000000e+00  0.00000000e+00  0.00000000e+00  1.00000000e+00]]

[[-9.79066799e-02  9.89407840e-01  1.07174664e-01 -2.56273656e+02]
 [-5.01372488e-02 -1.12459091e-01  9.92390653e-01 -8.82291854e+00]
 [ 9.93931858e-01  9.17882312e-02  6.06166832e-02 -1.78640818e+02]
 [ 0.00000000e+00  0.00000000e+00  0.00000000e+00  1.00000000e+00]]

[[-9.64452083e-02  9.87428416e-01  1.25233561e-01 -2.72260168e+02]
 [-5.86664244e-02 -1.31240774e-01  9.89613111e-01 -8.30023626e+00]
 [ 9.93607856e-01  8.80964374e-02  7.05864383e-02 -1.87942897e+02]
 [ 0.00000000e+00  0.00000000e+00  0.00000000e+00  1.00000000e+00]]

[[-9.50892358e-02  9.87726641e-01  1.23911746e-01 -2.70649714e+02]
 [-6.60354590e-02 -1.30460384e-01  9.89251943e-01 -8.15193468e+00]
 [ 9.93276072e-01  8.58846423e-02  7.76303602e-02 -1.93576346e+02]
 [ 0.00000000e+00  0.00000000e+00  0.00000000e+00  1.00000000e+00]]

[[-9.62759068e-02  9.88867482e-01  1.13455065e-01 -2.61861339e+02]
 [-7.49547960e-02 -1.20863677e-01  9.89835214e-01 -7.67994270e+00]
 [ 9.92528452e-01  8.67932815e-02  8.57566205e-02 -2.01380930e+02]
 [ 0.00000000e+00  0.00000000e+00  0.00000000e+00  1.00000000e+00]]

[[-9.72445823e-02  9.88348569e-01  1.17092263e-01 -2.64689647e+02]
 [-6.48982142e-02 -1.23696489e-01  9.90195637e-01 -8.19156198e+00]
 [ 9.93142343e-01  8.86920823e-02  7.61708705e-02 -1.92460503e+02]
 [ 0.00000000e+00  0.00000000e+00  0.00000000e+00  1.00000000e+00]]

[[-9.71424630e-02  9.88860988e-01  1.12770952e-01 -2.61008916e+02]
 [-8.04519825e-02 -1.20737920e-01  9.89418937e-01 -7.95561508e+00]
 [ 9.92013518e-01  8.70419459e-02  9.12846059e-02 -2.05251426e+02]
 [ 0.00000000e+00  0.00000000e+00  0.00000000e+00  1.00000000e+00]]

[[-9.74920527e-02  9.90009051e-01  1.01869415e-01 -2.50840667e+02]
 [-6.67110313e-02 -1.08627408e-01  9.91841582e-01 -8.18450625e+00]
 [ 9.92997955e-01  8.99008581e-02  7.66348338e-02 -1.92148757e+02]
 [ 0.00000000e+00  0.00000000e+00  0.00000000e+00  1.00000000e+00]]

[[-9.72247539e-02  9.89537128e-01  1.06600283e-01 -2.55072688e+02]
 [-5.46147226e-02 -1.12250814e-01  9.92177901e-01 -9.25850123e+00]
 [ 9.93762839e-01  9.06423073e-02  6.49568535e-02 -1.82263581e+02]
 [ 0.00000000e+00  0.00000000e+00  0.00000000e+00  1.00000000e+00]]

[[-9.48399437e-02  9.87329178e-01  1.27226094e-01 -2.73290660e+02]
 [-4.94981319e-02 -1.32321064e-01  9.89970237e-01 -9.66648377e+00]
 [ 9.94261193e-01  8.75912676e-02  6.14202721e-02 -1.80175661e+02]
 [ 0.00000000e+00  0.00000000e+00  0.00000000e+00  1.00000000e+00]]

[[-9.68032671e-02  9.88488482e-01  1.16274023e-01 -2.63893422e+02]
 [-6.62394398e-02 -1.22962014e-01  9.90198303e-01 -8.81821433e+00]
 [ 9.93096906e-01  8.81525047e-02  7.73800479e-02 -1.93698261e+02]
 [ 0.00000000e+00  0.00000000e+00  0.00000000e+00  1.00000000e+00]]

[[-9.61248277e-02  9.87718210e-01  1.23177741e-01 -2.69869709e+02]
 [-6.20602911e-02 -1.29457246e-01  9.89641017e-01 -8.99541648e+00]
 [ 9.93432704e-01  8.74846258e-02  7.37421352e-02 -1.90705408e+02]
 [ 0.00000000e+00  0.00000000e+00  0.00000000e+00  1.00000000e+00]]

[[-9.54096636e-02  9.87636128e-01  1.24385992e-01 -2.70861826e+02]
 [-5.53874464e-02 -1.30029558e-01  9.89961891e-01 -9.13192615e+00]
 [ 9.93895984e-01  8.75625084e-02  6.71087195e-02 -1.85145750e+02]
 [ 0.00000000e+00  0.00000000e+00  0.00000000e+00  1.00000000e+00]]

[[-9.57118572e-02  9.88727718e-01  1.15137920e-01 -2.62648384e+02]
 [-6.00082331e-02 -1.21189828e-01  9.90813826e-01 -8.92884497e+00]
 [ 9.93598637e-01  8.79234083e-02  7.09311069e-02 -1.88357668e+02]
 [ 0.00000000e+00  0.00000000e+00  0.00000000e+00  1.00000000e+00]]

[[-9.54918475e-02  9.88821866e-01  1.14510372e-01 -2.62031206e+02]
 [-6.90699420e-02 -1.21340712e-01  9.90204915e-01 -8.19039923e+00]
 [ 9.93031042e-01  8.66472720e-02  7.98849177e-02 -1.96270696e+02]
 [ 0.00000000e+00  0.00000000e+00  0.00000000e+00  1.00000000e+00]]

[[-9.73187222e-02  9.89275477e-01  1.08917848e-01 -2.57027980e+02]
 [-6.59978506e-02 -1.15611133e-01  9.91099566e-01 -8.71005721e+00]
 [ 9.93062611e-01  8.92641995e-02  7.65411829e-02 -1.92884125e+02]
 [ 0.00000000e+00  0.00000000e+00  0.00000000e+00  1.00000000e+00]]

[[-9.70249853e-02  9.88665731e-01  1.14569732e-01 -2.62109209e+02]
 [-5.59086343e-02 -1.20345097e-01  9.91156538e-01 -9.23342028e+00]
 [ 9.93710409e-01  8.97615113e-02  6.69514321e-02 -1.84558452e+02]
 [ 0.00000000e+00  0.00000000e+00  0.00000000e+00  1.00000000e+00]]

[[-9.70330742e-02  9.88879343e-01  1.12704162e-01 -2.60414135e+02]
 [-6.73432536e-02 -1.19502278e-01  9.90547370e-01 -8.21836242e+00]
 [ 9.93000236e-01  8.85259914e-02  7.81900258e-02 -1.94539455e+02]
 [ 0.00000000e+00  0.00000000e+00  0.00000000e+00  1.00000000e+00]]

[[-9.48659336e-02  9.89756811e-01  1.06686038e-01 -2.54944811e+02]
 [-7.15317886e-02 -1.13669750e-01  9.90940155e-01 -9.28766893e+00]
 [ 9.92916743e-01  8.63750198e-02  8.15824618e-02 -1.97978062e+02]
 [ 0.00000000e+00  0.00000000e+00  0.00000000e+00  1.00000000e+00]]

[[-9.32049944e-02  9.88457442e-01  1.19434982e-01 -2.65943324e+02]
 [-6.14410809e-02 -1.25438662e-01  9.90197019e-01 -1.03346305e+01]
 [ 9.93749376e-01  8.49530931e-02  7.24234034e-02 -1.89955544e+02]
 [ 0.00000000e+00  0.00000000e+00  0.00000000e+00  1.00000000e+00]]

[[-9.06085362e-02  9.87025925e-01  1.32551559e-01 -2.76625025e+02]
 [-5.76075235e-02 -1.38070843e-01  9.88745577e-01 -1.06573670e+01]
 [ 9.94219023e-01  8.19528223e-02  6.93705162e-02 -1.88557618e+02]
 [ 0.00000000e+00  0.00000000e+00  0.00000000e+00  1.00000000e+00]]

[[-9.11307115e-02  9.86679968e-01  1.34751009e-01 -2.78113051e+02]
 [-5.39490008e-02 -1.40006896e-01  9.88679713e-01 -1.07902779e+01]
 [ 9.94376538e-01  8.28294034e-02  6.59893264e-02 -1.85567505e+02]
 [ 0.00000000e+00  0.00000000e+00  0.00000000e+00  1.00000000e+00]]

[[-9.32487357e-02  9.88368671e-01  1.20133441e-01 -2.64851907e+02]
 [-5.66034753e-02 -1.25726595e-01  9.90448822e-01 -1.09301425e+01]
 [ 9.94032555e-01  8.55581302e-02  6.76689477e-02 -1.86891809e+02]
 [ 0.00000000e+00  0.00000000e+00  0.00000000e+00  1.00000000e+00]]

[[-9.16990259e-02  9.84377311e-01  1.50308345e-01 -2.91859462e+02]
 [-4.71909805e-02 -1.55070597e-01  9.86775618e-01 -1.03000801e+01]
 [ 9.94667935e-01  8.33931648e-02  6.06735531e-02 -1.80543633e+02]
 [ 0.00000000e+00  0.00000000e+00  0.00000000e+00  1.00000000e+00]]

[[-9.44764193e-02  9.89567215e-01  1.08770095e-01 -2.54279647e+02]
 [-5.87774334e-02 -1.14612838e-01  9.91669860e-01 -1.10066770e+01]
 [ 9.93790430e-01  8.72961904e-02  6.89924316e-02 -1.86896765e+02]
 [ 0.00000000e+00  0.00000000e+00  0.00000000e+00  1.00000000e+00]]

[[-9.57604712e-02  9.89894498e-01  1.04588786e-01 -2.50674149e+02]
 [-6.68020830e-02 -1.11225733e-01  9.91547436e-01 -1.09839861e+01]
 [ 9.93160316e-01  8.79643010e-02  7.67780431e-02 -1.93826887e+02]
 [ 0.00000000e+00  0.00000000e+00  0.00000000e+00  1.00000000e+00]]

[[-9.47427509e-02  9.89074593e-01  1.12939189e-01 -2.58057469e+02]
 [-5.75028345e-02 -1.18697348e-01  9.91264023e-01 -1.17108864e+01]
 [ 9.93839643e-01  8.74207569e-02  6.81203059e-02 -1.86945666e+02]
 [ 0.00000000e+00  0.00000000e+00  0.00000000e+00  1.00000000e+00]]

[[-9.28161796e-02  9.88254067e-01  1.21404513e-01 -2.65842178e+02]
 [-6.09227802e-02 -1.27339159e-01  9.89986441e-01 -1.16753422e+01]
 [ 9.93817675e-01  8.44904589e-02  7.20263195e-02 -1.90688291e+02]
 [ 0.00000000e+00  0.00000000e+00  0.00000000e+00  1.00000000e+00]]

[[-9.27638572e-02  9.87428093e-01  1.27986830e-01 -2.71233896e+02]
 [-5.85751172e-02 -1.33730372e-01  9.89285168e-01 -1.15508271e+01]
 [ 9.93963693e-01  8.42730645e-02  7.02440614e-02 -1.89565305e+02]
 [ 0.00000000e+00  0.00000000e+00  0.00000000e+00  1.00000000e+00]]

[[-9.20643521e-02  9.87432997e-01  1.28453230e-01 -2.71758260e+02]
 [-5.67682623e-02 -1.33996050e-01  9.89354549e-01 -1.22049728e+01]
 [ 9.94133552e-01  8.37922188e-02  6.83911149e-02 -1.88141837e+02]
 [ 0.00000000e+00  0.00000000e+00  0.00000000e+00  1.00000000e+00]]

[[-9.14372252e-02  9.87234246e-01  1.30413866e-01 -2.73532045e+02]
 [-4.48435002e-02 -1.34911783e-01  9.89842347e-01 -1.24635558e+01]
 [ 9.94800630e-01  8.46602233e-02  5.66069982e-02 -1.78172661e+02]
 [ 0.00000000e+00  0.00000000e+00  0.00000000e+00  1.00000000e+00]]

[[-9.18854308e-02  9.85981701e-01  1.39273665e-01 -2.81117058e+02]
 [-5.14249177e-02 -1.44377347e-01  9.88185539e-01 -1.17146581e+01]
 [ 9.94440820e-01  8.36377172e-02  6.39702026e-02 -1.84808507e+02]
 [ 0.00000000e+00  0.00000000e+00  0.00000000e+00  1.00000000e+00]]

[[-9.10809337e-02  9.86989525e-01  1.32498837e-01 -2.75079481e+02]
 [-5.49075217e-02 -1.37826724e-01  9.88933243e-01 -1.17344828e+01]
 [ 9.94328632e-01  8.27977803e-02  6.67465354e-02 -1.87586430e+02]
 [ 0.00000000e+00  0.00000000e+00  0.00000000e+00  1.00000000e+00]]

[[-9.05317403e-02  9.87518276e-01  1.28886222e-01 -2.72148682e+02]
 [-5.34126323e-02 -1.34046042e-01  9.89534613e-01 -1.17031988e+01]
 [ 9.94460203e-01  8.27001382e-02  6.48813720e-02 -1.86737056e+02]
 [ 0.00000000e+00  0.00000000e+00  0.00000000e+00  1.00000000e+00]]

[[-8.85942716e-02  9.89846214e-01  1.11155422e-01 -2.57046829e+02]
 [-5.65211751e-02 -1.16410246e-01  9.91591656e-01 -1.20183268e+01]
 [ 9.94462876e-01  8.15667054e-02  6.62605522e-02 -1.88192269e+02]
 [ 0.00000000e+00  0.00000000e+00  0.00000000e+00  1.00000000e+00]]

[[-8.94260990e-02  9.90742129e-01  1.02142088e-01 -2.48929100e+02]
 [-6.26394699e-02 -1.07944438e-01  9.92181584e-01 -1.20452378e+01]
 [ 9.94021765e-01  8.23288023e-02  7.17126118e-02 -1.92721542e+02]
 [ 0.00000000e+00  0.00000000e+00  0.00000000e+00  1.00000000e+00]]

[[-9.01232524e-02  9.90964247e-01  9.93360976e-02 -2.46113741e+02]
 [-5.89757329e-02 -1.04877143e-01  9.92734933e-01 -1.19435657e+01]
 [ 9.94182912e-01  8.36100818e-02  6.78947119e-02 -1.89296988e+02]
 [ 0.00000000e+00  0.00000000e+00  0.00000000e+00  1.00000000e+00]]

[[-9.12934186e-02  9.90353076e-01  1.04241534e-01 -2.50369013e+02]
 [-5.95861410e-02 -1.09923730e-01  9.92152340e-01 -1.17612786e+01]
 [ 9.94039739e-01  8.43656281e-02  6.90466311e-02 -1.89920043e+02]
 [ 0.00000000e+00  0.00000000e+00  0.00000000e+00  1.00000000e+00]]

[[-8.93001531e-02  9.89604326e-01  1.12733140e-01 -2.57775441e+02]
 [-4.57357872e-02 -1.17140194e-01  9.92061698e-01 -1.26963507e+01]
 [ 9.94954130e-01  8.34353226e-02  5.57209701e-02 -1.78742934e+02]
 [ 0.00000000e+00  0.00000000e+00  0.00000000e+00  1.00000000e+00]]

[[-8.84477428e-02  9.89275985e-01  1.16232622e-01 -2.60992767e+02]
 [-5.59106230e-02 -1.21436691e-01  9.91023275e-01 -1.16712132e+01]
 [ 9.94510432e-01  8.11551335e-02  6.60518378e-02 -1.88461518e+02]
 [ 0.00000000e+00  0.00000000e+00  0.00000000e+00  1.00000000e+00]]

[[-9.08310668e-02  9.89998050e-01  1.07951738e-01 -2.53607045e+02]
 [-5.70209829e-02 -1.13392121e-01  9.91912715e-01 -1.21109711e+01]
 [ 9.94232531e-01  8.39409759e-02  6.67501892e-02 -1.88511857e+02]
 [ 0.00000000e+00  0.00000000e+00  0.00000000e+00  1.00000000e+00]]

[[-8.80618924e-02  9.89132004e-01  1.17741167e-01 -2.62475409e+02]
 [-4.92679776e-02 -1.22380728e-01  9.91259615e-01 -1.31311303e+01]
 [ 9.94895859e-01  8.14913284e-02  5.95096120e-02 -1.82999492e+02]
 [ 0.00000000e+00  0.00000000e+00  0.00000000e+00  1.00000000e+00]]

[[-8.81264079e-02  9.89043882e-01  1.18431146e-01 -2.63226562e+02]
 [-4.91880853e-02 -1.23069515e-01  9.91178302e-01 -1.32416168e+01]
 [ 9.94894099e-01  8.15235821e-02  5.94948491e-02 -1.83194326e+02]
 [ 0.00000000e+00  0.00000000e+00  0.00000000e+00  1.00000000e+00]]

[[-8.67269796e-02  9.88959967e-01  1.20152464e-01 -2.65252184e+02]
 [-5.30514916e-02 -1.25020452e-01  9.90734791e-01 -1.37640616e+01]
 [ 9.94818561e-01  7.95491685e-02  6.33084476e-02 -1.87250630e+02]
 [ 0.00000000e+00  0.00000000e+00  0.00000000e+00  1.00000000e+00]]

[[-8.79028527e-02  9.88211501e-01  1.25343995e-01 -2.69616133e+02]
 [-4.68089653e-02 -1.29789877e-01  9.90436019e-01 -1.35827747e+01]
 [ 9.95028647e-01  8.11949288e-02  5.76660583e-02 -1.81920263e+02]
 [ 0.00000000e+00  0.00000000e+00  0.00000000e+00  1.00000000e+00]]

[[-8.79379717e-02  9.88171683e-01  1.25632951e-01 -2.69734677e+02]
 [-4.73012523e-02 -1.30121689e-01  9.90369092e-01 -1.42393089e+01]
 [ 9.95002264e-01  8.11484532e-02  5.81843955e-02 -1.82367772e+02]
 [ 0.00000000e+00  0.00000000e+00  0.00000000e+00  1.00000000e+00]]

[[-8.92600815e-02  9.89003225e-01  1.17920560e-01 -2.62548371e+02]
 [-5.45463621e-02 -1.23069413e-01  9.90897883e-01 -1.26024165e+01]
 [ 9.94513616e-01  8.20154882e-02  6.49317139e-02 -1.88019388e+02]
 [ 0.00000000e+00  0.00000000e+00  0.00000000e+00  1.00000000e+00]]

[[-9.39284343e-02  9.90772666e-01  9.77086127e-02 -2.44303325e+02]
 [-7.10280106e-02 -1.04561245e-01  9.91978814e-01 -1.21441523e+01]
 [ 9.93042029e-01  8.62349685e-02  8.01938855e-02 -2.00595220e+02]
 [ 0.00000000e+00  0.00000000e+00  0.00000000e+00  1.00000000e+00]]

[[-9.41846863e-02  9.90125719e-01  1.03828248e-01 -2.49683546e+02]
 [-6.28389307e-02 -1.09996364e-01  9.91943581e-01 -1.24843591e+01]
 [ 9.93569582e-01  8.69014390e-02  7.25784144e-02 -1.93540724e+02]
 [ 0.00000000e+00  0.00000000e+00  0.00000000e+00  1.00000000e+00]]

[[-9.41756766e-02  9.90187393e-01  1.03246641e-01 -2.49080963e+02]
 [-5.31456181e-02 -1.08559944e-01  9.92668264e-01 -1.24684601e+01]
 [ 9.94136050e-01  8.79980988e-02  6.28478273e-02 -1.84350141e+02]
 [ 0.00000000e+00  0.00000000e+00  0.00000000e+00  1.00000000e+00]]

[[-9.42980087e-02  9.90832533e-01  9.67407684e-02 -2.43371062e+02]
 [-5.48255553e-02 -1.02194811e-01  9.93252425e-01 -1.21294378e+01]
 [ 9.94033221e-01  8.83578594e-02  6.39597110e-02 -1.84441436e+02]
 [ 0.00000000e+00  0.00000000e+00  0.00000000e+00  1.00000000e+00]]

[[-9.37658875e-02  9.90422855e-01  1.01343604e-01 -2.48203055e+02]
 [-5.50514758e-02 -1.06794198e-01  9.92755929e-01 -1.25789913e+01]
 [ 9.94071071e-01  8.75075258e-02  6.45378926e-02 -1.84622866e+02]
 [ 0.00000000e+00  0.00000000e+00  0.00000000e+00  1.00000000e+00]]

[[-9.62202698e-02  9.90436211e-01  9.88826150e-02 -2.45753839e+02]
 [-5.37709885e-02 -1.04370762e-01  9.93083796e-01 -1.16650203e+01]
 [ 9.93906606e-01  9.02377748e-02  6.32993170e-02 -1.82756748e+02]
 [ 0.00000000e+00  0.00000000e+00  0.00000000e+00  1.00000000e+00]]

[[-9.46135620e-02  9.87712520e-01  1.24387507e-01 -2.68527580e+02]
 [-4.74059945e-02 -1.29276419e-01  9.90474775e-01 -1.23419429e+01]
 [ 9.94384707e-01  8.78156331e-02  5.90547968e-02 -1.79051060e+02]
 [ 0.00000000e+00  0.00000000e+00  0.00000000e+00  1.00000000e+00]]

[[-9.67443395e-02  9.87699954e-01  1.22838647e-01 -2.67092714e+02]
 [-6.45646692e-02 -1.29385348e-01  9.89490190e-01 -1.01359137e+01]
 [ 9.93212936e-01  8.77965382e-02  7.62878208e-02 -1.93746303e+02]
 [ 0.00000000e+00  0.00000000e+00  0.00000000e+00  1.00000000e+00]]

[[-9.35563509e-02  9.86804430e-01  1.32152284e-01 -2.75841866e+02]
 [-4.93987501e-02 -1.37171830e-01  9.89314739e-01 -1.14283613e+01]
 [ 9.94387738e-01  8.60285192e-02  6.15802012e-02 -1.81578521e+02]
 [ 0.00000000e+00  0.00000000e+00  0.00000000e+00  1.00000000e+00]]

[[-9.67977656e-02  9.88263846e-01  1.18172597e-01 -2.63430490e+02]
 [-6.15969817e-02 -1.24450762e-01  9.90311981e-01 -1.05164421e+01]
 [ 9.93396197e-01  8.85809117e-02  7.29206258e-02 -1.90084142e+02]
 [ 0.00000000e+00  0.00000000e+00  0.00000000e+00  1.00000000e+00]]

[[-9.95157897e-02  9.88967317e-01  1.09728089e-01 -2.56160995e+02]
 [-6.28383391e-02 -1.16301655e-01  9.91224126e-01 -9.49322861e+00]
 [ 9.93049823e-01  9.17473208e-02  7.37189147e-02 -1.89853084e+02]
 [ 0.00000000e+00  0.00000000e+00  0.00000000e+00  1.00000000e+00]]

[[-9.81702550e-02  9.88783922e-01  1.12556459e-01 -2.59272095e+02]
 [-6.00629221e-02 -1.18783595e-01  9.91101863e-01 -9.78336030e+00]
 [ 9.93355448e-01  9.05362528e-02  7.10502675e-02 -1.87681435e+02]
 [ 0.00000000e+00  0.00000000e+00  0.00000000e+00  1.00000000e+00]]

[[-9.69560630e-02  9.88391433e-01  1.16969640e-01 -2.63766558e+02]
 [-5.41020971e-02 -1.22583408e-01  9.90982478e-01 -1.04049342e+01]
 [ 9.93817129e-01  8.97534567e-02  6.53592539e-02 -1.82772895e+02]
 [ 0.00000000e+00  0.00000000e+00  0.00000000e+00  1.00000000e+00]]

[[-9.87351254e-02  9.88843903e-01  1.11530761e-01 -2.59515010e+02]
 [-5.82532767e-02 -1.17629671e-01  9.91347475e-01 -8.94494913e+00]
 [ 9.93407233e-01  9.13837850e-02  6.92175778e-02 -1.85726691e+02]
 [ 0.00000000e+00  0.00000000e+00  0.00000000e+00  1.00000000e+00]]

[[-9.78602469e-02  9.89035373e-01  1.10600192e-01 -2.58475084e+02]
 [-5.73417488e-02 -1.16552601e-01  9.91527819e-01 -9.92981062e+00]
 [ 9.93546826e-01  9.06891487e-02  6.81188842e-02 -1.84767061e+02]
 [ 0.00000000e+00  0.00000000e+00  0.00000000e+00  1.00000000e+00]]

[[-9.72463309e-02  9.88087244e-01  1.19275938e-01 -2.66342029e+02]
 [-5.88131114e-02 -1.25339705e-01  9.90369111e-01 -9.55199249e+00]
 [ 9.93521096e-01  8.92947733e-02  7.03013116e-02 -1.86468534e+02]
 [ 0.00000000e+00  0.00000000e+00  0.00000000e+00  1.00000000e+00]]

[[-9.81150795e-02  9.87330162e-01  1.24709992e-01 -2.70989503e+02]
 [-5.04118928e-02 -1.30084707e-01  9.90220486e-01 -9.98506209e+00]
 [ 9.93897415e-01  9.08686949e-02  6.25364538e-02 -1.79737541e+02]
 [ 0.00000000e+00  0.00000000e+00  0.00000000e+00  1.00000000e+00]]

[[-9.69871726e-02  9.88102298e-01  1.19362206e-01 -2.66572765e+02]
 [-5.57138371e-02 -1.25129483e-01  9.90574874e-01 -9.31101056e+00]
 [ 9.93725041e-01  8.94229298e-02  6.71869252e-02 -1.83997893e+02]
 [ 0.00000000e+00  0.00000000e+00  0.00000000e+00  1.00000000e+00]]

[[-9.78925540e-02  9.87442147e-01  1.23996184e-01 -2.70807911e+02]
 [-6.31234766e-02 -1.30504488e-01  9.89436206e-01 -9.39619316e+00]
 [ 9.93193070e-01  8.90313670e-02  7.51061989e-02 -1.91145129e+02]
 [ 0.00000000e+00  0.00000000e+00  0.00000000e+00  1.00000000e+00]]

[[-1.00426647e-01  9.89510079e-01  1.03847442e-01 -2.52928995e+02]
 [-7.16579810e-02 -1.11297487e-01  9.91200284e-01 -8.12498958e+00]
 [ 9.92360631e-01  9.21014228e-02  8.20835278e-02 -1.96405929e+02]
 [ 0.00000000e+00  0.00000000e+00  0.00000000e+00  1.00000000e+00]]

[[-9.84472332e-02  9.89341411e-01  1.07292664e-01 -2.56038731e+02]
 [-5.96191864e-02 -1.13486358e-01  9.91749161e-01 -9.88012883e+00]
 [ 9.93354768e-01  9.12382596e-02  7.01561479e-02 -1.85740976e+02]
 [ 0.00000000e+00  0.00000000e+00  0.00000000e+00  1.00000000e+00]]

[[-9.74950120e-02  9.88575364e-01  1.14949872e-01 -2.63165956e+02]
 [-5.24343973e-02 -1.20441888e-01  9.91334649e-01 -9.83037536e+00]
 [ 9.93853790e-01  9.06228562e-02  6.35778367e-02 -1.80173947e+02]
 [ 0.00000000e+00  0.00000000e+00  0.00000000e+00  1.00000000e+00]]

[[-9.79527007e-02  9.88881627e-01  1.11885639e-01 -2.60434433e+02]
 [-6.44336644e-02 -1.18492143e-01  9.90862208e-01 -8.86323240e+00]
 [ 9.93103001e-01  8.98484275e-02  7.53238923e-02 -1.91070395e+02]
 [ 0.00000000e+00  0.00000000e+00  0.00000000e+00  1.00000000e+00]]

[[-9.66067945e-02  9.87639976e-01  1.23427736e-01 -2.70643677e+02]
 [-5.37790027e-02 -1.29006160e-01  9.90184442e-01 -9.70058812e+00]
 [ 9.93868677e-01  8.90207244e-02  6.55771645e-02 -1.83022426e+02]
 [ 0.00000000e+00  0.00000000e+00  0.00000000e+00  1.00000000e+00]]

[[-9.50398281e-02  9.87423794e-01  1.26339547e-01 -2.73972794e+02]
 [-5.03755526e-02 -1.31521984e-01  9.90032460e-01 -1.08439659e+01]
 [ 9.94198036e-01  8.77280903e-02  6.22418460e-02 -1.80922367e+02]
 [ 0.00000000e+00  0.00000000e+00  0.00000000e+00  1.00000000e+00]]

[[-9.38075884e-02  9.88137437e-01  1.21591705e-01 -2.70054783e+02]
 [-4.79028336e-02 -1.26468571e-01  9.90813312e-01 -1.04323328e+01]
 [ 9.94437255e-01  8.71212201e-02  5.91982949e-02 -1.78665273e+02]
 [ 0.00000000e+00  0.00000000e+00  0.00000000e+00  1.00000000e+00]]

[[-9.59685903e-02  9.88000963e-01  1.21012923e-01 -2.69401642e+02]
 [-5.50639147e-02 -1.26657431e-01  9.90417013e-01 -1.03469304e+01]
 [ 9.93860149e-01  8.83854793e-02  6.65583358e-02 -1.85057506e+02]
 [ 0.00000000e+00  0.00000000e+00  0.00000000e+00  1.00000000e+00]]

[[-1.00370104e-01  9.89938663e-01  9.97360780e-02 -2.50089899e+02]
 [-6.69274241e-02 -1.06732835e-01  9.92032672e-01 -1.01914488e+01]
 [ 9.92696611e-01  9.28953439e-02  7.69668306e-02 -1.93183179e+02]
 [ 0.00000000e+00  0.00000000e+00  0.00000000e+00  1.00000000e+00]]

[[-9.89038667e-02  9.90242368e-01  9.81737133e-02 -2.49678285e+02]
 [-5.42609461e-02 -1.03877401e-01  9.93108874e-01 -1.03570930e+01]
 [ 9.93616513e-01  9.28953092e-02  6.40053644e-02 -1.81425026e+02]
 [ 0.00000000e+00  0.00000000e+00  0.00000000e+00  1.00000000e+00]]

[[-9.74929349e-02  9.88609813e-01  1.14654981e-01 -2.64550959e+02]
 [-4.35168852e-02 -1.19328119e-01  9.91900741e-01 -1.05679498e+01]
 [ 9.94284370e-01  9.17138867e-02  5.46548683e-02 -1.73553088e+02]
 [ 0.00000000e+00  0.00000000e+00  0.00000000e+00  1.00000000e+00]]

[[-9.72546949e-02  9.88730659e-01  1.13812163e-01 -2.64067156e+02]
 [-5.02490192e-02 -1.19086434e-01  9.91611546e-01 -1.09152562e+01]
 [ 9.93990221e-01  9.07199288e-02  6.12644607e-02 -1.79577273e+02]
 [ 0.00000000e+00  0.00000000e+00  0.00000000e+00  1.00000000e+00]]

[[-9.65469254e-02  9.88381473e-01  1.17391464e-01 -2.67065677e+02]
 [-5.15017934e-02 -1.22745255e-01  9.91100988e-01 -1.09791996e+01]
 [ 9.93995099e-01  8.96418822e-02  6.27540954e-02 -1.81322656e+02]
 [ 0.00000000e+00  0.00000000e+00  0.00000000e+00  1.00000000e+00]]

[[-9.86582587e-02  9.89264967e-01  1.07802471e-01 -2.58601096e+02]
 [-4.71994538e-02 -1.12860960e-01  9.92489101e-01 -1.11484162e+01]
 [ 9.94001388e-01  9.28290287e-02  5.78274319e-02 -1.76643033e+02]
 [ 0.00000000e+00  0.00000000e+00  0.00000000e+00  1.00000000e+00]]

[[-9.78649791e-02  9.89129884e-01  1.09747523e-01 -2.60477205e+02]
 [-5.86465018e-02 -1.15817189e-01  9.91537678e-01 -1.03960899e+01]
 [ 9.93470198e-01  9.06005058e-02  6.93434543e-02 -1.86583806e+02]
 [ 0.00000000e+00  0.00000000e+00  0.00000000e+00  1.00000000e+00]]

[[-9.86496790e-02  9.89212981e-01  1.08286284e-01 -2.59310055e+02]
 [-5.56208415e-02 -1.14128091e-01  9.91907809e-01 -1.10401543e+01]
 [ 9.93566587e-01  9.18284127e-02  6.62795579e-02 -1.83200231e+02]
 [ 0.00000000e+00  0.00000000e+00  0.00000000e+00  1.00000000e+00]]

[[-9.62824815e-02  9.89322256e-01  1.09412782e-01 -2.60401283e+02]
 [-4.53932583e-02 -1.14173477e-01  9.92423231e-01 -1.16088518e+01]
 [ 9.94318428e-01  9.05863687e-02  5.59014664e-02 -1.74691584e+02]
 [ 0.00000000e+00  0.00000000e+00  0.00000000e+00  1.00000000e+00]]

[[-9.66172142e-02  9.88483136e-01  1.16474045e-01 -2.66732452e+02]
 [-4.78490552e-02 -1.21499074e-01  9.91437564e-01 -1.05887402e+01]
 [ 9.94170801e-01  9.02167624e-02  5.90368862e-02 -1.77906645e+02]
 [ 0.00000000e+00  0.00000000e+00  0.00000000e+00  1.00000000e+00]]

[[-9.56047067e-02  9.88402506e-01  1.17984007e-01 -2.68649632e+02]
 [-5.00843574e-02 -1.23153234e-01  9.91123019e-01 -1.03381510e+01]
 [ 9.94158588e-01  8.88468723e-02  6.12775332e-02 -1.80231543e+02]
 [ 0.00000000e+00  0.00000000e+00  0.00000000e+00  1.00000000e+00]]

[[-9.62350263e-02  9.88980579e-01  1.12499927e-01 -2.63990898e+02]
 [-6.43197760e-02 -1.18967120e-01  9.90812692e-01 -1.05052647e+01]
 [ 9.93278302e-01  8.81149153e-02  7.50598132e-02 -1.92264481e+02]
 [ 0.00000000e+00  0.00000000e+00  0.00000000e+00  1.00000000e+00]]

[[-9.76180379e-02  9.90761379e-01  9.41414330e-02 -2.47410720e+02]
 [-6.02217471e-02 -1.00300331e-01  9.93133015e-01 -1.00465742e+01]
 [ 9.93400252e-01  9.12783347e-02  6.94565027e-02 -1.87212220e+02]
 [ 0.00000000e+00  0.00000000e+00  0.00000000e+00  1.00000000e+00]]

[[-9.75628648e-02  9.89901910e-01  1.02838207e-01 -2.55048849e+02]
 [-5.20168186e-02 -1.08261869e-01  9.92760605e-01 -1.10573534e+01]
 [ 9.93869075e-01  9.15072523e-02  6.20538861e-02 -1.80678615e+02]
 [ 0.00000000e+00  0.00000000e+00  0.00000000e+00  1.00000000e+00]]

[[-9.67382727e-02  9.90100479e-01  1.01699307e-01 -2.54028555e+02]
 [-5.09643688e-02 -1.06972012e-01  9.92954995e-01 -1.18101438e+01]
 [ 9.94004195e-01  9.08737100e-02  6.08081336e-02 -1.79200762e+02]
 [ 0.00000000e+00  0.00000000e+00  0.00000000e+00  1.00000000e+00]]

[[-9.60111295e-02  9.89254290e-01  1.10262469e-01 -2.61782389e+02]
 [-4.69244508e-02 -1.15149380e-01  9.92239243e-01 -1.14854472e+01]
 [ 9.94273584e-01  9.00920047e-02  5.74758363e-02 -1.76955259e+02]
 [ 0.00000000e+00  0.00000000e+00  0.00000000e+00  1.00000000e+00]]

[[-9.71137028e-02  9.89683266e-01  1.05337369e-01 -2.57560588e+02]
 [-5.74821980e-02 -1.11238284e-01  9.92129952e-01 -1.12790493e+01]
 [ 9.93611959e-01  9.02943897e-02  6.76919311e-02 -1.86034626e+02]
 [ 0.00000000e+00  0.00000000e+00  0.00000000e+00  1.00000000e+00]]

[[-9.70310333e-02  9.89202236e-01  1.09835854e-01 -2.61903331e+02]
 [-5.70169116e-02 -1.15700040e-01  9.91646395e-01 -1.15272513e+01]
 [ 9.93646844e-01  8.99579732e-02  6.76277510e-02 -1.86136150e+02]
 [ 0.00000000e+00  0.00000000e+00  0.00000000e+00  1.00000000e+00]]

[[-9.72264533e-02  9.89004939e-01  1.11428215e-01 -2.63296237e+02]
 [-4.87713036e-02 -1.16558616e-01  9.91985609e-01 -1.19485746e+01]
 [ 9.94066586e-01  9.10127432e-02  5.95676409e-02 -1.78982143e+02]
 [ 0.00000000e+00  0.00000000e+00  0.00000000e+00  1.00000000e+00]]

[[-9.50494340e-02  9.88952356e-01  1.13749036e-01 -2.65593858e+02]
 [-4.36481945e-02 -1.18296785e-01  9.92018501e-01 -1.25853527e+01]
 [ 9.94515178e-01  8.93258570e-02  5.44100272e-02 -1.74803470e+02]
 [ 0.00000000e+00  0.00000000e+00  0.00000000e+00  1.00000000e+00]]

[[-9.55952126e-02  9.88369271e-01  1.18269775e-01 -2.69174943e+02]
 [-4.16165483e-02 -1.22678361e-01  9.91573539e-01 -1.26673354e+01]
 [ 9.94549958e-01  8.98677034e-02  5.28599815e-02 -1.73497583e+02]
 [ 0.00000000e+00  0.00000000e+00  0.00000000e+00  1.00000000e+00]]

[[-9.69508472e-02  9.88829605e-01  1.13210181e-01 -2.64323442e+02]
 [-4.44353139e-02 -1.17932941e-01  9.92026877e-01 -1.29135317e+01]
 [ 9.94296755e-01  9.11473162e-02  5.53726525e-02 -1.75375350e+02]
 [ 0.00000000e+00  0.00000000e+00  0.00000000e+00  1.00000000e+00]]

[[-9.64473065e-02  9.89182503e-01  1.10525527e-01 -2.61978806e+02]
 [-5.32714970e-02 -1.16014078e-01  9.91817968e-01 -1.19197254e+01]
 [ 9.93911497e-01  8.97703113e-02  6.38844780e-02 -1.82791311e+02]
 [ 0.00000000e+00  0.00000000e+00  0.00000000e+00  1.00000000e+00]]

[[-9.67129449e-02  9.89743241e-01  1.05142399e-01 -2.57299037e+02]
 [-4.34614789e-02 -1.09736290e-01  9.93010094e-01 -1.28188729e+01]
 [ 9.94362965e-01  9.14672864e-02  5.36286247e-02 -1.73325649e+02]
 [ 0.00000000e+00  0.00000000e+00  0.00000000e+00  1.00000000e+00]]

[[-9.66022665e-02  9.88296459e-01  1.18059776e-01 -2.68717441e+02]
 [-4.28882733e-02 -1.22637546e-01  9.91524396e-01 -1.29179768e+01]
 [ 9.94398611e-01  9.07201241e-02  5.42333936e-02 -1.74095921e+02]
 [ 0.00000000e+00  0.00000000e+00  0.00000000e+00  1.00000000e+00]]

[[-9.72412741e-02  9.89460270e-01  1.07296357e-01 -2.59089221e+02]
 [-4.19824597e-02 -1.11789278e-01  9.92844716e-01 -1.26124894e+01]
 [ 9.94374983e-01  9.20409202e-02  5.24105078e-02 -1.72311235e+02]
 [ 0.00000000e+00  0.00000000e+00  0.00000000e+00  1.00000000e+00]]

[[-9.67814099e-02  9.88884558e-01  1.12874659e-01 -2.64106266e+02]
 [-4.60415887e-02 -1.17733731e-01  9.91977288e-01 -1.25994981e+01]
 [ 9.94240178e-01  9.08080319e-02  5.69242525e-02 -1.76552218e+02]
 [ 0.00000000e+00  0.00000000e+00  0.00000000e+00  1.00000000e+00]]

[[-9.60687773e-02  9.88817712e-01  1.14062804e-01 -2.65104247e+02]
 [-4.57864505e-02 -1.18861509e-01  9.91854598e-01 -1.23319935e+01]
 [ 9.94321070e-01  9.00637275e-02  5.66933330e-02 -1.76552230e+02]
 [ 0.00000000e+00  0.00000000e+00  0.00000000e+00  1.00000000e+00]]

[[-9.75526691e-02  9.89185295e-01  1.09525927e-01 -2.61055777e+02]
 [-5.05415673e-02 -1.14832830e-01  9.92098267e-01 -1.22585637e+01]
 [ 9.93946189e-01  9.12462219e-02  6.11972243e-02 -1.80310037e+02]
 [ 0.00000000e+00  0.00000000e+00  0.00000000e+00  1.00000000e+00]]

[[-9.69500058e-02  9.89006842e-01  1.11651976e-01 -2.62906081e+02]
 [-4.54240408e-02 -1.16460313e-01  9.92156062e-01 -1.21186397e+01]
 [ 9.94252158e-01  9.11178521e-02  5.62155152e-02 -1.76090634e+02]
 [ 0.00000000e+00  0.00000000e+00  0.00000000e+00  1.00000000e+00]]

[[-9.89233399e-02  9.89139307e-01  1.08708802e-01 -2.60274621e+02]
 [-5.66507871e-02 -1.14665466e-01  9.91787537e-01 -1.15048195e+01]
 [ 9.93481183e-01  9.19524965e-02  6.73786112e-02 -1.85759412e+02]
 [ 0.00000000e+00  0.00000000e+00  0.00000000e+00  1.00000000e+00]]

[[-9.75889761e-02  9.88821790e-01  1.12729145e-01 -2.63914342e+02]
 [-5.14613273e-02 -1.18131945e-01  9.91663539e-01 -1.21283296e+01]
 [ 9.93895429e-01  9.09742380e-02  6.24144573e-02 -1.81316415e+02]
 [ 0.00000000e+00  0.00000000e+00  0.00000000e+00  1.00000000e+00]]

[[-9.74033506e-02  9.88775217e-01  1.13296770e-01 -2.64440302e+02]
 [-5.36754389e-02 -1.18891391e-01  9.91455387e-01 -1.14620572e+01]
 [ 9.93796526e-01  9.04898227e-02  6.46533636e-02 -1.83314323e+02]
 [ 0.00000000e+00  0.00000000e+00  0.00000000e+00  1.00000000e+00]]

[[-9.68838215e-02  9.88604235e-01  1.15218017e-01 -2.66145778e+02]
 [-4.72026699e-02 -1.20196239e-01  9.91627335e-01 -1.20093147e+01]
 [ 9.94175756e-01  9.06340477e-02  5.83098302e-02 -1.77796218e+02]
 [ 0.00000000e+00  0.00000000e+00  0.00000000e+00  1.00000000e+00]]

[[-9.59266934e-02  9.88616271e-01  1.15913496e-01 -2.66712639e+02]
 [-4.43849638e-02 -1.20583018e-01  9.91710497e-01 -1.18003427e+01]
 [ 9.94398333e-01  8.99866925e-02  5.54468276e-02 -1.75559781e+02]
 [ 0.00000000e+00  0.00000000e+00  0.00000000e+00  1.00000000e+00]]

[[-9.58028800e-02  9.89771646e-01  1.05706658e-01 -2.57725728e+02]
 [-4.14659506e-02 -1.10071285e-01  9.93058350e-01 -1.27870688e+01]
 [ 9.94536265e-01  9.07546229e-02  5.15869682e-02 -1.71859452e+02]
 [ 0.00000000e+00  0.00000000e+00  0.00000000e+00  1.00000000e+00]]

[[-9.57693205e-02  9.89314745e-01  1.09929852e-01 -2.61391771e+02]
 [-4.68421032e-02 -1.14794307e-01  9.92284276e-01 -1.21556132e+01]
 [ 9.94300787e-01  8.98810454e-02  5.73353561e-02 -1.77122244e+02]
 [ 0.00000000e+00  0.00000000e+00  0.00000000e+00  1.00000000e+00]]

[[-9.71965925e-02  9.89368831e-01  1.08176427e-01 -2.59837479e+02]
 [-4.30861729e-02 -1.12771983e-01  9.92686286e-01 -1.23292676e+01]
 [ 9.94332140e-01  9.18248161e-02  5.35891690e-02 -1.73508797e+02]
 [ 0.00000000e+00  0.00000000e+00  0.00000000e+00  1.00000000e+00]]

[[-9.63827721e-02  9.89227583e-01  1.10177813e-01 -2.61662154e+02]
 [-4.41007501e-02 -1.14828648e-01  9.92405918e-01 -1.24552953e+01]
 [ 9.94366876e-01  9.07919092e-02  5.46931819e-02 -1.74502923e+02]
 [ 0.00000000e+00  0.00000000e+00  0.00000000e+00  1.00000000e+00]]

[[-9.58084461e-02  9.88568589e-01  1.16416865e-01 -2.67302665e+02]
 [-4.73386239e-02 -1.21347680e-01  9.91480608e-01 -1.21515299e+01]
 [ 9.94273502e-01  8.94812021e-02  5.84236093e-02 -1.77918205e+02]
 [ 0.00000000e+00  0.00000000e+00  0.00000000e+00  1.00000000e+00]]

[[-9.67188053e-02  9.88585339e-01  1.15518396e-01 -2.66412746e+02]
 [-5.07856424e-02 -1.20813053e-01  9.91375320e-01 -1.18476680e+01]
 [ 9.94015237e-01  9.00179606e-02  6.18908357e-02 -1.81060858e+02]
 [ 0.00000000e+00  0.00000000e+00  0.00000000e+00  1.00000000e+00]]

