[[ 6.88395126e-02  9.97288753e-01 -2.60050811e-02 -2.83768378e+02]
 [-2.30341722e-02  2.76488610e-02  9.99352274e-01  9.45331770e+02]
 [ 9.97361794e-01 -6.81959179e-02  2.48750550e-02 -2.35957202e+02]]

[[ 1.59467147e-01  9.87116217e-01  1.31073969e-02 -2.95320062e+02]
 [-4.07642985e-02 -6.68172864e-03  9.99146449e-01  9.53723124e+02]
 [ 9.86361243e-01 -1.59865348e-01  3.91735839e-02 -2.26706886e+02]]

[[ 1.58779030e-01  9.87263799e-01  9.97053406e-03 -2.95225479e+02]
 [-3.89704669e-02 -3.82389609e-03  9.99233046e-01  9.52844193e+02]
 [ 9.86544739e-01 -1.59045810e-01  3.78669767e-02 -2.26571294e+02]]

[[ 1.60023379e-01  9.87019598e-01  1.35952803e-02 -2.95367040e+02]
 [-4.32101370e-02 -6.75532664e-03  9.99043167e-01  9.53408284e+02]
 [ 9.86167025e-01 -1.60457718e-01  4.15682418e-02 -2.26414256e+02]]

[[ 1.60162900e-01  9.87000789e-01  1.33149731e-02 -2.95365634e+02]
 [-4.29379512e-02 -6.50996849e-03  9.99056531e-01  9.53842553e+02]
 [ 9.86156264e-01 -1.60583509e-01  4.13371363e-02 -2.26632101e+02]]

[[ 1.60242994e-01  9.86965599e-01  1.48690458e-02 -2.95348284e+02]
 [-4.38759004e-02 -7.92677426e-03  9.99005541e-01  9.54119284e+02]
 [ 9.86101966e-01 -1.60736032e-01  4.20337943e-02 -2.26637448e+02]]

[[ 1.60178842e-01  9.86967294e-01  1.54369216e-02 -2.95374408e+02]
 [-4.57183507e-02 -8.20406902e-03  9.98920680e-01  9.53727384e+02]
 [ 9.86028687e-01 -1.60711708e-01  4.38083986e-02 -2.26342188e+02]]

[[ 1.58770041e-01  9.87216648e-01  1.39772637e-02 -2.95293377e+02]
 [-4.48717697e-02 -6.92710843e-03  9.98968738e-01  9.53283751e+02]
 [ 9.86295391e-01 -1.59233493e-01  4.31983408e-02 -2.26375864e+02]]

[[ 1.58363676e-01  9.87228676e-01  1.73345853e-02 -2.95167594e+02]
 [-4.71179294e-02 -9.98015946e-03  9.98839475e-01  9.53780139e+02]
 [ 9.86255974e-01 -1.58996660e-01  4.49356763e-02 -2.26434038e+02]]

[[ 1.61594730e-01  9.86793311e-01  1.12295957e-02 -2.95515675e+02]
 [-3.97173141e-02 -4.86676718e-03  9.99199104e-01  9.53437040e+02]
 [ 9.86057644e-01 -1.61911319e-01  3.84063360e-02 -2.26557767e+02]]

[[ 1.60435685e-01  9.86981557e-01  1.13047841e-02 -2.95389127e+02]
 [-4.27236990e-02 -4.49850515e-03  9.99076798e-01  9.53230743e+02]
 [ 9.86121228e-01 -1.60770552e-01  4.14457822e-02 -2.26419818e+02]]

[[ 1.59435309e-01  9.87082653e-01  1.57549340e-02 -2.95329839e+02]
 [-4.64713086e-02 -8.43716977e-03  9.98883993e-01  9.53850538e+02]
 [ 9.86113989e-01 -1.59989530e-01  4.45258399e-02 -2.26412920e+02]]

[[ 1.58970030e-01  9.87114087e-01  1.82841381e-02 -2.95291010e+02]
 [-4.67393931e-02 -1.09743047e-02  9.98846832e-01  9.54478984e+02]
 [ 9.86176434e-01 -1.59641300e-01  4.43925277e-02 -2.26626384e+02]]

[[ 1.60793734e-01  9.86901904e-01  1.30387062e-02 -2.95421754e+02]
 [-4.01143170e-02 -6.66509065e-03  9.99172867e-01  9.53263379e+02]
 [ 9.86172509e-01 -1.61183775e-01  3.85171910e-02 -2.26437581e+02]]

[[ 1.59648080e-01  9.87017882e-01  1.75553677e-02 -2.95287055e+02]
 [-4.59861279e-02 -1.03283449e-02  9.98888683e-01  9.54262753e+02]
 [ 9.86102310e-01 -1.60277963e-01  4.37402302e-02 -2.26531782e+02]]

[[ 1.59978649e-01  9.86948447e-01  1.84280921e-02 -2.95354216e+02]
 [-4.97937061e-02 -1.05763080e-02  9.98703524e-01  9.54329261e+02]
 [ 9.85863793e-01 -1.60688843e-01  4.74518375e-02 -2.26335560e+02]]

[[ 1.59578495e-01  9.87034318e-01  1.72614591e-02 -2.95315372e+02]
 [-4.01295436e-02 -1.09851298e-02  9.99134098e-01  9.54075079e+02]
 [ 9.86369263e-01 -1.60133010e-01  3.78562462e-02 -2.26713084e+02]]

[[ 1.59220449e-01  9.87104811e-01  1.65208953e-02 -2.95324318e+02]
 [-4.77328481e-02 -9.01762976e-03  9.98819432e-01  9.53816724e+02]
 [ 9.86088446e-01 -1.59821068e-01  4.56815329e-02 -2.26340806e+02]]

[[ 1.59914894e-01  9.86962880e-01  1.82071344e-02 -2.95317071e+02]
 [-4.25089483e-02 -1.15421249e-02  9.99029413e-01  9.54282371e+02]
 [ 9.86215096e-01 -1.60533649e-01  4.01089964e-02 -2.26621254e+02]]

[[ 1.58216550e-01  9.87241332e-01  1.79464644e-02 -2.95179803e+02]
 [-4.24725750e-02 -1.13541113e-02  9.99033115e-01  9.53632370e+02]
 [ 9.86490549e-01 -1.58825805e-01  4.01342732e-02 -2.26526362e+02]]

[[ 1.60865889e-01  9.86895895e-01  1.25959653e-02 -2.95416006e+02]
 [-4.82289146e-02 -4.88680695e-03  9.98824354e-01  9.53780581e+02]
 [ 9.85797209e-01 -1.61284257e-01  4.68107972e-02 -2.26351943e+02]]

[[ 1.61446286e-01  9.86858561e-01  6.72879126e-03 -2.95487975e+02]
 [-4.13848534e-02 -4.21496046e-05  9.99143279e-01  9.52601005e+02]
 [ 9.86013383e-01 -1.61586441e-01  4.08341920e-02 -2.26277810e+02]]

[[ 1.59687012e-01  9.86996768e-01  1.83694997e-02 -2.95361785e+02]
 [-4.52628143e-02 -1.12681444e-02  9.98911561e-01  9.54283190e+02]
 [ 9.86129472e-01 -1.60344658e-01  4.28748751e-02 -2.26558419e+02]]

[[ 1.58488172e-01  9.87242668e-01  1.52779107e-02 -2.95222907e+02]
 [-4.06449942e-02 -8.93693579e-03  9.99133683e-01  9.53998406e+02]
 [ 9.86523940e-01 -1.58971842e-01  3.87100739e-02 -2.26881082e+02]]

[[ 1.58888714e-01  9.87154826e-01  1.67250313e-02 -2.95283261e+02]
 [-4.46079706e-02 -9.74506169e-03  9.98957037e-01  9.53804340e+02]
 [ 9.86288247e-01 -1.59469068e-01  4.24865931e-02 -2.26474842e+02]]

[[ 1.61270953e-01  9.86880631e-01  7.63545173e-03 -2.95463942e+02]
 [-4.00319497e-02 -1.18893312e-03  9.99197693e-01  9.53199820e+02]
 [ 9.86097928e-01 -1.61447226e-01  3.93150154e-02 -2.26572204e+02]]

[[ 1.59562226e-01  9.87115269e-01  1.19725577e-02 -2.95344133e+02]
 [-4.52488168e-02 -4.80202747e-03  9.98964206e-01  9.53267289e+02]
 [ 9.86150313e-01 -1.59938697e-01  4.38995758e-02 -2.26331062e+02]]

[[ 1.59937405e-01  9.87067243e-01  1.08758251e-02 -2.95299513e+02]
 [-4.06198134e-02 -4.42737295e-03  9.99164866e-01  9.53522308e+02]
 [ 9.86291061e-01 -1.60245610e-01  3.93863847e-02 -2.26490610e+02]]

[[ 1.60550420e-01  9.86981068e-01  9.58818400e-03 -2.95427177e+02]
 [-4.16886403e-02 -2.92475597e-03  9.99126370e-01  9.53024747e+02]
 [ 9.86146855e-01 -1.60809877e-01  4.06763279e-02 -2.26390032e+02]]

[[ 1.58209408e-01  9.87201524e-01  2.00732018e-02 -2.95217000e+02]
 [-5.18280230e-02 -1.19986607e-02  9.98583941e-01  9.54028719e+02]
 [ 9.86044441e-01 -1.59025729e-01  4.92664023e-02 -2.26215275e+02]]

[[ 1.57729881e-01  9.87357725e-01  1.56846371e-02 -2.95063550e+02]
 [-4.06868222e-02 -9.37191467e-03  9.99127995e-01  9.53894821e+02]
 [ 9.86643739e-01 -1.58230498e-01  3.86942172e-02 -2.26860053e+02]]

[[ 1.61086404e-01  9.86848899e-01  1.34320925e-02 -2.95492551e+02]
 [-4.54068057e-02 -6.18490036e-03  9.98949433e-01  9.53751028e+02]
 [ 9.85895224e-01 -1.61527080e-01  4.38133529e-02 -2.26330434e+02]]

[[ 1.60034891e-01  9.87017891e-01  1.35837202e-02 -2.95301450e+02]
 [-4.20927818e-02 -6.92494164e-03  9.99089707e-01  9.53543097e+02]
 [ 9.86213482e-01 -1.60460989e-01  4.04380964e-02 -2.26570422e+02]]

[[ 1.59621356e-01  9.87031178e-01  1.70433663e-02 -2.95293065e+02]
 [-3.98556169e-02 -1.08071772e-02  9.99147004e-01  9.53843663e+02]
 [ 9.86373435e-01 -1.60164473e-01  3.76136802e-02 -2.26688261e+02]]

[[ 1.59868730e-01  9.87059945e-01  1.24360337e-02 -2.95319021e+02]
 [-4.32548930e-02 -5.58131833e-03  9.99048479e-01  9.53380613e+02]
 [ 9.86190146e-01 -1.60254531e-01  4.18028940e-02 -2.26424574e+02]]

[[ 1.61828328e-01  9.86779364e-01  8.83625993e-03 -2.95470403e+02]
 [-4.11703855e-02 -2.19523445e-03  9.99149729e-01  9.53325521e+02]
 [ 9.85959731e-01 -1.62054522e-01  4.02708357e-02 -2.26479542e+02]]

[[ 1.59926833e-01  9.87016957e-01  1.48638822e-02 -2.95324584e+02]
 [-4.31130321e-02 -8.05928191e-03  9.99037694e-01  9.53866825e+02]
 [ 9.86186937e-01 -1.60413761e-01  4.12643983e-02 -2.26631351e+02]]

[[ 1.59432755e-01  9.87116538e-01  1.34958107e-02 -2.95238805e+02]
 [-4.56387028e-02 -6.28616471e-03  9.98938233e-01  9.53847493e+02]
 [ 9.86153287e-01 -1.59879405e-01  4.40484977e-02 -2.26477779e+02]]

[[ 1.57902843e-01  9.87289460e-01  1.80614101e-02 -2.95179168e+02]
 [-4.55838322e-02 -1.09833323e-02  9.98900135e-01  9.54088564e+02]
 [ 9.86401950e-01 -1.58552480e-01  4.32701376e-02 -2.26622538e+02]]

[[ 1.60210350e-01  9.86969373e-01  1.49699967e-02 -2.95405670e+02]
 [-4.41543983e-02 -7.98497665e-03  9.98992807e-01  9.54084422e+02]
 [ 9.86094840e-01 -1.60709979e-01  4.22997629e-02 -2.26653137e+02]]

[[ 1.59904707e-01  9.87058852e-01  1.20543064e-02 -2.95331089e+02]
 [-4.28595724e-02 -5.25765576e-03  9.99067272e-01  9.53465222e+02]
 [ 9.86201573e-01 -1.60272202e-01  4.14641965e-02 -2.26525667e+02]]

[[ 1.59973540e-01  9.87001027e-01  1.54090697e-02 -2.95409003e+02]
 [-4.76987457e-02 -7.86272390e-03  9.98830820e-01  9.53784809e+02]
 [ 9.85968202e-01 -1.60521495e-01  4.58208832e-02 -2.26299571e+02]]

[[ 1.60697935e-01  9.86900241e-01  1.42859731e-02 -2.95466687e+02]
 [-4.58643434e-02 -6.99187677e-03  9.98923208e-01  9.53655439e+02]
 [ 9.85937440e-01 -1.61180113e-01  4.41399514e-02 -2.26291526e+02]]

[[ 1.60661308e-01  9.86919100e-01  1.33654489e-02 -2.95400386e+02]
 [-4.64100664e-02 -5.97263409e-03  9.98904617e-01  9.53703410e+02]
 [ 9.85917872e-01 -1.61105613e-01  4.48434098e-02 -2.26334230e+02]]

[[ 1.58647929e-01  9.87170689e-01  1.80240007e-02 -2.95277326e+02]
 [-4.59337499e-02 -1.08558922e-02  9.98885499e-01  9.53964188e+02]
 [ 9.86266153e-01 -1.59299026e-01  4.36221867e-02 -2.26445368e+02]]

[[ 1.60675260e-01  9.86922034e-01  1.29753127e-02 -2.95465985e+02]
 [-4.80188551e-02 -5.31421842e-03  9.98832293e-01  9.53715277e+02]
 [ 9.85838552e-01 -1.61110698e-01  4.65370027e-02 -2.26331492e+02]]

[[ 1.57546039e-01  9.87361653e-01  1.72108104e-02 -2.95162459e+02]
 [-4.30666951e-02 -1.05421329e-02  9.99016578e-01  9.53885606e+02]
 [ 9.86572098e-01 -1.58132317e-01  4.08615320e-02 -2.26682791e+02]]

[[ 1.59585038e-01  9.87051717e-01  1.61716758e-02 -2.95228470e+02]
 [-4.17863715e-02 -9.61279253e-03  9.99080324e-01  9.53906956e+02]
 [ 9.86299404e-01 -1.60114027e-01  3.97112518e-02 -2.26615750e+02]]

[[ 1.60129988e-01  9.87040372e-01  1.04733437e-02 -2.95328895e+02]
 [-4.04556005e-02 -4.03887152e-03  9.99173174e-01  9.53065614e+02]
 [ 9.86266562e-01 -1.60421293e-01  3.92845666e-02 -2.26505897e+02]]

[[ 1.59350018e-01  9.87110487e-01  1.48478305e-02 -2.95275334e+02]
 [-4.36919422e-02 -7.97364371e-03  9.99013231e-01  9.53839845e+02]
 [ 9.86254828e-01 -1.59841506e-01  4.18581741e-02 -2.26583558e+02]]

[[ 1.60269087e-01  9.86978629e-01  1.36749677e-02 -2.95330255e+02]
 [-4.47548726e-02 -6.57374619e-03  9.98976370e-01  9.53936135e+02]
 [ 9.86058224e-01 -1.60717052e-01  4.31185346e-02 -2.26602435e+02]]

[[ 1.59189786e-01  9.87120406e-01  1.58718696e-02 -2.95324624e+02]
 [-4.37812109e-02 -9.00243304e-03  9.99000581e-01  9.53462614e+02]
 [ 9.86276745e-01 -1.59725578e-01  4.17842313e-02 -2.26395889e+02]]

[[ 1.59391790e-01  9.87110125e-01  1.44172707e-02 -2.95198726e+02]
 [-4.50296591e-02 -7.31924623e-03  9.98958837e-01  9.54037300e+02]
 [ 9.86187907e-01 -1.59875042e-01  4.32826047e-02 -2.26622092e+02]]

[[ 1.58905389e-01  9.87173267e-01  1.54278524e-02 -2.95304324e+02]
 [-4.74327081e-02 -7.97497616e-03  9.98842599e-01  9.53716614e+02]
 [ 9.86153748e-01 -1.59453257e-01  4.55570348e-02 -2.26413370e+02]]

[[ 1.59216250e-01  9.87126710e-01  1.52001257e-02 -2.95252751e+02]
 [-4.25167986e-02 -8.52622333e-03  9.99059370e-01  9.53785657e+02]
 [ 9.86327789e-01 -1.59712747e-01  4.06119542e-02 -2.26570297e+02]]

[[ 1.58848229e-01  9.87117047e-01  1.91618442e-02 -2.95285568e+02]
 [-4.40497798e-02 -1.23030630e-02  9.98953578e-01  9.54383297e+02]
 [ 9.86319855e-01 -1.59526082e-01  4.15279688e-02 -2.26627936e+02]]

[[ 1.57224315e-01  9.87334277e-01  2.12494915e-02 -2.95174973e+02]
 [-4.86644702e-02 -1.37451593e-02  9.98720602e-01  9.54143002e+02]
 [ 9.86363160e-01 -1.58057257e-01  4.58870262e-02 -2.26428276e+02]]

[[ 1.58530973e-01  9.87245976e-01  1.46052699e-02 -2.95214788e+02]
 [-4.42488157e-02 -7.67359565e-03  9.98991070e-01  9.53748677e+02]
 [ 9.86361989e-01 -1.59017293e-01  4.24679626e-02 -2.26602069e+02]]

[[ 1.59794947e-01  9.87055408e-01  1.36820145e-02 -2.95256364e+02]
 [-4.24678053e-02 -6.97346610e-03  9.99073499e-01  9.53695381e+02]
 [ 9.86236311e-01 -1.60227942e-01  4.08037522e-02 -2.26543707e+02]]

[[ 1.59555853e-01  9.87087671e-01  1.41371858e-02 -2.95319452e+02]
 [-4.37171983e-02 -7.24146822e-03  9.99017701e-01  9.53435996e+02]
 [ 9.86220430e-01 -1.60017159e-01  4.19972888e-02 -2.26372390e+02]]

[[ 1.59805811e-01  9.87027620e-01  1.54460636e-02 -2.95355170e+02]
 [-4.76148141e-02 -7.92169829e-03  9.98834359e-01  9.54061673e+02]
 [ 9.85999459e-01 -1.60354996e-01  4.57312032e-02 -2.26426266e+02]]

[[ 1.59517777e-01  9.87071638e-01  1.56096103e-02 -2.95334856e+02]
 [-4.46571084e-02 -8.58079542e-03  9.98965521e-01  9.53701420e+02]
 [ 9.86184476e-01 -1.60049839e-01  4.27109757e-02 -2.26402514e+02]]

[[ 1.58613084e-01  9.87150223e-01  1.93991417e-02 -2.95177283e+02]
 [-4.83265646e-02 -1.18623116e-02  9.98761147e-01  9.54786475e+02]
 [ 9.86157408e-01 -1.59354080e-01  4.58240612e-02 -2.26581530e+02]]

[[ 1.59396344e-01  9.87100469e-01  1.50156664e-02 -2.95328035e+02]
 [-4.75981203e-02 -7.50810816e-03  9.98838349e-01  9.53708268e+02]
 [ 9.86066542e-01 -1.59925898e-01  4.57873619e-02 -2.26338042e+02]]

[[ 1.60901276e-01  9.86885570e-01  1.29479991e-02 -2.95420313e+02]
 [-4.44206569e-02 -5.86456548e-03  9.98995702e-01  9.53434345e+02]
 [ 9.85970377e-01 -1.61314842e-01  4.28944893e-02 -2.26318136e+02]]

[[ 1.59634721e-01  9.87061596e-01  1.50386341e-02 -2.95373976e+02]
 [-4.42609559e-02 -8.06213279e-03  9.98987472e-01  9.53481607e+02]
 [ 9.86183413e-01 -1.60138711e-01  4.24012935e-02 -2.26340950e+02]]

[[ 1.58847481e-01  9.87090890e-01  2.04707798e-02 -2.95290638e+02]
 [-4.74846877e-02 -1.30718601e-02  9.98786429e-01  9.54412263e+02]
 [ 9.86160576e-01 -1.59626757e-01  4.47952706e-02 -2.26496670e+02]]

[[ 1.59024411e-01  9.87096701e-01  1.87440427e-02 -2.95270984e+02]
 [-4.64737494e-02 -1.14802256e-02  9.98853540e-01  9.54389279e+02]
 [ 9.86180220e-01 -1.59713202e-01  4.40484486e-02 -2.26552914e+02]]

[[ 1.60400057e-01  9.86959120e-01  1.35468782e-02 -2.95422775e+02]
 [-4.25829805e-02 -6.79254577e-03  9.99069843e-01  9.53654924e+02]
 [ 9.86133110e-01 -1.60827726e-01  4.09381362e-02 -2.26495906e+02]]

[[ 1.60901123e-01  9.86905196e-01  1.13561649e-02 -2.95361890e+02]
 [-4.78629146e-02 -3.69019803e-03  9.98847097e-01  9.53681242e+02]
 [ 9.85809297e-01 -1.61259159e-01  4.66424022e-02 -2.26335523e+02]]

[[ 1.59401238e-01  9.87135336e-01  1.24528708e-02 -2.95339213e+02]
 [-4.20040070e-02 -5.82106459e-03  9.99100485e-01  9.53368397e+02]
 [ 9.86319882e-01 -1.59780924e-01  4.05357546e-02 -2.26508322e+02]]

[[ 1.58469236e-01  9.87150195e-01  2.05424871e-02 -2.95218192e+02]
 [-4.72948809e-02 -1.31924465e-02  9.98793849e-01  9.54243071e+02]
 [ 9.86230549e-01 -1.59249653e-01  4.45965539e-02 -2.26424572e+02]]

[[ 1.58655455e-01  9.87195001e-01  1.65673426e-02 -2.95202514e+02]
 [-3.93219560e-02 -1.04487780e-02  9.99171961e-01  9.53644376e+02]
 [ 9.86550673e-01 -1.59175542e-01  3.71606827e-02 -2.26759165e+02]]

[[ 1.59571253e-01  9.87063674e-01  1.55665891e-02 -2.95233900e+02]
 [-4.20187193e-02 -8.96318621e-03  9.99076618e-01  9.53737377e+02]
 [ 9.86291763e-01 -1.60077996e-01  4.00448846e-02 -2.26790753e+02]]

[[ 1.57797662e-01  9.87346952e-01  1.56810324e-02 -2.95065005e+02]
 [-4.22333104e-02 -9.11743477e-03  9.99066174e-01  9.54305647e+02]
 [ 9.86567912e-01 -1.58312569e-01  4.02602203e-02 -2.26851024e+02]]

[[ 1.60308125e-01  9.86909029e-01  1.76599196e-02 -2.95330468e+02]
 [-4.76069711e-02 -1.01399444e-02  9.98814676e-01  9.54918579e+02]
 [ 9.85918293e-01 -1.60958844e-01  4.53582342e-02 -2.26605588e+02]]

[[ 1.61217609e-01  9.86786492e-01  1.61648091e-02 -2.95417858e+02]
 [-3.94347725e-02 -9.92500286e-03  9.99172854e-01  9.53871448e+02]
 [ 9.86130712e-01 -1.61721714e-01  3.73136157e-02 -2.26526607e+02]]

[[ 1.62137092e-01  9.86689265e-01  1.24843305e-02 -2.95450341e+02]
 [-3.51547622e-02 -6.86784425e-03  9.99358282e-01  9.53444675e+02]
 [ 9.86141829e-01 -1.62471929e-01  3.35732941e-02 -2.26602283e+02]]

[[ 1.60660903e-01  9.86935509e-01  1.20985878e-02 -2.95435678e+02]
 [-4.26349955e-02 -5.30697219e-03  9.99076620e-01  9.53375391e+02]
 [ 9.86088399e-01 -1.61028375e-01  4.12253680e-02 -2.26474709e+02]]

[[ 1.60283498e-01  9.86979405e-01  1.34482020e-02 -2.95378385e+02]
 [-4.15568949e-02 -6.86476636e-03  9.99112556e-01  9.53441584e+02]
 [ 9.86195835e-01 -1.60700121e-01  3.99154906e-02 -2.26482445e+02]]

[[ 1.62233280e-01  9.86698389e-01  1.03272132e-02 -2.95494847e+02]
 [-3.62399410e-02 -4.50086913e-03  9.99332982e-01  9.53035629e+02]
 [ 9.86086725e-01 -1.62499325e-01  3.50277006e-02 -2.26549038e+02]]

[[ 1.60201946e-01  9.87017251e-01  1.15013902e-02 -2.95365796e+02]
 [-4.10708069e-02 -4.97652911e-03  9.99143845e-01  9.53139989e+02]
 [ 9.86229449e-01 -1.60537159e-01  3.97403453e-02 -2.26452221e+02]]

[[ 1.57986522e-01  9.87300515e-01  1.66719131e-02 -2.95191190e+02]
 [-4.68103047e-02 -9.37658417e-03  9.98859787e-01  9.53990773e+02]
 [ 9.86331108e-01 -1.58586801e-01  4.47344640e-02 -2.26523679e+02]]

[[ 1.60691611e-01  9.86905886e-01  1.39634693e-02 -2.95352584e+02]
 [-4.45891608e-02 -6.87415803e-03  9.98981758e-01  9.53979605e+02]
 [ 9.85996964e-01 -1.61150608e-01  4.29006857e-02 -2.26398797e+02]]

[[ 1.58338668e-01  9.87253771e-01  1.60890912e-02 -2.95202018e+02]
 [-4.32652441e-02 -9.34183508e-03  9.99019944e-01  9.53870827e+02]
 [ 9.86436508e-01 -1.58879585e-01  4.12346016e-02 -2.26621927e+02]]

[[ 1.60910928e-01  9.86833104e-01  1.63736776e-02 -2.95402069e+02]
 [-4.12666885e-02 -9.84834621e-03  9.99099630e-01  9.54227195e+02]
 [ 9.86105843e-01 -1.61441736e-01  3.91386278e-02 -2.26667017e+02]]

[[ 1.57856173e-01  9.87294985e-01  1.81670312e-02 -2.95153467e+02]
 [-4.23694794e-02 -1.16086969e-02  9.99034567e-01  9.53968190e+02]
 [ 9.86552713e-01 -1.58473501e-01  3.99986700e-02 -2.26720851e+02]]

[[ 1.60328533e-01  9.87019131e-01  9.38067619e-03 -2.95412394e+02]
 [-4.07989238e-02 -2.86883535e-03  9.99163259e-01  9.52790160e+02]
 [ 9.86220163e-01 -1.60577101e-01  3.98093621e-02 -2.26351602e+02]]

[[ 1.59314104e-01  9.87157655e-01  1.17805433e-02 -2.95259060e+02]
 [-4.15115113e-02 -5.22394642e-03  9.99124369e-01  9.53429499e+02]
 [ 9.86354810e-01 -1.59663631e-01  4.01461578e-02 -2.26496252e+02]]

[[ 1.60229626e-01  9.86975080e-01  1.43755843e-02 -2.95175113e+02]
 [-4.12059031e-02 -7.86293767e-03  9.99119736e-01  9.53894431e+02]
 [ 9.86219317e-01 -1.60680941e-01  3.94093239e-02 -2.26705118e+02]]

[[ 1.57731645e-01  9.87305743e-01  1.86573821e-02 -2.95126128e+02]
 [-4.41524776e-02 -1.18237326e-02  9.98954833e-01  9.53901964e+02]
 [ 9.86494443e-01 -1.58390558e-01  4.17270179e-02 -2.26645416e+02]]

[[ 1.58737636e-01  9.87154862e-01  1.81008753e-02 -2.95261587e+02]
 [-4.51033678e-02 -1.10638603e-02  9.98921057e-01  9.53974974e+02]
 [ 9.86290043e-01 -1.59382778e-01  4.27677578e-02 -2.26523002e+02]]

[[ 1.59935400e-01  9.87053449e-01  1.20895045e-02 -2.95326979e+02]
 [-4.12860028e-02 -5.54774116e-03  9.99131968e-01  9.53514805e+02]
 [ 9.86263724e-01 -1.60295698e-01  3.98642112e-02 -2.26551618e+02]]

[[ 1.57638936e-01  9.87386758e-01  1.47429925e-02 -2.95079807e+02]
 [-4.36589496e-02 -7.94634785e-03  9.99014891e-01  9.53910504e+02]
 [ 9.86531227e-01 -1.58127308e-01  4.18556149e-02 -2.26730825e+02]]

[[ 1.59437046e-01  9.87080465e-01  1.58740111e-02 -2.95285541e+02]
 [-4.34208100e-02 -9.05245670e-03  9.99015859e-01  9.53774936e+02]
 [ 9.86252737e-01 -1.59969400e-01  4.14165364e-02 -2.26517776e+02]]

[[ 1.62402053e-01  9.86669370e-01  1.04464406e-02 -2.95585020e+02]
 [-4.18120506e-02 -3.69614271e-03  9.99118657e-01  9.53489512e+02]
 [ 9.85838387e-01 -1.62695708e-01  4.06544085e-02 -2.26425306e+02]]

[[ 1.59621191e-01  9.87053390e-01  1.57060544e-02 -2.95315736e+02]
 [-4.21617241e-02 -9.07907929e-03  9.99069547e-01  9.54018010e+02]
 [ 9.86277580e-01 -1.60134866e-01  4.01666592e-02 -2.26744662e+02]]

[[ 1.59833393e-01  9.86978147e-01  1.80948845e-02 -2.95323205e+02]
 [-4.24085800e-02 -1.14481880e-02  9.99034760e-01  9.54386893e+02]
 [ 9.86232629e-01 -1.60446494e-01  4.00265389e-02 -2.26664844e+02]]

[[ 1.59472326e-01  9.87112357e-01  1.33330990e-02 -2.95299140e+02]
 [-4.09657061e-02 -6.87732712e-03  9.99136884e-01  9.53671234e+02]
 [ 9.86352061e-01 -1.59880883e-01  3.93410114e-02 -2.26615253e+02]]

[[ 1.60213739e-01  9.86936508e-01  1.69672542e-02 -2.95351087e+02]
 [-4.45674308e-02 -9.93908066e-03  9.98956935e-01  9.54584933e+02]
 [ 9.86075708e-01 -1.60802812e-01  4.23928473e-02 -2.26640084e+02]]

[[ 1.58882647e-01  9.87123567e-01  1.85302029e-02 -2.95235379e+02]
 [-4.35846994e-02 -1.17376026e-02  9.98980782e-01  9.54436454e+02]
 [ 9.86334973e-01 -1.59528344e-01  4.11585826e-02 -2.26738369e+02]]

[[ 1.61292947e-01  9.86805833e-01  1.41008157e-02 -2.95409704e+02]
 [-4.07035293e-02 -7.62412149e-03  9.99142180e-01  9.53923606e+02]
 [ 9.86066837e-01 -1.61728540e-01  3.89367631e-02 -2.26630219e+02]]

[[ 1.57720100e-01  9.87276282e-01  2.02462991e-02 -2.95077047e+02]
 [-4.64966549e-02 -1.30553295e-02  9.98833129e-01  9.54678295e+02]
 [ 9.86388580e-01 -1.58477446e-01  4.38459567e-02 -2.26799172e+02]]

[[ 1.59270684e-01  9.87169005e-01  1.14107170e-02 -2.95302671e+02]
 [-4.64915230e-02 -4.04545551e-03  9.98910493e-01  9.53194953e+02]
 [ 9.86139639e-01 -1.59627659e-01  4.52506681e-02 -2.26374029e+02]]

[[ 1.59998478e-01  9.87034621e-01  1.27728088e-02 -2.95360699e+02]
 [-4.30213024e-02 -5.95461744e-03  9.99056410e-01  9.53523597e+02]
 [ 9.86179322e-01 -1.60397008e-01  4.15107852e-02 -2.26528726e+02]]

[[ 1.60197393e-01  9.87027310e-01  1.06716400e-02 -2.95349844e+02]
 [-4.23761643e-02 -3.92432976e-03  9.99094020e-01  9.53197079e+02]
 [ 9.86174962e-01 -1.60504481e-01  4.11977641e-02 -2.26540370e+02]]

[[ 1.58886848e-01  9.87150063e-01  1.70212579e-02 -2.95228496e+02]
 [-4.34356603e-02 -1.02344584e-02  9.99003803e-01  9.53867115e+02]
 [ 9.86340871e-01 -1.59467895e-01  4.12513940e-02 -2.26549007e+02]]

[[ 1.62423976e-01  9.86655134e-01  1.14060300e-02 -2.95521400e+02]
 [-4.18613086e-02 -4.65879877e-03  9.99112569e-01  9.53683505e+02]
 [ 9.85832685e-01 -1.62757308e-01  4.05459745e-02 -2.26446259e+02]]

[[ 1.58509141e-01  9.87274228e-01  1.28238612e-02 -2.95176708e+02]
 [-4.15697439e-02 -6.30355449e-03  9.99115720e-01  9.53718518e+02]
 [ 9.86482037e-01 -1.58902059e-01  4.00415658e-02 -2.26523798e+02]]

[[ 1.58930697e-01  9.87146309e-01  1.68285140e-02 -2.95224858e+02]
 [-4.38837500e-02 -9.96507880e-03  9.98986944e-01  9.54082158e+02]
 [ 9.86313971e-01 -1.59508190e-01  4.17359249e-02 -2.26638060e+02]]

[[ 1.58494101e-01  9.87242264e-01  1.52424369e-02 -2.95239641e+02]
 [-4.25556374e-02 -8.59287359e-03  9.99057146e-01  9.53708553e+02]
 [ 9.86442415e-01 -1.58993316e-01  4.06508041e-02 -2.26512651e+02]]

[[ 1.63325149e-01  9.86150088e-01  2.88600036e-02 -2.95506955e+02]
 [-3.38215037e-02 -2.36389181e-02  9.99148291e-01  9.55346069e+02]
 [ 9.85992394e-01 -1.64162132e-01  2.94922490e-02 -2.27062904e+02]]

[[ 1.61603886e-01  9.86786447e-01  1.16915270e-02 -2.95363555e+02]
 [-3.65900651e-02 -5.84766956e-03  9.99313250e-01  9.53399384e+02]
 [ 9.86177140e-01 -1.61920699e-01  3.51615742e-02 -2.26795751e+02]]

[[ 1.61110356e-01  9.86826995e-01  1.46947225e-02 -2.95387658e+02]
 [-4.51057091e-02 -7.51130110e-03  9.98953981e-01  9.53881479e+02]
 [ 9.85905131e-01 -1.61604647e-01  4.33013829e-02 -2.26393238e+02]]

[[ 1.60308685e-01  9.86979779e-01  1.31164377e-02 -2.95192753e+02]
 [-4.16946230e-02 -6.50544604e-03  9.99109222e-01  9.54764713e+02]
 [ 9.86185928e-01 -1.60712771e-01  4.01088703e-02 -2.26805348e+02]]

[[ 1.59749566e-01  9.87094811e-01  1.11315253e-02 -2.95251922e+02]
 [-4.08302379e-02 -4.65964250e-03  9.99155233e-01  9.53399275e+02]
 [ 9.86312814e-01 -1.60069118e-01  3.95589401e-02 -2.26576756e+02]]

[[ 1.60073537e-01  9.86976864e-01  1.59101682e-02 -2.95300995e+02]
 [-4.17268764e-02 -9.33785654e-03  9.99085418e-01  9.53723022e+02]
 [ 9.86222759e-01 -1.60591018e-01  3.96887179e-02 -2.26628606e+02]]

[[ 1.58452328e-01  9.87226631e-01  1.66264722e-02 -2.95224603e+02]
 [-4.95261905e-02 -8.87118832e-03  9.98733427e-01  9.54020059e+02]
 [ 9.86123733e-01 -1.59075082e-01  4.74879138e-02 -2.26385120e+02]]

[[ 1.59001700e-01  9.87069934e-01  2.02831235e-02 -2.95187586e+02]
 [-4.72766323e-02 -1.29085959e-02  9.98798422e-01  9.55209470e+02]
 [ 9.86145719e-01 -1.59769564e-01  4.46128536e-02 -2.26637516e+02]]

[[ 1.59471207e-01  9.87095293e-01  1.45538972e-02 -2.95234499e+02]
 [-4.02111717e-02 -8.23538327e-03  9.99157265e-01  9.53986050e+02]
 [ 9.86383290e-01 -1.59922045e-01  3.83789518e-02 -2.26839720e+02]]

[[ 1.59508541e-01  9.87078723e-01  1.52518657e-02 -2.95323513e+02]
 [-4.51982237e-02 -8.13133873e-03  9.98944944e-01  9.53763571e+02]
 [ 9.86161318e-01 -1.60029608e-01  4.33171869e-02 -2.26476897e+02]]

[[ 1.60228650e-01  9.87075252e-01  3.03753891e-03 -2.95349991e+02]
 [-3.69174039e-02  2.91747811e-03  9.99314062e-01  9.52120258e+02]
 [ 9.86389317e-01 -1.60230881e-01  3.69077193e-02 -2.26399366e+02]]

[[ 1.57341619e-01  9.87366003e-01  1.87614403e-02 -2.95079064e+02]
 [-5.09409019e-02 -1.08580307e-02  9.98642643e-01  9.54494779e+02]
 [ 9.86229506e-01 -1.58083775e-01  4.85888945e-02 -2.26517941e+02]]

[[ 1.58972264e-01  9.87148097e-01  1.63234129e-02 -2.95211934e+02]
 [-4.43058092e-02 -9.38386996e-03  9.98973943e-01  9.54129434e+02]
 [ 9.86288403e-01 -1.59532371e-01  4.22446202e-02 -2.26458727e+02]]

[[ 1.62373086e-01  9.86658313e-01  1.18471049e-02 -2.95385775e+02]
 [-4.22498932e-02 -5.04341770e-03  9.99094345e-01  9.53851947e+02]
 [ 9.85824491e-01 -1.62726571e-01  4.08672931e-02 -2.26491283e+02]]

[[ 1.60069070e-01  9.86960580e-01  1.69324077e-02 -3.11739832e+02]
 [-4.07611085e-02 -1.05301097e-02  9.99113431e-01  9.51065951e+02]
 [ 9.86263872e-01 -1.60617341e-01  3.85440624e-02 -2.26831553e+02]]

[[ 1.66328119e-01  9.86039669e-01  7.79276495e-03 -3.12377050e+02]
 [-3.64731970e-02 -1.74541636e-03  9.99333107e-01  9.50870344e+02]
 [ 9.85395688e-01 -1.66501423e-01  3.56737073e-02 -2.30259251e+02]]

[[ 1.71640317e-01  9.85027457e-01 -1.61403732e-02 -3.00216556e+02]
 [ 2.92008743e-03  1.58747512e-02  9.99869724e-01  9.47128931e+02]
 [ 9.85155356e-01 -1.71665087e-01 -1.51618975e-04 -2.32196025e+02]]

[[ 1.56912465e-01  9.87130092e-01  3.08651809e-02 -2.93481016e+02]
 [-3.27287484e-02 -2.60377301e-02  9.99125050e-01  9.56252485e+02]
 [ 9.87070062e-01 -1.57785353e-01  2.82218880e-02 -2.34826295e+02]]

[[ 1.56367790e-01  9.87448327e-01  2.22467067e-02 -2.93678158e+02]
 [-3.02907059e-02 -1.77189155e-02  9.99384067e-01  9.54485895e+02]
 [ 9.87234312e-01 -1.56945346e-01  2.71398392e-02 -2.34649438e+02]]

[[ 1.57092877e-01  9.87008613e-01  3.37020098e-02 -2.93500542e+02]
 [-3.29845575e-02 -2.88629533e-02  9.99039013e-01  9.56632333e+02]
 [ 9.87032850e-01 -1.58053558e-01  2.80218779e-02 -2.34811005e+02]]

[[ 1.59957419e-01  9.86946197e-01  1.87304134e-02 -2.93819456e+02]
 [-2.91039689e-02 -1.42512128e-02  9.99474793e-01  9.54144408e+02]
 [ 9.86694777e-01 -1.60418538e-01  2.64444643e-02 -2.34365024e+02]]

[[ 1.55751836e-01  9.87391244e-01  2.82824333e-02 -2.93306772e+02]
 [-3.21075564e-02 -2.35562030e-02  9.99206790e-01  9.55996503e+02]
 [ 9.87274263e-01 -1.56536372e-01  2.80337982e-02 -2.35027853e+02]]

[[ 1.59684262e-01  9.86764627e-01  2.82224539e-02 -2.93470157e+02]
 [-2.44215174e-02 -2.46317495e-02  9.99398252e-01  9.56016058e+02]
 [ 9.86866012e-01 -1.60277407e-01  2.01649868e-02 -2.34768920e+02]]

[[ 1.56701131e-01  9.87146146e-01  3.14204189e-02 -2.93430977e+02]
 [-3.62064976e-02 -2.60503963e-02  9.99004738e-01  9.56574362e+02]
 [ 9.86982191e-01 -1.57682795e-01  3.16589780e-02 -2.34724365e+02]]

[[ 1.60226163e-01  9.87020136e-01  1.09008208e-02 -2.94059150e+02]
 [-3.26025614e-02 -5.74564020e-03  9.99451880e-01  9.52328279e+02]
 [ 9.86541763e-01 -1.60493735e-01  3.12587827e-02 -2.33804794e+02]]

[[ 1.58745191e-01  9.87170326e-01  1.71671507e-02 -2.93846055e+02]
 [-3.21808303e-02 -1.22050142e-02  9.99407540e-01  9.53639187e+02]
 [ 9.86794993e-01 -1.59203594e-01  2.98304734e-02 -2.34179551e+02]]

[[ 1.64631753e-01  9.85702539e-01  3.58732461e-02 -2.94989042e+02]
 [-4.14103320e-02 -2.94302448e-02  9.98708689e-01  9.63012345e+02]
 [ 9.85485449e-01 -1.65904685e-01  3.59731167e-02 -2.16499087e+02]]

[[ 1.64926038e-01  9.85932660e-01  2.71328725e-02 -2.96942460e+02]
 [-3.32898080e-02 -2.19294381e-02  9.99205128e-01  9.54962340e+02]
 [ 9.85743978e-01 -1.65698191e-01  2.92047737e-02 -2.33902749e+02]]

[[ 1.65037769e-01  9.85922409e-01  2.68242145e-02 -2.96835222e+02]
 [-3.27199737e-02 -2.17091071e-02  9.99228762e-01  9.55321461e+02]
 [ 9.85744357e-01 -1.65788173e-01  2.86765327e-02 -2.34059559e+02]]

[[ 1.63722562e-01  9.86362569e-01  1.68465238e-02 -2.97132041e+02]
 [-3.86602948e-02 -1.06486311e-02  9.99195671e-01  9.52961831e+02]
 [ 9.85748601e-01 -1.64242167e-01  3.63896466e-02 -2.33594125e+02]]

[[ 1.62042536e-01  9.86746225e-01  8.60837737e-03 -2.97005528e+02]
 [-3.86676560e-02 -2.36748839e-03  9.99249322e-01  9.52226819e+02]
 [ 9.86025876e-01 -1.62253760e-01  3.77715297e-02 -2.34077868e+02]]

[[ 1.63470301e-01  9.86301351e-01  2.20704695e-02 -2.96980307e+02]
 [-3.51624239e-02 -1.65322608e-02  9.99244859e-01  9.54099339e+02]
 [ 9.85921429e-01 -1.64122910e-01  3.19782126e-02 -2.34011576e+02]]

[[ 1.63220452e-01  9.86525245e-01  1.12705729e-02 -2.97218680e+02]
 [-4.60585734e-02 -3.79192486e-03  9.98931544e-01  9.52653775e+02]
 [ 9.85513923e-01 -1.63565165e-01  4.48190257e-02 -2.33631535e+02]]

[[ 1.61099020e-01  9.86852441e-01  1.30140357e-02 -2.97095778e+02]
 [-4.71111192e-02 -5.48190841e-03  9.98874612e-01  9.52255798e+02]
 [ 9.85813191e-01 -1.61530827e-01  4.56085929e-02 -2.33546482e+02]]

[[ 1.65388009e-01  9.85983022e-01  2.20065071e-02 -2.97846862e+02]
 [-4.42341283e-02 -1.48752412e-02  9.98910441e-01  9.62103316e+02]
 [ 9.85236088e-01 -1.66181247e-01  4.11539130e-02 -2.28074074e+02]]

[[ 1.65063459e-01  9.86235934e-01  9.62997308e-03 -3.01714917e+02]
 [-6.00134063e-02  2.97499937e-04  9.98197527e-01  9.74107004e+02]
 [ 9.84455406e-01 -1.65343864e-01  5.92364842e-02 -2.16768953e+02]]

[[ 1.69009565e-01  9.85611882e-01 -2.23284121e-03 -3.04572568e+02]
 [-3.02075547e-02  7.44423454e-03  9.99515926e-01  9.58861842e+02]
 [ 9.85151395e-01 -1.68860303e-01  3.10310717e-02 -2.27434760e+02]]

[[ 1.64280934e-01  9.86355139e-01  1.07384110e-02 -3.05019263e+02]
 [-2.30163162e-02 -7.05035855e-03  9.99710229e-01  9.49362857e+02]
 [ 9.86145032e-01 -1.64480489e-01  2.15440223e-02 -2.33064273e+02]]

[[ 1.67341594e-01  9.85595618e-01  2.44554566e-02 -3.05126169e+02]
 [-1.66395061e-02 -2.19782647e-02  9.99619969e-01  9.51300861e+02]
 [ 9.85758549e-01 -1.67684925e-01  1.27219464e-02 -2.33913206e+02]]

[[ 1.67431896e-01  9.85617935e-01  2.28876776e-02 -3.05026270e+02]
 [-1.36623511e-02 -2.08935233e-02  9.99688352e-01  9.51220676e+02]
 [ 9.85788974e-01 -1.67692416e-01  9.96761603e-03 -2.34129917e+02]]

[[ 1.67085906e-01  9.85678764e-01  2.27963778e-02 -3.05156518e+02]
 [-1.64801784e-02 -2.03260603e-02  9.99657569e-01  9.50681392e+02]
 [ 9.85804597e-01 -1.67404379e-01  1.28479637e-02 -2.33623797e+02]]

[[ 1.68600088e-01  9.85456988e-01  2.11786535e-02 -3.05194195e+02]
 [-1.20673773e-02 -1.94209956e-02  9.99738567e-01  9.50665252e+02]
 [ 9.85610668e-01 -1.68811581e-01  8.61749973e-03 -2.33714005e+02]]

[[ 1.66769387e-01  9.85656561e-01  2.58672539e-02 -3.05028762e+02]
 [-1.63115228e-02 -2.34731067e-02  9.99591390e-01  9.51129336e+02]
 [ 9.85860997e-01 -1.67123178e-01  1.21629638e-02 -2.33761718e+02]]

[[ 1.67814360e-01  9.85567227e-01  2.22616787e-02 -3.05186732e+02]
 [-1.41321119e-02 -2.01745273e-02  9.99696590e-01  9.50595973e+02]
 [ 9.85717314e-01 -1.68078048e-01  1.05425709e-02 -2.33692826e+02]]

[[ 1.67352443e-01  9.85630781e-01  2.29155637e-02 -3.05124927e+02]
 [-1.32596926e-02 -2.09910830e-02  9.99691730e-01  9.50677193e+02]
 [ 9.85807963e-01 -1.67604707e-01  9.55625215e-03 -2.33780438e+02]]

[[ 1.66037453e-01  9.85729784e-01  2.77192698e-02 -3.04714926e+02]
 [-1.06020468e-02 -2.63234099e-02  9.99597256e-01  9.49645058e+02]
 [ 9.86062453e-01 -1.66264464e-01  6.08008139e-03 -2.36710929e+02]]

[[ 1.71174819e-01  9.85225277e-01  5.50767534e-03 -3.05109770e+02]
 [-1.80042077e-02 -2.46126341e-03  9.99834882e-01  9.44983147e+02]
 [ 9.85076154e-01 -1.71245716e-01  1.73168942e-02 -2.33341968e+02]]

[[ 1.55037973e-01  9.87629530e-01  2.34763259e-02 -3.03483452e+02]
 [-5.03837572e-02 -1.58279685e-02  9.98604503e-01  9.51543321e+02]
 [ 9.86622878e-01 -1.56004443e-01  4.73065503e-02 -2.33908646e+02]]

[[ 1.59653475e-01  9.86716901e-01  3.00087546e-02 -3.03663806e+02]
 [-4.02862543e-02 -2.38609489e-02  9.98903235e-01  9.51894276e+02]
 [ 9.86350742e-01 -1.60687313e-01  3.59416446e-02 -2.33642167e+02]]

[[ 1.58063727e-01  9.86870749e-01  3.31961236e-02 -3.03592332e+02]
 [-4.37131018e-02 -2.65923231e-02  9.98690149e-01  9.52426981e+02]
 [ 9.86460857e-01 -1.59307792e-01  3.89358998e-02 -2.33710847e+02]]

[[ 1.60573729e-01  9.86653228e-01  2.70459939e-02 -3.03297080e+02]
 [-3.07858500e-02 -2.23817209e-02  9.99275382e-01  9.47394004e+02]
 [ 9.86543617e-01 -1.61290009e-01  2.67810419e-02 -2.38414923e+02]]

[[ 1.73528914e-01  9.84825791e-01  2.42447542e-03 -3.01832993e+02]
 [ 1.41965194e-02 -4.96301768e-03  9.99886907e-01  9.35009546e+02]
 [ 9.84726447e-01 -1.73474870e-01 -1.48423255e-02 -2.44996903e+02]]

[[ 1.67065603e-01  9.85663211e-01  2.36033818e-02 -2.99653418e+02]
 [-2.98581761e-02 -1.88709274e-02  9.99375994e-01  9.44156065e+02]
 [ 9.85493569e-01 -1.67666107e-01  2.62774228e-02 -2.40182058e+02]]

[[ 1.71149245e-01  9.85152997e-01  1.34724981e-02 -2.99729681e+02]
 [-2.46678537e-02 -9.38526335e-03  9.99651646e-01  9.48237848e+02]
 [ 9.84936258e-01 -1.71421962e-01  2.26953293e-02 -2.32459153e+02]]

[[ 1.69188088e-01  9.85543856e-01  8.87119369e-03 -2.99822190e+02]
 [-4.28380396e-02 -1.63904655e-03  9.99080685e-01  9.48146098e+02]
 [ 9.84652372e-01 -1.69412575e-01  4.19414596e-02 -2.31651481e+02]]

[[ 1.70823798e-01  9.85290821e-01  4.60748831e-03 -2.99974949e+02]
 [-3.95918629e-02  2.19160443e-03  9.99213531e-01  9.47565703e+02]
 [ 9.84505822e-01 -1.70871869e-01  3.93838773e-02 -2.31493231e+02]]

[[ 1.69520411e-01  9.85500961e-01  7.11939509e-03 -2.99749243e+02]
 [-3.75538091e-02 -7.59242180e-04  9.99294318e-01  9.48483756e+02]
 [ 9.84810917e-01 -1.69668144e-01  3.68806079e-02 -2.32058204e+02]]

[[ 1.69928843e-01  9.85443308e-01  5.06697145e-03 -2.99965778e+02]
 [-4.27566319e-02  2.23580581e-03  9.99083015e-01  9.47393044e+02]
 [ 9.84528343e-01 -1.69989667e-01  4.25141647e-02 -2.31320309e+02]]

[[ 1.68927812e-01  9.85601352e-01  7.30536836e-03 -2.99612117e+02]
 [-4.34981977e-02  5.03261235e-05  9.99053504e-01  9.47911867e+02]
 [ 9.84668117e-01 -1.69085693e-01  4.28803839e-02 -2.31500342e+02]]

[[ 1.45149554e-01  9.87458987e-01  6.20995646e-02 -2.82831245e+02]
 [-3.36214496e-02 -5.78053580e-02  9.97761564e-01  9.56023289e+02]
 [ 9.88838311e-01 -1.46912524e-01  2.48093806e-02 -2.34380236e+02]]

[[ 1.57428965e-01  9.86690773e-01  4.07116609e-02 -2.82063953e+02]
 [-4.12394447e-02 -3.46210971e-02  9.98549292e-01  9.53958961e+02]
 [ 9.86668855e-01 -1.58879508e-01  3.52402161e-02 -2.30351596e+02]]

[[ 1.55190356e-01  9.86902005e-01  4.40498198e-02 -2.87506130e+02]
 [-4.55009485e-02 -3.74019256e-02  9.98263873e-01  9.55367184e+02]
 [ 9.86836165e-01 -1.56925234e-01  3.91005592e-02 -2.28504612e+02]]

[[ 1.66738536e-01  9.85962913e-01  8.68297142e-03 -2.98816935e+02]
 [-3.31650502e-02 -3.19308016e-03  9.99444788e-01  9.51115970e+02]
 [ 9.85443220e-01 -1.66933931e-01  3.21671000e-02 -2.25966561e+02]]

[[ 1.62971286e-01  9.86490854e-01  1.66178946e-02 -2.99269556e+02]
 [-4.64701499e-02 -9.14954806e-03  9.98877776e-01  9.51009918e+02]
 [ 9.85535837e-01 -1.63560632e-01  4.43512642e-02 -2.25167706e+02]]

[[ 1.64948236e-01  9.86124040e-01  1.87472154e-02 -2.99366328e+02]
 [-3.95499307e-02 -1.23791917e-02  9.99140910e-01  9.51631040e+02]
 [ 9.85508946e-01 -1.65547982e-01  3.69592116e-02 -2.25585529e+02]]

[[ 1.64336000e-01  9.86317996e-01  1.30571708e-02 -2.99085912e+02]
 [-3.80117629e-02 -6.89506081e-03  9.99253503e-01  9.51244007e+02]
 [ 9.85671743e-01 -1.64709650e-01  3.63585791e-02 -2.25880878e+02]]

[[ 1.68581192e-01  9.85643434e-01  9.34898412e-03 -2.99225856e+02]
 [-3.07861304e-02 -4.21502022e-03  9.99517107e-01  9.51668528e+02]
 [ 9.85206880e-01 -1.68787604e-01  2.96335742e-02 -2.26223269e+02]]

[[ 1.71865418e-01  9.84933964e-01  1.91667428e-02 -2.99666107e+02]
 [-3.87536914e-02 -1.26814419e-02  9.99168320e-01  9.53461088e+02]
 [ 9.84357877e-01 -1.72465263e-01  3.59903256e-02 -2.25192162e+02]]

[[ 2.05673593e-01  9.78535556e-01  1.29050163e-02 -3.03472828e+02]
 [-3.32788857e-02 -6.18580822e-03  9.99426962e-01  9.51684252e+02]
 [ 9.78054645e-01 -2.05985198e-01  3.12923155e-02 -2.19857370e+02]]

[[ 1.84185929e-01  9.82149048e-01  3.81941169e-02 -3.01619928e+02]
 [-4.25062046e-02 -3.08632797e-02  9.98619387e-01  9.57107493e+02]
 [ 9.81971876e-01 -1.85555127e-01  3.60628465e-02 -2.23696627e+02]]

[[ 1.94503212e-01  9.80418107e-01  3.08031872e-02 -3.02499045e+02]
 [-2.62205742e-02 -2.61949843e-02  9.99312916e-01  9.58380121e+02]
 [ 9.80551366e-01 -1.95177249e-01  2.06121171e-02 -2.23773810e+02]]

[[ 1.88211925e-01  9.81753142e-01  2.71484811e-02 -3.02563732e+02]
 [-5.62631451e-02 -1.68191324e-02  9.98274299e-01  9.56185557e+02]
 [ 9.80515543e-01 -1.89414586e-01  5.20709582e-02 -2.22421866e+02]]

[[ 1.87245313e-01  9.81848063e-01  3.02253813e-02 -3.02408088e+02]
 [-4.69203867e-02 -2.17949016e-02  9.98660833e-01  9.57335785e+02]
 [ 9.81191964e-01 -1.88412747e-01  4.19876976e-02 -2.23118733e+02]]

[[ 1.80824289e-01  9.82806810e-01  3.73276115e-02 -3.02090534e+02]
 [-4.41917563e-02 -2.97958990e-02  9.98578636e-01  9.57704028e+02]
 [ 9.82522094e-01 -1.82216845e-01  3.80441368e-02 -2.24046730e+02]]

[[ 1.90653358e-01  9.81334251e-01  2.51870080e-02 -3.03145017e+02]
 [-4.17525976e-02 -1.75280733e-02  9.98974218e-01  9.56611902e+02]
 [ 9.80769095e-01 -1.91509412e-01  3.76314680e-02 -2.23199414e+02]]

[[ 1.93738185e-01  9.80764604e-01  2.37972066e-02 -3.04016195e+02]
 [-5.92181011e-02 -1.25216262e-02  9.98166532e-01  9.55245284e+02]
 [ 9.79264383e-01 -1.94792198e-01  5.56531004e-02 -2.20558387e+02]]

[[ 1.93296328e-01  9.80844646e-01  2.40896427e-02 -3.04136759e+02]
 [-4.50070600e-02 -1.56625971e-02  9.98863878e-01  9.57025717e+02]
 [ 9.80107593e-01 -1.94160923e-01  4.11174113e-02 -2.22273569e+02]]

[[ 1.95014938e-01  9.80581137e-01  2.07318260e-02 -3.04475808e+02]
 [-5.07905860e-02 -1.10127410e-02  9.98648605e-01  9.57250385e+02]
 [ 9.79484298e-01 -1.95804377e-01  4.76566415e-02 -2.21942625e+02]]

[[ 1.89457847e-01  9.81409392e-01  3.06811023e-02 -3.04029682e+02]
 [-5.17040764e-02 -2.12321141e-02  9.98436721e-01  9.58951679e+02]
 [ 9.80526600e-01 -1.90748010e-01  4.67202756e-02 -2.23030079e+02]]

[[ 1.90000288e-01  9.81219775e-01  3.32812694e-02 -3.04407508e+02]
 [-5.36779831e-02 -2.34659741e-02  9.98282536e-01  9.58507240e+02]
 [ 9.80315543e-01 -1.91460441e-01  4.82113567e-02 -2.21953378e+02]]

[[ 1.75999640e-01  9.84113007e-01  2.33605607e-02 -3.02998950e+02]
 [-6.17009490e-02 -1.26558962e-02  9.98014439e-01  9.56243647e+02]
 [ 9.82454640e-01 -1.77091551e-01  5.84932733e-02 -2.23472382e+02]]

[[ 1.70177335e-01  9.85382691e-01  7.78631719e-03 -3.02023479e+02]
 [-4.44869612e-02 -2.11020346e-04  9.99009943e-01  9.54182125e+02]
 [ 9.84408749e-01 -1.70355239e-01  4.38007707e-02 -2.25615564e+02]]

[[ 1.66314225e-01  9.86012813e-01  1.08770789e-02 -3.01705186e+02]
 [-4.68862116e-02 -3.11073043e-03  9.98895393e-01  9.54960766e+02]
 [ 9.84957492e-01 -1.66640498e-01  4.57130467e-02 -2.26295168e+02]]

[[ 1.64775304e-01  9.86175701e-01  1.75096117e-02 -3.01285534e+02]
 [-4.26804648e-02 -1.06066130e-02  9.99032471e-01  9.56395294e+02]
 [ 9.85407265e-01 -1.65363198e-01  4.03427294e-02 -2.27055557e+02]]

[[ 1.66801097e-01  9.85961224e-01  7.60646947e-03 -3.01760660e+02]
 [-4.69313593e-02  2.33390898e-04  9.98898089e-01  9.54327710e+02]
 [ 9.84873008e-01 -1.66974279e-01  4.63114303e-02 -2.26008003e+02]]

[[ 1.69454144e-01  9.85505355e-01  8.03048102e-03 -3.01860079e+02]
 [-4.02199554e-02 -1.22631397e-03  9.99190098e-01  9.54168727e+02]
 [ 9.84717040e-01 -1.69639889e-01  3.94291775e-02 -2.25942039e+02]]

[[ 1.64763775e-01  9.86193265e-01  1.66054836e-02 -3.01492204e+02]
 [-4.62054058e-02 -9.09972042e-03  9.98890512e-01  9.55812150e+02]
 [ 9.85250201e-01 -1.65348234e-01  4.40681557e-02 -2.26700220e+02]]

[[ 1.69169293e-01  9.85533181e-01  1.03004853e-02 -3.01825243e+02]
 [-4.06764050e-02 -3.46076617e-03  9.99166379e-01  9.54705941e+02]
 [ 9.84747267e-01 -1.69447257e-01  3.95024914e-02 -2.26126135e+02]]

[[ 1.67236538e-01  9.85838106e-01  1.24566680e-02 -3.01809224e+02]
 [-4.38666287e-02 -5.18179060e-03  9.99023958e-01  9.54175535e+02]
 [ 9.84940434e-01 -1.67619740e-01  4.23788095e-02 -2.25669771e+02]]

[[ 1.69583709e-01  9.85477934e-01  8.63756797e-03 -3.01876483e+02]
 [-3.99837243e-02 -1.87731986e-03  9.99198568e-01  9.54219325e+02]
 [ 9.84704355e-01 -1.69793161e-01  3.90847151e-02 -2.25955945e+02]]

[[ 1.87725579e-01  9.81949912e-01  2.30971483e-02 -3.04569921e+02]
 [-5.25190552e-02 -1.34467259e-02  9.98529386e-01  9.56328443e+02]
 [ 9.80816423e-01 -1.88662547e-01  4.90467872e-02 -2.21581212e+02]]

[[ 1.89396086e-01  9.81680466e-01  2.07986831e-02 -3.04694513e+02]
 [-5.36661227e-02 -1.08012154e-02  9.98500516e-01  9.57418341e+02]
 [ 9.80433103e-01 -1.90228275e-01  5.06372765e-02 -2.21916123e+02]]

[[ 1.90740117e-01  9.81198586e-01  2.94540788e-02 -3.04924549e+02]
 [-4.14471169e-02 -2.19283362e-02  9.98900037e-01  9.58184081e+02]
 [ 9.80765183e-01 -1.91751097e-01  3.64852391e-02 -2.22269195e+02]]

[[ 1.68356401e-01  9.85665906e-01  1.09015765e-02 -3.02737266e+02]
 [-5.61494231e-02 -1.45206569e-03  9.98421321e-01  9.55547852e+02]
 [ 9.84125685e-01 -1.68702737e-01  5.51001074e-02 -2.24863817e+02]]

[[ 1.67355542e-01  9.85801407e-01  1.37007088e-02 -3.02439531e+02]
 [-5.08236501e-02 -5.25176152e-03  9.98693835e-01  9.55972080e+02]
 [ 9.84585740e-01 -1.67833268e-01  4.92231144e-02 -2.25715617e+02]]

[[ 1.64782268e-01  9.86279109e-01  1.00161829e-02 -3.02219801e+02]
 [-5.26007983e-02 -1.35319571e-03  9.98614703e-01  9.55100539e+02]
 [ 9.84926373e-01 -1.65080855e-01  5.16560858e-02 -2.25648927e+02]]

[[ 1.65043999e-01  9.86181086e-01  1.43994225e-02 -3.02312983e+02]
 [-5.44876437e-02 -5.46041483e-03  9.98499515e-01  9.56148950e+02]
 [ 9.84779963e-01 -1.65580943e-01  5.28334749e-02 -2.25841618e+02]]

[[ 1.70284257e-01  9.85289854e-01  1.43936083e-02 -3.02842703e+02]
 [-5.94300404e-02 -4.31145500e-03  9.98223162e-01  9.55514876e+02]
 [ 9.83601211e-01 -1.70837102e-01  5.78216429e-02 -2.24681969e+02]]

[[ 1.65096418e-01  9.86101057e-01  1.86514757e-02 -3.02344235e+02]
 [-5.98132628e-02 -8.86561467e-03  9.98170213e-01  9.56753391e+02]
 [ 9.84462059e-01 -1.65909932e-01  5.75182405e-02 -2.25617966e+02]]

[[ 1.67158590e-01  9.85842954e-01  1.31025055e-02 -3.02550932e+02]
 [-5.74573236e-02 -3.52621368e-03  9.98341736e-01  9.55996937e+02]
 [ 9.84254368e-01 -1.67634232e-01  5.60544607e-02 -2.25429871e+02]]

[[ 1.66697697e-01  9.85893127e-01  1.50538656e-02 -3.02454216e+02]
 [-5.89545868e-02 -5.27428188e-03  9.98246732e-01  9.56268513e+02]
 [ 9.84243991e-01 -1.67292926e-01  5.72437113e-02 -2.25433751e+02]]

[[ 1.71315971e-01  9.85030212e-01  1.91394662e-02 -3.03061673e+02]
 [-4.87491035e-02 -1.09276509e-02  9.98751276e-01  9.57313356e+02]
 [ 9.84009331e-01 -1.72035076e-01  4.61472586e-02 -2.25326376e+02]]

[[ 1.83275204e-01  9.82542175e-01  3.19542628e-02 -3.04758528e+02]
 [-6.37547120e-02 -2.05567065e-02  9.97753857e-01  9.58131952e+02]
 [ 9.80992118e-01 -1.84900776e-01  5.88741588e-02 -2.21489577e+02]]

[[ 1.91448336e-01  9.81308292e-01  1.95338130e-02 -3.05524552e+02]
 [-5.94520471e-02 -8.27119880e-03  9.98196895e-01  9.56716441e+02]
 [ 9.79700459e-01 -1.92264460e-01  5.67572796e-02 -2.20417218e+02]]

[[ 1.77823335e-01  9.83830490e-01  2.13642063e-02 -3.04474862e+02]
 [-6.53625737e-02 -9.85382185e-03  9.97812926e-01  9.56102653e+02]
 [ 9.81889299e-01 -1.78830841e-01  6.25534535e-02 -2.21585996e+02]]

[[ 1.66018797e-01  9.85974439e-01  1.70928058e-02 -3.02990473e+02]
 [-6.48944129e-02 -6.37210873e-03  9.97871791e-01  9.54044986e+02]
 [ 9.83984997e-01 -1.66774702e-01  6.29263426e-02 -2.23086052e+02]]

[[ 1.65027123e-01  9.86191373e-01  1.38788897e-02 -3.02845452e+02]
 [-5.40219558e-02 -5.01257728e-03  9.98527167e-01  9.55132527e+02]
 [ 9.84808447e-01 -1.65533831e-01  5.24487756e-02 -2.24844538e+02]]

[[ 1.59363235e-01  9.86974657e-01  2.20087838e-02 -3.02084723e+02]
 [-5.07211565e-02 -1.40785617e-02  9.98613618e-01  9.57329953e+02]
 [ 9.85916185e-01 -1.60258608e-01  4.78168909e-02 -2.26405726e+02]]

[[ 1.58733582e-01  9.87040828e-01  2.35383546e-02 -3.02100151e+02]
 [-4.94668788e-02 -1.58600521e-02  9.98649832e-01  9.57452064e+02]
 [ 9.86081476e-01 -1.59683634e-01  4.63083061e-02 -2.26583783e+02]]

[[ 1.64182139e-01  9.86254482e-01  1.86097401e-02 -3.02574892e+02]
 [-4.72824672e-02 -1.09757345e-02  9.98821256e-01  9.57264564e+02]
 [ 9.85296196e-01 -1.64868524e-01  4.48305256e-02 -2.26423299e+02]]

[[ 1.58528059e-01  9.87097187e-01  2.25388111e-02 -3.02275851e+02]
 [-5.15713869e-02 -1.45182547e-02  9.98563775e-01  9.56718238e+02]
 [ 9.86006717e-01 -1.59462735e-01  4.86044202e-02 -2.26150424e+02]]

[[ 1.60626909e-01  9.86833991e-01  1.89121634e-02 -3.02481129e+02]
 [-5.44065324e-02 -1.02793360e-02  9.98465956e-01  9.55880780e+02]
 [ 9.85514549e-01 -1.61409445e-01  5.20390776e-02 -2.25445429e+02]]

[[ 1.58605336e-01  9.87122058e-01  2.08420180e-02 -3.02121142e+02]
 [-5.07049605e-02 -1.29379992e-02  9.98629869e-01  9.56056850e+02]
 [ 9.86039226e-01 -1.59444819e-01  4.79999493e-02 -2.25934383e+02]]

[[ 1.32952030e-01  9.90915402e-01  2.02589171e-02 -2.98872693e+02]
 [-5.74812598e-02 -1.26968809e-02  9.98265843e-01  9.55733724e+02]
 [ 9.89454225e-01 -1.33885979e-01  5.52709895e-02 -2.29906269e+02]]

[[ 1.44767325e-01  9.89453332e-01  4.95238080e-03 -2.99568695e+02]
 [-4.95649580e-02  2.25286536e-03  9.98768361e-01  9.53652926e+02]
 [ 9.88223526e-01 -1.44834489e-01  4.93683541e-02 -2.28954383e+02]]

[[ 1.40081888e-01  9.90123498e-01  5.70294400e-03 -2.99127893e+02]
 [-5.17687915e-02  1.57210711e-03  9.98657860e-01  9.53321026e+02]
 [ 9.88785648e-01 -1.40189113e-01  5.14777207e-02 -2.29644774e+02]]

[[ 1.44148695e-01  9.89512841e-01  9.24613282e-03 -2.99333963e+02]
 [-4.60787151e-02 -2.62158622e-03  9.98934372e-01  9.53625113e+02]
 [ 9.88482628e-01 -1.44421136e-01  4.52175821e-02 -2.29466695e+02]]

[[ 1.42770057e-01  9.89755839e-01 -2.99279900e-04 -2.98899473e+02]
 [-4.84882146e-02  7.29632985e-03  9.98797105e-01  9.52404789e+02]
 [ 9.88567450e-01 -1.42583808e-01  4.90331910e-02 -2.29439247e+02]]

[[ 1.43701810e-01  9.89619559e-01  1.70821192e-03 -2.98674983e+02]
 [-3.35866648e-02  3.15194340e-03  9.99430839e-01  9.53422793e+02]
 [ 9.89050922e-01 -1.43677393e-01  3.36909604e-02 -2.31021129e+02]]

[[ 1.42662841e-01  9.89756194e-01  5.47640133e-03 -2.98653894e+02]
 [-4.62873635e-02  1.14468477e-03  9.98927510e-01  9.53230596e+02]
 [ 9.88688421e-01 -1.42763325e-01  4.59765087e-02 -2.30053779e+02]]

[[ 1.46607720e-01  9.89188147e-01  3.60378876e-03 -2.98658306e+02]
 [-4.22789703e-02  2.62626424e-03  9.99102393e-01  9.53195763e+02]
 [ 9.88290780e-01 -1.46628488e-01  4.22068868e-02 -2.30161760e+02]]

[[ 1.61152829e-01  9.86773012e-01  1.75724011e-02 -3.00717353e+02]
 [-3.74568426e-02 -1.16770467e-02  9.99230019e-01  9.55564886e+02]
 [ 9.86218409e-01 -1.61686951e-01  3.50796123e-02 -2.27792255e+02]]

[[ 1.66281445e-01  9.86009109e-01  1.16841077e-02 -3.01159369e+02]
 [-4.11718025e-02 -4.89645938e-03  9.99140084e-01  9.54352643e+02]
 [ 9.85218435e-01 -1.66619512e-01  3.97815819e-02 -2.26562311e+02]]

[[ 1.60834342e-01  9.86836813e-01  1.68943236e-02 -3.00408704e+02]
 [-3.57970485e-02 -1.12734208e-02  9.99295492e-01  9.56716420e+02]
 [ 9.86332036e-01 -1.61325800e-01  3.35126921e-02 -2.28694154e+02]]

[[ 1.65427437e-01  9.86099387e-01  1.55487130e-02 -3.00868683e+02]
 [-3.16090684e-02 -1.04564366e-02  9.99445611e-01  9.56348838e+02]
 [ 9.85715288e-01 -1.65827206e-01  2.94399015e-02 -2.28206659e+02]]

[[ 1.75630987e-01  9.84441513e-01 -5.35396893e-03 -3.13405743e+02]
 [-3.13834312e-02  1.10345901e-02  9.99446506e-01  9.54197923e+02]
 [ 9.83955709e-01 -1.75365750e-01  3.28331684e-02 -2.27701342e+02]]

[[ 1.78062306e-01  9.83979890e-01 -8.79721878e-03 -3.16063880e+02]
 [-3.98224107e-02  1.61385049e-02  9.99076436e-01  9.50710654e+02]
 [ 9.83213095e-01 -1.77547527e-01  4.20581107e-02 -2.27705193e+02]]

[[ 1.70734564e-01  9.85245919e-01  1.18401195e-02 -3.08888285e+02]
 [-3.17439629e-02 -6.51016120e-03  9.99474831e-01  9.53152484e+02]
 [ 9.84805580e-01 -1.71020752e-01  3.01641003e-02 -2.31386601e+02]]

[[ 1.66315059e-01  9.86000862e-01  1.18996418e-02 -3.01563243e+02]
 [-3.02018700e-02 -6.96845093e-03  9.99519528e-01  9.51044153e+02]
 [ 9.85610039e-01 -1.66594540e-01  2.86201116e-02 -2.31504022e+02]]

[[ 1.66457921e-01  9.85950649e-01  1.38952722e-02 -3.01269032e+02]
 [-2.51254774e-02 -9.84620985e-03  9.99635815e-01  9.51349844e+02]
 [ 9.85728396e-01 -1.66746425e-01  2.31335011e-02 -2.31819318e+02]]

[[ 1.63229924e-01  9.86375638e-01  2.04717726e-02 -3.00942812e+02]
 [-2.89401135e-02 -1.59540627e-02  9.99453820e-01  9.52334413e+02]
 [ 9.86163507e-01 -1.63733226e-01  2.59416425e-02 -2.32273648e+02]]

[[ 1.61901940e-01  9.86586391e-01  2.08579545e-02 -3.00886128e+02]
 [-2.95468728e-02 -1.62807699e-02  9.99430797e-01  9.52115304e+02]
 [ 9.86364407e-01 -1.62426072e-01  2.65146544e-02 -2.32109873e+02]]

[[ 1.61196506e-01  9.86628906e-01  2.40642512e-02 -3.00597542e+02]
 [-2.74197033e-02 -1.98965156e-02  9.99425980e-01  9.53090561e+02]
 [ 9.86541356e-01 -1.61763810e-01  2.38458231e-02 -2.32704530e+02]]

[[ 1.59106810e-01  9.86964702e-01  2.42012592e-02 -3.00573700e+02]
 [-3.14424792e-02 -1.94353528e-02  9.99316585e-01  9.52636989e+02]
 [ 9.86760555e-01 -1.59759021e-01  2.79403202e-02 -2.32452820e+02]]

[[ 1.66592860e-01  9.85856848e-01  1.82508421e-02 -3.01299716e+02]
 [-3.02667868e-02 -1.33879615e-02  9.99452192e-01  9.51753691e+02]
 [ 9.85561130e-01 -1.67053994e-01  2.76083802e-02 -2.31479565e+02]]

[[ 1.64747496e-01  9.86231515e-01  1.43409227e-02 -3.01210219e+02]
 [-3.16223614e-02 -9.25080139e-03  9.99457077e-01  9.50923744e+02]
 [ 9.85828732e-01 -1.65111545e-01  2.96629230e-02 -2.31326815e+02]]

[[ 1.67135259e-01  9.85772643e-01  1.78354192e-02 -3.01973561e+02]
 [-4.97957652e-02 -9.62680131e-03  9.98713025e-01  9.61900018e+02]
 [ 9.84675676e-01 -1.67808289e-01  4.74783252e-02 -2.24067734e+02]]

[[ 1.67424011e-01  9.85742923e-01  1.67358713e-02 -3.04572090e+02]
 [-6.38218041e-02 -6.10315033e-03  9.97942648e-01  9.64441529e+02]
 [ 9.83817045e-01 -1.68147675e-01  6.18900778e-02 -2.19389768e+02]]

[[ 1.69674385e-01  9.85500091e-01  4.16956579e-04 -3.06639071e+02]
 [-3.77402140e-02  6.07498245e-03  9.99269118e-01  9.50601317e+02]
 [ 9.84777274e-01 -1.69566109e-01  3.82237532e-02 -2.29771679e+02]]

[[ 1.68757611e-01  9.85631476e-01  7.17367873e-03 -3.06177809e+02]
 [-2.78942299e-02 -2.49941418e-03  9.99607756e-01  9.51896353e+02]
 [ 9.85262798e-01 -1.68891521e-01  2.70716359e-02 -2.32351726e+02]]

[[ 1.70714223e-01  9.85279045e-01  9.04752407e-03 -3.06587826e+02]
 [-3.20084472e-02 -3.63199768e-03  9.99480999e-01  9.52455430e+02]
 [ 9.84800545e-01 -1.70915219e-01  3.09172186e-02 -2.32228616e+02]]

[[ 1.68776356e-01  9.85607805e-01  9.58102851e-03 -3.06336226e+02]
 [-2.93014095e-02 -4.69905336e-03  9.99559576e-01  9.51703741e+02]
 [ 9.85218742e-01 -1.68982760e-01  2.80866088e-02 -2.32102788e+02]]

[[ 1.68648612e-01  9.85649583e-01  7.24888042e-03 -3.06577001e+02]
 [-3.74425286e-02 -9.42691703e-04  9.99298338e-01  9.50053650e+02]
 [ 9.84964823e-01 -1.68801694e-01  3.67462290e-02 -2.30611424e+02]]

[[ 1.63835552e-01  9.86434679e-01  1.02242553e-02 -3.06222774e+02]
 [-3.94614054e-02 -3.80262025e-03  9.99213860e-01  9.51125756e+02]
 [ 9.85698082e-01 -1.64110218e-01  3.83030943e-02 -2.31598541e+02]]

[[ 1.69396937e-01  9.85547828e-01 -3.94264537e-04 -3.05381775e+02]
 [-4.77760487e-03  1.22122067e-03  9.99987841e-01  9.40330762e+02]
 [ 9.85536327e-01 -1.69392994e-01  4.91542914e-03 -2.40946304e+02]]

[[ 1.65897672e-01  9.86020899e-01  1.55161147e-02 -3.02631593e+02]
 [-4.48602280e-03 -1.49793955e-02  9.99877739e-01  9.40509569e+02]
 [ 9.86132769e-01 -1.65946995e-01  1.93826539e-03 -2.44031638e+02]]

[[ 1.60263573e-01  9.86836962e-01  2.16424793e-02 -2.99977107e+02]
 [-9.46120375e-03 -2.03891076e-02  9.99747353e-01  9.41637769e+02]
 [ 9.87028912e-01 -1.60427846e-01  6.06903434e-03 -2.44851580e+02]]

[[ 1.59085195e-01  9.87050185e-01  2.05871827e-02 -2.96927289e+02]
 [-1.03096158e-02 -1.91907060e-02  9.99762686e-01  9.39629058e+02]
 [ 9.87211027e-01 -1.59259688e-01  7.12315094e-03 -2.45351476e+02]]

[[ 1.59361808e-01  9.86420580e-01  3.97272351e-02 -2.95565165e+02]
 [-3.85570724e-02 -3.39917828e-02  9.98678082e-01  9.52744441e+02]
 [ 9.86467012e-01 -1.60682911e-01  3.26164977e-02 -2.34202517e+02]]

[[ 1.57985244e-01  9.86886618e-01  3.30978300e-02 -2.95268023e+02]
 [-4.26752223e-02 -2.66634929e-02  9.98733139e-01  9.54614959e+02]
 [ 9.86518874e-01 -1.59197556e-01  3.79031674e-02 -2.32719420e+02]]

[[ 1.59283681e-01  9.86897057e-01  2.57469952e-02 -2.95640906e+02]
 [-4.64258865e-02 -1.85631376e-02  9.98749241e-01  9.52746446e+02]
 [ 9.86140632e-01 -1.60279783e-01  4.28607659e-02 -2.31694789e+02]]

[[ 1.58405989e-01  9.86744090e-01  3.52653230e-02 -2.95122921e+02]
 [-3.67567806e-02 -2.97983312e-02  9.98879872e-01  9.55482479e+02]
 [ 9.86689658e-01 -1.59524794e-01  3.15493019e-02 -2.33148254e+02]]

[[ 1.56013262e-01  9.86943966e-01  4.00183803e-02 -2.94984599e+02]
 [-3.79980649e-02 -3.44877272e-02  9.98682504e-01  9.55803343e+02]
 [ 9.87023814e-01 -1.57328336e-01  3.21214181e-02 -2.33463900e+02]]

[[ 1.58503295e-01  9.86871026e-01  3.10206986e-02 -2.95241393e+02]
 [-3.60878053e-02 -2.56064647e-02  9.99020510e-01  9.54773537e+02]
 [ 9.86698726e-01 -1.59467512e-01  3.15553004e-02 -2.33258548e+02]]

[[ 1.60187781e-01  9.86651049e-01  2.93186220e-02 -2.95106059e+02]
 [-2.71739087e-02 -2.52829929e-02  9.99310937e-01  9.55029807e+02]
 [ 9.86712447e-01 -1.60874103e-01  2.27611390e-02 -2.33657126e+02]]

[[ 1.63316100e-01  9.86233350e-01  2.59158285e-02 -2.97037060e+02]
 [-4.79019256e-02 -1.83106490e-02  9.98684197e-01  9.67100148e+02]
 [ 9.85410197e-01 -1.64342626e-01  4.42520528e-02 -2.21699547e+02]]

[[ 1.70518080e-01  9.85276563e-01  1.23967291e-02 -3.01690812e+02]
 [-5.66682237e-02 -2.75435814e-03  9.98389266e-01  9.70264240e+02]
 [ 9.83723689e-01 -1.70945922e-01  5.53642048e-02 -2.15655332e+02]]

[[ 1.65429479e-01  9.86075145e-01  1.69969666e-02 -3.04749978e+02]
 [-7.18948153e-02 -5.13068001e-03  9.97399023e-01  9.72510783e+02]
 [ 9.83597592e-01 -1.66221194e-01  7.00449247e-02 -2.14469438e+02]]

[[ 1.62366949e-01  9.86485108e-01  2.20023879e-02 -3.04722809e+02]
 [-3.54623336e-02 -1.64499785e-02  9.99235618e-01  9.52821360e+02]
 [ 9.86092996e-01 -1.63023095e-01  3.23121312e-02 -2.33101967e+02]]

[[ 1.65097544e-01  9.86198384e-01  1.24718692e-02 -3.05047782e+02]
 [-3.32085528e-02 -7.07973888e-03  9.99423368e-01  9.50295151e+02]
 [ 9.85718009e-01 -1.65416516e-01  3.15813736e-02 -2.33207409e+02]]

[[ 1.66481985e-01  9.85999730e-01  9.39580673e-03 -3.05136916e+02]
 [-2.88277736e-02 -4.65770395e-03  9.99573542e-01  9.49653700e+02]
 [ 9.85623005e-01 -1.66681848e-01  2.76487531e-02 -2.33047531e+02]]

[[ 1.67404278e-01  9.85848573e-01  8.85432794e-03 -3.05077529e+02]
 [-2.60448081e-02 -4.55568964e-03  9.99650396e-01  9.50009938e+02]
 [ 9.85544253e-01 -1.67576362e-01  2.49135949e-02 -2.33525670e+02]]

[[ 1.66108762e-01  9.86047224e-01  1.08973093e-02 -3.05060496e+02]
 [-3.02706099e-02 -5.94688473e-03  9.99524049e-01  9.50311035e+02]
 [ 9.85642719e-01 -1.66359571e-01  2.88604212e-02 -2.33447423e+02]]

[[ 1.70361537e-01  9.85358966e-01  6.68241708e-03 -3.05320727e+02]
 [-2.65398508e-02 -2.19075230e-03  9.99645356e-01  9.49656106e+02]
 [ 9.85024154e-01 -1.70478470e-01  2.57780600e-02 -2.32971655e+02]]

[[ 1.65273060e-01  9.86183663e-01  1.12515570e-02 -3.05201749e+02]
 [-3.33178456e-02 -5.81897417e-03  9.99427867e-01  9.49953581e+02]
 [ 9.85684907e-01 -1.65553380e-01  3.18957953e-02 -2.33054065e+02]]

[[ 1.70572715e-01  9.85316159e-01  7.55092567e-03 -3.05078275e+02]
 [-2.35234005e-02 -3.58903816e-03  9.99716844e-01  9.45855282e+02]
 [ 9.85064261e-01 -1.70702039e-01  2.25657946e-02 -2.35609116e+02]]

[[ 1.56972478e-01  9.87227719e-01  2.72226516e-02 -3.00963756e+02]
 [-1.77158820e-02 -2.47451888e-02  9.99536804e-01  9.28847316e+02]
 [ 9.87444069e-01 -1.57382042e-01  1.36052962e-02 -2.49980840e+02]]

[[ 1.59961398e-01  9.86333022e-01  3.94907818e-02 -2.97676924e+02]
 [-1.80908218e-02 -3.70699729e-02  9.99148907e-01  9.39766275e+02]
 [ 9.86957483e-01 -1.60539676e-01  1.19138103e-02 -2.44247988e+02]]

[[ 1.67049893e-01  9.82068330e-01  8.73849489e-02 -2.99897252e+02]
 [-1.23456007e-01 -6.70978697e-02  9.90079032e-01  9.59323416e+02]
 [ 9.78188605e-01 -1.76180793e-01  1.10033543e-01 -2.25249539e+02]]

[[ 1.64334291e-01  9.86217788e-01  1.92019461e-02 -2.98077669e+02]
 [-3.78725149e-02 -1.31439095e-02  9.99196132e-01  9.51189751e+02]
 [ 9.85677388e-01 -1.64929414e-01  3.51905529e-02 -2.31384714e+02]]

[[ 1.60031387e-01  9.86520625e-01  3.41615523e-02 -2.97810580e+02]
 [-3.86389332e-02 -2.83206313e-02  9.98851828e-01  9.53388411e+02]
 [ 9.86355407e-01 -1.61167609e-01  3.35859146e-02 -2.32178535e+02]]

[[ 1.63199136e-01  9.86308610e-01  2.36931971e-02 -2.98117992e+02]
 [-3.82367504e-02 -1.76739432e-02  9.99112397e-01  9.51500776e+02]
 [ 9.85851912e-01 -1.63960231e-01  3.48288638e-02 -2.31439305e+02]]

[[ 1.61787834e-01  9.86433103e-01  2.78285986e-02 -2.98079020e+02]
 [-3.83848030e-02 -2.18881784e-02  9.99023280e-01  9.51838093e+02]
 [ 9.86078751e-01 -1.62698008e-01  3.43227993e-02 -2.31462817e+02]]

[[ 1.62885372e-01  9.86266465e-01  2.73279293e-02 -2.97948612e+02]
 [-3.47712595e-02 -2.19424382e-02  9.99154387e-01  9.52888512e+02]
 [ 9.86032107e-01 -1.63697860e-01  3.07196250e-02 -2.32282765e+02]]

[[ 1.63754353e-01  9.86260613e-01  2.17833698e-02 -2.97968716e+02]
 [-3.32632840e-02 -1.65486921e-02  9.99309609e-01  9.51923232e+02]
 [ 9.85940194e-01 -1.64365884e-01  3.00963465e-02 -2.32002555e+02]]

[[ 1.58873744e-01  9.86682935e-01  3.48700279e-02 -2.95598392e+02]
 [-1.43792144e-02 -3.30024422e-02  9.99351828e-01  9.47988670e+02]
 [ 9.87194191e-01 -1.59272170e-01  8.94450393e-03 -2.50356128e+02]]

[[ 1.60828263e-01  9.86404214e-01  3.37786293e-02 -2.93506152e+02]
 [-3.11198306e-02 -2.91391397e-02  9.99090820e-01  9.52779337e+02]
 [ 9.86491676e-01 -1.61733226e-01  2.60103348e-02 -2.33274713e+02]]

[[ 1.59405096e-01  9.86876039e-01  2.58011488e-02 -2.92979003e+02]
 [-3.93263115e-02 -1.97667482e-02  9.99030889e-01  9.53082548e+02]
 [ 9.86429651e-01 -1.60265279e-01  3.56592741e-02 -2.32406959e+02]]

[[ 1.58588150e-01  9.86706155e-01  3.55072269e-02 -2.92840315e+02]
 [-3.57877940e-02 -3.01941580e-02  9.98903172e-01  9.54975471e+02]
 [ 9.86696018e-01 -1.59684931e-01  3.05236009e-02 -2.32141068e+02]]

[[ 1.59682878e-01  9.86548233e-01  3.49851625e-02 -2.93270636e+02]
 [-4.17674847e-02 -2.86561770e-02  9.98716326e-01  9.53819210e+02]
 [ 9.86284369e-01 -1.60939140e-01  3.66297375e-02 -2.31097794e+02]]

[[ 1.60209130e-01  9.86570010e-01  3.18221608e-02 -2.93135320e+02]
 [-4.00659568e-02 -2.57124654e-02  9.98866151e-01  9.54226577e+02]
 [ 9.86269615e-01 -1.61302462e-01  3.54084997e-02 -2.31468966e+02]]

[[ 1.64920801e-01  9.86065616e-01  2.18112447e-02 -2.93746162e+02]
 [-3.94890217e-02 -1.54949632e-02  9.99099857e-01  9.51930151e+02]
 [ 9.85515980e-01 -1.65633653e-01  3.63833248e-02 -2.31225905e+02]]

[[ 1.61869803e-01  9.86486072e-01  2.53652491e-02 -2.93417243e+02]
 [-4.13870576e-02 -1.88950146e-02  9.98964509e-01  9.53057591e+02]
 [ 9.85943852e-01 -1.62751981e-01  3.77692236e-02 -2.32291600e+02]]

[[ 1.59107710e-01  9.86785391e-01  3.06484650e-02 -2.93733442e+02]
 [-5.79911762e-02 -2.16489304e-02  9.98082335e-01  9.60819546e+02]
 [ 9.85556574e-01 -1.60579935e-01  5.37803338e-02 -2.16301293e+02]]

[[ 1.60481302e-01  9.86558106e-01  3.08034903e-02 -2.95876795e+02]
 [-3.82777847e-02 -2.49640035e-02  9.98955259e-01  9.54300905e+02]
 [ 9.86296387e-01 -1.61492730e-01  3.37570030e-02 -2.31540453e+02]]

[[ 1.61997002e-01  9.86195413e-01  3.42867030e-02 -2.95905508e+02]
 [-3.38724744e-02 -2.91678423e-02  9.99000447e-01  9.54988085e+02]
 [ 9.86209728e-01 -1.62996453e-01  2.86797759e-02 -2.32925601e+02]]

[[ 1.61534268e-01  9.86483638e-01  2.75084184e-02 -2.96070608e+02]
 [-4.21602352e-02 -2.09507719e-02  9.98891175e-01  9.53588717e+02]
 [ 9.85966123e-01 -1.62514916e-01  3.82061146e-02 -2.31855826e+02]]

[[ 1.63958567e-01  9.86244316e-01  2.09699153e-02 -2.96129550e+02]
 [-3.41625455e-02 -1.55680392e-02  9.99295030e-01  9.52218016e+02]
 [ 9.85875504e-01 -1.64559367e-01  3.11401029e-02 -2.31267454e+02]]

[[ 1.61548012e-01  9.86564693e-01  2.43381734e-02 -2.95955235e+02]
 [-3.83912810e-02 -1.83607726e-02  9.99094085e-01  9.52774780e+02]
 [ 9.86117817e-01 -1.62336037e-01  3.49093361e-02 -2.31740971e+02]]

[[ 1.59466930e-01  9.86540959e-01  3.61556910e-02 -2.95685524e+02]
 [-3.98843414e-02 -3.01561041e-02  9.98749142e-01  9.55176982e+02]
 [ 9.86397251e-01 -1.60709505e-01  3.45386350e-02 -2.33024036e+02]]

[[ 1.65659313e-01  9.85852742e-01  2.55217955e-02 -2.96506005e+02]
 [-3.41027297e-02 -2.01372238e-02  9.99215440e-01  9.53029045e+02]
 [ 9.85593220e-01 -1.66399707e-01  3.02843509e-02 -2.32310748e+02]]

[[ 1.61341568e-01  9.86558843e-01  2.58949390e-02 -2.95998371e+02]
 [-3.26642395e-02 -2.08861031e-02  9.99248126e-01  9.53216294e+02]
 [ 9.86357920e-01 -1.62066098e-01  2.88553977e-02 -2.32861761e+02]]

[[ 1.64308602e-01  9.86361820e-01  9.64592768e-03 -3.13684819e+02]
 [-3.41230764e-02 -4.08928500e-03  9.99409272e-01  9.47981147e+02]
 [ 9.85818593e-01 -1.64540689e-01  3.29857950e-02 -2.32419987e+02]]

[[ 1.66764794e-01  9.85497216e-01  3.13805869e-02 -2.97555089e+02]
 [-2.47979509e-02 -2.76241597e-02  9.99310746e-01  9.54295439e+02]
 [ 9.85684820e-01 -1.67428025e-01  1.98315743e-02 -2.36870252e+02]]

[[ 1.62769376e-01  9.86450257e-01  2.05431613e-02 -2.95550037e+02]
 [-3.78111975e-02 -1.45691928e-02  9.99178689e-01  9.51244596e+02]
 [ 9.85939371e-01 -1.63412453e-01  3.49274471e-02 -2.35475488e+02]]

[[ 1.61217692e-01  9.86547785e-01  2.70614876e-02 -2.95741209e+02]
 [-3.75495798e-02 -2.12687321e-02  9.99068401e-01  9.51246097e+02]
 [ 9.86204281e-01 -1.62083650e-01  3.36155589e-02 -2.35073032e+02]]

[[ 1.61095813e-01  9.86457265e-01  3.08253680e-02 -2.95408064e+02]
 [-4.29157158e-02 -2.42021521e-02  9.98785511e-01  9.52729685e+02]
 [ 9.86005264e-01 -1.62223057e-01  3.84356543e-02 -2.35290450e+02]]

[[ 1.61516641e-01  9.86462535e-01  2.83556125e-02 -2.95729980e+02]
 [-4.24150823e-02 -2.17673026e-02  9.98862926e-01  9.52113883e+02]
 [ 9.85958080e-01 -1.62535691e-01  3.83251080e-02 -2.34975370e+02]]

[[ 1.59772307e-01  9.86682962e-01  3.04883980e-02 -2.95269968e+02]
 [-4.35425125e-02 -2.38110344e-02  9.98767783e-01  9.53374237e+02]
 [ 9.86193115e-01 -1.60902974e-01  3.91583114e-02 -2.35752059e+02]]

[[ 1.60931583e-01  9.86609307e-01  2.65160600e-02 -2.93237569e+02]
 [-2.42576698e-02 -2.29041769e-02  9.99443327e-01  9.52427055e+02]
 [ 9.86667417e-01 -1.61485215e-01  2.02468373e-02 -2.36311938e+02]]

[[ 1.61070329e-01  9.86165385e-01  3.91686442e-02 -2.87418018e+02]
 [-4.40637279e-02 -3.24616735e-02  9.98501191e-01  9.54993894e+02]
 [ 9.85958791e-01 -1.62554832e-01  3.82255107e-02 -2.33627032e+02]]

[[ 1.68547938e-01  9.85480602e-01  2.04835378e-02 -2.96232522e+02]
 [-3.86220898e-02 -1.41621514e-02  9.99153526e-01  9.52420891e+02]
 [ 9.84936509e-01 -1.69196384e-01  3.56743189e-02 -2.32492534e+02]]

[[ 1.61837081e-01  9.86157135e-01  3.60952209e-02 -2.95704533e+02]
 [-3.30925310e-02 -3.11333199e-02  9.98967267e-01  9.55620803e+02]
 [ 9.86262462e-01 -1.62864429e-01  2.75959100e-02 -2.34464063e+02]]

[[ 1.65099021e-01  9.85946339e-01  2.55368194e-02 -2.96759274e+02]
 [-3.93875964e-02 -1.92803584e-02  9.99037980e-01  9.51760847e+02]
 [ 9.85490198e-01 -1.65946026e-01  3.56508882e-02 -2.32406025e+02]]

[[ 1.63890568e-01  9.85688145e-01  3.94811545e-02 -2.82542427e+02]
 [-3.86058938e-02 -3.35829274e-02  9.98690028e-01  9.56441446e+02]
 [ 9.85722814e-01 -1.65200081e-01  3.25494468e-02 -2.33038556e+02]]

[[ 1.65282808e-01  9.85646937e-01  3.43759951e-02 -2.86613897e+02]
 [-3.49575310e-02 -2.89785914e-02  9.98968574e-01  9.57604958e+02]
 [ 9.85626483e-01 -1.66314031e-01  2.96661204e-02 -2.31154818e+02]]

[[ 1.58911844e-01  9.86835337e-01  3.00506935e-02 -2.96172009e+02]
 [-5.13249500e-02 -2.21390221e-02  9.98436584e-01  9.54948629e+02]
 [ 9.85957796e-01 -1.60205749e-01  4.71311215e-02 -2.29540410e+02]]

[[ 1.60221436e-01  9.86784132e-01  2.42109306e-02 -2.96431636e+02]
 [-4.61478764e-02 -1.70125862e-02  9.98789740e-01  9.53294756e+02]
 [ 9.86001757e-01 -1.61144809e-01  4.28122111e-02 -2.28809415e+02]]

[[ 1.60307103e-01  9.86818428e-01  2.21590491e-02 -2.96474049e+02]
 [-4.03784699e-02 -1.58744780e-02  9.99058347e-01  9.54071655e+02]
 [ 9.86240950e-01 -1.61050898e-01  3.73014266e-02 -2.29799647e+02]]

[[ 1.62570705e-01  9.86456473e-01  2.17805627e-02 -2.96919994e+02]
 [-4.95612386e-02 -1.38825074e-02  9.98674601e-01  9.52021262e+02]
 [ 9.85451394e-01 -1.63434705e-01  4.66331156e-02 -2.27887513e+02]]

[[ 1.62666331e-01  9.86198580e-01  3.08549078e-02 -2.96990626e+02]
 [-5.50700558e-02 -2.21481369e-02  9.98236820e-01  9.53338459e+02]
 [ 9.85143113e-01 -1.64078702e-01  5.07072547e-02 -2.27374218e+02]]

[[ 1.61311791e-01  9.86391421e-01  3.17879058e-02 -2.96743366e+02]
 [-5.04243740e-02 -2.39299600e-02  9.98441155e-01  9.54063343e+02]
 [ 9.85614473e-01 -1.62663217e-01  4.58779852e-02 -2.28203040e+02]]

[[ 1.60354963e-01  9.86502342e-01  3.31574380e-02 -2.96141721e+02]
 [-3.87799487e-02 -2.72696756e-02  9.98875608e-01  9.57007213e+02]
 [ 9.86297319e-01 -1.61460505e-01  3.38836824e-02 -2.28729517e+02]]

[[ 1.66336666e-01  9.85884212e-01  1.90901566e-02 -2.98533653e+02]
 [-5.16809207e-02 -1.06170034e-02  9.98607211e-01  9.59103863e+02]
 [ 9.84713764e-01 -1.67091591e-01  4.91854068e-02 -2.16422172e+02]]

[[ 1.69714371e-01  9.85458013e-01  8.33892850e-03 -3.00405549e+02]
 [-2.91664712e-02 -3.43531868e-03  9.99568665e-01  9.52388158e+02]
 [ 9.85061597e-01 -1.69884384e-01  2.81593098e-02 -2.28891496e+02]]

[[ 1.59177206e-01  9.86792594e-01  3.00498605e-02 -2.99496859e+02]
 [-4.67147990e-02 -2.28753754e-02  9.98646306e-01  9.54177256e+02]
 [ 9.86144181e-01 -1.60365502e-01  4.24565793e-02 -2.29572055e+02]]

[[ 1.63226874e-01  9.86146907e-01  2.95172138e-02 -2.99568066e+02]
 [-4.33689790e-02 -2.27175423e-02  9.98800803e-01  9.55519795e+02]
 [ 9.85634881e-01 -1.64311264e-01  3.90600711e-02 -2.30368541e+02]]

[[ 1.59047028e-01  9.86885690e-01  2.75803957e-02 -2.99277659e+02]
 [-4.12422125e-02 -2.12701770e-02  9.98922750e-01  9.54636977e+02]
 [ 9.86409206e-01 -1.60013171e-01  3.73183909e-02 -2.30285167e+02]]

[[ 1.63887215e-01  9.86270752e-01  2.02727291e-02 -2.99525686e+02]
 [-3.74866483e-02 -1.43092762e-02  9.99194674e-01  9.53607608e+02]
 [ 9.85766571e-01 -1.64515189e-01  3.46268774e-02 -2.29656942e+02]]

[[ 1.57790129e-01  9.87044132e-01  2.90887785e-02 -2.99446149e+02]
 [-5.35407356e-02 -2.08628114e-02  9.98347701e-01  9.53717066e+02]
 [ 9.86020114e-01 -1.59086847e-01  4.95551232e-02 -2.28833591e+02]]

[[ 1.58888177e-01  9.86867557e-01  2.91027820e-02 -2.99405149e+02]
 [-4.47351514e-02 -2.22507543e-02  9.98751055e-01  9.54514081e+02]
 [ 9.86282573e-01 -1.59991652e-01  4.06122878e-02 -2.29796149e+02]]

[[ 1.62369765e-01  9.86382879e-01  2.61701274e-02 -2.99768462e+02]
 [-4.65525796e-02 -1.88348525e-02  9.98738257e-01  9.53336407e+02]
 [ 9.85631228e-01 -1.63383183e-01  4.28604569e-02 -2.28734101e+02]]

[[ 1.61615113e-01  9.86626163e-01  2.11983573e-02 -3.00277955e+02]
 [-5.34931433e-02 -1.26907196e-02  9.98487571e-01  9.60634416e+02]
 [ 9.85402983e-01 -1.62504648e-01  5.07267226e-02 -2.22727798e+02]]

[[ 1.67142905e-01  9.85825437e-01  1.45415489e-02 -3.03677985e+02]
 [-5.68795273e-02 -5.08285655e-03  9.98368110e-01  9.71803917e+02]
 [ 9.84290592e-01 -1.67697263e-01  5.52237214e-02 -2.15602607e+02]]

[[ 1.66594646e-01  9.85831157e-01  1.95743149e-02 -3.04401891e+02]
 [-3.53962028e-02 -1.38597259e-02  9.99277247e-01  9.52999540e+02]
 [ 9.85389939e-01 -1.67167096e-01  3.25857235e-02 -2.29453368e+02]]

[[ 1.71397078e-01  9.85122865e-01  1.24893013e-02 -3.04847422e+02]
 [-3.33579510e-02 -6.86675834e-03  9.99419879e-01  9.53051922e+02]
 [ 9.84637136e-01 -1.71714264e-01  3.16847380e-02 -2.30604849e+02]]

[[ 1.64593112e-01  9.86225609e-01  1.63754600e-02 -3.04405911e+02]
 [-4.09655747e-02 -9.75261933e-03  9.99112961e-01  9.52678051e+02]
 [ 9.85510492e-01 -1.65117941e-01  3.87960849e-02 -2.30102418e+02]]

[[ 1.68066444e-01  9.85645778e-01  1.60021771e-02 -3.04515812e+02]
 [-3.52630245e-02 -1.02114360e-02  9.99325896e-01  9.52764469e+02]
 [ 9.85144756e-01 -1.68517435e-01  3.30406515e-02 -2.30209932e+02]]

[[ 1.67287679e-01  9.85790065e-01  1.52571446e-02 -3.04570727e+02]
 [-3.88278281e-02 -8.87574445e-03  9.99206496e-01  9.52922551e+02]
 [ 9.85143255e-01 -1.67747338e-01  3.67912845e-02 -2.30329111e+02]]

[[ 1.69096421e-01  9.85554708e-01  9.39776241e-03 -3.04891842e+02]
 [-3.96254231e-02 -2.72925406e-03  9.99210877e-01  9.51646662e+02]
 [ 9.84802633e-01 -1.69335374e-01  3.85915151e-02 -2.29627911e+02]]

[[ 1.64348772e-01  9.86256278e-01  1.69715854e-02 -3.04049571e+02]
 [-3.51123445e-02 -1.13452829e-02  9.99318972e-01  9.48716793e+02]
 [ 9.85777158e-01 -1.64832758e-01  3.27651869e-02 -2.33341255e+02]]

[[ 1.62138602e-01  9.86357347e-01  2.84650178e-02 -3.01054066e+02]
 [-6.90975492e-03 -2.77111219e-02  9.99592091e-01  9.32092128e+02]
 [ 9.86743801e-01 -1.62269151e-01  2.32244496e-03 -2.47148246e+02]]

[[ 1.63397780e-01  9.85946141e-01  3.48047729e-02 -2.98309019e+02]
 [-2.88261283e-02 -3.04925307e-02  9.99119242e-01  9.49311368e+02]
 [ 9.86139047e-01 -1.64257152e-01  2.34385981e-02 -2.33817725e+02]]

[[ 1.63936619e-01  9.86197047e-01  2.32415625e-02 -2.98402172e+02]
 [-4.74697423e-02 -1.56464517e-02  9.98750125e-01  9.52077632e+02]
 [ 9.85328072e-01 -1.64834989e-01  4.42494933e-02 -2.28406750e+02]]

[[ 1.67402706e-01  9.85645585e-01  2.18887103e-02 -2.98214841e+02]
 [-3.66461260e-02 -1.59657341e-02  9.99200759e-01  9.55066465e+02]
 [ 9.85207286e-01 -1.68071047e-01  3.34473852e-02 -2.29843108e+02]]

[[ 1.64421383e-01  9.86066832e-01  2.52549305e-02 -2.98225569e+02]
 [-5.03480885e-02 -1.71802412e-02  9.98583952e-01  9.54851961e+02]
 [ 9.85104400e-01 -1.65460092e-01  4.68217811e-02 -2.29064933e+02]]

[[ 1.60087539e-01  9.86772562e-01  2.55321548e-02 -2.95807098e+02]
 [-2.53949233e-02 -2.17400386e-02  9.99441078e-01  9.29877354e+02]
 [ 9.86776103e-01 -1.60646450e-01  2.15787042e-02 -2.45875015e+02]]

[[ 1.58786552e-01  9.86645272e-01  3.63034216e-02 -2.91894964e+02]
 [-3.81043504e-02 -3.06184663e-02  9.98804569e-01  9.47430828e+02]
 [ 9.86577361e-01 -1.59980052e-01  3.27336765e-02 -2.36512214e+02]]

[[ 1.62507185e-01  9.86462560e-01  2.19779956e-02 -2.91834546e+02]
 [-3.55173023e-02 -1.64115202e-02  9.99234298e-01  9.54383327e+02]
 [ 9.86067916e-01 -1.63163353e-01  3.23694990e-02 -2.29088628e+02]]

[[ 1.63793361e-01  9.86091726e-01  2.81929652e-02 -2.91836450e+02]
 [-3.13020743e-02 -2.33694025e-02  9.99236734e-01  9.56049137e+02]
 [ 9.85997928e-01 -1.64550842e-01  2.70389635e-02 -2.29414018e+02]]

[[ 1.63268576e-01  9.85794233e-01  3.94094087e-02 -2.92017406e+02]
 [-4.57334571e-02 -3.23401177e-02  9.98430051e-01  9.56956793e+02]
 [ 9.85521092e-01 -1.64814581e-01  3.98036534e-02 -2.28549863e+02]]

[[ 1.64222560e-01  9.85733597e-01  3.68812506e-02 -2.91931239e+02]
 [-3.69718344e-02 -3.12117239e-02  9.98828770e-01  9.56903818e+02]
 [ 9.85730204e-01 -1.65393785e-01  3.13187101e-02 -2.28873855e+02]]

[[ 1.62477271e-01  9.85895500e-01  4.01397375e-02 -2.91624374e+02]
 [-2.22256772e-02 -3.70131959e-02  9.99067587e-01  9.58040132e+02]
 [ 9.86461938e-01 -1.63217908e-01  1.58983921e-02 -2.30103414e+02]]

[[ 1.64278784e-01  9.85966006e-01  2.97240033e-02 -2.91961189e+02]
 [-4.12539503e-02 -2.32396609e-02  9.98878386e-01  9.55555929e+02]
 [ 9.85550908e-01 -1.65320760e-01  3.68572094e-02 -2.28399918e+02]]

[[ 1.57640782e-01  9.86617411e-01  4.16589411e-02 -2.91704079e+02]
 [-4.41072500e-02 -3.51094437e-02  9.98409674e-01  9.57311315e+02]
 [ 9.86510991e-01 -1.59227543e-01  3.79823007e-02 -2.29299170e+02]]

[[ 1.64250713e-01  9.86007442e-01  2.84785576e-02 -2.91937496e+02]
 [-4.19683118e-02 -2.18591966e-02  9.98879791e-01  9.56359981e+02]
 [ 9.85525425e-01 -1.65261915e-01  3.77906792e-02 -2.29026116e+02]]

[[ 1.61839902e-01  9.85747281e-01  4.59362996e-02 -2.91486993e+02]
 [-2.99457881e-02 -4.16226850e-02  9.98684536e-01  9.59977159e+02]
 [ 9.86362558e-01 -1.63002606e-01  2.27827679e-02 -2.30681179e+02]]

[[ 1.61625645e-01  9.86309421e-01  3.27242582e-02 -2.91775996e+02]
 [-3.54352070e-02 -2.73385095e-02  9.98997974e-01  9.56824907e+02]
 [ 9.86215746e-01 -1.62623283e-01  3.05314743e-02 -2.29727463e+02]]

[[ 1.61074420e-01  9.86011467e-01  4.28534584e-02 -2.91605167e+02]
 [-2.90620560e-02 -3.86629874e-02  9.98829600e-01  9.58332273e+02]
 [ 9.86514282e-01 -1.62131308e-01  2.24279022e-02 -2.30099202e+02]]

[[ 1.68040054e-01  9.85427256e-01  2.63754283e-02 -2.91474743e+02]
 [-2.90347384e-03 -2.62610158e-02  9.99650904e-01  9.50603528e+02]
 [ 9.85775892e-01 -1.68057972e-01 -1.55174026e-03 -2.36682805e+02]]

[[ 1.60964833e-01  9.86366092e-01  3.42382218e-02 -2.89912177e+02]
 [-3.50967121e-02 -2.89481103e-02  9.98964578e-01  9.56834964e+02]
 [ 9.86335918e-01 -1.61999815e-01  2.99585790e-02 -2.31134869e+02]]

[[ 1.58974075e-01  9.86641297e-01  3.55836266e-02 -2.89802598e+02]
 [-3.12325330e-02 -3.09980899e-02  9.99031355e-01  9.57241097e+02]
 [ 9.86788616e-01 -1.59931452e-01  2.58874142e-02 -2.30285210e+02]]

[[ 1.64002069e-01  9.86106572e-01  2.64036012e-02 -2.90414203e+02]
 [-4.03337896e-02 -2.00404137e-02  9.98985269e-01  9.54956622e+02]
 [ 9.85635078e-01 -1.64900608e-01  3.64867457e-02 -2.28444035e+02]]

[[ 1.59227465e-01  9.86748025e-01  3.12241723e-02 -2.90411613e+02]
 [-4.76554562e-02 -2.39085387e-02  9.98577658e-01  9.54752526e+02]
 [ 9.86091057e-01 -1.60488991e-01  4.32170313e-02 -2.28214828e+02]]

[[ 1.55447328e-01  9.86880277e-01  4.36285185e-02 -2.89826121e+02]
 [-4.36448939e-02 -3.72609910e-02  9.98352013e-01  9.57699164e+02]
 [ 9.86879553e-01 -1.57095315e-01  3.72801635e-02 -2.29820562e+02]]

[[ 1.55353595e-01  9.87225702e-01  3.53648561e-02 -2.89767451e+02]
 [-4.41151958e-02 -2.88305474e-02  9.98610359e-01  9.55968878e+02]
 [ 9.86873401e-01 -1.56697837e-01  3.90727260e-02 -2.29206441e+02]]

[[ 1.56914334e-01  9.86630686e-01  4.40202457e-02 -2.89498764e+02]
 [-3.25931407e-02 -3.93747855e-02  9.98692802e-01  9.58576714e+02]
 [ 9.87074252e-01 -1.58143974e-01  2.59789245e-02 -2.30482322e+02]]

[[ 1.57973084e-01  9.86688983e-01  3.85921800e-02 -2.89911612e+02]
 [-4.13929526e-02 -3.24315099e-02  9.98616453e-01  9.56588442e+02]
 [ 9.86575455e-01 -1.59351965e-01  3.57186646e-02 -2.29191541e+02]]

[[ 1.61491292e-01  9.86673103e-01  1.99185840e-02 -2.91393887e+02]
 [-6.08559675e-02 -1.01887053e-02  9.98094555e-01  9.65177367e+02]
 [ 9.84995997e-01 -1.62395744e-01  5.83995592e-02 -2.16995253e+02]]

[[ 1.65773224e-01  9.85803037e-01  2.66760203e-02 -2.93489382e+02]
 [-4.95039479e-02 -1.86976655e-02  9.98598897e-01  9.56275883e+02]
 [ 9.84920605e-01 -1.66861527e-01  4.57015699e-02 -2.27103886e+02]]

[[ 1.61199879e-01  9.86305758e-01  3.48647408e-02 -2.93284611e+02]
 [-3.80575587e-02 -2.90881860e-02  9.98852091e-01  9.56577960e+02]
 [ 9.86187721e-01 -1.62341703e-01  3.28473773e-02 -2.29284660e+02]]

[[ 1.62447795e-01  9.86180706e-01  3.25319728e-02 -2.93096203e+02]
 [-3.18747361e-02 -2.77078684e-02  9.99107740e-01  9.57325546e+02]
 [ 9.86202167e-01 -1.63339797e-01  2.69331676e-02 -2.29974872e+02]]

[[ 1.62755625e-01  9.86334215e-01  2.56012387e-02 -2.93325660e+02]
 [-3.96725070e-02 -1.93842470e-02  9.99024696e-01  9.55671936e+02]
 [ 9.85868500e-01 -1.63612554e-01  3.59754558e-02 -2.29129287e+02]]

[[ 1.61180126e-01  9.86352291e-01  3.36173456e-02 -2.93377981e+02]
 [-4.34888907e-02 -2.69313417e-02  9.98690853e-01  9.56234459e+02]
 [ 9.85966370e-01 -1.62431098e-01  3.85545699e-02 -2.28963694e+02]]

[[ 1.60710956e-01  9.86480468e-01  3.20667308e-02 -2.93350957e+02]
 [-4.41047440e-02 -2.52789133e-02  9.98707038e-01  9.55836753e+02]
 [ 9.86015598e-01 -1.61917457e-01  3.94458702e-02 -2.28864819e+02]]

[[ 1.75413825e-01  9.84483906e-01  4.62912968e-03 -3.07103048e+02]
 [-3.07825274e-02  7.84925317e-04  9.99525798e-01  9.52714501e+02]
 [ 9.84013428e-01 -1.75473140e-01  3.04425895e-02 -2.28553110e+02]]

[[ 1.71054511e-01  9.85079444e-01  1.89431734e-02 -3.05439961e+02]
 [-1.73835430e-02 -1.62060933e-02  9.99717548e-01  9.55133546e+02]
 [ 9.85108200e-01 -1.71335496e-01  1.43520455e-02 -2.32865901e+02]]

[[ 1.64363538e-01  9.86198382e-01  1.99343540e-02 -2.93815167e+02]
 [-3.00597544e-02 -1.51919906e-02  9.99432646e-01  9.52732728e+02]
 [ 9.85941701e-01 -1.64869508e-01  2.71478719e-02 -2.32843387e+02]]

[[ 1.58511264e-01  9.86852244e-01  3.15725701e-02 -2.92817719e+02]
 [-3.00211268e-02 -2.71449077e-02  9.99180607e-01  9.54759418e+02]
 [ 9.86900659e-01 -1.59329225e-01  2.53236428e-02 -2.33830307e+02]]

[[ 1.63670838e-01  9.86222521e-01  2.40207358e-02 -2.93425981e+02]
 [-3.38211246e-02 -1.87252343e-02  9.99252469e-01  9.53211959e+02]
 [ 9.85935083e-01 -1.64360897e-01  3.02903799e-02 -2.32757331e+02]]

[[ 1.63996774e-01  9.86187409e-01  2.32261151e-02 -2.93399435e+02]
 [-2.66084119e-02 -1.91139666e-02  9.99463180e-01  9.53709591e+02]
 [ 9.86101947e-01 -1.64526747e-01  2.31062520e-02 -2.33175747e+02]]

[[ 1.65512368e-01  9.85946335e-01  2.27042064e-02 -2.93363588e+02]
 [-2.56886351e-02 -1.87038111e-02  9.99495003e-01  9.54461343e+02]
 [ 9.85873090e-01 -1.66012025e-01  2.22319036e-02 -2.33634643e+02]]

[[ 1.57702838e-01  9.87050020e-01  2.93610761e-02 -2.92916486e+02]
 [-2.76156788e-02 -2.53132009e-02  9.99298062e-01  9.53385713e+02]
 [ 9.87100395e-01 -1.58402966e-01  2.32660927e-02 -2.33476465e+02]]

[[ 1.56180965e-01  9.87307168e-01  2.88454937e-02 -2.88970946e+02]
 [-3.58857856e-02 -2.35127005e-02  9.99079258e-01  9.53543795e+02]
 [ 9.87076348e-01 -1.57072306e-01  3.17580571e-02 -2.33126158e+02]]

[[ 1.57585101e-01  9.86612097e-01  4.19941229e-02 -2.89538348e+02]
 [-5.43524657e-02 -3.37953339e-02  9.97949741e-01  9.54655265e+02]
 [ 9.86008492e-01 -1.59544495e-01  4.82991590e-02 -2.30043768e+02]]

[[ 1.58774755e-01  9.86941827e-01  2.71368320e-02 -2.93017677e+02]
 [-4.28570209e-02 -2.05701475e-02  9.98869433e-01  9.53175941e+02]
 [ 9.86384232e-01 -1.59758253e-01  3.90313664e-02 -2.29876733e+02]]

[[ 1.64402584e-01  9.86154064e-01  2.17244804e-02 -2.93588939e+02]
 [-4.36263974e-02 -1.47331383e-02  9.98939273e-01  9.53686227e+02]
 [ 9.85428094e-01 -1.65175959e-01  4.06001830e-02 -2.29944904e+02]]

[[ 1.60439020e-01  9.86626255e-01  2.87741723e-02 -2.93303735e+02]
 [-4.45801562e-02 -2.18788767e-02  9.98766201e-01  9.54478988e+02]
 [ 9.86038504e-01 -1.61523827e-01  4.04737271e-02 -2.30322402e+02]]

[[ 1.60654097e-01  9.86757637e-01  2.23523480e-02 -2.93357174e+02]
 [-4.12568459e-02 -1.59131301e-02  9.99021844e-01  9.52491676e+02]
 [ 9.86148130e-01 -1.61419139e-01  3.81539982e-02 -2.29700357e+02]]

[[ 1.61864206e-01  9.86569384e-01  2.19278309e-02 -2.93500848e+02]
 [-4.26428958e-02 -1.52072309e-02  9.98974636e-01  9.53115756e+02]
 [ 9.85891253e-01 -1.62633303e-01  3.96086690e-02 -2.29843959e+02]]

[[ 1.57726736e-01  9.86806403e-01  3.65431276e-02 -2.92886340e+02]
 [-3.37290254e-02 -3.16010359e-02  9.98931293e-01  9.56477161e+02]
 [ 9.86906596e-01 -1.58790736e-01  2.82996899e-02 -2.31715298e+02]]

[[ 1.75839573e-01  9.83350060e-01  4.58596192e-02 -2.93787103e+02]
 [-4.39635788e-02 -3.86946271e-02  9.98283492e-01  9.57602904e+02]
 [ 9.83436652e-01 -1.77553895e-01  3.64275411e-02 -2.28932916e+02]]

[[ 1.63755318e-01  9.86084981e-01  2.86462129e-02 -2.93485823e+02]
 [-4.22972527e-02 -2.19932782e-02  9.98862973e-01  9.54870588e+02]
 [ 9.85593800e-01 -1.64780780e-01  3.81071694e-02 -2.29991908e+02]]

[[ 1.60495221e-01  9.86497312e-01  3.26241897e-02 -2.93346838e+02]
 [-2.34712056e-02 -2.92289120e-02  9.99297140e-01  9.55403612e+02]
 [ 9.86757512e-01 -1.61148144e-01  1.84631805e-02 -2.31425424e+02]]

[[ 1.62877634e-01  9.86163350e-01  3.08662209e-02 -2.93411996e+02]
 [-3.09789258e-02 -2.61569913e-02  9.99177721e-01  9.55498218e+02]
 [ 9.86159816e-01 -1.63699905e-01  2.62898924e-02 -2.30996689e+02]]

[[ 1.59059113e-01  9.86769672e-01  3.13976468e-02 -2.93019546e+02]
 [-3.09339557e-02 -2.68056532e-02  9.99161922e-01  9.55599901e+02]
 [ 9.86784317e-01 -1.59897063e-01  2.62610059e-02 -2.31393809e+02]]

[[ 1.55464894e-01  9.87066013e-01  3.91325118e-02 -2.92958403e+02]
 [-3.37539640e-02 -3.42830565e-02  9.98842000e-01  9.55793155e+02]
 [ 9.87264573e-01 -1.56605743e-01  2.79875789e-02 -2.31353069e+02]]

[[ 1.59867560e-01  9.86553994e-01  3.39644106e-02 -2.92968184e+02]
 [-2.57609946e-02 -3.02256827e-02  9.99211078e-01  9.56799252e+02]
 [ 9.86802277e-01 -1.60616394e-01  2.05825060e-02 -2.32191378e+02]]

[[ 1.75490660e-01  9.83318682e-01  4.78267475e-02 -2.93874137e+02]
 [-2.98216065e-02 -4.32487388e-02  9.98619156e-01  9.57197263e+02]
 [ 9.84029319e-01 -1.76674605e-01  2.17343931e-02 -2.29036038e+02]]

[[ 1.75736577e-01  9.82709223e-01  5.83029821e-02 -2.93824355e+02]
 [-4.21083276e-02 -5.16667150e-02  9.97776247e-01  9.60170718e+02]
 [ 9.83536245e-01 -1.77800823e-01  3.23005103e-02 -2.29481887e+02]]

[[ 1.85291712e-01  9.81445041e-01  4.93215171e-02 -2.94921858e+02]
 [-5.77253794e-02 -3.92331720e-02  9.97561296e-01  9.56828460e+02]
 [ 9.80986627e-01 -1.87686944e-01  4.93847058e-02 -2.25625980e+02]]

[[ 1.86035654e-01  9.81704162e-01  4.05915394e-02 -2.95234701e+02]
 [-4.66819693e-02 -3.24348176e-02  9.98383081e-01  9.56510572e+02]
 [ 9.81433405e-01 -1.87629742e-01  3.97938510e-02 -2.26249270e+02]]

[[ 1.81770821e-01  9.82593189e-01  3.83404962e-02 -2.95027711e+02]
 [-3.85009352e-02 -3.18486414e-02  9.98750891e-01  9.57314957e+02]
 [ 9.82586916e-01 -1.83019914e-01  3.20416030e-02 -2.27789208e+02]]

[[ 1.80883827e-01  9.82394949e-01  4.67033655e-02 -2.95119860e+02]
 [-4.54581155e-02 -3.90848148e-02  9.98201351e-01  9.58674531e+02]
 [ 9.82453358e-01 -1.82681528e-01  3.75880122e-02 -2.27635032e+02]]

[[ 1.84156603e-01  9.82100119e-01  3.95689576e-02 -2.96054694e+02]
 [-5.64293496e-02 -2.96269930e-02  9.97966918e-01  9.54114960e+02]
 [ 9.81275738e-01 -1.86015049e-01  4.99632645e-02 -2.24179258e+02]]

[[ 1.77130121e-01  9.83114702e-01  4.59391320e-02 -2.95167126e+02]
 [-3.79209301e-02 -3.98251390e-02  9.98486836e-01  9.58853251e+02]
 [ 9.83456620e-01 -1.78604148e-01  3.02263923e-02 -2.28169099e+02]]

[[ 1.75994569e-01  9.83125163e-01  4.99081781e-02 -2.95634522e+02]
 [-5.85502753e-02 -4.01553200e-02  9.97476524e-01  9.57127143e+02]
 [ 9.82648348e-01 -1.78472589e-01  5.04951306e-02 -2.25410682e+02]]

[[ 1.75155942e-01  9.83217385e-01  5.10291050e-02 -2.95656895e+02]
 [-5.98809498e-02 -4.10955351e-02  9.97359228e-01  9.58007408e+02]
 [ 9.82718000e-01 -1.77749066e-01  5.16778637e-02 -2.25873051e+02]]

[[ 1.84002569e-01  9.81660459e-01  4.98577842e-02 -2.96063168e+02]
 [-5.06374240e-02 -4.11894351e-02  9.97867367e-01  9.59079038e+02]
 [ 9.81620551e-01 -1.86134829e-01  4.21297950e-02 -2.25655309e+02]]

[[ 1.84032508e-01  9.82193149e-01  3.77975367e-02 -2.96593893e+02]
 [-5.69082711e-02 -2.77427495e-02  9.97993882e-01  9.56945417e+02]
 [ 9.81271361e-01 -1.85814310e-01  5.07893462e-02 -2.24628677e+02]]

[[ 1.67375007e-01  9.85778069e-01  1.50733142e-02 -2.96033250e+02]
 [-4.39609636e-02 -7.81140849e-03  9.99002710e-01  9.55988996e+02]
 [ 9.84912707e-01 -1.67870723e-01  4.20283193e-02 -2.28633082e+02]]

[[ 1.64640743e-01  9.86219988e-01  1.62345787e-02 -2.95862522e+02]
 [-4.24924300e-02 -9.35209151e-03  9.99053017e-01  9.55119452e+02]
 [ 9.85437882e-01 -1.65174678e-01  4.03671485e-02 -2.28511698e+02]]

[[ 1.64773690e-01  9.86207995e-01  1.56019651e-02 -2.95892443e+02]
 [-4.63901678e-02 -8.05183343e-03  9.98890945e-01  9.54788889e+02]
 [ 9.85239861e-01 -1.65314725e-01  4.44236240e-02 -2.28083399e+02]]

[[ 1.61572195e-01  9.86432182e-01  2.90856668e-02 -2.95523702e+02]
 [-3.81457913e-02 -2.32082439e-02  9.99002641e-01  9.57803817e+02]
 [ 9.86123382e-01 -1.62520545e-01  3.38784292e-02 -2.29858138e+02]]

[[ 1.65974679e-01  9.86076513e-01  1.02721499e-02 -2.95993759e+02]
 [-5.23954923e-02 -1.58375362e-03  9.98625157e-01  9.54232590e+02]
 [ 9.84737081e-01 -1.66284704e-01  5.14031013e-02 -2.27714145e+02]]

[[ 1.61873258e-01  9.86582584e-01  2.12568482e-02 -2.95510401e+02]
 [-4.74968608e-02 -1.37265559e-02  9.98777067e-01  9.56806206e+02]
 [ 9.85667843e-01 -1.62684931e-01  4.46376133e-02 -2.29074077e+02]]

[[ 1.64163581e-01  9.86248268e-01  1.90964014e-02 -2.95775515e+02]
 [-4.37663898e-02 -1.20576803e-02  9.98969026e-01  9.56353686e+02]
 [ 9.85461730e-01 -1.64830113e-01  4.11850942e-02 -2.28915316e+02]]

[[ 1.63190478e-01  9.86383203e-01  2.04216668e-02 -2.95708909e+02]
 [-4.44797470e-02 -1.33223779e-02  9.98921452e-01  9.55977960e+02]
 [ 9.85591406e-01 -1.63922820e-01  4.16999901e-02 -2.28770468e+02]]

[[ 1.62612933e-01  9.86411074e-01  2.34569353e-02 -2.95558565e+02]
 [-4.39715494e-02 -1.65049916e-02  9.98896435e-01  9.57244155e+02]
 [ 9.85709662e-01 -1.63464917e-01  4.06900981e-02 -2.29328657e+02]]

[[ 1.66410101e-01  9.85919835e-01  1.64242810e-02 -2.95984518e+02]
 [-4.51437510e-02 -9.02151572e-03  9.98939765e-01  9.55621888e+02]
 [ 9.85022700e-01 -1.66975121e-01  4.30068482e-02 -2.28327496e+02]]

[[ 1.62169771e-01  9.86462676e-01  2.43383467e-02 -2.95443853e+02]
 [-3.90866047e-02 -1.82237380e-02  9.99069634e-01  9.57233970e+02]
 [ 9.85988439e-01 -1.62970197e-01  3.56021373e-02 -2.29688714e+02]]

[[ 1.62595780e-01  9.86461071e-01  2.13814862e-02 -2.95516352e+02]
 [-4.09581804e-02 -1.49033152e-02  9.99049708e-01  9.57626988e+02]
 [ 9.85842300e-01 -1.63317013e-01  3.79804343e-02 -2.29872490e+02]]

[[ 1.63803363e-01  9.86354103e-01  1.65542029e-02 -2.95655534e+02]
 [-4.24934209e-02 -9.71041106e-03  9.99049557e-01  9.56645174e+02]
 [ 9.85577378e-01 -1.64351122e-01  4.03229621e-02 -2.29455526e+02]]

[[ 1.64530638e-01  9.86136553e-01  2.15492098e-02 -2.95768407e+02]
 [-5.37674767e-02 -1.28479772e-02  9.98470825e-01  9.56535054e+02]
 [ 9.84905441e-01 -1.65437689e-01  5.09081882e-02 -2.27950433e+02]]

[[ 1.63703258e-01  9.86375885e-01  1.62436574e-02 -2.95661932e+02]
 [-4.26647834e-02 -9.37146656e-03  9.99045490e-01  9.55354117e+02]
 [ 9.85586607e-01 -1.64240033e-01  4.05493739e-02 -2.28764248e+02]]

[[ 1.65327511e-01  9.86167742e-01  1.18321230e-02 -2.96104558e+02]
 [-4.17012178e-02 -4.99643613e-03  9.99117633e-01  9.54361724e+02]
 [ 9.85356698e-01 -1.65675045e-01  4.02983474e-02 -2.28201218e+02]]

[[ 1.59054535e-01  9.86951519e-01  2.50669910e-02 -2.95225066e+02]
 [-4.83216228e-02 -1.75774165e-02  9.98677153e-01  9.57697689e+02]
 [ 9.86086546e-01 -1.60055408e-01  4.48953312e-02 -2.29651098e+02]]

[[ 1.58498886e-01  9.86964924e-01  2.78987841e-02 -2.95168306e+02]
 [-4.58526639e-02 -2.08677760e-02  9.98730228e-01  9.57880084e+02]
 [ 9.86293889e-01 -1.59576862e-01  4.19474517e-02 -2.29766347e+02]]

[[ 1.67030821e-01  9.85732401e-01  2.07927494e-02 -2.95812143e+02]
 [-4.30359261e-02 -1.37797878e-02  9.98978492e-01  9.56410279e+02]
 [ 9.85011987e-01 -1.67755033e-01  4.01202575e-02 -2.28937217e+02]]

[[ 1.64554322e-01  9.86195524e-01  1.84462528e-02 -2.95800047e+02]
 [-3.76033747e-02 -1.24153738e-02  9.99215615e-01  9.56093491e+02]
 [ 9.85650984e-01 -1.65118889e-01  3.50412763e-02 -2.29236058e+02]]

[[ 1.59459538e-01  9.86888640e-01  2.49693395e-02 -2.95191595e+02]
 [-3.71167434e-02 -1.92816791e-02  9.99124899e-01  9.57971300e+02]
 [ 9.86506464e-01 -1.60246776e-01  3.35554447e-02 -2.30420547e+02]]

[[ 1.66692832e-01  9.85827685e-01  1.89017432e-02 -2.95930850e+02]
 [-4.01037235e-02 -1.23754744e-02  9.99118881e-01  9.55972260e+02]
 [ 9.85192972e-01 -1.67303986e-01  3.74724581e-02 -2.28761179e+02]]

[[ 1.62988632e-01  9.86378786e-01  2.21719750e-02 -2.95790207e+02]
 [-4.98273824e-02 -1.42145131e-02  9.98656688e-01  9.56588986e+02]
 [ 9.85368935e-01 -1.63874459e-01  4.68318689e-02 -2.28490787e+02]]

[[ 1.65287635e-01  9.86076078e-01  1.82747405e-02 -2.96111972e+02]
 [-4.15775154e-02 -1.15462384e-02  9.99068564e-01  9.54707392e+02]
 [ 9.85368615e-01 -1.65893499e-01  3.90901428e-02 -2.28255735e+02]]

[[ 1.64028236e-01  9.86330316e-01  1.57240319e-02 -2.95834573e+02]
 [-4.94063364e-02 -7.70566144e-03  9.98749036e-01  9.56010208e+02]
 [ 9.85217616e-01 -1.64599910e-01  4.74670213e-02 -2.28263568e+02]]

[[ 1.63835729e-01  9.86387464e-01  1.40579301e-02 -2.95873895e+02]
 [-4.72302488e-02 -6.39094925e-03  9.98863584e-01  9.55020063e+02]
 [ 9.85356361e-01 -1.64313503e-01  4.55402595e-02 -2.28510618e+02]]

[[ 1.66526763e-01  9.85947757e-01  1.32611107e-02 -2.95939030e+02]
 [-4.10832501e-02 -6.49950638e-03  9.99134587e-01  9.55585032e+02]
 [ 9.85180696e-01 -1.66927458e-01  3.94235965e-02 -2.28978923e+02]]

[[ 1.67506764e-01  9.85737921e-01  1.61936750e-02 -2.95884350e+02]
 [-3.61554559e-02 -1.02724554e-02  9.99293380e-01  9.56541228e+02]
 [ 9.85207728e-01 -1.67973891e-01  3.39190981e-02 -2.29660776e+02]]

[[ 1.67399866e-01  9.85805983e-01  1.28003743e-02 -2.96067786e+02]
 [-3.91048955e-02 -6.33407822e-03  9.99215035e-01  9.54504395e+02]
 [ 9.85113238e-01 -1.67769020e-01  3.74895161e-02 -2.28400343e+02]]

[[ 1.61706171e-01  9.86582528e-01  2.24950991e-02 -2.95464162e+02]
 [-4.33284846e-02 -1.56750432e-02  9.98937904e-01  9.57654882e+02]
 [ 9.85887294e-01 -1.62509102e-01  4.02123746e-02 -2.29844749e+02]]

[[ 1.62525476e-01  9.86600031e-01  1.43474349e-02 -2.95594467e+02]
 [-3.69225833e-02 -8.44950190e-03  9.99282407e-01  9.55240979e+02]
 [ 9.86013282e-01 -1.62938593e-01  3.50545625e-02 -2.29110103e+02]]

[[ 1.66172568e-01  9.85960229e-01  1.64043983e-02 -2.95983973e+02]
 [-3.55079512e-02 -1.06420891e-02  9.99312729e-01  9.55648581e+02]
 [ 9.85457185e-01 -1.66640849e-01  3.32410044e-02 -2.29114519e+02]]

[[ 1.60929249e-01  9.86700588e-01  2.28850777e-02 -2.95394431e+02]
 [-4.44050544e-02 -1.59253244e-02  9.98886668e-01  9.57608708e+02]
 [ 9.85966515e-01 -1.61766294e-01  4.12516428e-02 -2.29819359e+02]]

[[ 1.65469687e-01  9.86065322e-01  1.71745012e-02 -2.95833962e+02]
 [-3.44760101e-02 -1.16203220e-02  9.99337967e-01  9.57073276e+02]
 [ 9.85612088e-01 -1.65952249e-01  3.20727870e-02 -2.30103575e+02]]

[[ 1.65819315e-01  9.85976795e-01  1.88073098e-02 -2.95837234e+02]
 [-3.67989308e-02 -1.28715391e-02  9.99239792e-01  9.55878392e+02]
 [ 9.85469327e-01 -1.66385346e-01  3.41485420e-02 -2.29098994e+02]]

[[ 1.67665643e-01  9.85713623e-01  1.60276274e-02 -2.96034451e+02]
 [-3.94004836e-02 -9.54470308e-03  9.99177912e-01  9.55412549e+02]
 [ 9.85056259e-01 -1.68159304e-01  3.72372747e-02 -2.28714051e+02]]

[[ 1.65368286e-01  9.86060230e-01  1.83998284e-02 -2.95732989e+02]
 [-3.42035021e-02 -1.29113344e-02  9.99331485e-01  9.56009855e+02]
 [ 9.85638600e-01 -1.65887073e-01  3.15915879e-02 -2.29375342e+02]]

[[ 1.63350737e-01  9.86344250e-01  2.10132598e-02 -2.95736460e+02]
 [-5.15019439e-02 -1.27448237e-02  9.98591568e-01  9.56765645e+02]
 [ 9.85222861e-01 -1.64202892e-01  4.87167699e-02 -2.28155483e+02]]

[[ 1.64202779e-01  9.86310759e-01  1.51173447e-02 -2.95732922e+02]
 [-4.81728198e-02 -7.28906251e-03  9.98812419e-01  9.55516159e+02]
 [ 9.85249627e-01 -1.64736020e-01  4.63164861e-02 -2.28290262e+02]]

[[ 1.65285479e-01  9.86150999e-01  1.36717652e-02 -2.95866451e+02]
 [-4.20715788e-02 -6.79969173e-03  9.99091461e-01  9.56227690e+02]
 [ 9.85348006e-01 -1.65710503e-01  4.03650392e-02 -2.29751882e+02]]

[[ 1.66641793e-01  9.85912449e-01  1.43928783e-02 -2.96045663e+02]
 [-4.23849484e-02 -7.42098729e-03  9.99073794e-01  9.55299240e+02]
 [ 9.85106100e-01 -1.67097490e-01  4.05512017e-02 -2.28669845e+02]]

[[ 1.64828517e-01  9.86154517e-01  1.81886821e-02 -2.95674392e+02]
 [-3.38931430e-02 -1.27669570e-02  9.99343915e-01  9.56206059e+02]
 [ 9.85739730e-01 -1.65336847e-01  3.13195175e-02 -2.29618445e+02]]

[[ 1.61670678e-01  9.86446949e-01  2.80179999e-02 -2.95363288e+02]
 [-4.09217640e-02 -2.16657361e-02  9.98927427e-01  9.57625688e+02]
 [ 9.85995944e-01 -1.62643821e-01  3.68644351e-02 -2.29762743e+02]]

[[ 1.63452067e-01  9.86208728e-01  2.59955140e-02 -2.95572406e+02]
 [-3.47304525e-02 -2.05814011e-02  9.99184768e-01  9.57519222e+02]
 [ 9.85939764e-01 -1.64221652e-01  3.08874028e-02 -2.30127231e+02]]

[[ 1.61441831e-01  9.86723875e-01  1.76784881e-02 -2.95426414e+02]
 [-4.25106839e-02 -1.09437351e-02  9.99036074e-01  9.56802019e+02]
 [ 9.85966215e-01 -1.62037738e-01  4.01795301e-02 -2.29746708e+02]]

[[ 1.66367916e-01  9.86019536e-01  9.33757508e-03 -2.95940368e+02]
 [-4.47531011e-02 -1.90941687e-03  9.98996253e-01  9.54792750e+02]
 [ 9.85047652e-01 -1.66618810e-01  4.38097663e-02 -2.28126662e+02]]

[[ 1.62872900e-01  9.86429642e-01  2.07118422e-02 -2.95628312e+02]
 [-4.72868743e-02 -1.31637629e-02  9.98794607e-01  9.56778170e+02]
 [ 9.85513252e-01 -1.63655972e-01  4.45011542e-02 -2.28997900e+02]]

[[ 1.66511741e-01  9.85940505e-01  1.39699845e-02 -2.95874867e+02]
 [-3.95282573e-02 -7.48194844e-03  9.99190441e-01  9.55837111e+02]
 [ 9.85246851e-01 -1.66929149e-01  3.77266778e-02 -2.29045432e+02]]

[[ 1.66244043e-01  9.85942243e-01  1.67574617e-02 -2.95811323e+02]
 [-3.95062689e-02 -1.03208930e-02  9.99166019e-01  9.56007230e+02]
 [ 9.85292938e-01 -1.66767423e-01  3.72351124e-02 -2.29082622e+02]]

[[ 1.68542638e-01  9.85636607e-01  1.06703930e-02 -2.96216829e+02]
 [-3.84206140e-02 -4.24792115e-03  9.99252627e-01  9.54794675e+02]
 [ 9.84945296e-01 -1.68826637e-01  3.71528078e-02 -2.28730835e+02]]

[[ 1.67646111e-01  9.85777140e-01  1.17563096e-02 -2.96130208e+02]
 [-4.12161716e-02 -4.90622778e-03  9.99138207e-01  9.54660071e+02]
 [ 9.84985283e-01 -1.67986185e-01  3.98074497e-02 -2.28587699e+02]]

[[ 1.62962244e-01  9.86370559e-01  2.27250153e-02 -2.95548188e+02]
 [-4.15056088e-02 -1.61588518e-02  9.99007596e-01  9.56349546e+02]
 [ 9.85758891e-01 -1.63743735e-01  3.83066279e-02 -2.29070459e+02]]

[[ 1.64795295e-01  9.86237185e-01  1.33688354e-02 -2.95731840e+02]
 [-3.68437355e-02 -7.38941820e-03  9.99293718e-01  9.55240718e+02]
 [ 9.85639412e-01 -1.65171461e-01  3.51189206e-02 -2.29126666e+02]]

[[ 1.65291193e-01  9.86112101e-01  1.61785413e-02 -2.95958992e+02]
 [-4.55023702e-02 -8.76170302e-03  9.98925806e-01  9.55516648e+02]
 [ 9.85194578e-01 -1.65849800e-01  4.34222055e-02 -2.28331706e+02]]

[[ 1.62546006e-01  9.86573081e-01  1.58855617e-02 -2.95690826e+02]
 [-4.98829526e-02 -7.86258929e-03  9.98724121e-01  9.54888445e+02]
 [ 9.85439236e-01 -1.63131036e-01  4.79351457e-02 -2.27919406e+02]]

[[ 1.63059990e-01  9.86437293e-01  1.87857839e-02 -2.95603597e+02]
 [-4.44174597e-02 -1.16816850e-02  9.98944757e-01  9.55796679e+02]
 [ 9.85615812e-01 -1.63722339e-01  4.19102233e-02 -2.28732511e+02]]

[[ 1.61551642e-01  9.86609355e-01  2.24287176e-02 -2.95410085e+02]
 [-4.33554482e-02 -1.56097739e-02  9.98937756e-01  9.56590191e+02]
 [ 9.85911442e-01 -1.62352442e-01  4.02531062e-02 -2.29320223e+02]]

[[ 1.65673603e-01  9.86040667e-01  1.66150608e-02 -2.95938599e+02]
 [-4.20420223e-02 -9.77071602e-03  9.99068066e-01  9.55713765e+02]
 [ 9.85284084e-01 -1.66217737e-01  3.98363940e-02 -2.29102951e+02]]

[[ 1.66614820e-01  9.85853229e-01  1.82458705e-02 -2.95761636e+02]
 [-3.15808206e-02 -1.31595208e-02  9.99414568e-01  9.55523084e+02]
 [ 9.85516186e-01 -1.67093498e-01  2.89414828e-02 -2.29179624e+02]]

[[ 1.64693628e-01  9.86241767e-01  1.42543206e-02 -2.95949342e+02]
 [-4.67613386e-02 -6.62831354e-03  9.98884099e-01  9.54510584e+02]
 [ 9.85235701e-01 -1.65176397e-01  4.50263442e-02 -2.28429284e+02]]

[[ 1.66019501e-01  9.86027060e-01  1.37172434e-02 -2.95822610e+02]
 [-3.89949174e-02 -7.33501589e-03  9.99212487e-01  9.55168024e+02]
 [ 9.85351167e-01 -1.66423661e-01  3.72322880e-02 -2.28969425e+02]]

[[ 1.66534266e-01  9.85943440e-01  1.34859924e-02 -2.95951561e+02]
 [-4.06144081e-02 -6.80653828e-03  9.99151711e-01  9.54863028e+02]
 [ 9.85198867e-01 -1.66940722e-01  3.89099874e-02 -2.28491349e+02]]

[[ 1.66921131e-01  9.85868223e-01  1.41838722e-02 -2.95971682e+02]
 [-3.72719311e-02 -8.06607000e-03  9.99272606e-01  9.55518092e+02]
 [ 9.85265517e-01 -1.67328374e-01  3.53988149e-02 -2.28897055e+02]]

[[ 1.66437166e-01  9.85976987e-01  1.21676220e-02 -2.96035848e+02]
 [-4.91349627e-02 -4.03147588e-03  9.98784012e-01  9.55244725e+02]
 [ 9.84827104e-01 -1.66832636e-01  4.77749550e-02 -2.27955106e+02]]

[[ 1.64044052e-01  9.86267484e-01  1.91310870e-02 -2.95807149e+02]
 [-5.23790358e-02 -1.06576240e-02  9.98570404e-01  9.54789736e+02]
 [ 9.85061412e-01 -1.64811603e-01  4.99114201e-02 -2.27481873e+02]]

[[ 1.67667199e-01  9.85731305e-01  1.48830322e-02 -2.95943485e+02]
 [-3.89308113e-02 -8.46457421e-03  9.99206056e-01  9.55996002e+02]
 [ 9.85074668e-01 -1.68113489e-01  3.69560880e-02 -2.29029735e+02]]

[[ 1.63626266e-01  9.86289462e-01  2.14369143e-02 -2.95779458e+02]
 [-4.08877062e-02 -1.49310054e-02  9.99052181e-01  9.55542166e+02]
 [ 9.85674713e-01 -1.64347684e-01  3.78840091e-02 -2.28676264e+02]]

[[ 1.61123014e-01  9.86611501e-01  2.52412541e-02 -2.95407128e+02]
 [-4.22392095e-02 -1.86584285e-02  9.98933287e-01  9.57219565e+02]
 [ 9.86030032e-01 -1.62017312e-01  3.86673876e-02 -2.29596040e+02]]

[[ 1.68397846e-01  9.85647129e-01  1.19123085e-02 -2.96138413e+02]
 [-4.07302039e-02 -5.11682998e-03  9.99157079e-01  9.54804661e+02]
 [ 9.84877259e-01 -1.68741090e-01  3.92839454e-02 -2.28391730e+02]]

[[ 1.66977833e-01  9.85877109e-01  1.28346732e-02 -2.95829878e+02]
 [-4.50499925e-02 -5.37501767e-03  9.98970274e-01  9.54759422e+02]
 [ 9.84930912e-01 -1.67384093e-01  4.35162476e-02 -2.28188528e+02]]

[[ 1.67206250e-01  9.85770902e-01  1.72568700e-02 -2.95811315e+02]
 [-3.11125740e-02 -1.22188736e-02  9.99441197e-01  9.56687583e+02]
 [ 9.85430910e-01 -1.67649720e-01  2.86267981e-02 -2.29794842e+02]]

[[ 1.63276786e-01  9.86354605e-01  2.11017773e-02 -2.95672215e+02]
 [-4.57384206e-02 -1.37979383e-02  9.98858155e-01  9.55868910e+02]
 [ 9.85519502e-01 -1.64055511e-01  4.28614187e-02 -2.28542164e+02]]

[[ 1.65443631e-01  9.86155805e-01  1.11862996e-02 -2.95865996e+02]
 [-4.50548137e-02 -3.77306348e-03  9.98977391e-01  9.55521107e+02]
 [ 9.85189560e-01 -1.65778443e-01  4.38068368e-02 -2.28826731e+02]]

[[ 1.63040882e-01  9.86364656e-01  2.24150798e-02 -2.95609150e+02]
 [-4.13506372e-02 -1.58675995e-02  9.99018691e-01  9.57350715e+02]
 [ 9.85752401e-01 -1.63807766e-01  3.81997396e-02 -2.29696858e+02]]

[[ 1.63362687e-01  9.86438427e-01  1.58701583e-02 -2.95579677e+02]
 [-4.52513961e-02 -8.57724837e-03  9.98938808e-01  9.56167107e+02]
 [ 9.85527749e-01 -1.63907475e-01  4.32365136e-02 -2.28978839e+02]]

[[ 1.65511977e-01  9.86039452e-01  1.82204426e-02 -2.95815870e+02]
 [-3.71209833e-02 -1.22333371e-02  9.99235897e-01  9.56645485e+02]
 [ 9.85508913e-01 -1.66061870e-01  3.45779902e-02 -2.29608052e+02]]

[[ 1.65919240e-01  9.85976363e-01  1.79281450e-02 -2.95834691e+02]
 [-3.99124836e-02 -1.14510191e-02  9.99137562e-01  9.55712116e+02]
 [ 9.85331315e-01 -1.66491702e-01  3.74528210e-02 -2.28892664e+02]]

[[ 1.66622120e-01  9.85909115e-01  1.48420338e-02 -2.95981632e+02]
 [-3.85492588e-02 -8.52746190e-03  9.99220315e-01  9.54899996e+02]
 [ 9.85266981e-01 -1.67064357e-01  3.65852019e-02 -2.28574848e+02]]

[[ 1.65897861e-01  9.85980291e-01  1.79099099e-02 -2.95920627e+02]
 [-3.40213595e-02 -1.24283287e-02  9.99343827e-01  9.55649340e+02]
 [ 9.85555908e-01 -1.66398323e-01  3.14825568e-02 -2.29160484e+02]]

[[ 1.62422277e-01  9.86397774e-01  2.52672866e-02 -2.95466877e+02]
 [-3.92487458e-02 -1.91285104e-02  9.99046363e-01  9.56517046e+02]
 [ 9.85940434e-01 -1.63259094e-01  3.56079792e-02 -2.29191664e+02]]

[[ 1.64032163e-01  9.86247674e-01  2.02231269e-02 -2.95593356e+02]
 [-3.92197465e-02 -1.39643363e-02  9.99133029e-01  9.56596493e+02]
 [ 9.85675028e-01 -1.64683097e-01  3.63897834e-02 -2.29358896e+02]]

[[ 1.62424656e-01  9.86463029e-01  2.25593334e-02 -2.95517922e+02]
 [-3.98481801e-02 -1.62865648e-02  9.99073006e-01  9.56143232e+02]
 [ 9.85915997e-01 -1.63173037e-01  3.66634167e-02 -2.29115188e+02]]

[[ 1.63296192e-01  9.86296950e-01  2.35091423e-02 -2.95557733e+02]
 [-4.00876582e-02 -1.71759754e-02  9.99048530e-01  9.56714477e+02]
 [ 9.85762311e-01 -1.64083247e-01  3.67335636e-02 -2.29320838e+02]]

[[ 1.62190275e-01  9.86568148e-01  1.94320335e-02 -2.95491262e+02]
 [-4.27623999e-02 -1.26469293e-02  9.99005221e-01  9.55693125e+02]
 [ 9.85832487e-01 -1.62859892e-01  4.01368127e-02 -2.28858893e+02]]

[[ 1.62514804e-01  9.86520451e-01  1.91399596e-02 -2.95403871e+02]
 [-3.88002552e-02 -1.29934601e-02  9.99162504e-01  9.56504907e+02]
 [ 9.85942939e-01 -1.63121334e-01  3.61656156e-02 -2.29605612e+02]]

[[ 1.66234795e-01  9.85910853e-01  1.85952579e-02 -2.95867774e+02]
 [-3.87094597e-02 -1.23186085e-02  9.99174574e-01  9.57087023e+02]
 [ 9.85326124e-01 -1.66817393e-01  3.61162950e-02 -2.29569508e+02]]

[[ 1.62803753e-01  9.86492976e-01  1.80705952e-02 -2.95474425e+02]
 [-3.30617786e-02 -1.28502097e-02  9.99370697e-01  9.56408730e+02]
 [ 9.86104384e-01 -1.63298747e-01  3.05231500e-02 -2.29885974e+02]]

[[ 1.61015768e-01  9.86678842e-01  2.32117485e-02 -2.95448714e+02]
 [-3.89047070e-02 -1.71550104e-02  9.99095656e-01  9.56731053e+02]
 [ 9.86184742e-01 -1.61773200e-01  3.56242241e-02 -2.29632672e+02]]

[[ 1.70831025e-01  9.83217156e-01  6.40373723e-02 -2.97003010e+02]
 [-1.10826583e-01 -4.54058508e-02  9.92801983e-01  9.60356653e+02]
 [ 9.79047614e-01 -1.76698423e-01  1.01209869e-01 -2.22578946e+02]]

[[ 1.62680439e-01  9.86499893e-01  1.87892672e-02 -2.95545286e+02]
 [-3.94637132e-02 -1.25222334e-02  9.99142537e-01  9.55892288e+02]
 [ 9.85889289e-01 -1.63282441e-01  3.68938264e-02 -2.29163037e+02]]

[[ 1.63822794e-01  9.86286950e-01  2.00035874e-02 -2.95568752e+02]
 [-3.37949160e-02 -1.46545934e-02  9.99321343e-01  9.56630104e+02]
 [ 9.85910744e-01 -1.64387634e-01  3.09307282e-02 -2.29789942e+02]]

[[ 1.66806989e-01  9.85903958e-01  1.29928277e-02 -2.95775274e+02]
 [-3.96459180e-02 -6.46018817e-03  9.99192908e-01  9.55918081e+02]
 [ 9.85192179e-01 -1.67187473e-01  3.80094629e-02 -2.29178282e+02]]

[[ 1.63221044e-01  9.86352393e-01  2.16297986e-02 -2.95511152e+02]
 [-4.22315860e-02 -1.49186121e-02  9.98996461e-01  9.56416042e+02]
 [ 9.85685236e-01 -1.63970706e-01  3.92201945e-02 -2.29246608e+02]]

[[ 1.63396056e-01  9.86387579e-01  1.84735706e-02 -2.95596030e+02]
 [-3.70373488e-02 -1.25789056e-02  9.99234710e-01  9.55359318e+02]
 [ 9.85865084e-01 -1.63955223e-01  3.44778373e-02 -2.29094568e+02]]

[[ 1.66064386e-01  9.85940047e-01  1.85699807e-02 -2.95973175e+02]
 [-3.97845974e-02 -1.21174805e-02  9.99134802e-01  9.55466307e+02]
 [ 9.85312035e-01 -1.66659506e-01  3.72129459e-02 -2.28475658e+02]]

[[ 1.68621521e-01  9.85650689e-01  7.71376450e-03 -2.96138679e+02]
 [-4.56901057e-02 -1.39358980e-06  9.98955662e-01  9.54204415e+02]
 [ 9.84621347e-01 -1.68797866e-01  4.50342492e-02 -2.27985790e+02]]

[[ 1.62733596e-01  9.86419934e-01  2.22146635e-02 -2.95499889e+02]
 [-3.19296572e-02 -1.72381007e-02  9.99341456e-01  9.56730166e+02]
 [ 9.86153271e-01 -1.63335735e-01  2.86908322e-02 -2.29882118e+02]]

[[ 1.65096926e-01  9.86106899e-01  1.83354338e-02 -2.95798640e+02]
 [-3.62342221e-02 -1.25136516e-02  9.99264975e-01  9.56655888e+02]
 [ 9.85611529e-01 -1.65639946e-01  3.36648510e-02 -2.29553254e+02]]

[[ 1.62202444e-01  9.86500286e-01  2.25289344e-02 -2.95484973e+02]
 [-4.45421879e-02 -1.54881027e-02  9.98887437e-01  9.56186517e+02]
 [ 9.85751673e-01 -1.63025472e-01  4.14286729e-02 -2.28899369e+02]]

[[ 1.64398855e-01  9.86308465e-01  1.29857295e-02 -2.95424458e+02]
 [-4.18832192e-02 -6.17305237e-03  9.99103443e-01  9.56531923e+02]
 [ 9.85504344e-01 -1.64795346e-01  4.02949309e-02 -2.29734599e+02]]

[[ 1.64311361e-01  9.86161689e-01  2.20657995e-02 -2.95671910e+02]
 [-4.04679137e-02 -1.56117347e-02  9.99058868e-01  9.56252329e+02]
 [ 9.85578066e-01 -1.65049680e-01  3.73427207e-02 -2.29114729e+02]]

[[ 1.63900295e-01  9.86293432e-01  1.90252091e-02 -2.95786606e+02]
 [-4.33617196e-02 -1.20642902e-02  9.98986594e-01  9.55735431e+02]
 [ 9.85523442e-01 -1.64559163e-01  4.07900386e-02 -2.28889342e+02]]

[[ 1.63440824e-01  9.86461942e-01  1.34139269e-02 -2.95562409e+02]
 [-4.83836966e-02 -5.56548344e-03  9.98813318e-01  9.55131585e+02]
 [ 9.85365980e-01 -1.63895887e-01  4.68190481e-02 -2.28733193e+02]]

[[ 1.65158401e-01  9.86129170e-01  1.64913033e-02 -2.95614068e+02]
 [-3.41725398e-02 -1.09892228e-02  9.99355530e-01  9.57011761e+02]
 [ 9.85674865e-01 -1.65615511e-01  3.18835758e-02 -2.30181250e+02]]

[[ 1.61315205e-01  9.86651079e-01  2.22946918e-02 -2.95229013e+02]
 [-4.34957251e-02 -1.54607882e-02  9.98933975e-01  9.56737146e+02]
 [ 9.85943977e-01 -1.62112962e-01  4.04210439e-02 -2.29500187e+02]]

[[ 1.62650456e-01  9.86438849e-01  2.19824142e-02 -2.95513874e+02]
 [-3.58578989e-02 -1.63548218e-02  9.99223064e-01  9.56847241e+02]
 [ 9.86031967e-01 -1.63312330e-01  3.27115053e-02 -2.29772780e+02]]

[[ 1.64224314e-01  9.86211644e-01  2.04197690e-02 -2.95645997e+02]
 [-3.89743041e-02 -1.41974255e-02  9.99139348e-01  9.56305067e+02]
 [ 9.85652768e-01 -1.64878821e-01  3.61053501e-02 -2.29231900e+02]]

[[ 1.66268456e-01  9.85938087e-01  1.67597390e-02 -2.95847568e+02]
 [-3.84832486e-02 -1.04954360e-02  9.99204126e-01  9.55181657e+02]
 [ 9.85329305e-01 -1.66781096e-01  3.61970406e-02 -2.28648406e+02]]

[[ 1.63419062e-01  9.86399819e-01  1.75956392e-02 -2.95651022e+02]
 [-4.64188554e-02 -1.01277827e-02  9.98870721e-01  9.56401744e+02]
 [ 9.85464104e-01 -1.64051286e-01  4.41324778e-02 -2.29148196e+02]]

[[ 1.63718476e-01  9.86285902e-01  2.08896930e-02 -2.95610451e+02]
 [-3.75603467e-02 -1.49280247e-02  9.99182853e-01  9.56416136e+02]
 [ 9.85791804e-01 -1.64369318e-01  3.46012470e-02 -2.29463451e+02]]

[[ 1.68257754e-01  9.85677421e-01  1.13732496e-02 -2.96078996e+02]
 [-3.05203861e-02 -6.32299383e-03  9.99514145e-01  9.55272629e+02]
 [ 9.85270437e-01 -1.68523121e-01  2.90193627e-02 -2.29235675e+02]]

[[ 1.66514642e-01  9.85962427e-01  1.22868119e-02 -2.95833895e+02]
 [-3.94808257e-02 -5.78408550e-03  9.99203587e-01  9.55074442e+02]
 [ 9.85248262e-01 -1.66867121e-01  3.79634758e-02 -2.28796588e+02]]

[[ 1.61266322e-01  9.86661555e-01  2.21844597e-02 -2.95414436e+02]
 [-4.13219233e-02 -1.57084640e-02  9.99022394e-01  9.56058997e+02]
 [ 9.86045472e-01 -1.62025371e-01  3.82375068e-02 -2.29121055e+02]]

[[ 1.67555790e-01  9.85782032e-01  1.26032816e-02 -2.96087096e+02]
 [-3.84972582e-02 -6.23185979e-03  9.99239273e-01  9.54155242e+02]
 [ 9.85110663e-01 -1.67913518e-01  3.69057212e-02 -2.28214655e+02]]

[[ 1.62418872e-01  9.86486712e-01  2.15424323e-02 -2.95391034e+02]
 [-4.29715874e-02 -1.47399797e-02  9.98967555e-01  9.57613509e+02]
 [ 9.85785754e-01 -1.63176896e-01  3.99968491e-02 -2.29816544e+02]]

[[ 1.63677400e-01  9.86306850e-01  2.02115420e-02 -2.95617107e+02]
 [-4.06992181e-02 -1.37192089e-02  9.99077253e-01  9.56050687e+02]
 [ 9.85674024e-01 -1.64348961e-01  3.78963932e-02 -2.29111747e+02]]

[[ 1.62873885e-01  9.86467698e-01  1.88036801e-02 -2.95567467e+02]
 [-4.30200149e-02 -1.19396645e-02  9.99002864e-01  9.55702154e+02]
 [ 9.85708565e-01 -1.63520412e-01  4.04931955e-02 -2.29017009e+02]]

[[ 1.67124017e-01  9.85750048e-01  1.91417295e-02 -2.95998527e+02]
 [-4.61367476e-02 -1.15744391e-02  9.98868076e-01  9.55084941e+02]
 [ 9.84855808e-01 -1.67817983e-01  4.35449344e-02 -2.27960955e+02]]

[[ 1.61656659e-01  9.86555177e-01  2.40001325e-02 -2.95423540e+02]
 [-3.74008298e-02 -1.81776748e-02  9.99135001e-01  9.55711486e+02]
 [ 9.86138075e-01 -1.62414451e-01  3.39594401e-02 -2.29041006e+02]]

[[ 1.64253330e-01  9.86209883e-01  2.02709034e-02 -2.95631935e+02]
 [-4.19528459e-02 -1.35471166e-02  9.99027745e-01  9.56197757e+02]
 [ 9.85525648e-01 -1.64944056e-01  3.91491522e-02 -2.28956691e+02]]

[[ 1.65391937e-01  9.86084176e-01  1.68376010e-02 -2.95756550e+02]
 [-3.65670469e-02 -1.09295324e-02  9.99271433e-01  9.55068360e+02]
 [ 9.85549775e-01 -1.65887140e-01  3.42505298e-02 -2.28731113e+02]]

[[ 1.62297684e-01  9.86541873e-01  1.98644032e-02 -2.95469475e+02]
 [-4.15232278e-02 -1.32851863e-02  9.99049211e-01  9.55375181e+02]
 [ 9.85867782e-01 -1.62968207e-01  3.88082480e-02 -2.28771669e+02]]

[[ 1.63152534e-01  9.86446882e-01  1.74298375e-02 -2.95448882e+02]
 [-3.90979149e-02 -1.11881287e-02  9.99172747e-01  9.56490114e+02]
 [ 9.85825849e-01 -1.63699036e-01  3.67426447e-02 -2.29675185e+02]]

[[ 1.63293382e-01  9.86375976e-01  1.99425602e-02 -2.95517724e+02]
 [-3.87808037e-02 -1.37807640e-02  9.99152711e-01  9.56094425e+02]
 [ 9.85815054e-01 -1.63928413e-01  3.60021456e-02 -2.29257045e+02]]

[[ 1.63072786e-01  9.86352082e-01  2.27340620e-02 -2.95419694e+02]
 [-3.63161193e-02 -1.70259662e-02  9.99195304e-01  9.56978576e+02]
 [ 9.85945438e-01 -1.63767175e-01  3.30440082e-02 -2.29777594e+02]]

[[ 1.63807120e-01  9.86302646e-01  1.93472967e-02 -2.95654993e+02]
 [-3.91778472e-02 -1.30925057e-02  9.99146477e-01  9.54981080e+02]
 [ 9.85714119e-01 -1.64425292e-01  3.64965687e-02 -2.28568218e+02]]

[[ 1.63501260e-01  9.86352246e-01  1.94057707e-02 -2.95637111e+02]
 [-4.42931887e-02 -1.23112825e-02  9.98942714e-01  9.56284275e+02]
 [ 9.85548300e-01 -1.64187936e-01  4.16757760e-02 -2.29089342e+02]]

[[ 1.66837608e-01  9.85908935e-01  1.21977259e-02 -2.95809598e+02]
 [-3.48691601e-02 -6.46364573e-03  9.99370984e-01  9.55742554e+02]
 [ 9.85367624e-01 -1.67157989e-01  3.32994373e-02 -2.29407297e+02]]

[[ 1.64402414e-01  9.86216991e-01  1.86518744e-02 -2.95648775e+02]
 [-4.20894530e-02 -1.18781378e-02  9.99043236e-01  9.56369767e+02]
 [ 9.85494964e-01 -1.65030167e-01  3.95565391e-02 -2.29119114e+02]]

[[ 1.63278076e-01  9.86330502e-01  2.21903240e-02 -2.95508057e+02]
 [-3.81728809e-02 -1.61593466e-02  9.99140484e-01  9.56007342e+02]
 [ 9.85841316e-01 -1.63984805e-01  3.50126097e-02 -2.29064988e+02]]

[[ 1.63569240e-01  9.86267097e-01  2.28542552e-02 -2.95577701e+02]
 [-4.07519660e-02 -1.63915322e-02  9.99034832e-01  9.56079775e+02]
 [ 9.85689800e-01 -1.64342724e-01  3.75111727e-02 -2.28924772e+02]]

[[ 1.64527982e-01  9.86226262e-01  1.69794723e-02 -2.95524598e+02]
 [-3.94706638e-02 -1.06174968e-02  9.99164319e-01  9.56498451e+02]
 [ 9.85582371e-01 -1.65060680e-01  3.71801300e-02 -2.29481792e+02]]

[[ 1.65782468e-01  9.86064648e-01  1.38810636e-02 -2.95898415e+02]
 [-4.06227666e-02 -7.23552904e-03  9.99148356e-01  9.55516494e+02]
 [ 9.85325309e-01 -1.66205168e-01  3.88571502e-02 -2.28895998e+02]]

[[ 1.66811709e-01  9.85935387e-01  1.02599023e-02 -2.95917378e+02]
 [-4.22813401e-02 -3.24326601e-03  9.99100480e-01  9.55619276e+02]
 [ 9.85081795e-01 -1.67095461e-01  4.11456547e-02 -2.28957166e+02]]

[[ 1.63022133e-01  9.86472512e-01  1.71978775e-02 -2.95600428e+02]
 [-3.79321174e-02 -1.11515076e-02  9.99218093e-01  9.55540314e+02]
 [ 9.85892965e-01 -1.63547017e-01  3.56010486e-02 -2.29173651e+02]]

[[ 1.65497585e-01  9.86081474e-01  1.59334858e-02 -2.95701719e+02]
 [-3.73922865e-02 -9.87061753e-03  9.99251914e-01  9.55814248e+02]
 [ 9.85501074e-01 -1.65969569e-01  3.52382776e-02 -2.29264778e+02]]

[[ 1.65955740e-01  9.86084870e-01  9.76323659e-03 -2.95859749e+02]
 [-4.54362972e-02 -2.24393927e-03  9.98964718e-01  9.54773432e+02]
 [ 9.85085903e-01 -1.66227534e-01  4.44316507e-02 -2.28459242e+02]]

[[ 1.64789002e-01  9.86138220e-01  1.93906020e-02 -2.95631588e+02]
 [-3.28852225e-02 -1.41552647e-02  9.99358890e-01  9.56757985e+02]
 [ 9.85780476e-01 -1.65321018e-01  3.00967429e-02 -2.29937743e+02]]

[[ 1.62398792e-01  9.86430744e-01  2.41043320e-02 -2.95431516e+02]
 [-3.95412276e-02 -1.79030987e-02  9.99057541e-01  9.57042843e+02]
 [ 9.85932616e-01 -1.63198853e-01  3.60972409e-02 -2.29581575e+02]]

[[ 1.67720968e-01  9.85771551e-01  1.11412254e-02 -2.96002951e+02]
 [-3.99815440e-02 -4.49035211e-03  9.99190329e-01  9.54806437e+02]
 [ 9.85023428e-01 -1.68030613e-01  3.86595424e-02 -2.28588265e+02]]

[[ 1.61507561e-01  9.86577457e-01  2.40879502e-02 -2.95352630e+02]
 [-4.16119722e-02 -1.75786633e-02  9.98979196e-01  9.56380736e+02]
 [ 9.85993789e-01 -1.62345041e-01  3.82143467e-02 -2.29367784e+02]]

[[ 1.63442021e-01  9.86374081e-01  1.87850728e-02 -2.95500907e+02]
 [-4.44773173e-02 -1.16545472e-02  9.98942411e-01  9.56346249e+02]
 [ 9.85549833e-01 -1.64104676e-01  4.19664302e-02 -2.29066709e+02]]

[[ 1.61447330e-01  9.86617580e-01  2.28147048e-02 -2.95385253e+02]
 [-3.70223366e-02 -1.70467154e-02  9.99169033e-01  9.56988745e+02]
 [ 9.86186649e-01 -1.62157826e-01  3.37747415e-02 -2.29972821e+02]]

[[ 1.66962050e-01  9.85842512e-01  1.54342526e-02 -2.95782918e+02]
 [-3.86444583e-02 -9.09874159e-03  9.99211599e-01  9.55991553e+02]
 [ 9.85205704e-01 -1.67426865e-01  3.65782052e-02 -2.29174145e+02]]

[[ 1.62432586e-01  9.86497229e-01  2.09492809e-02 -2.95537633e+02]
 [-4.37615253e-02 -1.40080033e-02  9.98943795e-01  9.56169905e+02]
 [ 9.85748743e-01 -1.63177796e-01  4.08952672e-02 -2.29015539e+02]]

[[ 1.67393801e-01  9.85714270e-01  1.86196828e-02 -2.96021281e+02]
 [-3.87736617e-02 -1.22893660e-02  9.99172445e-01  9.55616683e+02]
 [ 9.85127362e-01 -1.67977227e-01  3.61625880e-02 -2.28722084e+02]]

[[ 1.66749855e-01  9.85883364e-01  1.51155020e-02 -2.95790005e+02]
 [-3.94321278e-02 -8.64998709e-03  9.99184810e-01  9.56034911e+02]
 [ 9.85210431e-01 -1.67209958e-01  3.74330947e-02 -2.29189885e+02]]

[[ 1.63709878e-01  9.86313114e-01  1.96345934e-02 -2.95532633e+02]
 [-3.99670246e-02 -1.32556101e-02  9.99113070e-01  9.56431649e+02]
 [ 9.85698591e-01 -1.64349415e-01  3.72499262e-02 -2.29339859e+02]]

[[ 1.61517582e-01  9.86535062e-01  2.57029803e-02 -2.95355305e+02]
 [-3.80838538e-02 -1.97946156e-02  9.99078472e-01  9.57648780e+02]
 [ 9.86134722e-01 -1.62347607e-01  3.43738786e-02 -2.30097610e+02]]

[[ 1.61607301e-01  9.86572716e-01  2.36083853e-02 -2.95339675e+02]
 [-3.89008041e-02 -1.75356855e-02  9.99089199e-01  9.57071332e+02]
 [ 9.86088134e-01 -1.62378494e-01  3.55445772e-02 -2.29765590e+02]]

[[ 1.64696755e-01  9.86179161e-01  1.80455226e-02 -2.95708098e+02]
 [-4.21888619e-02 -1.12352274e-02  9.99046480e-01  9.55028959e+02]
 [ 9.85441565e-01 -1.65301034e-01  3.97553709e-02 -2.28514518e+02]]

[[ 1.65814611e-01  9.85978795e-01  1.87438109e-02 -2.95742806e+02]
 [-3.69630974e-02 -1.27796345e-02  9.99234913e-01  9.56116220e+02]
 [ 9.85463974e-01 -1.66380577e-01  3.43257801e-02 -2.29247511e+02]]

[[ 1.67040069e-01  9.85851338e-01  1.39554762e-02 -2.96003639e+02]
 [-4.03967402e-02 -7.29911097e-03  9.99157058e-01  9.54541017e+02]
 [ 9.85122185e-01 -1.67463019e-01  3.86059363e-02 -2.28321351e+02]]

[[ 1.62211736e-01  9.86501781e-01  2.23961992e-02 -2.95297626e+02]
 [-3.99223403e-02 -1.61171136e-02  9.99072793e-01  9.57145120e+02]
 [ 9.85948051e-01 -1.62955441e-01  3.67690748e-02 -2.29833825e+02]]

[[ 1.63949907e-01  9.86269004e-01  1.98464229e-02 -2.95698336e+02]
 [-3.83209075e-02 -1.37358696e-02  9.99171073e-01  9.55603714e+02]
 [ 9.85724067e-01 -1.64574538e-01  3.55427288e-02 -2.28982516e+02]]

[[ 1.66542805e-01  9.85935233e-01  1.39717975e-02 -2.95979288e+02]
 [-4.03888658e-02 -7.33673518e-03  9.99157101e-01  9.54999812e+02]
 [ 9.85206696e-01 -1.66966732e-01  3.85989254e-02 -2.28662917e+02]]

[[ 1.66976319e-01  9.85842302e-01  1.52926323e-02 -2.95769028e+02]
 [-3.74248584e-02 -9.16192331e-03  9.99257444e-01  9.56254830e+02]
 [ 9.85250369e-01 -1.67424655e-01  3.53651843e-02 -2.29407737e+02]]

[[ 1.64082396e-01  9.86316195e-01  1.60415160e-02 -2.95541950e+02]
 [-4.01180593e-02 -9.57623767e-03  9.99149056e-01  9.54962263e+02]
 [ 9.85630513e-01 -1.64586326e-01  3.79977996e-02 -2.28790825e+02]]

[[ 1.59476438e-01  9.86870517e-01  2.55704764e-02 -2.95105486e+02]
 [-4.12985967e-02 -1.92100027e-02  9.98962162e-01  9.56898218e+02]
 [ 9.86337514e-01 -1.60366952e-01  3.76928246e-02 -2.29633512e+02]]

[[ 1.61750328e-01  9.86470012e-01  2.67160509e-02 -2.95415618e+02]
 [-4.31076855e-02 -1.99835718e-02  9.98870554e-01  9.56769441e+02]
 [ 9.85889730e-01 -1.62719307e-01  3.92920897e-02 -2.29100239e+02]]

[[ 1.63445025e-01  9.86374322e-01  1.87461976e-02 -2.95636647e+02]
 [-3.95609472e-02 -1.24334462e-02  9.99139800e-01  9.55567706e+02]
 [ 9.85758923e-01 -1.64046047e-01  3.69897176e-02 -2.29015345e+02]]

[[ 1.64609651e-01  9.86154261e-01  2.00857093e-02 -2.95644089e+02]
 [-3.39689904e-02 -1.46836330e-02  9.99315015e-01  9.56378398e+02]
 [ 9.85773691e-01 -1.65179188e-01  3.10815970e-02 -2.29616618e+02]]

[[ 1.63473361e-01  9.86350753e-01  1.97142886e-02 -2.95585909e+02]
 [-3.77969450e-02 -1.37066399e-02  9.99191433e-01  9.56066267e+02]
 [ 9.85823438e-01 -1.64086321e-01  3.50403746e-02 -2.29399568e+02]]

[[ 1.64546639e-01  9.86217317e-01  1.73149222e-02 -2.95608277e+02]
 [-4.33901005e-02 -1.02999617e-02  9.99005110e-01  9.55437795e+02]
 [ 9.85414483e-01 -1.65134229e-01  4.10972445e-02 -2.28639601e+02]]

[[ 1.67564703e-01  9.85826768e-01  8.22515758e-03 -2.96060145e+02]
 [-4.13688119e-02 -1.30464776e-03  9.99143093e-01  9.54574861e+02]
 [ 9.84992737e-01 -1.67761381e-01  4.05638692e-02 -2.28456959e+02]]

[[ 1.63189845e-01  9.86388382e-01  2.01750764e-02 -2.95735362e+02]
 [-4.20370517e-02 -1.34788574e-02  9.99025128e-01  9.54794756e+02]
 [ 9.85698717e-01 -1.63878857e-01  3.92652467e-02 -2.28394468e+02]]

[[ 1.64756290e-01  9.86126769e-01  2.02326488e-02 -2.95648997e+02]
 [-4.01102966e-02 -1.37974306e-02  9.99099993e-01  9.55780247e+02]
 [ 9.85518406e-01 -1.65419546e-01  3.72806237e-02 -2.28791960e+02]]

[[ 1.66289468e-01  9.85989481e-01  1.31360679e-02 -2.95879164e+02]
 [-3.68382396e-02 -7.10049060e-03  9.99296016e-01  9.54864327e+02]
 [ 9.85388632e-01 -1.66656312e-01  3.51413799e-02 -2.28754828e+02]]

[[ 1.62533922e-01  9.86497768e-01  2.01215700e-02 -2.95375482e+02]
 [-4.64548130e-02 -1.27194755e-02  9.98839409e-01  9.56298914e+02]
 [ 9.85608784e-01 -1.63280030e-01  4.37602231e-02 -2.29104749e+02]]

[[ 1.63021566e-01  9.86369704e-01  2.23333085e-02 -2.95517386e+02]
 [-4.24716382e-02 -1.55992663e-02  9.98975887e-01  9.56136012e+02]
 [ 9.85707933e-01 -1.63803145e-01  3.93497204e-02 -2.29048869e+02]]

[[ 1.65276790e-01  9.86073017e-01  1.85361052e-02 -2.95647015e+02]
 [-3.49832962e-02 -1.29212378e-02  9.99304363e-01  9.56617728e+02]
 [ 9.85626578e-01 -1.65810271e-01  3.23605038e-02 -2.29690576e+02]]

[[ 1.60001815e-01  9.86684538e-01  2.92068771e-02 -2.95282005e+02]
 [-4.77004608e-02 -2.18251167e-02  9.98623217e-01  9.57579815e+02]
 [ 9.85963531e-01 -1.61174709e-01  4.35732488e-02 -2.29260475e+02]]

[[ 1.66669907e-01  9.85892714e-01  1.53850360e-02 -2.95809894e+02]
 [-3.70750405e-02 -9.32606085e-03  9.99268966e-01  9.55459211e+02]
 [ 9.85315474e-01 -1.67118466e-01  3.49976386e-02 -2.28904069e+02]]

[[ 1.63641701e-01  9.86218566e-01  2.43789539e-02 -2.95488323e+02]
 [-3.59940308e-02 -1.87268367e-02  9.99176529e-01  9.57482441e+02]
 [ 9.85862984e-01 -1.64384444e-01  3.24334900e-02 -2.29867622e+02]]

[[ 1.62455509e-01  9.86511028e-01  2.01047025e-02 -2.95555879e+02]
 [-4.09776221e-02 -1.36125301e-02  9.99067332e-01  9.56022386e+02]
 [ 9.85864617e-01 -1.63127834e-01  3.82134456e-02 -2.29243827e+02]]

[[ 1.64300207e-01  9.86188666e-01  2.09130885e-02 -2.95620846e+02]
 [-3.61601681e-02 -1.51653354e-02  9.99230932e-01  9.55957499e+02]
 [ 9.85747373e-01 -1.64930070e-01  3.31690802e-02 -2.29192823e+02]]

[[ 1.66734750e-01  9.85863944e-01  1.64865945e-02 -2.95901609e+02]
 [-3.62161882e-02 -1.05860018e-02  9.99287909e-01  9.55733646e+02]
 [ 9.85336446e-01 -1.67213101e-01  3.39391798e-02 -2.29005051e+02]]

[[ 1.67751970e-01  9.85717951e-01  1.48120571e-02 -2.95857365e+02]
 [-4.17867846e-02 -7.90169367e-03  9.99095305e-01  9.55335374e+02]
 [ 9.84943217e-01 -1.68219153e-01  3.98644590e-02 -2.28716692e+02]]

[[ 1.66028540e-01  9.85946976e-01  1.85225623e-02 -2.95899650e+02]
 [-4.10568435e-02 -1.18556413e-02  9.99086472e-01  9.55397893e+02]
 [ 9.85265883e-01 -1.66637346e-01  3.85114958e-02 -2.28631587e+02]]

[[ 1.65634035e-01  9.85980924e-01  2.01738409e-02 -2.95782927e+02]
 [-3.91182301e-02 -1.38716140e-02  9.99138300e-01  9.55899702e+02]
 [ 9.85411148e-01 -1.66280473e-01  3.62722172e-02 -2.28874928e+02]]

[[ 1.66681049e-01  9.85896770e-01  1.49995459e-02 -2.96112436e+02]
 [-4.30864382e-02 -7.91508178e-03  9.99039994e-01  9.54721322e+02]
 [ 9.85069026e-01 -1.67167312e-01  4.11594861e-02 -2.28014695e+02]]

[[ 1.63390291e-01  9.86222618e-01  2.58565425e-02 -2.95543929e+02]
 [-4.46558482e-02 -1.87887071e-02  9.98825730e-01  9.57083883e+02]
 [ 9.85550338e-01 -1.64353073e-01  4.09707152e-02 -2.28817537e+02]]

[[ 1.66574802e-01  9.85986757e-01  9.10767592e-03 -2.95871914e+02]
 [-4.14883507e-02 -2.22000733e-03  9.99136521e-01  9.54523790e+02]
 [ 9.85155598e-01 -1.66808831e-01  4.05371671e-02 -2.28493358e+02]]

[[ 1.62009566e-01  9.86567976e-01  2.08932753e-02 -2.95680769e+02]
 [-4.48448509e-02 -1.37902027e-02  9.98898778e-01  9.55584928e+02]
 [ 9.85769669e-01 -1.62768113e-01  4.20083491e-02 -2.28926919e+02]]

[[ 1.63389730e-01  9.86332251e-01  2.12717542e-02 -2.95600825e+02]
 [-3.65493638e-02 -1.54949768e-02  9.99211714e-01  9.56074874e+02]
 [ 9.85884344e-01 -1.64038401e-01  3.35180961e-02 -2.29285694e+02]]

[[ 1.65366022e-01  9.86087148e-01  1.69179104e-02 -2.95757753e+02]
 [-4.17241626e-02 -1.01436752e-02  9.99077675e-01  9.55543351e+02]
 [ 9.85349265e-01 -1.65919386e-01  3.94662412e-02 -2.28879389e+02]]

[[ 1.65579961e-01  9.86055984e-01  1.66395202e-02 -2.95871656e+02]
 [-3.65743000e-02 -1.07209523e-02  9.99273427e-01  9.55072675e+02]
 [ 9.85517933e-01 -1.66068234e-01  3.42891325e-02 -2.28770819e+02]]

[[ 1.65615878e-01  9.86149050e-01  9.02393019e-03 -2.95797743e+02]
 [-4.64966656e-02 -1.33202603e-03  9.98917557e-01  9.54645105e+02]
 [ 9.85093620e-01 -1.65856191e-01  4.56320379e-02 -2.28257252e+02]]

[[ 1.62622487e-01  9.86461303e-01  2.11666065e-02 -2.95934736e+02]
 [-4.11498114e-02 -1.46529003e-02  9.99045537e-01  9.55533117e+02]
 [ 9.85829914e-01 -1.63338272e-01  3.82098055e-02 -2.29187463e+02]]

[[ 1.61674788e-01  9.86534231e-01  2.47280189e-02 -2.95284144e+02]
 [-5.06543845e-02 -1.67285351e-02  9.98576131e-01  9.56605452e+02]
 [ 9.85543199e-01 -1.62697167e-01  4.72677019e-02 -2.28557458e+02]]

[[ 1.63287695e-01  9.86321637e-01  2.25112725e-02 -2.95732590e+02]
 [-4.48859275e-02 -1.53667961e-02  9.98873924e-01  9.55675787e+02]
 [ 9.85556889e-01 -1.64114260e-01  4.17627528e-02 -2.28549395e+02]]

[[ 1.64431519e-01  9.86229066e-01  1.77342863e-02 -2.95602134e+02]
 [-4.08674120e-02 -1.11520505e-02  9.99102340e-01  9.55674991e+02]
 [ 9.85541542e-01 -1.65008670e-01  3.84708809e-02 -2.28723771e+02]]

[[ 1.66267329e-01  9.86010415e-01  1.17744304e-02 -2.95955377e+02]
 [-4.28112082e-02 -4.71130860e-03  9.99072071e-01  9.54997407e+02]
 [ 9.85150941e-01 -1.66617123e-01  4.14289605e-02 -2.28724502e+02]]

[[ 1.63085999e-01  9.86436385e-01  1.86068437e-02 -2.95834117e+02]
 [-4.19094085e-02 -1.19159595e-02  9.99050355e-01  9.54709056e+02]
 [ 9.85721339e-01 -1.63710927e-01  3.93976392e-02 -2.28512806e+02]]

[[ 1.63391935e-01  9.86377468e-01  1.90411732e-02 -2.95734377e+02]
 [-4.35729187e-02 -1.20666156e-02  9.98977376e-01  9.55119462e+02]
 [ 9.85598537e-01 -1.64054526e-01  4.10077575e-02 -2.28394608e+02]]

[[ 1.62945525e-01  9.86376090e-01  2.26045346e-02 -2.95526252e+02]
 [-4.02164049e-02 -1.62515867e-02  9.99058820e-01  9.56596799e+02]
 [ 9.85815093e-01 -1.63701237e-01  3.70203769e-02 -2.29399252e+02]]

[[ 1.61096299e-01  9.86640430e-01  2.42620110e-02 -2.95435097e+02]
 [-4.42370905e-02 -1.73398298e-02  9.98870567e-01  9.56403053e+02]
 [ 9.85946785e-01 -1.61987632e-01  4.08527196e-02 -2.28951635e+02]]

[[ 1.65528918e-01  9.86108089e-01  1.38208011e-02 -2.95707985e+02]
 [-3.66359186e-02 -7.85592598e-03  9.99297800e-01  9.56098326e+02]
 [ 9.85524219e-01 -1.65919021e-01  3.48265927e-02 -2.29361480e+02]]

[[ 1.64385626e-01  9.86197898e-01  1.97755313e-02 -2.95887657e+02]
 [-4.15805950e-02 -1.31023169e-02  9.99049240e-01  9.55705779e+02]
 [ 9.85519366e-01 -1.65051613e-01  3.88528628e-02 -2.29038129e+02]]

[[ 1.59620460e-01  9.86810610e-01  2.69467881e-02 -2.95265454e+02]
 [-4.03755048e-02 -2.07479053e-02  9.98969140e-01  9.57728354e+02]
 [ 9.86352436e-01 -1.60543904e-01  3.65311863e-02 -2.29968057e+02]]

[[ 1.65088244e-01  9.86106568e-01  1.84311475e-02 -2.95753903e+02]
 [-4.87519164e-02 -1.05058064e-02  9.98755665e-01  9.54729651e+02]
 [ 9.85073156e-01 -1.65781373e-01  4.63401998e-02 -2.27934199e+02]]

[[ 1.65745934e-01  9.86083436e-01  1.29515683e-02 -2.95846969e+02]
 [-4.28413600e-02 -5.92106980e-03  9.99064342e-01  9.54950545e+02]
 [ 9.85237486e-01 -1.66145715e-01  4.12637623e-02 -2.28458393e+02]]

[[ 1.66039903e-01  9.85996647e-01  1.55358791e-02 -2.95815623e+02]
 [-4.01731989e-02 -8.97807998e-03  9.99152395e-01  9.54728603e+02]
 [ 9.85300393e-01 -1.66523293e-01  3.81199198e-02 -2.28512625e+02]]

[[ 1.63198526e-01  9.86330393e-01  2.27727086e-02 -2.95713732e+02]
 [-4.22969038e-02 -1.60662136e-02  9.98975900e-01  9.55727092e+02]
 [ 9.85686164e-01 -1.63994609e-01  3.90967394e-02 -2.28824408e+02]]

[[ 1.64147486e-01  9.86241138e-01  1.95964485e-02 -2.95822987e+02]
 [-5.08152787e-02 -1.13853081e-02  9.98643171e-01  9.55645378e+02]
 [ 9.85126088e-01 -1.64920565e-01  4.82472485e-02 -2.27933385e+02]]

[[ 1.65682509e-01  9.86117374e-01  1.10376737e-02 -2.95928829e+02]
 [-3.93851501e-02 -4.56696537e-03  9.99213667e-01  9.53764747e+02]
 [ 9.85392367e-01 -1.65986948e-01  3.80817145e-02 -2.28343672e+02]]

[[ 1.67122908e-01  9.85881437e-01  1.03791001e-02 -2.96072374e+02]
 [-4.56452771e-02 -2.77910748e-03  9.98953845e-01  9.54639986e+02]
 [ 9.84878897e-01 -1.67421828e-01  4.45363789e-02 -2.28012012e+02]]

[[ 1.60409028e-01  9.86740944e-01  2.47235407e-02 -2.95424269e+02]
 [-4.58356063e-02 -1.75743075e-02  9.98794394e-01  9.57009299e+02]
 [ 9.85985822e-01 -1.61348857e-01  4.24087919e-02 -2.29877390e+02]]

[[ 1.61218640e-01  9.86689237e-01  2.12814564e-02 -2.95280429e+02]
 [-3.97442341e-02 -1.50551114e-02  9.99096462e-01  9.56612122e+02]
 [ 9.86118120e-01 -1.61918788e-01  3.67880434e-02 -2.29263646e+02]]

[[ 1.62378612e-01  9.86499458e-01  2.12604216e-02 -2.95612239e+02]
 [-5.08954248e-02 -1.31441536e-02  9.98617488e-01  9.55272323e+02]
 [ 9.85415061e-01 -1.63236179e-01  4.80739796e-02 -2.28599157e+02]]

[[ 1.63949426e-01  9.86349919e-01  1.53109000e-02 -2.95616967e+02]
 [-4.42139708e-02 -8.15791838e-03  9.98988775e-01  9.55458430e+02]
 [ 9.85477402e-01 -1.64460592e-01  4.22729605e-02 -2.28569402e+02]]

[[ 1.63129493e-01  9.86408199e-01  1.96884241e-02 -2.95426126e+02]
 [-4.21515181e-02 -1.29693898e-02  9.99027049e-01  9.55065528e+02]
 [ 9.85703819e-01 -1.63800673e-01  3.94629130e-02 -2.28531935e+02]]

[[ 1.63358735e-01  9.86339572e-01  2.11700772e-02 -2.95593865e+02]
 [-3.89716369e-02 -1.49900272e-02  9.99127875e-01  9.56363215e+02]
 [ 9.85796701e-01 -1.64041298e-01  3.59905158e-02 -2.29385424e+02]]

[[ 1.64555366e-01  9.86124882e-01  2.18917280e-02 -2.95657497e+02]
 [-3.64160539e-02 -1.61053732e-02  9.99206930e-01  9.55959765e+02]
 [ 9.85695390e-01 -1.65222072e-01  3.32605513e-02 -2.29066798e+02]]

[[ 1.65484986e-01  9.86009365e-01  2.00062973e-02 -2.96004993e+02]
 [-4.05378125e-02 -1.34680636e-02  9.99087232e-01  9.55722934e+02]
 [ 9.85378813e-01 -1.66144948e-01  3.77419004e-02 -2.29051572e+02]]

[[ 1.64171087e-01  9.86150261e-01  2.35694061e-02 -2.95639321e+02]
 [-4.21674574e-02 -1.68558630e-02  9.98968361e-01  9.56862948e+02]
 [ 9.85530192e-01 -1.64995584e-01  3.88162038e-02 -2.29078580e+02]]

[[ 1.64647170e-01  9.86163456e-01  1.93118435e-02 -2.95663082e+02]
 [-3.69570245e-02 -1.33974208e-02  9.99227045e-01  9.56788037e+02]
 [ 9.85659925e-01 -1.65233613e-01  3.42398196e-02 -2.29726354e+02]]

[[ 1.69187757e-01  9.85524267e-01  1.08361390e-02 -2.96118196e+02]
 [-4.30562518e-02 -3.59344722e-03  9.99066187e-01  9.55242526e+02]
 [ 9.84642911e-01 -1.69496330e-01  4.18250137e-02 -2.28673811e+02]]

[[ 1.65969974e-01  9.85986658e-01  1.68605562e-02 -2.95907650e+02]
 [-3.98832656e-02 -1.03721573e-02  9.99150511e-01  9.55033151e+02]
 [ 9.85323953e-01 -1.66501439e-01  3.76029011e-02 -2.28650272e+02]]

[[ 1.64959289e-01  9.86165552e-01  1.63075927e-02 -2.95655020e+02]
 [-4.06317753e-02 -9.72530944e-03  9.99126857e-01  9.55838842e+02]
 [ 9.85463085e-01 -1.65477862e-01  3.84653770e-02 -2.29189367e+02]]

[[ 1.62546606e-01  9.86401072e-01  2.43213099e-02 -2.95410035e+02]
 [-3.84200789e-02 -1.83031251e-02  9.99094036e-01  9.57677119e+02]
 [ 9.85952584e-01 -1.63333771e-01  3.49224962e-02 -2.29979091e+02]]

[[ 1.64371886e-01  9.86304761e-01  1.35941876e-02 -2.95881295e+02]
 [-4.56434584e-02 -6.16164513e-03  9.98938791e-01  9.54271524e+02]
 [ 9.85341848e-01 -1.64817939e-01  4.40055591e-02 -2.28304718e+02]]

[[ 1.63245593e-01  9.86321845e-01  2.28055934e-02 -2.95507421e+02]
 [-4.13456698e-02 -1.62559291e-02  9.99012653e-01  9.56940489e+02]
 [ 9.85718729e-01 -1.64027326e-01  3.81264285e-02 -2.29364840e+02]]

[[ 1.65025738e-01  9.85882211e-01  2.83332248e-02 -2.95775122e+02]
 [-4.84545225e-02 -2.05883503e-02  9.98613178e-01  9.56259916e+02]
 [ 9.85098302e-01 -1.66169749e-01  4.43728441e-02 -2.28206107e+02]]

[[ 1.67614766e-01  9.85765730e-01  1.30849738e-02 -2.95937227e+02]
 [-4.06977331e-02 -6.34261098e-03  9.99151373e-01  9.55845370e+02]
 [ 9.85012175e-01 -1.68005053e-01  3.90553153e-02 -2.29080960e+02]]

[[ 1.67638756e-01  9.85766925e-01  1.26813854e-02 -2.95962956e+02]
 [-4.54651667e-02 -5.11924413e-03  9.98952808e-01  9.55855257e+02]
 [ 9.84799556e-01 -1.68039767e-01  4.39598738e-02 -2.28686571e+02]]

[[ 1.69313983e-01  9.85549404e-01  5.01479682e-03 -2.96192423e+02]
 [-3.82580848e-02  1.48801149e-03  9.99266784e-01  9.53587929e+02]
 [ 9.84819321e-01 -1.69381696e-01  3.79571738e-02 -2.28215486e+02]]

[[ 1.61488907e-01  9.86596023e-01  2.34439696e-02 -2.95384101e+02]
 [-3.76850013e-02 -1.75735393e-02  9.99135132e-01  9.56191255e+02]
 [ 9.86154741e-01 -1.62232726e-01  3.43419408e-02 -2.29279995e+02]]

[[ 1.62040194e-01  9.86432680e-01  2.63352273e-02 -2.95454074e+02]
 [-4.10351756e-02 -1.99288439e-02  9.98958936e-01  9.57100481e+02]
 [ 9.85930571e-01 -1.62952170e-01  3.72491645e-02 -2.29526145e+02]]

[[ 1.62973789e-01  9.86422124e-01  2.02716109e-02 -2.95562149e+02]
 [-3.90957225e-02 -1.40736152e-02  9.99136356e-01  9.56885081e+02]
 [ 9.85855501e-01 -1.63625571e-01  3.62712552e-02 -2.29744234e+02]]

[[ 1.67725237e-01  9.85773580e-01  1.08946207e-02 -2.96012988e+02]
 [-3.80425708e-02 -4.57094944e-03  9.99265665e-01  9.54704968e+02]
 [ 9.85099491e-01 -1.68016530e-01  3.67346977e-02 -2.28681779e+02]]

[[ 1.63966577e-01  9.86272373e-01  1.95389072e-02 -2.95608215e+02]
 [-3.77513877e-02 -1.35188077e-02  9.99195714e-01  9.55981949e+02]
 [ 9.85743270e-01 -1.64572322e-01  3.50165181e-02 -2.29185785e+02]]

[[ 1.65859436e-01  9.85974104e-01  1.85933924e-02 -2.95838493e+02]
 [-3.80194111e-02 -1.24472132e-02  9.99199475e-01  9.55802487e+02]
 [ 9.85416243e-01 -1.66433572e-01  3.54216670e-02 -2.29016052e+02]]

[[ 1.68805008e-01  9.85592004e-01  1.06428410e-02 -2.95956574e+02]
 [-3.92508190e-02 -4.06741991e-03  9.99221111e-01  9.56139993e+02]
 [ 9.84867627e-01 -1.69091268e-01  3.79986925e-02 -2.29290738e+02]]

[[ 1.62766299e-01  9.86418634e-01  2.20320230e-02 -2.95430429e+02]
 [-3.72968009e-02 -1.61626627e-02  9.99173517e-01  9.56893673e+02]
 [ 9.85959472e-01 -1.63453500e-01  3.41595226e-02 -2.29767572e+02]]

[[ 1.66544334e-01  9.85873061e-01  1.78126770e-02 -2.95790022e+02]
 [-3.41029519e-02 -1.22950060e-02  9.99342695e-01  9.56011132e+02]
 [ 9.85444049e-01 -1.67042329e-01  3.15735180e-02 -2.29287955e+02]]

[[ 1.64562934e-01  9.86187153e-01  1.88132917e-02 -2.95604253e+02]
 [-3.51965033e-02 -1.31901512e-02  9.99293363e-01  9.55783526e+02]
 [ 9.85738427e-01 -1.65108810e-01  3.25397294e-02 -2.29421973e+02]]

[[ 1.61718399e-01  9.86609132e-01  2.12033015e-02 -2.95480555e+02]
 [-4.19253108e-02 -1.45977800e-02  9.99014101e-01  9.55910821e+02]
 [ 9.85945956e-01 -1.62447915e-01  3.90031649e-02 -2.29110884e+02]]

[[ 1.65785307e-01  9.86027730e-01  1.62648941e-02 -2.95931739e+02]
 [-3.97132772e-02 -9.80439240e-03  9.99163014e-01  9.54482170e+02]
 [ 9.85361907e-01 -1.66292480e-01  3.75329683e-02 -2.28049300e+02]]

[[ 1.65948376e-01  9.86011012e-01  1.56019190e-02 -2.95944104e+02]
 [-4.00522563e-02 -9.06901716e-03  9.99156429e-01  9.54934725e+02]
 [ 9.85320736e-01 -1.66433279e-01  3.79869771e-02 -2.28603497e+02]]

[[ 1.65151320e-01  9.86039639e-01  2.12337324e-02 -2.95713233e+02]
 [-3.23724984e-02 -1.60982264e-02  9.99346221e-01  9.56747729e+02]
 [ 9.85736812e-01 -1.65730736e-01  2.92619233e-02 -2.29730124e+02]]

[[ 1.66292712e-01  9.85960422e-01  1.51254666e-02 -2.95927817e+02]
 [-3.74439300e-02 -9.01414677e-03  9.99258073e-01  9.55455124e+02]
 [ 9.85365255e-01 -1.66735692e-01  3.54192461e-02 -2.29002835e+02]]

[[ 1.65025384e-01  9.86117805e-01  1.83928628e-02 -2.95680761e+02]
 [-3.74260740e-02 -1.23740949e-02  9.99222783e-01  9.56899960e+02]
 [ 9.85578973e-01 -1.65585496e-01  3.48644782e-02 -2.29785957e+02]]

[[ 1.65204999e-01  9.86183744e-01  1.22037446e-02 -2.95812613e+02]
 [-3.70596718e-02 -6.15776392e-03  9.99294082e-01  9.54500335e+02]
 [ 9.85562727e-01 -1.65540645e-01  3.55303525e-02 -2.28772902e+02]]

[[ 1.63577721e-01  9.86338394e-01  1.94654219e-02 -2.95523237e+02]
 [-3.93138417e-02 -1.31981155e-02  9.99139746e-01  9.56364208e+02]
 [ 9.85746799e-01 -1.64202263e-01  3.66178338e-02 -2.29470696e+02]]

[[ 1.66016183e-01  9.86011075e-01  1.48588731e-02 -2.95764786e+02]
 [-3.73948385e-02 -8.76233683e-03  9.99262152e-01  9.55720733e+02]
 [ 9.85413747e-01 -1.66449333e-01  3.54170352e-02 -2.29113076e+02]]

[[ 1.66899247e-01  9.85777418e-01  1.96856141e-02 -2.95843016e+02]
 [-3.76019668e-02 -1.35873816e-02  9.99200418e-01  9.56193589e+02]
 [ 9.85256684e-01 -1.67506015e-01  3.47994460e-02 -2.29101979e+02]]

[[ 1.59348886e-01  9.86997131e-01  2.10854441e-02 -2.95379539e+02]
 [-4.37053370e-02 -1.42844853e-02  9.98942339e-01  9.55195198e+02]
 [ 9.86254418e-01 -1.60101895e-01  4.08608254e-02 -2.29288068e+02]]

[[ 1.65211900e-01  9.86125345e-01  1.61812422e-02 -2.95689677e+02]
 [-4.21154468e-02 -9.33776458e-03  9.99069114e-01  9.55915894e+02]
 [ 9.85358471e-01 -1.65739587e-01  3.99883996e-02 -2.29401512e+02]]

[[ 1.60513925e-01  9.86635160e-01  2.80417628e-02 -2.95542249e+02]
 [-5.14889284e-02 -2.00015778e-02  9.98473248e-01  9.55962277e+02]
 [ 9.85689693e-01 -1.61712700e-01  4.75902554e-02 -2.29220701e+02]]

[[ 1.62380980e-01  9.86415298e-01  2.48450549e-02 -2.95731235e+02]
 [-5.17651744e-02 -1.66285187e-02  9.98520836e-01  9.54572100e+02]
 [ 9.85369364e-01 -1.63426901e-01  4.83618048e-02 -2.28292465e+02]]

[[ 1.62807793e-01  9.86437744e-01  2.08374738e-02 -2.95267522e+02]
 [-3.65777116e-02 -1.50704140e-02  9.99217170e-01  9.57324794e+02]
 [ 9.85979560e-01 -1.63442529e-01  3.36280545e-02 -2.30621149e+02]]

[[ 1.62842863e-01  9.86455135e-01  1.97096089e-02 -2.95551070e+02]
 [-4.37230431e-02 -1.27417587e-02  9.98962433e-01  9.56215954e+02]
 [ 9.85682757e-01 -1.63535667e-01  4.10559159e-02 -2.28848666e+02]]

[[ 1.60751152e-01  9.86632726e-01  2.67381904e-02 -2.95447011e+02]
 [-4.64566988e-02 -1.94968857e-02  9.98730017e-01  9.56793752e+02]
 [ 9.85901031e-01 -1.61789169e-01  4.27015525e-02 -2.28550300e+02]]

[[ 1.60664319e-01  9.86665259e-01  2.60507913e-02 -2.95457661e+02]
 [-4.63315121e-02 -1.88254054e-02  9.98748715e-01  9.55789054e+02]
 [ 9.85921076e-01 -1.61670254e-01  4.26891225e-02 -2.28195089e+02]]

[[ 1.63667286e-01  9.86100334e-01  2.86208012e-02 -2.95817518e+02]
 [-4.98740937e-02 -2.07040624e-02  9.98540894e-01  9.56229984e+02]
 [ 9.85254076e-01 -1.64855914e-01  4.57922828e-02 -2.27488538e+02]]

[[ 1.57945539e-01  9.85788320e-01 -5.72240735e-02 -2.94560876e+02]
 [ 2.34783001e-02  5.41859872e-02  9.98254801e-01  9.41282027e+02]
 [ 9.87168666e-01 -1.59013417e-01 -1.45861991e-02 -2.29121223e+02]]

[[ 1.63488027e-01  9.86350679e-01  1.95959724e-02 -2.95682000e+02]
 [-5.02076282e-02 -1.15188345e-02  9.98672374e-01  9.56280171e+02]
 [ 9.85266897e-01 -1.64254843e-01  4.76391366e-02 -2.28253611e+02]]

[[ 1.61517890e-01  9.86528092e-01  2.59672069e-02 -2.95522474e+02]
 [-5.09770235e-02 -1.79372090e-02  9.98538732e-01  9.56293670e+02]
 [ 9.85552289e-01 -1.62605600e-01  4.73930855e-02 -2.28016058e+02]]

[[ 1.66699548e-01  9.85897407e-01  1.47500087e-02 -2.95903529e+02]
 [-3.85309781e-02 -8.43438035e-03  9.99221810e-01  9.55670538e+02]
 [ 9.85254599e-01 -1.67138156e-01  3.65815840e-02 -2.29072054e+02]]

[[ 1.63532870e-01  9.86283749e-01  2.23912067e-02 -2.95743573e+02]
 [-4.23984843e-02 -1.56494333e-02  9.98978210e-01  9.55799293e+02]
 [ 9.85626384e-01 -1.64315127e-01  3.92577394e-02 -2.29229454e+02]]

[[ 1.61855509e-01  9.86527930e-01  2.37789324e-02 -2.95575253e+02]
 [-4.32628517e-02 -1.69796578e-02  9.98919425e-01  9.55501501e+02]
 [ 9.85865670e-01 -1.62709357e-01  3.99317604e-02 -2.28709231e+02]]

[[ 1.61489018e-01  9.86561225e-01  2.48645713e-02 -2.95732475e+02]
 [-4.85281144e-02 -1.72263256e-02  9.98673258e-01  9.55596373e+02]
 [ 9.85680638e-01 -1.62481394e-01  4.50940936e-02 -2.28964581e+02]]

[[ 1.63523238e-01  9.86381559e-01  1.76513688e-02 -2.95504144e+02]
 [-4.49606214e-02 -1.04223896e-02  9.98934390e-01  9.56036445e+02]
 [ 9.85514431e-01 -1.64142602e-01  4.26440249e-02 -2.28904016e+02]]

[[ 1.59818458e-01  9.86806625e-01  2.58987572e-02 -2.95155788e+02]
 [-4.06320361e-02 -1.96377093e-02  9.98981180e-01  9.57592349e+02]
 [ 9.86309839e-01 -1.60707951e-01  3.69574940e-02 -2.30053617e+02]]

[[ 1.66589818e-01  9.85883398e-01  1.67856748e-02 -2.95782731e+02]
 [-3.83244794e-02 -1.05366848e-02  9.99209794e-01  9.55834156e+02]
 [ 9.85281212e-01 -1.67101480e-01  3.60281636e-02 -2.29147544e+02]]

[[ 1.66022321e-01  9.86075537e-01  9.57208770e-03 -2.95692934e+02]
 [-3.92252529e-02 -3.09551086e-03  9.99225599e-01  9.55111736e+02]
 [ 9.85341549e-01 -1.66269221e-01  3.81651384e-02 -2.29109830e+02]]

[[ 1.63030963e-01  9.86302728e-01  2.50565995e-02 -2.95695327e+02]
 [-4.80762503e-02 -1.74245689e-02  9.98691673e-01  9.54813428e+02]
 [ 9.85448923e-01 -1.64022293e-01  4.45769925e-02 -2.28715375e+02]]

[[ 1.66944279e-01  9.85852793e-01  1.49625667e-02 -2.95964493e+02]
 [-3.72760158e-02 -8.85382024e-03  9.99265785e-01  9.55390466e+02]
 [ 9.85261441e-01 -1.67379451e-01  3.52705697e-02 -2.28861240e+02]]

[[ 1.64970774e-01  9.86080791e-01  2.07199519e-02 -2.95999511e+02]
 [-5.25272636e-02 -1.21940736e-02  9.98545037e-01  9.54776495e+02]
 [ 9.84898741e-01 -1.65819110e-01  4.97844599e-02 -2.28136167e+02]]

[[ 1.62466222e-01  9.86248284e-01  3.03158091e-02 -2.95687072e+02]
 [-4.69425125e-02 -2.29636020e-02  9.98633603e-01  9.56444826e+02]
 [ 9.85596838e-01 -1.63667329e-01  4.25661628e-02 -2.27899374e+02]]

[[ 1.58090832e-01  9.87136262e-01  2.38597576e-02 -2.95282995e+02]
 [-4.60772397e-02 -1.67622965e-02  9.98797233e-01  9.56384986e+02]
 [ 9.86348912e-01 -1.59000078e-01  4.28345488e-02 -2.28565367e+02]]

[[ 1.62836978e-01  9.86454791e-01  1.97753382e-02 -2.95601090e+02]
 [-4.71992460e-02 -1.22317160e-02  9.98810601e-01  9.56467556e+02]
 [ 9.85523389e-01 -1.63576681e-01  4.45681467e-02 -2.28729313e+02]]

[[ 1.61486123e-01  9.86646271e-01  2.12454145e-02 -2.95231822e+02]
 [-3.77335032e-02 -1.53391811e-02  9.99170102e-01  9.57239044e+02]
 [ 9.86153342e-01 -1.62153770e-01  3.47525554e-02 -2.30108752e+02]]

[[ 1.66166567e-01  9.86006786e-01  1.33899349e-02 -2.95999554e+02]
 [-3.54218919e-02 -7.60158126e-03  9.99343537e-01  9.54199097e+02]
 [ 9.85461294e-01 -1.66531782e-01  3.36630971e-02 -2.28719924e+02]]

[[ 1.63814616e-01  9.86010019e-01  3.08060604e-02 -2.95571816e+02]
 [-4.58016084e-02 -2.35922297e-02  9.98671928e-01  9.57743817e+02]
 [ 9.85427310e-01 -1.65008025e-01  4.12960928e-02 -2.29820329e+02]]

[[ 1.62856131e-01  9.86448927e-01  1.99096513e-02 -2.95536566e+02]
 [-4.03827155e-02 -1.34979341e-02  9.99093110e-01  9.56230014e+02]
 [ 9.85823066e-01 -1.63512444e-01  3.76372650e-02 -2.29631535e+02]]

[[ 1.64401124e-01  9.86247253e-01  1.69890064e-02 -2.96007182e+02]
 [-4.95521143e-02 -8.94403753e-03  9.98731492e-01  9.53733482e+02]
 [ 9.85148140e-01 -1.65034421e-01  4.74002268e-02 -2.27667871e+02]]

[[ 1.65119288e-01  9.86200079e-01  1.20425927e-02 -2.95923656e+02]
 [-4.25975713e-02 -5.06776101e-03  9.99079459e-01  9.54310162e+02]
 [ 9.85353270e-01 -1.65480275e-01  4.11729431e-02 -2.28504832e+02]]

[[ 1.64767261e-01  9.86194415e-01  1.65022870e-02 -2.95680518e+02]
 [-3.94958070e-02 -1.01206709e-02  9.99168481e-01  9.56106096e+02]
 [ 9.85541390e-01 -1.65282025e-01  3.72829890e-02 -2.29346593e+02]]

[[ 1.63381162e-01  9.86408102e-01  1.74828974e-02 -2.95611530e+02]
 [-4.19444325e-02 -1.07598147e-02  9.99062006e-01  9.56606259e+02]
 [ 9.85670970e-01 -1.63961222e-01  3.96163771e-02 -2.29356757e+02]]

[[ 1.66024758e-01  9.85981190e-01  1.66394992e-02 -2.95750058e+02]
 [-3.53631715e-02 -1.09098823e-02  9.99314976e-01  9.55736307e+02]
 [ 9.85487304e-01 -1.66499452e-01  3.30561113e-02 -2.29190874e+02]]

[[ 1.65779184e-01  9.86069018e-01  1.36071305e-02 -2.95988431e+02]
 [-3.96493113e-02 -7.12227505e-03  9.99188273e-01  9.54456789e+02]
 [ 9.85365513e-01 -1.66184130e-01  3.79162325e-02 -2.28456961e+02]]

[[ 1.64892450e-01  9.86165360e-01  1.69812553e-02 -2.96007297e+02]
 [-4.67637713e-02 -9.38071544e-03  9.98861928e-01  9.53930715e+02]
 [ 9.85202329e-01 -1.65498898e-01  4.45700021e-02 -2.27857338e+02]]

[[ 1.66928244e-01  9.85901676e-01  1.15258741e-02 -2.96094708e+02]
 [-4.19219885e-02 -4.58225870e-03  9.99110379e-01  9.54284825e+02]
 [ 9.85077412e-01 -1.67262928e-01  4.05660503e-02 -2.28554858e+02]]

[[ 1.66872065e-01  9.85879979e-01  1.39420577e-02 -2.95882769e+02]
 [-3.58851201e-02 -8.05818256e-03  9.99323433e-01  9.55096723e+02]
 [ 9.85325313e-01 -1.67259478e-01  3.40337359e-02 -2.29014322e+02]]

[[ 1.67979904e-01  9.85694842e-01  1.37269881e-02 -2.96060002e+02]
 [-4.32211625e-02 -6.54723871e-03  9.99044075e-01  9.54861485e+02]
 [ 9.84842466e-01 -1.68412624e-01  4.15030724e-02 -2.28346512e+02]]

[[ 1.66163560e-01  9.85959464e-01  1.65410840e-02 -2.95997531e+02]
 [-3.45735567e-02 -1.09389279e-02  9.99342288e-01  9.55580760e+02]
 [ 9.85491928e-01 -1.66626157e-01  3.22704742e-02 -2.29135880e+02]]

[[ 1.63944255e-01  9.86302445e-01  1.81595284e-02 -2.95708995e+02]
 [-4.18291966e-02 -1.14415093e-02  9.99059263e-01  9.55511037e+02]
 [ 9.85582366e-01 -1.64549625e-01  3.93804691e-02 -2.28803099e+02]]

[[ 1.67009505e-01  9.85880895e-01  1.21114360e-02 -2.95788197e+02]
 [-3.71484580e-02 -5.98319102e-03  9.99291846e-01  9.56106452e+02]
 [ 9.85255204e-01 -1.67341157e-01  3.56247052e-02 -2.29622763e+02]]

[[ 1.62955830e-01  9.86456618e-01  1.86745257e-02 -2.95676500e+02]
 [-3.93986273e-02 -1.24063762e-02  9.99146551e-01  9.55355189e+02]
 [ 9.85846411e-01 -1.63552506e-01  3.68433453e-02 -2.29085991e+02]]

[[ 1.63208434e-01  9.86346914e-01  2.19720870e-02 -2.95695074e+02]
 [-4.07376651e-02 -1.55142883e-02  9.99049423e-01  9.56625327e+02]
 [ 9.85750196e-01 -1.63948383e-01  3.76494076e-02 -2.29500479e+02]]

[[ 1.63986684e-01  9.86213775e-01  2.21530485e-02 -2.95683352e+02]
 [-3.61380108e-02 -1.64360221e-02  9.99211640e-01  9.56646071e+02]
 [ 9.85800391e-01 -1.64657970e-01  3.29445153e-02 -2.29620062e+02]]

[[ 1.62974280e-01  9.86487184e-01  1.68053832e-02 -2.95473813e+02]
 [-4.19678088e-02 -1.00863429e-02  9.99068050e-01  9.56405216e+02]
 [ 9.85737332e-01 -1.63527681e-01  3.97568910e-02 -2.29431779e+02]]

[[ 1.65695397e-01  9.86043141e-01  1.62468237e-02 -2.95724016e+02]
 [-3.82025375e-02 -1.00443465e-02  9.99219534e-01  9.56346533e+02]
 [ 9.85436757e-01 -1.66186747e-01  3.60050481e-02 -2.29535104e+02]]

[[ 1.64777045e-01  9.86208022e-01  1.55647927e-02 -2.95784391e+02]
 [-4.19282579e-02 -8.76254568e-03  9.99082198e-01  9.55755273e+02]
 [ 9.85439266e-01 -1.65278417e-01  3.99061179e-02 -2.29200429e+02]]

[[ 1.66645734e-01  9.85871130e-01  1.69503179e-02 -2.95880981e+02]
 [-3.99196333e-02 -1.04308229e-02  9.99148448e-01  9.55632303e+02]
 [ 9.85208416e-01 -1.67180477e-01  3.76173619e-02 -2.28846933e+02]]

[[ 1.65176225e-01  9.86058875e-01  2.01173864e-02 -2.95903410e+02]
 [-4.16880053e-02 -1.33990205e-02  9.99040828e-01  9.55414598e+02]
 [ 9.85382629e-01 -1.65856447e-01  3.88936280e-02 -2.28586686e+02]]

[[ 1.68721654e-01  9.85618716e-01  9.42072421e-03 -2.96098256e+02]
 [-4.04136130e-02 -2.63219792e-03  9.99179569e-01  9.55198931e+02]
 [ 9.84834881e-01 -1.68963955e-01  3.93883045e-02 -2.28840344e+02]]

[[ 1.64825048e-01  9.86187754e-01  1.63223217e-02 -2.95871082e+02]
 [-4.33969808e-02 -9.28153013e-03  9.99014792e-01  9.55188742e+02]
 [ 9.85367650e-01 -1.65371001e-01  4.12677424e-02 -2.28516117e+02]]

[[ 1.63797214e-01  9.86239316e-01  2.24161642e-02 -2.95601715e+02]
 [-3.56060044e-02 -1.67977700e-02  9.99224723e-01  9.56940075e+02]
 [ 9.85851249e-01 -1.64468376e-01  3.23646135e-02 -2.29794501e+02]]

[[ 1.66142990e-01  9.85966609e-01  1.63202905e-02 -2.95975819e+02]
 [-3.84521253e-02 -1.00600194e-02  9.99209803e-01  9.55009550e+02]
 [ 9.85351684e-01 -1.66639254e-01  3.62411099e-02 -2.28682118e+02]]

[[ 1.62649029e-01  9.86411194e-01  2.32002139e-02 -2.95567513e+02]
 [-4.19995759e-02 -1.65705381e-02  9.98980206e-01  9.56247547e+02]
 [ 9.85789698e-01 -1.63457559e-01  3.87336699e-02 -2.29187791e+02]]

[[ 1.65841823e-01  9.86048597e-01  1.43057389e-02 -2.96012759e+02]
 [-4.18609741e-02 -7.45450183e-03  9.99095636e-01  9.54209690e+02]
 [ 9.85263492e-01 -1.66290693e-01  4.00406866e-02 -2.28135785e+02]]

[[ 1.63769155e-01  9.86338328e-01  1.77866890e-02 -2.95526990e+02]
 [-3.90329851e-02 -1.15371675e-02  9.99171317e-01  9.56154957e+02]
 [ 9.85726174e-01 -1.64327710e-01  3.66102971e-02 -2.29418297e+02]]

[[ 1.65782677e-01  9.86034733e-01  1.58622274e-02 -2.95806775e+02]
 [-3.77525395e-02 -9.72729574e-03  9.99239774e-01  9.55995595e+02]
 [ 9.85439420e-01 -1.66255484e-01  3.56126981e-02 -2.29347466e+02]]

[[ 1.64248418e-01  9.86235481e-01  1.90271660e-02 -2.95744087e+02]
 [-3.74595670e-02 -1.30389939e-02  9.99213073e-01  9.55966420e+02]
 [ 9.85707481e-01 -1.64831916e-01  3.48023200e-02 -2.29228001e+02]]

[[ 1.63941309e-01  9.86313627e-01  1.75691946e-02 -2.95782588e+02]
 [-4.22248781e-02 -1.07776085e-02  9.99050000e-01  9.55104839e+02]
 [ 9.85565983e-01 -1.64527421e-01  3.98800774e-02 -2.28680347e+02]]

[[ 1.65986842e-01  9.86060272e-01  1.15545482e-02 -2.95851033e+02]
 [-3.80241238e-02 -5.30852440e-03  9.99262721e-01  9.55072390e+02]
 [ 9.85394608e-01 -1.66303815e-01  3.66129327e-02 -2.29058318e+02]]

[[ 1.68670843e-01  9.85596373e-01  1.22448828e-02 -2.96067603e+02]
 [-4.25755480e-02 -5.12620109e-03  9.99080099e-01  9.54595006e+02]
 [ 9.84752492e-01 -1.69037015e-01  4.10976650e-02 -2.28237865e+02]]

[[ 1.65070441e-01  9.86127682e-01  1.74339828e-02 -2.95714020e+02]
 [-3.67610863e-02 -1.15125801e-02  9.99257766e-01  9.55274112e+02]
 [ 9.85596455e-01 -1.65588812e-01  3.43507382e-02 -2.28883573e+02]]

[[ 1.63928931e-01  9.86302862e-01  1.82748580e-02 -2.95684753e+02]
 [-4.21723290e-02 -1.15016650e-02  9.99044146e-01  9.56154298e+02]
 [ 9.85570292e-01 -1.64542932e-01  3.97092331e-02 -2.29324110e+02]]

[[ 1.66264933e-01  9.85952343e-01  1.59358134e-02 -2.95916057e+02]
 [-4.03808756e-02 -9.33939292e-03  9.99140711e-01  9.54694252e+02]
 [ 9.85253956e-01 -1.66765566e-01  3.82608053e-02 -2.28410555e+02]]

[[ 1.65340199e-01  9.86082016e-01  1.74606912e-02 -2.95779791e+02]
 [-3.97946048e-02 -1.10195209e-02  9.99147116e-01  9.55782872e+02]
 [ 9.85433411e-01 -1.65894024e-01  3.74187744e-02 -2.28979943e+02]]

[[ 1.64661461e-01  9.86188095e-01  1.78786303e-02 -2.95810840e+02]
 [-3.81091583e-02 -1.17516100e-02  9.99204479e-01  9.55719554e+02]
 [ 9.85613664e-01 -1.65211809e-01  3.56477609e-02 -2.29126120e+02]]

[[ 1.65360720e-01  9.86129732e-01  1.42822664e-02 -2.95939245e+02]
 [-3.60197602e-02 -8.43320746e-03  9.99315495e-01  9.54157352e+02]
 [ 9.85575167e-01 -1.65761973e-01  3.41256352e-02 -2.28554630e+02]]

[[ 1.64062769e-01  9.86282732e-01  1.81598697e-02 -2.95766658e+02]
 [-4.23379840e-02 -1.13520475e-02  9.99038851e-01  9.54756922e+02]
 [ 9.85540919e-01 -1.64673933e-01  3.98947742e-02 -2.28417042e+02]]

[[ 1.66916540e-01  9.85919964e-01  1.00345598e-02 -2.95986451e+02]
 [-4.28630045e-02 -2.91174820e-03  9.99076716e-01  9.54479086e+02]
 [ 9.85038898e-01 -1.67192540e-01  4.17734729e-02 -2.28463996e+02]]

[[ 1.67363933e-01  9.85823400e-01  1.18969607e-02 -2.95974749e+02]
 [-4.14152221e-02 -5.02644642e-03  9.99129378e-01  9.55629614e+02]
 [ 9.85024920e-01 -1.67710937e-01  3.99868492e-02 -2.28999578e+02]]

[[ 1.64608205e-01  9.86229757e-01  1.59689062e-02 -2.95656804e+02]
 [-4.08741408e-02 -9.35546974e-03  9.99120503e-01  9.55937501e+02]
 [ 9.85511767e-01 -1.65116148e-01  3.87713068e-02 -2.29223823e+02]]

[[ 1.64061925e-01  9.86218606e-01  2.13669354e-02 -2.95690817e+02]
 [-4.60911018e-02 -1.39729105e-02  9.98839511e-01  9.55692141e+02]
 [ 9.85372668e-01 -1.64856359e-01  4.31634796e-02 -2.28582128e+02]]

[[ 1.68740694e-01  9.85585134e-01  1.21869652e-02 -2.96184798e+02]
 [-3.74022996e-02 -5.95273979e-03  9.99282559e-01  9.54393960e+02]
 [ 9.84950581e-01 -1.69075453e-01  3.58586810e-02 -2.28319416e+02]]

[[ 1.64176472e-01  9.86185323e-01  2.20134905e-02 -2.95811782e+02]
 [-4.20299259e-02 -1.53025331e-02  9.98999158e-01  9.56408699e+02]
 [ 9.85535170e-01 -1.64937383e-01  3.89369802e-02 -2.29075574e+02]]

[[ 1.65490997e-01  9.86049144e-01  1.78833862e-02 -2.95778325e+02]
 [-3.86679570e-02 -1.16318766e-02  9.99184412e-01  9.56030471e+02]
 [ 9.85452951e-01 -1.66047539e-01  3.62035351e-02 -2.29314444e+02]]

[[ 1.65232334e-01  9.86071892e-01  1.89868269e-02 -2.95782714e+02]
 [-3.67420390e-02 -1.30836379e-02  9.99239131e-01  9.56163694e+02]
 [ 9.85570037e-01 -1.65804229e-01  3.40684519e-02 -2.29408026e+02]]

[[ 1.65311206e-01  9.86143593e-01  1.38931223e-02 -2.95795523e+02]
 [-3.72326750e-02 -7.83667194e-03  9.99275895e-01  9.55512228e+02]
 [ 9.85538398e-01 -1.65708781e-01  3.54212742e-02 -2.29174946e+02]]

[[ 1.64521508e-01  9.86240351e-01  1.62063049e-02 -2.95669119e+02]
 [-4.16309240e-02 -9.47268564e-03  9.99088151e-01  9.56605249e+02]
 [ 9.85494566e-01 -1.65046173e-01  3.94996366e-02 -2.29334614e+02]]

[[ 1.62478028e-01  9.86479027e-01  2.14480510e-02 -2.95428399e+02]
 [-4.19032418e-02 -1.48188648e-02  9.99011771e-01  9.57000954e+02]
 [ 9.85821996e-01 -1.63216205e-01  3.89289293e-02 -2.29667073e+02]]

[[ 1.68190034e-01  9.85684808e-01  1.17290802e-02 -2.96038782e+02]
 [-3.74392754e-02 -5.50253617e-03  9.99283755e-01  9.55581888e+02]
 [ 9.85043356e-01 -1.68508697e-01  3.59778533e-02 -2.29197381e+02]]

[[ 1.64223956e-01  9.86309663e-01  1.49579687e-02 -2.95854868e+02]
 [-4.20500750e-02 -8.15019036e-03  9.99082262e-01  9.54027362e+02]
 [ 9.85526399e-01 -1.64702225e-01  4.01359389e-02 -2.28424441e+02]]

[[ 1.62957713e-01  9.86400605e-01  2.14156452e-02 -2.95459067e+02]
 [-3.58365704e-02 -1.57738928e-02  9.99233168e-01  9.56085527e+02]
 [ 9.85982010e-01 -1.63600215e-01  3.27787372e-02 -2.29205328e+02]]

[[ 1.65603454e-01  9.85987768e-01  2.00902163e-02 -2.95843479e+02]
 [-3.62794593e-02 -1.42668511e-02  9.99239840e-01  9.55256243e+02]
 [ 9.85524884e-01 -1.66206431e-01  3.34084633e-02 -2.28818915e+02]]

[[ 1.63960795e-01  9.86301806e-01  1.80445041e-02 -2.95786451e+02]
 [-5.40505063e-02 -9.28233543e-03  9.98495058e-01  9.55245785e+02]
 [ 9.84984975e-01 -1.64689358e-01  5.17881729e-02 -2.27904021e+02]]

[[ 1.63617840e-01  9.86341174e-01  1.89813295e-02 -2.95557202e+02]
 [-4.28948947e-02 -1.21094973e-02  9.99006200e-01  9.56227323e+02]
 [ 9.85590803e-01 -1.64269439e-01  4.03276710e-02 -2.29032241e+02]]

[[ 1.64129750e-01  9.86272850e-01  1.80911531e-02 -2.95906629e+02]
 [-4.45412329e-02 -1.09113609e-02  9.98947957e-01  9.54799890e+02]
 [ 9.85432648e-01 -1.64762880e-01  4.21389298e-02 -2.28328354e+02]]

[[ 1.64633834e-01  9.86259925e-01  1.36770482e-02 -2.94934486e+02]
 [-2.92705463e-02 -8.97503222e-03  9.99531232e-01  9.42900998e+02]
 [ 9.85920350e-01 -1.64956993e-01  2.73907728e-02 -2.37676557e+02]]

[[ 1.55016219e-01  9.87337525e-01  3.36835700e-02 -2.90808921e+02]
 [-2.24977925e-02 -3.05587358e-02  9.99279747e-01  9.38172368e+02]
 [ 9.87655720e-01 -1.55662374e-01  1.74758151e-02 -2.43106752e+02]]

[[ 1.55179711e-01  9.86767480e-01  4.70021102e-02 -2.87989459e+02]
 [-2.00599807e-02 -4.44211487e-02  9.98811473e-01  9.49003830e+02]
 [ 9.87682568e-01 -1.55938137e-01  1.29012756e-02 -2.37057978e+02]]

[[ 1.55429716e-01  9.87093177e-01  3.85831984e-02 -2.87608096e+02]
 [-4.42723473e-02 -3.20580458e-02  9.98505003e-01  9.59815366e+02]
 [ 9.86854378e-01 -1.56905518e-01  3.87181590e-02 -2.29688263e+02]]

[[ 1.57511105e-01  9.86610352e-01  4.23115195e-02 -2.87775234e+02]
 [-5.75449621e-02 -3.36034380e-02  9.97777223e-01  9.60297991e+02]
 [ 9.85839150e-01 -1.59595807e-01  5.14815407e-02 -2.28412009e+02]]

[[ 1.58747789e-01  9.86682858e-01  3.54411811e-02 -2.87714317e+02]
 [-4.68333568e-02 -2.83306419e-02  9.98500882e-01  9.60272086e+02]
 [ 9.86207775e-01 -1.60169637e-01  4.17122436e-02 -2.29122950e+02]]

[[ 1.58998605e-01  9.86642176e-01  3.54494135e-02 -2.87748831e+02]
 [-5.54541076e-02 -2.69245212e-02  9.98098148e-01  9.60384805e+02]
 [ 9.85720186e-01 -1.60662029e-01  5.04324000e-02 -2.28517616e+02]]

[[ 1.55956037e-01  9.87256854e-01  3.16483554e-02 -2.87658486e+02]
 [-4.58358038e-02 -2.47726814e-02  9.98641774e-01  9.58892730e+02]
 [ 9.86699951e-01 -1.57194842e-01  4.13882622e-02 -2.29138460e+02]]

[[ 1.56950453e-01  9.86700653e-01  4.22892038e-02 -2.87827557e+02]
 [-5.47601960e-02 -3.40595092e-02  9.97918469e-01  9.59629944e+02]
 [ 9.86087155e-01 -1.58939521e-01  4.86862657e-02 -2.28310969e+02]]

[[ 1.60106681e-01  9.86428984e-01  3.63828357e-02 -2.89178709e+02]
 [-7.24163844e-02 -2.50211063e-02  9.97060586e-01  9.72860205e+02]
 [ 9.84439799e-01 -1.62270774e-01  6.74275742e-02 -2.17627371e+02]]

[[ 1.59401520e-01  9.86681572e-01  3.24134497e-02 -2.92172950e+02]
 [-6.44335768e-02 -2.23650269e-02  9.97671349e-01  9.76773431e+02]
 [ 9.85108862e-01 -1.61118844e-01  6.00104035e-02 -2.14633946e+02]]

[[ 1.59785451e-01  9.86751045e-01  2.81244519e-02 -2.94241343e+02]
 [-6.20190267e-02 -1.83995782e-02  9.97905354e-01  9.56153000e+02]
 [ 9.85201629e-01 -1.61195008e-01  5.82573545e-02 -2.26334915e+02]]

[[ 1.58522839e-01  9.87002005e-01  2.64111961e-02 -2.94172430e+02]
 [-3.22405048e-02 -2.15607129e-02  9.99247560e-01  9.58377360e+02]
 [ 9.86828789e-01 -1.59255071e-01  2.84035774e-02 -2.30910858e+02]]

[[ 1.58440887e-01  9.86933102e-01  2.93178546e-02 -2.94167019e+02]
 [-4.78794515e-02 -2.19782657e-02  9.98611293e-01  9.56420379e+02]
 [ 9.86206897e-01 -1.59624582e-01  4.37715597e-02 -2.28886866e+02]]

[[ 1.60967751e-01  9.86571006e-01  2.76953520e-02 -2.94315894e+02]
 [-4.69485154e-02 -2.03754820e-02  9.98689480e-01  9.57134183e+02]
 [ 9.85842391e-01 -1.62057056e-01  4.30382485e-02 -2.29202521e+02]]

[[ 1.62686532e-01  9.86479955e-01  1.97583174e-02 -2.94503357e+02]
 [-3.66016035e-02 -1.39775355e-02  9.99232181e-01  9.56975302e+02]
 [ 9.85998689e-01 -1.63284804e-01  3.38327914e-02 -2.29669557e+02]]

[[ 1.58666870e-01  9.86961147e-01  2.70650715e-02 -2.94196525e+02]
 [-4.22492771e-02 -2.06001991e-02  9.98894704e-01  9.56571820e+02]
 [ 9.86427809e-01 -1.59634976e-01  3.84298259e-02 -2.29115727e+02]]

[[ 1.60410815e-01  9.86734154e-01  2.49816053e-02 -2.94705148e+02]
 [-5.47961968e-02 -1.63679524e-02  9.98363394e-01  9.61106764e+02]
 [ 9.85528156e-01 -1.61517183e-01  5.14436823e-02 -2.23936249e+02]]

[[ 1.60959148e-01  9.86805724e-01  1.75104215e-02 -2.96871079e+02]
 [-7.33610619e-02 -5.73042520e-03  9.97288984e-01  9.64616542e+02]
 [ 9.84230820e-01 -1.61807368e-01  7.14707515e-02 -2.16052855e+02]]

[[ 1.55353789e-01  9.87247971e-01  3.47367731e-02 -2.98582545e+02]
 [-7.62061688e-02 -2.30819038e-02  9.96824882e-01  9.69107173e+02]
 [ 9.84915133e-01 -1.57507679e-01  7.16485243e-02 -2.15556989e+02]]

[[ 1.60235566e-01  9.86852565e-01  2.11323843e-02 -3.00331412e+02]
 [-5.22467113e-02 -1.28995762e-02  9.98550891e-01  9.55619965e+02]
 [ 9.85695107e-01 -1.61107465e-01  4.94928302e-02 -2.27193609e+02]]

[[ 1.59105796e-01  9.87008297e-01  2.23599354e-02 -3.00051101e+02]
 [-4.94810211e-02 -1.46477257e-02  9.98667649e-01  9.57253892e+02]
 [ 9.86020778e-01 -1.60000204e-01  4.65076403e-02 -2.29672920e+02]]

[[ 1.58953624e-01  9.86925843e-01  2.66669566e-02 -3.00178495e+02]
 [-5.10859005e-02 -1.87523231e-02  9.98518193e-01  9.57094823e+02]
 [ 9.85963476e-01 -1.60080391e-01  4.74372457e-02 -2.29177764e+02]]

[[ 1.60475038e-01  9.86694109e-01  2.61246703e-02 -3.00407981e+02]
 [-5.49692106e-02 -1.74927380e-02  9.98334809e-01  9.56056571e+02]
 [ 9.85508066e-01 -1.61643869e-01  5.14306485e-02 -2.28244795e+02]]

[[ 1.57065628e-01  9.87101334e-01  3.10055650e-02 -2.99935531e+02]
 [-5.23472633e-02 -2.30299194e-02  9.98363354e-01  9.56220883e+02]
 [ 9.86199854e-01 -1.58431624e-01  4.80548447e-02 -2.28462651e+02]]

[[ 1.61431287e-01  9.86655354e-01  2.12403221e-02 -3.00102762e+02]
 [-4.20801121e-02 -1.46213052e-02  9.99007248e-01  9.50309901e+02]
 [ 9.85986412e-01 -1.62164821e-01  3.91582318e-02 -2.32492268e+02]]

[[ 1.57590789e-01  9.87001186e-01  3.15246128e-02 -2.97369849e+02]
 [-1.11029291e-02 -3.01505385e-02  9.99483702e-01  9.46197962e+02]
 [ 9.87442083e-01 -1.57859441e-01  6.20715703e-03 -2.43125168e+02]]

[[ 1.61169317e-01  9.86760508e-01  1.81149541e-02 -2.96066278e+02]
 [-4.01859511e-02 -1.17782595e-02  9.99122796e-01  9.53237480e+02]
 [ 9.86108280e-01 -1.61755905e-01  3.77556154e-02 -2.31752491e+02]]

[[ 2.06426555e-01  9.78454362e-01  3.89095438e-03 -3.00192488e+02]
 [ 5.58345553e-02 -1.57494686e-02  9.98315810e-01  9.53924053e+02]
 [ 9.76867739e-01 -2.05861644e-01 -5.78826727e-02 -2.29302986e+02]]

[[ 1.57608760e-01  9.87027769e-01  3.05885884e-02 -2.95536356e+02]
 [-4.35932619e-02 -2.39912369e-02  9.98761257e-01  9.57619559e+02]
 [ 9.86538953e-01 -1.58746980e-01  3.92465309e-02 -2.29753140e+02]]

[[ 1.62119347e-01  9.86534479e-01  2.16110823e-02 -2.95811689e+02]
 [-4.62450638e-02 -1.42808343e-02  9.98828039e-01  9.56817701e+02]
 [ 9.85686924e-01 -1.62928755e-01  4.33071504e-02 -2.29189582e+02]]

[[ 1.61079876e-01  9.86660178e-01  2.35577156e-02 -2.95810956e+02]
 [-4.68090958e-02 -1.62049641e-02  9.98772400e-01  9.56639090e+02]
 [ 9.85830707e-01 -1.61984850e-01  4.35743772e-02 -2.29055762e+02]]

[[ 1.52883906e-01  9.87517185e-01  3.78988074e-02 -2.84791993e+02]
 [-5.36322688e-02 -3.00021771e-02  9.98109938e-01  9.57776397e+02]
 [ 9.86787764e-01 -1.54627546e-01  4.83759371e-02 -2.28698256e+02]]

[[ 1.45656168e-01  9.87955242e-01  5.22371605e-02 -2.79733181e+02]
 [-5.41220854e-02 -4.47641149e-02  9.97530438e-01  9.59465370e+02]
 [ 9.87853775e-01 -1.48123645e-01  4.69500285e-02 -2.26929175e+02]]

[[ 1.53937369e-01  9.87468825e-01  3.47650028e-02 -2.93516208e+02]
 [-5.55721675e-02 -2.64762184e-02  9.98103574e-01  9.60623655e+02]
 [ 9.86516609e-01 -1.55577405e-01  5.08001035e-02 -2.25354216e+02]]

[[ 1.58842566e-01  9.86802025e-01  3.14770310e-02 -2.95701106e+02]
 [-5.61032204e-02 -2.28087013e-02  9.98164411e-01  9.59139422e+02]
 [ 9.85708612e-01 -1.60316959e-01  5.17397788e-02 -2.23867138e+02]]

[[ 1.54460281e-01  9.87420566e-01  3.38030791e-02 -2.95238884e+02]
 [-5.03533188e-02 -2.63017632e-02  9.98385076e-01  9.59292756e+02]
 [ 9.86715037e-01 -1.55912936e-01  4.56573248e-02 -2.24704588e+02]]

[[ 1.53667539e-01  9.87693768e-01  2.91085399e-02 -2.95164013e+02]
 [-5.65805347e-02 -2.06148126e-02  9.98185190e-01  9.58204804e+02]
 [ 9.86501359e-01 -1.55035639e-01  5.27164141e-02 -2.24071060e+02]]

[[ 1.56887233e-01  9.87186299e-01  2.91480159e-02 -2.95523998e+02]
 [-5.41349457e-02 -2.08732965e-02  9.98315438e-01  9.58920603e+02]
 [ 9.86131738e-01 -1.58200873e-01  5.01665229e-02 -2.24209600e+02]]

[[ 1.56581143e-01  9.87259495e-01  2.83025712e-02 -2.95465292e+02]
 [-5.60161714e-02 -1.97329442e-02  9.98234842e-01  9.58392661e+02]
 [ 9.86075319e-01 -1.57890154e-01  5.22126901e-02 -2.23941093e+02]]

[[ 1.55142940e-01  9.87550576e-01  2.59716826e-02 -2.95328836e+02]
 [-5.82536179e-02 -1.70990098e-02  9.98155369e-01  9.57822302e+02]
 [ 9.86172999e-01 -1.56369703e-01  5.48756033e-02 -2.23805025e+02]]

[[ 1.32581135e-01  9.90801886e-01  2.70899440e-02 -2.94404842e+02]
 [-6.04413010e-02 -1.91986297e-02  9.97987105e-01  9.56497692e+02]
 [ 9.89327596e-01 -1.33951615e-01  5.73399789e-02 -2.26999783e+02]]

[[ 1.57986363e-01  9.87235108e-01  2.01779660e-02 -2.95351315e+02]
 [-4.74562973e-02 -1.28197670e-02  9.98791046e-01  9.59131233e+02]
 [ 9.86300263e-01 -1.58752936e-01  4.48251744e-02 -2.25435721e+02]]

[[ 1.60048332e-01  9.86915926e-01  1.95316739e-02 -2.95671814e+02]
 [-5.13711842e-02 -1.14323156e-02  9.98614192e-01  9.57641099e+02]
 [ 9.85771542e-01 -1.60829900e-01  4.88693168e-02 -2.24079632e+02]]

[[ 1.58222635e-01  9.87075014e-01  2.54659379e-02 -2.95567925e+02]
 [-4.91949410e-02 -1.78783527e-02  9.98629172e-01  9.58487804e+02]
 [ 9.86177193e-01 -1.59258534e-01  4.57303370e-02 -2.24550965e+02]]

[[ 1.59069028e-01  9.87069551e-01  1.97672710e-02 -2.95489768e+02]
 [-5.12013791e-02 -1.17473220e-02  9.98619256e-01  9.57707679e+02]
 [ 9.85938874e-01 -1.59861506e-01  4.86706872e-02 -2.24101546e+02]]

[[ 1.57901990e-01  9.87172093e-01  2.36266909e-02 -2.95439439e+02]
 [-5.47454749e-02 -1.51383210e-02  9.98385579e-01  9.58950386e+02]
 [ 9.85936050e-01 -1.58940524e-01  5.16528340e-02 -2.24526985e+02]]

[[ 1.68664767e-01  9.85623201e-01  9.95502007e-03 -3.11285377e+02]
 [-4.82942057e-02 -1.82408101e-03  9.98831489e-01  9.56328257e+02]
 [ 9.84489648e-01 -1.68948450e-01  4.72922314e-02 -2.24336123e+02]]

[[ 1.60214572e-01  9.86925949e-01  1.75630651e-02 -2.96716811e+02]
 [-4.69456768e-02 -1.01541690e-02  9.98845832e-01  9.57386826e+02]
 [ 9.85965210e-01 -1.60854167e-01  4.47050608e-02 -2.27010632e+02]]

[[ 1.60551875e-01  9.86492762e-01  3.24826921e-02 -2.95742180e+02]
 [-4.99786658e-02 -2.47421714e-02  9.98443768e-01  9.58715633e+02]
 [ 9.85761243e-01 -1.61925460e-01  4.53311900e-02 -2.26756832e+02]]

[[ 1.61865859e-01  9.86458372e-01  2.64447521e-02 -2.95717175e+02]
 [-5.18348962e-02 -1.82617800e-02  9.98488683e-01  9.58509300e+02]
 [ 9.85450449e-01 -1.62991990e-01  4.81770086e-02 -2.26750009e+02]]

[[ 1.60536666e-01  9.86582098e-01  2.97278030e-02 -2.95688396e+02]
 [-5.42731145e-02 -2.12495654e-02  9.98299997e-01  9.58085024e+02]
 [ 9.85536609e-01 -1.61877174e-01  5.01335488e-02 -2.26312071e+02]]

[[ 1.64534606e-01  9.86046441e-01  2.53136217e-02 -2.96041846e+02]
 [-5.56720653e-02 -1.63389843e-02  9.98315410e-01  9.57652747e+02]
 [ 9.84798956e-01 -1.65666694e-01  5.22069135e-02 -2.25805028e+02]]

[[ 1.61925589e-01  9.86501870e-01  2.43754754e-02 -2.95837654e+02]
 [-5.77822068e-02 -1.51804252e-02  9.98213790e-01  9.57573500e+02]
 [ 9.85109801e-01 -1.63044824e-01  5.45441558e-02 -2.26018866e+02]]

[[ 1.61800990e-01  9.86475929e-01  2.61855028e-02 -2.95814874e+02]
 [-5.43663029e-02 -1.75840072e-02  9.98366219e-01  9.57105794e+02]
 [ 9.85324690e-01 -1.62960252e-01  5.07859394e-02 -2.25872876e+02]]

[[ 1.59605621e-01  9.86703486e-01  3.06965319e-02 -2.95677666e+02]
 [-5.80114749e-02 -2.16667530e-02  9.98080769e-01  9.57637250e+02]
 [ 9.85474867e-01 -1.61080052e-01  5.37819889e-02 -2.25918229e+02]]

[[ 1.61549405e-01  9.86524358e-01  2.59129468e-02 -2.95840583e+02]
 [-5.62718753e-02 -1.70066209e-02  9.98270630e-01  9.57255226e+02]
 [ 9.85258984e-01 -1.62728196e-01  5.27661662e-02 -2.25883518e+02]]

[[ 1.61088474e-01  9.86495234e-01  2.96252856e-02 -2.95719074e+02]
 [-5.80697075e-02 -2.04914343e-02  9.98102204e-01  9.58184369e+02]
 [ 9.85230132e-01 -1.62503093e-01  5.39845558e-02 -2.25681523e+02]]

[[ 1.61092600e-01  9.86803503e-01  1.63713364e-02 -2.98417758e+02]
 [-7.21336577e-02 -4.77126733e-03  9.97383562e-01  9.72906970e+02]
 [ 9.84299705e-01 -1.61852036e-01  7.04131303e-02 -2.13164074e+02]]

[[ 1.61078418e-01  9.86757577e-01  1.90585088e-02 -3.00853744e+02]
 [-5.72281404e-02 -9.93973921e-03  9.98311645e-01  9.62439451e+02]
 [ 9.85281017e-01 -1.61897143e-01  5.48692237e-02 -2.21406169e+02]]

[[ 1.59532802e-01  9.86984329e-01  2.02785203e-02 -3.01160913e+02]
 [-4.96234922e-02 -1.24980469e-02  9.98689796e-01  9.56208135e+02]
 [ 9.85944620e-01 -1.60330073e-01  4.69837607e-02 -2.27459566e+02]]

[[ 1.57401231e-01  9.87276796e-01  2.25694779e-02 -3.00667928e+02]
 [-4.00051391e-02 -1.64609277e-02  9.99063875e-01  9.56702547e+02]
 [ 9.86724096e-01 -1.58156779e-01  3.69051752e-02 -2.28882817e+02]]

[[ 1.58524568e-01  9.87137516e-01  2.07240208e-02 -3.00900961e+02]
 [-4.28373393e-02 -1.40934432e-02  9.98982651e-01  9.57420076e+02]
 [ 9.86425326e-01 -1.59251055e-01  4.00521878e-02 -2.29039744e+02]]

[[ 1.62305621e-01  9.86617714e-01  1.55682701e-02 -3.01238185e+02]
 [-5.19930521e-02 -7.20445610e-03  9.98621459e-01  9.55668785e+02]
 [ 9.85369782e-01 -1.62891318e-01  5.01279425e-02 -2.27335630e+02]]

[[ 1.61559430e-01  9.86684025e-01  1.87932123e-02 -3.01215638e+02]
 [-4.48171600e-02 -1.16880469e-02  9.98926830e-01  9.56031773e+02]
 [ 9.85844802e-01 -1.62228308e-01  4.23320617e-02 -2.27616867e+02]]

[[ 1.61402719e-01  9.86717420e-01  1.83819372e-02 -3.01302617e+02]
 [-3.68833504e-02 -1.25820223e-02  9.99240367e-01  9.56071378e+02]
 [ 9.86199159e-01 -1.61958100e-01  3.43626717e-02 -2.28171141e+02]]

[[ 1.61711922e-01  9.86607092e-01  2.13471360e-02 -3.01147019e+02]
 [-4.68082518e-02 -1.39388911e-02  9.98806635e-01  9.56831213e+02]
 [ 9.85727266e-01 -1.62518162e-01  4.39272683e-02 -2.27930158e+02]]

[[ 1.59510815e-01  9.86946711e-01  2.21920842e-02 -3.01080552e+02]
 [-3.59786617e-02 -1.66530279e-02  9.99213797e-01  9.57332825e+02]
 [ 9.86540337e-01 -1.60183849e-01  3.28526837e-02 -2.29059524e+02]]

[[ 1.58786498e-01  9.86978183e-01  2.57082332e-02 -3.00965398e+02]
 [-4.29804104e-02 -1.91038384e-02  9.98893251e-01  9.57235201e+02]
 [ 9.86376973e-01 -1.59715712e-01  3.93872958e-02 -2.28624203e+02]]

[[ 1.57308840e-01  9.87325279e-01  2.10409421e-02 -3.01050673e+02]
 [-4.16823836e-02 -1.46490613e-02  9.99023515e-01  9.56103808e+02]
 [ 9.86669401e-01 -1.58032267e-01  3.88496442e-02 -2.28312797e+02]]

[[ 1.59447517e-01  9.86998110e-01  2.02785690e-02 -3.01006800e+02]
 [-4.84224994e-02 -1.26973872e-02  9.98746233e-01  9.56028786e+02]
 [ 9.86018129e-01 -1.60229546e-01  4.57683485e-02 -2.27619093e+02]]

[[ 1.60290575e-01  9.86788832e-01  2.35527704e-02 -3.01255569e+02]
 [-5.06367146e-02 -1.56093115e-02  9.98595149e-01  9.56256401e+02]
 [ 9.85770184e-01 -1.61258025e-01  4.74657190e-02 -2.27278231e+02]]

[[ 1.61357651e-01  9.86696633e-01  1.98358717e-02 -3.01279609e+02]
 [-4.82656831e-02 -1.21853481e-02  9.98760202e-01  9.55631163e+02]
 [ 9.85715036e-01 -1.62114992e-01  4.56573878e-02 -2.27184703e+02]]

[[ 1.62038639e-01  9.86637019e-01  1.70549544e-02 -3.01264116e+02]
 [-4.35649363e-02 -1.01138373e-02  9.98999403e-01  9.55188911e+02]
 [ 9.85822284e-01 -1.62619501e-01  4.13439464e-02 -2.27218285e+02]]

[[ 1.60379599e-01  9.86889905e-01  1.80748139e-02 -3.01180589e+02]
 [-4.27044221e-02 -1.13571334e-02  9.99023197e-01  9.55863875e+02]
 [ 9.86131186e-01 -1.60994815e-01  4.03231106e-02 -2.27871474e+02]]

[[ 1.60941953e-01  9.86718770e-01  2.19944595e-02 -3.01218342e+02]
 [-5.12601966e-02 -1.38980845e-02  9.98588622e-01  9.56397227e+02]
 [ 9.85631818e-01 -1.61842243e-01  4.83426132e-02 -2.27611586e+02]]

[[ 1.59770288e-01  9.86888505e-01  2.29027127e-02 -3.01016723e+02]
 [-4.85243055e-02 -1.53211833e-02  9.98704487e-01  9.56430810e+02]
 [ 9.85960875e-01 -1.60674642e-01  4.54402095e-02 -2.27738142e+02]]

[[ 1.61676164e-01  9.86537615e-01  2.45835820e-02 -3.01261725e+02]
 [-4.59574544e-02 -1.73573459e-02  9.98792589e-01  9.56534489e+02]
 [ 9.85773164e-01 -1.62610754e-01  4.25324883e-02 -2.27574919e+02]]

[[ 1.61588296e-01  9.86551737e-01  2.45945561e-02 -3.00284836e+02]
 [-2.36964024e-02 -2.10360430e-02  9.99497857e-01  9.50416085e+02]
 [ 9.86573719e-01 -1.62089958e-01  1.99785486e-02 -2.46363881e+02]]

[[ 1.62344173e-01  9.86432077e-01  2.44156988e-02 -2.98101034e+02]
 [-3.32663003e-02 -1.92583606e-02  9.99260961e-01  9.55219883e+02]
 [ 9.86173272e-01 -1.63036414e-01  2.96884630e-02 -2.31890656e+02]]

[[ 1.59701300e-01  9.86812311e-01  2.63999632e-02 -2.97320380e+02]
 [-4.24448894e-02 -1.98542914e-02  9.98901516e-01  9.56546351e+02]
 [ 9.86252466e-01 -1.60646414e-01  3.87143833e-02 -2.28223369e+02]]

[[ 1.59947980e-01  9.86882116e-01  2.19165099e-02 -2.97354887e+02]
 [-4.43403271e-02 -1.49970715e-02  9.98903911e-01  9.55492310e+02]
 [ 9.86129088e-01 -1.60744448e-01  4.13599245e-02 -2.27567510e+02]]

[[ 1.62312271e-01  9.86318974e-01  2.88029283e-02 -2.97935016e+02]
 [-4.48183590e-02 -2.17906892e-02  9.98757468e-01  9.57320365e+02]
 [ 9.85721077e-01 -1.63401493e-01  4.06683016e-02 -2.27034491e+02]]

[[ 1.64561655e-01  9.86196933e-01  1.83049516e-02 -2.97956209e+02]
 [-3.90104480e-02 -1.20362035e-02  9.99166310e-01  9.56601469e+02]
 [ 9.85595072e-01 -1.65138545e-01  3.64912866e-02 -2.27329833e+02]]

[[ 1.62760363e-01  9.86361185e-01  2.45087226e-02 -2.97751725e+02]
 [-4.57812193e-02 -1.72634539e-02  9.98802309e-01  9.57836225e+02]
 [ 9.85602934e-01 -1.63687466e-01  4.23470117e-02 -2.27404007e+02]]

[[ 1.61132140e-01  9.86556727e-01  2.72444223e-02 -2.97772059e+02]
 [-4.42404953e-02 -2.03571979e-02  9.98813478e-01  9.56820389e+02]
 [ 9.85940775e-01 -1.62146260e-01  4.03655594e-02 -2.27098109e+02]]

[[ 1.64592577e-01  9.86191783e-01  1.83044069e-02 -2.98266891e+02]
 [-4.92058505e-02 -1.03249080e-02  9.98735291e-01  9.61742380e+02]
 [ 9.85133528e-01 -1.65285099e-01  4.68270022e-02 -2.15093013e+02]]

[[ 1.66687596e-01  9.85923571e-01  1.30368081e-02 -3.01205596e+02]
 [-6.12890429e-02 -2.83604529e-03  9.98116030e-01  9.58913403e+02]
 [ 9.84103093e-01 -1.67172575e-01  5.99535784e-02 -2.17288035e+02]]

[[ 1.62762953e-01  9.86398392e-01  2.29441235e-02 -3.01521167e+02]
 [-5.95225479e-02 -1.33955152e-02  9.98137078e-01  9.54145297e+02]
 [ 9.84868157e-01 -1.63825431e-01  5.65326519e-02 -2.24265576e+02]]

[[ 1.61872990e-01  9.86562358e-01  2.21776777e-02 -3.01345954e+02]
 [-4.97978052e-02 -1.42788530e-02  9.98657245e-01  9.56455741e+02]
 [ 9.85554318e-01 -1.62760034e-01  4.68172795e-02 -2.27138120e+02]]

[[ 1.63854788e-01  9.86353425e-01  1.60788202e-02 -3.01562165e+02]
 [-5.25415014e-02 -7.55000747e-03  9.98590200e-01  9.54489712e+02]
 [ 9.85084260e-01 -1.64468591e-01  5.05873850e-02 -2.26094076e+02]]

[[ 1.62481767e-01  9.86586304e-01  1.57206913e-02 -3.01366151e+02]
 [-4.94062244e-02 -7.77773407e-03  9.98748483e-01  9.54871997e+02]
 [ 9.85473846e-01 -1.63055119e-01  4.74797644e-02 -2.27164729e+02]]

[[ 1.62035308e-01  9.86595735e-01  1.93239533e-02 -3.01467283e+02]
 [-5.71422073e-02 -1.01686260e-02  9.98314263e-01  9.54983270e+02]
 [ 9.85129092e-01 -1.62866372e-01  5.47285816e-02 -2.26641438e+02]]

[[ 1.63822644e-01  9.86480586e-01  4.26547897e-03 -3.17480778e+02]
 [-3.99246602e-02  2.30972283e-03  9.99200023e-01  9.51408172e+02]
 [ 9.85681573e-01 -1.63861888e-01  3.97632871e-02 -2.28676838e+02]]

[[ 1.69358228e-01  9.85535006e-01 -6.20822091e-03 -3.16904559e+02]
 [-3.92548267e-02  1.30396540e-02  9.99144147e-01  9.49458694e+02]
 [ 9.84772486e-01 -1.68969579e-01  4.08953786e-02 -2.30796234e+02]]

[[ 1.67210577e-01  9.85912643e-01 -4.10881761e-03 -3.15255663e+02]
 [-3.58363922e-02  1.02424760e-02  9.99305181e-01  9.48637997e+02]
 [ 9.85269697e-01 -1.66947151e-01  3.70442025e-02 -2.32912398e+02]]

[[ 1.68608631e-01  9.85571331e-01  1.48418663e-02 -3.00817673e+02]
 [-3.72900622e-02 -8.66863600e-03  9.99266884e-01  9.54440597e+02]
 [ 9.84977452e-01 -1.69038476e-01  3.52904094e-02 -2.34862503e+02]]

[[ 1.65465369e-01  9.86074074e-01  1.67072248e-02 -3.00767701e+02]
 [-4.89088474e-02 -8.71524242e-03  9.98765222e-01  9.53269079e+02]
 [ 9.85002100e-01 -1.66078188e-01  4.67856756e-02 -2.33601040e+02]]

[[ 1.66800574e-01  9.85855048e-01  1.63521587e-02 -3.00998011e+02]
 [-4.89556600e-02 -8.28332511e-03  9.98766604e-01  9.52682854e+02]
 [ 9.84774549e-01 -1.67395373e-01  4.68815211e-02 -2.33062538e+02]]

[[ 1.66107286e-01  9.86015203e-01  1.35051473e-02 -3.01055464e+02]
 [-5.34019620e-02 -4.68073270e-03  9.98562127e-01  9.51567278e+02]
 [ 9.84660652e-01 -1.66589647e-01  5.18776426e-02 -2.32430986e+02]]

[[ 1.65886394e-01  9.86014867e-01  1.60120362e-02 -3.00774399e+02]
 [-4.74041375e-02 -8.24509774e-03  9.98841762e-01  9.53888559e+02]
 [ 9.85004849e-01 -1.66453295e-01  4.53734349e-02 -2.34305978e+02]]

[[ 1.67816724e-01  9.85688949e-01  1.59638083e-02 -3.00905571e+02]
 [-4.17206233e-02 -9.07774424e-03  9.99088076e-01  9.53852582e+02]
 [ 9.84934991e-01 -1.68329708e-01  3.96001600e-02 -2.34533798e+02]]

[[ 1.67389833e-01  9.85797762e-01  1.35430946e-02 -3.00907514e+02]
 [-4.89000631e-02 -5.41827185e-03  9.98788980e-01  9.51635723e+02]
 [ 9.84677322e-01 -1.67849379e-01  4.72986092e-02 -2.34405771e+02]]

[[ 1.65541279e-01  9.86183581e-01  6.16679520e-03 -2.98261148e+02]
 [-2.40351742e-02 -2.21681349e-03  9.99708656e-01  9.45577381e+02]
 [ 9.85909933e-01 -1.65641270e-01  2.33361200e-02 -2.46897730e+02]]

[[ 1.60004036e-01  9.86718313e-01  2.80299607e-02 -2.97165238e+02]
 [-5.40738112e-02 -1.95917468e-02  9.98344723e-01  9.53483677e+02]
 [ 9.85634177e-01 -1.61254872e-01  5.02208612e-02 -2.33629175e+02]]

[[ 1.59431445e-01  9.86847993e-01  2.66955642e-02 -2.97223807e+02]
 [-4.79546373e-02 -1.92678233e-02  9.98663659e-01  9.52461923e+02]
 [ 9.86043593e-01 -1.60498566e-01  4.42520406e-02 -2.32860788e+02]]

[[ 1.62888826e-01  9.86380460e-01  2.28214418e-02 -2.97200087e+02]
 [-5.05359196e-02 -1.47590677e-02  9.98613184e-01  9.53202356e+02]
 [ 9.85349355e-01 -1.63816232e-01  4.74435564e-02 -2.33673682e+02]]

[[ 1.61928791e-01  9.86324082e-01  3.07224910e-02 -2.95452704e+02]
 [-2.80366110e-02 -2.65223855e-02  9.99254978e-01  9.46758850e+02]
 [ 9.86404083e-01 -1.62669505e-01  2.33584468e-02 -2.50745606e+02]]

[[ 1.60908343e-01  9.86679772e-01  2.39067577e-02 -2.93068673e+02]
 [-3.65497483e-02 -1.82487181e-02  9.99165202e-01  9.54418735e+02]
 [ 9.86292361e-01 -1.61647803e-01  3.31265263e-02 -2.35263752e+02]]

[[ 1.61116230e-01  9.86464958e-01  3.04704363e-02 -2.93679591e+02]
 [-3.96061979e-02 -2.43863281e-02  9.98917742e-01  9.53899484e+02]
 [ 9.86140411e-01 -1.62148679e-01  3.51410931e-02 -2.32939474e+02]]

[[ 1.60749923e-01  9.86735728e-01  2.26288488e-02 -2.93110653e+02]
 [-3.59862384e-02 -1.70523007e-02  9.99206790e-01  9.53496588e+02]
 [ 9.86338914e-01 -1.61436742e-01  3.27677512e-02 -2.33648769e+02]]

[[ 1.59364461e-01  9.86763528e-01  3.00118100e-02 -2.93157034e+02]
 [-4.00298624e-02 -2.39163949e-02  9.98912216e-01  9.54438260e+02]
 [ 9.86407917e-01 -1.60392476e-01  3.56885849e-02 -2.34173403e+02]]

[[ 1.59051174e-01  9.86897872e-01  2.71166938e-02 -2.92961154e+02]
 [-3.78266244e-02 -2.13545195e-02  9.99056120e-01  9.54218255e+02]
 [ 9.86545422e-01 -1.59926782e-01  3.39345537e-02 -2.34601473e+02]]

[[ 1.56864275e-01  9.87211419e-01  2.84114878e-02 -2.90710734e+02]
 [-1.82995158e-02 -2.58573679e-02  9.99498136e-01  9.38914769e+02]
 [ 9.87450620e-01 -1.57305466e-01  1.40093937e-02 -2.46585245e+02]]

[[ 1.61472563e-01  9.86522879e-01  2.64427821e-02 -2.90708292e+02]
 [-3.41742046e-02 -2.11887637e-02  9.99191253e-01  9.55669179e+02]
 [ 9.86285321e-01 -1.62245633e-01  3.02922307e-02 -2.35488143e+02]]

[[ 1.58406602e-01  9.86946611e-01  2.90471192e-02 -2.90887941e+02]
 [-4.32107902e-02 -2.24609711e-02  9.98813462e-01  9.54173354e+02]
 [ 9.86427988e-01 -1.59473796e-01  3.90887768e-02 -2.33692928e+02]]

[[ 1.59461401e-01  9.86813222e-01  2.77799635e-02 -2.90951093e+02]
 [-4.61667567e-02 -2.06549670e-02  9.98720182e-01  9.54877693e+02]
 [ 9.86124075e-01 -1.60539830e-01  4.22642959e-02 -2.33594785e+02]]

[[ 1.59251862e-01  9.86728781e-01  3.17042047e-02 -2.91074839e+02]
 [-4.45329803e-02 -2.49014228e-02  9.98697518e-01  9.54764832e+02]
 [ 9.86233065e-01 -1.60456322e-01  3.99763754e-02 -2.33148889e+02]]

[[ 1.60885421e-01  9.86539668e-01  2.92466361e-02 -2.91411922e+02]
 [-4.60000847e-02 -2.21053246e-02  9.98696824e-01  9.53809386e+02]
 [ 9.85900539e-01 -1.62021107e-01  4.18244838e-02 -2.32590050e+02]]

[[ 1.59706174e-01  9.86572302e-01  3.41910954e-02 -2.92179581e+02]
 [-5.21227247e-02 -2.61598476e-02  9.98297994e-01  9.63384171e+02]
 [ 9.85787583e-01 -1.61216486e-01  4.72449474e-02 -2.27032747e+02]]

[[ 1.63520167e-01  9.86053867e-01  3.09665480e-02 -2.96362467e+02]
 [-7.77465092e-02 -1.84111952e-02  9.96803144e-01  9.72332758e+02]
 [ 9.83471726e-01 -1.65404958e-01  7.36516443e-02 -2.18624276e+02]]

[[ 1.66299032e-01  9.85921294e-01  1.74308503e-02 -2.98582243e+02]
 [-4.45962393e-02 -1.01390446e-02  9.98953640e-01  9.60287848e+02]
 [ 9.85066398e-01 -1.66902373e-01  4.22822686e-02 -2.28181089e+02]]

[[ 1.61497291e-01  9.86582806e-01  2.39372478e-02 -2.98022956e+02]
 [-4.47577632e-02 -1.69084404e-02  9.98854768e-01  9.54092736e+02]
 [ 9.85857681e-01 -1.62383717e-01  4.14265723e-02 -2.34709165e+02]]

[[ 1.58870298e-01  9.86992717e-01  2.46090227e-02 -2.98352431e+02]
 [-5.38487407e-02 -1.62261658e-02  9.98417260e-01  9.51816413e+02]
 [ 9.85829875e-01 -1.59944013e-01  5.05704592e-02 -2.33346984e+02]]

[[ 1.54757089e-01  9.87364284e-01  3.40883122e-02 -2.97725306e+02]
 [-4.79997706e-02 -2.69488386e-02  9.98483742e-01  9.53955159e+02]
 [ 9.86785825e-01 -1.56158669e-01  4.32227354e-02 -2.34893744e+02]]

[[ 1.63613716e-01  9.86339190e-01  1.91194861e-02 -2.98420072e+02]
 [-4.63664850e-02 -1.16708600e-02  9.98856316e-01  9.52291036e+02]
 [ 9.85434270e-01 -1.64313097e-01  4.38235685e-02 -2.33746194e+02]]

[[ 1.62168372e-01  9.86608875e-01  1.74455362e-02 -2.98502627e+02]
 [-4.86744499e-02 -9.65994425e-03  9.98767983e-01  9.52025396e+02]
 [ 9.85561879e-01 -1.62817730e-01  4.64561068e-02 -2.33983092e+02]]

[[ 1.60424098e-01  9.86690679e-01  2.65633687e-02 -2.97881525e+02]
 [-4.38256517e-02 -1.97650208e-02  9.98843660e-01  9.53397729e+02]
 [ 9.86074754e-01 -1.61402750e-01  4.00715764e-02 -2.34527971e+02]]

[[ 1.59993677e-01  9.86735982e-01  2.74613285e-02 -2.98017611e+02]
 [-4.75810271e-02 -2.00783391e-02  9.98665563e-01  9.53294633e+02]
 [ 9.85970623e-01 -1.61086814e-01  4.37375042e-02 -2.34950948e+02]]

[[ 1.57136825e-01  9.87252807e-01  2.52965264e-02 -2.95533040e+02]
 [-1.65265685e-02 -2.29824179e-02  9.99599260e-01  9.43649682e+02]
 [ 9.87438550e-01 -1.57491919e-01  1.27045169e-02 -2.44325295e+02]]

[[ 1.56581029e-01  9.87329995e-01  2.57266664e-02 -2.92726667e+02]
 [-1.46689817e-02 -2.37203112e-02  9.99611008e-01  9.42052928e+02]
 [ 9.87556177e-01 -1.56897505e-01  1.07689749e-02 -2.46454709e+02]]

[[ 1.62351168e-01  9.86151752e-01  3.38647441e-02 -2.93144053e+02]
 [-4.68343361e-02 -2.65800837e-02  9.98548969e-01  9.50869693e+02]
 [ 9.85620943e-01 -1.63701624e-01  4.18704550e-02 -2.34080806e+02]]

[[ 1.61704001e-01  9.86570301e-01  2.30403590e-02 -2.92367854e+02]
 [-3.29819948e-02 -1.79316129e-02  9.99295074e-01  9.52508069e+02]
 [ 9.86287992e-01 -1.62349929e-01  2.96394430e-02 -2.34607619e+02]]

[[ 1.60978023e-01  9.86682738e-01  2.33077266e-02 -2.92315691e+02]
 [-4.08631529e-02 -1.69323374e-02  9.99021270e-01  9.52536660e+02]
 [ 9.86111697e-01 -1.61772896e-01  3.75932334e-02 -2.34253457e+02]]

[[ 1.60555553e-01  9.86629359e-01  2.80075523e-02 -2.92349407e+02]
 [-3.77717842e-02 -2.22131851e-02  9.99039472e-01  9.53083522e+02]
 [ 9.86303811e-01 -1.61459230e-01  3.37003010e-02 -2.34477815e+02]]

[[ 1.59011012e-01  9.86845418e-01  2.91825202e-02 -2.92140455e+02]
 [-4.22383868e-02 -2.27315851e-02  9.98848934e-01  9.52949458e+02]
 [ 9.86372859e-01 -1.60060603e-01  3.80681861e-02 -2.34285620e+02]]

[[ 1.61118189e-01  9.86627312e-01  2.46470145e-02 -2.92452317e+02]
 [-4.27657520e-02 -1.79704546e-02  9.98923497e-01  9.52101041e+02]
 [ 9.86008123e-01 -1.61998793e-01  3.92984919e-02 -2.33750372e+02]]

[[ 1.49931749e-01  9.87586571e-01  4.68319998e-02 -2.79579765e+02]
 [-3.94552638e-02 -4.13531798e-02  9.98365262e-01  9.56981565e+02]
 [ 9.87908778e-01 -1.51534419e-01  3.27653341e-02 -2.35461912e+02]]

[[ 1.52778792e-01  9.87703080e-01  3.31853311e-02 -2.83077714e+02]
 [-4.95509220e-02 -2.58813672e-02  9.98436208e-01  9.54584216e+02]
 [ 9.87017400e-01 -1.54184241e-01  4.49874743e-02 -2.31778680e+02]]

[[ 1.61428922e-01  9.86412425e-01  3.05160870e-02 -2.92490650e+02]
 [-5.94544202e-02 -2.11449150e-02  9.98007046e-01  9.54450338e+02]
 [ 9.85091810e-01 -1.62921518e-01  5.52331779e-02 -2.29994912e+02]]

[[ 1.54995032e-01  9.87476074e-01  2.94541004e-02 -2.92031854e+02]
 [-4.90672343e-02 -2.20828171e-02  9.98551329e-01  9.54919609e+02]
 [ 9.86695975e-01 -1.56215727e-01  4.50299929e-02 -2.31560268e+02]]

[[ 1.57500802e-01  9.87218653e-01  2.43480782e-02 -2.91965736e+02]
 [-4.37795436e-02 -1.76512300e-02  9.98885272e-01  9.55165277e+02]
 [ 9.86547946e-01 -1.58391180e-01  4.04398992e-02 -2.32105883e+02]]

[[ 1.58552486e-01  9.87134059e-01  2.06750681e-02 -2.92154744e+02]
 [-4.06079102e-02 -1.44026872e-02  9.99071349e-01  9.54067554e+02]
 [ 9.86515133e-01 -1.59244817e-01  3.78018694e-02 -2.31908376e+02]]

[[ 2.64337602e-01  9.54751378e-01  1.36291738e-01 -2.99875917e+02]
 [ 8.80617696e-01 -2.96565112e-01  3.69542431e-01  8.81838566e+02]
 [ 3.93240520e-01  2.23369559e-02 -9.19164269e-01 -1.82417085e+02]]

[[ 1.55944425e-01  9.87259632e-01  3.16188935e-02 -2.86007171e+02]
 [-4.37852611e-02 -2.50699556e-02  9.98726363e-01  9.55855590e+02]
 [ 9.86794906e-01 -1.57130250e-01  3.93179009e-02 -2.31700260e+02]]

[[ 1.36283660e-01  9.88361618e-01  6.75875478e-02 -2.75264957e+02]
 [-5.81408570e-02 -6.01268558e-02  9.96496062e-01  9.59521547e+02]
 [ 9.88962287e-01 -1.39735728e-01  4.92698835e-02 -2.30556069e+02]]

[[ 1.41437884e-01  9.88158756e-01  5.94777114e-02 -2.76291506e+02]
 [-6.33721978e-02 -5.09205767e-02  9.96690052e-01  9.59272613e+02]
 [ 9.87916641e-01 -1.44738965e-01  5.54196935e-02 -2.26619014e+02]]

[[ 1.45874396e-01  9.88007840e-01  5.06079996e-02 -2.84280361e+02]
 [-7.31794149e-02 -4.02387577e-02  9.96506706e-01  9.60218914e+02]
 [ 9.86592841e-01 -1.49068277e-01  6.64320311e-02 -2.24231732e+02]]

[[ 1.52457129e-01  9.87652760e-01  3.60395525e-02 -2.92144675e+02]
 [-6.33541434e-02 -2.66242974e-02  9.97635905e-01  9.57821995e+02]
 [ 9.86277383e-01 -1.54379961e-01  5.85128306e-02 -2.23262897e+02]]

[[ 1.55449135e-01  9.87446482e-01  2.80180515e-02 -2.92526429e+02]
 [-5.87987105e-02 -1.90635822e-02  9.98087818e-01  9.59083988e+02]
 [ 9.86092429e-01 -1.56799313e-01  5.50971625e-02 -2.24337933e+02]]

[[ 1.56411923e-01  9.87371710e-01  2.51478994e-02 -2.92695550e+02]
 [-5.17233808e-02 -1.72380295e-02  9.98512665e-01  9.58750718e+02]
 [ 9.86336658e-01 -1.57480020e-01  4.83739697e-02 -2.24681038e+02]]

[[ 1.54922104e-01  9.87557558e-01  2.70039073e-02 -2.92486801e+02]
 [-5.57437663e-02 -1.85521569e-02  9.98272733e-01  9.58454998e+02]
 [ 9.86352764e-01 -1.56159811e-01  5.21760386e-02 -2.24256509e+02]]

[[ 1.77507938e-01  9.83218082e-01  4.21086245e-02 -2.93208939e+02]
 [-7.16653266e-02 -2.97599172e-02  9.96984668e-01  9.59953878e+02]
 [ 9.81506502e-01 -1.79990421e-01  6.51800234e-02 -2.18629189e+02]]

[[ 2.18339667e-01  9.73157011e-01  7.27545279e-02 -2.93648844e+02]
 [-9.73106291e-02 -5.24702279e-02  9.93869970e-01  9.65489029e+02]
 [ 9.71008976e-01 -2.24081027e-01  8.32421889e-02 -2.09326578e+02]]

[[ 1.63378420e-01  9.86074932e-01  3.10438442e-02 -2.93112730e+02]
 [-6.33201091e-02 -2.09209253e-02  9.97773962e-01  9.59565756e+02]
 [ 9.84529357e-01 -1.64980433e-01  5.90203445e-02 -2.22334623e+02]]

[[ 1.50453593e-01  9.87708139e-01  4.23833443e-02 -2.92248428e+02]
 [-6.29140247e-02 -3.32186210e-02  9.97465964e-01  9.61429049e+02]
 [ 9.86613167e-01 -1.52738845e-01  5.71428334e-02 -2.24807462e+02]]

[[ 1.56587976e-01  9.87024961e-01  3.55236875e-02 -2.92773980e+02]
 [-6.27015295e-02 -2.59603230e-02  9.97694633e-01  9.59271872e+02]
 [ 9.85671712e-01 -1.58454372e-01  5.78229002e-02 -2.23286067e+02]]

[[ 1.52748646e-01  9.87636315e-01  3.52471438e-02 -2.92507796e+02]
 [-6.43440255e-02 -2.56511620e-02  9.97598047e-01  9.59574419e+02]
 [ 9.86168189e-01 -1.54649694e-01  5.96303160e-02 -2.23753480e+02]]

[[ 1.67384916e-01  9.85393905e-01  3.13231883e-02 -2.93228340e+02]
 [-7.24261312e-02 -1.93952663e-02  9.97185178e-01  9.60108324e+02]
 [ 9.83227718e-01 -1.69182375e-01  6.81217932e-02 -2.21299242e+02]]

[[ 1.83853660e-01  9.82275015e-01  3.65188508e-02 -2.93950555e+02]
 [-7.77530810e-02 -2.25026914e-02  9.96718660e-01  9.60484088e+02]
 [ 9.79873609e-01 -1.86089827e-01  7.22377067e-02 -2.17499672e+02]]

[[ 1.78134200e-01  9.82965816e-01  4.52372727e-02 -2.93721611e+02]
 [-7.86694032e-02 -3.15989624e-02  9.96399835e-01  9.62083094e+02]
 [ 9.80856428e-01 -1.81051677e-01  7.17004782e-02 -2.18211786e+02]]

[[ 1.73239806e-01  9.84163677e-01  3.75476531e-02 -2.93538613e+02]
 [-7.56166326e-02 -2.47203136e-02  9.96830493e-01  9.60529300e+02]
 [ 9.81972553e-01 -1.75529948e-01  7.01366008e-02 -2.18499478e+02]]

[[ 1.76374458e-01  9.82938470e-01  5.21920880e-02 -2.93538679e+02]
 [-7.23268616e-02 -3.99384446e-02  9.96581028e-01  9.64412007e+02]
 [ 9.81662302e-01 -1.79546329e-01  6.40487331e-02 -2.19281035e+02]]

[[ 1.63669806e-01  9.85628931e-01  4.18067499e-02 -2.93601983e+02]
 [-6.79995385e-02 -3.10059521e-02  9.97203436e-01  9.61295644e+02]
 [ 9.84168815e-01 -1.66054933e-01  6.19475744e-02 -2.20697363e+02]]

[[ 1.56506569e-01  9.87268359e-01  2.84056616e-02 -2.93665420e+02]
 [-6.86308495e-02 -1.78198607e-02  9.97482962e-01  9.59445518e+02]
 [ 9.85289551e-01 -1.58062141e-01  6.49681409e-02 -2.22374766e+02]]

[[ 1.56314812e-01  9.87580879e-01  1.58014674e-02 -2.93621400e+02]
 [-6.78702975e-02 -5.22051719e-03  9.97680494e-01  9.57638147e+02]
 [ 9.85372672e-01 -1.57024689e-01  6.62113639e-02 -2.22160984e+02]]

[[ 1.53958706e-01  9.87602177e-01  3.06374950e-02 -2.93461992e+02]
 [-7.29866336e-02 -1.95554250e-02  9.97141182e-01  9.59279939e+02]
 [ 9.85377932e-01 -1.55754694e-01  6.90710303e-02 -2.22067841e+02]]

[[ 1.56800697e-01  9.87334587e-01  2.41651357e-02 -2.93617422e+02]
 [-6.41348961e-02 -1.42368504e-02  9.97839680e-01  9.59860608e+02]
 [ 9.85545664e-01 -1.58011786e-01  6.10902531e-02 -2.23320364e+02]]

[[ 1.35465269e-01  9.90605296e-01  1.87165149e-02 -2.92792003e+02]
 [-6.55802982e-02 -9.88431501e-03  9.97798339e-01  9.56667764e+02]
 [ 9.88609319e-01 -1.36394455e-01  6.36252094e-02 -2.25853050e+02]]

[[ 1.35989474e-01  9.90669392e-01  9.00108966e-03 -2.92816327e+02]
 [-5.69986030e-02 -1.24687326e-03  9.98373479e-01  9.56797227e+02]
 [ 9.89069271e-01 -1.36281334e-01  5.62972097e-02 -2.27360907e+02]]

[[ 1.37194730e-01  9.90449065e-01  1.37206644e-02 -2.92792674e+02]
 [-5.29395713e-02 -6.50018658e-03  9.98576562e-01  9.56750102e+02]
 [ 9.89128408e-01 -1.37725808e-01  5.15421576e-02 -2.27526420e+02]]

[[ 1.29581633e-01  9.91481091e-01  1.31851023e-02 -2.92186747e+02]
 [-5.87443791e-02 -5.59761848e-03  9.98257364e-01  9.56108981e+02]
 [ 9.89827105e-01 -1.30130370e-01  5.75185926e-02 -2.27920545e+02]]

[[ 1.34584938e-01  9.90775510e-01  1.58361599e-02 -2.92249832e+02]
 [-5.04581254e-02 -9.10844676e-03  9.98684642e-01  9.56324930e+02]
 [ 9.89616528e-01 -1.35206973e-01  4.87668152e-02 -2.28052333e+02]]

[[ 1.30721815e-01  9.91244915e-01  1.85829176e-02 -2.92080212e+02]
 [-5.24536429e-02 -1.18025363e-02  9.98553612e-01  9.56710527e+02]
 [ 9.90030516e-01 -1.31507483e-01  5.04515578e-02 -2.28818581e+02]]

[[ 1.35075484e-01  9.90597620e-01  2.17017977e-02 -2.91864037e+02]
 [-5.07545784e-02 -1.49563227e-02  9.98599159e-01  9.57368020e+02]
 [ 9.89534530e-01 -1.35987730e-01  4.82571321e-02 -2.28207147e+02]]

[[ 1.31001490e-01  9.91268927e-01  1.49841428e-02 -2.91643252e+02]
 [-6.55537865e-02 -6.42001284e-03  9.97828384e-01  9.55079363e+02]
 [ 9.89212470e-01 -1.31699273e-01  6.41404003e-02 -2.27630095e+02]]

[[ 1.39346376e-01  9.90132971e-01  1.48083652e-02 -2.92021858e+02]
 [-5.55387289e-02 -7.11622885e-03  9.98431174e-01  9.55165530e+02]
 [ 9.88685004e-01 -1.39950204e-01  5.39991059e-02 -2.27120149e+02]]

[[ 1.32722109e-01  9.90918224e-01  2.15850897e-02 -2.91404018e+02]
 [-5.30130195e-02 -1.46494611e-02  9.98486361e-01  9.56620782e+02]
 [ 9.89734541e-01 -1.33665506e-01  5.05872597e-02 -2.29036539e+02]]

[[ 1.36649603e-01  9.90402173e-01  2.07466260e-02 -2.91015964e+02]
 [-5.14654882e-02 -1.38170238e-02  9.98579187e-01  9.58539799e+02]
 [ 9.89281653e-01 -1.37523185e-01  4.90834405e-02 -2.29692828e+02]]

[[ 1.35912084e-01  9.90542009e-01  1.88264344e-02 -2.91004734e+02]
 [-4.47837503e-02 -1.28407875e-02  9.98914175e-01  9.57147976e+02]
 [ 9.89708200e-01 -1.36607626e-01  4.26149678e-02 -2.30108740e+02]]

[[ 1.39632843e-01  9.90068447e-01  1.63444061e-02 -2.91261829e+02]
 [-5.88959751e-02 -8.17284402e-03  9.98230669e-01  9.54657319e+02]
 [ 9.88450268e-01 -1.40348406e-01  5.71698492e-02 -2.27343375e+02]]

[[ 1.54334668e-01  9.87566467e-01  2.98878510e-02 -2.91466815e+02]
 [-6.23640330e-02 -2.04527772e-02  9.97843881e-01  9.57557921e+02]
 [ 9.86048446e-01 -1.55865831e-01  5.84320552e-02 -2.24794714e+02]]

[[ 1.57211050e-01  9.87075153e-01  3.11019087e-02 -2.91464928e+02]
 [-6.41198986e-02 -2.12248578e-02  9.97716465e-01  9.58327340e+02]
 [ 9.85481265e-01 -1.58846305e-01  5.99543765e-02 -2.24768755e+02]]

[[ 1.53240060e-01  9.87501144e-01  3.68642853e-02 -2.91197340e+02]
 [-6.32822867e-02 -2.74218669e-02  9.97618862e-01  9.58711020e+02]
 [ 9.86160654e-01 -1.55208030e-01  5.82892019e-02 -2.25009277e+02]]

[[ 1.52398534e-01  9.87504095e-01  4.01291646e-02 -2.91045365e+02]
 [-5.83422610e-02 -3.15436988e-02  9.97798164e-01  9.59420236e+02]
 [ 9.86595595e-01 -1.54404203e-01  5.28060082e-02 -2.25495561e+02]]

[[ 1.55270019e-01  9.87283572e-01  3.40935459e-02 -2.91437056e+02]
 [-5.90837563e-02 -2.51692934e-02  9.97935677e-01  9.58197582e+02]
 [ 9.86103611e-01 -1.56963867e-01  5.44243852e-02 -2.24946217e+02]]

[[ 1.50145162e-01  9.87845637e-01  4.02172676e-02 -2.91067916e+02]
 [-6.66073838e-02 -3.04789047e-02  9.97313638e-01  9.58814149e+02]
 [ 9.86417704e-01 -1.52420585e-01  6.12215533e-02 -2.24800794e+02]]

[[ 1.47136617e-01  9.88821153e-01  2.41566265e-02 -2.91457602e+02]
 [-6.19257191e-02 -1.51654724e-02  9.97965537e-01  9.55904436e+02]
 [ 9.87175780e-01 -1.48333189e-01  5.90020647e-02 -2.25835996e+02]]

[[ 1.34013414e-01  9.90860553e-01  1.53547758e-02 -2.90796173e+02]
 [-4.85146504e-02 -8.91595706e-03  9.98782676e-01  9.54345497e+02]
 [ 9.89791258e-01 -1.34595208e-01  4.68763955e-02 -2.29143337e+02]]

[[ 1.37512520e-01  9.90311245e-01  1.93376787e-02 -2.90904528e+02]
 [-5.24391219e-02 -1.22169586e-02  9.98549390e-01  9.55109513e+02]
 [ 9.89110937e-01 -1.38327093e-01  5.02510673e-02 -2.28490481e+02]]

[[ 1.52682494e-01  9.88051884e-01  2.10126472e-02 -2.91171852e+02]
 [-5.91514468e-02 -1.20873473e-02  9.98175837e-01  9.56176014e+02]
 [ 9.86503503e-01 -1.53646905e-01  5.65991721e-02 -2.25869234e+02]]

[[ 1.57834244e-01  9.86998450e-01  3.03712347e-02 -2.90940141e+02]
 [-5.42780130e-02 -2.20386837e-02  9.98282622e-01  9.58207077e+02]
 [ 9.85972742e-01 -1.59211673e-01  5.00938557e-02 -2.25363429e+02]]

[[ 1.47205539e-01  9.88827563e-01  2.34644545e-02 -2.90708060e+02]
 [-5.97609531e-02 -1.47880214e-02  9.98103172e-01  9.56114363e+02]
 [ 9.87298920e-01 -1.48328574e-01  5.69163989e-02 -2.26467080e+02]]

[[ 1.40192264e-01  9.90088815e-01  8.38257979e-03 -2.90757448e+02]
 [-5.38169881e-02 -8.33969173e-04  9.98550468e-01  9.53824055e+02]
 [ 9.88660640e-01 -1.40440176e-01  5.31666819e-02 -2.28269118e+02]]

[[ 1.35655247e-01  9.90578293e-01  1.87696605e-02 -2.89904411e+02]
 [-4.04883972e-02 -1.33862441e-02  9.99090335e-01  9.55091070e+02]
 [ 9.89928454e-01 -1.36291799e-01  3.82910131e-02 -2.29741753e+02]]

[[ 1.44798156e-01  9.89458137e-01  2.46742886e-03 -2.90662302e+02]
 [-3.63272391e-02  2.82409810e-03  9.99335958e-01  9.52587987e+02]
 [ 9.88794127e-01 -1.44791639e-01  3.63532065e-02 -2.28948538e+02]]

[[ 1.37195832e-01  9.90314423e-01  2.13224716e-02 -2.89345567e+02]
 [-4.55147399e-02 -1.52007033e-02  9.98848010e-01  9.56482236e+02]
 [ 9.89497707e-01 -1.38008271e-01  4.29884303e-02 -2.30154818e+02]]

[[ 1.36236886e-01  9.90490950e-01  1.91621841e-02 -2.89014787e+02]
 [-3.45876932e-02 -1.45751583e-02  9.99295380e-01  9.55620804e+02]
 [ 9.90072322e-01 -1.36803667e-01  3.22731229e-02 -2.30226295e+02]]

[[ 1.49742376e-01  9.88435071e-01  2.39443214e-02 -2.89502805e+02]
 [-4.78145905e-02 -1.69496418e-02  9.98712408e-01  9.55753227e+02]
 [ 9.87568218e-01 -1.50694457e-01  4.47235385e-02 -2.27084766e+02]]

[[ 1.61415616e-01  9.86281110e-01  3.45625541e-02 -2.90079539e+02]
 [-4.85215006e-02 -2.70481263e-02  9.98455839e-01  9.56346690e+02]
 [ 9.85692986e-01 -1.62843392e-01  4.34898495e-02 -2.24785626e+02]]

[[ 1.60617936e-01  9.86379177e-01  3.54682554e-02 -2.89927541e+02]
 [-5.10836581e-02 -2.75791371e-02  9.98313503e-01  9.57069177e+02]
 [ 9.85693836e-01 -1.62158903e-01  4.59581526e-02 -2.25066130e+02]]

[[ 1.61791467e-01  9.86245752e-01  3.38058945e-02 -2.90008404e+02]
 [-4.74084436e-02 -2.64495545e-02  9.98525343e-01  9.56400575e+02]
 [ 9.85685528e-01 -1.63155565e-01  4.24770639e-02 -2.24891958e+02]]

[[ 1.65333868e-01  9.85878421e-01  2.66167533e-02 -2.90482045e+02]
 [-4.91014474e-02 -1.87262877e-02  9.98618232e-01  9.55202340e+02]
 [ 9.85014599e-01 -1.66412336e-01  4.53119679e-02 -2.24044829e+02]]

[[ 1.61993178e-01  9.86037630e-01  3.85746318e-02 -2.89953054e+02]
 [-4.81224499e-02 -3.11506270e-02  9.98355582e-01  9.57454763e+02]
 [ 9.85617796e-01 -1.63583099e-01  4.24043574e-02 -2.24967466e+02]]

[[ 1.58622647e-01  9.86685335e-01  3.59291701e-02 -2.89814380e+02]
 [-5.13093197e-02 -2.81029968e-02  9.98287321e-01  9.56775654e+02]
 [ 9.86005177e-01 -1.60194479e-01  4.61683816e-02 -2.25033398e+02]]

[[ 1.64624753e-01  9.85737841e-01  3.49227650e-02 -2.90305029e+02]
 [-5.07883605e-02 -2.68875055e-02  9.98347437e-01  9.57250240e+02]
 [ 9.85047833e-01 -1.66126370e-01  4.56376599e-02 -2.24466589e+02]]

[[ 1.61156984e-01  9.86344644e-01  3.39510051e-02 -2.90016978e+02]
 [-4.95783853e-02 -2.62662978e-02  9.98424792e-01  9.56374519e+02]
 [ 9.85682713e-01 -1.62586364e-01  4.46683775e-02 -2.24756476e+02]]

[[ 1.61823248e-01  9.86244212e-01  3.36985220e-02 -2.90332410e+02]
 [-6.12133676e-02 -2.40506511e-02  9.97834901e-01  9.56211096e+02]
 [ 9.84919367e-01 -1.63535684e-01  5.64793750e-02 -2.23635288e+02]]

[[ 1.60458622e-01  9.86446434e-01  3.42996183e-02 -2.89844524e+02]
 [-4.85699573e-02 -2.68167820e-02  9.98459724e-01  9.56827776e+02]
 [ 9.85846839e-01 -1.61877402e-01  4.36086773e-02 -2.24952433e+02]]

[[ 1.61917591e-01  9.86324073e-01  3.07817535e-02 -2.90196598e+02]
 [-5.19637975e-02 -2.26278786e-02  9.98392580e-01  9.55906837e+02]
 [ 9.85435161e-01 -1.63256858e-01  4.75892928e-02 -2.24585530e+02]]

[[ 1.64156074e-01  9.85888004e-01  3.28272228e-02 -2.90344120e+02]
 [-5.01489401e-02 -2.48947933e-02  9.98431436e-01  9.56509489e+02]
 [ 9.85158803e-01 -1.65544835e-01  4.53546070e-02 -2.24392302e+02]]

[[ 1.58380393e-01  9.86708378e-01  3.63624545e-02 -2.90047582e+02]
 [-6.08284011e-02 -2.70067698e-02  9.97782812e-01  9.56645186e+02]
 [ 9.85502692e-01 -1.60241104e-01  5.57425502e-02 -2.24731715e+02]]

[[ 1.60047573e-01  9.86417672e-01  3.69452424e-02 -2.89864140e+02]
 [-5.69488603e-02 -2.81382878e-02  9.97980493e-01  9.57398145e+02]
 [ 9.85465170e-01 -1.61828345e-01  5.16718975e-02 -2.24934723e+02]]

[[ 1.55146109e-01  9.86983291e-01  4.23517294e-02 -2.89644241e+02]
 [-6.48507630e-02 -3.26030563e-02  9.97362231e-01  9.57725365e+02]
 [ 9.85760652e-01 -1.57483412e-01  5.89483821e-02 -2.24818182e+02]]

[[ 1.63523059e-01  9.86036755e-01  3.14916992e-02 -2.90559882e+02]
 [-5.38521610e-02 -2.29521100e-02  9.98285102e-01  9.55220421e+02]
 [ 9.85068604e-01 -1.64938529e-01  4.93470108e-02 -2.23902816e+02]]

[[ 1.63535868e-01  9.86169744e-01  2.69305681e-02 -2.90540231e+02]
 [-5.28028653e-02 -1.85092035e-02  9.98433406e-01  9.55079193e+02]
 [ 9.85123280e-01 -1.64701684e-01  4.90456695e-02 -2.24095034e+02]]

[[ 1.66064456e-01  9.85718379e-01  2.79619908e-02 -2.90861293e+02]
 [-5.37286332e-02 -1.92691815e-02  9.98369637e-01  9.54849631e+02]
 [ 9.84650106e-01 -1.67296070e-01  4.97613751e-02 -2.23558848e+02]]

[[ 1.59219533e-01  9.86547201e-01  3.70642677e-02 -2.90030069e+02]
 [-5.48038745e-02 -2.86529394e-02  9.98085940e-01  9.56552695e+02]
 [ 9.85720891e-01 -1.60946043e-01  4.95045014e-02 -2.24695204e+02]]

[[ 1.58526362e-01  9.86658649e-01  3.70688963e-02 -2.89627005e+02]
 [-5.15605453e-02 -2.92198675e-02  9.98242310e-01  9.57600052e+02]
 [ 9.86007557e-01 -1.60159014e-01  4.62405386e-02 -2.25414088e+02]]

[[ 1.61938741e-01  9.86205385e-01  3.42751023e-02 -2.90375188e+02]
 [-5.95596761e-02 -2.49021035e-02  9.97914090e-01  9.56291789e+02]
 [ 9.85001771e-01 -1.63642365e-01  5.47054581e-02 -2.24275239e+02]]

[[ 1.58768691e-01  9.86574667e-01  3.82482475e-02 -2.89867686e+02]
 [-6.24989199e-02 -2.86191254e-02  9.97634618e-01  9.57249119e+02]
 [ 9.85335673e-01 -1.60783617e-01  5.71160300e-02 -2.24534305e+02]]

[[ 1.60106161e-01  9.86280288e-01  4.02145684e-02 -2.90007684e+02]
 [-6.06800074e-02 -3.08290359e-02  9.97681065e-01  9.57628993e+02]
 [ 9.85232944e-01 -1.62175105e-01  5.49115766e-02 -2.24223908e+02]]

[[ 1.58824898e-01  9.86528604e-01  3.91913900e-02 -2.89974423e+02]
 [-5.68016779e-02 -3.04991992e-02  9.97919520e-01  9.57210642e+02]
 [ 9.85671457e-01 -1.60720603e-01  5.11924478e-02 -2.24811233e+02]]

[[ 1.60687542e-01  9.86261854e-01  3.83023468e-02 -2.90429722e+02]
 [-7.03362278e-02 -2.72656333e-02  9.97150641e-01  9.56561469e+02]
 [ 9.84495977e-01 -1.62923728e-01  6.49886908e-02 -2.23559820e+02]]

[[ 1.61871948e-01  9.86210098e-01  3.44545362e-02 -2.90297708e+02]
 [-6.30458077e-02 -2.45082423e-02  9.97709663e-01  9.56464782e+02]
 [ 9.84795765e-01 -1.63673421e-01  5.82092152e-02 -2.23970942e+02]]

[[ 1.61680216e-01  9.86306940e-01  3.25288857e-02 -2.90655688e+02]
 [-6.86050271e-02 -2.16489677e-02  9.97408980e-01  9.55618562e+02]
 [ 9.84455615e-01 -1.63492944e-01  6.41654045e-02 -2.23585692e+02]]

[[ 1.58555012e-01  9.86536546e-01  4.00743227e-02 -2.89614967e+02]
 [-5.68966867e-02 -3.13910002e-02  9.97886453e-01  9.58695457e+02]
 [ 9.85709427e-01 -1.60499994e-01  5.11534603e-02 -2.24987744e+02]]

[[ 1.56294523e-01  9.87093264e-01  3.49129071e-02 -2.89735086e+02]
 [-5.67883585e-02 -2.63083073e-02  9.98039556e-01  9.56630618e+02]
 [ 9.86076622e-01 -1.57970763e-01  5.19435618e-02 -2.25274878e+02]]

[[ 1.62652829e-01  9.86135649e-01  3.28715400e-02 -2.90264842e+02]
 [-5.01143347e-02 -2.50155224e-02  9.98430156e-01  9.56246899e+02]
 [ 9.85409869e-01 -1.64044825e-01  4.53506865e-02 -2.24650173e+02]]

[[ 1.60033438e-01  9.86475102e-01  3.54425200e-02 -2.90239788e+02]
 [-5.96945737e-02 -2.61679473e-02  9.97873637e-01  9.56714321e+02]
 [ 9.85304956e-01 -1.61808875e-01  5.46994641e-02 -2.24556994e+02]]

[[ 1.60654232e-01  9.86444574e-01  3.34263246e-02 -2.90113250e+02]
 [-5.66956351e-02 -2.45873352e-02  9.98088707e-01  9.56836896e+02]
 [ 9.85381055e-01 -1.62242302e-01  5.19770422e-02 -2.24730227e+02]]

[[ 1.61908630e-01  9.86332234e-01  3.05666499e-02 -2.90369421e+02]
 [-5.92732135e-02 -2.11989235e-02  9.98016679e-01  9.55594995e+02]
 [ 9.85024001e-01 -1.63399297e-01  5.50307924e-02 -2.23826986e+02]]

[[ 1.63433926e-01  9.86111127e-01  2.95668058e-02 -2.90654610e+02]
 [-5.70303787e-02 -2.04761672e-02  9.98162443e-01  9.54770197e+02]
 [ 9.84904507e-01 -1.64819813e-01  5.28917906e-02 -2.23083922e+02]]

[[ 1.59699447e-01  9.86580814e-01  3.39762262e-02 -2.90143231e+02]
 [-5.36084619e-02 -2.56997594e-02  9.98231263e-01  9.56855594e+02]
 [ 9.85708993e-01 -1.61238394e-01  4.87848426e-02 -2.24341620e+02]]

[[ 1.60098174e-01  9.86508364e-01  3.42026651e-02 -2.89919073e+02]
 [-5.52348907e-02 -2.56421366e-02  9.98144072e-01  9.57158314e+02]
 [ 9.85554505e-01 -1.61690223e-01  5.03844225e-02 -2.24985487e+02]]

[[ 1.59323023e-01  9.86630661e-01  3.42945161e-02 -2.90013251e+02]
 [-5.61898421e-02 -2.56192369e-02  9.98091357e-01  9.56394019e+02]
 [ 9.85626134e-01 -1.60945935e-01  5.13568867e-02 -2.24694860e+02]]

[[ 1.61227445e-01  9.86360743e-01  3.31390329e-02 -2.90252297e+02]
 [-6.15910560e-02 -2.34567459e-02  9.97825798e-01  9.55827464e+02]
 [ 9.84993529e-01 -1.62917972e-01  5.69691286e-02 -2.24074803e+02]]

[[ 1.56796765e-01  9.86762091e-01  4.14167822e-02 -2.89531653e+02]
 [-6.08914430e-02 -3.21970565e-02  9.97624970e-01  9.58178997e+02]
 [ 9.85752001e-01 -1.58946296e-01  5.50369733e-02 -2.25198037e+02]]

[[ 1.64953599e-01  9.85846459e-01  2.99511152e-02 -2.90541563e+02]
 [-4.86030467e-02 -2.22053614e-02  9.98571312e-01  9.55707470e+02]
 [ 9.85103068e-01 -1.66173647e-01  4.42522872e-02 -2.24313915e+02]]

[[ 1.60041696e-01  9.86579520e-01  3.23652022e-02 -2.89917806e+02]
 [-5.12973447e-02 -2.44310806e-02  9.98384548e-01  9.56328053e+02]
 [ 9.85776465e-01 -1.61443405e-01  4.66989181e-02 -2.24797841e+02]]

[[ 1.61877186e-01  9.86291554e-01  3.20116686e-02 -2.90073616e+02]
 [-4.92694946e-02 -2.43211080e-02  9.98489359e-01  9.56503897e+02]
 [ 9.85580181e-01 -1.63209846e-01  4.46570539e-02 -2.24813334e+02]]

[[ 1.60784526e-01  9.86367660e-01  3.50310712e-02 -2.90460505e+02]
 [-6.53222231e-02 -2.47804855e-02  9.97556482e-01  9.56306107e+02]
 [ 9.84825540e-01 -1.62679953e-01  6.04474098e-02 -2.24057679e+02]]

[[ 1.60712304e-01  9.86508859e-01  3.11741236e-02 -2.90559797e+02]
 [-6.10738193e-02 -2.15845388e-02  9.97899843e-01  9.54835480e+02]
 [ 9.85109915e-01 -1.62278706e-01  5.67809628e-02 -2.23244468e+02]]

[[ 1.58402385e-01  9.86851721e-01  3.21304441e-02 -2.89903152e+02]
 [-5.44408551e-02 -2.37625842e-02  9.98234207e-01  9.56747916e+02]
 [ 9.85872648e-01 -1.59871888e-01  4.99610015e-02 -2.24567572e+02]]

[[ 1.65312334e-01  9.85669235e-01  3.35855775e-02 -2.90596745e+02]
 [-5.62445254e-02 -2.45765386e-02  9.98114496e-01  9.56338655e+02]
 [ 9.84636169e-01 -1.66889642e-01  5.13756934e-02 -2.23840340e+02]]

[[ 1.63165936e-01  9.86089612e-01  3.16884025e-02 -2.90551410e+02]
 [-5.62887371e-02 -2.27621644e-02  9.98155029e-01  9.55499491e+02]
 [ 9.84991602e-01 -1.64648600e-01  5.17917291e-02 -2.23903480e+02]]

[[ 1.58537438e-01  9.86739861e-01  3.47897657e-02 -2.90205996e+02]
 [-6.30190373e-02 -2.50509780e-02  9.97697875e-01  9.56245451e+02]
 [ 9.85339780e-01 -1.60364883e-01  5.82118782e-02 -2.24426305e+02]]

[[ 1.58656689e-01  9.86542597e-01  3.95190990e-02 -2.90174083e+02]
 [-6.53235723e-02 -2.94498100e-02  9.97429466e-01  9.56719998e+02]
 [ 9.85170486e-01 -1.60830385e-01  5.97720774e-02 -2.24132574e+02]]

[[ 1.64248459e-01  9.85951065e-01  3.03799301e-02 -2.90495190e+02]
 [-5.39937536e-02 -2.17658020e-02  9.98304024e-01  9.56223149e+02]
 [ 9.84940160e-01 -1.65610224e-01  4.96601994e-02 -2.24062576e+02]]

[[ 1.59032888e-01  9.86555694e-01  3.76351252e-02 -2.90038723e+02]
 [-6.18844419e-02 -2.80840264e-02  9.97688129e-01  9.57043282e+02]
 [ 9.85331851e-01 -1.60994253e-01  5.65861648e-02 -2.24258428e+02]]

[[ 1.61102993e-01  9.85988149e-01  4.32804347e-02 -2.90211991e+02]
 [-6.61797463e-02 -3.29620862e-02  9.97263126e-01  9.57673071e+02]
 [ 9.84716237e-01 -1.63526363e-01  5.99421548e-02 -2.23668273e+02]]

[[ 1.62879567e-01  9.86291475e-01  2.64456499e-02 -2.90536909e+02]
 [-5.24578762e-02 -1.81088245e-02  9.98458933e-01  9.54860172e+02]
 [ 9.85250434e-01 -1.64015841e-01  4.87891986e-02 -2.23801010e+02]]

[[ 1.62327882e-01  9.86216673e-01  3.20364319e-02 -2.90212163e+02]
 [-5.29295820e-02 -2.37174588e-02  9.98316554e-01  9.56270183e+02]
 [ 9.85316253e-01 -1.63750286e-01  4.83500314e-02 -2.24255626e+02]]

[[ 1.62380385e-01  9.86230250e-01  3.13449298e-02 -2.90355471e+02]
 [-5.33355629e-02 -2.29473797e-02  9.98312945e-01  9.55818700e+02]
 [ 9.85285709e-01 -1.63778239e-01  4.88749411e-02 -2.24411443e+02]]

[[ 1.64720926e-01  9.85875779e-01  3.02649032e-02 -2.90486788e+02]
 [-5.29444751e-02 -2.18021265e-02  9.98359429e-01  9.55818329e+02]
 [ 9.84918219e-01 -1.66053050e-01  4.86054092e-02 -2.24212576e+02]]

[[ 1.66869308e-01  9.85612528e-01  2.68808130e-02 -2.90823529e+02]
 [-5.22566238e-02 -1.83840091e-02  9.98464458e-01  9.54715166e+02]
 [ 9.84593256e-01 -1.68017774e-01  4.84370563e-02 -2.23467329e+02]]

[[ 1.57406213e-01  9.86990566e-01  3.27552583e-02 -2.89905937e+02]
 [-5.54743801e-02 -2.42789922e-02  9.98164878e-01  9.56576424e+02]
 [ 9.85974582e-01 -1.58934431e-01  5.09310256e-02 -2.25375186e+02]]

[[ 1.62482370e-01  9.86124815e-01  3.40195348e-02 -2.90398942e+02]
 [-5.21097755e-02 -2.58537331e-02  9.98306644e-01  9.55952717e+02]
 [ 9.85334487e-01 -1.63979980e-01  4.71859669e-02 -2.24306553e+02]]

[[ 1.60349728e-01  9.86641083e-01  2.87634775e-02 -2.90032377e+02]
 [-6.11759579e-02 -1.91506017e-02  9.97943263e-01  9.56353882e+02]
 [ 9.85162660e-01 -1.61779564e-01  5.72879196e-02 -2.24478135e+02]]

[[ 1.63039072e-01  9.86363670e-01  2.24715516e-02 -2.90617612e+02]
 [-5.37709246e-02 -1.38591063e-02  9.98457116e-01  9.54505686e+02]
 [ 9.85153261e-01 -1.63995838e-01  5.07781107e-02 -2.23726792e+02]]

[[ 1.62113098e-01  9.85949758e-01  4.02792479e-02 -2.90207623e+02]
 [-5.43841461e-02 -3.18300355e-02  9.98012632e-01  9.57270669e+02]
 [ 9.85272403e-01 -1.63981473e-01  4.84599700e-02 -2.24217879e+02]]

[[ 1.63780217e-01  9.86087830e-01  2.84047771e-02 -2.90405737e+02]
 [-4.82874958e-02 -2.07456019e-02  9.98618014e-01  9.55524675e+02]
 [ 9.85314345e-01 -1.64925471e-01  4.42179928e-02 -2.24251775e+02]]

[[ 1.62704094e-01  9.86104225e-01  3.35534819e-02 -2.90515127e+02]
 [-5.54848033e-02 -2.48085806e-02  9.98151277e-01  9.55589555e+02]
 [ 9.85113605e-01 -1.64265007e-01  5.06773413e-02 -2.23763186e+02]]

[[ 1.61461503e-01  9.86335936e-01  3.27353810e-02 -2.90329786e+02]
 [-5.45919199e-02 -2.41930505e-02  9.98215617e-01  9.55722505e+02]
 [ 9.85367903e-01 -1.62960481e-01  4.99397261e-02 -2.24198904e+02]]

[[ 1.60128485e-01  9.86480175e-01  3.48673516e-02 -2.90360251e+02]
 [-6.59828576e-02 -2.45469736e-02  9.97518776e-01  9.56326127e+02]
 [ 9.84888385e-01 -1.62031818e-01  6.11601113e-02 -2.24107863e+02]]

[[ 1.62158932e-01  9.86125292e-01  3.55160537e-02 -2.90310261e+02]
 [-5.40929561e-02 -2.70547560e-02  9.98169320e-01  9.55986219e+02]
 [ 9.85280890e-01 -1.63783239e-01  4.89552618e-02 -2.24190954e+02]]

[[ 1.63039693e-01  9.86055085e-01  3.33680812e-02 -2.90354252e+02]
 [-4.99858443e-02 -2.55217074e-02  9.98423787e-01  9.56165999e+02]
 [ 9.85352462e-01 -1.64450639e-01  4.51277446e-02 -2.24414927e+02]]

[[ 1.60440112e-01  9.86593837e-01  2.98591936e-02 -2.90078541e+02]
 [-5.05933190e-02 -2.19913454e-02  9.98477189e-01  9.55949569e+02]
 [ 9.85748085e-01 -1.61706467e-01  4.63867628e-02 -2.24592157e+02]]

[[ 1.65706100e-01  9.85755047e-01  2.87832550e-02 -2.90535262e+02]
 [-5.02660221e-02 -2.07062635e-02  9.98521195e-01  9.55934388e+02]
 [ 9.84893302e-01 -1.66907873e-01  4.61188308e-02 -2.24074929e+02]]

[[ 1.61547095e-01  9.86411084e-01  2.99283938e-02 -2.90112398e+02]
 [-5.50178555e-02 -2.12774402e-02  9.98258637e-01  9.56291037e+02]
 [ 9.85330184e-01 -1.62912379e-01  5.08329138e-02 -2.24489625e+02]]

[[ 1.59015814e-01  9.86249976e-01  4.49995085e-02 -2.89881831e+02]
 [-6.38144646e-02 -3.52165388e-02  9.97340218e-01  9.58450779e+02]
 [ 9.85211493e-01 -1.61464486e-01  5.73370276e-02 -2.24668612e+02]]

[[ 1.62085335e-01  9.86211889e-01  3.33834293e-02 -2.90316011e+02]
 [-5.36870028e-02 -2.49672377e-02  9.98245632e-01  9.55900470e+02]
 [ 9.85315203e-01 -1.63593234e-01  4.88999374e-02 -2.24218955e+02]]

[[ 1.63515751e-01  9.85853628e-01  3.68133710e-02 -2.90480698e+02]
 [-5.87132027e-02 -2.75247338e-02  9.97895360e-01  9.56663476e+02]
 [ 9.84792038e-01 -1.65333040e-01  5.33818964e-02 -2.23983964e+02]]

[[ 1.63680202e-01  9.86106483e-01  2.83336369e-02 -2.90494943e+02]
 [-5.05923621e-02 -2.02924765e-02  9.98513209e-01  9.55325948e+02]
 [ 9.85215309e-01 -1.64870309e-01  4.65679796e-02 -2.24201201e+02]]

[[ 1.61583402e-01  9.86256902e-01  3.44692190e-02 -2.90275161e+02]
 [-5.66631993e-02 -2.55984956e-02  9.98065128e-01  9.56424468e+02]
 [ 9.85230981e-01 -1.63223895e-01  5.17481795e-02 -2.24298571e+02]]

[[ 1.60971123e-01  9.86193336e-01  3.88715936e-02 -2.90192992e+02]
 [-5.65276516e-02 -3.01081622e-02  9.97946954e-01  9.56609531e+02]
 [ 9.85338988e-01 -1.62837962e-01  5.09006487e-02 -2.24200996e+02]]

[[ 1.62226077e-01  9.85997379e-01  3.86247147e-02 -2.90330535e+02]
 [-6.09394310e-02 -2.90575057e-02  9.97718421e-01  9.56961983e+02]
 [ 9.84870086e-01 -1.64209714e-01  5.53722340e-02 -2.24015580e+02]]

[[ 1.61360715e-01  9.86596459e-01  2.42929195e-02 -2.90491963e+02]
 [-5.73272289e-02 -1.52035751e-02  9.98239671e-01  9.54289184e+02]
 [ 9.85229064e-01 -1.62469312e-01  5.41055814e-02 -2.23798994e+02]]

[[ 1.60028294e-01  9.86469211e-01  3.56292006e-02 -2.90362532e+02]
 [-5.88043148e-02 -2.65032639e-02  9.97917647e-01  9.55914972e+02]
 [ 9.85359324e-01 -1.61790210e-01  5.37673740e-02 -2.24102946e+02]]

[[ 1.63531171e-01  9.85874231e-01  3.61877919e-02 -2.90240525e+02]
 [-5.45137182e-02 -2.75952923e-02  9.98131632e-01  9.56699678e+02]
 [ 9.85030868e-01 -1.65198365e-01  4.92309796e-02 -2.24198773e+02]]

[[ 1.64906365e-01  9.85827527e-01  3.08217159e-02 -2.90717878e+02]
 [-5.57390000e-02 -2.18848529e-02  9.98205498e-01  9.55486823e+02]
 [ 9.84732987e-01 -1.66328412e-01  5.13400890e-02 -2.23640803e+02]]

[[ 1.62525072e-01  9.86203129e-01  3.14482170e-02 -2.90429312e+02]
 [-6.17324765e-02 -2.16464319e-02  9.97857973e-01  9.56063649e+02]
 [ 9.84771396e-01 -1.64118315e-01  5.73626735e-02 -2.23769503e+02]]

