[[ 8.99765819e-01 -3.68981269e-01 -2.32968440e-01 -5.85517488e+02]
 [ 1.32285688e-02  5.56692872e-01 -8.30613058e-01  8.76385145e+02]
 [ 4.36172530e-01  7.44275399e-01  5.05774312e-01 -4.15076764e+02]
 [ 0.00000000e+00  0.00000000e+00  0.00000000e+00  1.00000000e+00]]

[[ 9.35477112e-01 -2.75609996e-01 -2.21182511e-01 -6.14804152e+02]
 [-2.95040090e-02  5.62794854e-01 -8.26069892e-01  8.99986018e+02]
 [ 3.52153499e-01  7.79295247e-01  5.18350105e-01 -3.78031268e+02]
 [ 0.00000000e+00  0.00000000e+00  0.00000000e+00  1.00000000e+00]]

[[ 9.32796640e-01 -2.88327259e-01 -2.16235568e-01 -6.12132324e+02]
 [-2.33437386e-02  5.50387115e-01 -8.34583185e-01  8.98064653e+02]
 [ 3.59646352e-01  7.83544138e-01  5.06668615e-01 -3.81767498e+02]
 [ 0.00000000e+00  0.00000000e+00  0.00000000e+00  1.00000000e+00]]

[[ 9.37023884e-01 -2.67857599e-01 -2.24139569e-01 -6.16671269e+02]
 [-3.18419555e-02  5.73557936e-01 -8.18545896e-01  8.98805690e+02]
 [ 3.47810767e-01  7.74134097e-01  5.28908375e-01 -3.75897559e+02]
 [ 0.00000000e+00  0.00000000e+00  0.00000000e+00  1.00000000e+00]]

[[ 9.36918437e-01 -2.74921821e-01 -2.15874581e-01 -6.15868672e+02]
 [-2.06035029e-02  5.73073368e-01 -8.19245025e-01  8.93935907e+02]
 [ 3.48940307e-01  7.72013540e-01  5.31258652e-01 -3.76264677e+02]
 [ 0.00000000e+00  0.00000000e+00  0.00000000e+00  1.00000000e+00]]

[[ 9.35803562e-01 -2.67279533e-01 -2.29855051e-01 -6.15943712e+02]
 [-3.99492302e-02  5.67424560e-01 -8.22455730e-01  9.04570568e+02]
 [ 3.50250984e-01  7.78839534e-01  5.20320313e-01 -3.77113662e+02]
 [ 0.00000000e+00  0.00000000e+00  0.00000000e+00  1.00000000e+00]]

[[ 9.35679596e-01 -2.72119649e-01 -2.24620993e-01 -6.14687543e+02]
 [-3.63315623e-02  5.58905588e-01 -8.28435007e-01  9.04740512e+02]
 [ 3.50975372e-01  7.83310564e-01  5.13070023e-01 -3.76782939e+02]
 [ 0.00000000e+00  0.00000000e+00  0.00000000e+00  1.00000000e+00]]

[[ 9.35819215e-01 -2.76023453e-01 -2.19210974e-01 -6.15090987e+02]
 [-2.58789169e-02  5.66427372e-01 -8.23705235e-01  8.96791493e+02]
 [ 3.51529059e-01  7.76512129e-01  5.22930430e-01 -3.77355638e+02]
 [ 0.00000000e+00  0.00000000e+00  0.00000000e+00  1.00000000e+00]]

[[ 9.35542829e-01 -2.72951545e-01 -2.24180886e-01 -6.14625226e+02]
 [-3.32543584e-02  5.63805719e-01 -8.25237698e-01  9.02450223e+02]
 [ 3.51644371e-01  7.79500202e-01  5.18387569e-01 -3.76773083e+02]
 [ 0.00000000e+00  0.00000000e+00  0.00000000e+00  1.00000000e+00]]

[[ 9.37387483e-01 -2.70049378e-01 -2.19950084e-01 -6.16232147e+02]
 [-2.98891247e-02  5.66814469e-01 -8.23303102e-01  8.99684003e+02]
 [ 3.47003381e-01  7.78328139e-01  5.23253249e-01 -3.75636643e+02]
 [ 0.00000000e+00  0.00000000e+00  0.00000000e+00  1.00000000e+00]]

[[ 9.34913038e-01 -2.78614912e-01 -2.19798411e-01 -6.14289617e+02]
 [-2.63000177e-02  5.63264860e-01 -8.25857740e-01  8.98198616e+02]
 [ 3.53901003e-01  7.77885871e-01  5.19276085e-01 -3.78584851e+02]
 [ 0.00000000e+00  0.00000000e+00  0.00000000e+00  1.00000000e+00]]

[[ 9.33997283e-01 -2.81224446e-01 -2.20367615e-01 -6.13365641e+02]
 [-3.06803589e-02  5.51383146e-01 -8.33687796e-01  9.01450965e+02]
 [ 3.55960378e-01  7.85423094e-01  5.06362293e-01 -3.80078694e+02]
 [ 0.00000000e+00  0.00000000e+00  0.00000000e+00  1.00000000e+00]]

[[ 9.34261787e-01 -2.75145775e-01 -2.26825298e-01 -6.13802422e+02]
 [-4.23794095e-02  5.45916177e-01 -8.36767300e-01  9.08956065e+02]
 [ 3.54060586e-01  7.91372435e-01  4.98368107e-01 -3.79230945e+02]
 [ 0.00000000e+00  0.00000000e+00  0.00000000e+00  1.00000000e+00]]

[[ 9.36747177e-01 -2.71836770e-01 -2.20475617e-01 -6.15075181e+02]
 [-3.30200616e-02  5.58472116e-01 -8.28865834e-01  9.02994534e+02]
 [ 3.48445696e-01  7.83717848e-01  5.14171111e-01 -3.75660358e+02]
 [ 0.00000000e+00  0.00000000e+00  0.00000000e+00  1.00000000e+00]]

[[ 9.34628906e-01 -2.77726748e-01 -2.22118575e-01 -6.14393630e+02]
 [-3.14931718e-02  5.57495073e-01 -8.29582680e-01  9.00639559e+02]
 [ 3.54227311e-01  7.82347172e-01  5.12304514e-01 -3.79594690e+02]
 [ 0.00000000e+00  0.00000000e+00  0.00000000e+00  1.00000000e+00]]

[[ 9.35117820e-01 -2.72848777e-01 -2.26071245e-01 -6.15591686e+02]
 [-3.33671997e-02  5.67369847e-01 -8.22786781e-01  8.99688971e+02]
 [ 3.52762374e-01  7.76945945e-01  5.21453455e-01 -3.78655918e+02]
 [ 0.00000000e+00  0.00000000e+00  0.00000000e+00  1.00000000e+00]]

[[ 9.35527119e-01 -2.69913714e-01 -2.27893828e-01 -6.15667189e+02]
 [-3.64035451e-02  5.68028246e-01 -8.22203560e-01  9.02277535e+02]
 [ 3.51374148e-01  7.77489871e-01  5.21580012e-01 -3.77853485e+02]
 [ 0.00000000e+00  0.00000000e+00  0.00000000e+00  1.00000000e+00]]

[[ 9.35879866e-01 -2.64220885e-01 -2.33058364e-01 -6.15666173e+02]
 [-4.72115552e-02  5.61480737e-01 -8.26141908e-01  9.09403141e+02]
 [ 3.49141728e-01  7.84172625e-01  5.13004237e-01 -3.76024363e+02]
 [ 0.00000000e+00  0.00000000e+00  0.00000000e+00  1.00000000e+00]]

[[ 9.36100547e-01 -2.62967695e-01 -2.33588861e-01 -6.15658087e+02]
 [-4.75298288e-02  5.63445253e-01 -8.24785040e-01  9.10558500e+02]
 [ 3.48506356e-01  7.83184166e-01  5.14942600e-01 -3.75716414e+02]
 [ 0.00000000e+00  0.00000000e+00  0.00000000e+00  1.00000000e+00]]

[[ 9.35902913e-01 -2.69927626e-01 -2.26328994e-01 -6.15553928e+02]
 [-4.05128647e-02  5.55765554e-01 -8.30351345e-01  9.04917695e+02]
 [ 3.49920626e-01  7.86297479e-01  5.09207060e-01 -3.77674396e+02]
 [ 0.00000000e+00  0.00000000e+00  0.00000000e+00  1.00000000e+00]]

[[ 9.36066640e-01 -2.68379964e-01 -2.27489430e-01 -6.15341203e+02]
 [-4.14046647e-02  5.58074417e-01 -8.28757262e-01  9.06998982e+02]
 [ 3.49377876e-01  7.85191149e-01  5.11282662e-01 -3.76476997e+02]
 [ 0.00000000e+00  0.00000000e+00  0.00000000e+00  1.00000000e+00]]

[[ 9.34536891e-01 -2.79891018e-01 -2.19776746e-01 -6.13594680e+02]
 [-2.46685113e-02  5.65145581e-01 -8.24622300e-01  8.98397445e+02]
 [ 3.55010232e-01  7.76061525e-01  5.21244899e-01 -3.78189846e+02]
 [ 0.00000000e+00  0.00000000e+00  0.00000000e+00  1.00000000e+00]]

[[ 9.33865599e-01 -2.70727905e-01 -2.33669522e-01 -6.13886236e+02]
 [-3.82256921e-02  5.74086149e-01 -8.17902128e-01  9.05856624e+02]
 [ 3.55575365e-01  7.72742839e-01  5.25770543e-01 -3.82290828e+02]
 [ 0.00000000e+00  0.00000000e+00  0.00000000e+00  1.00000000e+00]]

[[ 9.34976842e-01 -2.53078420e-01 -2.48534943e-01 -6.10630733e+02]
 [-4.85370865e-02  6.02800337e-01 -7.96414405e-01  9.19001525e+02]
 [ 3.51372247e-01  7.56692188e-01  5.51320666e-01 -3.89165361e+02]
 [ 0.00000000e+00  0.00000000e+00  0.00000000e+00  1.00000000e+00]]

[[ 9.39338699e-01 -2.47035648e-01 -2.37941583e-01 -6.10574936e+02]
 [-3.79065194e-02  6.14705337e-01 -7.87845445e-01  9.14262823e+02]
 [ 3.40889871e-01  7.49073253e-01  5.68052250e-01 -3.97730222e+02]
 [ 0.00000000e+00  0.00000000e+00  0.00000000e+00  1.00000000e+00]]

[[ 9.49476742e-01 -2.30977314e-01 -2.12469756e-01 -6.13894263e+02]
 [-2.97585758e-02  6.07694683e-01 -7.93613004e-01  9.13724201e+02]
 [ 3.12423340e-01  7.59839887e-01  5.70118412e-01 -3.86019541e+02]
 [ 0.00000000e+00  0.00000000e+00  0.00000000e+00  1.00000000e+00]]

[[ 9.48936888e-01 -2.25269778e-01 -2.20844535e-01 -6.13920154e+02]
 [-4.27771618e-02  6.01706669e-01 -7.97570811e-01  9.20516413e+02]
 [ 3.12552229e-01  7.66291466e-01  5.61345253e-01 -3.85796561e+02]
 [ 0.00000000e+00  0.00000000e+00  0.00000000e+00  1.00000000e+00]]

[[ 9.50053379e-01 -2.22873409e-01 -2.18462859e-01 -6.15040695e+02]
 [-3.87687115e-02  6.10301140e-01 -7.91220264e-01  9.17653736e+02]
 [ 3.09670089e-01  7.60171008e-01  5.71178145e-01 -3.84405534e+02]
 [ 0.00000000e+00  0.00000000e+00  0.00000000e+00  1.00000000e+00]]

[[ 9.50100145e-01 -2.21006338e-01 -2.20149752e-01 -6.14382279e+02]
 [-4.31052286e-02  6.05948363e-01 -7.94335270e-01  9.21865535e+02]
 [ 3.08952511e-01  7.64187660e-01  5.66185099e-01 -3.83296092e+02]
 [ 0.00000000e+00  0.00000000e+00  0.00000000e+00  1.00000000e+00]]

[[ 9.49073792e-01 -2.16000839e-01 -2.29352513e-01 -6.15086775e+02]
 [-5.43771559e-02  6.04747865e-01 -7.94558459e-01  9.24234514e+02]
 [ 3.10325736e-01  7.66566147e-01  5.62204838e-01 -3.85099508e+02]
 [ 0.00000000e+00  0.00000000e+00  0.00000000e+00  1.00000000e+00]]

[[ 9.47868935e-01 -2.20550076e-01 -2.30004666e-01 -6.13565998e+02]
 [-4.65887158e-02  6.18116767e-01 -7.84704501e-01  9.21235233e+02]
 [ 3.15236378e-01  7.54512641e-01  5.75618537e-01 -3.86310456e+02]
 [ 0.00000000e+00  0.00000000e+00  0.00000000e+00  1.00000000e+00]]

[[ 9.48183718e-01 -2.30550730e-01 -2.18618384e-01 -6.13053480e+02]
 [-3.72909126e-02  6.02569354e-01 -7.97194808e-01  9.18428868e+02]
 [ 3.15526583e-01  7.64039616e-01  5.62749004e-01 -3.87218411e+02]
 [ 0.00000000e+00  0.00000000e+00  0.00000000e+00  1.00000000e+00]]

[[ 9.49174937e-01 -2.22998070e-01 -2.22123387e-01 -6.13938300e+02]
 [-4.65678609e-02  5.98453321e-01 -7.99803136e-01  9.23470197e+02]
 [ 3.11285034e-01  7.69496903e-01  5.57652351e-01 -3.85518743e+02]
 [ 0.00000000e+00  0.00000000e+00  0.00000000e+00  1.00000000e+00]]

[[ 9.47105206e-01 -2.21605423e-01 -2.32126616e-01 -6.12975614e+02]
 [-5.22091813e-02  6.07277557e-01 -7.92772458e-01  9.25750345e+02]
 [ 3.16647960e-01  7.62958062e-01  5.63585898e-01 -3.87305937e+02]
 [ 0.00000000e+00  0.00000000e+00  0.00000000e+00  1.00000000e+00]]

[[ 9.47608845e-01 -2.33908378e-01 -2.17541600e-01 -6.11901107e+02]
 [-3.83415745e-02  5.92811927e-01 -8.04427712e-01  9.20187170e+02]
 [ 3.17123636e-01  7.70623702e-01  5.52785410e-01 -3.87850522e+02]
 [ 0.00000000e+00  0.00000000e+00  0.00000000e+00  1.00000000e+00]]

[[ 9.48503145e-01 -2.35221939e-01 -2.12161314e-01 -6.12728834e+02]
 [-3.11348340e-02  5.97298357e-01 -8.01414559e-01  9.15823261e+02]
 [ 3.15233891e-01  7.66749837e-01  5.59215774e-01 -3.87637652e+02]
 [ 0.00000000e+00  0.00000000e+00  0.00000000e+00  1.00000000e+00]]

[[ 9.47694044e-01 -2.27474004e-01 -2.23900819e-01 -6.12541611e+02]
 [-4.55798169e-02  5.97848116e-01 -8.00312508e-01  9.24026691e+02]
 [ 3.15908973e-01  7.68656755e-01  5.56208876e-01 -3.88438177e+02]
 [ 0.00000000e+00  0.00000000e+00  0.00000000e+00  1.00000000e+00]]

[[ 9.46840924e-01 -2.31387557e-01 -2.23499581e-01 -6.11582621e+02]
 [-2.90869508e-02  6.30319746e-01 -7.75790543e-01  9.13432773e+02]
 [ 3.20384478e-01  7.41051156e-01  5.90082172e-01 -4.03892426e+02]
 [ 0.00000000e+00  0.00000000e+00  0.00000000e+00  1.00000000e+00]]

[[ 9.51966940e-01 -2.03649058e-01 -2.28661335e-01 -6.11587141e+02]
 [-4.57842467e-02  6.43705142e-01 -7.63902803e-01  9.31168691e+02]
 [ 3.02758564e-01  7.37679301e-01  6.03462096e-01 -4.07591406e+02]
 [ 0.00000000e+00  0.00000000e+00  0.00000000e+00  1.00000000e+00]]

[[ 9.58943777e-01 -1.98266502e-01 -2.02773833e-01 -6.13212779e+02]
 [-2.61047654e-02  6.50262456e-01 -7.59261009e-01  9.28809961e+02]
 [ 2.82392235e-01  7.33381983e-01  6.18389435e-01 -4.12318763e+02]
 [ 0.00000000e+00  0.00000000e+00  0.00000000e+00  1.00000000e+00]]

[[ 9.63931676e-01 -1.79224168e-01 -1.96759806e-01 -6.15988165e+02]
 [-2.40021344e-02  6.77731407e-01 -7.34917708e-01  9.28603095e+02]
 [ 2.65065315e-01  7.13133113e-01  6.48985009e-01 -4.19498246e+02]
 [ 0.00000000e+00  0.00000000e+00  0.00000000e+00  1.00000000e+00]]

[[ 9.66990877e-01 -1.72509327e-01 -1.87534467e-01 -6.16490680e+02]
 [-2.17703873e-02  6.77351146e-01 -7.35337661e-01  9.36098812e+02]
 [ 2.53879291e-01  7.15147507e-01  6.51236784e-01 -4.26976378e+02]
 [ 0.00000000e+00  0.00000000e+00  0.00000000e+00  1.00000000e+00]]

[[ 9.74973202e-01 -1.52200476e-01 -1.62056382e-01 -6.24409439e+02]
 [-8.94584717e-03  7.01477348e-01 -7.12635603e-01  9.30344688e+02]
 [ 2.22142360e-01  6.96250347e-01  6.82560054e-01 -4.27753383e+02]
 [ 0.00000000e+00  0.00000000e+00  0.00000000e+00  1.00000000e+00]]

[[ 9.74335556e-01 -1.66632919e-01 -1.51339668e-01 -6.21927852e+02]
 [ 1.16439758e-02  7.08729782e-01 -7.05383948e-01  9.28442104e+02]
 [ 2.24799116e-01  6.85518465e-01  6.92480896e-01 -4.41926723e+02]
 [ 0.00000000e+00  0.00000000e+00  0.00000000e+00  1.00000000e+00]]

[[ 9.76425198e-01 -1.65137358e-01 -1.39008940e-01 -6.23880678e+02]
 [ 2.41134970e-02  7.23406228e-01 -6.90001426e-01  9.27311209e+02]
 [ 2.14504946e-01  6.70382788e-01  7.10334109e-01 -4.50708036e+02]
 [ 0.00000000e+00  0.00000000e+00  0.00000000e+00  1.00000000e+00]]

[[ 9.84535301e-01 -1.18727731e-01 -1.28817574e-01 -6.34130289e+02]
 [-2.18774911e-03  7.26927662e-01 -6.86710556e-01  9.54069741e+02]
 [ 1.75172644e-01  6.76372605e-01  7.15426198e-01 -4.44653792e+02]
 [ 0.00000000e+00  0.00000000e+00  0.00000000e+00  1.00000000e+00]]

[[ 9.83580306e-01 -1.46125450e-01 -1.05910972e-01 -6.34966891e+02]
 [ 4.23899123e-02  7.57501298e-01 -6.51455968e-01  9.29420742e+02]
 [ 1.75421995e-01  6.36269704e-01  7.51257604e-01 -4.60634394e+02]
 [ 0.00000000e+00  0.00000000e+00  0.00000000e+00  1.00000000e+00]]

[[ 9.88142472e-01 -1.13487139e-01 -1.03417239e-01 -6.43409601e+02]
 [ 2.13394614e-02  7.68526285e-01 -6.39462256e-01  9.46480279e+02]
 [ 1.52049608e-01  6.29672946e-01  7.61835217e-01 -4.65113786e+02]
 [ 0.00000000e+00  0.00000000e+00  0.00000000e+00  1.00000000e+00]]

[[ 9.90770583e-01 -1.12371342e-01 -7.58045781e-02 -6.53814870e+02]
 [ 4.21313866e-02  7.86832641e-01 -6.15726678e-01  9.32761345e+02]
 [ 1.28835549e-01  6.06850127e-01  7.84304995e-01 -4.69363283e+02]
 [ 0.00000000e+00  0.00000000e+00  0.00000000e+00  1.00000000e+00]]

[[ 9.89891251e-01 -1.27899272e-01 -6.12950774e-02 -6.53888412e+02]
 [ 6.40475273e-02  7.88718166e-01 -6.11409494e-01  9.34442182e+02]
 [ 1.26543370e-01  6.01303111e-01  7.88936844e-01 -4.77590707e+02]
 [ 0.00000000e+00  0.00000000e+00  0.00000000e+00  1.00000000e+00]]

[[ 9.91679682e-01 -1.26484083e-01 -2.39412718e-02 -6.61856962e+02]
 [ 8.30158262e-02  7.70501759e-01 -6.32009029e-01  9.32205040e+02]
 [ 9.83858742e-02  6.24763008e-01  7.74591120e-01 -4.66454912e+02]
 [ 0.00000000e+00  0.00000000e+00  0.00000000e+00  1.00000000e+00]]

[[ 9.91971693e-01 -1.23362299e-01 -2.78191144e-02 -6.62650374e+02]
 [ 8.06586657e-02  7.86627734e-01 -6.12136413e-01  9.23721938e+02]
 [ 9.73978425e-02  6.04978141e-01  7.90262683e-01 -4.67524176e+02]
 [ 0.00000000e+00  0.00000000e+00  0.00000000e+00  1.00000000e+00]]

[[ 9.91112954e-01 -1.30503950e-01 -2.57649098e-02 -6.60589144e+02]
 [ 8.53494006e-02  7.72433631e-01 -6.29334383e-01  9.30014999e+02]
 [ 1.02032306e-01  6.21542440e-01  7.76707412e-01 -4.68320539e+02]
 [ 0.00000000e+00  0.00000000e+00  0.00000000e+00  1.00000000e+00]]

[[ 9.91476355e-01 -1.27301743e-01 -2.77291100e-02 -6.61606896e+02]
 [ 8.24261684e-02  7.77712625e-01 -6.23192586e-01  9.26994236e+02]
 [ 1.00898781e-01  6.15595109e-01  7.81576674e-01 -4.68565115e+02]
 [ 0.00000000e+00  0.00000000e+00  0.00000000e+00  1.00000000e+00]]

[[ 9.92167497e-01 -1.22123561e-01 -2.62582153e-02 -6.62475559e+02]
 [ 7.91885225e-02  7.77494284e-01 -6.23884457e-01  9.30650536e+02]
 [ 9.66066037e-02  6.16918531e-01  7.81075342e-01 -4.65890572e+02]
 [ 0.00000000e+00  0.00000000e+00  0.00000000e+00  1.00000000e+00]]

[[ 9.91860045e-01 -1.24331765e-01 -2.74820580e-02 -6.62080794e+02]
 [ 8.06391863e-02  7.80367122e-01 -6.20100377e-01  9.27822916e+02]
 [ 9.85442688e-02  6.12836657e-01  7.84040981e-01 -4.67457540e+02]
 [ 0.00000000e+00  0.00000000e+00  0.00000000e+00  1.00000000e+00]]

[[ 9.90998315e-01 -1.30479695e-01 -2.99564514e-02 -6.59616689e+02]
 [ 8.24522156e-02  7.71161083e-01 -6.31278240e-01  9.31513317e+02]
 [ 1.05470242e-01  6.23125697e-01  7.74977673e-01 -4.69392924e+02]
 [ 0.00000000e+00  0.00000000e+00  0.00000000e+00  1.00000000e+00]]

[[ 9.89954791e-01 -1.38543071e-01 -2.82015739e-02 -6.64698348e+02]
 [ 9.03795076e-02  7.73499701e-01 -6.27319502e-01  9.24050745e+02]
 [ 1.08724679e-01  6.18469102e-01  7.78251190e-01 -4.68697481e+02]
 [ 0.00000000e+00  0.00000000e+00  0.00000000e+00  1.00000000e+00]]

[[ 9.77805882e-01 -2.06186246e-01 -3.71872058e-02 -6.80814039e+02]
 [ 1.28156497e-01  7.29030197e-01 -6.72377040e-01  9.24960904e+02]
 [ 1.65745494e-01  6.52688443e-01  7.39274122e-01 -4.70163712e+02]
 [ 0.00000000e+00  0.00000000e+00  0.00000000e+00  1.00000000e+00]]

[[ 9.64250927e-01 -2.61378948e-01 -4.36026921e-02 -7.16317890e+02]
 [ 1.58182616e-01  6.99762614e-01 -6.96642336e-01  9.16221798e+02]
 [ 2.12599175e-01  6.64840830e-01  7.16092355e-01 -4.63603198e+02]
 [ 0.00000000e+00  0.00000000e+00  0.00000000e+00  1.00000000e+00]]

[[ 9.59452738e-01 -2.78078833e-01 -4.60717499e-02 -7.35013088e+02]
 [ 1.70554727e-01  7.02875016e-01 -6.90563391e-01  9.10767017e+02]
 [ 2.24413744e-01  6.54705181e-01  7.21803018e-01 -4.56820142e+02]
 [ 0.00000000e+00  0.00000000e+00  0.00000000e+00  1.00000000e+00]]

[[ 9.57239215e-01 -2.86421932e-01 -4.06885982e-02 -7.37205860e+02]
 [ 1.86298225e-01  7.17905309e-01 -6.70749535e-01  8.92610983e+02]
 [ 2.21327938e-01  6.34487544e-01  7.40567012e-01 -4.57278294e+02]
 [ 0.00000000e+00  0.00000000e+00  0.00000000e+00  1.00000000e+00]]

[[ 9.61048307e-01 -2.72004195e-01 -4.89884571e-02 -7.38749742e+02]
 [ 1.69014906e-01  7.18647929e-01 -6.74521397e-01  9.05047946e+02]
 [ 2.18678103e-01  6.39967868e-01  7.36628139e-01 -4.54882200e+02]
 [ 0.00000000e+00  0.00000000e+00  0.00000000e+00  1.00000000e+00]]

[[ 9.59235455e-01 -2.80152311e-01 -3.71755882e-02 -7.39355868e+02]
 [ 1.84499695e-01  7.20435437e-01 -6.68530211e-01  8.92975726e+02]
 [ 2.14072895e-01  6.34418997e-01  7.42755230e-01 -4.53090056e+02]
 [ 0.00000000e+00  0.00000000e+00  0.00000000e+00  1.00000000e+00]]

[[ 9.55802739e-01 -2.91801411e-01 -3.59591418e-02 -7.35526510e+02]
 [ 1.87951111e-01  7.00480662e-01 -6.88477467e-01  8.98605343e+02]
 [ 2.26087380e-01  6.51290088e-01  7.24365735e-01 -4.57705080e+02]
 [ 0.00000000e+00  0.00000000e+00  0.00000000e+00  1.00000000e+00]]

[[ 9.56082868e-01 -2.90813393e-01 -3.65119031e-02 -7.36312659e+02]
 [ 1.91407197e-01  7.13848864e-01 -6.73634236e-01  8.90923724e+02]
 [ 2.21965838e-01  6.37061512e-01  7.38162446e-01 -4.57130569e+02]
 [ 0.00000000e+00  0.00000000e+00  0.00000000e+00  1.00000000e+00]]

[[ 9.56613430e-01 -2.87798418e-01 -4.54182288e-02 -7.35544078e+02]
 [ 1.81551729e-01  7.10716897e-01 -6.79647307e-01  8.97954750e+02]
 [ 2.27880923e-01  6.41913984e-01  7.32131629e-01 -4.60545225e+02]
 [ 0.00000000e+00  0.00000000e+00  0.00000000e+00  1.00000000e+00]]

[[ 9.57265483e-01 -2.85183307e-01 -4.80965272e-02 -7.35008182e+02]
 [ 1.79282789e-01  7.15643213e-01 -6.75064792e-01  9.00199471e+02]
 [ 2.26937163e-01  6.37593345e-01  7.36189005e-01 -4.59273687e+02]
 [ 0.00000000e+00  0.00000000e+00  0.00000000e+00  1.00000000e+00]]

[[ 9.56635401e-01 -2.87811362e-01 -4.48701314e-02 -7.35351508e+02]
 [ 1.83172657e-01  7.14159835e-01 -6.75591228e-01  8.97163172e+02]
 [ 2.26487277e-01  6.38075505e-01  7.35909752e-01 -4.59711906e+02]
 [ 0.00000000e+00  0.00000000e+00  0.00000000e+00  1.00000000e+00]]

[[ 9.57833700e-01 -2.85640309e-01 -3.10518484e-02 -7.39386816e+02]
 [ 1.89662201e-01  7.09745313e-01 -6.78446638e-01  8.93953061e+02]
 [ 2.15830611e-01  6.43949691e-01  7.33993149e-01 -4.52159819e+02]
 [ 0.00000000e+00  0.00000000e+00  0.00000000e+00  1.00000000e+00]]

[[ 9.54790053e-01 -2.97270701e-01 -2.46659358e-03 -7.54571873e+02]
 [ 2.15458700e-01  6.97690948e-01 -6.83231213e-01  8.86642091e+02]
 [ 2.04825542e-01  6.51810917e-01  7.30197936e-01 -4.50078950e+02]
 [ 0.00000000e+00  0.00000000e+00  0.00000000e+00  1.00000000e+00]]

[[ 9.48886753e-01 -3.15608376e-01 -2.29829011e-03 -7.59803153e+02]
 [ 2.22215398e-01  6.73233449e-01 -7.05249630e-01  9.07328781e+02]
 [ 2.24129976e-01  6.68691316e-01  7.08955342e-01 -4.59806089e+02]
 [ 0.00000000e+00  0.00000000e+00  0.00000000e+00  1.00000000e+00]]

[[ 9.45793009e-01 -3.24414028e-01  1.52027068e-02 -7.74911988e+02]
 [ 2.57514231e-01  7.20585602e-01 -6.43772328e-01  8.78155060e+02]
 [ 1.97893923e-01  6.12790281e-01  7.65066054e-01 -4.63751415e+02]
 [ 0.00000000e+00  0.00000000e+00  0.00000000e+00  1.00000000e+00]]

[[ 9.37287908e-01 -3.48161580e-01  1.65798465e-02 -7.69335748e+02]
 [ 2.68472825e-01  6.90785952e-01 -6.71369579e-01  8.79587736e+02]
 [ 2.22291968e-01  6.33717827e-01  7.40937242e-01 -4.76092771e+02]
 [ 0.00000000e+00  0.00000000e+00  0.00000000e+00  1.00000000e+00]]

[[ 9.35955387e-01 -3.51650012e-01  1.81599224e-02 -7.68442869e+02]
 [ 2.69574833e-01  6.82415571e-01 -6.79439768e-01  8.81592084e+02]
 [ 2.26532388e-01  6.40820769e-01  7.33506523e-01 -4.77422119e+02]
 [ 0.00000000e+00  0.00000000e+00  0.00000000e+00  1.00000000e+00]]

[[ 9.39115500e-01 -3.43376282e-01  1.24420844e-02 -7.69351605e+02]
 [ 2.58831687e-01  6.83147003e-01 -6.82873583e-01  8.90338281e+02]
 [ 2.25982820e-01  6.44517572e-01  7.30430602e-01 -4.76135201e+02]
 [ 0.00000000e+00  0.00000000e+00  0.00000000e+00  1.00000000e+00]]

[[ 9.38538167e-01 -3.44735419e-01  1.74241151e-02 -7.70154120e+02]
 [ 2.66530281e-01  6.91700747e-01 -6.71201673e-01  8.81549566e+02]
 [ 2.19334717e-01  6.34592443e-01  7.41069979e-01 -4.73794483e+02]
 [ 0.00000000e+00  0.00000000e+00  0.00000000e+00  1.00000000e+00]]

[[ 9.35700482e-01 -3.51992023e-01  2.37954502e-02 -7.69928529e+02]
 [ 2.76245572e-01  6.89050265e-01 -6.69998595e-01  8.74034868e+02]
 [ 2.19437899e-01  6.33491396e-01  7.41980903e-01 -4.74943780e+02]
 [ 0.00000000e+00  0.00000000e+00  0.00000000e+00  1.00000000e+00]]

[[ 9.38586819e-01 -3.45018921e-01 -4.08986063e-03 -7.62517058e+02]
 [ 2.53303835e-01  6.97037510e-01 -6.70802412e-01  8.86698916e+02]
 [ 2.34290311e-01  6.28570325e-01  7.41624835e-01 -4.83741426e+02]
 [ 0.00000000e+00  0.00000000e+00  0.00000000e+00  1.00000000e+00]]

[[ 9.45874317e-01 -3.21401929e-01 -4.49730653e-02 -7.43872335e+02]
 [ 2.02204986e-01  6.92045608e-01 -6.92954558e-01  9.16079706e+02]
 [ 2.53840344e-01  6.46354141e-01  7.19577240e-01 -4.82994913e+02]
 [ 0.00000000e+00  0.00000000e+00  0.00000000e+00  1.00000000e+00]]

[[ 9.54072159e-01 -2.96536515e-01 -4.25724107e-02 -7.40736013e+02]
 [ 1.94255512e-01  7.20556298e-01 -6.65630090e-01  8.95675617e+02]
 [ 2.28059446e-01  6.26789212e-01  7.45066556e-01 -4.69037151e+02]
 [ 0.00000000e+00  0.00000000e+00  0.00000000e+00  1.00000000e+00]]

[[ 9.55393640e-01 -2.86503919e-01 -7.16833111e-02 -7.19646659e+02]
 [ 1.57289853e-01  6.99040294e-01 -6.97569042e-01  9.16348883e+02]
 [ 2.49965788e-01  6.55177969e-01  7.12922811e-01 -4.70237796e+02]
 [ 0.00000000e+00  0.00000000e+00  0.00000000e+00  1.00000000e+00]]

[[ 9.60295763e-01 -2.66319315e-01 -8.31027638e-02 -7.09639600e+02]
 [ 1.33078491e-01  6.99080277e-01 -7.02550270e-01  9.18121789e+02]
 [ 2.45198209e-01  6.63596857e-01  7.06765201e-01 -4.57399385e+02]
 [ 0.00000000e+00  0.00000000e+00  0.00000000e+00  1.00000000e+00]]

[[ 9.65714028e-01 -2.50863167e-01 -6.68138334e-02 -7.16666637e+02]
 [ 1.34054207e-01  7.02266677e-01 -6.99178792e-01  9.13319036e+02]
 [ 2.22319335e-01  6.66250092e-01  7.11818044e-01 -4.45573634e+02]
 [ 0.00000000e+00  0.00000000e+00  0.00000000e+00  1.00000000e+00]]

[[ 9.62144864e-01 -2.65035721e-01 -6.35084877e-02 -7.13962233e+02]
 [ 1.42950875e-01  6.89165717e-01 -7.10363050e-01  9.10774352e+02]
 [ 2.32039456e-01  6.74393566e-01  7.00964343e-01 -4.50549349e+02]
 [ 0.00000000e+00  0.00000000e+00  0.00000000e+00  1.00000000e+00]]

[[ 9.64710905e-01 -2.54003373e-01 -6.93913287e-02 -7.15439904e+02]
 [ 1.30075967e-01  6.88853361e-01 -7.13134833e-01  9.19823587e+02]
 [ 2.28939103e-01  6.78942806e-01  6.97584083e-01 -4.48529005e+02]
 [ 0.00000000e+00  0.00000000e+00  0.00000000e+00  1.00000000e+00]]

[[ 9.62521253e-01 -2.60824498e-01 -7.43197019e-02 -7.12382549e+02]
 [ 1.32692560e-01  6.91897793e-01 -7.09697209e-01  9.17352742e+02]
 [ 2.36528056e-01  6.73236975e-01  7.00575802e-01 -4.52285472e+02]
 [ 0.00000000e+00  0.00000000e+00  0.00000000e+00  1.00000000e+00]]

[[ 9.47764030e-01 -3.13441909e-01 -5.91397808e-02 -7.24045693e+02]
 [ 1.73383620e-01  6.61867566e-01 -7.29293799e-01  8.94251483e+02]
 [ 2.67733944e-01  6.80944561e-01  6.81639964e-01 -4.54880558e+02]
 [ 0.00000000e+00  0.00000000e+00  0.00000000e+00  1.00000000e+00]]

[[ 9.24681608e-01 -3.75850098e-01 -6.08327899e-02 -7.51438982e+02]
 [ 2.02149549e-01  6.20035357e-01 -7.58084241e-01  8.83762421e+02]
 [ 3.22644517e-01  6.88689233e-01  6.49313218e-01 -4.51948651e+02]
 [ 0.00000000e+00  0.00000000e+00  0.00000000e+00  1.00000000e+00]]

[[ 9.12936389e-01 -3.99058033e-01 -8.54390760e-02 -7.65614789e+02]
 [ 1.95138662e-01  6.10729837e-01 -7.67417728e-01  8.99831884e+02]
 [ 3.58424402e-01  6.83931103e-01  6.35429143e-01 -4.51263063e+02]
 [ 0.00000000e+00  0.00000000e+00  0.00000000e+00  1.00000000e+00]]

[[ 9.19705405e-01 -3.81196974e-01 -9.39725192e-02 -7.71377385e+02]
 [ 1.80828912e-01  6.23741689e-01 -7.60425677e-01  9.05035566e+02]
 [ 3.48486545e-01  6.82374657e-01  6.42590037e-01 -4.46379636e+02]
 [ 0.00000000e+00  0.00000000e+00  0.00000000e+00  1.00000000e+00]]

[[ 9.18930024e-01 -3.84090321e-01 -8.96785127e-02 -7.71136834e+02]
 [ 1.86301714e-01  6.23087038e-01 -7.59640846e-01  9.01814652e+02]
 [ 3.47648215e-01  6.81349520e-01  6.44130072e-01 -4.46011542e+02]
 [ 0.00000000e+00  0.00000000e+00  0.00000000e+00  1.00000000e+00]]

[[ 9.19008078e-01 -3.84645622e-01 -8.64401385e-02 -7.69652247e+02]
 [ 1.83564215e-01  6.11534098e-01 -7.69629928e-01  9.08225850e+02]
 [ 3.48895875e-01  6.91428805e-01  6.32611948e-01 -4.44131354e+02]
 [ 0.00000000e+00  0.00000000e+00  0.00000000e+00  1.00000000e+00]]

[[ 9.07888304e-01 -4.15356166e-01 -5.67281459e-02 -7.64144123e+02]
 [ 1.92135124e-01  5.32551011e-01 -8.24301835e-01  9.13735204e+02]
 [ 3.72589481e-01  7.37474525e-01  5.63301343e-01 -4.50432463e+02]
 [ 0.00000000e+00  0.00000000e+00  0.00000000e+00  1.00000000e+00]]

[[ 9.15028930e-01 -3.94275794e-01 -8.52564156e-02 -7.67495070e+02]
 [ 1.89366981e-01  6.06463750e-01 -7.72231744e-01  9.03489005e+02]
 [ 3.56177209e-01  6.90469636e-01  6.29594693e-01 -4.49071393e+02]
 [ 0.00000000e+00  0.00000000e+00  0.00000000e+00  1.00000000e+00]]

[[ 9.18528497e-01 -3.86743700e-01 -8.20652863e-02 -7.70062549e+02]
 [ 1.88584183e-01  6.11032356e-01 -7.68814325e-01  9.04290865e+02]
 [ 3.47478641e-01  6.90701651e-01  6.34184376e-01 -4.43820495e+02]
 [ 0.00000000e+00  0.00000000e+00  0.00000000e+00  1.00000000e+00]]

[[ 9.20434755e-01 -3.80084744e-01 -9.12986829e-02 -7.69140780e+02]
 [ 1.72174361e-01  6.03887954e-01 -7.78251456e-01  9.14782742e+02]
 [ 3.50935680e-01  7.00610396e-01  6.21280309e-01 -4.42820962e+02]
 [ 0.00000000e+00  0.00000000e+00  0.00000000e+00  1.00000000e+00]]

[[ 9.15634502e-01 -3.98455647e-01 -5.33531216e-02 -7.68183079e+02]
 [ 2.06483853e-01  5.80005518e-01 -7.88008895e-01  8.75660528e+02]
 [ 3.44931699e-01  7.10511574e-01  6.13347720e-01 -4.30408906e+02]
 [ 0.00000000e+00  0.00000000e+00  0.00000000e+00  1.00000000e+00]]

[[ 9.13687224e-01 -3.99121250e-01 -7.66673601e-02 -7.59455625e+02]
 [ 1.80204981e-01  5.66937627e-01 -8.03808368e-01  8.85254364e+02]
 [ 3.64282611e-01  7.20613596e-01  5.89927304e-01 -4.26131642e+02]
 [ 0.00000000e+00  0.00000000e+00  0.00000000e+00  1.00000000e+00]]

[[ 9.12645438e-01 -3.99709554e-01 -8.55019079e-02 -7.54670422e+02]
 [ 1.70339506e-01  5.62062487e-01 -8.09364080e-01  8.82083812e+02]
 [ 3.71567970e-01  7.24098083e-01  5.81050092e-01 -4.17181900e+02]
 [ 0.00000000e+00  0.00000000e+00  0.00000000e+00  1.00000000e+00]]

[[ 9.03343179e-01 -4.12167892e-01 -1.18695956e-01 -7.42619089e+02]
 [ 1.36671347e-01  5.38910122e-01 -8.31202035e-01  8.97677794e+02]
 [ 4.06561243e-01  7.34638353e-01  5.43152324e-01 -4.21387604e+02]
 [ 0.00000000e+00  0.00000000e+00  0.00000000e+00  1.00000000e+00]]

[[ 8.90348359e-01 -4.45175377e-01 -9.53870170e-02 -7.34075818e+02]
 [ 1.59997120e-01  5.02096336e-01 -8.49882457e-01  8.69940176e+02]
 [ 4.26240215e-01  7.41429803e-01  5.18267427e-01 -4.19792143e+02]
 [ 0.00000000e+00  0.00000000e+00  0.00000000e+00  1.00000000e+00]]

[[ 8.91884702e-01 -4.32532066e-01 -1.32127555e-01 -7.33723139e+02]
 [ 1.19060765e-01  5.06392947e-01 -8.54043745e-01  8.82017096e+02]
 [ 4.36309768e-01  7.45977342e-01  5.03141721e-01 -4.11447998e+02]
 [ 0.00000000e+00  0.00000000e+00  0.00000000e+00  1.00000000e+00]]

[[ 8.87283239e-01 -4.34266032e-01 -1.55375249e-01 -7.30339557e+02]
 [ 9.87596889e-02  5.07946143e-01 -8.55708619e-01  8.90149562e+02]
 [ 4.50527445e-01  7.43911103e-01  4.93580077e-01 -4.09303867e+02]
 [ 0.00000000e+00  0.00000000e+00  0.00000000e+00  1.00000000e+00]]

[[ 8.86506939e-01 -4.37424184e-01 -1.50882504e-01 -7.30972264e+02]
 [ 1.09963173e-01  5.15899990e-01 -8.49561829e-01  8.80500627e+02]
 [ 4.49459172e-01  7.36550937e-01  5.05449472e-01 -4.09057631e+02]
 [ 0.00000000e+00  0.00000000e+00  0.00000000e+00  1.00000000e+00]]

[[ 8.85642609e-01 -4.39668704e-01 -1.49427576e-01 -7.30347892e+02]
 [ 1.10990778e-01  5.12883503e-01 -8.51252935e-01  8.80189370e+02]
 [ 4.50908213e-01  7.37320787e-01  5.03030655e-01 -4.09899995e+02]
 [ 0.00000000e+00  0.00000000e+00  0.00000000e+00  1.00000000e+00]]

[[ 8.87240453e-01 -4.34291434e-01 -1.55548482e-01 -7.31914534e+02]
 [ 1.10453084e-01  5.27377907e-01 -8.42420714e-01  8.79938598e+02]
 [ 4.47888932e-01  7.30248926e-01  5.15879841e-01 -4.08615079e+02]
 [ 0.00000000e+00  0.00000000e+00  0.00000000e+00  1.00000000e+00]]

[[ 8.84483799e-01 -4.42879820e-01 -1.46785130e-01 -7.30256955e+02]
 [ 1.17728548e-01  5.16271119e-01 -8.48294831e-01  8.75199017e+02]
 [ 4.51473586e-01  7.33022235e-01  5.08773039e-01 -4.11211632e+02]
 [ 0.00000000e+00  0.00000000e+00  0.00000000e+00  1.00000000e+00]]

[[ 8.88532884e-01 -4.31175031e-01 -1.56835604e-01 -7.25655961e+02]
 [ 1.01756292e-01  5.18506088e-01 -8.48997700e-01  8.83309216e+02]
 [ 4.47386825e-01  7.38403365e-01  5.04584482e-01 -4.03721104e+02]
 [ 0.00000000e+00  0.00000000e+00  0.00000000e+00  1.00000000e+00]]

[[ 8.87408278e-01 -4.32766454e-01 -1.58807253e-01 -7.24332857e+02]
 [ 1.04505669e-01  5.24388832e-01 -8.45041371e-01  8.75309545e+02]
 [ 4.48982308e-01  7.33300450e-01  5.10573538e-01 -4.03744740e+02]
 [ 0.00000000e+00  0.00000000e+00  0.00000000e+00  1.00000000e+00]]

[[ 8.83873508e-01 -4.41766316e-01 -1.53655927e-01 -7.22066033e+02]
 [ 1.06269708e-01  5.09599829e-01 -8.53823614e-01  8.73897978e+02]
 [ 4.55493546e-01  7.38343102e-01  4.97368166e-01 -4.07794179e+02]
 [ 0.00000000e+00  0.00000000e+00  0.00000000e+00  1.00000000e+00]]

[[ 8.93783913e-01 -4.22893955e-01 -1.49368738e-01 -7.28475162e+02]
 [ 1.21685354e-01  5.49205282e-01 -8.26780644e-01  8.64551946e+02]
 [ 4.31674636e-01  7.20787251e-01  5.42330847e-01 -3.93750792e+02]
 [ 0.00000000e+00  0.00000000e+00  0.00000000e+00  1.00000000e+00]]

[[ 8.89971607e-01 -4.32950963e-01 -1.43192185e-01 -7.25696780e+02]
 [ 1.24959220e-01  5.33526148e-01 -8.36501669e-01  8.63121372e+02]
 [ 4.38560978e-01  7.26569551e-01  5.28924338e-01 -3.97421582e+02]
 [ 0.00000000e+00  0.00000000e+00  0.00000000e+00  1.00000000e+00]]

[[ 8.78612859e-01 -4.41758978e-01 -1.81351728e-01 -6.99935568e+02]
 [ 8.56994150e-02  5.19465905e-01 -8.50182794e-01  8.70508504e+02]
 [ 4.69781922e-01  7.31439799e-01  4.94267910e-01 -4.07925372e+02]
 [ 0.00000000e+00  0.00000000e+00  0.00000000e+00  1.00000000e+00]]

[[ 8.93232863e-01 -3.83389212e-01 -2.34835612e-01 -6.68652747e+02]
 [ 4.14944845e-03  5.29335522e-01 -8.48402433e-01  8.87387277e+02]
 [ 4.49575171e-01  7.56846496e-01  4.74410737e-01 -3.69562705e+02]
 [ 0.00000000e+00  0.00000000e+00  0.00000000e+00  1.00000000e+00]]

[[ 8.99147293e-01 -3.81307590e-01 -2.14799132e-01 -6.55094542e+02]
 [ 8.54694747e-03  5.06011177e-01 -8.62484573e-01  8.57279886e+02]
 [ 4.37562675e-01  7.73664792e-01  4.58237596e-01 -3.48454237e+02]
 [ 0.00000000e+00  0.00000000e+00  0.00000000e+00  1.00000000e+00]]

[[ 8.91959668e-01 -3.92259468e-01 -2.24812057e-01 -6.52387184e+02]
 [ 2.26815909e-02  5.35442666e-01 -8.44266958e-01  8.47263651e+02]
 [ 4.51545675e-01  7.47952980e-01  4.86490331e-01 -3.52465188e+02]
 [ 0.00000000e+00  0.00000000e+00  0.00000000e+00  1.00000000e+00]]

[[ 8.92018477e-01 -3.93153088e-01 -2.23010507e-01 -6.51938996e+02]
 [ 1.32008151e-02  5.15836858e-01 -8.56585124e-01  8.53108992e+02]
 [ 4.51806125e-01  7.61145837e-01  4.65325950e-01 -3.53797096e+02]
 [ 0.00000000e+00  0.00000000e+00  0.00000000e+00  1.00000000e+00]]

[[ 8.89526201e-01 -3.95509976e-01 -2.28724720e-01 -6.50815289e+02]
 [ 9.63716760e-04  5.02241759e-01 -8.64726712e-01  8.60923835e+02]
 [ 4.56883147e-01  7.68976641e-01  4.47138364e-01 -3.58529125e+02]
 [ 0.00000000e+00  0.00000000e+00  0.00000000e+00  1.00000000e+00]]

[[ 8.93646329e-01 -3.95038846e-01 -2.12933202e-01 -6.52060655e+02]
 [ 2.59758183e-02  5.19216976e-01 -8.54247615e-01  8.47057862e+02]
 [ 4.48019526e-01  7.57864131e-01  4.74257802e-01 -3.51886131e+02]
 [ 0.00000000e+00  0.00000000e+00  0.00000000e+00  1.00000000e+00]]

[[ 8.93407239e-01 -3.90168468e-01 -2.22692774e-01 -6.52868459e+02]
 [ 1.27300276e-02  5.17489130e-01 -8.55595083e-01  8.53703156e+02]
 [ 4.49067313e-01  7.61559956e-01  4.67295391e-01 -3.52540745e+02]
 [ 0.00000000e+00  0.00000000e+00  0.00000000e+00  1.00000000e+00]]

[[ 8.90695884e-01 -4.09849168e-01 -1.96683762e-01 -6.48916739e+02]
 [ 3.81132974e-02  4.98453744e-01 -8.66078081e-01  8.39273762e+02]
 [ 4.52999138e-01  7.63915915e-01  4.59591401e-01 -3.55937133e+02]
 [ 0.00000000e+00  0.00000000e+00  0.00000000e+00  1.00000000e+00]]

[[ 8.89838889e-01 -4.03757821e-01 -2.12523820e-01 -6.50475520e+02]
 [ 1.95684860e-02  4.99122108e-01 -8.66310681e-01  8.47384852e+02]
 [ 4.55855050e-01  7.66718164e-01  4.52039191e-01 -3.58294098e+02]
 [ 0.00000000e+00  0.00000000e+00  0.00000000e+00  1.00000000e+00]]

[[ 8.92047935e-01 -3.93104742e-01 -2.22977899e-01 -6.52197318e+02]
 [ 9.52289705e-03  5.09618445e-01 -8.60347810e-01  8.54896732e+02]
 [ 4.51840454e-01  7.65348092e-01  4.58347578e-01 -3.55026839e+02]
 [ 0.00000000e+00  0.00000000e+00  0.00000000e+00  1.00000000e+00]]

[[ 8.94003260e-01 -3.96701704e-01 -2.08292893e-01 -6.51599280e+02]
 [ 2.52575788e-02  5.08756744e-01 -8.60539732e-01  8.47060212e+02]
 [ 4.47347992e-01  7.64064351e-01  4.64849913e-01 -3.52538233e+02]
 [ 0.00000000e+00  0.00000000e+00  0.00000000e+00  1.00000000e+00]]

[[ 8.91061874e-01 -4.01060961e-01 -2.12506101e-01 -6.67269662e+02]
 [ 1.88389423e-02  5.00474013e-01 -8.65546565e-01  8.46260864e+02]
 [ 4.53490719e-01  7.67252154e-01  4.53508876e-01 -3.57474266e+02]
 [ 0.00000000e+00  0.00000000e+00  0.00000000e+00  1.00000000e+00]]

[[ 8.95599669e-01 -3.95973935e-01 -2.02745841e-01 -6.69219475e+02]
 [ 2.98384227e-02  5.08194457e-01 -8.60725312e-01  8.41425196e+02]
 [ 4.43859101e-01  7.64815688e-01  4.66954025e-01 -3.55325772e+02]
 [ 0.00000000e+00  0.00000000e+00  0.00000000e+00  1.00000000e+00]]

[[ 8.95368171e-01 -4.06784134e-01 -1.81225016e-01 -6.54418703e+02]
 [ 6.63884357e-02  5.24328248e-01 -8.48924298e-01  8.24820660e+02]
 [ 4.40350330e-01  7.48068551e-01  4.96472587e-01 -3.53129357e+02]
 [ 0.00000000e+00  0.00000000e+00  0.00000000e+00  1.00000000e+00]]

[[ 8.93627471e-01 -3.80438163e-01 -2.38110788e-01 -6.53209442e+02]
 [ 7.58953598e-04  5.31818877e-01 -8.46857784e-01  8.62090881e+02]
 [ 4.48808832e-01  7.56594665e-01  4.75536693e-01 -3.59568009e+02]
 [ 0.00000000e+00  0.00000000e+00  0.00000000e+00  1.00000000e+00]]

[[ 8.87587703e-01 -4.03054702e-01 -2.23013402e-01 -6.47563446e+02]
 [ 1.49838369e-02  5.09145818e-01 -8.60549836e-01  8.54224894e+02]
 [ 4.60394999e-01  7.60471856e-01  4.57950873e-01 -3.66765128e+02]
 [ 0.00000000e+00  0.00000000e+00  0.00000000e+00  1.00000000e+00]]

[[ 8.92497562e-01 -3.78038609e-01 -2.46038436e-01 -6.52778837e+02]
 [-1.18300707e-02  5.25669966e-01 -8.50606335e-01  8.69914157e+02]
 [ 4.50897052e-01  7.62074732e-01  4.64686940e-01 -3.61405025e+02]
 [ 0.00000000e+00  0.00000000e+00  0.00000000e+00  1.00000000e+00]]

[[ 8.91666488e-01 -3.96670900e-01 -2.18135442e-01 -6.49860270e+02]
 [ 2.42598995e-02  5.23040516e-01 -8.51962485e-01  8.48844475e+02]
 [ 4.52042400e-01  7.54374453e-01  4.76000896e-01 -3.61265248e+02]
 [ 0.00000000e+00  0.00000000e+00  0.00000000e+00  1.00000000e+00]]

[[ 8.89655699e-01 -3.91908129e-01 -2.34351777e-01 -6.50309631e+02]
 [ 7.64769308e-03  5.25934150e-01 -8.50490907e-01  8.58177990e+02]
 [ 4.56567903e-01  7.54851832e-01  4.70897507e-01 -3.64231496e+02]
 [ 0.00000000e+00  0.00000000e+00  0.00000000e+00  1.00000000e+00]]

[[ 8.91406318e-01 -3.94378132e-01 -2.23295017e-01 -6.50256539e+02]
 [ 1.78488423e-02  5.22869614e-01 -8.52225783e-01  8.52531677e+02]
 [ 4.52853392e-01  7.55693890e-01  4.73128471e-01 -3.62847120e+02]
 [ 0.00000000e+00  0.00000000e+00  0.00000000e+00  1.00000000e+00]]

[[ 8.91012643e-01 -3.95552774e-01 -2.22787956e-01 -6.50470034e+02]
 [ 1.77745296e-02  5.20765293e-01 -8.53514836e-01  8.51286969e+02]
 [ 4.53630396e-01  7.56532559e-01  4.71039224e-01 -3.63414004e+02]
 [ 0.00000000e+00  0.00000000e+00  0.00000000e+00  1.00000000e+00]]

[[ 8.92396672e-01 -3.94426928e-01 -2.19215828e-01 -6.50596045e+02]
 [ 2.09863497e-02  5.21545617e-01 -8.52965265e-01  8.49396711e+02]
 [ 4.50763523e-01  7.56582823e-01  4.73703154e-01 -3.60155004e+02]
 [ 0.00000000e+00  0.00000000e+00  0.00000000e+00  1.00000000e+00]]

[[ 8.93862847e-01 -3.89546165e-01 -2.21952689e-01 -6.51556441e+02]
 [ 1.83393384e-02  5.26408059e-01 -8.50034249e-01  8.51635025e+02]
 [ 4.47965266e-01  7.55743568e-01  4.77680625e-01 -3.58447977e+02]
 [ 0.00000000e+00  0.00000000e+00  0.00000000e+00  1.00000000e+00]]

[[ 8.96060031e-01 -3.85867432e-01 -2.19505685e-01 -6.54873797e+02]
 [ 1.11477046e-02  5.13859048e-01 -8.57802196e-01  8.58196006e+02]
 [ 4.43792913e-01  7.66195278e-01  4.64750090e-01 -3.43161285e+02]
 [ 0.00000000e+00  0.00000000e+00  0.00000000e+00  1.00000000e+00]]

[[ 8.91535426e-01 -3.95773296e-01 -2.20290902e-01 -6.52837877e+02]
 [ 1.46684521e-02  5.11318008e-01 -8.59266391e-01  8.53093675e+02]
 [ 4.52713397e-01  7.62835102e-01  4.61663500e-01 -3.63344470e+02]
 [ 0.00000000e+00  0.00000000e+00  0.00000000e+00  1.00000000e+00]]

[[ 8.93028233e-01 -3.99614647e-01 -2.06902657e-01 -6.53068428e+02]
 [ 2.81564264e-02  5.08502251e-01 -8.60600184e-01  8.44050952e+02]
 [ 4.49118906e-01  7.62714622e-01  4.65358587e-01 -3.62666094e+02]
 [ 0.00000000e+00  0.00000000e+00  0.00000000e+00  1.00000000e+00]]

[[ 8.97095134e-01 -3.88264086e-01 -2.10882244e-01 -6.56312630e+02]
 [ 2.49204849e-02  5.20987759e-01 -8.53200284e-01  8.44456539e+02]
 [ 4.41134096e-01  7.60146535e-01  4.77051313e-01 -3.56165607e+02]
 [ 0.00000000e+00  0.00000000e+00  0.00000000e+00  1.00000000e+00]]

[[ 8.92540129e-01 -3.95209757e-01 -2.17212722e-01 -6.52771045e+02]
 [ 1.78245509e-02  5.12198429e-01 -8.58682161e-01  8.51327456e+02]
 [ 4.50615583e-01  7.62536568e-01  4.64202089e-01 -3.60985086e+02]
 [ 0.00000000e+00  0.00000000e+00  0.00000000e+00  1.00000000e+00]]

[[ 8.94985577e-01 -3.84442270e-01 -2.26285124e-01 -6.56035582e+02]
 [ 5.87091211e-03  5.17364427e-01 -8.55745045e-01  8.56386882e+02]
 [ 4.46056441e-01  7.64550973e-01  4.65290728e-01 -3.59954415e+02]
 [ 0.00000000e+00  0.00000000e+00  0.00000000e+00  1.00000000e+00]]

[[ 8.93078652e-01 -3.95251472e-01 -2.14911132e-01 -6.53398366e+02]
 [ 1.94211948e-02  5.11109850e-01 -8.59295955e-01  8.48949345e+02]
 [ 4.49481187e-01  7.63245043e-01  4.64137552e-01 -3.60737156e+02]
 [ 0.00000000e+00  0.00000000e+00  0.00000000e+00  1.00000000e+00]]

[[ 8.92059720e-01 -3.92070073e-01 -2.24745443e-01 -6.53191163e+02]
 [ 4.72224356e-03  5.05375018e-01 -8.62886894e-01  8.57662591e+02]
 [ 4.51892860e-01  7.68685338e-01  4.52676147e-01 -3.62147379e+02]
 [ 0.00000000e+00  0.00000000e+00  0.00000000e+00  1.00000000e+00]]

[[ 8.93689945e-01 -3.94585416e-01 -2.13589870e-01 -6.54191573e+02]
 [ 1.31683476e-02  4.98896309e-01 -8.66561635e-01  8.60314382e+02]
 [ 4.48491781e-01  7.71624794e-01  4.51054652e-01 -3.56834865e+02]
 [ 0.00000000e+00  0.00000000e+00  0.00000000e+00  1.00000000e+00]]

[[ 8.96295470e-01 -3.90925481e-01 -2.09360212e-01 -6.59863753e+02]
 [ 1.38603789e-02  4.96573773e-01 -8.67883850e-01  8.70410144e+02]
 [ 4.43240702e-01  7.74978552e-01  4.50495199e-01 -3.43334309e+02]
 [ 0.00000000e+00  0.00000000e+00  0.00000000e+00  1.00000000e+00]]

[[ 8.94372844e-01 -4.00378910e-01 -1.99484196e-01 -6.59423661e+02]
 [ 3.53624689e-02  5.07839806e-01 -8.60725407e-01  8.49456020e+02]
 [ 4.45922316e-01  7.62755177e-01  4.68356519e-01 -3.53029580e+02]
 [ 0.00000000e+00  0.00000000e+00  0.00000000e+00  1.00000000e+00]]

[[ 8.93453170e-01 -3.96670014e-01 -2.10699628e-01 -6.60898189e+02]
 [ 3.02904427e-02  5.21245165e-01 -8.52869256e-01  8.42245233e+02]
 [ 4.48133822e-01  7.55616555e-01  4.77723455e-01 -3.58302263e+02]
 [ 0.00000000e+00  0.00000000e+00  0.00000000e+00  1.00000000e+00]]

[[ 8.95327526e-01 -3.77552779e-01 -2.36310220e-01 -6.64144516e+02]
 [ 8.96678281e-03  5.45718257e-01 -8.37920749e-01  8.56668720e+02]
 [ 4.45318108e-01  7.48094569e-01  4.91982011e-01 -3.56196981e+02]
 [ 0.00000000e+00  0.00000000e+00  0.00000000e+00  1.00000000e+00]]

[[ 8.97235019e-01 -3.77588693e-01 -2.28901943e-01 -6.63936409e+02]
 [ 1.38933661e-02  5.42286547e-01 -8.40078732e-01  8.55115949e+02]
 [ 4.41334675e-01  7.50567838e-01  4.91804458e-01 -3.53913245e+02]
 [ 0.00000000e+00  0.00000000e+00  0.00000000e+00  1.00000000e+00]]

[[ 8.95195882e-01 -3.86859249e-01 -2.21278682e-01 -6.63070200e+02]
 [ 2.14622946e-02  5.33349573e-01 -8.45622612e-01  8.47446991e+02]
 [ 4.45155819e-01  7.52248732e-01  4.85755229e-01 -3.57017851e+02]
 [ 0.00000000e+00  0.00000000e+00  0.00000000e+00  1.00000000e+00]]

[[ 8.95525020e-01 -3.91227771e-01 -2.12074914e-01 -6.62289122e+02]
 [ 2.76081175e-02  5.24485896e-01 -8.50971408e-01  8.44727436e+02]
 [ 4.44153948e-01  7.56211198e-01  4.80491305e-01 -3.57493686e+02]
 [ 0.00000000e+00  0.00000000e+00  0.00000000e+00  1.00000000e+00]]

[[ 8.92885329e-01 -3.96136436e-01 -2.14083425e-01 -6.60607623e+02]
 [ 2.76854332e-02  5.22838070e-01 -8.51982317e-01  8.44924866e+02]
 [ 4.49432204e-01  7.54795519e-01  4.77801651e-01 -3.60067711e+02]
 [ 0.00000000e+00  0.00000000e+00  0.00000000e+00  1.00000000e+00]]

[[ 8.94242175e-01 -3.89036549e-01 -2.21317638e-01 -6.62066405e+02]
 [ 2.08055132e-02  5.30068515e-01 -8.47699534e-01  8.49235368e+02]
 [ 4.47099613e-01  7.53444048e-01  4.82103727e-01 -3.58049999e+02]
 [ 0.00000000e+00  0.00000000e+00  0.00000000e+00  1.00000000e+00]]

[[ 8.93825718e-01 -3.93186680e-01 -2.15591792e-01 -6.61801099e+02]
 [ 2.70036884e-02  5.27111347e-01 -8.49367075e-01  8.44571872e+02]
 [ 4.47600701e-01  7.53364362e-01  4.81763169e-01 -3.58859381e+02]
 [ 0.00000000e+00  0.00000000e+00  0.00000000e+00  1.00000000e+00]]

[[ 8.95529094e-01 -3.85603896e-01 -2.22119961e-01 -6.62798623e+02]
 [ 2.30391325e-02  5.38648752e-01 -8.42215365e-01  8.46316753e+02]
 [ 4.44406166e-01  7.49110911e-01  4.91259608e-01 -3.58643543e+02]
 [ 0.00000000e+00  0.00000000e+00  0.00000000e+00  1.00000000e+00]]

[[ 8.97029616e-01 -3.91858292e-01 -2.04413667e-01 -6.61870868e+02]
 [ 3.86200700e-02  5.30232592e-01 -8.46972189e-01  8.34633798e+02]
 [ 4.40279864e-01  7.51864667e-01  4.90767932e-01 -3.54051594e+02]
 [ 0.00000000e+00  0.00000000e+00  0.00000000e+00  1.00000000e+00]]

[[ 8.87371705e-01 -3.96261228e-01 -2.35687286e-01 -6.59027555e+02]
 [-2.13334028e-03  5.07657170e-01 -8.61556526e-01  8.57788492e+02]
 [ 4.61049788e-01  7.65023684e-01  4.49635248e-01 -3.67312654e+02]
 [ 0.00000000e+00  0.00000000e+00  0.00000000e+00  1.00000000e+00]]

[[ 8.92127293e-01 -3.84101565e-01 -2.37854747e-01 -6.61963497e+02]
 [-2.66355082e-03  5.21997924e-01 -8.52942597e-01  8.58649543e+02]
 [ 4.51776271e-01  7.61566908e-01  4.64665520e-01 -3.61500836e+02]
 [ 0.00000000e+00  0.00000000e+00  0.00000000e+00  1.00000000e+00]]

[[ 8.92917441e-01 -3.88483015e-01 -2.27550852e-01 -6.61730519e+02]
 [ 9.33546714e-03  5.21288342e-01 -8.53329546e-01  8.51592561e+02]
 [ 4.50123641e-01  7.59828541e-01  4.69094123e-01 -3.60448701e+02]
 [ 0.00000000e+00  0.00000000e+00  0.00000000e+00  1.00000000e+00]]

[[ 8.94015467e-01 -3.89056917e-01 -2.22195997e-01 -6.61635699e+02]
 [ 1.93057908e-02  5.28924446e-01 -8.48449301e-01  8.42426529e+02]
 [ 4.47619964e-01  7.54237128e-01  4.80377687e-01 -3.63145397e+02]
 [ 0.00000000e+00  0.00000000e+00  0.00000000e+00  1.00000000e+00]]

[[ 9.00111285e-01 -3.84268517e-01 -2.05273920e-01 -6.60420804e+02]
 [ 4.57075147e-02  5.51874563e-01 -8.32673580e-01  8.24929456e+02]
 [ 4.33255696e-01  7.40116325e-01  5.14312481e-01 -3.59998259e+02]
 [ 0.00000000e+00  0.00000000e+00  0.00000000e+00  1.00000000e+00]]

[[ 8.93612041e-01 -3.91117787e-01 -2.20191728e-01 -6.56124762e+02]
 [ 1.58746617e-02  5.17813277e-01 -8.55346365e-01  8.43499306e+02]
 [ 4.48559378e-01  7.60852342e-01  4.68933042e-01 -3.66553746e+02]
 [ 0.00000000e+00  0.00000000e+00  0.00000000e+00  1.00000000e+00]]

[[ 8.97519871e-01 -3.88189017e-01 -2.09206519e-01 -6.57262422e+02]
 [ 3.07341972e-02  5.28331451e-01 -8.48481754e-01  8.40715615e+02]
 [ 4.39901682e-01  7.55099440e-01  4.86118654e-01 -3.53402188e+02]
 [ 0.00000000e+00  0.00000000e+00  0.00000000e+00  1.00000000e+00]]

[[ 8.94119801e-01 -3.97863532e-01 -2.05558729e-01 -6.55218537e+02]
 [ 2.66909893e-02  5.05541640e-01 -8.62389263e-01  8.40738832e+02]
 [ 4.47031735e-01  7.65592751e-01  4.62634162e-01 -3.58587465e+02]
 [ 0.00000000e+00  0.00000000e+00  0.00000000e+00  1.00000000e+00]]

[[ 8.95999867e-01 -3.94476598e-01 -2.03893237e-01 -6.56040739e+02]
 [ 2.93648055e-02  5.10793913e-01 -8.59201540e-01  8.40445135e+02]
 [ 4.43082324e-01  7.63857181e-01  4.69255007e-01 -3.55921128e+02]
 [ 0.00000000e+00  0.00000000e+00  0.00000000e+00  1.00000000e+00]]

[[ 8.94027359e-01 -3.96965753e-01 -2.07685512e-01 -6.54988062e+02]
 [ 2.44260474e-02  5.06070821e-01 -8.62145981e-01  8.43977877e+02]
 [ 4.47346006e-01  7.65709159e-01  4.62137463e-01 -3.58817552e+02]
 [ 0.00000000e+00  0.00000000e+00  0.00000000e+00  1.00000000e+00]]

[[ 8.96551691e-01 -3.91730459e-01 -2.06742141e-01 -6.56589910e+02]
 [ 2.29492168e-02  5.07204934e-01 -8.61519871e-01  8.43126460e+02]
 [ 4.42344208e-01  7.67652527e-01  4.63725349e-01 -3.55747335e+02]
 [ 0.00000000e+00  0.00000000e+00  0.00000000e+00  1.00000000e+00]]

[[ 8.94967273e-01 -3.91941976e-01 -2.13108115e-01 -6.56090796e+02]
 [ 1.29931680e-02  5.00376154e-01 -8.65710622e-01  8.48569006e+02]
 [ 4.45942551e-01  7.72013725e-01  4.52912850e-01 -3.58413799e+02]
 [ 0.00000000e+00  0.00000000e+00  0.00000000e+00  1.00000000e+00]]

[[ 8.84069450e-01 -3.85098270e-01 -2.64802812e-01 -6.40809240e+02]
 [-2.23212961e-02  5.31159346e-01 -8.46977868e-01  8.70243850e+02]
 [ 4.66822201e-01  7.54698000e-01  4.60985858e-01 -3.68778277e+02]
 [ 0.00000000e+00  0.00000000e+00  0.00000000e+00  1.00000000e+00]]

[[ 8.89967194e-01 -3.87093391e-01 -2.41074884e-01 -6.40225921e+02]
 [-4.16315054e-04  5.27954647e-01 -8.49272464e-01  8.57383529e+02]
 [ 4.56024363e-01  7.55924995e-01  4.69701163e-01 -3.60129696e+02]
 [ 0.00000000e+00  0.00000000e+00  0.00000000e+00  1.00000000e+00]]

[[ 8.89435053e-01 -3.88745040e-01 -2.40380076e-01 -6.44647320e+02]
 [-5.60814659e-03  5.16603172e-01 -8.56206582e-01  8.62236653e+02]
 [ 4.57027172e-01  7.62888233e-01  4.57304830e-01 -3.59002712e+02]
 [ 0.00000000e+00  0.00000000e+00  0.00000000e+00  1.00000000e+00]]

[[ 8.94027268e-01 -3.96019627e-01 -2.09484365e-01 -6.54787094e+02]
 [ 2.40248098e-02  5.09291781e-01 -8.60258502e-01  8.46345863e+02]
 [ 4.47367917e-01  7.64061736e-01  4.64835036e-01 -3.52574022e+02]
 [ 0.00000000e+00  0.00000000e+00  0.00000000e+00  1.00000000e+00]]

[[ 8.95576429e-01 -3.90182478e-01 -2.13776739e-01 -6.57191850e+02]
 [ 2.12369085e-02  5.17439676e-01 -8.55456121e-01  8.45067978e+02]
 [ 4.44400556e-01  7.61586381e-01  4.71693047e-01 -3.49385173e+02]
 [ 0.00000000e+00  0.00000000e+00  0.00000000e+00  1.00000000e+00]]

[[ 8.95661984e-01 -3.91755469e-01 -2.10516658e-01 -6.56701300e+02]
 [ 2.54947610e-02  5.17802072e-01 -8.55120478e-01  8.44012241e+02]
 [ 4.44004086e-01  7.60531832e-01  4.73763343e-01 -3.49567000e+02]
 [ 0.00000000e+00  0.00000000e+00  0.00000000e+00  1.00000000e+00]]

[[ 8.92602246e-01 -3.98023775e-01 -2.11750572e-01 -6.54641079e+02]
 [ 2.20033544e-02  5.07574466e-01 -8.61326891e-01  8.46453537e+02]
 [ 4.50307764e-01  7.64163095e-01  4.61819966e-01 -3.54031874e+02]
 [ 0.00000000e+00  0.00000000e+00  0.00000000e+00  1.00000000e+00]]

[[ 8.94674688e-01 -3.96871737e-01 -2.05061033e-01 -6.54889086e+02]
 [ 3.11128763e-02  5.13283117e-01 -8.57655193e-01  8.43687318e+02]
 [ 4.45633473e-01  7.60942354e-01  4.71569234e-01 -3.51326485e+02]
 [ 0.00000000e+00  0.00000000e+00  0.00000000e+00  1.00000000e+00]]

[[ 8.96424428e-01 -3.87376801e-01 -2.15319433e-01 -6.56817612e+02]
 [ 1.42950491e-02  5.10851995e-01 -8.59549819e-01  8.52917651e+02]
 [ 4.42966021e-01  7.67443453e-01  4.63477778e-01 -3.50132985e+02]
 [ 0.00000000e+00  0.00000000e+00  0.00000000e+00  1.00000000e+00]]

[[ 9.12129324e-01 -3.58837252e-01 -1.98131073e-01 -6.65400978e+02]
 [ 1.49552008e-02  5.12172579e-01 -8.58752346e-01  8.51578150e+02]
 [ 4.09629635e-01  7.80330107e-01  4.72534111e-01 -3.31174775e+02]
 [ 0.00000000e+00  0.00000000e+00  0.00000000e+00  1.00000000e+00]]

[[ 9.03529486e-01 -3.63225724e-01 -2.27379731e-01 -6.63281662e+02]
 [-2.38924751e-03  5.26330816e-01 -8.50276522e-01  8.63272452e+02]
 [ 4.28519264e-01  7.68793175e-01  4.74687576e-01 -3.41714307e+02]
 [ 0.00000000e+00  0.00000000e+00  0.00000000e+00  1.00000000e+00]]

[[ 9.07040518e-01 -3.61506280e-01 -2.15848807e-01 -6.64404316e+02]
 [ 1.08659833e-02  5.32579716e-01 -8.46310095e-01  8.59062253e+02]
 [ 4.20903110e-01  7.65292138e-01  4.86999503e-01 -3.38140608e+02]
 [ 0.00000000e+00  0.00000000e+00  0.00000000e+00  1.00000000e+00]]

[[ 9.04317135e-01 -3.69697457e-01 -2.13387696e-01 -6.63252997e+02]
 [ 7.58273315e-03  5.13733523e-01 -8.57916295e-01  8.55895592e+02]
 [ 4.26793886e-01  7.74210345e-01  4.67381345e-01 -3.41046572e+02]
 [ 0.00000000e+00  0.00000000e+00  0.00000000e+00  1.00000000e+00]]

[[ 9.04462772e-01 -3.64353383e-01 -2.21796544e-01 -6.63839763e+02]
 [ 8.59063204e-04  5.21529587e-01 -8.53232766e-01  8.61922624e+02]
 [ 4.26551705e-01  7.71526735e-01  4.72017098e-01 -3.40852601e+02]
 [ 0.00000000e+00  0.00000000e+00  0.00000000e+00  1.00000000e+00]]

[[ 8.99137985e-01 -3.78736810e-01 -2.19338351e-01 -6.60889433e+02]
 [-8.07896418e-04  4.99718371e-01 -8.66187564e-01  8.61442804e+02]
 [ 4.37664518e-01  7.78999344e-01  4.49009790e-01 -3.49367885e+02]
 [ 0.00000000e+00  0.00000000e+00  0.00000000e+00  1.00000000e+00]]

[[ 9.05922808e-01 -3.70448696e-01 -2.05113701e-01 -6.63523596e+02]
 [ 1.67738294e-02  5.15410109e-01 -8.56779469e-01  8.53246937e+02]
 [ 4.23110512e-01  7.72735520e-01  4.73135616e-01 -3.39709323e+02]
 [ 0.00000000e+00  0.00000000e+00  0.00000000e+00  1.00000000e+00]]

[[ 9.06797653e-01 -3.65858382e-01 -2.09441307e-01 -6.65523574e+02]
 [ 2.12549752e-03  5.00778697e-01 -8.65572746e-01  8.57063171e+02]
 [ 4.21560790e-01  7.84454168e-01  4.54882578e-01 -3.38789265e+02]
 [ 0.00000000e+00  0.00000000e+00  0.00000000e+00  1.00000000e+00]]

[[ 9.06432665e-01 -3.65177213e-01 -2.12191960e-01 -6.64893445e+02]
 [ 4.37181367e-03  5.10493028e-01 -8.59870778e-01  8.60988332e+02]
 [ 4.22327730e-01  7.78487297e-01  4.64324042e-01 -3.39119564e+02]
 [ 0.00000000e+00  0.00000000e+00  0.00000000e+00  1.00000000e+00]]

[[ 9.05464791e-01 -3.70680229e-01 -2.06711585e-01 -6.64476866e+02]
 [ 6.15371685e-03  4.98458142e-01 -8.66891927e-01  8.58444532e+02]
 [ 4.24376771e-01  7.83668073e-01  4.53617359e-01 -3.41700394e+02]
 [ 0.00000000e+00  0.00000000e+00  0.00000000e+00  1.00000000e+00]]

[[ 9.05883286e-01 -3.63182845e-01 -2.17884587e-01 -6.65174531e+02]
 [-1.79080224e-03  5.11162947e-01 -8.59481957e-01  8.65357404e+02]
 [ 4.23523630e-01  7.78980528e-01  4.62403581e-01 -3.39910498e+02]
 [ 0.00000000e+00  0.00000000e+00  0.00000000e+00  1.00000000e+00]]

[[ 9.05425928e-01 -3.65740996e-01 -2.15493419e-01 -6.65285312e+02]
 [-8.40421610e-04  5.06090043e-01 -8.62480239e-01  8.63182668e+02]
 [ 4.24503455e-01  7.81093075e-01  4.57919670e-01 -3.40181115e+02]
 [ 0.00000000e+00  0.00000000e+00  0.00000000e+00  1.00000000e+00]]

[[ 8.97675325e-01 -3.82134830e-01 -2.19435598e-01 -6.61340125e+02]
 [-3.76439857e-03  4.91304880e-01 -8.70979532e-01  8.61407356e+02]
 [ 4.40641396e-01  7.82682877e-01  4.39593760e-01 -3.50505477e+02]
 [ 0.00000000e+00  0.00000000e+00  0.00000000e+00  1.00000000e+00]]

[[ 8.96177145e-01 -3.89590722e-01 -2.12333685e-01 -6.58984449e+02]
 [ 1.62679667e-02  5.07085643e-01 -8.61742133e-01  8.53235390e+02]
 [ 4.43398103e-01  7.68819367e-01  4.60776413e-01 -3.50827498e+02]
 [ 0.00000000e+00  0.00000000e+00  0.00000000e+00  1.00000000e+00]]

[[ 8.94188115e-01 -3.90520640e-01 -2.18909214e-01 -6.58184574e+02]
 [ 9.32152793e-03  5.05108043e-01 -8.63005778e-01  8.57664660e+02]
 [ 4.47594374e-01  7.69648942e-01  4.55301858e-01 -3.53408618e+02]
 [ 0.00000000e+00  0.00000000e+00  0.00000000e+00  1.00000000e+00]]

[[ 8.95139112e-01 -3.90686263e-01 -2.14686313e-01 -6.58601048e+02]
 [ 1.87330099e-02  5.14130545e-01 -8.57507351e-01  8.52388616e+02]
 [ 4.45393134e-01  7.63566648e-01  4.67537090e-01 -3.52282560e+02]
 [ 0.00000000e+00  0.00000000e+00  0.00000000e+00  1.00000000e+00]]

[[ 8.93710157e-01 -3.96345716e-01 -2.10219477e-01 -6.57531435e+02]
 [ 1.65901002e-02  4.97440452e-01 -8.67339475e-01  8.52107754e+02]
 [ 4.48337957e-01  7.71662536e-01  4.51143000e-01 -3.54482890e+02]
 [ 0.00000000e+00  0.00000000e+00  0.00000000e+00  1.00000000e+00]]

[[ 8.96882417e-01 -3.90957879e-01 -2.06770084e-01 -6.58556150e+02]
 [ 2.41237110e-02  5.10070068e-01 -8.59794494e-01  8.49622138e+02]
 [ 4.41610662e-01  7.66146502e-01  4.66904230e-01 -3.49142811e+02]
 [ 0.00000000e+00  0.00000000e+00  0.00000000e+00  1.00000000e+00]]

[[ 8.90975116e-01 -3.96701451e-01 -2.20887533e-01 -6.56782186e+02]
 [ 6.86213502e-03  4.98189589e-01 -8.67040971e-01  8.58181869e+02]
 [ 4.54000280e-01  7.70996169e-01  4.46596745e-01 -3.58018126e+02]
 [ 0.00000000e+00  0.00000000e+00  0.00000000e+00  1.00000000e+00]]

[[ 8.94116029e-01 -3.97539883e-01 -2.06200312e-01 -6.56982322e+02]
 [ 2.16650668e-02  4.98295679e-01 -8.66736431e-01  8.50644551e+02]
 [ 4.47311024e-01  7.70495592e-01  4.54146882e-01 -3.53842915e+02]
 [ 0.00000000e+00  0.00000000e+00  0.00000000e+00  1.00000000e+00]]

[[ 8.92742599e-01 -4.00777772e-01 -2.05883049e-01 -6.56175430e+02]
 [ 1.87879763e-02  4.89657105e-01 -8.71712643e-01  8.51472765e+02]
 [ 4.50175148e-01  7.74346884e-01  4.44667559e-01 -3.55198974e+02]
 [ 0.00000000e+00  0.00000000e+00  0.00000000e+00  1.00000000e+00]]

[[ 8.93375369e-01 -3.94136911e-01 -2.15723306e-01 -6.57620243e+02]
 [ 1.41511831e-02  5.04563921e-01 -8.63258358e-01  8.54325875e+02]
 [ 4.49088180e-01  7.68161015e-01  4.56342483e-01 -3.54269038e+02]
 [ 0.00000000e+00  0.00000000e+00  0.00000000e+00  1.00000000e+00]]

[[ 9.02643303e-01 -3.76494483e-01 -2.08535301e-01 -6.63145717e+02]
 [ 5.51419219e-03  4.94603800e-01 -8.69101073e-01  8.58678500e+02]
 [ 4.30354112e-01  7.83338359e-01  4.48526870e-01 -3.43395416e+02]
 [ 0.00000000e+00  0.00000000e+00  0.00000000e+00  1.00000000e+00]]

[[ 9.05205025e-01 -3.69735225e-01 -2.09522616e-01 -6.65034137e+02]
 [ 4.47070732e-03  5.01280851e-01 -8.65273091e-01  8.59938712e+02]
 [ 4.24951615e-01  7.82312835e-01  4.55414923e-01 -3.40773157e+02]
 [ 0.00000000e+00  0.00000000e+00  0.00000000e+00  1.00000000e+00]]

[[ 9.05697526e-01 -3.70131861e-01 -2.06674618e-01 -6.65359737e+02]
 [ 1.53570958e-02  5.15853440e-01 -8.56539192e-01  8.55172673e+02]
 [ 4.23646258e-01  7.72591505e-01  4.72891335e-01 -3.38976601e+02]
 [ 0.00000000e+00  0.00000000e+00  0.00000000e+00  1.00000000e+00]]

[[ 8.93919773e-01 -3.94888738e-01 -2.12062076e-01 -6.58425810e+02]
 [ 1.43309231e-02  4.98051001e-01 -8.67029310e-01  8.54160015e+02]
 [ 4.47997840e-01  7.72015599e-01  4.50876758e-01 -3.53268314e+02]
 [ 0.00000000e+00  0.00000000e+00  0.00000000e+00  1.00000000e+00]]

[[ 8.94527573e-01 -3.95241229e-01 -2.08817607e-01 -6.58227824e+02]
 [ 1.75960350e-02  4.97911788e-01 -8.67049151e-01  8.52827829e+02]
 [ 4.46666320e-01  7.71925011e-01  4.52350502e-01 -3.53080376e+02]
 [ 0.00000000e+00  0.00000000e+00  0.00000000e+00  1.00000000e+00]]

[[ 8.93710079e-01 -3.98036067e-01 -2.07001409e-01 -6.57737589e+02]
 [ 2.07002084e-02  4.97484856e-01 -8.67225645e-01  8.50144974e+02]
 [ 4.48167151e-01  7.70763328e-01  4.52846659e-01 -3.53419329e+02]
 [ 0.00000000e+00  0.00000000e+00  0.00000000e+00  1.00000000e+00]]

[[ 8.92570153e-01 -3.96603392e-01 -2.14532681e-01 -6.57666386e+02]
 [ 1.18285938e-02  4.96209634e-01 -8.68122159e-01  8.55721352e+02]
 [ 4.50753377e-01  7.72322308e-01  4.47593170e-01 -3.55361158e+02]
 [ 0.00000000e+00  0.00000000e+00  0.00000000e+00  1.00000000e+00]]

[[ 8.94320938e-01 -3.93287963e-01 -2.13341601e-01 -6.58573187e+02]
 [ 6.18724957e-03  4.87644963e-01 -8.73020107e-01  8.57589787e+02]
 [ 4.47383257e-01  7.79440163e-01  4.38544471e-01 -3.54026994e+02]
 [ 0.00000000e+00  0.00000000e+00  0.00000000e+00  1.00000000e+00]]

[[ 8.92696916e-01 -3.92095980e-01 -2.22155257e-01 -6.58577832e+02]
 [-2.21038639e-03  4.89142583e-01 -8.72201036e-01  8.62535795e+02]
 [ 4.50652116e-01  7.79102224e-01  4.35789392e-01 -3.56302359e+02]
 [ 0.00000000e+00  0.00000000e+00  0.00000000e+00  1.00000000e+00]]

[[ 8.92659020e-01 -3.96023133e-01 -2.15233717e-01 -6.58010375e+02]
 [ 6.84272304e-03  4.89371576e-01 -8.72048529e-01  8.57530077e+02]
 [ 4.50680654e-01  7.76969200e-01  4.39551828e-01 -3.56321974e+02]
 [ 0.00000000e+00  0.00000000e+00  0.00000000e+00  1.00000000e+00]]

[[ 8.94800849e-01 -3.89514871e-01 -2.18196254e-01 -6.59441140e+02]
 [ 8.92934899e-03  5.04234720e-01 -8.63520477e-01  8.57016599e+02]
 [ 4.46376194e-01  7.70730505e-01  4.54667770e-01 -3.52310703e+02]
 [ 0.00000000e+00  0.00000000e+00  0.00000000e+00  1.00000000e+00]]

[[ 8.96240913e-01 -3.85268625e-01 -2.19818818e-01 -6.60809379e+02]
 [ 4.80319235e-03  5.03970423e-01 -8.63707556e-01  8.60173631e+02]
 [ 4.43541605e-01  7.73034216e-01  4.53529431e-01 -3.51616137e+02]
 [ 0.00000000e+00  0.00000000e+00  0.00000000e+00  1.00000000e+00]]

[[ 9.01578143e-01 -3.70638027e-01 -2.23123970e-01 -6.64838518e+02]
 [-1.10462710e-02  4.95864183e-01 -8.68329829e-01  8.66870330e+02]
 [ 4.32475240e-01  7.85331882e-01  4.42966141e-01 -3.44726793e+02]
 [ 0.00000000e+00  0.00000000e+00  0.00000000e+00  1.00000000e+00]]

[[ 9.05433429e-01 -3.72759928e-01 -2.03077182e-01 -6.65210512e+02]
 [ 9.49875722e-03  4.96076737e-01 -8.68226724e-01  8.55912286e+02]
 [ 4.24381997e-01  7.84192519e-01  4.52705217e-01 -3.39646131e+02]
 [ 0.00000000e+00  0.00000000e+00  0.00000000e+00  1.00000000e+00]]

[[ 8.96706035e-01 -3.84576295e-01 -2.19133201e-01 -6.62280722e+02]
 [ 1.19550057e-03  4.97177150e-01 -8.67648231e-01  8.58294411e+02]
 [ 4.42624962e-01  7.77763431e-01  4.46281512e-01 -3.49396734e+02]
 [ 0.00000000e+00  0.00000000e+00  0.00000000e+00  1.00000000e+00]]

[[ 8.93583777e-01 -3.93568415e-01 -2.15897976e-01 -6.59170004e+02]
 [ 3.66118974e-03  4.87326499e-01 -8.73212161e-01  8.56251876e+02]
 [ 4.48881531e-01  7.79497778e-01  4.36907982e-01 -3.53012647e+02]
 [ 0.00000000e+00  0.00000000e+00  0.00000000e+00  1.00000000e+00]]

[[ 8.94487916e-01 -3.97474270e-01 -2.04708509e-01 -6.58669963e+02]
 [ 2.00229557e-02  4.93020851e-01 -8.69787055e-01  8.49852562e+02]
 [ 4.46643538e-01  7.73915141e-01  4.48959803e-01 -3.52375715e+02]
 [ 0.00000000e+00  0.00000000e+00  0.00000000e+00  1.00000000e+00]]

[[ 8.91006032e-01 -3.96529747e-01 -2.21071055e-01 -6.58161201e+02]
 [ 9.20035022e-03  5.02621023e-01 -8.64457900e-01  8.57038049e+02]
 [ 4.53898232e-01  7.68203272e-01  4.51486575e-01 -3.56817107e+02]
 [ 0.00000000e+00  0.00000000e+00  0.00000000e+00  1.00000000e+00]]

[[ 8.90026190e-01 -3.94732634e-01 -2.28121741e-01 -6.58065991e+02]
 [ 8.76115795e-04  5.01846314e-01 -8.64956363e-01  8.62167349e+02]
 [ 4.55908558e-01  7.69633955e-01  4.47002194e-01 -3.58203231e+02]
 [ 0.00000000e+00  0.00000000e+00  0.00000000e+00  1.00000000e+00]]

[[ 8.93140823e-01 -3.89112438e-01 -2.25590293e-01 -6.59386462e+02]
 [ 3.55858042e-03  5.07657786e-01 -8.61551455e-01  8.61854393e+02]
 [ 4.49763056e-01  7.68683994e-01  4.54794581e-01 -3.54471767e+02]
 [ 0.00000000e+00  0.00000000e+00  0.00000000e+00  1.00000000e+00]]

[[ 8.88518986e-01 -4.00296662e-01 -2.24269020e-01 -6.57139335e+02]
 [ 4.21530912e-03  4.95874682e-01 -8.68383861e-01  8.58969312e+02]
 [ 4.58820491e-01  7.70630185e-01  4.42281444e-01 -3.59815395e+02]
 [ 0.00000000e+00  0.00000000e+00  0.00000000e+00  1.00000000e+00]]

[[ 8.91543347e-01 -3.95851304e-01 -2.20118615e-01 -6.58767172e+02]
 [ 5.85648936e-03  4.96016624e-01 -8.68293274e-01  8.56623392e+02]
 [ 4.52897517e-01  7.72831970e-01  4.44538620e-01 -3.56507472e+02]
 [ 0.00000000e+00  0.00000000e+00  0.00000000e+00  1.00000000e+00]]

[[ 8.88357113e-01 -3.99973087e-01 -2.25484302e-01 -6.56700655e+02]
 [ 3.00608839e-03  4.96143255e-01 -8.68235472e-01  8.60113384e+02]
 [ 4.59143337e-01  7.70625331e-01  4.41954744e-01 -3.59529605e+02]
 [ 0.00000000e+00  0.00000000e+00  0.00000000e+00  1.00000000e+00]]

[[ 8.77557930e-01 -4.19726999e-01 -2.31778613e-01 -6.50084552e+02]
 [ 3.49220813e-03  4.88987661e-01 -8.72283711e-01  8.58648725e+02]
 [ 4.79457906e-01  7.64670069e-01  4.30580774e-01 -3.71823195e+02]
 [ 0.00000000e+00  0.00000000e+00  0.00000000e+00  1.00000000e+00]]

[[ 8.84181775e-01 -4.14188513e-01 -2.16033481e-01 -6.52321743e+02]
 [ 2.01499617e-02  4.95841794e-01 -8.68179068e-01  8.49215076e+02]
 [ 4.66708226e-01  7.63275043e-01  4.46760160e-01 -3.64642098e+02]
 [ 0.00000000e+00  0.00000000e+00  0.00000000e+00  1.00000000e+00]]

[[ 8.82476944e-01 -4.12339007e-01 -2.26298444e-01 -6.52342759e+02]
 [ 1.73131962e-02  5.09272155e-01 -8.60431360e-01  8.50955281e+02]
 [ 4.70036909e-01  7.55392888e-01  4.56559841e-01 -3.65306130e+02]
 [ 0.00000000e+00  0.00000000e+00  0.00000000e+00  1.00000000e+00]]

[[ 8.85017144e-01 -4.05723444e-01 -2.28326830e-01 -6.54379788e+02]
 [ 1.29863245e-02  5.11759548e-01 -8.59030570e-01  8.52551943e+02]
 [ 4.65377277e-01  7.57291656e-01  4.58184830e-01 -3.63325142e+02]
 [ 0.00000000e+00  0.00000000e+00  0.00000000e+00  1.00000000e+00]]

[[ 8.81155045e-01 -4.22178173e-01 -2.12911666e-01 -6.49911015e+02]
 [ 2.73733818e-02  4.95087613e-01 -8.68411742e-01  8.44880203e+02]
 [ 4.72034411e-01  7.59377275e-01  4.47805392e-01 -3.67453492e+02]
 [ 0.00000000e+00  0.00000000e+00  0.00000000e+00  1.00000000e+00]]

[[ 8.83328929e-01 -4.16019897e-01 -2.16003352e-01 -6.50556351e+02]
 [ 2.58193923e-02  5.03285045e-01 -8.63734636e-01  8.49610224e+02]
 [ 4.68042051e-01  7.57384716e-01  4.55307621e-01 -3.65547055e+02]
 [ 0.00000000e+00  0.00000000e+00  0.00000000e+00  1.00000000e+00]]

[[ 8.80661439e-01 -4.23190536e-01 -2.12944122e-01 -6.49201001e+02]
 [ 2.39812938e-02  4.88735927e-01 -8.72102111e-01  8.47079819e+02]
 [ 4.73138803e-01  7.62920025e-01  4.40559541e-01 -3.69333623e+02]
 [ 0.00000000e+00  0.00000000e+00  0.00000000e+00  1.00000000e+00]]

[[ 8.86223570e-01 -4.09060634e-01 -2.17433168e-01 -6.52427348e+02]
 [ 2.03373793e-02  5.03258483e-01 -8.63896574e-01  8.50658580e+02]
 [ 4.62811166e-01  7.61183485e-01  4.54318750e-01 -3.62765636e+02]
 [ 0.00000000e+00  0.00000000e+00  0.00000000e+00  1.00000000e+00]]

[[ 8.92381906e-01 -3.91846647e-01 -2.23854279e-01 -6.57317439e+02]
 [ 1.19937247e-02  5.16460024e-01 -8.56227303e-01  8.56705465e+02]
 [ 4.51121584e-01  7.61396906e-01  4.65579282e-01 -3.55024372e+02]
 [ 0.00000000e+00  0.00000000e+00  0.00000000e+00  1.00000000e+00]]

[[ 8.92252729e-01 -3.98859337e-01 -2.11651359e-01 -6.55907534e+02]
 [ 1.95154104e-02  5.02362382e-01 -8.64436919e-01  8.51572339e+02]
 [ 4.51114417e-01  7.67165736e-01  4.56018110e-01 -3.55439724e+02]
 [ 0.00000000e+00  0.00000000e+00  0.00000000e+00  1.00000000e+00]]

[[ 8.91335082e-01 -3.94449929e-01 -2.23452514e-01 -6.56738848e+02]
 [ 1.64658688e-02  5.20740190e-01 -8.53556401e-01  8.55381544e+02]
 [ 4.53045966e-01  7.57125425e-01  4.70648960e-01 -3.56799638e+02]
 [ 0.00000000e+00  0.00000000e+00  0.00000000e+00  1.00000000e+00]]

[[ 8.95047976e-01 -3.88984241e-01 -2.18129275e-01 -6.57865179e+02]
 [ 1.88626406e-02  5.21693897e-01 -8.52924193e-01  8.55065724e+02]
 [ 4.45570781e-01  7.59293578e-01  4.74278337e-01 -3.52220280e+02]
 [ 0.00000000e+00  0.00000000e+00  0.00000000e+00  1.00000000e+00]]

[[ 8.97506302e-01 -3.95205334e-01 -1.95691548e-01 -6.68996517e+02]
 [ 3.54147776e-02  5.06900088e-01 -8.61277014e-01  8.45735798e+02]
 [ 4.39577333e-01  7.66071175e-01  4.68942132e-01 -3.50529905e+02]
 [ 0.00000000e+00  0.00000000e+00  0.00000000e+00  1.00000000e+00]]

[[ 8.98732527e-01 -3.97659187e-01 -1.84789114e-01 -6.70734619e+02]
 [ 3.92369851e-02  4.92653568e-01 -8.69340509e-01  8.39935129e+02]
 [ 4.36738256e-01  7.74054025e-01  4.58366733e-01 -3.50570420e+02]
 [ 0.00000000e+00  0.00000000e+00  0.00000000e+00  1.00000000e+00]]

[[ 8.94308731e-01 -3.95533646e-01 -2.09200928e-01 -6.64465023e+02]
 [ 2.61133448e-02  5.12879390e-01 -8.58063415e-01  8.47404372e+02]
 [ 4.46687796e-01  7.61910668e-01  4.69001223e-01 -3.57505115e+02]
 [ 0.00000000e+00  0.00000000e+00  0.00000000e+00  1.00000000e+00]]

[[ 8.93330578e-01 -3.99344535e-01 -2.06117494e-01 -6.56881283e+02]
 [ 3.25778772e-02  5.14989723e-01 -8.56577064e-01  8.41398725e+02]
 [ 4.48217760e-01  7.58491613e-01  4.73065864e-01 -3.57739808e+02]
 [ 0.00000000e+00  0.00000000e+00  0.00000000e+00  1.00000000e+00]]

[[ 8.92493599e-01 -3.97268346e-01 -2.13618908e-01 -6.56465868e+02]
 [ 2.24251017e-02  5.12087407e-01 -8.58640555e-01  8.48261426e+02]
 [ 4.50502265e-01  7.61540773e-01  4.65943516e-01 -3.59479328e+02]
 [ 0.00000000e+00  0.00000000e+00  0.00000000e+00  1.00000000e+00]]

[[ 8.91536801e-01 -3.93440499e-01 -2.24425280e-01 -6.57015582e+02]
 [ 1.20734608e-02  5.15942632e-01 -8.56538050e-01  8.53647369e+02]
 [ 4.52787327e-01  7.60925604e-01  4.64732032e-01 -3.60846281e+02]
 [ 0.00000000e+00  0.00000000e+00  0.00000000e+00  1.00000000e+00]]

[[ 8.91498841e-01 -3.97985800e-01 -2.16418853e-01 -6.56638290e+02]
 [ 2.16383497e-02  5.14584976e-01 -8.57166310e-01  8.47138340e+02]
 [ 4.52505910e-01  7.59479825e-01  4.67363666e-01 -3.60605317e+02]
 [ 0.00000000e+00  0.00000000e+00  0.00000000e+00  1.00000000e+00]]

[[ 8.91714016e-01 -3.94810681e-01 -2.21293110e-01 -6.56518856e+02]
 [ 1.83756141e-02  5.20116322e-01 -8.53897739e-01  8.51072978e+02]
 [ 4.52226106e-01  7.57366185e-01  4.71049903e-01 -3.59956645e+02]
 [ 0.00000000e+00  0.00000000e+00  0.00000000e+00  1.00000000e+00]]

[[ 8.91006341e-01 -3.93537024e-01 -2.26354393e-01 -6.57242727e+02]
 [ 1.24181638e-02  5.19528036e-01 -8.54363160e-01  8.52402287e+02]
 [ 4.53820988e-01  7.58432087e-01  4.67789782e-01 -3.61048202e+02]
 [ 0.00000000e+00  0.00000000e+00  0.00000000e+00  1.00000000e+00]]

[[ 8.93027251e-01 -3.93075385e-01 -2.19075491e-01 -6.57441756e+02]
 [ 1.51831426e-02  5.12873613e-01 -8.58329849e-01  8.51454160e+02]
 [ 4.49746374e-01  7.63185691e-01  4.63978233e-01 -3.58996934e+02]
 [ 0.00000000e+00  0.00000000e+00  0.00000000e+00  1.00000000e+00]]

[[ 8.94660051e-01 -3.88896376e-01 -2.19870421e-01 -6.58576967e+02]
 [ 2.00704764e-02  5.26649640e-01 -8.49845476e-01  8.48600229e+02]
 [ 4.46296504e-01  7.55909892e-01  4.78977729e-01 -3.55299335e+02]
 [ 0.00000000e+00  0.00000000e+00  0.00000000e+00  1.00000000e+00]]

[[ 8.94787902e-01 -3.90541755e-01 -2.16406443e-01 -6.58855175e+02]
 [ 1.21783381e-02  5.05849458e-01 -8.62535805e-01  8.60885688e+02]
 [ 4.46325329e-01  7.69151132e-01  4.57384124e-01 -3.50729398e+02]
 [ 0.00000000e+00  0.00000000e+00  0.00000000e+00  1.00000000e+00]]

[[ 8.93209782e-01 -3.95136658e-01 -2.14577042e-01 -6.60069205e+02]
 [ 5.08053295e-03  4.86058105e-01 -8.73911727e-01  8.66408867e+02]
 [ 4.49611470e-01  7.79496337e-01  4.36159359e-01 -3.49819977e+02]
 [ 0.00000000e+00  0.00000000e+00  0.00000000e+00  1.00000000e+00]]

[[ 8.94757171e-01 -3.98985987e-01 -2.00548713e-01 -6.61445880e+02]
 [ 3.03874838e-02  5.02464463e-01 -8.64063692e-01  8.43605176e+02]
 [ 4.45517907e-01  7.67033014e-01  4.61707862e-01 -3.55476648e+02]
 [ 0.00000000e+00  0.00000000e+00  0.00000000e+00  1.00000000e+00]]

[[ 8.96480840e-01 -3.91502205e-01 -2.07480426e-01 -6.63111865e+02]
 [ 3.13733569e-02  5.23178187e-01 -8.51645641e-01  8.44511852e+02]
 [ 4.41970379e-01  7.56974642e-01  4.81301959e-01 -3.54295560e+02]
 [ 0.00000000e+00  0.00000000e+00  0.00000000e+00  1.00000000e+00]]

[[ 8.94818106e-01 -3.95191954e-01 -2.07662889e-01 -6.62394557e+02]
 [ 2.37188699e-02  5.06590541e-01 -8.61860452e-01  8.47848681e+02]
 [ 4.45800372e-01  7.66282809e-01  4.62679895e-01 -3.58637634e+02]
 [ 0.00000000e+00  0.00000000e+00  0.00000000e+00  1.00000000e+00]]

[[ 8.93613681e-01 -3.94880304e-01 -2.13363853e-01 -6.62081873e+02]
 [ 2.03076459e-02  5.10454855e-01 -8.59664726e-01  8.49661127e+02]
 [ 4.48377283e-01  7.63875243e-01  4.64168532e-01 -3.59118382e+02]
 [ 0.00000000e+00  0.00000000e+00  0.00000000e+00  1.00000000e+00]]

[[ 8.94333670e-01 -3.92059725e-01 -2.15537603e-01 -6.62818095e+02]
 [ 1.38816937e-02  5.05839853e-01 -8.62515705e-01  8.51002975e+02]
 [ 4.47185180e-01  7.68384809e-01  4.57832065e-01 -3.57694742e+02]
 [ 0.00000000e+00  0.00000000e+00  0.00000000e+00  1.00000000e+00]]

[[ 8.93089679e-01 -3.92559798e-01 -2.19744467e-01 -6.62400274e+02]
 [ 1.33690843e-02  5.11395569e-01 -8.59241433e-01  8.52460699e+02]
 [ 4.49679990e-01  7.64441873e-01  4.61970269e-01 -3.58574747e+02]
 [ 0.00000000e+00  0.00000000e+00  0.00000000e+00  1.00000000e+00]]

[[ 8.96570363e-01 -3.95431744e-01 -1.99487646e-01 -6.61423521e+02]
 [ 5.01927000e-02  5.38225082e-01 -8.41305209e-01  8.26339980e+02]
 [ 4.40048040e-01  7.44276493e-01  5.02404443e-01 -3.59940131e+02]
 [ 0.00000000e+00  0.00000000e+00  0.00000000e+00  1.00000000e+00]]

[[ 8.91999193e-01 -3.95073551e-01 -2.19668681e-01 -6.58103717e+02]
 [ 2.91297691e-02  5.35180745e-01 -8.44235172e-01  8.36754637e+02]
 [ 4.51097436e-01  7.46658194e-01  4.88889194e-01 -3.69221658e+02]
 [ 0.00000000e+00  0.00000000e+00  0.00000000e+00  1.00000000e+00]]

[[ 8.92316087e-01 -3.96206252e-01 -2.16315990e-01 -6.56477138e+02]
 [ 3.79484067e-02  5.43343119e-01 -8.38652594e-01  8.30463392e+02]
 [ 4.49813206e-01  7.40134354e-01  4.99869201e-01 -3.68313725e+02]
 [ 0.00000000e+00  0.00000000e+00  0.00000000e+00  1.00000000e+00]]

[[ 8.92871472e-01 -3.88742403e-01 -2.27288098e-01 -6.54595938e+02]
 [ 2.70039478e-02  5.50049148e-01 -8.34695587e-01  8.35519957e+02]
 [ 4.49501193e-01  7.39138201e-01  5.01620771e-01 -3.67848908e+02]
 [ 0.00000000e+00  0.00000000e+00  0.00000000e+00  1.00000000e+00]]

[[ 8.92055809e-01 -3.80146114e-01 -2.44387737e-01 -6.54339367e+02]
 [-5.59416186e-03  5.31440354e-01 -8.47077243e-01  8.60955642e+02]
 [ 4.51890628e-01  7.57007319e-01  4.71947856e-01 -3.61165964e+02]
 [ 0.00000000e+00  0.00000000e+00  0.00000000e+00  1.00000000e+00]]

[[ 8.90690223e-01 -3.90565260e-01 -2.32657911e-01 -6.52776449e+02]
 [ 4.50076640e-03  5.19324598e-01 -8.54565214e-01  8.55996597e+02]
 [ 4.54588462e-01  7.60105743e-01  4.64315185e-01 -3.62395453e+02]
 [ 0.00000000e+00  0.00000000e+00  0.00000000e+00  1.00000000e+00]]

[[ 8.91576366e-01 -3.87937607e-01 -2.33657861e-01 -6.52874610e+02]
 [ 4.26188962e-05  5.16020519e-01 -8.56576221e-01  8.58709896e+02]
 [ 4.52870380e-01  7.63693156e-01  4.60088233e-01 -3.60112243e+02]
 [ 0.00000000e+00  0.00000000e+00  0.00000000e+00  1.00000000e+00]]

[[ 8.89600146e-01 -3.90959530e-01 -2.36140267e-01 -6.51426999e+02]
 [-3.18576749e-03  5.11688369e-01 -8.59165214e-01  8.63334194e+02]
 [ 4.56729056e-01  7.65065788e-01  4.53952541e-01 -3.63941689e+02]
 [ 0.00000000e+00  0.00000000e+00  0.00000000e+00  1.00000000e+00]]

[[ 8.90397258e-01 -3.88385631e-01 -2.37380127e-01 -6.52827483e+02]
 [ 1.63980276e-03  5.24236907e-01 -8.51570888e-01  8.59074941e+02]
 [ 4.55181320e-01  7.57847127e-01  4.67415980e-01 -3.62752100e+02]
 [ 0.00000000e+00  0.00000000e+00  0.00000000e+00  1.00000000e+00]]

[[ 8.90950339e-01 -3.94340085e-01 -2.25174135e-01 -6.51643991e+02]
 [ 1.26219075e-02  5.17181913e-01 -8.55782424e-01  8.53629001e+02]
 [ 4.53925304e-01  7.59617513e-01  4.65760724e-01 -3.62115285e+02]
 [ 0.00000000e+00  0.00000000e+00  0.00000000e+00  1.00000000e+00]]

[[ 8.91416786e-01 -3.90980637e-01 -2.29151162e-01 -6.52640761e+02]
 [ 1.78487463e-02  5.35543900e-01 -8.44318751e-01  8.50854557e+02]
 [ 4.52832790e-01  7.48549846e-01  4.84371336e-01 -3.60633543e+02]
 [ 0.00000000e+00  0.00000000e+00  0.00000000e+00  1.00000000e+00]]

[[ 8.93166273e-01 -3.89463140e-01 -2.24883239e-01 -6.54383089e+02]
 [ 5.81503264e-03  5.10003778e-01 -8.60152505e-01  8.68332488e+02]
 [ 4.49688997e-01  7.66951504e-01  4.57782915e-01 -3.50008711e+02]
 [ 0.00000000e+00  0.00000000e+00  0.00000000e+00  1.00000000e+00]]

[[ 8.95851120e-01 -3.90534805e-01 -2.11974850e-01 -6.58506659e+02]
 [ 7.87497321e-03  4.90918802e-01 -8.71169739e-01  8.71301409e+02]
 [ 4.44284543e-01  7.78769090e-01  4.42865610e-01 -3.43328212e+02]
 [ 0.00000000e+00  0.00000000e+00  0.00000000e+00  1.00000000e+00]]

[[ 8.94387100e-01 -3.88813034e-01 -2.21124715e-01 -6.61792861e+02]
 [-1.00910796e-03  4.92606058e-01 -8.70251833e-01  8.77149413e+02]
 [ 4.47292630e-01  7.78565152e-01  4.40188149e-01 -3.43040953e+02]
 [ 0.00000000e+00  0.00000000e+00  0.00000000e+00  1.00000000e+00]]

[[ 8.94910451e-01 -3.86531696e-01 -2.22998951e-01 -6.62396162e+02]
 [ 1.22666132e-02  5.20841367e-01 -8.53565346e-01  8.54284321e+02]
 [ 4.46077140e-01  7.61129107e-01  4.70847818e-01 -3.57112545e+02]
 [ 0.00000000e+00  0.00000000e+00  0.00000000e+00  1.00000000e+00]]

[[ 8.93137361e-01 -3.94935017e-01 -2.15248664e-01 -6.60785533e+02]
 [ 2.08907984e-02  5.14467871e-01 -8.57255145e-01  8.47783854e+02]
 [ 4.49298597e-01  7.61149881e-01  4.67740985e-01 -3.59749455e+02]
 [ 0.00000000e+00  0.00000000e+00  0.00000000e+00  1.00000000e+00]]

[[ 8.94010354e-01 -3.95918582e-01 -2.09747381e-01 -6.60932320e+02]
 [ 2.91339077e-02  5.18516038e-01 -8.54571433e-01  8.43256918e+02]
 [ 4.47098091e-01  7.57884948e-01  4.75093362e-01 -3.58045282e+02]
 [ 0.00000000e+00  0.00000000e+00  0.00000000e+00  1.00000000e+00]]

[[ 8.93370306e-01 -3.99555724e-01 -2.05535204e-01 -6.60119360e+02]
 [ 3.19059359e-02  5.12691609e-01 -8.57979793e-01  8.41995481e+02]
 [ 4.48186912e-01  7.59935877e-01  4.70771659e-01 -3.59855193e+02]
 [ 0.00000000e+00  0.00000000e+00  0.00000000e+00  1.00000000e+00]]

[[ 8.95067518e-01 -3.90536002e-01 -2.15257449e-01 -6.62303495e+02]
 [ 2.47079804e-02  5.25406513e-01 -8.50492512e-01  8.45411951e+02]
 [ 4.45245611e-01  7.55929645e-01  4.79923659e-01 -3.57202382e+02]
 [ 0.00000000e+00  0.00000000e+00  0.00000000e+00  1.00000000e+00]]

[[ 8.95561786e-01 -3.89576079e-01 -2.14940842e-01 -6.61976421e+02]
 [ 2.06342828e-02  5.18926255e-01 -8.54569932e-01  8.48486720e+02]
 [ 4.44458449e-01  7.60885024e-01  4.72769147e-01 -3.57177496e+02]
 [ 0.00000000e+00  0.00000000e+00  0.00000000e+00  1.00000000e+00]]

[[ 8.92597951e-01 -3.97521764e-01 -2.12709532e-01 -6.60477656e+02]
 [ 2.16128118e-02  5.08978011e-01 -8.60508147e-01  8.46783075e+02]
 [ 4.50335191e-01  7.63490557e-01  4.62904293e-01 -3.60860590e+02]
 [ 0.00000000e+00  0.00000000e+00  0.00000000e+00  1.00000000e+00]]

[[ 8.94372180e-01 -3.94264747e-01 -2.11314253e-01 -6.60925211e+02]
 [ 2.52859700e-02  5.16201195e-01 -8.56094005e-01  8.41719063e+02]
 [ 4.46608356e-01  7.60323376e-01  4.71645354e-01 -3.61312349e+02]
 [ 0.00000000e+00  0.00000000e+00  0.00000000e+00  1.00000000e+00]]

[[ 8.93473053e-01 -3.86363230e-01 -2.28974582e-01 -6.59325670e+02]
 [ 1.93672591e-02  5.42504439e-01 -8.39829651e-01  8.26999726e+02]
 [ 4.48699023e-01  7.45930552e-01  4.92195894e-01 -3.72881032e+02]
 [ 0.00000000e+00  0.00000000e+00  0.00000000e+00  1.00000000e+00]]

[[ 8.91513664e-01 -3.91557853e-01 -2.27784622e-01 -6.53944988e+02]
 [ 1.06724907e-02  5.20858487e-01 -8.53576320e-01  8.41994414e+02]
 [ 4.52868065e-01  7.58543924e-01  4.68531356e-01 -3.72029900e+02]
 [ 0.00000000e+00  0.00000000e+00  0.00000000e+00  1.00000000e+00]]

[[ 8.94275082e-01 -3.50822256e-01 -2.77841362e-01 -6.62542354e+02]
 [-8.34781761e-02  4.79182122e-01 -8.73736739e-01  8.95906351e+02]
 [ 4.39662908e-01  8.04554683e-01  3.99234629e-01 -3.55328807e+02]
 [ 0.00000000e+00  0.00000000e+00  0.00000000e+00  1.00000000e+00]]

[[ 8.93469814e-01 -3.94408350e-01 -2.14834225e-01 -6.53916246e+02]
 [ 1.74973471e-02  5.08546217e-01 -8.60856892e-01  8.49272079e+02]
 [ 4.48782279e-01  7.65390618e-01  4.61271794e-01 -3.58201282e+02]
 [ 0.00000000e+00  0.00000000e+00  0.00000000e+00  1.00000000e+00]]

[[ 8.92714260e-01 -3.87766147e-01 -2.29561899e-01 -6.55733433e+02]
 [ 9.63446992e-03  5.25739779e-01 -8.50590890e-01  8.52963551e+02]
 [ 4.50520174e-01  7.57122910e-01  4.73071319e-01 -3.58743337e+02]
 [ 0.00000000e+00  0.00000000e+00  0.00000000e+00  1.00000000e+00]]

[[ 8.91169915e-01 -3.95301225e-01 -2.22605308e-01 -6.53763941e+02]
 [ 8.49841124e-03  5.05137075e-01 -8.62997284e-01  8.53326896e+02]
 [ 4.53590078e-01  7.67185425e-01  4.53522397e-01 -3.61580578e+02]
 [ 0.00000000e+00  0.00000000e+00  0.00000000e+00  1.00000000e+00]]

[[ 8.90657335e-01 -3.94188596e-01 -2.26594049e-01 -6.54279357e+02]
 [ 7.89574092e-03  5.11698804e-01 -8.59128624e-01  8.52904012e+02]
 [ 4.54606609e-01  7.63400082e-01  4.58860704e-01 -3.61736735e+02]
 [ 0.00000000e+00  0.00000000e+00  0.00000000e+00  1.00000000e+00]]

[[ 8.94036708e-01 -3.85542059e-01 -2.28157151e-01 -6.56354452e+02]
 [ 9.38833800e-03  5.25298631e-01 -8.50866151e-01  8.53352342e+02]
 [ 4.47895327e-01  7.58563556e-01  4.73255858e-01 -3.58049106e+02]
 [ 0.00000000e+00  0.00000000e+00  0.00000000e+00  1.00000000e+00]]

[[ 8.95321371e-01 -3.82667081e-01 -2.27959532e-01 -6.56449071e+02]
 [ 5.84071801e-03  5.21826865e-01 -8.53031423e-01  8.56303400e+02]
 [ 4.45382453e-01  7.62405816e-01  4.69437795e-01 -3.56257907e+02]
 [ 0.00000000e+00  0.00000000e+00  0.00000000e+00  1.00000000e+00]]

[[ 8.94029535e-01 -3.77919789e-01 -2.40598885e-01 -6.55192266e+02]
 [ 9.28911132e-03  5.52563035e-01 -8.33419345e-01  8.51404999e+02]
 [ 4.47911713e-01  7.42866560e-01  4.97518212e-01 -3.71797900e+02]
 [ 0.00000000e+00  0.00000000e+00  0.00000000e+00  1.00000000e+00]]

[[ 8.95881168e-01 -3.78466519e-01 -2.32723070e-01 -6.53783726e+02]
 [ 1.10308380e-02  5.42590289e-01 -8.39925056e-01  8.52766756e+02]
 [ 4.44156790e-01  7.49905909e-01  4.90271224e-01 -3.55177472e+02]
 [ 0.00000000e+00  0.00000000e+00  0.00000000e+00  1.00000000e+00]]

[[ 8.96318594e-01 -3.77626361e-01 -2.32403334e-01 -6.53107176e+02]
 [ 5.45229202e-03  5.33473289e-01 -8.45799339e-01  8.56806178e+02]
 [ 4.43377098e-01  7.56838544e-01  4.80220957e-01 -3.53952842e+02]
 [ 0.00000000e+00  0.00000000e+00  0.00000000e+00  1.00000000e+00]]

[[ 8.98415053e-01 -3.77359643e-01 -2.24610981e-01 -6.55254638e+02]
 [ 2.05140671e-02  5.46975452e-01 -8.36897262e-01  8.46555180e+02]
 [ 4.38667945e-01  7.47273413e-01  4.99152161e-01 -3.52046997e+02]
 [ 0.00000000e+00  0.00000000e+00  0.00000000e+00  1.00000000e+00]]

[[ 8.93403260e-01 -3.93352295e-01 -2.17035913e-01 -6.50808185e+02]
 [ 1.74758437e-02  5.13163998e-01 -8.58112642e-01  8.47655646e+02]
 [ 4.48915594e-01  7.62847746e-01  4.65336551e-01 -3.59190033e+02]
 [ 0.00000000e+00  0.00000000e+00  0.00000000e+00  1.00000000e+00]]

[[ 8.94473528e-01 -3.87804805e-01 -2.22541099e-01 -6.52024176e+02]
 [ 1.90881440e-02  5.30386726e-01 -8.47540892e-01  8.47913597e+02]
 [ 4.46713275e-01  7.53854995e-01  4.81819360e-01 -3.56988751e+02]
 [ 0.00000000e+00  0.00000000e+00  0.00000000e+00  1.00000000e+00]]

[[ 8.93105741e-01 -3.89135679e-01 -2.25689076e-01 -6.50496954e+02]
 [ 1.02461793e-02  5.19168854e-01 -8.54610272e-01  8.53762782e+02]
 [ 4.49730088e-01  7.60944889e-01  4.67659838e-01 -3.57679324e+02]
 [ 0.00000000e+00  0.00000000e+00  0.00000000e+00  1.00000000e+00]]

[[ 8.98181433e-01 -3.71898723e-01 -2.34438592e-01 -6.53998946e+02]
 [ 2.10067646e-03  5.36894062e-01 -8.43647055e-01  8.59675705e+02]
 [ 4.39619950e-01  7.57255641e-01  4.83009517e-01 -3.51213185e+02]
 [ 0.00000000e+00  0.00000000e+00  0.00000000e+00  1.00000000e+00]]

[[ 8.93709082e-01 -3.86605277e-01 -2.27641026e-01 -6.52259384e+02]
 [ 1.88152903e-03  5.10619843e-01 -8.59804533e-01  8.62897079e+02]
 [ 4.48642995e-01  7.67986807e-01  4.57073000e-01 -3.43684182e+02]
 [ 0.00000000e+00  0.00000000e+00  0.00000000e+00  1.00000000e+00]]

[[ 8.96244659e-01 -3.72808558e-01 -2.40331627e-01 -6.56339447e+02]
 [-5.94354902e-03  5.31681922e-01 -8.46923260e-01  8.64413276e+02]
 [ 4.43520221e-01  7.60478871e-01  4.74301277e-01 -3.53107259e+02]
 [ 0.00000000e+00  0.00000000e+00  0.00000000e+00  1.00000000e+00]]

[[ 8.92174901e-01 -3.96769757e-01 -2.15865017e-01 -6.52355996e+02]
 [ 1.93047090e-02  5.10962744e-01 -8.59386061e-01  8.48496117e+02]
 [ 4.51277380e-01  7.62555463e-01  4.63527661e-01 -3.62128430e+02]
 [ 0.00000000e+00  0.00000000e+00  0.00000000e+00  1.00000000e+00]]

[[ 8.89628315e-01 -4.10655096e-01 -1.99809543e-01 -6.49899800e+02]
 [ 3.47070869e-02  4.97051263e-01 -8.67026793e-01  8.36830118e+02]
 [ 4.55364557e-01  7.64396778e-01  4.56443519e-01 -3.64739032e+02]
 [ 0.00000000e+00  0.00000000e+00  0.00000000e+00  1.00000000e+00]]

[[ 8.93374078e-01 -3.98285333e-01 -2.07970071e-01 -6.52454359e+02]
 [ 3.14445160e-02  5.17147684e-01 -8.55318371e-01  8.41068822e+02]
 [ 4.48212002e-01  7.57579743e-01  4.74530225e-01 -3.58376463e+02]
 [ 0.00000000e+00  0.00000000e+00  0.00000000e+00  1.00000000e+00]]

[[ 8.93359896e-01 -3.96924759e-01 -2.10615368e-01 -6.52820555e+02]
 [ 2.83952475e-02  5.17651393e-01 -8.55120311e-01  8.41989234e+02]
 [ 4.48443761e-01  7.57949716e-01  4.73719771e-01 -3.58898218e+02]
 [ 0.00000000e+00  0.00000000e+00  0.00000000e+00  1.00000000e+00]]

[[ 8.87180180e-01 -3.97380494e-01 -2.34520942e-01 -6.49961908e+02]
 [-3.51008634e-03  5.02428820e-01 -8.64611450e-01  8.62843043e+02]
 [ 4.61409805e-01  7.67889331e-01  4.44350051e-01 -3.67140712e+02]
 [ 0.00000000e+00  0.00000000e+00  0.00000000e+00  1.00000000e+00]]

[[ 8.96755064e-01 -3.77167340e-01 -2.31463070e-01 -6.55892885e+02]
 [ 4.91611555e-03  5.31506739e-01 -8.47039797e-01  8.58179925e+02]
 [ 4.42499929e-01  7.58449329e-01  4.78485558e-01 -3.54169561e+02]
 [ 0.00000000e+00  0.00000000e+00  0.00000000e+00  1.00000000e+00]]

[[ 8.92670238e-01 -3.79706498e-01 -2.42822612e-01 -6.54399393e+02]
 [-4.23826653e-03  5.31659656e-01 -8.46947488e-01  8.63550782e+02]
 [ 4.50690451e-01  7.57073963e-01  4.72987455e-01 -3.58463526e+02]
 [ 0.00000000e+00  0.00000000e+00  0.00000000e+00  1.00000000e+00]]

[[ 8.92379813e-01 -4.01036127e-01 -2.06949981e-01 -6.67818153e+02]
 [ 3.06300562e-02  5.11346092e-01 -8.58828839e-01  8.40477848e+02]
 [ 4.50244455e-01  7.60062629e-01  4.68598689e-01 -3.59060429e+02]
 [ 0.00000000e+00  0.00000000e+00  0.00000000e+00  1.00000000e+00]]

[[ 9.00564271e-01 -3.54135144e-01 -2.52135469e-01 -6.60732281e+02]
 [-1.45078792e-02  5.55185279e-01 -8.31600161e-01  8.72231732e+02]
 [ 4.34480743e-01  7.52567343e-01  4.94842276e-01 -3.52354869e+02]
 [ 0.00000000e+00  0.00000000e+00  0.00000000e+00  1.00000000e+00]]

[[ 8.95050963e-01 -3.80107053e-01 -2.33243225e-01 -6.54690924e+02]
 [-4.40162007e-04  5.22256033e-01 -8.52788627e-01  8.58678503e+02]
 [ 4.45963653e-01  7.63391946e-01  4.67278457e-01 -3.59827433e+02]
 [ 0.00000000e+00  0.00000000e+00  0.00000000e+00  1.00000000e+00]]

[[ 8.90935743e-01 -3.99509076e-01 -2.15930545e-01 -6.51191653e+02]
 [ 1.91548856e-02  5.08118556e-01 -8.61074111e-01  8.45958174e+02]
 [ 4.53725239e-01  7.63025577e-01  4.60353533e-01 -3.65131450e+02]
 [ 0.00000000e+00  0.00000000e+00  0.00000000e+00  1.00000000e+00]]

[[ 8.91416505e-01 -3.90578626e-01 -2.29836793e-01 -6.52431492e+02]
 [ 1.83343768e-03  5.10262924e-01 -8.60016504e-01  8.56273321e+02]
 [ 4.53181259e-01  7.66211515e-01  4.55572894e-01 -3.65063084e+02]
 [ 0.00000000e+00  0.00000000e+00  0.00000000e+00  1.00000000e+00]]

[[ 8.91433038e-01 -3.91716652e-01 -2.27827133e-01 -6.52295420e+02]
 [ 4.44515776e-03  5.10295186e-01 -8.59987828e-01  8.54934005e+02]
 [ 4.53130642e-01  7.65608835e-01  4.56635230e-01 -3.64723495e+02]
 [ 0.00000000e+00  0.00000000e+00  0.00000000e+00  1.00000000e+00]]

[[ 8.92381258e-01 -3.86666438e-01 -2.32690257e-01 -6.53320502e+02]
 [ 3.20880441e-03  5.21043845e-01 -8.53523881e-01  8.56271183e+02]
 [ 4.51270865e-01  7.60922057e-01  4.66210499e-01 -3.63484893e+02]
 [ 0.00000000e+00  0.00000000e+00  0.00000000e+00  1.00000000e+00]]

[[ 8.91610332e-01 -3.93000619e-01 -2.24903376e-01 -6.49610039e+02]
 [ 1.78534214e-02  5.26816625e-01 -8.49791444e-01  8.50595823e+02]
 [ 4.52451401e-01  7.53667538e-01  4.76731552e-01 -3.63148990e+02]
 [ 0.00000000e+00  0.00000000e+00  0.00000000e+00  1.00000000e+00]]

[[ 8.89978254e-01 -3.88203865e-01 -2.39241439e-01 -6.44329520e+02]
 [-9.03499859e-03  5.09534098e-01 -8.60403029e-01  8.63675059e+02]
 [ 4.55913452e-01  7.67901532e-01  4.49966846e-01 -3.65380084e+02]
 [ 0.00000000e+00  0.00000000e+00  0.00000000e+00  1.00000000e+00]]

[[ 8.93747660e-01 -3.95139476e-01 -2.12320310e-01 -6.51168194e+02]
 [ 2.06275567e-02  5.09029893e-01 -8.60501639e-01  8.48629157e+02]
 [ 4.48095552e-01  7.64691678e-01  4.63095038e-01 -3.59175612e+02]
 [ 0.00000000e+00  0.00000000e+00  0.00000000e+00  1.00000000e+00]]

[[ 8.93061172e-01 -3.83138791e-01 -2.35894912e-01 -6.53609105e+02]
 [-1.62600591e-03  5.21534644e-01 -8.53228557e-01  8.62941019e+02]
 [ 4.49932327e-01  7.62368862e-01  4.65139355e-01 -3.61041305e+02]
 [ 0.00000000e+00  0.00000000e+00  0.00000000e+00  1.00000000e+00]]

[[ 8.95976636e-01 -3.79226380e-01 -2.31113001e-01 -6.55786672e+02]
 [ 4.70995751e-03  5.28491155e-01 -8.48925742e-01  8.56024194e+02]
 [ 4.44076213e-01  7.59529098e-01  4.75301868e-01 -3.55384064e+02]
 [ 0.00000000e+00  0.00000000e+00  0.00000000e+00  1.00000000e+00]]

[[ 8.97908318e-01 -3.62662766e-01 -2.49472184e-01 -6.45131396e+02]
 [-1.61616952e-02  5.39203346e-01 -8.42020517e-01  8.70018302e+02]
 [ 4.39885726e-01  7.60089120e-01  4.78293924e-01 -3.53625410e+02]
 [ 0.00000000e+00  0.00000000e+00  0.00000000e+00  1.00000000e+00]]

[[ 8.92422363e-01 -3.91021216e-01 -2.25132703e-01 -6.43178806e+02]
 [ 3.89482459e-03  5.05620684e-01 -8.62747098e-01  8.60851832e+02]
 [ 4.51184171e-01  7.69057951e-01  4.52750165e-01 -3.60730675e+02]
 [ 0.00000000e+00  0.00000000e+00  0.00000000e+00  1.00000000e+00]]

[[ 8.91605044e-01 -3.89374152e-01 -2.31145442e-01 -6.53179717e+02]
 [-3.25002940e-03  5.04948530e-01 -8.63143337e-01  8.61126958e+02]
 [ 4.52802256e-01  7.70334182e-01  4.48949179e-01 -3.59071793e+02]
 [ 0.00000000e+00  0.00000000e+00  0.00000000e+00  1.00000000e+00]]

[[ 8.90893064e-01 -3.92597174e-01 -2.28422871e-01 -6.52612625e+02]
 [ 3.89550372e-03  5.09483671e-01 -8.60471507e-01  8.57111730e+02]
 [ 4.54196405e-01  7.65698275e-01  4.55424833e-01 -3.58782424e+02]
 [ 0.00000000e+00  0.00000000e+00  0.00000000e+00  1.00000000e+00]]

[[ 8.90347030e-01 -3.97436700e-01 -2.22095106e-01 -6.51883597e+02]
 [ 1.04898378e-02  5.05596190e-01 -8.62706471e-01  8.54618395e+02]
 [ 4.55161652e-01  7.65778403e-01  4.54325113e-01 -3.60480719e+02]
 [ 0.00000000e+00  0.00000000e+00  0.00000000e+00  1.00000000e+00]]

[[ 8.93692783e-01 -3.89120769e-01 -2.23379133e-01 -6.54019457e+02]
 [ 5.85876087e-03  5.07937269e-01 -8.61374138e-01  8.54299286e+02]
 [ 4.48641154e-01  7.68495125e-01  4.56219637e-01 -3.55300096e+02]
 [ 0.00000000e+00  0.00000000e+00  0.00000000e+00  1.00000000e+00]]

[[ 8.89109977e-01 -4.01412304e-01 -2.19889999e-01 -6.51962685e+02]
 [ 6.13105496e-03  4.90833006e-01 -8.71232099e-01  8.52078692e+02]
 [ 4.57652553e-01  7.73272994e-01  4.38865604e-01 -3.62254397e+02]
 [ 0.00000000e+00  0.00000000e+00  0.00000000e+00  1.00000000e+00]]

[[ 8.89198144e-01 -3.96339509e-01 -2.28564333e-01 -6.52276513e+02]
 [-9.67212753e-04  4.97940288e-01 -8.67210778e-01  8.58328969e+02]
 [ 4.57521284e-01  7.71343285e-01  4.42384235e-01 -3.61559270e+02]
 [ 0.00000000e+00  0.00000000e+00  0.00000000e+00  1.00000000e+00]]

[[ 8.90101230e-01 -3.96750411e-01 -2.24296482e-01 -6.52510923e+02]
 [ 1.27860202e-02  5.13678197e-01 -8.57887655e-01  8.53493970e+02]
 [ 4.55583492e-01  7.60738997e-01  4.62298454e-01 -3.59948843e+02]
 [ 0.00000000e+00  0.00000000e+00  0.00000000e+00  1.00000000e+00]]

[[ 8.99394476e-01 -3.82067798e-01 -2.12400035e-01 -6.58874320e+02]
 [ 5.74100172e-03  4.96169838e-01 -8.68206503e-01  8.59541101e+02]
 [ 4.37100238e-01  7.79640744e-01  4.48445863e-01 -3.40658980e+02]
 [ 0.00000000e+00  0.00000000e+00  0.00000000e+00  1.00000000e+00]]

[[ 8.93709052e-01 -3.98392127e-01 -2.06319758e-01 -6.55661882e+02]
 [ 2.95507296e-02  5.11143976e-01 -8.58986956e-01  8.44989700e+02]
 [ 4.47672742e-01  7.61587519e-01  4.68586776e-01 -3.55618300e+02]
 [ 0.00000000e+00  0.00000000e+00  0.00000000e+00  1.00000000e+00]]

[[ 8.93838103e-01 -3.76187083e-01 -2.44001483e-01 -6.59033435e+02]
 [-4.98688015e-03  5.35798718e-01 -8.44331016e-01  8.63340934e+02]
 [ 4.48362104e-01  7.55912040e-01  4.77041310e-01 -3.53855351e+02]
 [ 0.00000000e+00  0.00000000e+00  0.00000000e+00  1.00000000e+00]]

[[ 8.93785866e-01 -3.79304399e-01 -2.39321956e-01 -6.58076370e+02]
 [-5.65617643e-03  5.24036978e-01 -8.51676731e-01  8.65078616e+02]
 [ 4.48458285e-01  7.62570272e-01  4.66231432e-01 -3.55961711e+02]
 [ 0.00000000e+00  0.00000000e+00  0.00000000e+00  1.00000000e+00]]

[[ 8.88064371e-01 -3.96308807e-01 -2.32982837e-01 -6.54335619e+02]
 [-3.70059141e-04  5.06177453e-01 -8.62429272e-01  8.60846198e+02]
 [ 4.59718975e-01  7.65978926e-01  4.49371504e-01 -3.63255920e+02]
 [ 0.00000000e+00  0.00000000e+00  0.00000000e+00  1.00000000e+00]]

[[ 8.93030548e-01 -3.88546757e-01 -2.26997485e-01 -6.56956089e+02]
 [ 1.65548462e-02  5.32469070e-01 -8.46287556e-01  8.51401866e+02]
 [ 4.49691425e-01  7.52002731e-01  4.81943477e-01 -3.55120205e+02]
 [ 0.00000000e+00  0.00000000e+00  0.00000000e+00  1.00000000e+00]]

[[ 8.87016734e-01 -3.93539517e-01 -2.41511826e-01 -6.55292188e+02]
 [-7.71906359e-03  5.10338734e-01 -8.59938831e-01  8.61455935e+02]
 [ 4.61672751e-01  7.64644378e-01  4.49641241e-01 -3.63123731e+02]
 [ 0.00000000e+00  0.00000000e+00  0.00000000e+00  1.00000000e+00]]

[[ 8.91148520e-01 -3.92522558e-01 -2.27552977e-01 -6.55671221e+02]
 [ 6.62224955e-03  5.12735854e-01 -8.58520873e-01  8.56719015e+02]
 [ 4.53663379e-01  7.63562693e-01  4.59523179e-01 -3.58703299e+02]
 [ 0.00000000e+00  0.00000000e+00  0.00000000e+00  1.00000000e+00]]

[[ 8.94400237e-01 -3.81221850e-01 -2.33919040e-01 -6.58098436e+02]
 [ 1.34701789e-04  5.23225400e-01 -8.52194322e-01  8.60157771e+02]
 [ 4.47267479e-01  7.62171294e-01  4.68024273e-01 -3.53633922e+02]
 [ 0.00000000e+00  0.00000000e+00  0.00000000e+00  1.00000000e+00]]

[[ 8.91842455e-01 -3.89617013e-01 -2.29816490e-01 -6.56912784e+02]
 [ 2.02130390e-03  5.11481959e-01 -8.59291638e-01  8.65531628e+02]
 [ 4.52341630e-01  7.65888235e-01  4.56948861e-01 -3.51440067e+02]
 [ 0.00000000e+00  0.00000000e+00  0.00000000e+00  1.00000000e+00]]

[[ 8.94465352e-01 -3.93678385e-01 -2.12011942e-01 -6.60615185e+02]
 [ 7.66433489e-03  4.87583264e-01 -8.73042851e-01  8.71122100e+02]
 [ 4.47071574e-01  7.79281650e-01  4.39143619e-01 -3.45394810e+02]
 [ 0.00000000e+00  0.00000000e+00  0.00000000e+00  1.00000000e+00]]

[[ 8.95612052e-01 -3.83637416e-01 -2.25169680e-01 -6.62740929e+02]
 [ 4.88426094e-03  5.14636197e-01 -8.57394733e-01  8.57566823e+02]
 [ 4.44809168e-01  7.66793269e-01  4.62788166e-01 -3.54523441e+02]
 [ 0.00000000e+00  0.00000000e+00  0.00000000e+00  1.00000000e+00]]

[[ 8.94606520e-01 -3.96743150e-01 -2.05606536e-01 -6.59905043e+02]
 [ 2.48167260e-02  5.03520904e-01 -8.63626557e-01  8.48149630e+02]
 [ 4.46165109e-01  7.67503467e-01  4.60298950e-01 -3.57164303e+02]
 [ 0.00000000e+00  0.00000000e+00  0.00000000e+00  1.00000000e+00]]

[[ 8.91789674e-01 -3.94246537e-01 -2.21992894e-01 -6.60133639e+02]
 [ 8.70041494e-03  5.05498002e-01 -8.62783908e-01  8.55064796e+02]
 [ 4.52366532e-01  7.67490350e-01  4.54228007e-01 -3.59649033e+02]
 [ 0.00000000e+00  0.00000000e+00  0.00000000e+00  1.00000000e+00]]

[[ 8.91872163e-01 -4.03380507e-01 -2.04568354e-01 -6.58171514e+02]
 [ 2.12615852e-02  4.89189511e-01 -8.71918326e-01  8.48327209e+02]
 [ 4.51787549e-01  7.73290236e-01  4.44871016e-01 -3.61110066e+02]
 [ 0.00000000e+00  0.00000000e+00  0.00000000e+00  1.00000000e+00]]

[[ 8.97119182e-01 -3.80706449e-01 -2.24142303e-01 -6.63432238e+02]
 [ 1.24817084e-02  5.28991050e-01 -8.48535607e-01  8.54242259e+02]
 [ 4.41612250e-01  7.58439891e-01  4.79319886e-01 -3.52042811e+02]
 [ 0.00000000e+00  0.00000000e+00  0.00000000e+00  1.00000000e+00]]

[[ 8.96446618e-01 -3.89007996e-01 -2.12264551e-01 -6.61952744e+02]
 [ 2.04694686e-02  5.14825514e-01 -8.57050577e-01  8.48997612e+02]
 [ 4.42678734e-01  7.63955149e-01  4.69476378e-01 -3.53120982e+02]
 [ 0.00000000e+00  0.00000000e+00  0.00000000e+00  1.00000000e+00]]

[[ 8.92955946e-01 -3.97705757e-01 -2.10854949e-01 -6.59086597e+02]
 [ 2.61096618e-02  5.13388405e-01 -8.57759075e-01  8.43196274e+02]
 [ 4.49386208e-01  7.60435715e-01  4.68817191e-01 -3.59674691e+02]
 [ 0.00000000e+00  0.00000000e+00  0.00000000e+00  1.00000000e+00]]

[[ 8.93290364e-01 -3.83700368e-01 -2.34107569e-01 -6.59090779e+02]
 [ 1.49238292e-02  5.45872530e-01 -8.37735316e-01  8.34194722e+02]
 [ 4.49232240e-01  7.44847104e-01  4.93348950e-01 -3.70317405e+02]
 [ 0.00000000e+00  0.00000000e+00  0.00000000e+00  1.00000000e+00]]

[[ 8.95514905e-01 -3.83256360e-01 -2.26202601e-01 -6.56735496e+02]
 [ 1.14408820e-02  5.27942689e-01 -8.49202934e-01  8.49762834e+02]
 [ 4.44884435e-01  7.57885928e-01  4.77165337e-01 -3.57044265e+02]
 [ 0.00000000e+00  0.00000000e+00  0.00000000e+00  1.00000000e+00]]

[[ 8.93958341e-01 -3.86487808e-01 -2.26860439e-01 -6.56449712e+02]
 [ 9.14386861e-03  5.21840225e-01 -8.52994237e-01  8.52023470e+02]
 [ 4.48056775e-01  7.60466931e-01  4.70037416e-01 -3.54478573e+02]
 [ 0.00000000e+00  0.00000000e+00  0.00000000e+00  1.00000000e+00]]

[[ 8.94355232e-01 -3.82854014e-01 -2.31412021e-01 -6.55901881e+02]
 [ 5.26250027e-04  5.18186598e-01 -8.55267428e-01  8.62889001e+02]
 [ 4.47357175e-01  7.64791118e-01  4.63644372e-01 -3.55891298e+02]
 [ 0.00000000e+00  0.00000000e+00  0.00000000e+00  1.00000000e+00]]

[[ 8.94031028e-01 -3.87075376e-01 -2.25568559e-01 -6.55073539e+02]
 [ 3.22890151e-03  5.09049703e-01 -8.60731069e-01  8.60157168e+02]
 [ 4.47993411e-01  7.68791944e-01  4.56356058e-01 -3.55583570e+02]
 [ 0.00000000e+00  0.00000000e+00  0.00000000e+00  1.00000000e+00]]

[[ 8.90436324e-01 -3.97053927e-01 -2.22421518e-01 -6.50635061e+02]
 [ 1.81975522e-02  5.19394337e-01 -8.54340899e-01  8.28220630e+02]
 [ 4.54743886e-01  7.56688643e-01  4.69712994e-01 -3.74246087e+02]
 [ 0.00000000e+00  0.00000000e+00  0.00000000e+00  1.00000000e+00]]

[[ 8.92718539e-01 -3.81133066e-01 -2.40397997e-01 -6.51294204e+02]
 [-1.14185804e-03  5.31573965e-01 -8.47011107e-01  8.52310192e+02]
 [ 4.50613257e-01  7.56417018e-01  4.74110734e-01 -3.62965642e+02]
 [ 0.00000000e+00  0.00000000e+00  0.00000000e+00  1.00000000e+00]]

[[ 8.93562661e-01 -3.90118992e-01 -2.22155221e-01 -6.48924168e+02]
 [ 1.74930405e-02  5.24725913e-01 -8.51091482e-01  8.52124985e+02]
 [ 4.48597552e-01  7.56617399e-01  4.75699850e-01 -3.54316670e+02]
 [ 0.00000000e+00  0.00000000e+00  0.00000000e+00  1.00000000e+00]]

[[ 8.96362088e-01 -3.74739294e-01 -2.36865930e-01 -6.51795008e+02]
 [ 2.08309541e-03  5.37851243e-01 -8.43037188e-01  8.62983867e+02]
 [ 4.43317796e-01  7.55173160e-01  4.82890081e-01 -3.50993673e+02]
 [ 0.00000000e+00  0.00000000e+00  0.00000000e+00  1.00000000e+00]]

[[ 8.92753710e-01 -3.86010751e-01 -2.32349981e-01 -6.49579050e+02]
 [ 3.53947157e-04  5.16309417e-01 -8.56402044e-01  8.60992123e+02]
 [ 4.50544879e-01  7.64473862e-01  4.61073775e-01 -3.56603340e+02]
 [ 0.00000000e+00  0.00000000e+00  0.00000000e+00  1.00000000e+00]]

[[ 8.93274761e-01 -3.83411691e-01 -2.34639462e-01 -6.50466637e+02]
 [-2.16169298e-03  5.18318068e-01 -8.55185189e-01  8.62733178e+02]
 [ 4.49505872e-01  7.64422563e-01  4.62171630e-01 -3.56520864e+02]
 [ 0.00000000e+00  0.00000000e+00  0.00000000e+00  1.00000000e+00]]

[[ 8.92239862e-01 -3.85697366e-01 -2.34830942e-01 -6.49293748e+02]
 [ 6.02879519e-03  5.30170102e-01 -8.47869870e-01  8.61315254e+02]
 [ 4.51521520e-01  7.55087548e-01  4.75364189e-01 -3.56957197e+02]
 [ 0.00000000e+00  0.00000000e+00  0.00000000e+00  1.00000000e+00]]

[[ 8.94916868e-01 -3.83285002e-01 -2.28509095e-01 -6.50425224e+02]
 [ 7.35189481e-03  5.24679603e-01 -8.51268033e-01  8.57408716e+02]
 [ 4.46172331e-01  7.60134147e-01  4.72362498e-01 -3.53103642e+02]
 [ 0.00000000e+00  0.00000000e+00  0.00000000e+00  1.00000000e+00]]

[[ 8.91644519e-01 -3.85315348e-01 -2.37701774e-01 -6.49800302e+02]
 [-1.29981428e-03  5.22852875e-01 -8.52421950e-01  8.61943068e+02]
 [ 4.52734317e-01  7.60366328e-01  4.65698062e-01 -3.57230186e+02]
 [ 0.00000000e+00  0.00000000e+00  0.00000000e+00  1.00000000e+00]]

[[ 8.96747210e-01 -3.78166066e-01 -2.29858364e-01 -6.51714404e+02]
 [ 7.95933252e-03  5.33101447e-01 -8.46013886e-01  8.57786913e+02]
 [ 4.42471570e-01  7.56831073e-01  4.81067185e-01 -3.50901663e+02]
 [ 0.00000000e+00  0.00000000e+00  0.00000000e+00  1.00000000e+00]]

[[ 8.93907076e-01 -3.76269178e-01 -2.43621929e-01 -6.50783525e+02]
 [-2.43349640e-03  5.39411259e-01 -8.42038937e-01  8.67119198e+02]
 [ 4.48245710e-01  7.53297418e-01  4.81267892e-01 -3.54827808e+02]
 [ 0.00000000e+00  0.00000000e+00  0.00000000e+00  1.00000000e+00]]

[[ 8.93786682e-01 -3.85659996e-01 -2.28936091e-01 -6.49623523e+02]
 [ 1.02382365e-02  5.27869083e-01 -8.49264040e-01  8.57843593e+02]
 [ 4.48375451e-01  7.56716987e-01  4.75750835e-01 -3.54573860e+02]
 [ 0.00000000e+00  0.00000000e+00  0.00000000e+00  1.00000000e+00]]

[[ 8.92337112e-01 -3.83879159e-01 -2.37426346e-01 -6.49781993e+02]
 [ 3.59378039e-03  5.32038941e-01 -8.46712259e-01  8.62063623e+02]
 [ 4.51355252e-01  7.54699514e-01  4.76137669e-01 -3.56427092e+02]
 [ 0.00000000e+00  0.00000000e+00  0.00000000e+00  1.00000000e+00]]

[[ 8.91627795e-01 -3.94241039e-01 -2.22651924e-01 -6.46717605e+02]
 [ 2.29663012e-02  5.30503600e-01 -8.47371512e-01  8.49067048e+02]
 [ 4.52186272e-01  7.50426501e-01  4.82066013e-01 -3.63422151e+02]
 [ 0.00000000e+00  0.00000000e+00  0.00000000e+00  1.00000000e+00]]

[[ 8.92337508e-01 -3.87527280e-01 -2.31422513e-01 -6.47292455e+02]
 [ 7.13020834e-03  5.24751120e-01 -8.51225835e-01  8.59321452e+02]
 [ 4.51312455e-01  7.57930649e-01  4.71018257e-01 -3.57839697e+02]
 [ 0.00000000e+00  0.00000000e+00  0.00000000e+00  1.00000000e+00]]

[[ 8.92595107e-01 -3.83943010e-01 -2.36350881e-01 -6.48266448e+02]
 [ 5.40003217e-03  5.33289793e-01 -8.45915384e-01  8.60335110e+02]
 [ 4.50826811e-01  7.53783630e-01  4.78085165e-01 -3.56028343e+02]
 [ 0.00000000e+00  0.00000000e+00  0.00000000e+00  1.00000000e+00]]

[[ 8.91257932e-01 -3.90388510e-01 -2.30772853e-01 -6.46975435e+02]
 [ 3.18724357e-03  5.14253980e-01 -8.57632022e-01  8.59081802e+02]
 [ 4.53485545e-01  7.63635814e-01  4.59577202e-01 -3.58097111e+02]
 [ 0.00000000e+00  0.00000000e+00  0.00000000e+00  1.00000000e+00]]

[[ 8.92632373e-01 -3.88446763e-01 -2.28728134e-01 -6.48002277e+02]
 [ 6.84300827e-03  5.19017203e-01 -8.54736401e-01  8.55822912e+02]
 [ 4.50733424e-01  7.61400194e-01  4.65949702e-01 -3.55233941e+02]
 [ 0.00000000e+00  0.00000000e+00  0.00000000e+00  1.00000000e+00]]

[[ 8.90160551e-01 -3.83853874e-01 -2.45500298e-01 -6.47931875e+02]
 [-1.00229328e-02  5.22168814e-01 -8.52783249e-01  8.67095618e+02]
 [ 4.55536754e-01  7.61574640e-01  4.60966738e-01 -3.59205030e+02]
 [ 0.00000000e+00  0.00000000e+00  0.00000000e+00  1.00000000e+00]]

[[ 8.88895949e-01 -3.85733507e-01 -2.47130843e-01 -6.46914130e+02]
 [-1.24728429e-02  5.18880246e-01 -8.54755941e-01  8.68527754e+02]
 [ 4.57939319e-01  7.62871518e-01  4.56419355e-01 -3.59965589e+02]
 [ 0.00000000e+00  0.00000000e+00  0.00000000e+00  1.00000000e+00]]

[[ 8.91162305e-01 -3.83865676e-01 -2.41819950e-01 -6.47928389e+02]
 [ 1.10471080e-03  5.34847752e-01 -8.44947727e-01  8.62805895e+02]
 [ 4.53683287e-01  7.52718423e-01  4.77060217e-01 -3.57619024e+02]
 [ 0.00000000e+00  0.00000000e+00  0.00000000e+00  1.00000000e+00]]

[[ 8.87649118e-01 -3.93647297e-01 -2.38999683e-01 -6.45845038e+02]
 [-4.19511472e-03  5.12044012e-01 -8.58948969e-01  8.62827400e+02]
 [ 4.60501296e-01  7.63447926e-01  4.52864020e-01 -3.62532343e+02]
 [ 0.00000000e+00  0.00000000e+00  0.00000000e+00  1.00000000e+00]]

[[ 8.90355027e-01 -3.98753477e-01 -2.19689760e-01 -6.46352275e+02]
 [ 5.21710269e-03  4.91456369e-01 -8.70886571e-01  8.66643892e+02]
 [ 4.55236980e-01  7.74252092e-01  4.39650986e-01 -3.49314182e+02]
 [ 0.00000000e+00  0.00000000e+00  0.00000000e+00  1.00000000e+00]]

[[ 8.93806311e-01 -3.90201023e-01 -2.21028143e-01 -6.50485059e+02]
 [ 8.78394788e-03  5.08006306e-01 -8.61308560e-01  8.56012317e+02]
 [ 4.48367172e-01  7.67901527e-01  4.57486747e-01 -3.54836502e+02]
 [ 0.00000000e+00  0.00000000e+00  0.00000000e+00  1.00000000e+00]]

[[ 8.91426909e-01 -3.86423681e-01 -2.36716720e-01 -6.50796873e+02]
 [ 3.47664487e-03  5.28180139e-01 -8.49125229e-01  8.60463293e+02]
 [ 4.53151166e-01  7.56110098e-01  4.72177446e-01 -3.57047329e+02]
 [ 0.00000000e+00  0.00000000e+00  0.00000000e+00  1.00000000e+00]]

[[ 8.93308433e-01 -3.80511566e-01 -2.39188195e-01 -6.51558524e+02]
 [-3.34875256e-03  5.26536827e-01 -8.50145726e-01  8.65538602e+02]
 [ 4.49431675e-01  7.60243328e-01  4.69085549e-01 -3.56323721e+02]
 [ 0.00000000e+00  0.00000000e+00  0.00000000e+00  1.00000000e+00]]

[[ 8.92851326e-01 -3.86864056e-01 -2.30548720e-01 -6.50533326e+02]
 [ 6.30751312e-03  5.22622535e-01 -8.52540850e-01  8.59514736e+02]
 [ 4.50307368e-01  7.59738039e-01  4.69064373e-01 -3.55698504e+02]
 [ 0.00000000e+00  0.00000000e+00  0.00000000e+00  1.00000000e+00]]

[[ 8.90876553e-01 -3.85741299e-01 -2.39880425e-01 -6.50406693e+02]
 [-8.41835294e-03  5.13974359e-01 -8.57764239e-01  8.66634094e+02]
 [ 4.54167479e-01  7.66181446e-01  4.54640399e-01 -3.58645603e+02]
 [ 0.00000000e+00  0.00000000e+00  0.00000000e+00  1.00000000e+00]]

[[ 8.92399850e-01 -3.87744300e-01 -2.30817819e-01 -6.50932487e+02]
 [ 4.46436830e-03  5.19074151e-01 -8.54717553e-01  8.58495686e+02]
 [ 4.51223423e-01  7.61719360e-01  4.64952728e-01 -3.56288120e+02]
 [ 0.00000000e+00  0.00000000e+00  0.00000000e+00  1.00000000e+00]]

[[ 9.00162215e-01 -3.90502726e-01 -1.92913473e-01 -6.64323119e+02]
 [ 4.13095272e-02  5.17461482e-01 -8.54708803e-01  8.39393847e+02]
 [ 4.33591409e-01  7.61407405e-01  4.81930757e-01 -3.47338076e+02]
 [ 0.00000000e+00  0.00000000e+00  0.00000000e+00  1.00000000e+00]]

[[ 8.94637691e-01 -3.90418135e-01 -2.17248892e-01 -6.61651660e+02]
 [ 1.96267025e-02  5.20112942e-01 -8.53871958e-01  8.54178553e+02]
 [ 4.46361058e-01  7.59642157e-01  4.72975262e-01 -3.58088183e+02]
 [ 0.00000000e+00  0.00000000e+00  0.00000000e+00  1.00000000e+00]]

[[ 8.96146698e-01 -3.79735878e-01 -2.29612193e-01 -6.52840741e+02]
 [ 1.37979887e-02  5.41020784e-01 -8.40896026e-01  8.54131435e+02]
 [ 4.43543360e-01  7.50398010e-01  4.90073580e-01 -3.54056492e+02]
 [ 0.00000000e+00  0.00000000e+00  0.00000000e+00  1.00000000e+00]]

[[ 8.91246219e-01 -3.89396295e-01 -2.32488069e-01 -6.50012165e+02]
 [ 8.44233236e-03  5.26786590e-01 -8.49955655e-01  8.56798481e+02]
 [ 4.53441180e-01  7.55557023e-01  4.72783969e-01 -3.61457541e+02]
 [ 0.00000000e+00  0.00000000e+00  0.00000000e+00  1.00000000e+00]]

[[ 8.92459450e-01 -3.86087789e-01 -2.33350272e-01 -6.50702028e+02]
 [ 1.61388785e-03  5.19989118e-01 -8.54171360e-01  8.59800236e+02]
 [ 4.51124734e-01  7.61936701e-01  4.64692305e-01 -3.60403338e+02]
 [ 0.00000000e+00  0.00000000e+00  0.00000000e+00  1.00000000e+00]]

[[ 8.93675843e-01 -3.90197639e-01 -2.21561030e-01 -6.50529512e+02]
 [ 1.97477974e-02  5.27492997e-01 -8.49329832e-01  8.50632978e+02]
 [ 4.48278387e-01  7.54650211e-01  4.79113292e-01 -3.58216691e+02]
 [ 0.00000000e+00  0.00000000e+00  0.00000000e+00  1.00000000e+00]]

[[ 8.95434612e-01 -3.84575872e-01 -2.24272723e-01 -6.51453364e+02]
 [ 1.85327232e-02  5.35528600e-01 -8.44313720e-01  8.53078324e+02]
 [ 4.44807142e-01  7.51871343e-01  4.86658082e-01 -3.55983009e+02]
 [ 0.00000000e+00  0.00000000e+00  0.00000000e+00  1.00000000e+00]]

[[ 8.88714375e-01 -3.93235950e-01 -2.35695244e-01 -6.48888092e+02]
 [ 8.94263671e-03  5.28871616e-01 -8.48654725e-01  8.56408021e+02]
 [ 4.58374072e-01  7.52103917e-01  4.73532374e-01 -3.63110214e+02]
 [ 0.00000000e+00  0.00000000e+00  0.00000000e+00  1.00000000e+00]]

[[ 8.91016381e-01 -3.90621045e-01 -2.31311498e-01 -6.46041096e+02]
 [ 1.10269886e-02  5.28001389e-01 -8.49171913e-01  8.54351922e+02]
 [ 4.53837212e-01  7.54075415e-01  4.74765261e-01 -3.60135103e+02]
 [ 0.00000000e+00  0.00000000e+00  0.00000000e+00  1.00000000e+00]]

[[ 8.92013016e-01 -3.81085827e-01 -2.43076884e-01 -6.48630368e+02]
 [-9.30838366e-03  5.22167927e-01 -8.52791891e-01  8.62009496e+02]
 [ 4.51913856e-01  7.62964120e-01  4.62233295e-01 -3.58199515e+02]
 [ 0.00000000e+00  0.00000000e+00  0.00000000e+00  1.00000000e+00]]

[[ 8.93292498e-01 -3.84750077e-01 -2.32370161e-01 -6.51250530e+02]
 [ 3.89135522e-03  5.23581002e-01 -8.51967013e-01  8.57096665e+02]
 [ 4.49458976e-01  7.60151506e-01  4.69208180e-01 -3.55634517e+02]
 [ 0.00000000e+00  0.00000000e+00  0.00000000e+00  1.00000000e+00]]

[[ 8.92236493e-01 -3.91970904e-01 -2.24216082e-01 -6.49536022e+02]
 [ 3.98557902e-03  5.03343654e-01 -8.64077127e-01  8.58340507e+02]
 [ 4.51550834e-01  7.70067515e-01  4.50663807e-01 -3.59168248e+02]
 [ 0.00000000e+00  0.00000000e+00  0.00000000e+00  1.00000000e+00]]

[[ 8.92832917e-01 -3.88556762e-01 -2.27756506e-01 -6.50603015e+02]
 [ 5.70414563e-03  5.15404274e-01 -8.56928175e-01  8.57030278e+02]
 [ 4.50351913e-01  7.63794526e-01  4.62386285e-01 -3.57399890e+02]
 [ 0.00000000e+00  0.00000000e+00  0.00000000e+00  1.00000000e+00]]

[[ 8.93252228e-01 -3.88086868e-01 -2.26911965e-01 -6.50954816e+02]
 [ 8.12652995e-03  5.18603827e-01 -8.54976041e-01  8.54401209e+02]
 [ 4.49482387e-01  7.61865247e-01  4.66397823e-01 -3.56038048e+02]
 [ 0.00000000e+00  0.00000000e+00  0.00000000e+00  1.00000000e+00]]

[[ 8.91095694e-01 -3.92782103e-01 -2.27311866e-01 -6.49413186e+02]
 [ 4.29433641e-03  5.08166274e-01 -8.61248278e-01  8.57553323e+02]
 [ 4.53795134e-01  7.66478478e-01  4.54511517e-01 -3.59536642e+02]
 [ 0.00000000e+00  0.00000000e+00  0.00000000e+00  1.00000000e+00]]

[[ 8.90687789e-01 -3.90256077e-01 -2.33185456e-01 -6.49715823e+02]
 [ 9.09553138e-03  5.28123579e-01 -8.49118812e-01  8.57776132e+02]
 [ 4.54524514e-01  7.54178812e-01  4.73942809e-01 -3.59301435e+02]
 [ 0.00000000e+00  0.00000000e+00  0.00000000e+00  1.00000000e+00]]

[[ 8.97493538e-01 -3.71220063e-01 -2.38119749e-01 -6.53387289e+02]
 [-1.23620029e-02  5.18533301e-01 -8.54968068e-01  8.68156872e+02]
 [ 4.40854319e-01  7.70271953e-01  4.60791263e-01 -3.53324369e+02]
 [ 0.00000000e+00  0.00000000e+00  0.00000000e+00  1.00000000e+00]]

[[ 8.92682308e-01 -3.89676336e-01 -2.26430231e-01 -6.50224783e+02]
 [ 5.40291986e-03  5.11628717e-01 -8.59189656e-01  8.57759822e+02]
 [ 4.50654085e-01  7.65760021e-01  4.58827294e-01 -3.58057832e+02]
 [ 0.00000000e+00  0.00000000e+00  0.00000000e+00  1.00000000e+00]]

[[ 8.94687927e-01 -3.79667447e-01 -2.35342610e-01 -6.52775545e+02]
 [ 1.00834422e-02  5.43888561e-01 -8.39096870e-01  8.57107184e+02]
 [ 4.46577919e-01  7.48356775e-01  4.90438884e-01 -3.53954734e+02]
 [ 0.00000000e+00  0.00000000e+00  0.00000000e+00  1.00000000e+00]]

[[ 8.93816750e-01 -3.85409178e-01 -2.29240884e-01 -6.51249640e+02]
 [ 9.76215238e-03  5.27807157e-01 -8.49308133e-01  8.57116450e+02]
 [ 4.48326128e-01  7.56887951e-01  4.75525301e-01 -3.55945044e+02]
 [ 0.00000000e+00  0.00000000e+00  0.00000000e+00  1.00000000e+00]]

[[ 8.93088740e-01 -3.78241580e-01 -2.43568899e-01 -6.52234892e+02]
 [ 4.03869402e-03  5.48126911e-01 -8.36385425e-01  8.61119147e+02]
 [ 4.49862413e-01  7.45982705e-01  4.91053575e-01 -3.55159412e+02]
 [ 0.00000000e+00  0.00000000e+00  0.00000000e+00  1.00000000e+00]]

[[ 8.87672571e-01 -3.91894488e-01 -2.41777000e-01 -6.48841607e+02]
 [-9.51588084e-03  5.09335642e-01 -8.60515341e-01  8.66638150e+02]
 [ 4.60376862e-01  7.66156586e-01  4.48394058e-01 -3.64157795e+02]
 [ 0.00000000e+00  0.00000000e+00  0.00000000e+00  1.00000000e+00]]

[[ 8.90918494e-01 -3.87648224e-01 -2.36628596e-01 -6.50172006e+02]
 [ 4.33405973e-03  5.28254137e-01 -8.49075251e-01  8.61382916e+02]
 [ 4.54142548e-01  7.55431281e-01  4.72311471e-01 -3.60145909e+02]
 [ 0.00000000e+00  0.00000000e+00  0.00000000e+00  1.00000000e+00]]

[[ 8.95746184e-01 -3.73373650e-01 -2.41310776e-01 -6.52922149e+02]
 [-1.09273210e-02  5.24145590e-01 -8.51558567e-01  8.68019956e+02]
 [ 4.44431510e-01  7.65417218e-01  4.65421439e-01 -3.54703746e+02]
 [ 0.00000000e+00  0.00000000e+00  0.00000000e+00  1.00000000e+00]]

[[ 8.98484217e-01 -3.58541647e-01 -2.53325878e-01 -6.55525401e+02]
 [-2.64994121e-02  5.31698152e-01 -8.46519259e-01  8.78077519e+02]
 [ 4.38205310e-01  7.67297180e-01  4.68221255e-01 -3.51445879e+02]
 [ 0.00000000e+00  0.00000000e+00  0.00000000e+00  1.00000000e+00]]

[[ 9.05616628e-01 -3.49566634e-01 -2.40128488e-01 -6.58901226e+02]
 [-2.52718380e-02  5.20723076e-01 -8.53351517e-01  8.72655068e+02]
 [ 4.23343663e-01  7.78877812e-01  4.62741285e-01 -3.42234840e+02]
 [ 0.00000000e+00  0.00000000e+00  0.00000000e+00  1.00000000e+00]]

[[ 9.05684661e-01 -3.54670261e-01 -2.32259124e-01 -6.58501315e+02]
 [-8.73215511e-03  5.32120820e-01 -8.46623400e-01  8.65334894e+02]
 [ 4.23862058e-01  7.68801950e-01  4.78836629e-01 -3.41547843e+02]
 [ 0.00000000e+00  0.00000000e+00  0.00000000e+00  1.00000000e+00]]

[[ 9.02752038e-01 -3.65032510e-01 -2.27574218e-01 -6.56051307e+02]
 [-1.02345748e-03  5.27219731e-01 -8.49728373e-01  8.64003329e+02]
 [ 4.30160099e-01  7.67326933e-01  4.75575091e-01 -3.45674806e+02]
 [ 0.00000000e+00  0.00000000e+00  0.00000000e+00  1.00000000e+00]]

[[ 9.00456543e-01 -3.63029527e-01 -2.39557043e-01 -6.56379459e+02]
 [-1.49097380e-02  5.24687080e-01 -8.51164595e-01  8.70491927e+02]
 [ 4.34690366e-01  7.70008462e-01  4.67045239e-01 -3.48902764e+02]
 [ 0.00000000e+00  0.00000000e+00  0.00000000e+00  1.00000000e+00]]

[[ 9.05141502e-01 -3.51799346e-01 -2.38654732e-01 -6.59123721e+02]
 [-1.92828653e-02  5.26840294e-01 -8.49745536e-01  8.69383165e+02]
 [ 4.24672853e-01  7.73741898e-01  4.70081316e-01 -3.40110552e+02]
 [ 0.00000000e+00  0.00000000e+00  0.00000000e+00  1.00000000e+00]]

[[ 8.99612983e-01 -3.66065169e-01 -2.38102440e-01 -6.55890313e+02]
 [-9.48643868e-03  5.28735064e-01 -8.48733904e-01  8.68820439e+02]
 [ 4.36585029e-01  7.65790784e-01  4.72184273e-01 -3.49228683e+02]
 [ 0.00000000e+00  0.00000000e+00  0.00000000e+00  1.00000000e+00]]

[[ 5.57765730e-01 -7.92708939e-01  2.45987661e-01 -4.26529472e+02]
 [ 7.72475499e-01  3.87376356e-01 -5.03210852e-01  4.99904875e+02]
 [ 3.03609937e-01  4.70693210e-01  8.28413489e-01 -2.38402007e+02]
 [ 0.00000000e+00  0.00000000e+00  0.00000000e+00  1.00000000e+00]]

[[ 8.99522496e-01 -3.65736469e-01 -2.38947934e-01 -6.56785402e+02]
 [-1.53040865e-02  5.20233079e-01 -8.53887187e-01  8.68100723e+02]
 [ 4.36606304e-01  7.71747613e-01  4.62364095e-01 -3.48007196e+02]
 [ 0.00000000e+00  0.00000000e+00  0.00000000e+00  1.00000000e+00]]

[[ 9.05158396e-01 -3.50562986e-01 -2.40403559e-01 -6.60259929e+02]
 [-1.50771352e-02  5.38722853e-01 -8.42348128e-01  8.69669783e+02]
 [ 4.24806966e-01  7.66083077e-01  4.82344028e-01 -3.41003234e+02]
 [ 0.00000000e+00  0.00000000e+00  0.00000000e+00  1.00000000e+00]]

[[ 9.02379664e-01 -3.66781878e-01 -2.26234383e-01 -6.57646588e+02]
 [-6.39821839e-03  5.13515645e-01 -8.58056376e-01  8.63012542e+02]
 [ 4.30894425e-01  7.75740121e-01  4.61039325e-01 -3.45393287e+02]
 [ 0.00000000e+00  0.00000000e+00  0.00000000e+00  1.00000000e+00]]

[[ 8.97256323e-01 -3.82897513e-01 -2.19819438e-01 -6.54617188e+02]
 [ 1.34769102e-02  5.21401421e-01 -8.53205093e-01  8.55817947e+02]
 [ 4.41304275e-01  7.62581178e-01  4.72990997e-01 -3.50924585e+02]
 [ 0.00000000e+00  0.00000000e+00  0.00000000e+00  1.00000000e+00]]

[[ 8.92549883e-01 -3.95503667e-01 -2.16636920e-01 -6.51827029e+02]
 [ 2.10751386e-02  5.16462361e-01 -8.56050506e-01  8.50376636e+02]
 [ 4.50455929e-01  7.59502126e-01  4.69303715e-01 -3.55610578e+02]
 [ 0.00000000e+00  0.00000000e+00  0.00000000e+00  1.00000000e+00]]

[[ 8.92687534e-01 -3.93751014e-01 -2.19246677e-01 -6.51764944e+02]
 [ 9.56843887e-03  5.02933204e-01 -8.64272317e-01  8.56101413e+02]
 [ 4.50574535e-01  7.69427274e-01  4.52729784e-01 -3.56946033e+02]
 [ 0.00000000e+00  0.00000000e+00  0.00000000e+00  1.00000000e+00]]

[[ 8.93534859e-01 -3.87014215e-01 -2.27630078e-01 -6.53081882e+02]
 [ 1.08503495e-02  5.25442494e-01 -8.50759928e-01  8.58674522e+02]
 [ 4.48862702e-01  7.57713787e-01  4.73700424e-01 -3.54936767e+02]
 [ 0.00000000e+00  0.00000000e+00  0.00000000e+00  1.00000000e+00]]

[[ 8.96263844e-01 -3.90737377e-01 -2.09846192e-01 -6.53157941e+02]
 [ 1.93535841e-02  5.07141114e-01 -8.61645710e-01  8.50119168e+02]
 [ 4.43098816e-01  7.68200620e-01  4.62094413e-01 -3.51904353e+02]
 [ 0.00000000e+00  0.00000000e+00  0.00000000e+00  1.00000000e+00]]

[[ 8.92456479e-01 -3.94201689e-01 -2.19377439e-01 -6.52147437e+02]
 [ 1.64224891e-02  5.14346202e-01 -8.57425382e-01  8.52542605e+02]
 [ 4.50834487e-01  7.61612114e-01  4.65505373e-01 -3.57010769e+02]
 [ 0.00000000e+00  0.00000000e+00  0.00000000e+00  1.00000000e+00]]

[[ 8.94533312e-01 -3.93597436e-01 -2.11875461e-01 -6.52572473e+02]
 [ 2.15948661e-02  5.11491874e-01 -8.59016719e-01  8.50464135e+02]
 [ 4.46479355e-01  7.63843649e-01  4.66046205e-01 -3.54616628e+02]
 [ 0.00000000e+00  0.00000000e+00  0.00000000e+00  1.00000000e+00]]

[[ 8.93267565e-01 -3.89596764e-01 -2.24248565e-01 -6.52568798e+02]
 [ 7.40456370e-03  5.11540908e-01 -8.59227020e-01  8.58746025e+02]
 [ 4.49464381e-01  7.65859165e-01  4.59827696e-01 -3.55850667e+02]
 [ 0.00000000e+00  0.00000000e+00  0.00000000e+00  1.00000000e+00]]

[[ 8.93004316e-01 -3.84914761e-01 -2.33203600e-01 -6.53585227e+02]
 [ 3.50732558e-03  5.24111284e-01 -8.51642566e-01  8.61456418e+02]
 [ 4.50034433e-01  7.59702566e-01  4.69383660e-01 -3.55978968e+02]
 [ 0.00000000e+00  0.00000000e+00  0.00000000e+00  1.00000000e+00]]

[[ 8.95974593e-01 -3.86002706e-01 -2.19616574e-01 -6.53087048e+02]
 [ 1.08971740e-02  5.13474300e-01 -8.58035777e-01  8.58342317e+02]
 [ 4.43971598e-01  7.66385056e-01  4.64266265e-01 -3.52107488e+02]
 [ 0.00000000e+00  0.00000000e+00  0.00000000e+00  1.00000000e+00]]

[[ 8.93385147e-01 -3.77823347e-01 -2.43130618e-01 -6.53637473e+02]
 [-6.85786493e-03  5.29611786e-01 -8.48212430e-01  8.70242411e+02]
 [ 4.49239300e-01  7.59447743e-01  4.70556242e-01 -3.54652144e+02]
 [ 0.00000000e+00  0.00000000e+00  0.00000000e+00  1.00000000e+00]]

[[ 8.92938951e-01 -3.95463345e-01 -2.15101773e-01 -6.52254135e+02]
 [ 2.82419744e-02  5.26084160e-01 -8.49963439e-01  8.47364936e+02]
 [ 4.49291021e-01  7.52890563e-01  4.80929703e-01 -3.55584520e+02]
 [ 0.00000000e+00  0.00000000e+00  0.00000000e+00  1.00000000e+00]]

[[ 8.92685403e-01 -3.93432517e-01 -2.19826353e-01 -6.51783964e+02]
 [ 1.31967648e-02  5.10375533e-01 -8.59850371e-01  8.56632316e+02]
 [ 4.50487088e-01  7.64674878e-01  4.60796825e-01 -3.57124022e+02]
 [ 0.00000000e+00  0.00000000e+00  0.00000000e+00  1.00000000e+00]]

[[ 8.99707257e-01 -3.85954092e-01 -2.03878126e-01 -6.47017681e+02]
 [ 7.18631836e-03  4.80115516e-01 -8.77175836e-01  8.49220950e+02]
 [ 4.36434655e-01  7.87736333e-01  4.34737003e-01 -3.62122238e+02]
 [ 0.00000000e+00  0.00000000e+00  0.00000000e+00  1.00000000e+00]]

[[ 9.15880758e-01 -3.19892924e-01 -2.42550932e-01 -6.17125190e+02]
 [-5.69320908e-02  4.94580860e-01 -8.67264959e-01  8.81220777e+02]
 [ 3.97392972e-01  8.08120220e-01  4.34764920e-01 -3.58462730e+02]
 [ 0.00000000e+00  0.00000000e+00  0.00000000e+00  1.00000000e+00]]

[[ 9.20786476e-01 -2.93262023e-01 -2.57195746e-01 -5.89058423e+02]
 [-6.02520532e-02  5.44517277e-01 -8.36582707e-01  8.73500965e+02]
 [ 3.85385464e-01  7.85810614e-01  4.83714505e-01 -3.57960375e+02]
 [ 0.00000000e+00  0.00000000e+00  0.00000000e+00  1.00000000e+00]]

[[ 9.13808894e-01 -2.80628947e-01 -2.93599556e-01 -5.84262945e+02]
 [-1.19778997e-01  5.04530189e-01 -8.55045192e-01  9.14137863e+02]
 [ 3.88080271e-01  8.16514962e-01  4.27430720e-01 -3.62071278e+02]
 [ 0.00000000e+00  0.00000000e+00  0.00000000e+00  1.00000000e+00]]

[[ 9.14450905e-01 -2.73264748e-01 -2.98506147e-01 -5.86835491e+02]
 [-1.20212106e-01  5.20898005e-01 -8.45112015e-01  9.10460106e+02]
 [ 3.86430578e-01  8.08697500e-01  4.43485921e-01 -3.61337792e+02]
 [ 0.00000000e+00  0.00000000e+00  0.00000000e+00  1.00000000e+00]]

[[ 9.19963672e-01 -2.70620245e-01 -2.83604523e-01 -5.89386202e+02]
 [-9.94671363e-02  5.38646602e-01 -8.36639784e-01  8.97464058e+02]
 [ 3.79174276e-01  7.97887537e-01  4.68617485e-01 -3.56111394e+02]
 [ 0.00000000e+00  0.00000000e+00  0.00000000e+00  1.00000000e+00]]

[[ 9.16837761e-01 -2.76169504e-01 -2.88338212e-01 -5.88059218e+02]
 [-1.04848695e-01  5.30294574e-01 -8.41305186e-01  9.01091735e+02]
 [ 3.85247025e-01  8.01572248e-01  4.57238078e-01 -3.59931339e+02]
 [ 0.00000000e+00  0.00000000e+00  0.00000000e+00  1.00000000e+00]]

[[ 9.18017867e-01 -2.73747019e-01 -2.86889816e-01 -5.90361220e+02]
 [-8.98883477e-02  5.60992514e-01 -8.22926172e-01  8.89137322e+02]
 [ 3.86216625e-01  7.81248980e-01  4.90394484e-01 -3.59094902e+02]
 [ 0.00000000e+00  0.00000000e+00  0.00000000e+00  1.00000000e+00]]

[[ 9.17846460e-01 -2.77057246e-01 -2.84248411e-01 -5.89229533e+02]
 [-9.69865286e-02  5.37867180e-01 -8.37432092e-01  8.96712035e+02]
 [ 3.84904520e-01  7.96202348e-01  4.66808667e-01 -3.57667795e+02]
 [ 0.00000000e+00  0.00000000e+00  0.00000000e+00  1.00000000e+00]]

[[ 9.10013881e-01 -3.23786904e-01 -2.58914614e-01 -6.08139532e+02]
 [-7.23963470e-02  4.90818538e-01 -8.68248773e-01  8.96546815e+02]
 [ 4.08207674e-01  8.08862908e-01  4.23210694e-01 -3.56929170e+02]
 [ 0.00000000e+00  0.00000000e+00  0.00000000e+00  1.00000000e+00]]

[[ 9.08896179e-01 -3.26747396e-01 -2.59121353e-01 -6.23448597e+02]
 [-3.87146457e-02  5.52564885e-01 -8.32570252e-01  8.71328654e+02]
 [ 4.15221522e-01  7.66751712e-01  4.89574203e-01 -3.53359146e+02]
 [ 0.00000000e+00  0.00000000e+00  0.00000000e+00  1.00000000e+00]]

[[ 9.11011008e-01 -3.33123137e-01 -2.43080068e-01 -6.19930214e+02]
 [-4.98143822e-02  4.96240869e-01 -8.66754594e-01  8.87507256e+02]
 [ 4.09362273e-01  8.01731860e-01  4.35486571e-01 -3.53343690e+02]
 [ 0.00000000e+00  0.00000000e+00  0.00000000e+00  1.00000000e+00]]

[[ 9.07776247e-01 -3.43628229e-01 -2.40545058e-01 -6.19709824e+02]
 [-3.14275216e-02  5.16139361e-01 -8.55927842e-01  8.71061384e+02]
 [ 4.18275741e-01  7.84550700e-01  4.57739669e-01 -3.57655236e+02]
 [ 0.00000000e+00  0.00000000e+00  0.00000000e+00  1.00000000e+00]]

[[ 9.09068183e-01 -3.37317855e-01 -2.44564314e-01 -6.21160216e+02]
 [-3.07732160e-02  5.31019304e-01 -8.46800748e-01  8.72232630e+02]
 [ 4.15509384e-01  7.77325648e-01  4.72352399e-01 -3.54710705e+02]
 [ 0.00000000e+00  0.00000000e+00  0.00000000e+00  1.00000000e+00]]

[[ 8.96219407e-01 -3.88401654e-01 -2.14324357e-01 -6.24897619e+02]
 [ 3.60082337e-03  4.89489131e-01 -8.72001964e-01  8.64627808e+02]
 [ 4.43596448e-01  7.80733339e-01  4.40088224e-01 -3.60189351e+02]
 [ 0.00000000e+00  0.00000000e+00  0.00000000e+00  1.00000000e+00]]

[[ 8.93645451e-01 -4.00566068e-01 -2.02347801e-01 -6.44233842e+02]
 [ 2.73918237e-02  4.98736022e-01 -8.66320996e-01  8.45742981e+02]
 [ 4.47936933e-01  7.68641142e-01  4.56665413e-01 -3.57751200e+02]
 [ 0.00000000e+00  0.00000000e+00  0.00000000e+00  1.00000000e+00]]

[[ 8.96184900e-01 -3.85340424e-01 -2.19921312e-01 -6.48719063e+02]
 [ 7.57413424e-03  5.08889639e-01 -8.60798448e-01  8.57077508e+02]
 [ 4.43616116e-01  7.69768857e-01  4.58977830e-01 -3.57548463e+02]
 [ 0.00000000e+00  0.00000000e+00  0.00000000e+00  1.00000000e+00]]

[[ 8.97477457e-01 -3.82714323e-01 -2.19234944e-01 -6.49804620e+02]
 [ 1.46505445e-02  5.22656696e-01 -8.52417351e-01  8.51772549e+02]
 [ 4.40816941e-01  7.61813445e-01  4.74679576e-01 -3.54209974e+02]
 [ 0.00000000e+00  0.00000000e+00  0.00000000e+00  1.00000000e+00]]

[[ 8.95167142e-01 -3.88493009e-01 -2.18515375e-01 -6.47048396e+02]
 [ 1.96664310e-02  5.24187995e-01 -8.51375462e-01  8.51278717e+02]
 [ 4.45296552e-01  7.57825922e-01  4.76876140e-01 -3.55201652e+02]
 [ 0.00000000e+00  0.00000000e+00  0.00000000e+00  1.00000000e+00]]

[[ 8.92427482e-01 -3.99085722e-01 -2.10484621e-01 -6.45081998e+02]
 [ 1.85847583e-02  4.98627516e-01 -8.66617105e-01  8.51205042e+02]
 [ 4.50807937e-01  7.69481115e-01  4.52405811e-01 -3.61656673e+02]
 [ 0.00000000e+00  0.00000000e+00  0.00000000e+00  1.00000000e+00]]

[[ 8.92407419e-01 -3.99503676e-01 -2.09775621e-01 -6.44360186e+02]
 [ 1.83141396e-02  4.96581820e-01 -8.67796686e-01  8.53656728e+02]
 [ 4.50858726e-01  7.70586341e-01  4.50469867e-01 -3.61898915e+02]
 [ 0.00000000e+00  0.00000000e+00  0.00000000e+00  1.00000000e+00]]

[[ 8.95135256e-01 -3.88295124e-01 -2.18997193e-01 -6.46946790e+02]
 [ 9.60704560e-03  5.07939568e-01 -8.61339132e-01  8.56953612e+02]
 [ 4.45691125e-01  7.68911108e-01  4.58404984e-01 -3.57401140e+02]
 [ 0.00000000e+00  0.00000000e+00  0.00000000e+00  1.00000000e+00]]

[[ 9.05713256e-01 -3.76090668e-01 -1.95548735e-01 -6.59856858e+02]
 [ 2.59554866e-02  5.09657359e-01 -8.59985865e-01  8.67625309e+02]
 [ 4.23095511e-01  7.73825036e-01  4.71365042e-01 -3.62865270e+02]
 [ 0.00000000e+00  0.00000000e+00  0.00000000e+00  1.00000000e+00]]

[[ 9.00979711e-01 -4.01000126e-01 -1.65633509e-01 -6.69070847e+02]
 [ 7.50438977e-02  5.20048670e-01 -8.50833588e-01  8.65279745e+02]
 [ 4.27321862e-01  7.54154016e-01  4.98645913e-01 -4.03256761e+02]
 [ 0.00000000e+00  0.00000000e+00  0.00000000e+00  1.00000000e+00]]

[[ 8.88474071e-01 -4.30436158e-01 -1.59180837e-01 -6.66214551e+02]
 [ 8.68806948e-02  4.98339748e-01 -8.62617667e-01  8.68542718e+02]
 [ 4.50627973e-01  7.52583689e-01  4.80158537e-01 -4.35117242e+02]
 [ 0.00000000e+00  0.00000000e+00  0.00000000e+00  1.00000000e+00]]

[[ 8.89036690e-01 -4.30797517e-01 -1.55007300e-01 -6.66030728e+02]
 [ 9.06715930e-02  4.97529418e-01 -8.62695277e-01  8.66946091e+02]
 [ 4.48767675e-01  7.52912994e-01  4.81383004e-01 -4.34137785e+02]
 [ 0.00000000e+00  0.00000000e+00  0.00000000e+00  1.00000000e+00]]

[[ 8.87979913e-01 -4.30822918e-01 -1.60882840e-01 -6.65240924e+02]
 [ 8.62471642e-02  4.99637984e-01 -8.61929992e-01  8.70983234e+02]
 [ 4.51722372e-01  7.51500830e-01  4.80825749e-01 -4.35390637e+02]
 [ 0.00000000e+00  0.00000000e+00  0.00000000e+00  1.00000000e+00]]

[[ 8.87835321e-01 -4.33831609e-01 -1.53422874e-01 -6.65317605e+02]
 [ 8.70074794e-02  4.85663716e-01 -8.69804836e-01  8.69689287e+02]
 [ 4.51860755e-01  7.58894518e-01  4.68935996e-01 -4.35471497e+02]
 [ 0.00000000e+00  0.00000000e+00  0.00000000e+00  1.00000000e+00]]

[[ 8.92043163e-01 -4.20920094e-01 -1.64576030e-01 -6.68472537e+02]
 [ 9.16074380e-02  5.24984773e-01 -8.46167280e-01  8.65452902e+02]
 [ 4.42568721e-01  7.39741348e-01  5.06868489e-01 -4.30527300e+02]
 [ 0.00000000e+00  0.00000000e+00  0.00000000e+00  1.00000000e+00]]

[[ 8.86778199e-01 -4.32515767e-01 -1.62955631e-01 -6.65488645e+02]
 [ 9.00714620e-02  5.07525335e-01 -8.56916079e-01  8.66057219e+02]
 [ 4.53333826e-01  7.45216845e-01  4.89019730e-01 -4.37081176e+02]
 [ 0.00000000e+00  0.00000000e+00  0.00000000e+00  1.00000000e+00]]

[[ 8.91219411e-01 -4.17561452e-01 -1.77116896e-01 -6.67279057e+02]
 [ 6.96039418e-02  5.11773544e-01 -8.56296170e-01  8.81727480e+02]
 [ 4.48200014e-01  7.50819734e-01  4.85166439e-01 -4.33347807e+02]
 [ 0.00000000e+00  0.00000000e+00  0.00000000e+00  1.00000000e+00]]

[[ 8.91968364e-01 -4.23000328e-01 -1.59571801e-01 -6.68659008e+02]
 [ 9.21046890e-02  5.15578973e-01 -8.51877367e-01  8.65492988e+02]
 [ 4.42616271e-01  7.45150351e-01  4.98840447e-01 -4.30982010e+02]
 [ 0.00000000e+00  0.00000000e+00  0.00000000e+00  1.00000000e+00]]

[[ 8.91922928e-01 -4.29154926e-01 -1.42476454e-01 -6.68053093e+02]
 [ 1.05666741e-01  5.04166765e-01 -8.57117502e-01  8.56767805e+02]
 [ 4.39668091e-01  7.49427730e-01  4.95025300e-01 -4.28880106e+02]
 [ 0.00000000e+00  0.00000000e+00  0.00000000e+00  1.00000000e+00]]

[[ 8.93141121e-01 -4.22732802e-01 -1.53609622e-01 -6.69426632e+02]
 [ 9.89407178e-02  5.17816379e-01 -8.49751100e-01  8.60118208e+02]
 [ 4.38759242e-01  7.43749404e-01  5.04308589e-01 -4.28633928e+02]
 [ 0.00000000e+00  0.00000000e+00  0.00000000e+00  1.00000000e+00]]

[[ 8.88895873e-01 -4.39901625e-01 -1.27869804e-01 -6.83542687e+02]
 [ 1.31083903e-01  5.11694642e-01 -8.49108711e-01  8.55883114e+02]
 [ 4.38954596e-01  7.38007556e-01  5.12507278e-01 -4.36128335e+02]
 [ 0.00000000e+00  0.00000000e+00  0.00000000e+00  1.00000000e+00]]

[[ 8.92187334e-01 -4.39241172e-01 -1.05209099e-01 -7.17599380e+02]
 [ 1.62834898e-01  5.30075439e-01 -8.32168748e-01  8.59970077e+02]
 [ 4.21291536e-01  7.25318703e-01  5.44450384e-01 -4.49747481e+02]
 [ 0.00000000e+00  0.00000000e+00  0.00000000e+00  1.00000000e+00]]

[[ 8.82470926e-01 -4.55765688e-01 -1.16287154e-01 -7.21740410e+02]
 [ 1.64171708e-01  5.30125545e-01 -8.31874123e-01  8.73881918e+02]
 [ 4.40786473e-01  7.15013667e-01  5.42644212e-01 -4.75475400e+02]
 [ 0.00000000e+00  0.00000000e+00  0.00000000e+00  1.00000000e+00]]

[[ 8.82794299e-01 -4.54640538e-01 -1.18221010e-01 -7.21635113e+02]
 [ 1.57895059e-01  5.24194533e-01 -8.36832864e-01  8.78317804e+02]
 [ 4.42428950e-01  7.20084768e-01  5.34541440e-01 -4.75786616e+02]
 [ 0.00000000e+00  0.00000000e+00  0.00000000e+00  1.00000000e+00]]

[[ 8.82442618e-01 -4.53264468e-01 -1.25882280e-01 -7.21693437e+02]
 [ 1.54493117e-01  5.31991596e-01 -8.32536377e-01  8.78368273e+02]
 [ 4.44327473e-01  7.15217634e-01  5.39478297e-01 -4.78272112e+02]
 [ 0.00000000e+00  0.00000000e+00  0.00000000e+00  1.00000000e+00]]

[[ 8.80587589e-01 -4.58159030e-01 -1.21061146e-01 -7.19769769e+02]
 [ 1.58827073e-01  5.26035217e-01 -8.35500396e-01  8.77927626e+02]
 [ 4.46474477e-01  7.16503492e-01  5.35988141e-01 -4.78734774e+02]
 [ 0.00000000e+00  0.00000000e+00  0.00000000e+00  1.00000000e+00]]

[[ 8.82784664e-01 -4.54506210e-01 -1.18808007e-01 -7.21843654e+02]
 [ 1.59110735e-01  5.27228890e-01 -8.34693640e-01  8.76256879e+02]
 [ 4.42012456e-01  7.17951115e-01  5.37746395e-01 -4.75927902e+02]
 [ 0.00000000e+00  0.00000000e+00  0.00000000e+00  1.00000000e+00]]

[[ 8.83145329e-01 -4.51231987e-01 -1.28234247e-01 -7.20952428e+02]
 [ 1.44893746e-01  5.22388472e-01 -8.40307138e-01  8.86066250e+02]
 [ 4.46161552e-01  7.23532984e-01  5.26725632e-01 -4.76837144e+02]
 [ 0.00000000e+00  0.00000000e+00  0.00000000e+00  1.00000000e+00]]

[[ 8.81114096e-01 -4.55439309e-01 -1.27330226e-01 -7.18604737e+02]
 [ 1.54139359e-01  5.31134275e-01 -8.33149110e-01  8.75823195e+02]
 [ 4.47078302e-01  7.14472825e-01  5.38191020e-01 -4.78984095e+02]
 [ 0.00000000e+00  0.00000000e+00  0.00000000e+00  1.00000000e+00]]

[[ 8.80991168e-01 -4.45043782e-01 -1.60594505e-01 -6.93254876e+02]
 [ 1.25833131e-01  5.47599276e-01 -8.27224913e-01  8.67494047e+02]
 [ 4.56092738e-01  7.08569732e-01  5.38431378e-01 -4.68736656e+02]
 [ 0.00000000e+00  0.00000000e+00  0.00000000e+00  1.00000000e+00]]

[[ 8.97243611e-01 -4.08505915e-01 -1.67561388e-01 -6.79410246e+02]
 [ 8.92445747e-02  5.39451041e-01 -8.37274137e-01  8.68218166e+02]
 [ 4.32422603e-01  7.36284925e-01  5.20475937e-01 -4.30813488e+02]
 [ 0.00000000e+00  0.00000000e+00  0.00000000e+00  1.00000000e+00]]

[[ 8.89606672e-01 -4.29158373e-01 -1.56278791e-01 -6.71428010e+02]
 [ 9.70206310e-02  5.11929813e-01 -8.53530822e-01  8.68395962e+02]
 [ 4.46303671e-01  7.44144447e-01  4.97053393e-01 -4.35735495e+02]
 [ 0.00000000e+00  0.00000000e+00  0.00000000e+00  1.00000000e+00]]

[[ 8.86964086e-01 -4.34233600e-01 -1.57276477e-01 -6.69552052e+02]
 [ 9.08576334e-02  4.97952402e-01 -8.62431618e-01  8.72048475e+02]
 [ 4.52812986e-01  7.50656104e-01  4.81119335e-01 -4.37982424e+02]
 [ 0.00000000e+00  0.00000000e+00  0.00000000e+00  1.00000000e+00]]

[[ 8.88221365e-01 -4.30389946e-01 -1.60708748e-01 -6.70840874e+02]
 [ 9.14072051e-02  5.08376032e-01 -8.56270129e-01  8.71798315e+02]
 [ 4.50230530e-01  7.45867485e-01  4.90891195e-01 -4.37826170e+02]
 [ 0.00000000e+00  0.00000000e+00  0.00000000e+00  1.00000000e+00]]

[[ 8.85053056e-01 -4.37914754e-01 -1.57834582e-01 -6.68983473e+02]
 [ 9.12332844e-02  4.95684642e-01 -8.63697415e-01  8.71614316e+02]
 [ 4.56462019e-01  7.50018269e-01  4.78659608e-01 -4.41461487e+02]
 [ 0.00000000e+00  0.00000000e+00  0.00000000e+00  1.00000000e+00]]

[[ 8.87214136e-01 -4.31720197e-01 -1.62692189e-01 -6.69393568e+02]
 [ 8.21243545e-02  4.94789746e-01 -8.65123516e-01  8.80230275e+02]
 [ 4.53989721e-01  7.54188822e-01  4.74439199e-01 -4.39893840e+02]
 [ 0.00000000e+00  0.00000000e+00  0.00000000e+00  1.00000000e+00]]

[[ 8.81423615e-01 -4.43373293e-01 -1.62826698e-01 -6.66315940e+02]
 [ 7.66117081e-02  4.74371976e-01 -8.76984535e-01  8.82192928e+02]
 [ 4.66071944e-01  7.60520448e-01  4.52090247e-01 -4.47220141e+02]
 [ 0.00000000e+00  0.00000000e+00  0.00000000e+00  1.00000000e+00]]

[[ 8.87484840e-01 -4.34420439e-01 -1.53784072e-01 -6.72864781e+02]
 [ 9.39851450e-02  4.97314722e-01 -8.62464411e-01  8.67897339e+02]
 [ 4.51151251e-01  7.50970671e-01  4.82188345e-01 -4.37421535e+02]
 [ 0.00000000e+00  0.00000000e+00  0.00000000e+00  1.00000000e+00]]

[[ 8.89521992e-01 -4.35899994e-01 -1.36900772e-01 -6.93742155e+02]
 [ 1.21202747e-01  5.14026779e-01 -8.49168042e-01  8.61333592e+02]
 [ 4.40523008e-01  7.38760899e-01  5.10070401e-01 -4.39152796e+02]
 [ 0.00000000e+00  0.00000000e+00  0.00000000e+00  1.00000000e+00]]

[[ 8.79470541e-01 -4.66298706e-01 -9.53786391e-02 -7.08587409e+02]
 [ 1.76596678e-01  5.05787851e-01 -8.44388692e-01  8.43335411e+02]
 [ 4.41978711e-01  7.25771429e-01  5.27172317e-01 -4.46830858e+02]
 [ 0.00000000e+00  0.00000000e+00  0.00000000e+00  1.00000000e+00]]

[[ 8.68729303e-01 -4.86540125e-01 -9.26720262e-02 -7.12534911e+02]
 [ 1.94871312e-01  5.07782697e-01 -8.39155471e-01  8.47719259e+02]
 [ 4.55340059e-01  7.10939828e-01  5.35938422e-01 -4.63540151e+02]
 [ 0.00000000e+00  0.00000000e+00  0.00000000e+00  1.00000000e+00]]

[[ 8.80299949e-01 -4.65515126e-01 -9.14749520e-02 -7.23263715e+02]
 [ 1.98309854e-01  5.36228435e-01 -8.20446383e-01  8.39975047e+02]
 [ 4.30981672e-01  7.04098525e-01  5.64358101e-01 -4.51540424e+02]
 [ 0.00000000e+00  0.00000000e+00  0.00000000e+00  1.00000000e+00]]

[[ 8.76344840e-01 -4.71948156e-01 -9.63569428e-02 -7.19891544e+02]
 [ 1.87700976e-01  5.18817243e-01 -8.34024587e-01  8.47576433e+02]
 [ 4.43608009e-01  7.12806851e-01  5.43247943e-01 -4.58184934e+02]
 [ 0.00000000e+00  0.00000000e+00  0.00000000e+00  1.00000000e+00]]

[[ 8.80498500e-01 -4.65838458e-01 -8.78460126e-02 -7.23014387e+02]
 [ 2.06324517e-01  5.43427097e-01 -8.13705834e-01  8.36688621e+02]
 [ 4.26793374e-01  6.98341981e-01  5.74600639e-01 -4.50104068e+02]
 [ 0.00000000e+00  0.00000000e+00  0.00000000e+00  1.00000000e+00]]

[[ 8.75223496e-01 -4.74539080e-01 -9.37896205e-02 -7.18946912e+02]
 [ 1.92380785e-01  5.19379906e-01 -8.32606838e-01  8.45203598e+02]
 [ 4.43816927e-01  7.10673747e-01  5.45865698e-01 -4.58303031e+02]
 [ 0.00000000e+00  0.00000000e+00  0.00000000e+00  1.00000000e+00]]

[[ 8.73156136e-01 -4.79152435e-01 -8.95058983e-02 -7.18152944e+02]
 [ 1.98313994e-01  5.16941037e-01 -8.32732564e-01  8.41146047e+02]
 [ 4.45275108e-01  7.09355276e-01  5.46392872e-01 -4.60415211e+02]
 [ 0.00000000e+00  0.00000000e+00  0.00000000e+00  1.00000000e+00]]

[[ 8.75860366e-01 -4.69523642e-01 -1.11427859e-01 -7.14940497e+02]
 [ 1.83971226e-01  5.38355141e-01 -8.22391835e-01  8.50197850e+02]
 [ 4.46120171e-01  6.99800894e-01  5.57902771e-01 -4.61489505e+02]
 [ 0.00000000e+00  0.00000000e+00  0.00000000e+00  1.00000000e+00]]

[[ 8.71091359e-01 -4.74866211e-01 -1.25307327e-01 -6.92848537e+02]
 [ 1.66313915e-01  5.25294690e-01 -8.34508940e-01  8.51153790e+02]
 [ 4.62103372e-01  7.06093174e-01  5.36556524e-01 -4.63430764e+02]
 [ 0.00000000e+00  0.00000000e+00  0.00000000e+00  1.00000000e+00]]

[[ 8.81845036e-01 -4.41141175e-01 -1.66564690e-01 -6.75908398e+02]
 [ 1.11367468e-01  5.38089294e-01 -8.35498174e-01  8.62928934e+02]
 [ 4.58199322e-01  7.18230030e-01  5.23640148e-01 -4.51952153e+02]
 [ 0.00000000e+00  0.00000000e+00  0.00000000e+00  1.00000000e+00]]

[[ 8.83893172e-01 -4.26447021e-01 -1.92030722e-01 -6.53178171e+02]
 [ 5.51262906e-02  5.02729754e-01 -8.62684118e-01  8.90265633e+02]
 [ 4.64428630e-01  7.51934660e-01  4.67867839e-01 -4.45704018e+02]
 [ 0.00000000e+00  0.00000000e+00  0.00000000e+00  1.00000000e+00]]

[[ 8.89247729e-01 -4.04785756e-01 -2.13042174e-01 -6.32767938e+02]
 [ 3.73013648e-02  5.28360111e-01 -8.48200566e-01  8.70909976e+02]
 [ 4.55902494e-01  7.46313664e-01  4.84942090e-01 -4.33120966e+02]
 [ 0.00000000e+00  0.00000000e+00  0.00000000e+00  1.00000000e+00]]

[[ 8.97756197e-01 -3.55321298e-01 -2.60347049e-01 -6.16788593e+02]
 [-2.07454921e-02  5.56274567e-01 -8.30739568e-01  8.85378650e+02]
 [ 4.40003903e-01  7.51202623e-01  4.92027625e-01 -4.16703559e+02]
 [ 0.00000000e+00  0.00000000e+00  0.00000000e+00  1.00000000e+00]]

[[ 8.94239141e-01 -3.39543560e-01 -2.91627381e-01 -5.89103414e+02]
 [-8.16305188e-02  5.16902904e-01 -8.52143090e-01  9.07594268e+02]
 [ 4.40082739e-01  7.85825400e-01  4.34517692e-01 -4.12258901e+02]
 [ 0.00000000e+00  0.00000000e+00  0.00000000e+00  1.00000000e+00]]

[[ 9.03652879e-01 -3.00457829e-01 -3.05182842e-01 -5.72943351e+02]
 [-1.14607736e-01  5.16954101e-01 -8.48306268e-01  9.11426312e+02]
 [ 4.12645781e-01  8.01550716e-01  4.32712270e-01 -3.95290470e+02]
 [ 0.00000000e+00  0.00000000e+00  0.00000000e+00  1.00000000e+00]]

[[ 8.99749429e-01 -2.99886608e-01 -3.17047295e-01 -5.47931130e+02]
 [-1.32025005e-01  5.05404301e-01 -8.52722634e-01  9.02679538e+02]
 [ 4.15957165e-01  8.09094874e-01  4.15144700e-01 -3.92468900e+02]
 [ 0.00000000e+00  0.00000000e+00  0.00000000e+00  1.00000000e+00]]

[[ 9.05105579e-01 -2.83191618e-01 -3.17153587e-01 -5.47332000e+02]
 [-1.32204022e-01  5.21501410e-01 -8.42946247e-01  8.94278031e+02]
 [ 4.04111354e-01  8.04884331e-01  4.34574765e-01 -3.82489447e+02]
 [ 0.00000000e+00  0.00000000e+00  0.00000000e+00  1.00000000e+00]]

[[ 9.02517042e-01 -2.94763434e-01 -3.13970551e-01 -5.44404028e+02]
 [-1.28996578e-01  5.10547021e-01 -8.50118593e-01  8.94185150e+02]
 [ 4.10880605e-01  8.07747645e-01  4.22753913e-01 -3.85050454e+02]
 [ 0.00000000e+00  0.00000000e+00  0.00000000e+00  1.00000000e+00]]

[[ 9.03959091e-01 -2.91989476e-01 -3.12410159e-01 -5.45235969e+02]
 [-1.30005287e-01  5.08342563e-01 -8.51285184e-01  8.95702200e+02]
 [ 4.07377696e-01  8.10141953e-01  4.21560705e-01 -3.84767169e+02]
 [ 0.00000000e+00  0.00000000e+00  0.00000000e+00  1.00000000e+00]]

[[ 9.04529291e-01 -2.87557300e-01 -3.14861177e-01 -5.46151750e+02]
 [-1.33278873e-01  5.10746460e-01 -8.49337857e-01  8.97575621e+02]
 [ 4.05047532e-01  8.10215313e-01  4.23659821e-01 -3.84286212e+02]
 [ 0.00000000e+00  0.00000000e+00  0.00000000e+00  1.00000000e+00]]

[[ 9.03100690e-01 -2.94720947e-01 -3.12327885e-01 -5.44438915e+02]
 [-1.24683167e-01  5.16020018e-01 -8.47453509e-01  8.93901607e+02]
 [ 4.10929741e-01  8.04277878e-01  4.29271293e-01 -3.85160425e+02]
 [ 0.00000000e+00  0.00000000e+00  0.00000000e+00  1.00000000e+00]]

[[ 9.01563902e-01 -2.83419136e-01 -3.26888551e-01 -5.45949233e+02]
 [-1.39764569e-01  5.24255376e-01 -8.40013194e-01  8.99257606e+02]
 [ 4.09448894e-01  8.03013010e-01  4.33037769e-01 -3.83563770e+02]
 [ 0.00000000e+00  0.00000000e+00  0.00000000e+00  1.00000000e+00]]

[[ 9.01688663e-01 -2.61345723e-01 -3.44464756e-01 -5.51263780e+02]
 [-1.89714688e-01  4.76753859e-01 -8.58320509e-01  9.16090441e+02]
 [ 3.88543296e-01  8.39287895e-01  3.80302427e-01 -3.78566492e+02]
 [ 0.00000000e+00  0.00000000e+00  0.00000000e+00  1.00000000e+00]]

[[ 9.04694557e-01 -2.87043573e-01 -3.14855120e-01 -5.46765887e+02]
 [-1.27466432e-01  5.22795562e-01 -8.42874314e-01  8.91563362e+02]
 [ 4.06546514e-01  8.02677262e-01  4.36381879e-01 -3.82943385e+02]
 [ 0.00000000e+00  0.00000000e+00  0.00000000e+00  1.00000000e+00]]

[[ 9.05013686e-01 -2.86137185e-01 -3.14762990e-01 -5.46913930e+02]
 [-1.30757985e-01  5.16999377e-01 -8.45939710e-01  8.95108609e+02]
 [ 4.04787078e-01  8.06744789e-01  4.30476790e-01 -3.83539540e+02]
 [ 0.00000000e+00  0.00000000e+00  0.00000000e+00  1.00000000e+00]]

[[ 9.04757101e-01 -2.85449950e-01 -3.16121676e-01 -5.46785607e+02]
 [-1.28366502e-01  5.24942732e-01 -8.41401907e-01  8.93150627e+02]
 [ 4.06123908e-01  8.01843784e-01  4.38303453e-01 -3.82519278e+02]
 [ 0.00000000e+00  0.00000000e+00  0.00000000e+00  1.00000000e+00]]

[[ 8.98621080e-01 -3.06454728e-01 -3.13951674e-01 -5.46434493e+02]
 [-1.30665296e-01  4.96178232e-01 -8.58331954e-01  8.93862128e+02]
 [ 4.18815872e-01  8.12337776e-01  4.05833221e-01 -3.86340936e+02]
 [ 0.00000000e+00  0.00000000e+00  0.00000000e+00  1.00000000e+00]]

[[ 8.72878194e-01 -3.69020171e-01 -3.19229965e-01 -5.62132740e+02]
 [-1.42867863e-01  4.32280106e-01 -8.90349753e-01  9.00933881e+02]
 [ 4.66553782e-01  8.22774588e-01  3.24606756e-01 -3.82028018e+02]
 [ 0.00000000e+00  0.00000000e+00  0.00000000e+00  1.00000000e+00]]

[[ 8.62881308e-01 -3.82225666e-01 -3.30665071e-01 -5.89243670e+02]
 [-1.48113612e-01  4.34287819e-01 -8.88513617e-01  8.98834827e+02]
 [ 4.83216522e-01  8.15657790e-01  3.18126017e-01 -3.62877803e+02]
 [ 0.00000000e+00  0.00000000e+00  0.00000000e+00  1.00000000e+00]]

[[ 8.52782459e-01 -4.24740156e-01 -3.03904389e-01 -5.88216044e+02]
 [-1.43920077e-01  3.68248486e-01 -9.18520584e-01  8.96872661e+02]
 [ 5.02044907e-01  8.27036186e-01  2.52907214e-01 -3.69539250e+02]
 [ 0.00000000e+00  0.00000000e+00  0.00000000e+00  1.00000000e+00]]

[[ 8.48428314e-01 -4.28507854e-01 -3.10725627e-01 -5.87111292e+02]
 [-1.39210614e-01  3.85727023e-01 -9.12049927e-01  8.97441432e+02]
 [ 5.10675827e-01  8.17065287e-01  2.67608886e-01 -3.72637514e+02]
 [ 0.00000000e+00  0.00000000e+00  0.00000000e+00  1.00000000e+00]]

[[ 8.52203771e-01 -4.23605699e-01 -3.07094357e-01 -5.88406444e+02]
 [-1.39574782e-01  3.81612445e-01 -9.13723603e-01  8.98012799e+02]
 [ 5.04249553e-01  8.21541328e-01  2.66086892e-01 -3.69645436e+02]
 [ 0.00000000e+00  0.00000000e+00  0.00000000e+00  1.00000000e+00]]

[[ 8.48476527e-01 -4.32665034e-01 -3.04776233e-01 -5.85952318e+02]
 [-1.45095483e-01  3.63642878e-01 -9.20169092e-01  8.98838616e+02]
 [ 5.08954698e-01  8.24963530e-01  2.45764704e-01 -3.73373965e+02]
 [ 0.00000000e+00  0.00000000e+00  0.00000000e+00  1.00000000e+00]]

[[ 8.51695564e-01 -4.31045145e-01 -2.98018036e-01 -5.86801964e+02]
 [-1.34748085e-01  3.69436282e-01 -9.19434493e-01  8.94254751e+02]
 [ 5.06416450e-01  8.23235638e-01  2.56564734e-01 -3.72747648e+02]
 [ 0.00000000e+00  0.00000000e+00  0.00000000e+00  1.00000000e+00]]

[[ 8.68893300e-01 -3.91365721e-01 -3.03079701e-01 -5.88428601e+02]
 [-1.23216529e-01  4.22005341e-01 -8.98181039e-01  8.88454104e+02]
 [ 4.79418522e-01  8.17767916e-01  3.18454888e-01 -3.64420976e+02]
 [ 0.00000000e+00  0.00000000e+00  0.00000000e+00  1.00000000e+00]]

[[ 8.88377988e-01 -3.17229890e-01 -3.31888156e-01 -5.67842890e+02]
 [-1.56664994e-01  4.70039227e-01 -8.68630649e-01  9.11984236e+02]
 [ 4.31556058e-01  8.23667604e-01  3.67873683e-01 -3.69279253e+02]
 [ 0.00000000e+00  0.00000000e+00  0.00000000e+00  1.00000000e+00]]

[[ 9.01933817e-01 -2.69227789e-01 -3.37685931e-01 -5.40885933e+02]
 [-1.83374306e-01  4.69187978e-01 -8.63849816e-01  9.30179455e+02]
 [ 3.91010556e-01  8.41058285e-01  3.73807045e-01 -3.84571868e+02]
 [ 0.00000000e+00  0.00000000e+00  0.00000000e+00  1.00000000e+00]]

[[ 9.14323424e-01 -2.43028130e-01 -3.23959882e-01 -5.29054628e+02]
 [-1.52239700e-01  5.35003356e-01 -8.31020146e-01  9.07495961e+02]
 [ 3.75280896e-01  8.09140740e-01  4.52167571e-01 -3.93664982e+02]
 [ 0.00000000e+00  0.00000000e+00  0.00000000e+00  1.00000000e+00]]

[[ 9.17265899e-01 -2.30748454e-01 -3.24620427e-01 -5.30603635e+02]
 [-1.58149901e-01  5.37025419e-01 -8.28608658e-01  9.06381912e+02]
 [ 3.65529587e-01  8.11393154e-01  4.56102259e-01 -3.91486448e+02]
 [ 0.00000000e+00  0.00000000e+00  0.00000000e+00  1.00000000e+00]]

[[ 9.19410401e-01 -2.33857804e-01 -3.16219927e-01 -5.31047490e+02]
 [-1.45998010e-01  5.43632011e-01 -8.26528171e-01  9.01082988e+02]
 [ 3.65197338e-01  8.06086077e-01  4.65678152e-01 -3.90902227e+02]
 [ 0.00000000e+00  0.00000000e+00  0.00000000e+00  1.00000000e+00]]

[[ 9.16379728e-01 -2.26882599e-01 -3.29806731e-01 -5.30948926e+02]
 [-1.64180885e-01  5.38384537e-01 -8.26551104e-01  9.09566244e+02]
 [ 3.65092907e-01  8.11582637e-01  4.56114890e-01 -3.90697817e+02]
 [ 0.00000000e+00  0.00000000e+00  0.00000000e+00  1.00000000e+00]]

[[ 9.16952538e-01 -2.29377944e-01 -3.26471748e-01 -5.31721055e+02]
 [-1.56542574e-01  5.45806200e-01 -8.23158560e-01  9.05403272e+02]
 [ 3.67004722e-01  8.05904058e-01  4.64570966e-01 -3.95044639e+02]
 [ 0.00000000e+00  0.00000000e+00  0.00000000e+00  1.00000000e+00]]

[[ 9.13683978e-01 -2.29728729e-01 -3.35270488e-01 -5.32871506e+02]
 [-1.63706450e-01  5.47020585e-01 -8.20955954e-01  9.23974332e+02]
 [ 3.71997026e-01  8.04980243e-01  4.62195869e-01 -4.07945671e+02]
 [ 0.00000000e+00  0.00000000e+00  0.00000000e+00  1.00000000e+00]]

[[ 9.19284881e-01 -2.33537763e-01 -3.16820804e-01 -5.38562138e+02]
 [-1.28784538e-01  5.82162076e-01 -8.02808732e-01  9.12356542e+02]
 [ 3.71927212e-01  7.78811550e-01  5.05096742e-01 -4.18601061e+02]
 [ 0.00000000e+00  0.00000000e+00  0.00000000e+00  1.00000000e+00]]

[[ 9.27429577e-01 -2.36115082e-01 -2.90041459e-01 -5.45120813e+02]
 [-1.05356949e-01  5.79167490e-01 -8.08371778e-01  9.18389424e+02]
 [ 3.58851352e-01  7.80265780e-01  5.12260696e-01 -4.23323967e+02]
 [ 0.00000000e+00  0.00000000e+00  0.00000000e+00  1.00000000e+00]]

[[ 9.36117542e-01 -2.32799308e-01 -2.63606580e-01 -5.56895088e+02]
 [-7.71739070e-02  5.95300722e-01 -7.99788246e-01  9.11438081e+02]
 [ 3.43115338e-01  7.69039357e-01  5.39305416e-01 -4.28780915e+02]
 [ 0.00000000e+00  0.00000000e+00  0.00000000e+00  1.00000000e+00]]

[[ 9.37588808e-01 -2.30005453e-01 -2.60815488e-01 -5.65383807e+02]
 [-6.23330613e-02  6.26710855e-01 -7.76754848e-01  9.07714713e+02]
 [ 3.42113748e-01  7.44534080e-01  5.73260139e-01 -4.38401081e+02]
 [ 0.00000000e+00  0.00000000e+00  0.00000000e+00  1.00000000e+00]]

[[ 9.42780391e-01 -2.30456532e-01 -2.40945886e-01 -5.75729266e+02]
 [-4.96473509e-02  6.17570618e-01 -7.84946923e-01  9.12756389e+02]
 [ 3.29697246e-01  7.51994892e-01  5.70791913e-01 -4.45973843e+02]
 [ 0.00000000e+00  0.00000000e+00  0.00000000e+00  1.00000000e+00]]

[[ 9.45880643e-01 -2.30903804e-01 -2.28020267e-01 -5.80923609e+02]
 [-4.50586865e-02  6.02394231e-01 -7.96925910e-01  9.25784157e+02]
 [ 3.21371317e-01  7.64071086e-01  5.59388820e-01 -4.48674392e+02]
 [ 0.00000000e+00  0.00000000e+00  0.00000000e+00  1.00000000e+00]]

[[ 9.50978875e-01 -2.27200725e-01 -2.09807080e-01 -5.87570537e+02]
 [-2.59676289e-02  6.17364960e-01 -7.86248172e-01  9.09392053e+02]
 [ 3.08163694e-01  7.53153595e-01  5.81201171e-01 -4.43035341e+02]
 [ 0.00000000e+00  0.00000000e+00  0.00000000e+00  1.00000000e+00]]

[[ 9.49116125e-01 -2.23957585e-01 -2.21408177e-01 -5.86014710e+02]
 [-4.13739501e-02  6.08280352e-01 -7.92643179e-01  9.19836856e+02]
 [ 3.12196696e-01  7.61470954e-01  5.68062681e-01 -4.44027994e+02]
 [ 0.00000000e+00  0.00000000e+00  0.00000000e+00  1.00000000e+00]]

[[ 9.50104333e-01 -2.25015615e-01 -2.16031781e-01 -5.86429113e+02]
 [-4.37360437e-02  5.89623145e-01 -8.06493463e-01  9.24452448e+02]
 [ 3.08850961e-01  7.75701309e-01  5.50362212e-01 -4.42816958e+02]
 [ 0.00000000e+00  0.00000000e+00  0.00000000e+00  1.00000000e+00]]

[[ 9.49360095e-01 -2.21699477e-01 -2.22631425e-01 -5.86688687e+02]
 [-4.10265331e-02  6.15048052e-01 -7.87421563e-01  9.16733952e+02]
 [ 3.11499973e-01  7.56680405e-01  5.74806516e-01 -4.44119270e+02]
 [ 0.00000000e+00  0.00000000e+00  0.00000000e+00  1.00000000e+00]]

[[ 9.51490818e-01 -2.00988239e-01 -2.32956974e-01 -5.89517575e+02]
 [-5.92649034e-02  6.23244326e-01 -7.79778290e-01  9.25735408e+02]
 [ 3.01915377e-01  7.55758055e-01  5.81099705e-01 -4.38770120e+02]
 [ 0.00000000e+00  0.00000000e+00  0.00000000e+00  1.00000000e+00]]

[[ 9.53619427e-01 -2.22873192e-01 -2.02330249e-01 -5.83056228e+02]
 [-3.42610810e-02  5.87428851e-01 -8.08550260e-01  9.11734941e+02]
 [ 2.99058803e-01  7.77981289e-01  5.52547687e-01 -4.28840445e+02]
 [ 0.00000000e+00  0.00000000e+00  0.00000000e+00  1.00000000e+00]]

[[ 9.46653202e-01 -2.18991606e-01 -2.36411488e-01 -5.71708153e+02]
 [-6.77433003e-02  5.81990738e-01 -8.10368821e-01  9.15572113e+02]
 [ 3.15053266e-01  7.83153534e-01  5.36108181e-01 -4.23426871e+02]
 [ 0.00000000e+00  0.00000000e+00  0.00000000e+00  1.00000000e+00]]

[[ 9.44449695e-01 -2.19698817e-01 -2.44432411e-01 -5.63489022e+02]
 [-7.87421921e-02  5.70809330e-01 -8.17298217e-01  9.14073565e+02]
 [ 3.19083752e-01  7.91144196e-01  5.21801131e-01 -4.14777434e+02]
 [ 0.00000000e+00  0.00000000e+00  0.00000000e+00  1.00000000e+00]]

[[ 9.41444710e-01 -2.22273605e-01 -2.53527717e-01 -5.55452674e+02]
 [-9.48359267e-02  5.47009183e-01 -8.31737399e-01  9.16382840e+02]
 [ 3.23555259e-01  8.07078310e-01  4.93899378e-01 -4.06203386e+02]
 [ 0.00000000e+00  0.00000000e+00  0.00000000e+00  1.00000000e+00]]

[[ 9.32333054e-01 -2.06467660e-01 -2.96860544e-01 -5.47344693e+02]
 [-1.46271419e-01  5.35457581e-01 -8.31799165e-01  9.30227825e+02]
 [ 3.30695856e-01  8.18936069e-01  4.69024484e-01 -3.97266913e+02]
 [ 0.00000000e+00  0.00000000e+00  0.00000000e+00  1.00000000e+00]]

[[ 9.29038941e-01 -2.17025040e-01 -2.99644419e-01 -5.40382096e+02]
 [-1.52741724e-01  5.12673495e-01 -8.44888072e-01  9.20964918e+02]
 [ 3.36981619e-01  8.30702125e-01  4.43144862e-01 -3.89508973e+02]
 [ 0.00000000e+00  0.00000000e+00  0.00000000e+00  1.00000000e+00]]

[[ 9.20096051e-01 -2.45497745e-01 -3.05211590e-01 -5.31465442e+02]
 [-1.34764772e-01  5.33228654e-01 -8.35168043e-01  9.01553611e+02]
 [ 3.67779436e-01  8.09566588e-01  4.57537131e-01 -3.95966299e+02]
 [ 0.00000000e+00  0.00000000e+00  0.00000000e+00  1.00000000e+00]]

[[ 9.22008727e-01 -2.56525338e-01 -2.89990791e-01 -5.28314898e+02]
 [-1.22987440e-01  5.16153611e-01 -8.47619927e-01  9.03815887e+02]
 [ 3.67115782e-01  8.17178194e-01  4.44348739e-01 -3.95926007e+02]
 [ 0.00000000e+00  0.00000000e+00  0.00000000e+00  1.00000000e+00]]

[[ 9.19090276e-01 -2.48280766e-01 -3.05989747e-01 -5.28966284e+02]
 [-1.37630396e-01  5.25361173e-01 -8.39674647e-01  9.08071029e+02]
 [ 3.69230197e-01  8.13850293e-01  4.48683366e-01 -3.95845620e+02]
 [ 0.00000000e+00  0.00000000e+00  0.00000000e+00  1.00000000e+00]]

[[ 9.17956845e-01 -2.53167227e-01 -3.05387600e-01 -5.27828970e+02]
 [-1.36895402e-01  5.20382393e-01 -8.42888969e-01  9.07672086e+02]
 [ 3.72310193e-01  8.15541857e-01  4.43031150e-01 -3.97431921e+02]
 [ 0.00000000e+00  0.00000000e+00  0.00000000e+00  1.00000000e+00]]

[[ 9.17874774e-01 -2.50646113e-01 -3.07705095e-01 -5.28074534e+02]
 [-1.40375929e-01  5.20168346e-01 -8.42448509e-01  9.10172723e+02]
 [ 3.71214895e-01  8.16456623e-01  4.42264722e-01 -3.96497873e+02]
 [ 0.00000000e+00  0.00000000e+00  0.00000000e+00  1.00000000e+00]]

[[ 9.20426754e-01 -2.54170404e-01 -2.97005044e-01 -5.28334277e+02]
 [-1.30299286e-01  5.16844410e-01 -8.46105166e-01  9.06075317e+02]
 [ 3.68560288e-01  8.17477377e-01  4.42599201e-01 -3.96734565e+02]
 [ 0.00000000e+00  0.00000000e+00  0.00000000e+00  1.00000000e+00]]

[[ 9.20773724e-01 -2.61707773e-01 -2.89283236e-01 -5.27855605e+02]
 [-1.21061090e-01  5.13250959e-01 -8.49657381e-01  9.01415001e+02]
 [ 3.70836839e-01  8.17363135e-01  4.40905369e-01 -3.97535018e+02]
 [ 0.00000000e+00  0.00000000e+00  0.00000000e+00  1.00000000e+00]]

[[ 9.20502073e-01 -2.64007064e-01 -2.88055904e-01 -5.27380896e+02]
 [-1.20690492e-01  5.09055138e-01 -8.52230410e-01  9.01519302e+02]
 [ 3.71631186e-01  8.19245468e-01  4.36723167e-01 -3.98645118e+02]
 [ 0.00000000e+00  0.00000000e+00  0.00000000e+00  1.00000000e+00]]

[[ 9.18364070e-01 -2.68481953e-01 -2.90731620e-01 -5.25948617e+02]
 [-1.19923547e-01  5.11305736e-01 -8.50990474e-01  9.00477528e+02]
 [ 3.77128330e-01  8.16384643e-01  4.37367509e-01 -4.00254297e+02]
 [ 0.00000000e+00  0.00000000e+00  0.00000000e+00  1.00000000e+00]]

[[ 9.20060333e-01 -2.66047164e-01 -2.87589795e-01 -5.27256941e+02]
 [-1.13090926e-01  5.22463389e-01 -8.45128659e-01  8.95213551e+02]
 [ 3.75099222e-01  8.10093151e-01  4.50610319e-01 -3.99197354e+02]
 [ 0.00000000e+00  0.00000000e+00  0.00000000e+00  1.00000000e+00]]

[[ 9.20304035e-01 -2.63693222e-01 -2.88974683e-01 -5.27428782e+02]
 [-1.20335321e-01  5.12048510e-01 -8.50485587e-01  9.00127055e+02]
 [ 3.72236341e-01  8.17479179e-01  4.39508701e-01 -3.97952904e+02]
 [ 0.00000000e+00  0.00000000e+00  0.00000000e+00  1.00000000e+00]]

[[ 9.23952075e-01 -2.59082124e-01 -2.81405431e-01 -5.37019170e+02]
 [-1.11641676e-01  5.20996987e-01 -8.46225901e-01  8.97457095e+02]
 [ 3.65853386e-01  8.13288751e-01  4.52451885e-01 -3.91249526e+02]
 [ 0.00000000e+00  0.00000000e+00  0.00000000e+00  1.00000000e+00]]

[[ 9.23935342e-01 -2.65006344e-01 -2.75889691e-01 -5.64706872e+02]
 [-1.02648836e-01  5.22997822e-01 -8.46130306e-01  9.05895640e+02]
 [ 3.68519606e-01  8.10089449e-01  4.56013579e-01 -3.94288674e+02]
 [ 0.00000000e+00  0.00000000e+00  0.00000000e+00  1.00000000e+00]]

[[ 9.24824699e-01 -2.94835115e-01 -2.40357093e-01 -5.82538772e+02]
 [-5.89227478e-02  5.13203957e-01 -8.56241677e-01  8.99577476e+02]
 [ 3.75802324e-01  8.06035951e-01  4.57251199e-01 -4.02784685e+02]
 [ 0.00000000e+00  0.00000000e+00  0.00000000e+00  1.00000000e+00]]

[[ 9.19042832e-01 -2.96271158e-01 -2.59968603e-01 -5.87438933e+02]
 [-6.70944589e-02  5.32338698e-01 -8.43868381e-01  9.04541014e+02]
 [ 3.88405210e-01  7.92993639e-01  4.69363911e-01 -4.15180143e+02]
 [ 0.00000000e+00  0.00000000e+00  0.00000000e+00  1.00000000e+00]]

[[ 9.20109927e-01 -3.03816767e-01 -2.47170171e-01 -5.87111464e+02]
 [-5.43449695e-02  5.25942782e-01 -8.48781959e-01  8.98598683e+02]
 [ 3.87871558e-01  7.94405162e-01  4.67414262e-01 -4.15570903e+02]
 [ 0.00000000e+00  0.00000000e+00  0.00000000e+00  1.00000000e+00]]

[[ 9.19155590e-01 -2.99061102e-01 -2.56350266e-01 -5.87467526e+02]
 [-5.99028296e-02  5.37109777e-01 -8.41382635e-01  9.00513988e+02]
 [ 3.89313052e-01  7.88717658e-01  4.75772848e-01 -4.16223107e+02]
 [ 0.00000000e+00  0.00000000e+00  0.00000000e+00  1.00000000e+00]]

[[ 9.19684871e-01 -3.05225681e-01 -2.47016237e-01 -5.86465051e+02]
 [-5.33414511e-02  5.26139328e-01 -8.48723805e-01  8.99334969e+02]
 [ 3.89017258e-01  7.93734648e-01  4.67601200e-01 -4.15945961e+02]
 [ 0.00000000e+00  0.00000000e+00  0.00000000e+00  1.00000000e+00]]

[[ 9.19571301e-01 -2.90400644e-01 -2.64681108e-01 -5.88332493e+02]
 [-7.24719520e-02  5.36709489e-01 -8.40648999e-01  9.06868748e+02]
 [ 3.86181873e-01  7.92218650e-01  4.72496742e-01 -4.13489273e+02]
 [ 0.00000000e+00  0.00000000e+00  0.00000000e+00  1.00000000e+00]]

[[ 9.18165202e-01 -2.88229625e-01 -2.71838820e-01 -5.85610407e+02]
 [-7.84440996e-02  5.40286322e-01 -8.37816933e-01  9.10667036e+02]
 [ 3.88354457e-01  7.90578506e-01  4.73462186e-01 -4.14691854e+02]
 [ 0.00000000e+00  0.00000000e+00  0.00000000e+00  1.00000000e+00]]

[[ 9.17569180e-01 -2.57199535e-01 -3.03175196e-01 -5.66576765e+02]
 [-1.11572310e-01  5.65335137e-01 -8.17280737e-01  9.18603200e+02]
 [ 3.81599817e-01  7.83737572e-01  4.90037752e-01 -4.09880926e+02]
 [ 0.00000000e+00  0.00000000e+00  0.00000000e+00  1.00000000e+00]]

[[ 9.19207736e-01 -2.60278798e-01 -2.95486183e-01 -5.48495789e+02]
 [-1.18585346e-01  5.32586137e-01 -8.38027161e-01  9.08708192e+02]
 [ 3.75492547e-01  8.05361381e-01  4.58692046e-01 -4.01647609e+02]
 [ 0.00000000e+00  0.00000000e+00  0.00000000e+00  1.00000000e+00]]

[[ 9.14779122e-01 -2.46458082e-01 -3.20058700e-01 -5.47775829e+02]
 [-1.47645346e-01  5.33502199e-01 -8.32812257e-01  9.20620564e+02]
 [ 3.76005332e-01  8.09094443e-01  4.51648285e-01 -4.01896791e+02]
 [ 0.00000000e+00  0.00000000e+00  0.00000000e+00  1.00000000e+00]]

[[ 9.16358412e-01 -2.44203677e-01 -3.17256719e-01 -5.49183474e+02]
 [-1.43258841e-01  5.39957940e-01 -8.29410831e-01  9.15985479e+02]
 [ 3.73850459e-01  8.05487422e-01  4.59810665e-01 -4.00957027e+02]
 [ 0.00000000e+00  0.00000000e+00  0.00000000e+00  1.00000000e+00]]

[[ 9.17991671e-01 -2.50457342e-01 -3.07510018e-01 -5.48382151e+02]
 [-1.38899008e-01  5.23225875e-01 -8.40798281e-01  9.16429959e+02]
 [ 3.71481301e-01  8.14558655e-01  4.45528720e-01 -3.99559540e+02]
 [ 0.00000000e+00  0.00000000e+00  0.00000000e+00  1.00000000e+00]]

[[ 9.18231668e-01 -2.47856751e-01 -3.08897450e-01 -5.49000932e+02]
 [-1.35222084e-01  5.36880546e-01 -8.32751024e-01  9.14182935e+02]
 [ 3.72243994e-01  8.06428119e-01  4.59465013e-01 -3.99579774e+02]
 [ 0.00000000e+00  0.00000000e+00  0.00000000e+00  1.00000000e+00]]

[[ 9.21236130e-01 -2.40278910e-01 -3.05924889e-01 -5.51337084e+02]
 [-1.37750653e-01  5.33974539e-01 -8.34203781e-01  9.14102135e+02]
 [ 3.63797677e-01  8.10640017e-01  4.58818062e-01 -3.95998815e+02]
 [ 0.00000000e+00  0.00000000e+00  0.00000000e+00  1.00000000e+00]]

[[ 9.15655399e-01 -2.47931183e-01 -3.16394245e-01 -5.48263446e+02]
 [-1.38939778e-01  5.43388677e-01 -8.27903668e-01  9.14947211e+02]
 [ 3.77188186e-01  8.02034210e-01  4.63109272e-01 -4.01462599e+02]
 [ 0.00000000e+00  0.00000000e+00  0.00000000e+00  1.00000000e+00]]

[[ 9.16682228e-01 -2.48491016e-01 -3.12963108e-01 -5.48275043e+02]
 [-1.41154673e-01  5.31330971e-01 -8.35321948e-01  9.17605589e+02]
 [ 3.73856992e-01  8.09900990e-01  4.51985990e-01 -3.99864222e+02]
 [ 0.00000000e+00  0.00000000e+00  0.00000000e+00  1.00000000e+00]]

[[ 9.19475595e-01 -2.52465968e-01 -3.01372802e-01 -5.48945751e+02]
 [-1.30133077e-01  5.27910144e-01 -8.39271269e-01  9.11934817e+02]
 [ 3.70985192e-01  8.10908019e-01  4.52546320e-01 -3.99457187e+02]
 [ 0.00000000e+00  0.00000000e+00  0.00000000e+00  1.00000000e+00]]

[[ 9.20327215e-01 -2.45129663e-01 -3.04810211e-01 -5.50879054e+02]
 [-1.28066805e-01  5.47478237e-01 -8.26962196e-01  9.08096584e+02]
 [ 3.69589921e-01  8.00111885e-01  4.72466148e-01 -3.98677329e+02]
 [ 0.00000000e+00  0.00000000e+00  0.00000000e+00  1.00000000e+00]]

[[ 9.09614746e-01 -2.71947444e-01 -3.14078972e-01 -5.52374946e+02]
 [-1.34401040e-01  5.22719455e-01 -8.41843650e-01  9.09740835e+02]
 [ 3.93112419e-01  8.07965939e-01  4.38923305e-01 -4.00845016e+02]
 [ 0.00000000e+00  0.00000000e+00  0.00000000e+00  1.00000000e+00]]

[[ 8.77468323e-01 -3.63473988e-01 -3.12947283e-01 -5.73276788e+02]
 [-1.22059817e-01  4.61766873e-01 -8.78562893e-01  9.04653851e+02]
 [ 4.63843446e-01  8.09109396e-01  3.60820235e-01 -4.00222084e+02]
 [ 0.00000000e+00  0.00000000e+00  0.00000000e+00  1.00000000e+00]]

[[ 8.61045439e-01 -3.96263247e-01 -3.18710199e-01 -6.07188810e+02]
 [-1.31000013e-01  4.32735810e-01 -8.91952194e-01  9.06829379e+02]
 [ 4.91365188e-01  8.09762409e-01  3.20694705e-01 -3.78599817e+02]
 [ 0.00000000e+00  0.00000000e+00  0.00000000e+00  1.00000000e+00]]

[[ 8.52462988e-01 -4.38347219e-01 -2.84883431e-01 -6.11783647e+02]
 [-8.47896655e-02  4.21789171e-01 -9.02720670e-01  8.83014641e+02]
 [ 5.15865842e-01  7.93691130e-01  3.22392343e-01 -3.78259353e+02]
 [ 0.00000000e+00  0.00000000e+00  0.00000000e+00  1.00000000e+00]]

[[ 8.54385431e-01 -4.37028587e-01 -2.81125506e-01 -6.11137345e+02]
 [-9.89335289e-02  3.94300033e-01 -9.13640871e-01  8.95969353e+02]
 [ 5.10134975e-01  8.08414187e-01  2.93647423e-01 -3.76960496e+02]
 [ 0.00000000e+00  0.00000000e+00  0.00000000e+00  1.00000000e+00]]

[[ 8.52855043e-01 -4.40516390e-01 -2.80327639e-01 -6.09869537e+02]
 [-9.89522389e-02  3.90788776e-01 -9.15146211e-01  8.96020851e+02]
 [ 5.12685801e-01  8.08226108e-01  2.89696095e-01 -3.78025199e+02]
 [ 0.00000000e+00  0.00000000e+00  0.00000000e+00  1.00000000e+00]]

[[ 8.53358331e-01 -4.41952340e-01 -2.76509835e-01 -6.10101781e+02]
 [-9.43796652e-02  3.90665118e-01 -9.15681847e-01  8.91332030e+02]
 [ 5.12710482e-01  8.07501638e-01  2.91666019e-01 -3.78014907e+02]
 [ 0.00000000e+00  0.00000000e+00  0.00000000e+00  1.00000000e+00]]

[[ 8.55578956e-01 -4.39587698e-01 -2.73399535e-01 -6.10593848e+02]
 [-9.05387923e-02  3.92925950e-01 -9.15102139e-01  8.90666980e+02]
 [ 5.09693415e-01  8.07695396e-01  2.96379435e-01 -3.75794045e+02]
 [ 0.00000000e+00  0.00000000e+00  0.00000000e+00  1.00000000e+00]]

[[ 8.51687103e-01 -4.44229310e-01 -2.78009711e-01 -6.09432861e+02]
 [-9.33560976e-02  3.93403423e-01 -9.14613790e-01  8.90057658e+02]
 [ 5.15668225e-01  8.04918671e-01  2.93585107e-01 -3.78723435e+02]
 [ 0.00000000e+00  0.00000000e+00  0.00000000e+00  1.00000000e+00]]

[[ 8.52806654e-01 -4.39247862e-01 -2.82457301e-01 -6.10334644e+02]
 [-9.42416048e-02  4.02546205e-01 -9.10535597e-01  8.92150537e+02]
 [ 5.13652929e-01  8.03130045e-01  3.01898658e-01 -3.77359790e+02]
 [ 0.00000000e+00  0.00000000e+00  0.00000000e+00  1.00000000e+00]]

[[ 8.54383334e-01 -4.41790787e-01 -2.73587315e-01 -6.10167328e+02]
 [-8.97926961e-02  3.93054690e-01 -9.15120365e-01  8.90008029e+02]
 [ 5.11826524e-01  8.06429731e-01  2.96149790e-01 -3.77091855e+02]
 [ 0.00000000e+00  0.00000000e+00  0.00000000e+00  1.00000000e+00]]

[[ 8.53890253e-01 -4.38712203e-01 -2.80005428e-01 -6.11139675e+02]
 [-9.35520421e-02  3.99858854e-01 -9.11789950e-01  8.89939977e+02]
 [ 5.11976027e-01  8.04763630e-01  3.00393155e-01 -3.77627034e+02]
 [ 0.00000000e+00  0.00000000e+00  0.00000000e+00  1.00000000e+00]]

[[ 8.51610269e-01 -4.42833402e-01 -2.80461276e-01 -6.08897705e+02]
 [-1.01848726e-01  3.85062655e-01 -9.17253285e-01  8.96841504e+02]
 [ 5.14185556e-01  8.09706941e-01  2.82821293e-01 -3.79141810e+02]
 [ 0.00000000e+00  0.00000000e+00  0.00000000e+00  1.00000000e+00]]

[[ 8.54153185e-01 -4.40271179e-01 -2.76737466e-01 -6.14217397e+02]
 [-8.57424440e-02  4.05645294e-01 -9.10000071e-01  8.90226149e+02]
 [ 5.12904055e-01  8.01007605e-01  3.08733293e-01 -3.77959291e+02]
 [ 0.00000000e+00  0.00000000e+00  0.00000000e+00  1.00000000e+00]]

[[ 8.52328317e-01 -4.68495843e-01 -2.32482442e-01 -6.44163781e+02]
 [-3.32815809e-02  3.95025221e-01 -9.18067215e-01  8.86373735e+02]
 [ 5.21947102e-01  7.90232067e-01  3.21098900e-01 -3.97647625e+02]
 [ 0.00000000e+00  0.00000000e+00  0.00000000e+00  1.00000000e+00]]

[[ 8.53372763e-01 -4.78081844e-01 -2.07828483e-01 -6.75333643e+02]
 [ 1.11653910e-02  4.15343564e-01 -9.09596096e-01  8.97172919e+02]
 [ 5.21181602e-01  7.73904047e-01  3.59780856e-01 -4.23158101e+02]
 [ 0.00000000e+00  0.00000000e+00  0.00000000e+00  1.00000000e+00]]

[[ 8.44604743e-01 -4.75790639e-01 -2.45491539e-01 -6.74219203e+02]
 [-1.82080784e-02  4.32736320e-01 -9.01336642e-01  9.17579039e+02]
 [ 5.35080642e-01  7.65743132e-01  3.56827915e-01 -4.34382516e+02]
 [ 0.00000000e+00  0.00000000e+00  0.00000000e+00  1.00000000e+00]]

[[ 8.44800636e-01 -4.77134203e-01 -2.42187609e-01 -6.73991428e+02]
 [-2.09717974e-02  4.22745571e-01 -9.06005721e-01  9.18436424e+02]
 [ 5.34670057e-01  7.70473318e-01  3.47129365e-01 -4.33459467e+02]
 [ 0.00000000e+00  0.00000000e+00  0.00000000e+00  1.00000000e+00]]

[[ 8.44931092e-01 -4.76885887e-01 -2.42221594e-01 -6.74127204e+02]
 [-1.66369532e-02  4.29205440e-01 -9.03053654e-01  9.15610190e+02]
 [ 5.34616368e-01  7.67047940e-01  3.54715093e-01 -4.33409651e+02]
 [ 0.00000000e+00  0.00000000e+00  0.00000000e+00  1.00000000e+00]]

[[ 8.45187574e-01 -4.80781965e-01 -2.33466628e-01 -6.73989693e+02]
 [-1.08968923e-02  4.21227401e-01 -9.06889593e-01  9.12238199e+02]
 [ 5.34358702e-01  7.69035876e-01  3.50777135e-01 -4.33575878e+02]
 [ 0.00000000e+00  0.00000000e+00  0.00000000e+00  1.00000000e+00]]

[[ 8.47434092e-01 -4.76331741e-01 -2.34443025e-01 -6.75021637e+02]
 [-1.58942487e-02  4.18634022e-01 -9.08015930e-01  9.14494262e+02]
 [ 5.30662635e-01  7.73209951e-01  3.47193807e-01 -4.31463830e+02]
 [ 0.00000000e+00  0.00000000e+00  0.00000000e+00  1.00000000e+00]]

[[ 8.45132157e-01 -4.78847573e-01 -2.37606059e-01 -6.74448675e+02]
 [-1.73657324e-02  4.19662733e-01 -9.07513979e-01  9.14140120e+02]
 [ 5.34275274e-01  7.71095450e-01  3.46354932e-01 -4.33727258e+02]
 [ 0.00000000e+00  0.00000000e+00  0.00000000e+00  1.00000000e+00]]

[[ 8.49119790e-01 -4.77752851e-01 -2.25272715e-01 -6.77094032e+02]
 [-8.32791855e-03  4.14328957e-01 -9.10089095e-01  9.16923034e+02]
 [ 5.28134669e-01  7.74650714e-01  3.47836230e-01 -4.32051769e+02]
 [ 0.00000000e+00  0.00000000e+00  0.00000000e+00  1.00000000e+00]]

[[ 8.48215832e-01 -4.88712585e-01 -2.04181076e-01 -6.85597789e+02]
 [ 3.33865045e-02  4.34069324e-01 -9.00260609e-01  9.09054453e+02]
 [ 5.28597430e-01  7.56798409e-01  3.84500878e-01 -4.59768215e+02]
 [ 0.00000000e+00  0.00000000e+00  0.00000000e+00  1.00000000e+00]]

[[ 8.43996328e-01 -4.84421014e-01 -2.30231361e-01 -6.82392520e+02]
 [-1.63640046e-03  4.26928941e-01 -9.04283696e-01  9.37703485e+02]
 [ 5.36346456e-01  7.63588869e-01  3.59533751e-01 -4.67327940e+02]
 [ 0.00000000e+00  0.00000000e+00  0.00000000e+00  1.00000000e+00]]

[[ 8.42079672e-01 -4.99892571e-01 -2.02507392e-01 -6.80077377e+02]
 [ 2.08843686e-02  4.05402582e-01 -9.13899660e-01  9.25671656e+02]
 [ 5.38948671e-01  7.65347087e-01  3.51821214e-01 -4.67381597e+02]
 [ 0.00000000e+00  0.00000000e+00  0.00000000e+00  1.00000000e+00]]

[[ 8.44355660e-01 -4.93190807e-01 -2.09347434e-01 -6.83744099e+02]
 [ 2.15241751e-02  4.21640292e-01 -9.06507680e-01  9.18942514e+02]
 [ 5.35350567e-01  7.60908860e-01  3.66629892e-01 -4.68004714e+02]
 [ 0.00000000e+00  0.00000000e+00  0.00000000e+00  1.00000000e+00]]

[[ 8.43115461e-01 -4.91888250e-01 -2.17260831e-01 -6.81737350e+02]
 [ 1.74734780e-02  4.28879112e-01 -9.03192884e-01  9.25762084e+02]
 [ 5.37448599e-01  7.57699582e-01  3.70189609e-01 -4.68132785e+02]
 [ 0.00000000e+00  0.00000000e+00  0.00000000e+00  1.00000000e+00]]

[[ 8.45029773e-01 -4.93367492e-01 -2.06187296e-01 -6.83337944e+02]
 [ 2.17618553e-02  4.17010915e-01 -9.08640918e-01  9.21057664e+02]
 [ 5.34276243e-01  7.63341611e-01  3.63123231e-01 -4.66989735e+02]
 [ 0.00000000e+00  0.00000000e+00  0.00000000e+00  1.00000000e+00]]

[[ 8.44315114e-01 -4.95071279e-01 -2.05027846e-01 -6.82296574e+02]
 [ 2.26476721e-02  4.15251614e-01 -9.09424642e-01  9.21762360e+02]
 [ 5.35368165e-01  7.63197567e-01  3.61815425e-01 -4.66761769e+02]
 [ 0.00000000e+00  0.00000000e+00  0.00000000e+00  1.00000000e+00]]

[[ 8.58258998e-01 -4.69338501e-01 -2.07636375e-01 -6.80956298e+02]
 [ 1.18879456e-02  4.22650388e-01 -9.06214834e-01  9.19311590e+02]
 [ 5.13079106e-01  7.75298666e-01  3.68322969e-01 -4.65927098e+02]
 [ 0.00000000e+00  0.00000000e+00  0.00000000e+00  1.00000000e+00]]

[[ 8.66776385e-01 -4.27422939e-01 -2.56920863e-01 -6.52836539e+02]
 [-3.62678807e-02  4.59792756e-01 -8.87285333e-01  9.48008478e+02]
 [ 4.97376456e-01  7.78395949e-01  3.83035779e-01 -4.63801983e+02]
 [ 0.00000000e+00  0.00000000e+00  0.00000000e+00  1.00000000e+00]]

[[ 8.56328921e-01 -4.54903540e-01 -2.44465843e-01 -6.47780889e+02]
 [-1.18319896e-02  4.55969558e-01 -8.89916719e-01  9.25798857e+02]
 [ 5.16295248e-01  7.64953941e-01  3.85077506e-01 -4.78272090e+02]
 [ 0.00000000e+00  0.00000000e+00  0.00000000e+00  1.00000000e+00]]

[[ 8.53805674e-01 -4.58333347e-01 -2.46873276e-01 -6.44014532e+02]
 [-1.65777088e-02  4.50039034e-01 -8.92854998e-01  9.33611149e+02]
 [ 5.20327830e-01  7.66417256e-01  3.76647764e-01 -4.77832960e+02]
 [ 0.00000000e+00  0.00000000e+00  0.00000000e+00  1.00000000e+00]]

[[ 8.61997845e-01 -4.51393295e-01 -2.30659506e-01 -6.51116956e+02]
 [ 4.40913379e-03  4.61688047e-01 -8.87031401e-01  9.18123113e+02]
 [ 5.06892764e-01  7.63602148e-01  3.99964355e-01 -4.72496196e+02]
 [ 0.00000000e+00  0.00000000e+00  0.00000000e+00  1.00000000e+00]]

[[ 8.62517507e-01 -4.49988335e-01 -2.31460685e-01 -6.49007223e+02]
 [ 7.51628829e-03  4.68749767e-01 -8.83299022e-01  9.13345395e+02]
 [ 5.05971398e-01  7.60121145e-01  4.07687122e-01 -4.75095386e+02]
 [ 0.00000000e+00  0.00000000e+00  0.00000000e+00  1.00000000e+00]]

[[ 8.70385470e-01 -4.22960340e-01 -2.52058893e-01 -6.30970222e+02]
 [-4.16757237e-02  4.46805444e-01 -8.93659907e-01  9.45032178e+02]
 [ 4.90603983e-01  7.88333334e-01  3.71265788e-01 -4.71146450e+02]
 [ 0.00000000e+00  0.00000000e+00  0.00000000e+00  1.00000000e+00]]

[[ 8.69954406e-01 -4.26620554e-01 -2.47334255e-01 -6.30129479e+02]
 [-2.53621757e-02  4.62186196e-01 -8.86420149e-01  9.29977955e+02]
 [ 4.92479533e-01  7.77418049e-01  3.91260892e-01 -4.75063052e+02]
 [ 0.00000000e+00  0.00000000e+00  0.00000000e+00  1.00000000e+00]]

[[ 8.69090998e-01 -4.22163934e-01 -2.57795364e-01 -6.29313632e+02]
 [-3.33733900e-02  4.69933947e-01 -8.82070463e-01  9.36949027e+02]
 [ 4.93525130e-01  7.75203005e-01  3.94326322e-01 -4.75513821e+02]
 [ 0.00000000e+00  0.00000000e+00  0.00000000e+00  1.00000000e+00]]

[[ 8.66061652e-01 -4.25209929e-01 -2.62932941e-01 -6.27975658e+02]
 [-4.34324096e-02  4.59950058e-01 -8.86881937e-01  9.41244652e+02]
 [ 4.98047027e-01  7.79514246e-01  3.79877215e-01 -4.78132071e+02]
 [ 0.00000000e+00  0.00000000e+00  0.00000000e+00  1.00000000e+00]]

[[ 8.78143533e-01 -4.13827851e-01 -2.40021761e-01 -6.25197403e+02]
 [-3.35741421e-02  4.47173013e-01 -8.93817136e-01  9.35674485e+02]
 [ 4.77217679e-01  7.92958262e-01  3.78788174e-01 -4.76634731e+02]
 [ 0.00000000e+00  0.00000000e+00  0.00000000e+00  1.00000000e+00]]

[[ 8.75118799e-01 -3.98353522e-01 -2.74739076e-01 -5.97842151e+02]
 [-7.33800426e-02  4.51943319e-01 -8.89023400e-01  9.56229574e+02]
 [ 4.78312092e-01  7.98161455e-01  3.66272896e-01 -4.81079777e+02]
 [ 0.00000000e+00  0.00000000e+00  0.00000000e+00  1.00000000e+00]]

[[ 8.79801302e-01 -3.83784534e-01 -2.80462296e-01 -6.00523432e+02]
 [-7.48181600e-02  4.70861442e-01 -8.79028865e-01  9.53762989e+02]
 [ 4.69416565e-01  7.94354413e-01  3.85550457e-01 -4.78944161e+02]
 [ 0.00000000e+00  0.00000000e+00  0.00000000e+00  1.00000000e+00]]

[[ 8.81067164e-01 -3.83549508e-01 -2.76785888e-01 -6.00763192e+02]
 [-8.14748771e-02  4.53366072e-01 -8.87592840e-01  9.57389911e+02]
 [ 4.65921128e-01  8.04580002e-01  3.68196310e-01 -4.75664546e+02]
 [ 0.00000000e+00  0.00000000e+00  0.00000000e+00  1.00000000e+00]]

[[ 8.86306657e-01 -3.74203861e-01 -2.72822251e-01 -6.05388187e+02]
 [-7.24966264e-02  4.69744879e-01 -8.79820429e-01  9.50297728e+02]
 [ 4.57389057e-01  7.99569396e-01  3.89209496e-01 -4.72668482e+02]
 [ 0.00000000e+00  0.00000000e+00  0.00000000e+00  1.00000000e+00]]

[[ 8.84642835e-01 -3.88985001e-01 -2.57094777e-01 -5.97048905e+02]
 [-6.27626633e-02  4.47027822e-01 -8.92315513e-01  9.47269867e+02]
 [ 4.62025868e-01  8.05516478e-01  3.71046225e-01 -4.79350590e+02]
 [ 0.00000000e+00  0.00000000e+00  0.00000000e+00  1.00000000e+00]]

[[ 8.86792212e-01 -3.60637780e-01 -2.89032810e-01 -5.86082793e+02]
 [-9.15615064e-02  4.75898703e-01 -8.74721050e-01  9.59126534e+02]
 [ 4.53007797e-01  8.02160094e-01  3.89002725e-01 -4.76577267e+02]
 [ 0.00000000e+00  0.00000000e+00  0.00000000e+00  1.00000000e+00]]

[[ 8.86494884e-01 -3.62664261e-01 -2.87404689e-01 -5.86629699e+02]
 [-8.53345574e-02  4.82317711e-01 -8.71830052e-01  9.51274160e+02]
 [ 4.54801973e-01  7.97398432e-01  3.96624389e-01 -4.78949632e+02]
 [ 0.00000000e+00  0.00000000e+00  0.00000000e+00  1.00000000e+00]]

[[ 8.85710803e-01 -3.72318218e-01 -2.77300410e-01 -5.83430670e+02]
 [-7.45709358e-02  4.75465420e-01 -8.76568200e-01  9.49695923e+02]
 [ 4.58209066e-01  7.97064476e-01  3.93360741e-01 -4.78456985e+02]
 [ 0.00000000e+00  0.00000000e+00  0.00000000e+00  1.00000000e+00]]

[[ 8.90514157e-01 -3.61541839e-01 -2.76173922e-01 -5.88212197e+02]
 [-8.44289413e-02  4.65164061e-01 -8.81189055e-01  9.56731462e+02]
 [ 4.47052894e-01  8.08028400e-01  3.83710587e-01 -4.74426192e+02]
 [ 0.00000000e+00  0.00000000e+00  0.00000000e+00  1.00000000e+00]]

[[ 8.82098361e-01 -3.67093959e-01 -2.95202485e-01 -5.76777950e+02]
 [-1.07238349e-01  4.53727046e-01 -8.84664741e-01  9.71688024e+02]
 [ 4.58696434e-01  8.12018345e-01  3.60865333e-01 -4.81204608e+02]
 [ 0.00000000e+00  0.00000000e+00  0.00000000e+00  1.00000000e+00]]

[[ 8.81687427e-01 -3.62834214e-01 -3.01626613e-01 -5.78235804e+02]
 [-1.06363302e-01  4.69970206e-01 -8.76250451e-01  9.66911854e+02]
 [ 4.59689165e-01  8.04661009e-01  3.75774576e-01 -4.82783138e+02]
 [ 0.00000000e+00  0.00000000e+00  0.00000000e+00  1.00000000e+00]]

[[ 8.87597196e-01 -3.54516970e-01 -2.94090013e-01 -5.81477390e+02]
 [-1.02962254e-01  4.69608024e-01 -8.76850659e-01  9.63473018e+02]
 [ 4.48965469e-01  8.08570357e-01  3.80320899e-01 -4.76242568e+02]
 [ 0.00000000e+00  0.00000000e+00  0.00000000e+00  1.00000000e+00]]

[[ 8.81561878e-01 -3.64213991e-01 -3.00327861e-01 -5.76433396e+02]
 [-1.14199143e-01  4.52762839e-01 -8.84287492e-01  9.75484363e+02]
 [ 4.58047172e-01  8.13851326e-01  3.57545533e-01 -4.80175269e+02]
 [ 0.00000000e+00  0.00000000e+00  0.00000000e+00  1.00000000e+00]]

[[ 8.92148225e-01 -3.32913110e-01 -3.05352919e-01 -5.77784935e+02]
 [-1.29709261e-01  4.58700933e-01 -8.79072785e-01  9.76524723e+02]
 [ 4.32720524e-01  8.23870327e-01  3.66047310e-01 -4.75475201e+02]
 [ 0.00000000e+00  0.00000000e+00  0.00000000e+00  1.00000000e+00]]

[[ 8.88446237e-01 -3.38196723e-01 -3.10300274e-01 -5.60621101e+02]
 [-1.17380451e-01  4.86161447e-01 -8.65949697e-01  9.63279141e+02]
 [ 4.43717380e-01  8.05772936e-01  3.92230624e-01 -4.85717285e+02]
 [ 0.00000000e+00  0.00000000e+00  0.00000000e+00  1.00000000e+00]]

[[ 8.87644516e-01 -3.29450669e-01 -3.21791034e-01 -5.59830389e+02]
 [-1.37577847e-01  4.77135385e-01 -8.67994332e-01  9.78815719e+02]
 [ 4.39499202e-01  8.14741726e-01  3.78201495e-01 -4.81181717e+02]
 [ 0.00000000e+00  0.00000000e+00  0.00000000e+00  1.00000000e+00]]

[[ 8.85385998e-01 -3.28163214e-01 -3.29242373e-01 -5.56812286e+02]
 [-1.57607127e-01  4.54401761e-01 -8.76743425e-01  9.97110705e+02]
 [ 4.37323254e-01  8.28147296e-01  3.50600095e-01 -4.77432519e+02]
 [ 0.00000000e+00  0.00000000e+00  0.00000000e+00  1.00000000e+00]]

[[ 8.86819059e-01 -3.31365732e-01 -3.22100462e-01 -5.60000275e+02]
 [-1.38343964e-01  4.74673600e-01 -8.69221445e-01  9.77272855e+02]
 [ 4.40922786e-01  8.15402799e-01  3.75107147e-01 -4.83561427e+02]
 [ 0.00000000e+00  0.00000000e+00  0.00000000e+00  1.00000000e+00]]

[[ 8.88312131e-01 -3.34669960e-01 -3.14479850e-01 -5.59969346e+02]
 [-1.27768829e-01  4.77640634e-01 -8.69214905e-01  9.74178492e+02]
 [ 4.41108473e-01  8.12314866e-01  3.81533581e-01 -4.82787687e+02]
 [ 0.00000000e+00  0.00000000e+00  0.00000000e+00  1.00000000e+00]]

[[ 8.91104343e-01 -3.25687405e-01 -3.16007539e-01 -5.61678629e+02]
 [-1.42874349e-01  4.59594305e-01 -8.76561461e-01  9.85216640e+02]
 [ 4.30720293e-01  8.26257096e-01  3.63014105e-01 -4.77118216e+02]
 [ 0.00000000e+00  0.00000000e+00  0.00000000e+00  1.00000000e+00]]

[[ 8.89425650e-01 -3.28881455e-01 -3.17425585e-01 -5.61208218e+02]
 [-1.37162744e-01  4.70413925e-01 -8.71720781e-01  9.78071037e+02]
 [ 4.36014215e-01  8.18869787e-01  3.73287928e-01 -4.79965250e+02]
 [ 0.00000000e+00  0.00000000e+00  0.00000000e+00  1.00000000e+00]]

[[ 8.84954423e-01 -3.34785556e-01 -3.23688585e-01 -5.57418935e+02]
 [-1.48553113e-01  4.55820838e-01 -8.77587224e-01  9.88827973e+02]
 [ 4.41347529e-01  8.24709643e-01  3.53647230e-01 -4.81589719e+02]
 [ 0.00000000e+00  0.00000000e+00  0.00000000e+00  1.00000000e+00]]

[[ 8.95657488e-01 -3.41337630e-01 -2.85107500e-01 -5.71328676e+02]
 [-9.37906025e-02  4.81676649e-01 -8.71315631e-01  9.53450254e+02]
 [ 4.34742438e-01  8.07140774e-01  3.99403035e-01 -4.80991433e+02]
 [ 0.00000000e+00  0.00000000e+00  0.00000000e+00  1.00000000e+00]]

[[ 8.92781337e-01 -3.42820654e-01 -2.92259273e-01 -5.80706843e+02]
 [-1.09643969e-01  4.63891116e-01 -8.79080902e-01  9.84861571e+02]
 [ 4.36943570e-01  8.16871490e-01  3.76565114e-01 -4.85104425e+02]
 [ 0.00000000e+00  0.00000000e+00  0.00000000e+00  1.00000000e+00]]

[[ 8.94119189e-01 -3.46226311e-01 -2.84039112e-01 -5.84918729e+02]
 [-7.76732495e-02  5.04749528e-01 -8.59764375e-01  9.54464498e+02]
 [ 4.41041655e-01  7.90794067e-01  4.24413716e-01 -4.94688417e+02]
 [ 0.00000000e+00  0.00000000e+00  0.00000000e+00  1.00000000e+00]]

[[ 8.97190152e-01 -3.56699751e-01 -2.60413362e-01 -5.83727418e+02]
 [-1.01318897e-01  4.07679797e-01 -9.07486454e-01  9.90143132e+02]
 [ 4.29865458e-01  8.40572704e-01  3.29625874e-01 -4.84740365e+02]
 [ 0.00000000e+00  0.00000000e+00  0.00000000e+00  1.00000000e+00]]

[[ 8.96702300e-01 -3.42090625e-01 -2.80889638e-01 -5.86167952e+02]
 [-8.15560603e-02  4.96032080e-01 -8.64465606e-01  9.59906730e+02]
 [ 4.35055851e-01  7.98076550e-01  4.16893543e-01 -4.91006783e+02]
 [ 0.00000000e+00  0.00000000e+00  0.00000000e+00  1.00000000e+00]]

[[ 8.95056213e-01 -3.65134977e-01 -2.56028952e-01 -5.89827654e+02]
 [-6.80516886e-02  4.55560732e-01 -8.87599790e-01  9.65170742e+02]
 [ 4.40730466e-01  8.11874909e-01  3.82904411e-01 -4.90163662e+02]
 [ 0.00000000e+00  0.00000000e+00  0.00000000e+00  1.00000000e+00]]

[[ 8.96559660e-01 -3.75420599e-01 -2.35032230e-01 -6.04304341e+02]
 [-2.77062045e-02  4.82064376e-01 -8.75697610e-01  9.52064024e+02]
 [ 4.42055586e-01  7.91627003e-01  4.21797993e-01 -5.01117056e+02]
 [ 0.00000000e+00  0.00000000e+00  0.00000000e+00  1.00000000e+00]]

[[ 8.96730175e-01 -3.58648034e-01 -2.59319456e-01 -6.05722769e+02]
 [-5.02281077e-02  4.99673827e-01 -8.64756153e-01  9.63395611e+02]
 [ 4.39718239e-01  7.88478062e-01  4.30058386e-01 -5.00781162e+02]
 [ 0.00000000e+00  0.00000000e+00  0.00000000e+00  1.00000000e+00]]

[[ 8.95673319e-01 -3.50298013e-01 -2.73971910e-01 -6.03843157e+02]
 [-6.79794120e-02  5.00978413e-01 -8.62785853e-01  9.76737843e+02]
 [ 4.39486183e-01  7.91398718e-01  4.24899945e-01 -4.98112277e+02]
 [ 0.00000000e+00  0.00000000e+00  0.00000000e+00  1.00000000e+00]]

[[ 8.96777072e-01 -3.68797883e-01 -2.44497451e-01 -6.09442532e+02]
 [-3.68018513e-02  4.88478231e-01 -8.71799657e-01  9.60409850e+02]
 [ 4.40949550e-01  7.90807903e-01  4.24483633e-01 -5.00793159e+02]
 [ 0.00000000e+00  0.00000000e+00  0.00000000e+00  1.00000000e+00]]

[[ 8.91220430e-01 -3.91066640e-01 -2.29767335e-01 -6.09079594e+02]
 [-1.19472130e-02  4.86158872e-01 -8.73788770e-01  9.51454650e+02]
 [ 4.53413067e-01  7.81483483e-01  4.28602563e-01 -5.11016885e+02]
 [ 0.00000000e+00  0.00000000e+00  0.00000000e+00  1.00000000e+00]]

[[ 8.89510133e-01 -3.90757455e-01 -2.36812870e-01 -6.07058679e+02]
 [-2.28446017e-02  4.79603953e-01 -8.77187650e-01  9.59972407e+02]
 [ 4.56344002e-01  7.85677198e-01  4.17685877e-01 -5.12240933e+02]
 [ 0.00000000e+00  0.00000000e+00  0.00000000e+00  1.00000000e+00]]

[[ 8.89955533e-01 -3.90931754e-01 -2.34843592e-01 -6.07845205e+02]
 [-2.13596689e-02  4.78658422e-01 -8.77741351e-01  9.58037396e+02]
 [ 4.55546829e-01  7.86166954e-01  4.17634538e-01 -5.12610656e+02]
 [ 0.00000000e+00  0.00000000e+00  0.00000000e+00  1.00000000e+00]]

[[ 8.93409710e-01 -3.92881262e-01 -2.17860976e-01 -6.14824080e+02]
 [-9.08004635e-03  4.69060426e-01 -8.83119397e-01  9.56000482e+02]
 [ 4.49151025e-01  7.90965632e-01  4.15495759e-01 -5.08386370e+02]
 [ 0.00000000e+00  0.00000000e+00  0.00000000e+00  1.00000000e+00]]

[[ 8.93685671e-01 -4.03120086e-01 -1.97028217e-01 -6.37731442e+02]
 [ 3.49812464e-02  5.00375959e-01 -8.65101273e-01  9.37724061e+02]
 [ 4.47327883e-01  7.66236319e-01  4.61280467e-01 -5.20043207e+02]
 [ 0.00000000e+00  0.00000000e+00  0.00000000e+00  1.00000000e+00]]

[[ 8.97378592e-01 -3.94178983e-01 -1.98329504e-01 -6.47721112e+02]
 [ 4.07064672e-02  5.21494158e-01 -8.52283302e-01  9.43627127e+02]
 [ 4.39379843e-01  7.56747496e-01  4.84023327e-01 -5.23890073e+02]
 [ 0.00000000e+00  0.00000000e+00  0.00000000e+00  1.00000000e+00]]

[[ 8.89961043e-01 -4.13562597e-01 -1.92185642e-01 -6.42607772e+02]
 [ 5.17280086e-02  5.10251947e-01 -8.58467916e-01  9.38023912e+02]
 [ 4.53093319e-01  7.54061621e-01  4.75497124e-01 -5.31919291e+02]
 [ 0.00000000e+00  0.00000000e+00  0.00000000e+00  1.00000000e+00]]

[[ 8.90874855e-01 -4.07836611e-01 -2.00028226e-01 -6.42844431e+02]
 [ 3.73591418e-02  5.04640441e-01 -8.62520910e-01  9.47531306e+02]
 [ 4.52709937e-01  7.60925308e-01  4.64807906e-01 -5.30363897e+02]
 [ 0.00000000e+00  0.00000000e+00  0.00000000e+00  1.00000000e+00]]

[[ 8.91142639e-01 -4.12666184e-01 -1.88603865e-01 -6.43981937e+02]
 [ 5.35061903e-02  5.08360118e-01 -8.59480703e-01  9.35356313e+02]
 [ 4.50557305e-01  7.55828427e-01  4.75101572e-01 -5.29714333e+02]
 [ 0.00000000e+00  0.00000000e+00  0.00000000e+00  1.00000000e+00]]

[[ 8.94067429e-01 -4.18367106e-01 -1.60038732e-01 -6.60696544e+02]
 [ 8.30820644e-02  5.05969006e-01 -8.58541050e-01  9.25067743e+02]
 [ 4.40159973e-01  7.54297242e-01  4.87129212e-01 -5.29115264e+02]
 [ 0.00000000e+00  0.00000000e+00  0.00000000e+00  1.00000000e+00]]

[[ 8.91406287e-01 -4.20182866e-01 -1.69826944e-01 -6.62822923e+02]
 [ 7.96287489e-02  5.14104184e-01 -8.54023507e-01  9.43209461e+02]
 [ 4.46154787e-01  7.47758816e-01  4.91734337e-01 -5.37965461e+02]
 [ 0.00000000e+00  0.00000000e+00  0.00000000e+00  1.00000000e+00]]

[[ 8.93011014e-01 -4.17769462e-01 -1.67332022e-01 -6.64501893e+02]
 [ 7.98756419e-02  5.13051680e-01 -8.54633170e-01  9.42761252e+02]
 [ 4.42889615e-01  7.49831081e-01  4.91530405e-01 -5.35725586e+02]
 [ 0.00000000e+00  0.00000000e+00  0.00000000e+00  1.00000000e+00]]

[[ 8.90914178e-01 -4.20613945e-01 -1.71335451e-01 -6.63294856e+02]
 [ 8.05653199e-02  5.17627040e-01 -8.51804835e-01  9.40686152e+02]
 [ 4.46968854e-01  7.45081309e-01  4.95048166e-01 -5.39917401e+02]
 [ 0.00000000e+00  0.00000000e+00  0.00000000e+00  1.00000000e+00]]

[[ 8.89377039e-01 -4.29482206e-01 -1.56695621e-01 -6.63941527e+02]
 [ 9.92989641e-02  5.16038435e-01 -8.50790250e-01  9.25578603e+02]
 [ 4.46260236e-01  7.41113600e-01  5.01599874e-01 -5.40133550e+02]
 [ 0.00000000e+00  0.00000000e+00  0.00000000e+00  1.00000000e+00]]

[[ 8.90811229e-01 -4.20640148e-01 -1.71805763e-01 -6.63834379e+02]
 [ 8.17747240e-02  5.20360591e-01 -8.50022205e-01  9.36878104e+02]
 [ 4.46954415e-01  7.43159956e-01  4.97940790e-01 -5.40773838e+02]
 [ 0.00000000e+00  0.00000000e+00  0.00000000e+00  1.00000000e+00]]

[[ 9.21765351e-01 -3.52180379e-01 -1.62227060e-01 -6.91273418e+02]
 [ 7.89793785e-02  5.80141153e-01 -8.10677803e-01  9.23860998e+02]
 [ 3.79619410e-01  7.34442117e-01  5.62569001e-01 -5.09216017e+02]
 [ 0.00000000e+00  0.00000000e+00  0.00000000e+00  1.00000000e+00]]

[[ 8.95268448e-01 -4.12658191e-01 -1.67951253e-01 -6.67638341e+02]
 [ 8.35049268e-02  5.25711580e-01 -8.46554346e-01  9.35223529e+02]
 [ 4.37631504e-01  7.43868639e-01  5.05111983e-01 -5.35662122e+02]
 [ 0.00000000e+00  0.00000000e+00  0.00000000e+00  1.00000000e+00]]

[[ 8.87556168e-01 -4.42004993e-01 -1.29906254e-01 -6.65416322e+02]
 [ 1.25912130e-01  5.03971880e-01 -8.54493113e-01  9.18998042e+02]
 [ 4.43159321e-01  7.42053860e-01  5.02957141e-01 -5.48356725e+02]
 [ 0.00000000e+00  0.00000000e+00  0.00000000e+00  1.00000000e+00]]

[[ 8.79862664e-01 -4.67218961e-01 -8.68800071e-02 -6.71434787e+02]
 [ 1.85838296e-01  5.06531891e-01 -8.41955801e-01  9.02510204e+02]
 [ 4.37385209e-01  7.24659842e-01  5.32505674e-01 -5.91367583e+02]
 [ 0.00000000e+00  0.00000000e+00  0.00000000e+00  1.00000000e+00]]

[[ 8.77996768e-01 -4.60951161e-01 -1.29018225e-01 -6.66007098e+02]
 [ 1.46701250e-01  5.15694610e-01 -8.44119549e-01  9.31295201e+02]
 [ 4.55631889e-01  7.22207101e-01  5.20400313e-01 -6.07959374e+02]
 [ 0.00000000e+00  0.00000000e+00  0.00000000e+00  1.00000000e+00]]

[[ 8.84683972e-01 -4.49085485e-01 -1.25125926e-01 -6.72330148e+02]
 [ 1.50350775e-01  5.28908142e-01 -8.35254944e-01  9.24164454e+02]
 [ 4.41280993e-01  7.20123881e-01  5.35436907e-01 -6.00511148e+02]
 [ 0.00000000e+00  0.00000000e+00  0.00000000e+00  1.00000000e+00]]

[[ 8.77082821e-01 -4.65867411e-01 -1.17018294e-01 -6.66101293e+02]
 [ 1.64232395e-01  5.19781733e-01 -8.38364283e-01  9.22261386e+02]
 [ 4.51390569e-01  7.16096715e-01  5.32402149e-01 -6.07952706e+02]
 [ 0.00000000e+00  0.00000000e+00  0.00000000e+00  1.00000000e+00]]

[[ 8.79224042e-01 -4.61275347e-01 -1.19122366e-01 -6.68323571e+02]
 [ 1.57585461e-01  5.17557015e-01 -8.41012223e-01  9.24998128e+02]
 [ 4.49590822e-01  7.20666213e-01  5.27738858e-01 -6.06257713e+02]
 [ 0.00000000e+00  0.00000000e+00  0.00000000e+00  1.00000000e+00]]

[[ 8.82337426e-01 -4.54016632e-01 -1.23893356e-01 -6.70374045e+02]
 [ 1.47895236e-01  5.17420523e-01 -8.42854081e-01  9.31757920e+02]
 [ 4.46774737e-01  7.25358463e-01  5.23686390e-01 -6.03511348e+02]
 [ 0.00000000e+00  0.00000000e+00  0.00000000e+00  1.00000000e+00]]

[[ 8.79567369e-01 -4.59548329e-01 -1.23193250e-01 -6.67280572e+02]
 [ 1.48612002e-01  5.11346447e-01 -8.46427365e-01  9.33270928e+02]
 [ 4.51968712e-01  7.26181895e-01  5.18058046e-01 -6.04294918e+02]
 [ 0.00000000e+00  0.00000000e+00  0.00000000e+00  1.00000000e+00]]

[[ 8.79406402e-01 -4.60166688e-01 -1.22028686e-01 -6.67885532e+02]
 [ 1.52381258e-01  5.14915726e-01 -8.43588613e-01  9.28480269e+02]
 [ 4.51025867e-01  7.23262342e-01  5.22940964e-01 -6.04477343e+02]
 [ 0.00000000e+00  0.00000000e+00  0.00000000e+00  1.00000000e+00]]

[[ 8.65551613e-01 -4.92109213e-01 -9.29996103e-02 -6.58980606e+02]
 [ 2.11788449e-01  5.27935074e-01 -8.22453774e-01  8.65951188e+02]
 [ 4.53834836e-01  6.92179948e-01  5.61178102e-01 -5.91856604e+02]
 [ 0.00000000e+00  0.00000000e+00  0.00000000e+00  1.00000000e+00]]

[[ 8.87364031e-01 -4.27610373e-01 -1.72436786e-01 -6.63400874e+02]
 [ 9.06697919e-02  5.28528068e-01 -8.44059874e-01  9.19634846e+02]
 [ 4.52066439e-01  7.33353565e-01  5.07768140e-01 -5.42829534e+02]
 [ 0.00000000e+00  0.00000000e+00  0.00000000e+00  1.00000000e+00]]

[[ 8.89801595e-01 -4.18736085e-01 -1.81419992e-01 -6.60442187e+02]
 [ 6.15923934e-02  5.04107075e-01 -8.61442067e-01  9.35973868e+02]
 [ 4.52171980e-01  7.55338433e-01  4.74346237e-01 -5.24069998e+02]
 [ 0.00000000e+00  0.00000000e+00  0.00000000e+00  1.00000000e+00]]

[[ 8.89612582e-01 -4.22007953e-01 -1.74638888e-01 -6.59341588e+02]
 [ 7.19459438e-02  5.07095202e-01 -8.58881969e-01  9.33112184e+02]
 [ 4.51013564e-01  7.51507647e-01  4.81480033e-01 -5.22754051e+02]
 [ 0.00000000e+00  0.00000000e+00  0.00000000e+00  1.00000000e+00]]

[[ 8.88893687e-01 -4.19752305e-01 -1.83510262e-01 -6.58625862e+02]
 [ 6.15735773e-02  5.06412347e-01 -8.60090245e-01  9.38114631e+02]
 [ 4.53956725e-01  7.53229405e-01  4.75992389e-01 -5.23865542e+02]
 [ 0.00000000e+00  0.00000000e+00  0.00000000e+00  1.00000000e+00]]

[[ 8.87599301e-01 -4.18836601e-01 -1.91685634e-01 -6.57326121e+02]
 [ 5.07438839e-02  5.02530508e-01 -8.63069028e-01  9.42873178e+02]
 [ 4.57812777e-01  7.56332592e-01  4.67299123e-01 -5.24474108e+02]
 [ 0.00000000e+00  0.00000000e+00  0.00000000e+00  1.00000000e+00]]

[[ 8.86777039e-01 -4.10011225e-01 -2.13347790e-01 -6.52003681e+02]
 [ 2.89607902e-02  5.09978200e-01 -8.59699661e-01  9.36027863e+02]
 [ 4.61289233e-01  7.56183199e-01  4.64111207e-01 -5.00246963e+02]
 [ 0.00000000e+00  0.00000000e+00  0.00000000e+00  1.00000000e+00]]

[[ 8.94201831e-01 -3.95692184e-01 -2.09358020e-01 -6.54936033e+02]
 [ 1.88806878e-02  5.00587053e-01 -8.65480284e-01  9.40158157e+02]
 [ 4.47265698e-01  7.69961231e-01  4.55096800e-01 -4.83484506e+02]
 [ 0.00000000e+00  0.00000000e+00  0.00000000e+00  1.00000000e+00]]

[[ 8.92409540e-01 -4.00704180e-01 -2.07464147e-01 -6.54415832e+02]
 [ 2.79755317e-02  5.08027414e-01 -8.60886471e-01  9.32602604e+02]
 [ 4.50358282e-01  7.62459380e-01  4.64578424e-01 -4.87062045e+02]
 [ 0.00000000e+00  0.00000000e+00  0.00000000e+00  1.00000000e+00]]

[[ 8.93877138e-01 -4.00580203e-01 -2.01293725e-01 -6.54617996e+02]
 [ 3.02886340e-02  5.01939490e-01 -8.64372227e-01  9.34513494e+02]
 [ 4.47287672e-01  7.66545660e-01  4.60805262e-01 -4.83486939e+02]
 [ 0.00000000e+00  0.00000000e+00  0.00000000e+00  1.00000000e+00]]

[[ 8.89847621e-01 -4.03579689e-01 -2.12825389e-01 -6.51371325e+02]
 [ 1.92240469e-02  4.99208530e-01 -8.66268595e-01  9.34623783e+02]
 [ 4.55852660e-01  7.66755683e-01  4.51977958e-01 -4.84661273e+02]
 [ 0.00000000e+00  0.00000000e+00  0.00000000e+00  1.00000000e+00]]

[[ 8.89753986e-01 -3.91987077e-01 -2.33846052e-01 -6.46599621e+02]
 [-1.89790137e-02  4.80110213e-01 -8.77002839e-01  9.50319448e+02]
 [ 4.56045657e-01  7.84754940e-01  4.19740448e-01 -4.62678158e+02]
 [ 0.00000000e+00  0.00000000e+00  0.00000000e+00  1.00000000e+00]]

[[ 8.92576922e-01 -3.98523138e-01 -2.10916446e-01 -6.48871402e+02]
 [ 1.44265841e-02  4.92774506e-01 -8.70037447e-01  9.28523804e+02]
 [ 4.50664301e-01  7.73532543e-01  4.45588479e-01 -4.62199655e+02]
 [ 0.00000000e+00  0.00000000e+00  0.00000000e+00  1.00000000e+00]]

[[ 8.95920658e-01 -3.82275040e-01 -2.26256423e-01 -6.51918519e+02]
 [-4.27079913e-03  5.01904790e-01 -8.64912332e-01  9.35771849e+02]
 [ 4.44193579e-01  7.75859121e-01  4.48034249e-01 -4.57580763e+02]
 [ 0.00000000e+00  0.00000000e+00  0.00000000e+00  1.00000000e+00]]

[[ 8.91370154e-01 -3.84812596e-01 -2.39538126e-01 -6.47914880e+02]
 [-1.91964051e-02  4.95937439e-01 -8.68146044e-01  9.48786048e+02]
 [ 4.52869458e-01  7.78437745e-01  4.34676813e-01 -4.61423548e+02]
 [ 0.00000000e+00  0.00000000e+00  0.00000000e+00  1.00000000e+00]]

[[ 8.90003738e-01 -3.90244385e-01 -2.35802176e-01 -6.47012605e+02]
 [-6.65153637e-03  5.05995597e-01 -8.62510413e-01  9.41893242e+02]
 [ 4.55904709e-01  7.69205939e-01  4.47742248e-01 -4.63255264e+02]
 [ 0.00000000e+00  0.00000000e+00  0.00000000e+00  1.00000000e+00]]

[[ 8.91032188e-01 -3.95045168e-01 -2.23608933e-01 -6.47632598e+02]
 [-1.21310539e-04  4.92388409e-01 -8.70375574e-01  9.38207844e+02]
 [ 4.53940112e-01  7.75559778e-01  4.38685998e-01 -4.63371372e+02]
 [ 0.00000000e+00  0.00000000e+00  0.00000000e+00  1.00000000e+00]]

[[ 8.92725903e-01 -3.92152942e-01 -2.21938128e-01 -6.49096765e+02]
 [ 3.31899560e-03  4.98248293e-01 -8.67028040e-01  9.35735615e+02]
 [ 4.50587890e-01  7.73281778e-01  4.46100711e-01 -4.62888085e+02]
 [ 0.00000000e+00  0.00000000e+00  0.00000000e+00  1.00000000e+00]]

[[ 8.77723452e-01 -4.28314224e-01 -2.14821942e-01 -6.56723329e+02]
 [ 1.20836668e-02  4.67966016e-01 -8.83663846e-01  9.34032542e+02]
 [ 4.79015163e-01  7.73016645e-01  4.15920353e-01 -4.63616256e+02]
 [ 0.00000000e+00  0.00000000e+00  0.00000000e+00  1.00000000e+00]]

[[ 8.52061012e-01 -4.77796618e-01 -2.13781250e-01 -6.77486480e+02]
 [ 2.21154351e-02  4.40909624e-01 -8.97279004e-01  9.29067349e+02]
 [ 5.22975084e-01  7.59808591e-01  3.86248581e-01 -4.70185597e+02]
 [ 0.00000000e+00  0.00000000e+00  0.00000000e+00  1.00000000e+00]]

[[ 8.58789929e-01 -4.73075203e-01 -1.96671578e-01 -6.87192094e+02]
 [ 3.47578509e-02  4.36792874e-01 -8.98890359e-01  9.22162928e+02]
 [ 5.11147483e-01  7.65122106e-01  3.91556399e-01 -4.60396923e+02]
 [ 0.00000000e+00  0.00000000e+00  0.00000000e+00  1.00000000e+00]]

[[ 8.51043867e-01 -4.87397194e-01 -1.95367121e-01 -6.83455369e+02]
 [ 3.22990142e-02  4.19946532e-01 -9.06973916e-01  9.20354248e+02]
 [ 5.24100287e-01  7.65564423e-01  3.73135369e-01 -4.66851471e+02]
 [ 0.00000000e+00  0.00000000e+00  0.00000000e+00  1.00000000e+00]]

[[ 8.52769620e-01 -4.87619906e-01 -1.87111737e-01 -6.83798509e+02]
 [ 4.20684554e-02  4.21218901e-01 -9.05982827e-01  9.16769849e+02]
 [ 5.20590261e-01  7.64723129e-01  3.79716098e-01 -4.65102794e+02]
 [ 0.00000000e+00  0.00000000e+00  0.00000000e+00  1.00000000e+00]]

[[ 8.54214090e-01 -4.83205586e-01 -1.91913131e-01 -6.84886904e+02]
 [ 4.08906635e-02  4.30413904e-01 -9.01704955e-01  9.18435493e+02]
 [ 5.18310951e-01  7.62401622e-01  3.87424218e-01 -4.65277322e+02]
 [ 0.00000000e+00  0.00000000e+00  0.00000000e+00  1.00000000e+00]]

[[ 8.54424495e-01 -4.81131774e-01 -1.96140252e-01 -6.83805219e+02]
 [ 2.49248106e-02  4.15021567e-01 -9.09470095e-01  9.31511749e+02]
 [ 5.18977395e-01  7.72184767e-01  3.66596711e-01 -4.64292024e+02]
 [ 0.00000000e+00  0.00000000e+00  0.00000000e+00  1.00000000e+00]]

[[ 8.52992780e-01 -4.85942762e-01 -1.90428332e-01 -6.83190941e+02]
 [ 3.75854760e-02  4.21104331e-01 -9.06233124e-01  9.22720633e+02]
 [ 5.20567623e-01  7.65852972e-01  3.77463344e-01 -4.65445429e+02]
 [ 0.00000000e+00  0.00000000e+00  0.00000000e+00  1.00000000e+00]]

[[ 8.57371203e-01 -4.76313505e-01 -1.95038625e-01 -6.82931015e+02]
 [ 3.30251275e-02  4.29066396e-01 -9.02669025e-01  9.25032867e+02]
 [ 5.13637968e-01  7.67481252e-01  3.83599486e-01 -4.61798598e+02]
 [ 0.00000000e+00  0.00000000e+00  0.00000000e+00  1.00000000e+00]]

[[ 8.79114484e-01 -4.28743380e-01 -2.08175019e-01 -6.69213717e+02]
 [ 2.67987883e-02  4.80557372e-01 -8.76553728e-01  9.20964666e+02]
 [ 4.75856648e-01  7.65012240e-01  4.33954749e-01 -4.59629983e+02]
 [ 0.00000000e+00  0.00000000e+00  0.00000000e+00  1.00000000e+00]]

[[ 8.99046691e-01 -3.81848958e-01 -2.14257838e-01 -6.50070907e+02]
 [ 1.80310026e-02  5.21210271e-01 -8.53237796e-01  9.17437708e+02]
 [ 4.37481350e-01  7.63237333e-01  4.75477489e-01 -4.60997337e+02]
 [ 0.00000000e+00  0.00000000e+00  0.00000000e+00  1.00000000e+00]]

[[ 8.99375052e-01 -3.79140686e-01 -2.17662252e-01 -6.44430878e+02]
 [ 1.45737859e-03  5.00477650e-01 -8.65748230e-01  9.37980387e+02]
 [ 4.37175471e-01  7.78315143e-01  4.50669664e-01 -4.58417752e+02]
 [ 0.00000000e+00  0.00000000e+00  0.00000000e+00  1.00000000e+00]]

[[ 9.00623314e-01 -3.72051487e-01 -2.24622654e-01 -6.46289603e+02]
 [-8.16669791e-03  5.02269132e-01 -8.64672784e-01  9.40642558e+02]
 [ 4.34523820e-01  7.80578894e-01  4.49316859e-01 -4.57610898e+02]
 [ 0.00000000e+00  0.00000000e+00  0.00000000e+00  1.00000000e+00]]

[[ 9.00724525e-01 -3.72243859e-01 -2.23896941e-01 -6.46963749e+02]
 [-1.31546795e-03  5.13087703e-01 -8.58335179e-01  9.35883950e+02]
 [ 4.34388767e-01  7.73418075e-01  4.61661002e-01 -4.58736422e+02]
 [ 0.00000000e+00  0.00000000e+00  0.00000000e+00  1.00000000e+00]]

[[ 8.99338122e-01 -3.74553446e-01 -2.25611745e-01 -6.46756437e+02]
 [ 4.31154899e-04  5.16733652e-01 -8.56146101e-01  9.31568499e+02]
 [ 4.37253653e-01  7.69867553e-01  4.64879762e-01 -4.60591933e+02]
 [ 0.00000000e+00  0.00000000e+00  0.00000000e+00  1.00000000e+00]]

[[ 8.99800054e-01 -3.74208950e-01 -2.24337969e-01 -6.45815950e+02]
 [-1.36559804e-03  5.11761874e-01 -8.59126254e-01  9.37470433e+02]
 [ 4.36300353e-01  7.73348205e-01  4.59972343e-01 -4.59743535e+02]
 [ 0.00000000e+00  0.00000000e+00  0.00000000e+00  1.00000000e+00]]

[[ 8.94522742e-01 -3.77927640e-01 -2.38746231e-01 -6.43505045e+02]
 [ 8.45442977e-04  5.35510426e-01 -8.44528193e-01  9.33885910e+02]
 [ 4.47021643e-01  7.55247829e-01  4.79345771e-01 -4.69659041e+02]
 [ 0.00000000e+00  0.00000000e+00  0.00000000e+00  1.00000000e+00]]

[[ 8.97289002e-01 -3.77820689e-01 -2.28306754e-01 -6.45694946e+02]
 [ 1.66404764e-02  5.45763577e-01 -8.37773963e-01  9.32451776e+02]
 [ 4.41129847e-01  7.47926230e-01  4.95994771e-01 -4.82138016e+02]
 [ 0.00000000e+00  0.00000000e+00  0.00000000e+00  1.00000000e+00]]

[[ 9.02204686e-01 -3.82264352e-01 -1.99751519e-01 -6.47274295e+02]
 [ 3.61798930e-02  5.28572237e-01 -8.48116976e-01  9.30115740e+02]
 [ 4.29787993e-01  7.57948122e-01  4.90710633e-01 -4.77083239e+02]
 [ 0.00000000e+00  0.00000000e+00  0.00000000e+00  1.00000000e+00]]

[[ 9.04235924e-01 -3.79133731e-01 -1.96507016e-01 -6.48630976e+02]
 [ 3.78521977e-02  5.29517590e-01 -8.47454030e-01  9.28589716e+02]
 [ 4.25352330e-01  7.58860156e-01  4.93159872e-01 -4.74689592e+02]
 [ 0.00000000e+00  0.00000000e+00  0.00000000e+00  1.00000000e+00]]

[[ 9.04632799e-01 -3.80693196e-01 -1.91604250e-01 -6.49271343e+02]
 [ 4.56317589e-02  5.33506034e-01 -8.44564417e-01  9.23402127e+02]
 [ 4.23741951e-01  7.55277434e-01  4.99998758e-01 -4.74344939e+02]
 [ 0.00000000e+00  0.00000000e+00  0.00000000e+00  1.00000000e+00]]

[[ 9.00046782e-01 -3.75461318e-01 -2.21234238e-01 -6.46435768e+02]
 [ 1.91582940e-02  5.41257789e-01 -8.40638427e-01  9.44088179e+02]
 [ 4.35371967e-01  7.52375441e-01  4.94350530e-01 -4.88236282e+02]
 [ 0.00000000e+00  0.00000000e+00  0.00000000e+00  1.00000000e+00]]

[[ 9.09165225e-01 -3.65641291e-01 -1.99311416e-01 -6.56359264e+02]
 [ 5.01333595e-02  5.71233201e-01 -8.19255318e-01  9.29487805e+02]
 [ 4.13406870e-01  7.34846295e-01  5.37676187e-01 -4.91422884e+02]
 [ 0.00000000e+00  0.00000000e+00  0.00000000e+00  1.00000000e+00]]

[[ 9.17478057e-01 -3.49469504e-01 -1.90013368e-01 -6.64726486e+02]
 [ 5.00992531e-02  5.75389692e-01 -8.16343535e-01  9.40088347e+02]
 [ 3.94618903e-01  7.39457753e-01  5.45415578e-01 -4.94824960e+02]
 [ 0.00000000e+00  0.00000000e+00  0.00000000e+00  1.00000000e+00]]

[[ 9.23042398e-01 -3.53216698e-01 -1.52416192e-01 -6.74360885e+02]
 [ 9.89432539e-02  6.00844292e-01 -7.93218992e-01  9.15329636e+02]
 [ 3.71756592e-01  7.17094206e-01  5.89553166e-01 -4.98824892e+02]
 [ 0.00000000e+00  0.00000000e+00  0.00000000e+00  1.00000000e+00]]

[[ 9.25094686e-01 -3.49229979e-01 -1.49124925e-01 -6.78670282e+02]
 [ 1.09381484e-01  6.21124561e-01 -7.76041217e-01  9.17748856e+02]
 [ 3.63642012e-01  7.01600100e-01  6.12798324e-01 -5.05927401e+02]
 [ 0.00000000e+00  0.00000000e+00  0.00000000e+00  1.00000000e+00]]

[[ 9.26861571e-01 -3.48446050e-01 -1.39688863e-01 -6.79543082e+02]
 [ 1.04869254e-01  5.97616622e-01 -7.94894215e-01  9.29164331e+02]
 [ 3.60458136e-01  7.22107834e-01  5.90449158e-01 -5.05856760e+02]
 [ 0.00000000e+00  0.00000000e+00  0.00000000e+00  1.00000000e+00]]

[[ 9.26260100e-01 -3.52719192e-01 -1.32783274e-01 -6.79722877e+02]
 [ 1.13603921e-01  5.97230180e-01 -7.93983791e-01  9.22684187e+02]
 [ 3.59355501e-01  7.20350806e-01  5.93260770e-01 -5.04224696e+02]
 [ 0.00000000e+00  0.00000000e+00  0.00000000e+00  1.00000000e+00]]

[[ 9.25892333e-01 -3.48029018e-01 -1.46966628e-01 -6.77820250e+02]
 [ 9.54333978e-02  5.91869779e-01 -8.00364061e-01  9.35768727e+02]
 [ 3.65535024e-01  7.27025424e-01  5.81221283e-01 -5.06478272e+02]
 [ 0.00000000e+00  0.00000000e+00  0.00000000e+00  1.00000000e+00]]

[[ 9.29365423e-01 -3.44478165e-01 -1.32720398e-01 -6.82776309e+02]
 [ 1.10680151e-01  6.02987713e-01 -7.90035267e-01  9.20809011e+02]
 [ 3.52178669e-01  7.19541946e-01  5.98522826e-01 -5.01076953e+02]
 [ 0.00000000e+00  0.00000000e+00  0.00000000e+00  1.00000000e+00]]

[[ 9.27047966e-01 -3.49151561e-01 -1.36657442e-01 -6.79548648e+02]
 [ 1.04995093e-01  5.91637068e-01 -7.99338232e-01  9.29093519e+02]
 [ 3.59941800e-01  7.26676522e-01  5.85135141e-01 -5.04212384e+02]
 [ 0.00000000e+00  0.00000000e+00  0.00000000e+00  1.00000000e+00]]

[[ 9.32304223e-01 -3.34877945e-01 -1.36622098e-01 -6.79842083e+02]
 [ 9.41244205e-02  5.89383463e-01 -8.02351374e-01  9.28377297e+02]
 [ 3.49212584e-01  7.35176098e-01  5.81004884e-01 -4.87518981e+02]
 [ 0.00000000e+00  0.00000000e+00  0.00000000e+00  1.00000000e+00]]

[[ 9.28608672e-01 -3.36172584e-01 -1.57079369e-01 -6.74934533e+02]
 [ 7.06345043e-02  5.75733090e-01 -8.14580982e-01  9.28962124e+02]
 [ 3.64275584e-01  7.45331741e-01  5.58376124e-01 -4.84686470e+02]
 [ 0.00000000e+00  0.00000000e+00  0.00000000e+00  1.00000000e+00]]

[[ 9.27615410e-01 -3.41710360e-01 -1.50876374e-01 -6.70771947e+02]
 [ 6.20972860e-02  5.39361925e-01 -8.39781306e-01  9.31838898e+02]
 [ 3.68338944e-01  7.69625067e-01  5.21539719e-01 -4.71289610e+02]
 [ 0.00000000e+00  0.00000000e+00  0.00000000e+00  1.00000000e+00]]

[[ 9.22266028e-01 -3.48800967e-01 -1.66623104e-01 -6.64115863e+02]
 [ 5.20824394e-02  5.39239626e-01 -8.40540329e-01  9.27490900e+02]
 [ 3.83031060e-01  7.66523653e-01  5.15488794e-01 -4.66790812e+02]
 [ 0.00000000e+00  0.00000000e+00  0.00000000e+00  1.00000000e+00]]

[[ 9.15528945e-01 -3.58956681e-01 -1.81540221e-01 -6.56974139e+02]
 [ 3.15380843e-02  5.13975262e-01 -8.57225046e-01  9.31852409e+02]
 [ 4.01013840e-01  7.79088912e-01  4.81880035e-01 -4.63241705e+02]
 [ 0.00000000e+00  0.00000000e+00  0.00000000e+00  1.00000000e+00]]

[[ 9.08294383e-01 -3.71938467e-01 -1.91476085e-01 -6.51923466e+02]
 [ 3.35964217e-02  5.21091100e-01 -8.52839578e-01  9.17597714e+02]
 [ 4.16980328e-01  7.68196487e-01  4.85799920e-01 -4.59433629e+02]
 [ 0.00000000e+00  0.00000000e+00  0.00000000e+00  1.00000000e+00]]

[[ 8.96433323e-01 -3.85780516e-01 -2.18129986e-01 -6.42637940e+02]
 [ 9.39802957e-03  5.08631292e-01 -8.60933149e-01  9.35881064e+02]
 [ 4.43078971e-01  7.69719171e-01  4.59579616e-01 -4.67620332e+02]
 [ 0.00000000e+00  0.00000000e+00  0.00000000e+00  1.00000000e+00]]

[[ 8.99812927e-01 -3.78575588e-01 -2.16834545e-01 -6.45695745e+02]
 [ 8.31707544e-03  5.11807203e-01 -8.59060075e-01  9.34401087e+02]
 [ 4.36196655e-01  7.71189932e-01  4.63679379e-01 -4.63952849e+02]
 [ 0.00000000e+00  0.00000000e+00  0.00000000e+00  1.00000000e+00]]

[[ 8.97174993e-01 -3.85591558e-01 -2.15397731e-01 -6.43199680e+02]
 [ 1.12450652e-02  5.07467029e-01 -8.61597797e-01  9.34930512e+02]
 [ 4.41532083e-01  7.70581836e-01  4.59622730e-01 -4.66778644e+02]
 [ 0.00000000e+00  0.00000000e+00  0.00000000e+00  1.00000000e+00]]

[[ 9.01364948e-01 -3.76231490e-01 -2.14455348e-01 -6.48370517e+02]
 [ 3.73189276e-03  5.01938783e-01 -8.64895098e-01  9.41944918e+02]
 [ 4.33044228e-01  7.78785801e-01  4.53834081e-01 -4.60824152e+02]
 [ 0.00000000e+00  0.00000000e+00  0.00000000e+00  1.00000000e+00]]

[[ 9.08227179e-01 -3.83018184e-01 -1.68583696e-01 -6.74946090e+02]
 [ 7.27544536e-02  5.41235658e-01 -8.37717585e-01  9.00718326e+02]
 [ 4.12104575e-01  7.48572664e-01  5.19431214e-01 -4.61347626e+02]
 [ 0.00000000e+00  0.00000000e+00  0.00000000e+00  1.00000000e+00]]

[[ 8.96206366e-01 -4.10027126e-01 -1.69386851e-01 -6.77180835e+02]
 [ 7.91058227e-02  5.23392151e-01 -8.48412002e-01  9.17858729e+02]
 [ 4.36527683e-01  7.46952751e-01  5.01502911e-01 -4.83487872e+02]
 [ 0.00000000e+00  0.00000000e+00  0.00000000e+00  1.00000000e+00]]

[[ 9.02282595e-01 -3.99169127e-01 -1.62942097e-01 -6.82982348e+02]
 [ 9.15907851e-02  5.46763999e-01 -8.32262132e-01  9.06522051e+02]
 [ 4.21304222e-01  7.36011642e-01  5.29895854e-01 -4.77864019e+02]
 [ 0.00000000e+00  0.00000000e+00  0.00000000e+00  1.00000000e+00]]

[[ 8.99148349e-01 -4.00996329e-01 -1.75311697e-01 -6.78806107e+02]
 [ 7.40653167e-02  5.34228752e-01 -8.42089051e-01  9.23212094e+02]
 [ 4.31331167e-01  7.44178463e-01  5.10050820e-01 -4.81588935e+02]
 [ 0.00000000e+00  0.00000000e+00  0.00000000e+00  1.00000000e+00]]

[[ 9.02048111e-01 -3.95342848e-01 -1.73243293e-01 -6.80315498e+02]
 [ 7.24925684e-02  5.34423220e-01 -8.42102517e-01  9.25119753e+02]
 [ 4.25504446e-01  7.47058134e-01  5.10734874e-01 -4.77757752e+02]
 [ 0.00000000e+00  0.00000000e+00  0.00000000e+00  1.00000000e+00]]

[[ 8.98155916e-01 -4.02712183e-01 -1.76462032e-01 -6.78108530e+02]
 [ 7.09278769e-02  5.28795573e-01 -8.45780396e-01  9.23462438e+02]
 [ 4.33918411e-01  7.47126588e-01  5.03504393e-01 -4.82658107e+02]
 [ 0.00000000e+00  0.00000000e+00  0.00000000e+00  1.00000000e+00]]

[[ 9.00336755e-01 -4.00977116e-01 -1.69148101e-01 -6.79311062e+02]
 [ 7.72475138e-02  5.29747045e-01 -8.44630624e-01  9.21963132e+02]
 [ 4.28283258e-01  7.47385725e-01  5.07925220e-01 -4.78504068e+02]
 [ 0.00000000e+00  0.00000000e+00  0.00000000e+00  1.00000000e+00]]

[[ 8.97932209e-01 -4.04528299e-01 -1.73420310e-01 -6.77953515e+02]
 [ 7.56519470e-02  5.30007696e-01 -8.44611523e-01  9.22022481e+02]
 [ 4.33583362e-01  7.45284307e-01  5.06514334e-01 -4.82397385e+02]
 [ 0.00000000e+00  0.00000000e+00  0.00000000e+00  1.00000000e+00]]

[[ 8.99543584e-01 -3.99719373e-01 -1.76198079e-01 -6.78012860e+02]
 [ 6.68882298e-02  5.24636228e-01 -8.48694758e-01  9.30935622e+02]
 [ 4.31679632e-01  7.51652347e-01  4.98669675e-01 -4.79965143e+02]
 [ 0.00000000e+00  0.00000000e+00  0.00000000e+00  1.00000000e+00]]

[[ 8.97874232e-01 -3.95917282e-01 -1.92539266e-01 -6.68501887e+02]
 [ 5.60436037e-02  5.36568907e-01 -8.41993422e-01  9.28502796e+02]
 [ 4.36670331e-01  7.45213603e-01  5.03960027e-01 -4.80540094e+02]
 [ 0.00000000e+00  0.00000000e+00  0.00000000e+00  1.00000000e+00]]

[[ 8.93893670e-01 -3.88675400e-01 -2.23350710e-01 -6.32784941e+02]
 [ 2.24928576e-02  5.36501212e-01 -8.43599740e-01  9.03547590e+02]
 [ 4.47714393e-01  7.49064672e-01  4.88317458e-01 -4.57134229e+02]
 [ 0.00000000e+00  0.00000000e+00  0.00000000e+00  1.00000000e+00]]

[[ 9.00133644e-01 -3.66119156e-01 -2.36042766e-01 -6.14387805e+02]
 [-7.88446266e-03  5.28080653e-01 -8.49157618e-01  8.90517935e+02]
 [ 4.35542488e-01  7.66216411e-01  4.72456509e-01 -4.25201596e+02]
 [ 0.00000000e+00  0.00000000e+00  0.00000000e+00  1.00000000e+00]]

[[ 9.03538137e-01 -3.53369779e-01 -2.42381175e-01 -6.13390632e+02]
 [-2.95943040e-02  5.12829956e-01 -8.57979961e-01  9.02945861e+02]
 [ 4.27484517e-01  7.82390718e-01  4.52903691e-01 -4.15441008e+02]
 [ 0.00000000e+00  0.00000000e+00  0.00000000e+00  1.00000000e+00]]

[[ 9.05337437e-01 -3.65241955e-01 -2.16708190e-01 -6.13155990e+02]
 [-3.84493179e-03  5.03200298e-01 -8.64161256e-01  8.89115516e+02]
 [ 4.24675573e-01  7.83190765e-01  4.54161738e-01 -4.14771163e+02]
 [ 0.00000000e+00  0.00000000e+00  0.00000000e+00  1.00000000e+00]]

[[ 9.02506479e-01 -3.66675329e-01 -2.25900991e-01 -6.11366032e+02]
 [-1.70833707e-02  4.93634180e-01 -8.69501843e-01  8.96097726e+02]
 [ 4.30337325e-01  7.88590198e-01  4.39243995e-01 -4.16313119e+02]
 [ 0.00000000e+00  0.00000000e+00  0.00000000e+00  1.00000000e+00]]

[[ 8.99508507e-01 -3.63126328e-01 -2.42947969e-01 -6.10851316e+02]
 [-3.28188744e-02  4.98338496e-01 -8.66361163e-01  9.04790769e+02]
 [ 4.35668874e-01  7.87272515e-01  4.36342319e-01 -4.20807002e+02]
 [ 0.00000000e+00  0.00000000e+00  0.00000000e+00  1.00000000e+00]]

[[ 9.01827893e-01 -3.52625274e-01 -2.49723582e-01 -6.13323622e+02]
 [-3.91841172e-02  5.08814684e-01 -8.59983850e-01  9.06571560e+02]
 [ 4.30315066e-01  7.85342622e-01  4.45045964e-01 -4.17559699e+02]
 [ 0.00000000e+00  0.00000000e+00  0.00000000e+00  1.00000000e+00]]

[[ 8.97818624e-01 -3.62904830e-01 -2.49442985e-01 -6.09880239e+02]
 [-5.04642965e-02  4.77924826e-01 -8.76949950e-01  9.14441912e+02]
 [ 4.37464368e-01  7.99929962e-01  4.10776073e-01 -4.21558810e+02]
 [ 0.00000000e+00  0.00000000e+00  0.00000000e+00  1.00000000e+00]]

[[ 8.98384872e-01 -3.63982584e-01 -2.45807445e-01 -6.09888707e+02]
 [-3.71296471e-02  4.94716675e-01 -8.68260791e-01  9.08361458e+02]
 [ 4.37636848e-01  7.89159103e-01  4.30931432e-01 -4.21003072e+02]
 [ 0.00000000e+00  0.00000000e+00  0.00000000e+00  1.00000000e+00]]

[[ 9.00373778e-01 -3.63431296e-01 -2.39258759e-01 -6.11473494e+02]
 [-2.96024456e-02  4.97434364e-01 -8.66996395e-01  9.01643210e+02]
 [ 4.34109152e-01  7.87703464e-01  4.37118402e-01 -4.19004701e+02]
 [ 0.00000000e+00  0.00000000e+00  0.00000000e+00  1.00000000e+00]]

[[ 9.02116600e-01 -3.58053047e-01 -2.40797955e-01 -6.11864605e+02]
 [-2.10133029e-02  5.20941239e-01 -8.53333854e-01  8.85569504e+02]
 [ 4.30980372e-01  7.74866596e-01  4.62425862e-01 -4.24895721e+02]
 [ 0.00000000e+00  0.00000000e+00  0.00000000e+00  1.00000000e+00]]

[[ 8.96206726e-01 -3.60753965e-01 -2.58205500e-01 -6.05784608e+02]
 [-3.51014197e-02  5.22533592e-01 -8.51895848e-01  8.86613422e+02]
 [ 4.42245853e-01  7.72538169e-01  4.55635143e-01 -4.34945227e+02]
 [ 0.00000000e+00  0.00000000e+00  0.00000000e+00  1.00000000e+00]]

[[ 8.99131013e-01 -3.42331673e-01 -2.72713121e-01 -6.06215219e+02]
 [-4.91498151e-02  5.40174193e-01 -8.40116740e-01  9.02535583e+02]
 [ 4.34911160e-01  7.68778815e-01  4.68861831e-01 -4.24358978e+02]
 [ 0.00000000e+00  0.00000000e+00  0.00000000e+00  1.00000000e+00]]

[[ 8.95637438e-01 -3.61071622e-01 -2.59732290e-01 -6.02219939e+02]
 [-4.58231584e-02  5.05938182e-01 -8.61351725e-01  9.12856935e+02]
 [ 4.42418148e-01  7.83360606e-01  4.36591735e-01 -4.22473460e+02]
 [ 0.00000000e+00  0.00000000e+00  0.00000000e+00  1.00000000e+00]]

[[ 8.96155439e-01 -3.57536302e-01 -2.62817850e-01 -6.02748999e+02]
 [-5.58381521e-02  4.96709773e-01 -8.66118642e-01  9.17550098e+02]
 [ 4.40213051e-01  7.90852195e-01  4.25164998e-01 -4.21981236e+02]
 [ 0.00000000e+00  0.00000000e+00  0.00000000e+00  1.00000000e+00]]

[[ 8.98670827e-01 -3.53676170e-01 -2.59429974e-01 -6.04342792e+02]
 [-4.72850662e-02  5.09899625e-01 -8.58933347e-01  9.13140390e+02]
 [ 4.36067502e-01  7.84165505e-01  4.41508317e-01 -4.19920037e+02]
 [ 0.00000000e+00  0.00000000e+00  0.00000000e+00  1.00000000e+00]]

[[ 8.98049868e-01 -3.56605840e-01 -2.57563021e-01 -6.02653882e+02]
 [-5.80131420e-02  4.84387215e-01 -8.72928119e-01  9.23127832e+02]
 [ 4.36051499e-01  7.98875022e-01  4.14316049e-01 -4.19515806e+02]
 [ 0.00000000e+00  0.00000000e+00  0.00000000e+00  1.00000000e+00]]

[[ 8.98137007e-01 -3.59953149e-01 -2.52554245e-01 -6.03554219e+02]
 [-3.92642636e-02  5.06412487e-01 -8.61396953e-01  9.08324707e+02]
 [ 4.37959169e-01  7.83568838e-01  4.40694500e-01 -4.20684956e+02]
 [ 0.00000000e+00  0.00000000e+00  0.00000000e+00  1.00000000e+00]]

[[ 8.98782434e-01 -3.50703950e-01 -2.63052990e-01 -6.04968521e+02]
 [-5.23918897e-02  5.09809473e-01 -8.58690509e-01  9.13492852e+02]
 [ 4.35253060e-01  7.85557790e-01  4.39833757e-01 -4.18761784e+02]
 [ 0.00000000e+00  0.00000000e+00  0.00000000e+00  1.00000000e+00]]

[[ 8.97199050e-01 -3.59827926e-01 -2.56042433e-01 -6.03829399e+02]
 [-5.90119578e-02  4.76890445e-01 -8.76979528e-01  9.32563885e+02]
 [ 4.37665914e-01  8.01934765e-01  4.06631504e-01 -4.11387373e+02]
 [ 0.00000000e+00  0.00000000e+00  0.00000000e+00  1.00000000e+00]]

[[ 9.03271332e-01 -3.49030876e-01 -2.49556303e-01 -6.11452396e+02]
 [-4.17611499e-02  5.07345022e-01 -8.60730524e-01  9.24610470e+02]
 [ 4.27032676e-01  7.87894965e-01  4.43694284e-01 -4.01699405e+02]
 [ 0.00000000e+00  0.00000000e+00  0.00000000e+00  1.00000000e+00]]

[[ 8.98375516e-01 -3.57919110e-01 -2.54588574e-01 -6.10065128e+02]
 [-4.97575280e-02  4.92964016e-01 -8.68625735e-01  9.10644468e+02]
 [ 4.36400756e-01  7.93019791e-01  4.25057632e-01 -4.18693371e+02]
 [ 0.00000000e+00  0.00000000e+00  0.00000000e+00  1.00000000e+00]]

[[ 8.97143868e-01 -3.64216072e-01 -2.49959063e-01 -6.08535817e+02]
 [-3.50626155e-02  5.05354617e-01 -8.62199121e-01  9.08348934e+02]
 [ 4.40344743e-01  7.82280873e-01  4.40605428e-01 -4.23063422e+02]
 [ 0.00000000e+00  0.00000000e+00  0.00000000e+00  1.00000000e+00]]

[[ 9.00615285e-01 -3.57635452e-01 -2.46959495e-01 -6.11405021e+02]
 [-3.45074558e-02  5.07588303e-01 -8.60908445e-01  9.03065864e+02]
 [ 4.33245132e-01  7.83869248e-01  4.44800695e-01 -4.17975524e+02]
 [ 0.00000000e+00  0.00000000e+00  0.00000000e+00  1.00000000e+00]]

[[ 8.99107737e-01 -3.59285271e-01 -2.50038740e-01 -6.09722029e+02]
 [-4.20358297e-02  4.97710035e-01 -8.66324252e-01  9.10339622e+02]
 [ 4.35704334e-01  7.89429424e-01  4.32392089e-01 -4.20070320e+02]
 [ 0.00000000e+00  0.00000000e+00  0.00000000e+00  1.00000000e+00]]

[[ 9.00973056e-01 -3.59386163e-01 -2.43082573e-01 -6.11141434e+02]
 [-2.93819163e-02  5.08434579e-01 -8.60599199e-01  9.02738792e+02]
 [ 4.32879030e-01  7.82518923e-01  4.47526403e-01 -4.19232160e+02]
 [ 0.00000000e+00  0.00000000e+00  0.00000000e+00  1.00000000e+00]]

[[ 8.95019348e-01 -3.73222099e-01 -2.44224553e-01 -6.06213918e+02]
 [-3.96307957e-02  4.78845323e-01 -8.77004308e-01  9.10849545e+02]
 [ 4.44263173e-01  7.94614637e-01  4.13784740e-01 -4.24681642e+02]
 [ 0.00000000e+00  0.00000000e+00  0.00000000e+00  1.00000000e+00]]

[[ 9.01547332e-01 -3.63114468e-01 -2.35287680e-01 -6.11848158e+02]
 [-2.10968224e-02  5.06253538e-01 -8.62126603e-01  8.99160520e+02]
 [ 4.32165863e-01  7.82211761e-01  4.48750965e-01 -4.13747581e+02]
 [ 0.00000000e+00  0.00000000e+00  0.00000000e+00  1.00000000e+00]]

[[ 8.98934777e-01 -3.65999160e-01 -2.40750662e-01 -6.11452043e+02]
 [-4.86837298e-02  4.62691213e-01 -8.85181753e-01  9.21560882e+02]
 [ 4.35368994e-01  8.07441302e-01  3.98111018e-01 -4.09529322e+02]
 [ 0.00000000e+00  0.00000000e+00  0.00000000e+00  1.00000000e+00]]

[[ 8.96931409e-01 -3.58597790e-01 -2.58692237e-01 -6.14008045e+02]
 [-6.02441106e-02  4.80489486e-01 -8.74928855e-01  9.28385873e+02]
 [ 4.38046453e-01  8.00335854e-01  4.09362707e-01 -4.09245926e+02]
 [ 0.00000000e+00  0.00000000e+00  0.00000000e+00  1.00000000e+00]]

[[ 8.98558924e-01 -3.62654913e-01 -2.47130074e-01 -6.15335366e+02]
 [-3.70744863e-02  4.98383970e-01 -8.66163323e-01  9.05752426e+02]
 [ 4.37284051e-01  7.87461004e-01  4.34382119e-01 -4.18937775e+02]
 [ 0.00000000e+00  0.00000000e+00  0.00000000e+00  1.00000000e+00]]

[[ 8.96558848e-01 -3.69615893e-01 -2.44062133e-01 -6.13566536e+02]
 [-3.94081739e-02  4.82272187e-01 -8.75134580e-01  9.09614329e+02]
 [ 4.41168027e-01  7.94227694e-01  4.17819509e-01 -4.24152495e+02]
 [ 0.00000000e+00  0.00000000e+00  0.00000000e+00  1.00000000e+00]]

[[ 8.97400192e-01 -3.61429969e-01 -2.53063773e-01 -6.14631168e+02]
 [-4.69803786e-02  4.92022469e-01 -8.69313944e-01  9.13270828e+02]
 [ 4.38709174e-01  7.92011532e-01  4.24560941e-01 -4.21560113e+02]
 [ 0.00000000e+00  0.00000000e+00  0.00000000e+00  1.00000000e+00]]

[[ 8.98830413e-01 -3.62424704e-01 -2.46479660e-01 -6.16326949e+02]
 [-3.64266238e-02  4.98642542e-01 -8.66041983e-01  9.03189508e+02]
 [ 4.36780254e-01  7.87403295e-01  4.34993174e-01 -4.20687446e+02]
 [ 0.00000000e+00  0.00000000e+00  0.00000000e+00  1.00000000e+00]]

[[ 8.98181734e-01 -3.59202804e-01 -2.53461868e-01 -6.15595119e+02]
 [-4.40549481e-02  5.00097807e-01 -8.64847585e-01  9.08281133e+02]
 [ 4.37411402e-01  7.87956553e-01  4.33354054e-01 -4.20026040e+02]
 [ 0.00000000e+00  0.00000000e+00  0.00000000e+00  1.00000000e+00]]

[[ 6.18102521e-01 -7.74597213e-01  1.33971755e-01 -4.26128128e+02]
 [ 7.25827622e-01  4.96918596e-01 -4.75653415e-01  5.22889790e+02]
 [ 3.01866753e-01  3.91242976e-01  8.69370690e-01 -3.09799481e+02]
 [ 0.00000000e+00  0.00000000e+00  0.00000000e+00  1.00000000e+00]]

[[ 8.99057168e-01 -3.56303201e-01 -2.54448891e-01 -6.13766966e+02]
 [-2.77960590e-02  5.33536055e-01 -8.45320446e-01  8.91396830e+02]
 [ 4.36948039e-01  7.67064083e-01  4.69775590e-01 -4.31568566e+02]
 [ 0.00000000e+00  0.00000000e+00  0.00000000e+00  1.00000000e+00]]

[[ 8.98383543e-01 -3.68217652e-01 -2.39421741e-01 -6.10668997e+02]
 [-2.94767933e-02  4.93340412e-01 -8.69336734e-01  9.00207421e+02]
 [ 4.38221551e-01  7.88055200e-01  4.32355031e-01 -4.24353596e+02]
 [ 0.00000000e+00  0.00000000e+00  0.00000000e+00  1.00000000e+00]]

[[ 9.20584672e-01 -3.29287116e-01 -2.09985371e-01 -6.24581839e+02]
 [ 1.74006460e-02  5.71724696e-01 -8.20260989e-01  8.81938729e+02]
 [ 3.90155198e-01  7.51465812e-01  5.32050800e-01 -3.97256944e+02]
 [ 0.00000000e+00  0.00000000e+00  0.00000000e+00  1.00000000e+00]]

[[ 8.98376385e-01 -3.57953602e-01 -2.54537009e-01 -6.10865068e+02]
 [-4.38716702e-02  5.03484501e-01 -8.62889699e-01  9.11761337e+02]
 [ 4.37029915e-01  7.86366693e-01  4.36614564e-01 -4.20230060e+02]
 [ 0.00000000e+00  0.00000000e+00  0.00000000e+00  1.00000000e+00]]

[[ 8.99490112e-01 -3.63804779e-01 -2.41999218e-01 -6.10306911e+02]
 [-3.93887122e-02  4.84080078e-01 -8.74136721e-01  9.10979924e+02]
 [ 4.35162118e-01  7.95809375e-01  4.21095442e-01 -4.20181913e+02]
 [ 0.00000000e+00  0.00000000e+00  0.00000000e+00  1.00000000e+00]]

[[ 8.98477234e-01 -3.62320648e-01 -2.47916132e-01 -6.11148390e+02]
 [-3.70804844e-02  5.00056326e-01 -8.65198653e-01  9.05841230e+02]
 [ 4.37451367e-01  7.86554142e-01  4.35854199e-01 -4.21338889e+02]
 [ 0.00000000e+00  0.00000000e+00  0.00000000e+00  1.00000000e+00]]

[[ 8.95866844e-01 -3.54244679e-01 -2.68203848e-01 -6.00334255e+02]
 [-5.61905043e-02  5.08451761e-01 -8.59255162e-01  9.15161433e+02]
 [ 4.40755288e-01  7.84848720e-01  4.35599888e-01 -4.21024167e+02]
 [ 0.00000000e+00  0.00000000e+00  0.00000000e+00  1.00000000e+00]]

[[ 8.91376913e-01 -3.54085189e-01 -2.82967979e-01 -5.93565899e+02]
 [-7.42317193e-02  5.01821796e-01 -8.61779866e-01  9.25720663e+02]
 [ 4.47142986e-01  7.89175876e-01  4.21028011e-01 -4.22019543e+02]
 [ 0.00000000e+00  0.00000000e+00  0.00000000e+00  1.00000000e+00]]

[[ 8.98188233e-01 -3.55964260e-01 -2.57967718e-01 -6.09864115e+02]
 [-4.78279502e-02  5.04199887e-01 -8.62261539e-01  9.13733402e+02]
 [ 4.37001585e-01  7.86811235e-01  4.35841364e-01 -4.16197353e+02]
 [ 0.00000000e+00  0.00000000e+00  0.00000000e+00  1.00000000e+00]]

[[ 8.97848511e-01 -3.57497526e-01 -2.57028344e-01 -6.10967625e+02]
 [-5.10451080e-02  4.95302152e-01 -8.67219796e-01  9.15764378e+02]
 [ 4.37335624e-01  7.91752043e-01  4.26457800e-01 -4.15858958e+02]
 [ 0.00000000e+00  0.00000000e+00  0.00000000e+00  1.00000000e+00]]

[[ 8.97343446e-01 -3.56792650e-01 -2.59757090e-01 -6.11503605e+02]
 [-4.67665251e-02  5.08386603e-01 -8.59858101e-01  9.11071964e+02]
 [ 4.38848075e-01  7.83735968e-01  4.39511434e-01 -4.16742145e+02]
 [ 0.00000000e+00  0.00000000e+00  0.00000000e+00  1.00000000e+00]]

[[ 8.96357299e-01 -3.63945763e-01 -2.53154249e-01 -6.10309353e+02]
 [-4.01045444e-02  5.02118613e-01 -8.63868349e-01  9.06698497e+02]
 [ 4.41514686e-01  7.84487336e-01  4.35481804e-01 -4.17691460e+02]
 [ 0.00000000e+00  0.00000000e+00  0.00000000e+00  1.00000000e+00]]

[[ 8.98758768e-01 -3.55091032e-01 -2.57182886e-01 -6.12099293e+02]
 [-4.72406157e-02  5.04738799e-01 -8.61978578e-01  9.11832737e+02]
 [ 4.35891044e-01  7.86860282e-01  4.36863702e-01 -4.15323471e+02]
 [ 0.00000000e+00  0.00000000e+00  0.00000000e+00  1.00000000e+00]]

[[ 8.98869305e-01 -3.58844608e-01 -2.51524392e-01 -6.11291228e+02]
 [-4.63291158e-02  4.92937997e-01 -8.68830101e-01  9.12874645e+02]
 [ 4.35760927e-01  7.92617611e-01  4.26461882e-01 -4.14714476e+02]
 [ 0.00000000e+00  0.00000000e+00  0.00000000e+00  1.00000000e+00]]

[[ 8.97428731e-01 -3.60634038e-01 -2.54095973e-01 -6.10741053e+02]
 [-4.50951094e-02  4.97965778e-01 -8.66023392e-01  9.10586213e+02]
 [ 4.38848611e-01  7.88652759e-01  4.30625965e-01 -4.16046989e+02]
 [ 0.00000000e+00  0.00000000e+00  0.00000000e+00  1.00000000e+00]]

[[ 8.83662018e-01 -3.87011832e-01 -2.63369095e-01 -6.02740917e+02]
 [-4.89160820e-02  4.83186290e-01 -8.74150002e-01  9.12004333e+02]
 [ 4.65562730e-01  7.85336139e-01  4.08042270e-01 -4.30480591e+02]
 [ 0.00000000e+00  0.00000000e+00  0.00000000e+00  1.00000000e+00]]

[[ 9.00711563e-01 -3.59081275e-01 -2.44498096e-01 -6.12487000e+02]
 [-2.89581355e-02  5.11937388e-01 -8.58534529e-01  9.02968609e+02]
 [ 4.33451389e-01  7.80372186e-01  4.50709601e-01 -4.14800199e+02]
 [ 0.00000000e+00  0.00000000e+00  0.00000000e+00  1.00000000e+00]]

[[ 8.98400083e-01 -3.65631568e-01 -2.43291692e-01 -6.10631479e+02]
 [-3.35499890e-02  4.95213845e-01 -8.68123059e-01  9.05279776e+02]
 [ 4.37894610e-01  7.88084262e-01  4.32633224e-01 -4.16634525e+02]
 [ 0.00000000e+00  0.00000000e+00  0.00000000e+00  1.00000000e+00]]

[[ 8.98048016e-01 -3.65164497e-01 -2.45284836e-01 -6.10941867e+02]
 [-3.46684904e-02  4.97109509e-01 -8.66994943e-01  9.05400638e+02]
 [ 4.38529197e-01  7.87106744e-01  4.33768507e-01 -4.17497236e+02]
 [ 0.00000000e+00  0.00000000e+00  0.00000000e+00  1.00000000e+00]]

[[ 8.98470396e-01 -3.63312637e-01 -2.46485041e-01 -6.10706672e+02]
 [-3.58285033e-02  4.98877182e-01 -8.65931796e-01  9.06569141e+02]
 [ 4.37569727e-01  7.86845274e-01  4.35209431e-01 -4.16242970e+02]
 [ 0.00000000e+00  0.00000000e+00  0.00000000e+00  1.00000000e+00]]

[[ 8.99488598e-01 -3.60546570e-01 -2.46832804e-01 -6.11736543e+02]
 [-3.59855873e-02  5.01860740e-01 -8.64199534e-01  9.06547898e+02]
 [ 4.35459872e-01  7.86220050e-01  4.38443534e-01 -4.15553228e+02]
 [ 0.00000000e+00  0.00000000e+00  0.00000000e+00  1.00000000e+00]]

[[ 9.00858508e-01 -3.68442663e-01 -2.29573415e-01 -6.25930470e+02]
 [-2.33784278e-02  4.86890825e-01 -8.73149915e-01  9.01820541e+02]
 [ 4.33482869e-01  7.91951595e-01  4.30006132e-01 -4.15363649e+02]
 [ 0.00000000e+00  0.00000000e+00  0.00000000e+00  1.00000000e+00]]

[[ 9.01594113e-01 -3.58427775e-01 -2.42193280e-01 -6.13823498e+02]
 [-2.69799085e-02  5.12194696e-01 -8.58445501e-01  9.01525475e+02]
 [ 4.31740824e-01  7.80503763e-01  4.52121374e-01 -4.14882339e+02]
 [ 0.00000000e+00  0.00000000e+00  0.00000000e+00  1.00000000e+00]]

[[ 9.00608093e-01 -3.54025090e-01 -2.52133493e-01 -6.13146927e+02]
 [-4.42421555e-02  5.02421763e-01 -8.63490014e-01  9.09329062e+02]
 [ 4.32374484e-01  7.88821024e-01  4.36822273e-01 -4.17013345e+02]
 [ 0.00000000e+00  0.00000000e+00  0.00000000e+00  1.00000000e+00]]

[[ 9.00585297e-01 -3.55389824e-01 -2.50288226e-01 -6.12365268e+02]
 [-4.55140058e-02  4.95537680e-01 -8.67393154e-01  9.12698140e+02]
 [ 4.32289947e-01  7.92553141e-01  4.30098734e-01 -4.16596230e+02]
 [ 0.00000000e+00  0.00000000e+00  0.00000000e+00  1.00000000e+00]]

[[ 8.95446095e-01 -3.67435774e-01 -2.51330941e-01 -6.08628878e+02]
 [-4.86265600e-02  4.80463348e-01 -8.75665706e-01  9.15166275e+02]
 [ 4.42506212e-01  7.96332797e-01  4.12361891e-01 -4.21487835e+02]
 [ 0.00000000e+00  0.00000000e+00  0.00000000e+00  1.00000000e+00]]

[[ 9.01874360e-01 -3.54065745e-01 -2.47507751e-01 -6.13487280e+02]
 [-4.20162215e-02  4.98328062e-01 -8.65969849e-01  9.08346369e+02]
 [ 4.29950318e-01  7.91395344e-01  4.34552798e-01 -4.15263966e+02]
 [ 0.00000000e+00  0.00000000e+00  0.00000000e+00  1.00000000e+00]]

[[ 9.00911870e-01 -3.55301533e-01 -2.49236078e-01 -6.13286986e+02]
 [-4.07222487e-02  5.02536973e-01 -8.63596138e-01  9.06610679e+02]
 [ 4.32087376e-01  7.88173465e-01  4.38272847e-01 -4.16128375e+02]
 [ 0.00000000e+00  0.00000000e+00  0.00000000e+00  1.00000000e+00]]

[[ 8.96496299e-01 -3.64765420e-01 -2.51476787e-01 -6.09603368e+02]
 [-4.62004026e-02  4.87541414e-01 -8.71876650e-01  9.12130465e+02]
 [ 4.40635800e-01  7.93252519e-01  4.20226764e-01 -4.20264820e+02]
 [ 0.00000000e+00  0.00000000e+00  0.00000000e+00  1.00000000e+00]]

[[ 8.98545282e-01 -3.56876395e-01 -2.55451785e-01 -6.11310758e+02]
 [-5.27557878e-02  4.90003966e-01 -8.70122371e-01  9.15270683e+02]
 [ 4.35698522e-01  7.95320912e-01  4.21463457e-01 -4.17446772e+02]
 [ 0.00000000e+00  0.00000000e+00  0.00000000e+00  1.00000000e+00]]

[[ 8.99659759e-01 -3.56717297e-01 -2.51724232e-01 -6.11894942e+02]
 [-4.93859799e-02  4.89717439e-01 -8.70481393e-01  9.13592265e+02]
 [ 4.33789515e-01  7.95568727e-01  4.22962240e-01 -4.16898684e+02]
 [ 0.00000000e+00  0.00000000e+00  0.00000000e+00  1.00000000e+00]]

[[ 9.00883273e-01 -3.55000895e-01 -2.49767278e-01 -6.12694529e+02]
 [-4.28424605e-02  4.99886775e-01 -8.65030482e-01  9.09178369e+02]
 [ 4.31941954e-01  7.89992137e-01  4.35130522e-01 -4.15259991e+02]
 [ 0.00000000e+00  0.00000000e+00  0.00000000e+00  1.00000000e+00]]

[[ 9.00313520e-01 -3.58568979e-01 -2.46706005e-01 -6.14590762e+02]
 [-5.03201881e-02  4.77271344e-01 -8.77314050e-01  9.30177049e+02]
 [ 4.32323310e-01  8.02271993e-01  4.11650586e-01 -4.04237310e+02]
 [ 0.00000000e+00  0.00000000e+00  0.00000000e+00  1.00000000e+00]]

[[ 8.99231100e-01 -3.64215911e-01 -2.42343145e-01 -6.15904826e+02]
 [-3.91925281e-02  4.84662541e-01 -8.73822732e-01  9.13883227e+02]
 [ 4.35714786e-01  7.95266617e-01  4.21549087e-01 -4.13588303e+02]
 [ 0.00000000e+00  0.00000000e+00  0.00000000e+00  1.00000000e+00]]

[[ 9.01596645e-01 -3.58071923e-01 -2.42709676e-01 -6.18587516e+02]
 [-3.17954829e-02  5.04704481e-01 -8.62706459e-01  9.02161805e+02]
 [ 4.31407622e-01  7.85530321e-01  4.43654797e-01 -4.16420117e+02]
 [ 0.00000000e+00  0.00000000e+00  0.00000000e+00  1.00000000e+00]]

[[ 8.96825321e-01 -3.63656593e-01 -2.51909160e-01 -6.14440438e+02]
 [-4.59664355e-02  4.89750233e-01 -8.70650215e-01  9.14556665e+02]
 [ 4.39990261e-01  7.92400525e-01  4.22504413e-01 -4.20936560e+02]
 [ 0.00000000e+00  0.00000000e+00  0.00000000e+00  1.00000000e+00]]

[[ 8.98464157e-01 -3.63642754e-01 -2.46020542e-01 -6.16023199e+02]
 [-3.48566191e-02  4.99502858e-01 -8.65610716e-01  9.06987114e+02]
 [ 4.37661028e-01  7.86295646e-01  4.36110057e-01 -4.20506463e+02]
 [ 0.00000000e+00  0.00000000e+00  0.00000000e+00  1.00000000e+00]]

[[ 8.99190816e-01 -3.64245062e-01 -2.42448780e-01 -6.16448179e+02]
 [-3.27446331e-02  4.96526453e-01 -8.67403753e-01  9.03579615e+02]
 [ 4.36329766e-01  7.87900385e-01  4.34544955e-01 -4.19008477e+02]
 [ 0.00000000e+00  0.00000000e+00  0.00000000e+00  1.00000000e+00]]

[[ 9.01048386e-01 -3.62277565e-01 -2.38467547e-01 -6.17268754e+02]
 [-2.78267760e-02  5.00400443e-01 -8.65346790e-01  9.01804291e+02]
 [ 4.32824994e-01  7.86355112e-01  4.40803995e-01 -4.17235050e+02]
 [ 0.00000000e+00  0.00000000e+00  0.00000000e+00  1.00000000e+00]]

[[ 9.00430408e-01 -3.59780375e-01 -2.44505955e-01 -6.17777611e+02]
 [-2.75535913e-02  5.13781512e-01 -8.57478488e-01  9.00683196e+02]
 [ 4.34126571e-01  7.78836722e-01  4.52711255e-01 -4.17646370e+02]
 [ 0.00000000e+00  0.00000000e+00  0.00000000e+00  1.00000000e+00]]

[[ 8.98700322e-01 -3.61748399e-01 -2.47943192e-01 -6.16390523e+02]
 [-3.75687586e-02  4.99773678e-01 -8.65340892e-01  9.06566278e+02]
 [ 4.36951163e-01  7.86997057e-01  4.35556327e-01 -4.20181093e+02]
 [ 0.00000000e+00  0.00000000e+00  0.00000000e+00  1.00000000e+00]]

[[ 8.99043004e-01 -3.63962568e-01 -2.43419239e-01 -6.16768666e+02]
 [-2.79538809e-02  5.07085012e-01 -8.61442610e-01  9.02139613e+02]
 [ 4.36967113e-01  7.81278464e-01  4.45717067e-01 -4.20194018e+02]
 [ 0.00000000e+00  0.00000000e+00  0.00000000e+00  1.00000000e+00]]

[[ 8.94632607e-01 -3.68930404e-01 -2.52037409e-01 -6.13495946e+02]
 [-4.02830375e-02  4.95193071e-01 -8.67848546e-01  9.10673745e+02]
 [ 4.44982893e-01  7.86558440e-01  4.28154231e-01 -4.23437692e+02]
 [ 0.00000000e+00  0.00000000e+00  0.00000000e+00  1.00000000e+00]]

[[ 9.00240093e-01 -3.56515281e-01 -2.49929247e-01 -6.16670458e+02]
 [-4.87817366e-02  4.87825672e-01 -8.71576994e-01  9.16963823e+02]
 [ 4.32652420e-01  7.96820537e-01  4.21768794e-01 -4.16526685e+02]
 [ 0.00000000e+00  0.00000000e+00  0.00000000e+00  1.00000000e+00]]

[[ 9.01420686e-01 -3.61901257e-01 -2.37630443e-01 -6.17811113e+02]
 [-2.41271976e-02  5.06026363e-01 -8.62180490e-01  8.97964140e+02]
 [ 4.32271472e-01  7.82920686e-01  4.47410968e-01 -4.16537267e+02]
 [ 0.00000000e+00  0.00000000e+00  0.00000000e+00  1.00000000e+00]]

[[ 8.98090372e-01 -3.63933044e-01 -2.46954293e-01 -6.15474056e+02]
 [-4.63800460e-02  4.80001805e-01 -8.76040615e-01  9.13770400e+02]
 [ 4.37358634e-01  7.98217393e-01  4.14205768e-01 -4.19562325e+02]
 [ 0.00000000e+00  0.00000000e+00  0.00000000e+00  1.00000000e+00]]

[[ 8.98165042e-01 -3.65177576e-01 -2.44836467e-01 -6.15827444e+02]
 [-3.86315727e-02  4.89175026e-01 -8.71329671e-01  9.07477426e+02]
 [ 4.37957942e-01  7.92056268e-01  4.25252523e-01 -4.19973050e+02]
 [ 0.00000000e+00  0.00000000e+00  0.00000000e+00  1.00000000e+00]]

[[ 8.98555192e-01 -3.70575878e-01 -2.35100161e-01 -6.15389963e+02]
 [-2.62937375e-02  4.89284367e-01 -8.71727852e-01  9.00722372e+02]
 [ 4.38072148e-01  7.89477249e-01  4.29905183e-01 -4.20074680e+02]
 [ 0.00000000e+00  0.00000000e+00  0.00000000e+00  1.00000000e+00]]

[[ 8.99302819e-01 -3.64674798e-01 -2.41385029e-01 -6.15701625e+02]
 [-3.69483473e-02  4.86625583e-01 -8.72828942e-01  9.09510951e+02]
 [ 4.35762848e-01  7.93856305e-01  4.24149627e-01 -4.18605677e+02]
 [ 0.00000000e+00  0.00000000e+00  0.00000000e+00  1.00000000e+00]]

[[ 8.99645256e-01 -3.64940789e-01 -2.39701136e-01 -6.16488235e+02]
 [-3.47609005e-02  4.87382793e-01 -8.72496242e-01  9.05451859e+02]
 [ 4.35235676e-01  7.93269332e-01  4.25785947e-01 -4.19079118e+02]
 [ 0.00000000e+00  0.00000000e+00  0.00000000e+00  1.00000000e+00]]

[[ 8.99057706e-01 -3.60525290e-01 -2.48428574e-01 -6.16880245e+02]
 [-3.81743619e-02  5.00699557e-01 -8.64778973e-01  9.06245925e+02]
 [ 4.36162767e-01  7.86969802e-01  4.36394972e-01 -4.18982136e+02]
 [ 0.00000000e+00  0.00000000e+00  0.00000000e+00  1.00000000e+00]]

[[ 9.01742342e-01 -3.56653743e-01 -2.44251624e-01 -6.18602222e+02]
 [-3.12474048e-02  5.09780279e-01 -8.59736975e-01  9.02128593e+02]
 [ 4.31143072e-01  7.82893463e-01  4.48545959e-01 -4.15837450e+02]
 [ 0.00000000e+00  0.00000000e+00  0.00000000e+00  1.00000000e+00]]

[[ 8.99278196e-01 -3.72619594e-01 -2.29026993e-01 -6.14655689e+02]
 [-7.30846162e-03  5.10762384e-01 -8.59690859e-01  8.85161760e+02]
 [ 4.37316032e-01  7.74775080e-01  4.56594200e-01 -4.36522356e+02]
 [ 0.00000000e+00  0.00000000e+00  0.00000000e+00  1.00000000e+00]]

[[ 9.01156160e-01 -3.63061295e-01 -2.36862981e-01 -6.14391779e+02]
 [-1.76914113e-02  5.15146573e-01 -8.56919496e-01  8.94730047e+02]
 [ 4.33133455e-01  7.76408723e-01  4.57804440e-01 -4.20213711e+02]
 [ 0.00000000e+00  0.00000000e+00  0.00000000e+00  1.00000000e+00]]

[[ 8.99007223e-01 -3.72651474e-01 -2.30036719e-01 -6.11870811e+02]
 [-1.61370300e-02  4.96732104e-01 -8.67753889e-01  8.94629886e+02]
 [ 4.37636389e-01  7.83829124e-01  4.40552262e-01 -4.19710669e+02]
 [ 0.00000000e+00  0.00000000e+00  0.00000000e+00  1.00000000e+00]]

[[ 8.98601312e-01 -3.75442971e-01 -2.27064434e-01 -6.10897685e+02]
 [-1.33563405e-02  4.93860691e-01 -8.69438454e-01  8.94655523e+02]
 [ 4.38562754e-01  7.84311286e-01  4.38769321e-01 -4.18574583e+02]
 [ 0.00000000e+00  0.00000000e+00  0.00000000e+00  1.00000000e+00]]

[[ 8.98730448e-01 -3.53355359e-01 -2.59660495e-01 -6.13764155e+02]
 [-5.14196330e-02  5.03145373e-01 -8.62670711e-01  9.14846968e+02]
 [ 4.35476295e-01  7.88660081e-01  4.34022663e-01 -4.18029521e+02]
 [ 0.00000000e+00  0.00000000e+00  0.00000000e+00  1.00000000e+00]]

[[ 8.97969413e-01 -3.67955921e-01 -2.41369787e-01 -6.11472537e+02]
 [-3.56023417e-02  4.85951730e-01 -8.73260207e-01  9.09085933e+02]
 [ 4.38615329e-01  7.92754285e-01  4.23269698e-01 -4.20970732e+02]
 [ 0.00000000e+00  0.00000000e+00  0.00000000e+00  1.00000000e+00]]

[[ 8.96260317e-01 -3.66045043e-01 -2.50456525e-01 -6.11023018e+02]
 [-5.05047895e-02  4.76789719e-01 -8.77565286e-01  9.17057764e+02]
 [ 4.40643519e-01  7.99176195e-01  4.08840676e-01 -4.22833138e+02]
 [ 0.00000000e+00  0.00000000e+00  0.00000000e+00  1.00000000e+00]]

[[ 8.98274651e-01 -3.59034003e-01 -2.53371734e-01 -6.12714999e+02]
 [-4.78599899e-02  4.93222462e-01 -8.68585646e-01  9.13646429e+02]
 [ 4.36820412e-01  7.92354837e-01  4.25865871e-01 -4.19166284e+02]
 [ 0.00000000e+00  0.00000000e+00  0.00000000e+00  1.00000000e+00]]

[[ 9.01725703e-01 -3.53259122e-01 -2.49196205e-01 -6.15560074e+02]
 [-4.13776487e-02  5.03259378e-01 -8.63144188e-01  9.13529805e+02]
 [ 4.30323885e-01  7.88630453e-01  4.39184885e-01 -4.04119733e+02]
 [ 0.00000000e+00  0.00000000e+00  0.00000000e+00  1.00000000e+00]]

[[ 9.00653318e-01 -3.67766712e-01 -2.31454633e-01 -6.16331061e+02]
 [-2.93134853e-02  4.80010437e-01 -8.76772890e-01  9.04938935e+02]
 [ 4.33548522e-01  7.96453154e-01  4.21542468e-01 -4.09659220e+02]
 [ 0.00000000e+00  0.00000000e+00  0.00000000e+00  1.00000000e+00]]

[[ 8.96450983e-01 -3.67610072e-01 -2.47464080e-01 -6.14775538e+02]
 [-5.19618527e-02  4.67378321e-01 -8.82529020e-01  9.13529371e+02]
 [ 4.40085902e-01  8.04002699e-01  3.99880055e-01 -4.20216090e+02]
 [ 0.00000000e+00  0.00000000e+00  0.00000000e+00  1.00000000e+00]]

[[ 8.97689502e-01 -3.62164110e-01 -2.50979513e-01 -6.15537770e+02]
 [-4.65609982e-02  4.88438684e-01 -8.71355109e-01  9.13064928e+02]
 [ 4.38161650e-01  7.93892190e-01  4.21603556e-01 -4.20257698e+02]
 [ 0.00000000e+00  0.00000000e+00  0.00000000e+00  1.00000000e+00]]

[[ 9.01765558e-01 -3.60309450e-01 -2.38738305e-01 -6.18361871e+02]
 [-3.00765207e-02  4.98698802e-01 -8.66253374e-01  9.00326828e+02]
 [ 4.31177784e-01  7.88337875e-01  4.38872549e-01 -4.15617757e+02]
 [ 0.00000000e+00  0.00000000e+00  0.00000000e+00  1.00000000e+00]]

[[ 9.03280863e-01 -3.59400107e-01 -2.34340020e-01 -6.18064307e+02]
 [-3.20653736e-02  4.88107707e-01 -8.72194175e-01  9.05252423e+02]
 [ 4.27849849e-01  7.95350508e-01  4.29374052e-01 -4.14097718e+02]
 [ 0.00000000e+00  0.00000000e+00  0.00000000e+00  1.00000000e+00]]

[[ 9.01191615e-01 -3.69011408e-01 -2.27341710e-01 -6.16988989e+02]
 [-2.04628347e-02  4.87719257e-01 -8.72760677e-01  8.96067799e+02]
 [ 4.32937577e-01  7.91176660e-01  4.31977485e-01 -4.16732716e+02]
 [ 0.00000000e+00  0.00000000e+00  0.00000000e+00  1.00000000e+00]]

[[ 9.02623239e-01 -3.65150364e-01 -2.27895807e-01 -6.33182768e+02]
 [-2.20566708e-02  4.89525036e-01 -8.71710240e-01  8.98010227e+02]
 [ 4.29866015e-01  7.91852543e-01  4.33802673e-01 -4.16662489e+02]
 [ 0.00000000e+00  0.00000000e+00  0.00000000e+00  1.00000000e+00]]

[[ 9.05083706e-01 -3.65645293e-01 -2.17087551e-01 -6.33747012e+02]
 [-4.78035272e-03  5.01732651e-01 -8.65009534e-01  8.86048156e+02]
 [ 4.25206578e-01  7.83943790e-01  4.52362134e-01 -4.16501288e+02]
 [ 0.00000000e+00  0.00000000e+00  0.00000000e+00  1.00000000e+00]]

[[ 9.04036349e-01 -3.72102399e-01 -2.10376057e-01 -6.31104974e+02]
 [ 1.31855685e-03  4.94584056e-01 -8.69128801e-01  8.83328255e+02]
 [ 4.27453555e-01  7.85446635e-01  4.47612602e-01 -4.19541885e+02]
 [ 0.00000000e+00  0.00000000e+00  0.00000000e+00  1.00000000e+00]]

[[ 8.98110752e-01 -3.66375783e-01 -2.43240338e-01 -6.14132913e+02]
 [-3.95855284e-02  4.83512671e-01 -8.74441812e-01  9.09846556e+02]
 [ 4.37984089e-01  7.94974391e-01  4.19744749e-01 -4.28564764e+02]
 [ 0.00000000e+00  0.00000000e+00  0.00000000e+00  1.00000000e+00]]

[[ 9.00885136e-01 -3.67656827e-01 -2.30725876e-01 -6.15999997e+02]
 [-2.24205305e-02  4.91431189e-01 -8.70627766e-01  8.96319548e+02]
 [ 4.33478134e-01  7.89508609e-01  4.34479992e-01 -4.24606384e+02]
 [ 0.00000000e+00  0.00000000e+00  0.00000000e+00  1.00000000e+00]]

[[ 8.99803186e-01 -3.64469534e-01 -2.39825323e-01 -6.15670962e+02]
 [-3.98855873e-02  4.78666394e-01 -8.77090431e-01  9.07001182e+02]
 [ 4.34469063e-01  7.98774337e-01  4.16168464e-01 -4.25285121e+02]
 [ 0.00000000e+00  0.00000000e+00  0.00000000e+00  1.00000000e+00]]

[[ 9.04857254e-01 -3.57671479e-01 -2.30877593e-01 -6.18743906e+02]
 [-2.71129086e-02  4.92810370e-01 -8.69714223e-01  8.98245745e+02]
 [ 4.24850845e-01  7.93226986e-01  4.36225524e-01 -4.18504805e+02]
 [ 0.00000000e+00  0.00000000e+00  0.00000000e+00  1.00000000e+00]]

[[ 9.04600552e-01 -3.58304741e-01 -2.30901611e-01 -6.18487285e+02]
 [-2.59835665e-02  4.94333314e-01 -8.68884013e-01  8.99348706e+02]
 [ 4.25467620e-01  7.91992606e-01  4.37864154e-01 -4.20836890e+02]
 [ 0.00000000e+00  0.00000000e+00  0.00000000e+00  1.00000000e+00]]

[[ 9.05137834e-01 -3.52972054e-01 -2.36930855e-01 -6.19478803e+02]
 [-2.44710409e-02  5.13145064e-01 -8.57952977e-01  8.97254590e+02]
 [ 4.24413323e-01  7.82363644e-01  4.55829419e-01 -4.19517224e+02]
 [ 0.00000000e+00  0.00000000e+00  0.00000000e+00  1.00000000e+00]]

[[ 9.04088689e-01 -3.63990577e-01 -2.23907350e-01 -6.18073138e+02]
 [-1.37780895e-02  4.98850104e-01 -8.66578755e-01  8.88918427e+02]
 [ 4.27122706e-01  7.86549066e-01  4.45989642e-01 -4.21920820e+02]
 [ 0.00000000e+00  0.00000000e+00  0.00000000e+00  1.00000000e+00]]

[[ 8.97351430e-01 -3.84560265e-01 -2.16503610e-01 -6.09989053e+02]
 [ 1.59610870e-03  4.93410459e-01 -8.69795132e-01  8.80733238e+02]
 [ 4.41313792e-01  7.80166342e-01  4.43376381e-01 -4.40891506e+02]
 [ 0.00000000e+00  0.00000000e+00  0.00000000e+00  1.00000000e+00]]

[[ 8.95832471e-01 -3.71550413e-01 -2.43791866e-01 -6.10121028e+02]
 [-3.77089729e-02  4.83061842e-01 -8.74773851e-01  9.04114020e+02]
 [ 4.42789133e-01  7.92843962e-01  4.18731699e-01 -4.29690480e+02]
 [ 0.00000000e+00  0.00000000e+00  0.00000000e+00  1.00000000e+00]]

[[ 8.96439383e-01 -3.73219581e-01 -2.38963548e-01 -6.10367018e+02]
 [-2.55016148e-02  4.94882127e-01 -8.68585832e-01  8.97016699e+02]
 [ 4.42432029e-01  7.84728504e-01  4.34114127e-01 -4.26787804e+02]
 [ 0.00000000e+00  0.00000000e+00  0.00000000e+00  1.00000000e+00]]

[[ 8.99707419e-01 -3.66113287e-01 -2.37671247e-01 -6.12170632e+02]
 [-3.29843062e-02  4.85918954e-01 -8.73381249e-01  9.01808635e+02]
 [ 4.35245444e-01  7.93627010e-01  4.25108895e-01 -4.25266166e+02]
 [ 0.00000000e+00  0.00000000e+00  0.00000000e+00  1.00000000e+00]]

[[ 8.99220543e-01 -3.59603879e-01 -2.49173565e-01 -6.10633648e+02]
 [-3.63362594e-02  5.06189491e-01 -8.61656472e-01  8.97479132e+02]
 [ 4.35984050e-01  7.83873236e-01  4.42109329e-01 -4.39982368e+02]
 [ 0.00000000e+00  0.00000000e+00  0.00000000e+00  1.00000000e+00]]

[[ 8.96690870e-01 -3.69997690e-01 -2.42996283e-01 -6.06115543e+02]
 [-3.63022052e-02  4.85633239e-01 -8.73408557e-01  9.06985927e+02]
 [ 4.41166220e-01  7.91998779e-01  4.22031160e-01 -4.29231191e+02]
 [ 0.00000000e+00  0.00000000e+00  0.00000000e+00  1.00000000e+00]]

[[ 8.96201314e-01 -3.67939477e-01 -2.47878491e-01 -6.07178992e+02]
 [-3.66762312e-02  4.95370263e-01 -8.67907343e-01  9.03922692e+02]
 [ 4.42129007e-01  7.86910950e-01  4.30456848e-01 -4.28155737e+02]
 [ 0.00000000e+00  0.00000000e+00  0.00000000e+00  1.00000000e+00]]

[[ 8.97189387e-01 -3.64760940e-01 -2.48999318e-01 -6.07238616e+02]
 [-3.62927452e-02  5.00999060e-01 -8.64686520e-01  9.04433394e+02]
 [ 4.40152292e-01  7.84824438e-01  4.36252864e-01 -4.26746589e+02]
 [ 0.00000000e+00  0.00000000e+00  0.00000000e+00  1.00000000e+00]]

[[ 9.00215104e-01 -3.55678534e-01 -2.51208175e-01 -6.10096936e+02]
 [-3.30117130e-02  5.19494236e-01 -8.53836030e-01  9.00587606e+02]
 [ 4.34192347e-01  7.76928902e-01  4.55915000e-01 -4.22973929e+02]
 [ 0.00000000e+00  0.00000000e+00  0.00000000e+00  1.00000000e+00]]

[[ 9.01495558e-01 -3.56888748e-01 -2.44818670e-01 -6.10176119e+02]
 [-2.89141065e-02  5.14748209e-01 -8.56853695e-01  8.98910844e+02]
 [ 4.31821415e-01  7.79528513e-01  4.53724105e-01 -4.22124100e+02]
 [ 0.00000000e+00  0.00000000e+00  0.00000000e+00  1.00000000e+00]]

[[ 8.96748530e-01 -3.72450429e-01 -2.39003666e-01 -6.04619470e+02]
 [-1.14782130e-02  5.20314928e-01 -8.53897316e-01  8.74733717e+02]
 [ 4.42391597e-01  7.68474498e-01  4.62316581e-01 -4.38215454e+02]
 [ 0.00000000e+00  0.00000000e+00  0.00000000e+00  1.00000000e+00]]

[[ 9.01651691e-01 -3.55480312e-01 -2.46288401e-01 -6.07853455e+02]
 [-2.85154319e-02  5.19392995e-01 -8.54059592e-01  9.00194983e+02]
 [ 4.31521840e-01  7.77087296e-01  4.58174897e-01 -4.22723505e+02]
 [ 0.00000000e+00  0.00000000e+00  0.00000000e+00  1.00000000e+00]]

[[ 8.97831881e-01 -3.66714174e-01 -2.43759367e-01 -6.05200156e+02]
 [-3.33937896e-02  4.95274446e-01 -8.68094510e-01  9.03042035e+02]
 [ 4.39070346e-01  7.87542975e-01  4.32427211e-01 -4.25648272e+02]
 [ 0.00000000e+00  0.00000000e+00  0.00000000e+00  1.00000000e+00]]

[[ 8.98318496e-01 -3.66357480e-01 -2.42499641e-01 -6.05882518e+02]
 [-3.58017838e-02  4.89079708e-01 -8.71504029e-01  9.03421729e+02]
 [ 4.37883674e-01  7.91570108e-01  4.26233096e-01 -4.26748304e+02]
 [ 0.00000000e+00  0.00000000e+00  0.00000000e+00  1.00000000e+00]]

[[ 8.94433857e-01 -3.64245967e-01 -2.59447394e-01 -6.03729246e+02]
 [-5.48149482e-02  4.86487361e-01 -8.71966381e-01  9.15789992e+02]
 [ 4.43828116e-01  7.94137849e-01  4.15164643e-01 -4.28357882e+02]
 [ 0.00000000e+00  0.00000000e+00  0.00000000e+00  1.00000000e+00]]

[[ 8.99526980e-01 -3.56851008e-01 -2.52009068e-01 -6.07616436e+02]
 [-4.15121731e-02  5.04427197e-01 -8.62455763e-01  9.04848378e+02]
 [ 4.34888436e-01  7.86263672e-01  4.38932212e-01 -4.23382497e+02]
 [ 0.00000000e+00  0.00000000e+00  0.00000000e+00  1.00000000e+00]]

[[ 8.98340818e-01 -3.51040797e-01 -2.64110078e-01 -6.08738803e+02]
 [-5.81605143e-02  5.00875496e-01 -8.63563022e-01  9.22485761e+02]
 [ 4.35432118e-01  7.91134689e-01  4.29540189e-01 -4.18460954e+02]
 [ 0.00000000e+00  0.00000000e+00  0.00000000e+00  1.00000000e+00]]

[[ 8.98093785e-01 -3.65116686e-01 -2.45188416e-01 -6.11291874e+02]
 [-4.89821927e-02  4.70989096e-01 -8.80778074e-01  9.26436103e+02]
 [ 4.37067842e-01  8.03031181e-01  4.05108164e-01 -4.13302042e+02]
 [ 0.00000000e+00  0.00000000e+00  0.00000000e+00  1.00000000e+00]]

[[ 9.04229287e-01 -3.58000855e-01 -2.32819210e-01 -6.16844198e+02]
 [-2.02309247e-02  5.08660630e-01 -8.60729384e-01  8.99754425e+02]
 [ 4.26567822e-01  7.83006865e-01  4.52703151e-01 -4.15044751e+02]
 [ 0.00000000e+00  0.00000000e+00  0.00000000e+00  1.00000000e+00]]

[[ 8.96399920e-01 -3.76743650e-01 -2.33519604e-01 -6.10957579e+02]
 [-2.32875190e-02  4.86082316e-01 -8.73602698e-01  8.96575905e+02]
 [ 4.42634019e-01  7.88535481e-01  4.26950724e-01 -4.30312585e+02]
 [ 0.00000000e+00  0.00000000e+00  0.00000000e+00  1.00000000e+00]]

[[ 8.98036649e-01 -3.62469017e-01 -2.49291774e-01 -6.13537371e+02]
 [-4.10372986e-02  4.95180292e-01 -8.67820499e-01  9.03417763e+02]
 [ 4.38002416e-01  7.89564874e-01  4.29815301e-01 -4.25377255e+02]
 [ 0.00000000e+00  0.00000000e+00  0.00000000e+00  1.00000000e+00]]

[[ 8.99012257e-01 -3.56129695e-01 -2.54850156e-01 -6.14889721e+02]
 [-3.78875429e-02  5.16517358e-01 -8.55438106e-01  9.00176417e+02]
 [ 4.36281441e-01  7.78704988e-01  4.50862557e-01 -4.25010144e+02]
 [ 0.00000000e+00  0.00000000e+00  0.00000000e+00  1.00000000e+00]]

[[ 9.01870205e-01 -3.61373653e-01 -2.36726037e-01 -6.14870044e+02]
 [-2.96929700e-02  4.94819231e-01 -8.68488489e-01  8.98844408e+02]
 [ 4.30985454e-01  7.90292990e-01  4.35532465e-01 -4.23160578e+02]
 [ 0.00000000e+00  0.00000000e+00  0.00000000e+00  1.00000000e+00]]

[[ 8.99755576e-01 -3.65196373e-01 -2.38896448e-01 -6.13164366e+02]
 [-3.46095823e-02  4.85992526e-01 -8.73277414e-01  9.03000789e+02]
 [ 4.35019632e-01  7.94004329e-01  4.24635191e-01 -4.25138706e+02]
 [ 0.00000000e+00  0.00000000e+00  0.00000000e+00  1.00000000e+00]]

[[ 8.98083075e-01 -3.63841089e-01 -2.47116272e-01 -6.12865607e+02]
 [-3.67842562e-02  4.97747933e-01 -8.66541351e-01  9.02701950e+02]
 [ 4.38284962e-01  7.87316110e-01  4.33635371e-01 -4.27277041e+02]
 [ 0.00000000e+00  0.00000000e+00  0.00000000e+00  1.00000000e+00]]

[[ 8.98466675e-01 -3.57449583e-01 -2.54926322e-01 -6.13724091e+02]
 [-4.44958531e-02  5.03517656e-01 -8.62838391e-01  9.06398840e+02]
 [ 4.36781127e-01  7.86574705e-01  4.36488810e-01 -4.26224564e+02]
 [ 0.00000000e+00  0.00000000e+00  0.00000000e+00  1.00000000e+00]]

[[ 8.95644322e-01 -3.66027052e-01 -2.52676563e-01 -6.09160003e+02]
 [-2.93207491e-02  5.18278597e-01 -8.54709067e-01  8.91002912e+02]
 [ 4.43803495e-01  7.72923989e-01  4.53461096e-01 -4.37140884e+02]
 [ 0.00000000e+00  0.00000000e+00  0.00000000e+00  1.00000000e+00]]

[[ 8.96208555e-01 -3.65566345e-01 -2.51339358e-01 -6.06824923e+02]
 [-2.46393470e-02  5.24657132e-01 -8.50956989e-01  8.86738383e+02]
 [ 4.42948223e-01  7.68827771e-01  4.61194894e-01 -4.38153789e+02]
 [ 0.00000000e+00  0.00000000e+00  0.00000000e+00  1.00000000e+00]]

[[ 8.99965634e-01 -3.53797905e-01 -2.54732997e-01 -6.09818499e+02]
 [-4.42072960e-02  5.07231306e-01 -8.60675385e-01  9.02521513e+02]
 [ 4.33713698e-01  7.85839325e-01  4.40850295e-01 -4.24031136e+02]
 [ 0.00000000e+00  0.00000000e+00  0.00000000e+00  1.00000000e+00]]

[[ 8.99957796e-01 -3.60992712e-01 -2.44459050e-01 -6.08008807e+02]
 [-2.74865057e-02  5.12619988e-01 -8.58175530e-01  8.98415935e+02]
 [ 4.35109707e-01  7.79041084e-01  4.51413926e-01 -4.24009372e+02]
 [ 0.00000000e+00  0.00000000e+00  0.00000000e+00  1.00000000e+00]]

[[ 9.03256135e-01 -3.57076608e-01 -2.37959345e-01 -6.10974662e+02]
 [-2.01662709e-02  5.18614848e-01 -8.54770122e-01  8.90233188e+02]
 [ 4.28627665e-01  7.76875110e-01  4.61241139e-01 -4.21542246e+02]
 [ 0.00000000e+00  0.00000000e+00  0.00000000e+00  1.00000000e+00]]

[[ 8.99223313e-01 -3.60366476e-01 -2.48059342e-01 -6.07953259e+02]
 [-3.24334364e-02  5.10533355e-01 -8.59246045e-01  9.00183062e+02]
 [ 4.36286037e-01  7.80699492e-01  4.47395572e-01 -4.24767295e+02]
 [ 0.00000000e+00  0.00000000e+00  0.00000000e+00  1.00000000e+00]]

[[ 8.97936334e-01 -3.60228177e-01 -2.52875464e-01 -6.07360362e+02]
 [-4.11790960e-02  5.03271144e-01 -8.63146823e-01  9.04583014e+02]
 [ 4.38194730e-01  7.85464077e-01  4.37071576e-01 -4.26112629e+02]
 [ 0.00000000e+00  0.00000000e+00  0.00000000e+00  1.00000000e+00]]

[[ 8.98252503e-01 -3.61332499e-01 -2.50162478e-01 -6.07158993e+02]
 [-4.10581685e-02  4.97738027e-01 -8.66355056e-01  9.05335870e+02]
 [ 4.37557616e-01  7.88476811e-01  4.32258778e-01 -4.25589528e+02]
 [ 0.00000000e+00  0.00000000e+00  0.00000000e+00  1.00000000e+00]]

[[ 8.95179974e-01 -3.53187353e-01 -2.71866710e-01 -5.95733405e+02]
 [-5.14986848e-02  5.23922063e-01 -8.50207950e-01  9.10042908e+02]
 [ 4.42719662e-01  7.75089908e-01  4.50815854e-01 -4.27894519e+02]
 [ 0.00000000e+00  0.00000000e+00  0.00000000e+00  1.00000000e+00]]

[[ 8.97954466e-01 -3.60484659e-01 -2.52445217e-01 -5.98625158e+02]
 [-4.04245138e-02  5.03636274e-01 -8.62969502e-01  9.05564017e+02]
 [ 4.38227835e-01  7.85112294e-01  4.37670025e-01 -4.22749025e+02]
 [ 0.00000000e+00  0.00000000e+00  0.00000000e+00  1.00000000e+00]]

[[ 8.98568504e-01 -3.60075592e-01 -2.50839015e-01 -6.08016590e+02]
 [-4.63292865e-02  4.90570196e-01 -8.70169225e-01  9.07729087e+02]
 [ 4.36380843e-01  7.93527851e-01  4.24128882e-01 -4.22479874e+02]
 [ 0.00000000e+00  0.00000000e+00  0.00000000e+00  1.00000000e+00]]

[[ 8.94375163e-01 -3.65624109e-01 -2.57705409e-01 -6.05618861e+02]
 [-4.72955378e-02  4.95590064e-01 -8.67267906e-01  9.09751059e+02]
 [ 4.44810296e-01  7.87851191e-01  4.25951055e-01 -4.26502283e+02]
 [ 0.00000000e+00  0.00000000e+00  0.00000000e+00  1.00000000e+00]]

[[ 8.99554489e-01 -3.59918652e-01 -2.47508151e-01 -6.08174975e+02]
 [-3.72036676e-02  5.01439546e-01 -8.64392428e-01  9.05157198e+02]
 [ 4.35221332e-01  7.86776300e-01  4.37681901e-01 -4.22273998e+02]
 [ 0.00000000e+00  0.00000000e+00  0.00000000e+00  1.00000000e+00]]

[[ 8.99825884e-01 -3.56964670e-01 -2.50777995e-01 -6.08974677e+02]
 [-3.71855441e-02  5.09997337e-01 -8.59371836e-01  9.03775487e+02]
 [ 4.34661494e-01  7.82610338e-01  4.45634879e-01 -4.21562081e+02]
 [ 0.00000000e+00  0.00000000e+00  0.00000000e+00  1.00000000e+00]]

[[ 9.33235210e-01 -2.07644189e-01 -2.93182424e-01 -6.39128839e+02]
 [ 2.61979868e-01  9.51743054e-01  1.59849019e-01  7.34341311e+02]
 [ 2.45842616e-01 -2.25984625e-01  9.42598726e-01 -2.23070724e+02]
 [ 0.00000000e+00  0.00000000e+00  0.00000000e+00  1.00000000e+00]]

[[ 8.96503227e-01 -3.60966939e-01 -2.56875130e-01 -6.01012708e+02]
 [-4.39213367e-02  5.04535992e-01 -8.62272781e-01  9.08080001e+02]
 [ 4.40854715e-01  7.84312630e-01  4.36463995e-01 -4.24528372e+02]
 [ 0.00000000e+00  0.00000000e+00  0.00000000e+00  1.00000000e+00]]

[[ 8.86895417e-01 -3.57641424e-01 -2.92419444e-01 -5.88657751e+02]
 [-7.50478124e-02  5.13035147e-01 -8.55080560e-01  9.21378158e+02]
 [ 4.55833681e-01  7.80312469e-01  4.28168314e-01 -4.29249521e+02]
 [ 0.00000000e+00  0.00000000e+00  0.00000000e+00  1.00000000e+00]]

[[ 8.90953153e-01 -3.52978332e-01 -2.85672497e-01 -5.91507862e+02]
 [-7.24085427e-02  5.10620203e-01 -8.56752013e-01  9.20376130e+02]
 [ 4.48285045e-01  7.84011037e-01  4.29380033e-01 -4.22302570e+02]
 [ 0.00000000e+00  0.00000000e+00  0.00000000e+00  1.00000000e+00]]

[[ 8.92490613e-01 -3.55831169e-01 -2.77208738e-01 -5.99508355e+02]
 [-6.93649354e-02  4.98983619e-01 -8.63830917e-01  9.20261383e+02]
 [ 4.45700585e-01  7.90189551e-01  4.20655990e-01 -4.20224119e+02]
 [ 0.00000000e+00  0.00000000e+00  0.00000000e+00  1.00000000e+00]]

[[ 8.97143045e-01 -3.56641578e-01 -2.60655215e-01 -6.08468701e+02]
 [-4.96909171e-02  5.04842066e-01 -8.61780309e-01  9.10122867e+02]
 [ 4.38936406e-01  7.86092407e-01  4.35193702e-01 -4.15437963e+02]
 [ 0.00000000e+00  0.00000000e+00  0.00000000e+00  1.00000000e+00]]

[[ 8.95787296e-01 -3.66222021e-01 -2.51885991e-01 -6.06739815e+02]
 [-4.35748973e-02  4.91608406e-01 -8.69725476e-01  9.11021508e+02]
 [ 4.42341892e-01  7.90064938e-01  4.24418478e-01 -4.18946041e+02]
 [ 0.00000000e+00  0.00000000e+00  0.00000000e+00  1.00000000e+00]]

[[ 8.99667078e-01 -3.57262633e-01 -2.50923413e-01 -6.09888971e+02]
 [-4.04251737e-02  5.04111914e-01 -8.62691708e-01  9.08027291e+02]
 [ 4.34700994e-01  7.86278951e-01  4.39090489e-01 -4.15201079e+02]
 [ 0.00000000e+00  0.00000000e+00  0.00000000e+00  1.00000000e+00]]

[[ 8.96107149e-01 -3.62562329e-01 -2.56008859e-01 -6.07053135e+02]
 [-4.92838141e-02  4.91957494e-01 -8.69223176e-01  9.14142915e+02]
 [ 4.41093056e-01  7.91534195e-01  4.22978173e-01 -4.17945917e+02]
 [ 0.00000000e+00  0.00000000e+00  0.00000000e+00  1.00000000e+00]]

[[ 9.05178121e-01 -3.41818712e-01 -2.52611436e-01 -6.12405786e+02]
 [-5.87106120e-02  4.88082401e-01 -8.70820667e-01  9.17299455e+02]
 [ 4.20957995e-01  8.03078787e-01  4.21733125e-01 -4.06442330e+02]
 [ 0.00000000e+00  0.00000000e+00  0.00000000e+00  1.00000000e+00]]

[[ 9.20422297e-01 -2.89622336e-01 -2.62567512e-01 -6.21272572e+02]
 [-1.00265510e-01  4.74291305e-01 -8.74639689e-01  9.41728527e+02]
 [ 3.77848678e-01  8.31364337e-01  4.07509160e-01 -3.82469410e+02]
 [ 0.00000000e+00  0.00000000e+00  0.00000000e+00  1.00000000e+00]]

[[ 9.00788302e-01 -3.53802810e-01 -2.51801525e-01 -6.09956630e+02]
 [-4.98937583e-02  4.91682042e-01 -8.69344226e-01  9.14425180e+02]
 [ 4.31382717e-01  7.95658433e-01  4.25248879e-01 -4.12627711e+02]
 [ 0.00000000e+00  0.00000000e+00  0.00000000e+00  1.00000000e+00]]

[[ 8.94691168e-01 -3.60034929e-01 -2.64390929e-01 -6.07198514e+02]
 [-5.50878409e-02  4.98442461e-01 -8.65170759e-01  9.16769796e+02]
 [ 4.43275358e-01  7.88625363e-01  4.26118521e-01 -4.19074041e+02]
 [ 0.00000000e+00  0.00000000e+00  0.00000000e+00  1.00000000e+00]]

[[ 8.95861533e-01 -3.62629082e-01 -2.56772785e-01 -6.07163253e+02]
 [-5.13188395e-02  4.89573203e-01 -8.70450720e-01  9.14330217e+02]
 [ 4.41359820e-01  7.92980597e-01  4.19980096e-01 -4.17813394e+02]
 [ 0.00000000e+00  0.00000000e+00  0.00000000e+00  1.00000000e+00]]

[[ 8.96553864e-01 -3.58623521e-01 -2.59962187e-01 -6.08645949e+02]
 [-4.96208346e-02  5.01893605e-01 -8.63504824e-01  9.11059007e+02]
 [ 4.40146500e-01  7.87078128e-01  4.32179453e-01 -4.17304547e+02]
 [ 0.00000000e+00  0.00000000e+00  0.00000000e+00  1.00000000e+00]]

[[ 9.03200666e-01 -3.45723599e-01 -2.54369318e-01 -6.11968486e+02]
 [-5.79396781e-02  4.89004546e-01 -8.70354840e-01  9.17863651e+02]
 [ 4.25289961e-01  8.00843148e-01  4.21638117e-01 -4.09771381e+02]
 [ 0.00000000e+00  0.00000000e+00  0.00000000e+00  1.00000000e+00]]

[[ 9.06966409e-01 -3.44009806e-01 -2.43041531e-01 -6.13134690e+02]
 [-5.59240663e-02  4.73558232e-01 -8.78985267e-01  9.17106186e+02]
 [ 4.17473869e-01  8.10801982e-01  4.10262982e-01 -4.05377387e+02]
 [ 0.00000000e+00  0.00000000e+00  0.00000000e+00  1.00000000e+00]]

[[ 9.06274875e-01 -3.37553697e-01 -2.54407846e-01 -6.13463398e+02]
 [-6.87200301e-02  4.76207852e-01 -8.76643393e-01  9.25291141e+02]
 [ 4.17065233e-01  8.11962797e-01  4.08378511e-01 -4.04688492e+02]
 [ 0.00000000e+00  0.00000000e+00  0.00000000e+00  1.00000000e+00]]

[[ 9.09848838e-01 -3.32294560e-01 -2.48506374e-01 -6.15838706e+02]
 [-5.53387556e-02  4.96372980e-01 -8.66343747e-01  9.16152166e+02]
 [ 4.11233164e-01  8.01993884e-01  4.33235611e-01 -4.00172168e+02]
 [ 0.00000000e+00  0.00000000e+00  0.00000000e+00  1.00000000e+00]]

[[ 9.03467785e-01 -3.38064633e-01 -2.63549359e-01 -6.12302181e+02]
 [-7.30116583e-02  4.84479947e-01 -8.71750239e-01  9.28807605e+02]
 [ 4.22392304e-01  8.06840433e-01  4.13029365e-01 -4.07792011e+02]
 [ 0.00000000e+00  0.00000000e+00  0.00000000e+00  1.00000000e+00]]

[[ 8.97937192e-01 -3.52095990e-01 -2.64078043e-01 -6.09248944e+02]
 [-6.61572210e-02  4.85213667e-01 -8.71889282e-01  9.23829489e+02]
 [ 4.35122995e-01  8.00372483e-01  4.12397705e-01 -4.13444446e+02]
 [ 0.00000000e+00  0.00000000e+00  0.00000000e+00  1.00000000e+00]]

[[ 8.99705760e-01 -3.47957486e-01 -2.63543420e-01 -6.11137755e+02]
 [-6.54489283e-02  4.89404381e-01 -8.69597487e-01  9.23010744e+02]
 [ 4.31562260e-01  7.99630502e-01  4.17546496e-01 -4.12024302e+02]
 [ 0.00000000e+00  0.00000000e+00  0.00000000e+00  1.00000000e+00]]

[[ 8.97944198e-01 -3.71747947e-01 -2.35583703e-01 -6.08161199e+02]
 [-3.10058673e-02  4.80520112e-01 -8.76435428e-01  9.03324647e+02]
 [ 4.39015778e-01  7.94294584e-01  4.19953879e-01 -4.16108811e+02]
 [ 0.00000000e+00  0.00000000e+00  0.00000000e+00  1.00000000e+00]]

[[ 8.97790717e-01 -3.57188737e-01 -2.57658756e-01 -6.09315732e+02]
 [-5.79702677e-02  4.84098240e-01 -8.73091257e-01  9.18444034e+02]
 [ 4.36590513e-01  7.98789772e-01  4.13912579e-01 -4.14311193e+02]
 [ 0.00000000e+00  0.00000000e+00  0.00000000e+00  1.00000000e+00]]

[[ 9.01521154e-01 -3.56651528e-01 -2.45069981e-01 -6.11523494e+02]
 [-3.71617547e-02  5.00428346e-01 -8.64980043e-01  9.06828402e+02]
 [ 4.31136419e-01  7.88905037e-01  4.37892944e-01 -4.12243964e+02]
 [ 0.00000000e+00  0.00000000e+00  0.00000000e+00  1.00000000e+00]]

[[ 8.85683766e-01 -3.87939202e-01 -2.55083206e-01 -6.01774019e+02]
 [-4.27591975e-02  4.78916606e-01 -8.76818417e-01  9.09558877e+02]
 [ 4.62315820e-01  7.87490991e-01  4.07580694e-01 -4.28125440e+02]
 [ 0.00000000e+00  0.00000000e+00  0.00000000e+00  1.00000000e+00]]

[[ 8.86237554e-01 -3.95349166e-01 -2.41416725e-01 -6.01072943e+02]
 [-2.71696785e-02  4.75898228e-01 -8.79080591e-01  9.03434070e+02]
 [ 4.62433570e-01  7.85633447e-01  4.11017372e-01 -4.29629501e+02]
 [ 0.00000000e+00  0.00000000e+00  0.00000000e+00  1.00000000e+00]]

[[ 8.88199894e-01 -3.84000441e-01 -2.52278832e-01 -6.02948103e+02]
 [-3.55121061e-02  4.90061780e-01 -8.70964030e-01  9.06897037e+02]
 [ 4.58082785e-01  7.82549112e-01  4.21636157e-01 -4.27321963e+02]
 [ 0.00000000e+00  0.00000000e+00  0.00000000e+00  1.00000000e+00]]

[[ 8.90329309e-01 -3.81478583e-01 -2.48571542e-01 -6.04170422e+02]
 [-2.99421976e-02  4.95694576e-01 -8.67980617e-01  9.02306580e+02]
 [ 4.54331581e-01  7.80231362e-01  4.29909102e-01 -4.24507892e+02]
 [ 0.00000000e+00  0.00000000e+00  0.00000000e+00  1.00000000e+00]]

[[ 8.87060965e-01 -3.87216439e-01 -2.51368799e-01 -6.01974197e+02]
 [-3.26129314e-02  4.90576304e-01 -8.70787739e-01  9.04396118e+02]
 [ 4.60498904e-01  7.80639686e-01  4.22542827e-01 -4.28551035e+02]
 [ 0.00000000e+00  0.00000000e+00  0.00000000e+00  1.00000000e+00]]

[[ 8.86988247e-01 -3.82052346e-01 -2.59399027e-01 -6.02915482e+02]
 [-3.69939715e-02  5.01130637e-01 -8.64580552e-01  9.05647673e+02]
 [ 4.60307828e-01  7.76468988e-01  4.30363352e-01 -4.28333279e+02]
 [ 0.00000000e+00  0.00000000e+00  0.00000000e+00  1.00000000e+00]]

[[ 8.87680746e-01 -3.82315190e-01 -2.56628112e-01 -6.02278152e+02]
 [-3.61518875e-02  4.97743724e-01 -8.66570382e-01  9.06773895e+02]
 [ 4.59038053e-01  7.78515434e-01  4.28016104e-01 -4.27435354e+02]
 [ 0.00000000e+00  0.00000000e+00  0.00000000e+00  1.00000000e+00]]

[[ 8.84272976e-01 -3.91120597e-01 -2.55119545e-01 -6.00064117e+02]
 [-3.94480638e-02  4.81809521e-01 -8.75387592e-01  9.06174157e+02]
 [ 4.65301143e-01  7.84145563e-01  4.10622189e-01 -4.30852452e+02]
 [ 0.00000000e+00  0.00000000e+00  0.00000000e+00  1.00000000e+00]]

[[ 8.85420106e-01 -3.89404376e-01 -2.53762621e-01 -5.99963740e+02]
 [-4.30858069e-02  4.74854817e-01 -8.79008826e-01  9.10882046e+02]
 [ 4.62790287e-01  7.89225655e-01  4.03668201e-01 -4.29916579e+02]
 [ 0.00000000e+00  0.00000000e+00  0.00000000e+00  1.00000000e+00]]

[[ 8.87328083e-01 -3.82063753e-01 -2.58217277e-01 -6.02340907e+02]
 [-3.73542673e-02  4.98563533e-01 -8.66047956e-01  9.05259302e+02]
 [ 4.59623250e-01  7.78114190e-01  4.28117712e-01 -4.28958183e+02]
 [ 0.00000000e+00  0.00000000e+00  0.00000000e+00  1.00000000e+00]]

[[ 8.88360759e-01 -3.81817096e-01 -2.55011502e-01 -6.01726418e+02]
 [-3.86154741e-02  4.91305638e-01 -8.70130804e-01  9.09248536e+02]
 [ 4.57519405e-01  7.82837452e-01  4.21712601e-01 -4.29213383e+02]
 [ 0.00000000e+00  0.00000000e+00  0.00000000e+00  1.00000000e+00]]

[[ 8.87684469e-01 -3.82707791e-01 -2.56029355e-01 -6.01233467e+02]
 [-3.42285874e-02  4.99654324e-01 -8.65548358e-01  9.06350827e+02]
 [ 4.59178274e-01  7.77097358e-01  4.30435836e-01 -4.29230082e+02]
 [ 0.00000000e+00  0.00000000e+00  0.00000000e+00  1.00000000e+00]]

[[ 8.87465155e-01 -3.85144063e-01 -2.53119831e-01 -6.00526693e+02]
 [-4.23470826e-02  4.78747974e-01 -8.76930500e-01  9.09231807e+02]
 [ 4.58925182e-01  7.88964149e-01  4.08562418e-01 -4.28002686e+02]
 [ 0.00000000e+00  0.00000000e+00  0.00000000e+00  1.00000000e+00]]

[[ 8.97370432e-01 -3.51854302e-01 -2.66317213e-01 -6.07561350e+02]
 [-6.23197895e-02  4.96414732e-01 -8.65845631e-01  9.19491191e+02]
 [ 4.36855298e-01  7.93581101e-01  4.23540417e-01 -4.16024242e+02]
 [ 0.00000000e+00  0.00000000e+00  0.00000000e+00  1.00000000e+00]]

[[ 8.99193848e-01 -3.55900329e-01 -2.54529723e-01 -6.08083301e+02]
 [-5.34546574e-02  4.88004360e-01 -8.71202815e-01  9.14481214e+02]
 [ 4.34272983e-01  7.96986010e-01  4.19785988e-01 -4.16187416e+02]
 [ 0.00000000e+00  0.00000000e+00  0.00000000e+00  1.00000000e+00]]

[[ 8.95441383e-01 -3.60653252e-01 -2.60986514e-01 -6.06105654e+02]
 [-5.73812237e-02  4.87856601e-01 -8.71035781e-01  9.16408609e+02]
 [ 4.41465881e-01  7.94937210e-01  4.16152265e-01 -4.19606051e+02]
 [ 0.00000000e+00  0.00000000e+00  0.00000000e+00  1.00000000e+00]]

[[ 8.95395239e-01 -3.59789805e-01 -2.62333111e-01 -6.06156305e+02]
 [-5.09371152e-02  5.02519568e-01 -8.63064015e-01  9.12943681e+02]
 [ 4.42349156e-01  7.86145902e-01  4.31626974e-01 -4.19319519e+02]
 [ 0.00000000e+00  0.00000000e+00  0.00000000e+00  1.00000000e+00]]

[[ 8.96001015e-01 -3.61930904e-01 -2.57270678e-01 -6.06145327e+02]
 [-4.72480308e-02  4.98376408e-01 -8.65672328e-01  9.10831383e+02]
 [ 4.41531205e-01  7.87798818e-01  4.29445245e-01 -4.18748077e+02]
 [ 0.00000000e+00  0.00000000e+00  0.00000000e+00  1.00000000e+00]]

[[ 8.95953585e-01 -3.52466043e-01 -2.70249630e-01 -6.07451057e+02]
 [-6.24747135e-02  5.02406317e-01 -8.62371615e-01  9.17744444e+02]
 [ 4.39731832e-01  7.89528708e-01  4.28112526e-01 -4.17360664e+02]
 [ 0.00000000e+00  0.00000000e+00  0.00000000e+00  1.00000000e+00]]

[[ 8.93274724e-01 -3.68472635e-01 -2.57464921e-01 -6.04891708e+02]
 [-4.96531871e-02  4.88378604e-01 -8.71218056e-01  9.11265900e+02]
 [ 4.46760371e-01  7.91021022e-01  4.17960422e-01 -4.21914325e+02]
 [ 0.00000000e+00  0.00000000e+00  0.00000000e+00  1.00000000e+00]]

[[ 8.88579017e-01 -3.84403962e-01 -2.50321644e-01 -6.01854959e+02]
 [-2.52914877e-02  5.03807582e-01 -8.63445575e-01  8.97108088e+02]
 [ 4.58025842e-01  7.73570626e-01  4.37950698e-01 -4.27774402e+02]
 [ 0.00000000e+00  0.00000000e+00  0.00000000e+00  1.00000000e+00]]

[[ 8.90153270e-01 -3.81039261e-01 -2.49872441e-01 -6.02659455e+02]
 [-2.95435083e-02  4.98956652e-01 -8.66123225e-01  8.99482409e+02]
 [ 4.54702470e-01  7.78364530e-01  4.32890659e-01 -4.26653701e+02]
 [ 0.00000000e+00  0.00000000e+00  0.00000000e+00  1.00000000e+00]]

[[ 8.94588185e-01 -3.70665161e-01 -2.49638372e-01 -6.04150288e+02]
 [-4.39124297e-02  4.82997197e-01 -8.74520101e-01  9.10639179e+02]
 [ 4.44728768e-01  7.93297577e-01  4.15806778e-01 -4.21206525e+02]
 [ 0.00000000e+00  0.00000000e+00  0.00000000e+00  1.00000000e+00]]

[[ 8.96678429e-01 -3.63178569e-01 -2.53118790e-01 -6.05495268e+02]
 [-4.46843676e-02  4.94608301e-01 -8.67966552e-01  9.11029770e+02]
 [ 4.40421505e-01  7.89597338e-01  4.27276190e-01 -4.18873967e+02]
 [ 0.00000000e+00  0.00000000e+00  0.00000000e+00  1.00000000e+00]]

[[ 8.94757764e-01 -3.68166027e-01 -2.52709955e-01 -6.04964764e+02]
 [-3.93161768e-02  4.98766732e-01 -8.65844088e-01  9.05451311e+02]
 [ 4.44817696e-01  7.84656309e-01  4.31800525e-01 -4.20602839e+02]
 [ 0.00000000e+00  0.00000000e+00  0.00000000e+00  1.00000000e+00]]

[[ 8.89196569e-01 -3.86368548e-01 -2.45048579e-01 -6.00875419e+02]
 [-2.67388233e-02  4.90795633e-01 -8.70864330e-01  8.99793935e+02]
 [ 4.56743359e-01  7.80921885e-01  4.26082753e-01 -4.27327779e+02]
 [ 0.00000000e+00  0.00000000e+00  0.00000000e+00  1.00000000e+00]]

[[ 8.87186044e-01 -3.87365397e-01 -2.50696975e-01 -5.98954694e+02]
 [-3.47191547e-02  4.85741742e-01 -8.73412583e-01  9.06961039e+02]
 [ 4.60103797e-01  7.83583441e-01  4.17494296e-01 -4.29630674e+02]
 [ 0.00000000e+00  0.00000000e+00  0.00000000e+00  1.00000000e+00]]

[[ 8.92358536e-01 -3.87603775e-01 -2.31213227e-01 -6.01780635e+02]
 [-9.93194147e-03  4.95307483e-01 -8.68660955e-01  8.91100903e+02]
 [ 4.51217907e-01  7.77453414e-01  4.38142202e-01 -4.25243416e+02]
 [ 0.00000000e+00  0.00000000e+00  0.00000000e+00  1.00000000e+00]]

[[ 8.87673247e-01 -3.82008628e-01 -2.57110123e-01 -5.99732646e+02]
 [-3.68980810e-02  4.97555101e-01 -8.66647248e-01  9.06737158e+02]
 [ 4.58993179e-01  7.78786447e-01  4.27570967e-01 -4.29644190e+02]
 [ 0.00000000e+00  0.00000000e+00  0.00000000e+00  1.00000000e+00]]

[[ 8.87171864e-01 -3.79129042e-01 -2.63034700e-01 -5.99174370e+02]
 [-4.08308516e-02  5.03295985e-01 -8.63148882e-01  9.09695589e+02]
 [ 4.59629118e-01  7.76501333e-01  4.31029875e-01 -4.29074591e+02]
 [ 0.00000000e+00  0.00000000e+00  0.00000000e+00  1.00000000e+00]]

[[ 8.93142278e-01 -3.75813855e-01 -2.47104873e-01 -6.01636197e+02]
 [-3.65162559e-02  4.86995350e-01 -8.72640872e-01  9.06205427e+02]
 [ 4.48289454e-01  7.88415801e-01  4.21232821e-01 -4.23588033e+02]
 [ 0.00000000e+00  0.00000000e+00  0.00000000e+00  1.00000000e+00]]

[[ 9.01152650e-01 -3.51466317e-01 -2.53762348e-01 -6.07735287e+02]
 [-4.29790041e-02  5.10057293e-01 -8.59065983e-01  9.06912524e+02]
 [ 4.31366093e-01  7.85056040e-01  4.44533809e-01 -4.13429000e+02]
 [ 0.00000000e+00  0.00000000e+00  0.00000000e+00  1.00000000e+00]]

[[ 8.94701929e-01 -3.63996566e-01 -2.58872475e-01 -6.03277742e+02]
 [-4.97123064e-02  4.94820265e-01 -8.67572240e-01  9.12269535e+02]
 [ 4.43888663e-01  7.89087705e-01  4.24621537e-01 -4.20648630e+02]
 [ 0.00000000e+00  0.00000000e+00  0.00000000e+00  1.00000000e+00]]

[[ 8.99379455e-01 -3.54580483e-01 -2.55713273e-01 -6.06689351e+02]
 [-4.62771858e-02  5.04424368e-01 -8.62214868e-01  9.08510589e+02]
 [ 4.34712570e-01  7.87292028e-01  4.37259926e-01 -4.15979793e+02]
 [ 0.00000000e+00  0.00000000e+00  0.00000000e+00  1.00000000e+00]]

[[ 9.01092255e-01 -3.52702900e-01 -2.52256641e-01 -6.07442601e+02]
 [-4.55641311e-02  5.01501793e-01 -8.63955937e-01  9.08812499e+02]
 [ 4.31226922e-01  7.89997858e-01  4.35828780e-01 -4.13602696e+02]
 [ 0.00000000e+00  0.00000000e+00  0.00000000e+00  1.00000000e+00]]

[[ 9.00735177e-01 -3.49341362e-01 -2.58140957e-01 -6.07586188e+02]
 [-4.64810407e-02  5.13359052e-01 -8.56914229e-01  9.09661864e+02]
 [ 4.31874581e-01  7.83851450e-01  4.46162807e-01 -4.13523700e+02]
 [ 0.00000000e+00  0.00000000e+00  0.00000000e+00  1.00000000e+00]]

[[ 9.07019535e-01 -3.35165566e-01 -2.54910977e-01 -6.08352611e+02]
 [-5.01825871e-02  5.15011392e-01 -8.55713137e-01  9.05217044e+02]
 [ 4.18087635e-01  7.88940624e-01  4.50305918e-01 -4.12913337e+02]
 [ 0.00000000e+00  0.00000000e+00  0.00000000e+00  1.00000000e+00]]

[[ 9.17125012e-01 -2.72854922e-01 -2.90571685e-01 -5.85179653e+02]
 [-1.11302151e-01  5.24681566e-01 -8.43991164e-01  9.26307338e+02]
 [ 3.82744750e-01  8.06386660e-01  4.50829248e-01 -4.13852661e+02]
 [ 0.00000000e+00  0.00000000e+00  0.00000000e+00  1.00000000e+00]]

[[ 9.20738171e-01 -2.44073119e-01 -3.04416710e-01 -5.45043977e+02]
 [-1.30550920e-01  5.42516193e-01 -8.29838922e-01  9.21036644e+02]
 [ 3.67692369e-01  8.03806253e-01  4.67651397e-01 -4.22235575e+02]
 [ 0.00000000e+00  0.00000000e+00  0.00000000e+00  1.00000000e+00]]

[[ 9.18846186e-01 -2.37697077e-01 -3.14994899e-01 -5.24000504e+02]
 [-1.51503806e-01  5.24566601e-01 -8.37780686e-01  9.34078077e+02]
 [ 3.64373824e-01  8.17514514e-01  4.45984009e-01 -4.24265774e+02]
 [ 0.00000000e+00  0.00000000e+00  0.00000000e+00  1.00000000e+00]]

[[ 9.19187715e-01 -2.31438297e-01 -3.18638134e-01 -5.23324138e+02]
 [-1.50436795e-01  5.41391245e-01 -8.27202690e-01  9.35560924e+02]
 [ 3.63954277e-01  8.08289450e-01  4.62823345e-01 -4.22256346e+02]
 [ 0.00000000e+00  0.00000000e+00  0.00000000e+00  1.00000000e+00]]

[[ 9.16346891e-01 -2.24993017e-01 -3.31189550e-01 -5.23036618e+02]
 [-1.73784069e-01  5.21695085e-01 -8.35244477e-01  9.49531578e+02]
 [ 3.60704136e-01  8.22929147e-01  4.38953467e-01 -4.21002427e+02]
 [ 0.00000000e+00  0.00000000e+00  0.00000000e+00  1.00000000e+00]]

[[ 9.16460845e-01 -2.18252096e-01 -3.35358825e-01 -5.24562295e+02]
 [-1.77430672e-01  5.29553512e-01 -8.29512769e-01  9.49614790e+02]
 [ 3.58633345e-01  8.19718915e-01  4.46590443e-01 -4.20294320e+02]
 [ 0.00000000e+00  0.00000000e+00  0.00000000e+00  1.00000000e+00]]

[[ 9.17052186e-01 -2.30639631e-01 -3.25300860e-01 -5.23426921e+02]
 [-1.63444562e-01  5.26694596e-01 -8.34193430e-01  9.41976473e+02]
 [ 3.63732269e-01  8.18167564e-01  4.45309637e-01 -4.22505930e+02]
 [ 0.00000000e+00  0.00000000e+00  0.00000000e+00  1.00000000e+00]]

[[ 9.17816613e-01 -2.29789455e-01 -3.23742908e-01 -5.23323834e+02]
 [-1.62242809e-01  5.27160060e-01 -8.34134007e-01  9.43431265e+02]
 [ 3.62339530e-01  8.18107008e-01  4.46554575e-01 -4.21946434e+02]
 [ 0.00000000e+00  0.00000000e+00  0.00000000e+00  1.00000000e+00]]

[[ 9.15398719e-01 -2.29775392e-01 -3.30527539e-01 -5.22743253e+02]
 [-1.68950847e-01  5.25969959e-01 -8.33553365e-01  9.44626926e+02]
 [ 3.65377608e-01  8.18876591e-01  4.42651480e-01 -4.23209915e+02]
 [ 0.00000000e+00  0.00000000e+00  0.00000000e+00  1.00000000e+00]]

[[ 9.17641176e-01 -2.22774468e-01 -3.29099087e-01 -5.24550398e+02]
 [-1.71018803e-01  5.26147058e-01 -8.33019713e-01  9.46526170e+02]
 [ 3.58730040e-01  8.20695321e-01  4.44715582e-01 -4.19554891e+02]
 [ 0.00000000e+00  0.00000000e+00  0.00000000e+00  1.00000000e+00]]

[[ 9.20243557e-01 -2.25912719e-01 -3.19554753e-01 -5.25560418e+02]
 [-1.57868010e-01  5.32869356e-01 -8.31341050e-01  9.38345142e+02]
 [ 3.58091452e-01  8.15483717e-01  4.54705200e-01 -4.20015366e+02]
 [ 0.00000000e+00  0.00000000e+00  0.00000000e+00  1.00000000e+00]]

[[ 9.14223960e-01 -2.48810311e-01 -3.19824920e-01 -5.26012111e+02]
 [-1.57098007e-01  5.09914259e-01 -8.45758633e-01  9.49575331e+02]
 [ 3.73516756e-01  8.23456664e-01  4.27088229e-01 -4.18844813e+02]
 [ 0.00000000e+00  0.00000000e+00  0.00000000e+00  1.00000000e+00]]

[[ 9.16343016e-01 -2.62487160e-01 -3.02350736e-01 -5.50042857e+02]
 [-1.19364999e-01  5.41707455e-01 -8.32048695e-01  9.23911025e+02]
 [ 3.82187747e-01  7.98532106e-01  4.65058063e-01 -4.19200434e+02]
 [ 0.00000000e+00  0.00000000e+00  0.00000000e+00  1.00000000e+00]]

[[ 9.14521359e-01 -2.62857469e-01 -3.07500627e-01 -5.49593411e+02]
 [-1.20807183e-01  5.47987756e-01 -8.27716765e-01  9.23953713e+02]
 [ 3.86078112e-01  7.94112946e-01  4.69391437e-01 -4.21327296e+02]
 [ 0.00000000e+00  0.00000000e+00  0.00000000e+00  1.00000000e+00]]

[[ 9.16962502e-01 -2.64051831e-01 -2.99092630e-01 -5.50993352e+02]
 [-1.14154116e-01  5.44677529e-01 -8.30840073e-01  9.19069609e+02]
 [ 3.82293877e-01  7.95991847e-01  4.69306266e-01 -4.19559269e+02]
 [ 0.00000000e+00  0.00000000e+00  0.00000000e+00  1.00000000e+00]]

[[ 9.12175132e-01 -2.79516093e-01 -2.99678633e-01 -5.46821242e+02]
 [-1.17756099e-01  5.21656193e-01 -8.44990128e-01  9.25453962e+02]
 [ 3.92517554e-01  8.06067968e-01  4.42927082e-01 -4.24617711e+02]
 [ 0.00000000e+00  0.00000000e+00  0.00000000e+00  1.00000000e+00]]

[[ 9.09524208e-01 -2.94640479e-01 -2.93176915e-01 -5.66064217e+02]
 [-1.06229166e-01  5.17143783e-01 -8.49280680e-01  9.25263907e+02]
 [ 4.01847085e-01  8.03585276e-01  4.39055377e-01 -4.20568419e+02]
 [ 0.00000000e+00  0.00000000e+00  0.00000000e+00  1.00000000e+00]]

[[ 9.05885134e-01 -3.12225884e-01 -2.86159260e-01 -5.68114003e+02]
 [-9.97362491e-02  4.99393280e-01 -8.60615496e-01  9.29202506e+02]
 [ 4.11612445e-01  8.08159235e-01  4.21252710e-01 -4.21943494e+02]
 [ 0.00000000e+00  0.00000000e+00  0.00000000e+00  1.00000000e+00]]

[[ 9.08203044e-01 -3.05652539e-01 -2.85908651e-01 -5.70005523e+02]
 [-1.13504541e-01  4.77649702e-01 -8.71187397e-01  9.37308904e+02]
 [ 4.02844822e-01  8.23666976e-01  3.99109962e-01 -4.18231254e+02]
 [ 0.00000000e+00  0.00000000e+00  0.00000000e+00  1.00000000e+00]]

[[ 9.08577853e-01 -3.03932778e-01 -2.86550433e-01 -5.70389417e+02]
 [-1.05587089e-01  4.96612069e-01 -8.61526447e-01  9.31903602e+02]
 [ 4.04150530e-01  8.13019876e-01  4.19119350e-01 -4.18343772e+02]
 [ 0.00000000e+00  0.00000000e+00  0.00000000e+00  1.00000000e+00]]

[[ 9.02016616e-01 -3.37228795e-01 -2.69523215e-01 -5.73278245e+02]
 [-6.35055964e-02  5.13882204e-01 -8.55506937e-01  9.09691718e+02]
 [ 4.27004757e-01  7.88797705e-01  4.42114372e-01 -4.20222637e+02]
 [ 0.00000000e+00  0.00000000e+00  0.00000000e+00  1.00000000e+00]]

[[ 8.97002841e-01 -3.55259510e-01 -2.63014417e-01 -6.08238393e+02]
 [-5.04404233e-02  5.08868246e-01 -8.59365389e-01  9.10971049e+02]
 [ 4.39137412e-01  7.84119754e-01  4.38536823e-01 -4.17485941e+02]
 [ 0.00000000e+00  0.00000000e+00  0.00000000e+00  1.00000000e+00]]

[[ 8.94595125e-01 -3.77964915e-01 -2.38415783e-01 -6.06891160e+02]
 [-1.11256054e-02  5.14511844e-01 -8.57411094e-01  8.85903113e+02]
 [ 4.46739055e-01  7.69688305e-01  4.56074699e-01 -4.20064833e+02]
 [ 0.00000000e+00  0.00000000e+00  0.00000000e+00  1.00000000e+00]]

[[ 8.98667539e-01 -3.68169923e-01 -2.38427267e-01 -6.09081635e+02]
 [-1.41042691e-02  5.19036067e-01 -8.54635964e-01  8.90060654e+02]
 [ 4.38403608e-01  7.71396441e-01  4.61248097e-01 -4.14966359e+02]
 [ 0.00000000e+00  0.00000000e+00  0.00000000e+00  1.00000000e+00]]

[[ 8.96133382e-01 -3.77621807e-01 -2.33123856e-01 -6.07011419e+02]
 [-1.46430351e-02  4.99861979e-01 -8.65981283e-01  8.91006485e+02]
 [ 4.43543169e-01  7.79448377e-01  4.42413477e-01 -4.18548277e+02]
 [ 0.00000000e+00  0.00000000e+00  0.00000000e+00  1.00000000e+00]]

[[ 8.97492927e-01 -3.74257085e-01 -2.33319696e-01 -6.07767787e+02]
 [-1.30422203e-02  5.06281017e-01 -8.62269930e-01  8.90292324e+02]
 [ 4.40835963e-01  7.76924170e-01  4.49502488e-01 -4.17101862e+02]
 [ 0.00000000e+00  0.00000000e+00  0.00000000e+00  1.00000000e+00]]

[[ 9.01535679e-01 -3.69618921e-01 -2.24978383e-01 -6.10736574e+02]
 [-9.37188037e-03  5.03133695e-01 -8.64157771e-01  8.93329313e+02]
 [ 4.32603268e-01  7.81177533e-01  4.50128953e-01 -4.14204947e+02]
 [ 0.00000000e+00  0.00000000e+00  0.00000000e+00  1.00000000e+00]]

[[ 9.04645279e-01 -3.66951487e-01 -2.16710696e-01 -6.19997102e+02]
 [ 3.44924187e-03  5.14801055e-01 -8.57302733e-01  9.05897154e+02]
 [ 4.26151407e-01  7.74807383e-01  4.66978048e-01 -4.37536867e+02]
 [ 0.00000000e+00  0.00000000e+00  0.00000000e+00  1.00000000e+00]]

[[ 8.99151257e-01 -3.97365324e-01 -1.83378887e-01 -6.24751684e+02]
 [ 5.12001149e-02  5.11655358e-01 -8.57663887e-01  8.99478904e+02]
 [ 4.34632679e-01  7.61780542e-01  4.80400708e-01 -4.80448337e+02]
 [ 0.00000000e+00  0.00000000e+00  0.00000000e+00  1.00000000e+00]]

[[ 8.97925034e-01 -3.98886796e-01 -1.86064391e-01 -6.25839299e+02]
 [ 5.94263443e-02  5.28728151e-01 -8.46708363e-01  8.99229903e+02]
 [ 4.36118268e-01  7.49223509e-01  4.98462627e-01 -4.94418230e+02]
 [ 0.00000000e+00  0.00000000e+00  0.00000000e+00  1.00000000e+00]]

[[ 9.00731376e-01 -3.86316941e-01 -1.98600627e-01 -6.27944254e+02]
 [ 4.81871106e-02  5.43252770e-01 -8.38185200e-01  9.05193761e+02]
 [ 4.31695484e-01  7.45409718e-01  5.07940313e-01 -4.90838405e+02]
 [ 0.00000000e+00  0.00000000e+00  0.00000000e+00  1.00000000e+00]]

[[ 9.01972324e-01 -3.89572569e-01 -1.86223359e-01 -6.30474077e+02]
 [ 5.82823589e-02  5.37172973e-01 -8.41456097e-01  8.94037222e+02]
 [ 4.27842369e-01  7.48116575e-01  5.07220364e-01 -4.90873035e+02]
 [ 0.00000000e+00  0.00000000e+00  0.00000000e+00  1.00000000e+00]]

[[ 8.97399523e-01 -3.93715307e-01 -1.99154094e-01 -6.24588932e+02]
 [ 3.82765161e-02  5.19140080e-01 -8.53831649e-01  9.15149333e+02]
 [ 4.39555462e-01  7.58605190e-01  4.80946110e-01 -4.94597769e+02]
 [ 0.00000000e+00  0.00000000e+00  0.00000000e+00  1.00000000e+00]]

[[ 8.98637460e-01 -4.01409193e-01 -1.76978460e-01 -6.27163823e+02]
 [ 6.97775644e-02  5.29075162e-01 -8.45701226e-01  8.91301316e+02]
 [ 4.33107155e-01  7.47629676e-01  5.03456116e-01 -4.93336453e+02]
 [ 0.00000000e+00  0.00000000e+00  0.00000000e+00  1.00000000e+00]]

[[ 8.95254024e-01 -4.07107036e-01 -1.81063782e-01 -6.24276617e+02]
 [ 6.66244251e-02  5.24124286e-01 -8.49031754e-01  8.95410677e+02]
 [ 4.40546726e-01  7.48035824e-01  4.96347649e-01 -4.96486887e+02]
 [ 0.00000000e+00  0.00000000e+00  0.00000000e+00  1.00000000e+00]]

[[ 8.98718395e-01 -4.10469257e-01 -1.54338059e-01 -6.46674633e+02]
 [ 9.01874193e-02  5.17428918e-01 -8.50960366e-01  9.07723129e+02]
 [ 4.29152043e-01  7.50854383e-01  5.02042050e-01 -5.03024110e+02]
 [ 0.00000000e+00  0.00000000e+00  0.00000000e+00  1.00000000e+00]]

[[ 8.92445498e-01 -4.36494328e-01 -1.14077754e-01 -6.76198513e+02]
 [ 1.35429923e-01  5.00388325e-01 -8.55143415e-01  9.12079911e+02]
 [ 4.30348427e-01  7.47719350e-01  5.05683701e-01 -5.35491495e+02]
 [ 0.00000000e+00  0.00000000e+00  0.00000000e+00  1.00000000e+00]]

[[ 8.85984699e-01 -4.49290047e-01 -1.14758734e-01 -6.89257982e+02]
 [ 1.52471477e-01  5.15971051e-01 -8.42927235e-01  9.30199509e+02]
 [ 4.37931001e-01  7.29323198e-01  5.25646374e-01 -5.67681608e+02]
 [ 0.00000000e+00  0.00000000e+00  0.00000000e+00  1.00000000e+00]]

[[ 8.86986574e-01 -4.47592922e-01 -1.13645915e-01 -6.90307279e+02]
 [ 1.63278634e-01  5.34169789e-01 -8.29459296e-01  9.21679260e+02]
 [ 4.31966324e-01  7.17163310e-01  5.46883792e-01 -5.68012737e+02]
 [ 0.00000000e+00  0.00000000e+00  0.00000000e+00  1.00000000e+00]]

[[ 8.89935058e-01 -4.42497129e-01 -1.10507392e-01 -6.93436442e+02]
 [ 1.58420319e-01  5.27113432e-01 -8.34897857e-01  9.24812706e+02]
 [ 4.27689836e-01  7.25498257e-01  5.39197259e-01 -5.64764401e+02]
 [ 0.00000000e+00  0.00000000e+00  0.00000000e+00  1.00000000e+00]]

[[ 8.94401703e-01 -4.32025127e-01 -1.15757868e-01 -6.96333590e+02]
 [ 1.58741145e-01  5.48584990e-01 -8.20887177e-01  9.19618438e+02]
 [ 4.18146915e-01  7.15827353e-01  5.59235512e-01 -5.60219056e+02]
 [ 0.00000000e+00  0.00000000e+00  0.00000000e+00  1.00000000e+00]]

[[ 8.90192617e-01 -4.38564996e-01 -1.23360646e-01 -6.91953388e+02]
 [ 1.48765596e-01  5.35754433e-01 -8.31165438e-01  9.28996501e+02]
 [ 4.30611080e-01  7.21545516e-01  5.42168024e-01 -5.65987511e+02]
 [ 0.00000000e+00  0.00000000e+00  0.00000000e+00  1.00000000e+00]]

[[ 8.88204507e-01 -4.42328233e-01 -1.24251711e-01 -6.89204796e+02]
 [ 1.44734845e-01  5.26042660e-01 -8.38051875e-01  9.35545705e+02]
 [ 4.36055705e-01  7.26377900e-01  5.31253770e-01 -5.66523734e+02]
 [ 0.00000000e+00  0.00000000e+00  0.00000000e+00  1.00000000e+00]]

[[ 8.92224546e-01 -4.36863904e-01 -1.14390951e-01 -6.94839771e+02]
 [ 1.54824012e-01  5.33868415e-01 -8.31272543e-01  9.26265202e+02]
 [ 4.24222684e-01  7.23971301e-01  5.43967526e-01 -5.63573846e+02]
 [ 0.00000000e+00  0.00000000e+00  0.00000000e+00  1.00000000e+00]]

[[ 8.83793162e-01 -4.51773002e-01 -1.21699638e-01 -6.85742456e+02]
 [ 1.51357369e-01  5.22187374e-01 -8.39292138e-01  9.32257756e+02]
 [ 4.42719543e-01  7.23340516e-01  5.29884803e-01 -5.71209494e+02]
 [ 0.00000000e+00  0.00000000e+00  0.00000000e+00  1.00000000e+00]]

[[ 8.87933142e-01 -4.42543360e-01 -1.25419739e-01 -6.88997129e+02]
 [ 1.42492853e-01  5.23900404e-01 -8.39776252e-01  9.36869877e+02]
 [ 4.37344856e-01  7.27793750e-01  5.28247797e-01 -5.67875232e+02]
 [ 0.00000000e+00  0.00000000e+00  0.00000000e+00  1.00000000e+00]]

[[ 8.87382348e-01 -4.48057038e-01 -1.08616110e-01 -6.91658924e+02]
 [ 1.66584566e-01  5.31286180e-01 -8.30653103e-01  9.17953119e+02]
 [ 4.29886206e-01  7.19013134e-01  5.46093365e-01 -5.66582886e+02]
 [ 0.00000000e+00  0.00000000e+00  0.00000000e+00  1.00000000e+00]]

[[ 8.89442026e-01 -4.42433182e-01 -1.14654972e-01 -6.92143139e+02]
 [ 1.56994005e-01  5.31346057e-01 -8.32480781e-01  9.25657399e+02]
 [ 4.29238588e-01  7.22443249e-01  5.42060870e-01 -5.65766739e+02]
 [ 0.00000000e+00  0.00000000e+00  0.00000000e+00  1.00000000e+00]]

[[ 8.91549267e-01 -4.36166956e-01 -1.22058555e-01 -6.91754631e+02]
 [ 1.45371590e-01  5.30799260e-01 -8.34936672e-01  9.36064407e+02]
 [ 4.28960377e-01  7.26643332e-01  5.36639975e-01 -5.62773965e+02]
 [ 0.00000000e+00  0.00000000e+00  0.00000000e+00  1.00000000e+00]]

[[ 8.89196285e-01 -4.37662225e-01 -1.33348205e-01 -6.82817473e+02]
 [ 1.42458074e-01  5.41812114e-01 -8.28338898e-01  9.26272907e+02]
 [ 4.34782318e-01  7.17559343e-01  5.44125836e-01 -5.65258564e+02]
 [ 0.00000000e+00  0.00000000e+00  0.00000000e+00  1.00000000e+00]]

[[ 8.93100873e-01 -4.18181915e-01 -1.65815308e-01 -6.53871241e+02]
 [ 9.58181474e-02  5.36971737e-01 -8.38140940e-01  9.21740228e+02]
 [ 4.39533517e-01  7.32656290e-01  5.19639344e-01 -5.33204750e+02]
 [ 0.00000000e+00  0.00000000e+00  0.00000000e+00  1.00000000e+00]]

[[ 8.88092466e-01 -4.27312256e-01 -1.69398961e-01 -6.35534074e+02]
 [ 9.04725547e-02  5.23812559e-01 -8.47015419e-01  9.02622911e+02]
 [ 4.50673373e-01  7.36902055e-01  5.03854018e-01 -5.19310510e+02]
 [ 0.00000000e+00  0.00000000e+00  0.00000000e+00  1.00000000e+00]]

[[ 8.92013079e-01 -4.22826809e-01 -1.59781590e-01 -6.37561442e+02]
 [ 9.10253322e-02  5.14285113e-01 -8.52775006e-01  9.03081932e+02]
 [ 4.42749428e-01  7.46142287e-01  4.97236998e-01 -5.12585516e+02]
 [ 0.00000000e+00  0.00000000e+00  0.00000000e+00  1.00000000e+00]]

[[ 9.00886340e-01 -4.00731746e-01 -1.66786899e-01 -6.44821393e+02]
 [ 7.84480605e-02  5.28244894e-01 -8.45460368e-01  9.08174070e+02]
 [ 4.26907138e-01  7.48579588e-01  5.07325238e-01 -5.05282114e+02]
 [ 0.00000000e+00  0.00000000e+00  0.00000000e+00  1.00000000e+00]]

[[ 9.01307446e-01 -4.02021001e-01 -1.61319570e-01 -6.46611645e+02]
 [ 9.05964083e-02  5.39114731e-01 -8.37345566e-01  8.96694898e+02]
 [ 4.23600259e-01  7.40090820e-01  5.22329780e-01 -5.04535196e+02]
 [ 0.00000000e+00  0.00000000e+00  0.00000000e+00  1.00000000e+00]]

[[ 9.04374621e-01 -3.91396631e-01 -1.70044765e-01 -6.48237020e+02]
 [ 7.80714365e-02  5.43500365e-01 -8.35770426e-01  9.04967903e+02]
 [ 4.19537121e-01  7.42573923e-01  5.22084834e-01 -5.02609897e+02]
 [ 0.00000000e+00  0.00000000e+00  0.00000000e+00  1.00000000e+00]]

[[ 9.02965029e-01 -3.97712050e-01 -1.62724559e-01 -6.47407758e+02]
 [ 9.16876007e-02  5.48277026e-01 -8.31255488e-01  8.96269598e+02]
 [ 4.19818461e-01  7.35674812e-01  5.31540244e-01 -5.02419999e+02]
 [ 0.00000000e+00  0.00000000e+00  0.00000000e+00  1.00000000e+00]]

[[ 8.98482951e-01 -4.08018637e-01 -1.62015983e-01 -6.43813802e+02]
 [ 8.52145141e-02  5.24121220e-01 -8.47369715e-01  9.02966022e+02]
 [ 4.30658650e-01  7.47541129e-01  5.05683090e-01 -5.07746632e+02]
 [ 0.00000000e+00  0.00000000e+00  0.00000000e+00  1.00000000e+00]]

[[ 8.97550016e-01 -4.11405498e-01 -1.58585893e-01 -6.44101783e+02]
 [ 9.17561853e-02  5.26086432e-01 -8.45466657e-01  8.95849862e+02]
 [ 4.31259518e-01  7.44297375e-01  5.09937884e-01 -5.09782175e+02]
 [ 0.00000000e+00  0.00000000e+00  0.00000000e+00  1.00000000e+00]]

[[ 8.96193142e-01 -4.12810799e-01 -1.62557980e-01 -6.42213126e+02]
 [ 8.35167980e-02  5.16818872e-01 -8.52011266e-01  9.03850244e+02]
 [ 4.35732484e-01  7.49990331e-01  4.97646165e-01 -5.10463756e+02]
 [ 0.00000000e+00  0.00000000e+00  0.00000000e+00  1.00000000e+00]]

[[ 8.98362909e-01 -4.03296764e-01 -1.74056899e-01 -6.41787709e+02]
 [ 6.59691411e-02  5.15636991e-01 -8.54263757e-01  9.20219662e+02]
 [ 4.34271985e-01  7.55956489e-01  4.89834288e-01 -5.06720837e+02]
 [ 0.00000000e+00  0.00000000e+00  0.00000000e+00  1.00000000e+00]]

[[ 8.95275827e-01 -4.10687244e-01 -1.72676522e-01 -6.41029760e+02]
 [ 8.20339291e-02  5.32928107e-01 -8.42174606e-01  9.04214784e+02]
 [ 4.37894539e-01  7.39813234e-01  5.10807940e-01 -5.12103280e+02]
 [ 0.00000000e+00  0.00000000e+00  0.00000000e+00  1.00000000e+00]]

[[ 8.97128979e-01 -4.07874772e-01 -1.69699045e-01 -6.41986714e+02]
 [ 7.97338900e-02  5.27324713e-01 -8.45914389e-01  9.08491694e+02]
 [ 4.34513639e-01  7.45363547e-01  5.05599723e-01 -5.09495530e+02]
 [ 0.00000000e+00  0.00000000e+00  0.00000000e+00  1.00000000e+00]]

[[ 9.01354838e-01 -4.01162423e-01 -1.63181394e-01 -6.46067937e+02]
 [ 8.48872722e-02  5.33134056e-01 -8.41761385e-01  9.02876464e+02]
 [ 4.24680595e-01  7.44873673e-01  5.14596544e-01 -5.05636722e+02]
 [ 0.00000000e+00  0.00000000e+00  0.00000000e+00  1.00000000e+00]]

[[ 8.94416282e-01 -4.15077674e-01 -1.66523386e-01 -6.40665917e+02]
 [ 8.10393216e-02  5.16591268e-01 -8.52388462e-01  9.06405870e+02]
 [ 4.39831947e-01  7.48895177e-01  4.95685255e-01 -5.13815550e+02]
 [ 0.00000000e+00  0.00000000e+00  0.00000000e+00  1.00000000e+00]]

[[ 8.95985054e-01 -4.08981470e-01 -1.73046067e-01 -6.40663562e+02]
 [ 7.53601594e-02  5.24045987e-01 -8.48349368e-01  9.10885445e+02]
 [ 4.37643268e-01  7.47067574e-01  5.00358281e-01 -5.10904050e+02]
 [ 0.00000000e+00  0.00000000e+00  0.00000000e+00  1.00000000e+00]]

[[ 8.96942398e-01 -4.10612694e-01 -1.63986430e-01 -6.41681241e+02]
 [ 8.73985091e-02  5.28220271e-01 -8.44597446e-01  9.03282545e+02]
 [ 4.33423390e-01  7.43223089e-01  5.09670094e-01 -5.08059849e+02]
 [ 0.00000000e+00  0.00000000e+00  0.00000000e+00  1.00000000e+00]]

[[ 8.98961587e-01 -4.07066343e-01 -1.61756165e-01 -6.44769828e+02]
 [ 8.31178472e-02  5.21098889e-01 -8.49439445e-01  9.03892958e+02]
 [ 4.30069167e-01  7.50168608e-01  5.02282363e-01 -5.08337808e+02]
 [ 0.00000000e+00  0.00000000e+00  0.00000000e+00  1.00000000e+00]]

[[ 9.00031591e-01 -4.04329465e-01 -1.62667817e-01 -6.44779749e+02]
 [ 8.41433849e-02  5.27428185e-01 -8.45422616e-01  9.04360587e+02]
 [ 4.27624866e-01  7.47219642e-01  5.08723678e-01 -5.06219674e+02]
 [ 0.00000000e+00  0.00000000e+00  0.00000000e+00  1.00000000e+00]]

[[ 8.99992304e-01 -3.99388364e-01 -1.74650475e-01 -6.44045162e+02]
 [ 7.23876423e-02  5.32032624e-01 -8.43623919e-01  9.11522355e+02]
 [ 4.29853327e-01  7.46612498e-01  5.07736049e-01 -5.06798868e+02]
 [ 0.00000000e+00  0.00000000e+00  0.00000000e+00  1.00000000e+00]]

[[ 8.95963027e-01 -4.07454049e-01 -1.76724224e-01 -6.41723429e+02]
 [ 7.99989020e-02  5.39462969e-01 -8.38200382e-01  9.02961727e+02]
 [ 4.36864315e-01  7.36858808e-01  5.15934751e-01 -5.11775181e+02]
 [ 0.00000000e+00  0.00000000e+00  0.00000000e+00  1.00000000e+00]]

[[ 8.98339778e-01 -4.05589388e-01 -1.68768753e-01 -6.43853636e+02]
 [ 7.96329252e-02  5.28157810e-01 -8.45404001e-01  9.04748430e+02]
 [ 4.32023427e-01  7.46020493e-01  5.06763439e-01 -5.09262484e+02]
 [ 0.00000000e+00  0.00000000e+00  0.00000000e+00  1.00000000e+00]]

[[ 8.98284741e-01 -4.09592960e-01 -1.59116724e-01 -6.43104151e+02]
 [ 8.40550257e-02  5.15595051e-01 -8.52699534e-01  9.06829653e+02]
 [ 4.31299521e-01  7.52592420e-01  4.97579514e-01 -5.05966423e+02]
 [ 0.00000000e+00  0.00000000e+00  0.00000000e+00  1.00000000e+00]]

[[ 8.98861244e-01 -4.03857863e-01 -1.70139035e-01 -6.44218486e+02]
 [ 8.34196983e-02  5.38820529e-01 -8.38280139e-01  9.00998305e+02]
 [ 4.30220430e-01  7.39304581e-01  5.18014592e-01 -5.07766908e+02]
 [ 0.00000000e+00  0.00000000e+00  0.00000000e+00  1.00000000e+00]]

[[ 9.00355619e-01 -4.01341369e-01 -1.68181047e-01 -6.45499172e+02]
 [ 8.34448762e-02  5.38548652e-01 -8.38452325e-01  9.01035697e+02]
 [ 4.27079280e-01  7.40871416e-01  5.18375186e-01 -5.07187044e+02]
 [ 0.00000000e+00  0.00000000e+00  0.00000000e+00  1.00000000e+00]]

[[ 9.00980587e-01 -4.03556117e-01 -1.59299852e-01 -6.46253886e+02]
 [ 9.02432686e-02  5.33454341e-01 -8.41000962e-01  8.98709035e+02]
 [ 4.24370280e-01  7.43349801e-01  5.17050228e-01 -5.04209905e+02]
 [ 0.00000000e+00  0.00000000e+00  0.00000000e+00  1.00000000e+00]]

[[ 9.01193669e-01 -3.99026016e-01 -1.69198729e-01 -6.46551421e+02]
 [ 7.99531294e-02  5.36737378e-01 -8.39952668e-01  9.02644595e+02]
 [ 4.25978249e-01  7.43432058e-01  5.15607706e-01 -5.06077906e+02]
 [ 0.00000000e+00  0.00000000e+00  0.00000000e+00  1.00000000e+00]]

