[[ 2.73828142e-02  9.79920913e-01 -1.97497306e-01 -1.68083630e+01]
 [-6.09691026e-02  1.98840775e-01  9.78133485e-01  9.51954649e+01]
 [ 9.97763975e-01 -1.47428140e-02  6.51897187e-02 -2.14515295e+02]
 [ 0.00000000e+00  0.00000000e+00  0.00000000e+00  1.00000000e+00]]

[[ 1.12687250e-01  9.83634366e-01  1.40588110e-01 -3.15971972e+02]
 [-1.10607371e-02 -1.40238785e-01  9.90055929e-01  9.12002172e+01]
 [ 9.93568943e-01 -1.13121688e-01 -4.92340191e-03 -1.53419544e+02]
 [ 0.00000000e+00  0.00000000e+00  0.00000000e+00  1.00000000e+00]]

[[ 1.10056324e-01  9.86503670e-01  1.21235778e-01 -2.99295439e+02]
 [-4.60822222e-02 -1.16781037e-01  9.92088009e-01  8.86311331e+01]
 [ 9.92856502e-01 -1.14772373e-01  3.26077896e-02 -1.85822108e+02]
 [ 0.00000000e+00  0.00000000e+00  0.00000000e+00  1.00000000e+00]]

[[ 1.12584138e-01  9.83729025e-01  1.40007205e-01 -3.15548119e+02]
 [-2.17070977e-02 -1.38434437e-01  9.90133682e-01  9.06451529e+01]
 [ 9.93405060e-01 -1.14512497e-01  5.76838026e-03 -1.62480328e+02]
 [ 0.00000000e+00  0.00000000e+00  0.00000000e+00  1.00000000e+00]]

[[ 1.12619462e-01  9.83396340e-01  1.42297208e-01 -3.17518742e+02]
 [-2.72112621e-02 -1.40102212e-01  9.89763061e-01  9.14697476e+01]
 [ 9.93265525e-01 -1.15338671e-01  1.09812197e-02 -1.67238201e+02]
 [ 0.00000000e+00  0.00000000e+00  0.00000000e+00  1.00000000e+00]]

[[ 1.11589900e-01  9.80999759e-01  1.58704651e-01 -3.31492434e+02]
 [-2.51071790e-02 -1.56867986e-01  9.87300392e-01  9.52675819e+01]
 [ 9.93437126e-01 -1.14157378e-01  7.12525370e-03 -1.63928277e+02]
 [ 0.00000000e+00  0.00000000e+00  0.00000000e+00  1.00000000e+00]]

[[ 1.12352092e-01  9.83723524e-01  1.40232076e-01 -3.15703911e+02]
 [-3.22087048e-02 -1.37446136e-01  9.89985434e-01  9.07244237e+01]
 [ 9.93146317e-01 -1.15743628e-01  1.62420996e-02 -1.71506515e+02]
 [ 0.00000000e+00  0.00000000e+00  0.00000000e+00  1.00000000e+00]]

[[ 1.09659539e-01  9.88710214e-01  1.02112180e-01 -2.82843578e+02]
 [-6.87555753e-02 -9.49403429e-02  9.93105736e-01  8.62479118e+01]
 [ 9.91588350e-01 -1.15924299e-01  5.75682254e-02 -2.07408673e+02]
 [ 0.00000000e+00  0.00000000e+00  0.00000000e+00  1.00000000e+00]]

[[ 1.10485783e-01  9.83134837e-01  1.45735322e-01 -3.20422689e+02]
 [-2.38996813e-02 -1.43962528e-01  9.89294494e-01  9.10795376e+01]
 [ 9.93590306e-01 -1.12786004e-01  7.59079665e-03 -1.63921980e+02]
 [ 0.00000000e+00  0.00000000e+00  0.00000000e+00  1.00000000e+00]]

[[ 1.14452784e-01  9.85950499e-01  1.21664185e-01 -2.99733695e+02]
 [-2.41627741e-02 -1.19669902e-01  9.92519660e-01  8.80480042e+01]
 [ 9.93134795e-01 -1.16536382e-01  1.01267458e-02 -1.66524617e+02]
 [ 0.00000000e+00  0.00000000e+00  0.00000000e+00  1.00000000e+00]]

[[ 1.13040749e-01  9.83641081e-01  1.40256953e-01 -3.15688001e+02]
 [-2.53849903e-02 -1.38256541e-01  9.90071074e-01  9.09331664e+01]
 [ 9.93266022e-01 -1.15478797e-01  9.34109637e-03 -1.65592930e+02]
 [ 0.00000000e+00  0.00000000e+00  0.00000000e+00  1.00000000e+00]]

[[ 1.12803768e-01  9.84792816e-01  1.32130313e-01 -3.08731733e+02]
 [-2.49884327e-02 -1.30125319e-01  9.91182617e-01  8.91119519e+01]
 [ 9.93303019e-01 -1.15110863e-01  9.92980276e-03 -1.66014887e+02]
 [ 0.00000000e+00  0.00000000e+00  0.00000000e+00  1.00000000e+00]]

[[ 1.12555812e-01  9.85047572e-01  1.30431858e-01 -3.07304693e+02]
 [-2.21888069e-02 -1.28741565e-01  9.91429910e-01  8.87893747e+01]
 [ 9.93397627e-01 -1.14485326e-01  7.36641896e-03 -1.63976470e+02]
 [ 0.00000000e+00  0.00000000e+00  0.00000000e+00  1.00000000e+00]]

[[ 1.13740882e-01  9.85465743e-01  1.26175598e-01 -3.03617444e+02]
 [-1.90146180e-02 -1.24817268e-01  9.91997527e-01  8.79735472e+01]
 [ 9.93328473e-01 -1.15229855e-01  4.54142843e-03 -1.61482667e+02]
 [ 0.00000000e+00  0.00000000e+00  0.00000000e+00  1.00000000e+00]]

[[ 1.12532860e-01  9.85003396e-01  1.30784806e-01 -3.07591275e+02]
 [-3.15912567e-02 -1.28007668e-01  9.91269907e-01  8.86338080e+01]
 [ 9.93145683e-01 -1.15682094e-01  1.67124261e-02 -1.72069558e+02]
 [ 0.00000000e+00  0.00000000e+00  0.00000000e+00  1.00000000e+00]]

[[ 1.12689287e-01  9.84858273e-01  1.31739541e-01 -3.08400297e+02]
 [-3.21358623e-02 -1.28902298e-01  9.91136461e-01  8.89466095e+01]
 [ 9.93110473e-01 -1.15924025e-01  1.71233617e-02 -1.72271771e+02]
 [ 0.00000000e+00  0.00000000e+00  0.00000000e+00  1.00000000e+00]]

[[ 1.12636818e-01  9.85126250e-01  1.29766015e-01 -3.06725055e+02]
 [-1.77361288e-02 -1.28582982e-01  9.91540139e-01  8.87153242e+01]
 [ 9.93477920e-01 -1.13985473e-01  2.98914810e-03 -1.60267404e+02]
 [ 0.00000000e+00  0.00000000e+00  0.00000000e+00  1.00000000e+00]]

[[ 1.11882615e-01  9.85513028e-01  1.27461178e-01 -3.04693124e+02]
 [-3.23423482e-02 -1.24587225e-01  9.91681398e-01  8.81895372e+01]
 [ 9.93194972e-01 -1.15074302e-01  1.79346610e-02 -1.72880443e+02]
 [ 0.00000000e+00  0.00000000e+00  0.00000000e+00  1.00000000e+00]]

[[ 1.13021843e-01  9.84472125e-01  1.34315666e-01 -3.10603765e+02]
 [-2.03423558e-02 -1.32860792e-01  9.90925930e-01  8.95042389e+01]
 [ 9.93384242e-01 -1.14728572e-01  5.01031071e-03 -1.62000927e+02]
 [ 0.00000000e+00  0.00000000e+00  0.00000000e+00  1.00000000e+00]]

[[ 1.11109052e-01  9.85067089e-01  1.31520376e-01 -3.08205168e+02]
 [-2.38179127e-02 -1.29662331e-01  9.91272105e-01  8.84613492e+01]
 [ 9.93522765e-01 -1.13271845e-01  9.05558330e-03 -1.65227272e+02]
 [ 0.00000000e+00  0.00000000e+00  0.00000000e+00  1.00000000e+00]]

[[ 1.13806725e-01  9.84974997e-01  1.29893358e-01 -3.06834517e+02]
 [-2.71950838e-02 -1.27605332e-01  9.91452120e-01  8.85508191e+01]
 [ 9.93130634e-01 -1.16366379e-01  1.22641327e-02 -1.68123033e+02]
 [ 0.00000000e+00  0.00000000e+00  0.00000000e+00  1.00000000e+00]]

[[ 1.14138668e-01  9.86426600e-01  1.18046297e-01 -2.96579139e+02]
 [-1.84884879e-02 -1.16693162e-01  9.92995912e-01  8.67158853e+01]
 [ 9.93292777e-01 -1.15521729e-01  4.91833421e-03 -1.61682658e+02]
 [ 0.00000000e+00  0.00000000e+00  0.00000000e+00  1.00000000e+00]]

[[ 1.12536184e-01  9.84114632e-01  1.37309863e-01 -3.13267033e+02]
 [-2.29580587e-02 -1.35575609e-01  9.90500975e-01  8.98628434e+01]
 [ 9.93382371e-01 -1.14619568e-01  7.33619977e-03 -1.63921227e+02]
 [ 0.00000000e+00  0.00000000e+00  0.00000000e+00  1.00000000e+00]]

[[ 1.10815489e-01  9.85581325e-01  1.27864694e-01 -3.04995725e+02]
 [-2.59022857e-02 -1.25749230e-01  9.91723854e-01  8.90183464e+01]
 [ 9.93503397e-01 -1.13210352e-01  1.15938466e-02 -1.67805100e+02]
 [ 0.00000000e+00  0.00000000e+00  0.00000000e+00  1.00000000e+00]]

[[ 1.11919137e-01  9.85110100e-01  1.30507464e-01 -3.07413718e+02]
 [-2.42298359e-02 -1.28588248e-01  9.91402026e-01  8.82784774e+01]
 [ 9.93421875e-01 -1.14119034e-01  9.47757027e-03 -1.65625403e+02]
 [ 0.00000000e+00  0.00000000e+00  0.00000000e+00  1.00000000e+00]]

[[ 1.13471892e-01  9.84992671e-01  1.30052175e-01 -3.06856270e+02]
 [-2.80410646e-02 -1.27670470e-01  9.91420168e-01  9.01063410e+01]
 [ 9.93145422e-01 -1.16145124e-01  1.31332333e-02 -1.69056642e+02]
 [ 0.00000000e+00  0.00000000e+00  0.00000000e+00  1.00000000e+00]]

[[ 1.12438994e-01  9.86259373e-01  1.21036863e-01 -2.99189289e+02]
 [-2.28378543e-02 -1.19212115e-01  9.92606117e-01  8.69037647e+01]
 [ 9.93396147e-01 -1.14371856e-01  9.11995754e-03 -1.65214356e+02]
 [ 0.00000000e+00  0.00000000e+00  0.00000000e+00  1.00000000e+00]]

[[ 1.12346464e-01  9.85608789e-01  1.26307507e-01 -3.03629689e+02]
 [-1.59951363e-02 -1.25301996e-01  9.91989700e-01  8.84280721e+01]
 [ 9.93540350e-01 -1.13466841e-01  1.68771068e-03 -1.58899035e+02]
 [ 0.00000000e+00  0.00000000e+00  0.00000000e+00  1.00000000e+00]]

[[ 1.12720353e-01  9.85276379e-01  1.28547963e-01 -3.05593679e+02]
 [-2.15916352e-02 -1.26913095e-01  9.91678813e-01  8.89059689e+01]
 [ 9.93392130e-01 -1.14557947e-01  6.96803926e-03 -1.63475074e+02]
 [ 0.00000000e+00  0.00000000e+00  0.00000000e+00  1.00000000e+00]]

[[ 1.10779269e-01  9.84325176e-01  1.37229376e-01 -3.13182939e+02]
 [-3.24689172e-02 -1.34421050e-01  9.90392221e-01  8.89099893e+01]
 [ 9.93314514e-01 -1.14170616e-01  1.70689069e-02 -1.71890479e+02]
 [ 0.00000000e+00  0.00000000e+00  0.00000000e+00  1.00000000e+00]]

[[ 1.09995482e-01  9.84865326e-01  1.33945079e-01 -3.10122193e+02]
 [-2.27903998e-02 -1.32228239e-01  9.90957260e-01  9.00015201e+01]
 [ 9.93670766e-01 -1.12053483e-01  7.90096566e-03 -1.64478075e+02]
 [ 0.00000000e+00  0.00000000e+00  0.00000000e+00  1.00000000e+00]]

[[ 1.14210186e-01  9.85769734e-01  1.23345306e-01 -3.01282462e+02]
 [-2.87876940e-02 -1.20821685e-01  9.92256715e-01  8.74144790e+01]
 [ 9.93039426e-01 -1.16876651e-01  1.45789703e-02 -1.70138418e+02]
 [ 0.00000000e+00  0.00000000e+00  0.00000000e+00  1.00000000e+00]]

[[ 1.11862879e-01  9.83505563e-01  1.42139028e-01 -3.17320915e+02]
 [-2.35278070e-02 -1.40375402e-01  9.89818766e-01  9.11154047e+01]
 [ 9.93445086e-01 -1.14068196e-01  7.43693248e-03 -1.64053121e+02]
 [ 0.00000000e+00  0.00000000e+00  0.00000000e+00  1.00000000e+00]]

[[ 1.12717094e-01  9.85243727e-01  1.28800834e-01 -3.05816342e+02]
 [-1.59992858e-02 -1.27810479e-01  9.91669554e-01  8.88308901e+01]
 [ 9.93498304e-01 -1.13838832e-01  1.35677021e-03 -1.58845002e+02]
 [ 0.00000000e+00  0.00000000e+00  0.00000000e+00  1.00000000e+00]]

[[ 1.12054155e-01  9.85802541e-01  1.25048859e-01 -3.02556370e+02]
 [-2.43274664e-02 -1.23082216e-01  9.92098252e-01  8.82689380e+01]
 [ 9.93404268e-01 -1.14210854e-01  1.01902045e-02 -1.66258082e+02]
 [ 0.00000000e+00  0.00000000e+00  0.00000000e+00  1.00000000e+00]]

[[ 1.14130098e-01  9.85522558e-01  1.25377866e-01 -3.02854447e+02]
 [-2.36825327e-02 -1.23467720e-01  9.92065955e-01  8.86194327e+01]
 [ 9.93183497e-01 -1.16193850e-01  9.24828722e-03 -1.65649374e+02]
 [ 0.00000000e+00  0.00000000e+00  0.00000000e+00  1.00000000e+00]]

[[ 1.12138566e-01  9.85974987e-01  1.23605286e-01 -3.01349848e+02]
 [-3.09785670e-02 -1.20860612e-01  9.92185991e-01  8.81376783e+01]
 [ 9.93209580e-01 -1.15091429e-01  1.69909564e-02 -1.72397760e+02]
 [ 0.00000000e+00  0.00000000e+00  0.00000000e+00  1.00000000e+00]]

[[ 1.11384954e-01  9.85565062e-01  1.27494706e-01 -3.04663740e+02]
 [-3.26148298e-02 -1.24598580e-01  9.91671048e-01  8.87565805e+01]
 [ 9.93241997e-01 -1.14615453e-01  1.82656296e-02 -1.73309132e+02]
 [ 0.00000000e+00  0.00000000e+00  0.00000000e+00  1.00000000e+00]]

[[ 1.10047523e-01  9.84253913e-01  1.38324902e-01 -3.14077408e+02]
 [-3.29510428e-02 -1.35480840e-01  9.90231877e-01  9.03980327e+01]
 [ 9.93379973e-01 -1.13530515e-01  1.75228621e-02 -1.72678899e+02]
 [ 0.00000000e+00  0.00000000e+00  0.00000000e+00  1.00000000e+00]]

[[ 1.12154358e-01  9.84803925e-01  1.32599506e-01 -3.09163256e+02]
 [-2.82802168e-02 -1.30224022e-01  9.91081194e-01  9.00559734e+01]
 [ 9.93288291e-01 -1.14904018e-01  1.32452769e-02 -1.69209158e+02]
 [ 0.00000000e+00  0.00000000e+00  0.00000000e+00  1.00000000e+00]]

[[ 1.13182015e-01  9.85323468e-01  1.27779084e-01 -3.04979295e+02]
 [-1.76027229e-02 -1.26596738e-01  9.91798069e-01  8.83832421e+01]
 [ 9.93418329e-01 -1.14502964e-01  3.01590200e-03 -1.60148136e+02]
 [ 0.00000000e+00  0.00000000e+00  0.00000000e+00  1.00000000e+00]]

[[ 1.13080867e-01  9.85223689e-01  1.28635142e-01 -3.05816232e+02]
 [-2.64113190e-02 -1.26439216e-01  9.91622694e-01  8.81884499e+01]
 [ 9.93234695e-01 -1.15530978e-01  1.17232009e-02 -1.67530972e+02]
 [ 0.00000000e+00  0.00000000e+00  0.00000000e+00  1.00000000e+00]]

[[ 1.12919178e-01  9.86827713e-01  1.15846123e-01 -2.94771060e+02]
 [-3.31475324e-02 -1.12785532e-01  9.93066294e-01  8.63341261e+01]
 [ 9.93051107e-01 -1.15976243e-01  1.99752541e-02 -1.74753053e+02]
 [ 0.00000000e+00  0.00000000e+00  0.00000000e+00  1.00000000e+00]]

[[ 1.13213512e-01  9.86363559e-01  1.19455559e-01 -2.97812634e+02]
 [-3.44159748e-02 -1.16263278e-01  9.92621978e-01  8.71975429e+01]
 [ 9.92974441e-01 -1.16489400e-01  2.07840894e-02 -1.75481453e+02]
 [ 0.00000000e+00  0.00000000e+00  0.00000000e+00  1.00000000e+00]]

[[ 1.10880194e-01  9.85416699e-01  1.29071731e-01 -3.06157621e+02]
 [-2.77804595e-02 -1.26748640e-01  9.91545777e-01  8.83440820e+01]
 [ 9.93445433e-01 -1.13528460e-01  1.33214149e-02 -1.68925108e+02]
 [ 0.00000000e+00  0.00000000e+00  0.00000000e+00  1.00000000e+00]]

[[ 1.12125917e-01  9.83738046e-01  1.40311207e-01 -3.15796948e+02]
 [-2.94405012e-02 -1.37850930e-01  9.90015342e-01  9.11836656e+01]
 [ 9.93257789e-01 -1.15137211e-01  1.35050792e-02 -1.69146348e+02]
 [ 0.00000000e+00  0.00000000e+00  0.00000000e+00  1.00000000e+00]]

[[ 1.09556917e-01  9.85440478e-01  1.30016712e-01 -3.06892415e+02]
 [-2.97240755e-02 -1.27497534e-01  9.91393392e-01  8.89765200e+01]
 [ 9.93535989e-01 -1.12478630e-01  1.53230704e-02 -1.70761083e+02]
 [ 0.00000000e+00  0.00000000e+00  0.00000000e+00  1.00000000e+00]]

[[ 1.12080231e-01  9.85746300e-01  1.25468138e-01 -3.02973968e+02]
 [-2.93837001e-02 -1.22920802e-01  9.91981388e-01  8.80749635e+01]
 [ 9.93264627e-01 -1.14868221e-01  1.51878817e-02 -1.70782941e+02]
 [ 0.00000000e+00  0.00000000e+00  0.00000000e+00  1.00000000e+00]]

[[ 1.10673913e-01  9.86874175e-01  1.17603771e-01 -2.96086496e+02]
 [-4.43580193e-02 -1.13307869e-01  9.92569238e-01  8.83237123e+01]
 [ 9.92866381e-01 -1.15068192e-01  3.12355584e-02 -1.84607381e+02]
 [ 0.00000000e+00  0.00000000e+00  0.00000000e+00  1.00000000e+00]]

[[ 1.11912874e-01  9.86211967e-01  1.21907607e-01 -2.99849393e+02]
 [-2.57325428e-02 -1.19761013e-01  9.92469212e-01  8.78130746e+01]
 [ 9.93384792e-01 -1.14207074e-01  1.19749426e-02 -1.67916865e+02]
 [ 0.00000000e+00  0.00000000e+00  0.00000000e+00  1.00000000e+00]]

[[ 1.13085486e-01  9.85806048e-01  1.24089117e-01 -3.01785169e+02]
 [-2.29733987e-02 -1.22262608e-01  9.92231867e-01  8.80198735e+01]
 [ 9.93319634e-01 -1.15057772e-01  8.82118895e-03 -1.65294319e+02]
 [ 0.00000000e+00  0.00000000e+00  0.00000000e+00  1.00000000e+00]]

[[ 1.09274633e-01  9.84949093e-01  1.33919151e-01 -3.10226817e+02]
 [-4.44527014e-02 -1.29748893e-01  9.90549939e-01  9.05171201e+01]
 [ 9.93017126e-01 -1.14195050e-01  2.96053853e-02 -1.83010892e+02]
 [ 0.00000000e+00  0.00000000e+00  0.00000000e+00  1.00000000e+00]]

[[ 1.12500176e-01  9.85442763e-01  1.27460862e-01 -3.04623182e+02]
 [-2.52628229e-02 -1.25397126e-01  9.91784932e-01  8.86818651e+01]
 [ 9.93330509e-01 -1.14796001e-01  1.07878672e-02 -1.66935775e+02]
 [ 0.00000000e+00  0.00000000e+00  0.00000000e+00  1.00000000e+00]]

[[ 1.11136438e-01  9.86408010e-01  1.21028630e-01 -2.99219428e+02]
 [-3.34925979e-02 -1.17996306e-01  9.92449050e-01  8.71860934e+01]
 [ 9.93240624e-01 -1.14350816e-01  1.99236776e-02 -1.74626364e+02]
 [ 0.00000000e+00  0.00000000e+00  0.00000000e+00  1.00000000e+00]]

[[ 1.11554446e-01  9.85856295e-01  1.25071862e-01 -3.02669040e+02]
 [-2.77673779e-02 -1.22716038e-01  9.92053298e-01  8.79178328e+01]
 [ 9.93370313e-01 -1.14140874e-01  1.36851246e-02 -1.69394941e+02]
 [ 0.00000000e+00  0.00000000e+00  0.00000000e+00  1.00000000e+00]]

[[ 1.11239968e-01  9.85602135e-01  1.27334603e-01 -3.04638153e+02]
 [-2.98762365e-02 -1.24755296e-01  9.91737630e-01  8.86106221e+01]
 [ 9.93344391e-01 -1.14125141e-01  1.55683074e-02 -1.71061454e+02]
 [ 0.00000000e+00  0.00000000e+00  0.00000000e+00  1.00000000e+00]]

[[ 1.09538419e-01  9.85343652e-01  1.30763997e-01 -3.07635087e+02]
 [-3.49676584e-02 -1.27654195e-01  9.91202133e-01  8.84069913e+01]
 [ 9.93367302e-01 -1.13147226e-01  2.04721215e-02 -1.74985132e+02]
 [ 0.00000000e+00  0.00000000e+00  0.00000000e+00  1.00000000e+00]]

[[ 1.11563723e-01  9.86672644e-01  1.18450961e-01 -2.96900993e+02]
 [-2.57642862e-02 -1.16283200e-01  9.92881876e-01  8.70631629e+01]
 [ 9.93423242e-01 -1.13821403e-01  1.24479297e-02 -1.68270914e+02]
 [ 0.00000000e+00  0.00000000e+00  0.00000000e+00  1.00000000e+00]]

[[ 1.12625688e-01  9.84861099e-01  1.31772798e-01 -3.08354706e+02]
 [-2.16862490e-02 -1.30148627e-01  9.91257303e-01  8.94147522e+01]
 [ 9.93400806e-01 -1.14498694e-01  6.69986434e-03 -1.63336748e+02]
 [ 0.00000000e+00  0.00000000e+00  0.00000000e+00  1.00000000e+00]]

[[ 1.11693401e-01  9.85726191e-01  1.25970078e-01 -3.03459674e+02]
 [-2.86277038e-02 -1.23518958e-01  9.91929192e-01  8.80569568e+01]
 [ 9.93330277e-01 -1.14398179e-01  1.44228249e-02 -1.69852169e+02]
 [ 0.00000000e+00  0.00000000e+00  0.00000000e+00  1.00000000e+00]]

[[ 1.12236829e-01  9.85684674e-01  1.25811838e-01 -3.03341908e+02]
 [-3.25446150e-02 -1.22897564e-01  9.91885597e-01  8.81625499e+01]
 [ 9.93148399e-01 -1.15420591e-01  1.82850953e-02 -1.73315403e+02]
 [ 0.00000000e+00  0.00000000e+00  0.00000000e+00  1.00000000e+00]]

[[ 1.11788528e-01  9.84076475e-01  1.38191228e-01 -3.13957713e+02]
 [-1.94662965e-02 -1.36867630e-01  9.90398059e-01  9.03204031e+01]
 [ 9.93541337e-01 -1.13405212e-01  3.85609350e-03 -1.60718454e+02]
 [ 0.00000000e+00  0.00000000e+00  0.00000000e+00  1.00000000e+00]]

[[ 1.09332836e-01  9.86495097e-01  1.21958001e-01 -2.99825386e+02]
 [-5.17512532e-02 -1.16877897e-01  9.91797038e-01  8.93105606e+01]
 [ 9.92657110e-01 -1.14747463e-01  3.82737655e-02 -1.90707952e+02]
 [ 0.00000000e+00  0.00000000e+00  0.00000000e+00  1.00000000e+00]]

[[ 1.10474256e-01  9.86971520e-01  1.16972894e-01 -2.95608178e+02]
 [-4.59264466e-02 -1.12498115e-01  9.92590014e-01  8.77984108e+01]
 [ 9.92817305e-01 -1.15027793e-01  3.28999492e-02 -1.85846417e+02]
 [ 0.00000000e+00  0.00000000e+00  0.00000000e+00  1.00000000e+00]]

[[ 1.13653966e-01  9.85469840e-01  1.26221911e-01 -3.03677969e+02]
 [-2.19325942e-02 -1.24525500e-01  9.91973972e-01  8.81083352e+01]
 [ 9.93278278e-01 -1.15510150e-01  7.46109320e-03 -1.63885363e+02]
 [ 0.00000000e+00  0.00000000e+00  0.00000000e+00  1.00000000e+00]]

[[ 1.10168706e-01  9.84666235e-01  1.35259981e-01 -3.11405829e+02]
 [-4.24421802e-02 -1.31303561e-01  9.90433257e-01  9.08031741e+01]
 [ 9.93006303e-01 -1.14855479e-01  2.73258383e-02 -1.81025482e+02]
 [ 0.00000000e+00  0.00000000e+00  0.00000000e+00  1.00000000e+00]]

[[ 1.11381512e-01  9.84707822e-01  1.33957698e-01 -3.10477606e+02]
 [-3.10015136e-02 -1.31287930e-01  9.90859418e-01  8.88802103e+01]
 [ 9.93294048e-01 -1.14516311e-01  1.59043848e-02 -1.71222556e+02]
 [ 0.00000000e+00  0.00000000e+00  0.00000000e+00  1.00000000e+00]]

[[ 1.10677758e-01  9.86163903e-01  1.23414710e-01 -3.01221789e+02]
 [-4.37593201e-02 -1.19221785e-01  9.91902862e-01  8.87544271e+01]
 [ 9.92892520e-01 -1.15182129e-01  2.99586620e-02 -1.83479159e+02]
 [ 0.00000000e+00  0.00000000e+00  0.00000000e+00  1.00000000e+00]]

[[ 1.13263504e-01  9.85908736e-01  1.23107039e-01 -3.00951403e+02]
 [-2.37793404e-02 -1.21178987e-01  9.92345805e-01  8.82760034e+01]
 [ 9.93280384e-01 -1.15323968e-01  9.71910269e-03 -1.65964580e+02]
 [ 0.00000000e+00  0.00000000e+00  0.00000000e+00  1.00000000e+00]]

[[ 1.12073222e-01  9.87086457e-01  1.14454876e-01 -2.93395630e+02]
 [-5.06542844e-02 -1.09355815e-01  9.92711161e-01  8.79003803e+01]
 [ 9.92408049e-01 -1.17053968e-01  3.77442996e-02 -1.90196352e+02]
 [ 0.00000000e+00  0.00000000e+00  0.00000000e+00  1.00000000e+00]]

[[ 1.11426883e-01  9.84517169e-01  1.35314425e-01 -3.11527497e+02]
 [-2.71483176e-02 -1.33095881e-01  9.90731273e-01  9.00630893e+01]
 [ 9.93401741e-01 -1.14067657e-01  1.18975256e-02 -1.67786222e+02]
 [ 0.00000000e+00  0.00000000e+00  0.00000000e+00  1.00000000e+00]]

[[ 1.09175575e-01  9.86047278e-01  1.25664077e-01 -3.03102422e+02]
 [-4.89601487e-02 -1.20932060e-01  9.91452642e-01  8.91409494e+01]
 [ 9.92815994e-01 -1.14394944e-01  3.50741942e-02 -1.87746674e+02]
 [ 0.00000000e+00  0.00000000e+00  0.00000000e+00  1.00000000e+00]]

[[ 1.10596742e-01  9.85492036e-01  1.28739303e-01 -3.05801624e+02]
 [-2.80444583e-02 -1.26387889e-01  9.91584394e-01  8.87930319e+01]
 [ 9.93469612e-01 -1.13276427e-01  1.36595016e-02 -1.69474020e+02]
 [ 0.00000000e+00  0.00000000e+00  0.00000000e+00  1.00000000e+00]]

[[ 1.11705510e-01  9.85167722e-01  1.30255284e-01 -3.07052658e+02]
 [-2.31834547e-02 -1.28456419e-01  9.91444136e-01  8.91188751e+01]
 [ 9.93470889e-01 -1.13769541e-01  8.49030141e-03 -1.65085814e+02]
 [ 0.00000000e+00  0.00000000e+00  0.00000000e+00  1.00000000e+00]]

[[ 1.09754827e-01  9.85477752e-01  1.29566504e-01 -3.06391445e+02]
 [-2.62655472e-02 -1.27432947e-01  9.91499352e-01  8.96408270e+01]
 [ 9.93611594e-01 -1.12224975e-01  1.18977314e-02 -1.67950517e+02]
 [ 0.00000000e+00  0.00000000e+00  0.00000000e+00  1.00000000e+00]]

[[ 1.11689107e-01  9.83445581e-01  1.42689636e-01 -3.17768608e+02]
 [-3.32822959e-02 -1.39805572e-01  9.89619468e-01  9.24016047e+01]
 [ 9.93185699e-01 -1.15278753e-01  1.71165674e-02 -1.72511870e+02]
 [ 0.00000000e+00  0.00000000e+00  0.00000000e+00  1.00000000e+00]]

[[ 1.11591737e-01  9.86242673e-01  1.21953571e-01 -2.99883235e+02]
 [-4.45098311e-02 -1.17636539e-01  9.92058728e-01  8.91821618e+01]
 [ 9.92756848e-01 -1.16133690e-01  3.07702290e-02 -1.84326820e+02]
 [ 0.00000000e+00  0.00000000e+00  0.00000000e+00  1.00000000e+00]]

[[ 1.13101442e-01  9.86706034e-01  1.16701611e-01 -2.95332900e+02]
 [-4.09762344e-02 -1.12723227e-01  9.92781155e-01  8.84660492e+01]
 [ 9.92738139e-01 -1.17066973e-01  2.76823382e-02 -1.81809420e+02]
 [ 0.00000000e+00  0.00000000e+00  0.00000000e+00  1.00000000e+00]]

[[ 1.13367256e-01  9.85926888e-01  1.22865930e-01 -3.00830529e+02]
 [-2.79170510e-02 -1.20453376e-01  9.92326369e-01  8.77395337e+01]
 [ 9.93160865e-01 -1.15927372e-01  1.38687025e-02 -1.69574209e+02]
 [ 0.00000000e+00  0.00000000e+00  0.00000000e+00  1.00000000e+00]]

[[ 1.12325622e-01  9.85755314e-01  1.25177535e-01 -3.02790549e+02]
 [-2.81561672e-02 -1.22766744e-01  9.92036066e-01  8.82856241e+01]
 [ 9.93272463e-01 -1.14955588e-01  1.39652406e-02 -1.69624174e+02]
 [ 0.00000000e+00  0.00000000e+00  0.00000000e+00  1.00000000e+00]]

[[ 1.13019669e-01  9.87097402e-01  1.13425193e-01 -2.92560837e+02]
 [-4.56065979e-02 -1.08882535e-01  9.93007871e-01  8.79466324e+01]
 [ 9.92545512e-01 -1.17402358e-01  3.27122863e-02 -1.86133243e+02]
 [ 0.00000000e+00  0.00000000e+00  0.00000000e+00  1.00000000e+00]]

[[ 1.10347403e-01  9.86581808e-01  1.20331982e-01 -2.98477269e+02]
 [-4.76378618e-02 -1.15682097e-01  9.92143279e-01  8.89510169e+01]
 [ 9.92750767e-01 -1.15212793e-01  3.42334288e-02 -1.87144472e+02]
 [ 0.00000000e+00  0.00000000e+00  0.00000000e+00  1.00000000e+00]]

[[ 1.08942789e-01  9.86324267e-01  1.23676631e-01 -3.01416758e+02]
 [-5.20085735e-02 -1.18591157e-01  9.91580176e-01  8.90190669e+01]
 [ 9.92686545e-01 -1.14457755e-01  3.83776667e-02 -1.90615492e+02]
 [ 0.00000000e+00  0.00000000e+00  0.00000000e+00  1.00000000e+00]]

[[ 1.10919985e-01  9.86690250e-01  1.18907976e-01 -2.97260078e+02]
 [-5.32089772e-02 -1.13578744e-01  9.92103157e-01  8.90476132e+01]
 [ 9.92403931e-01 -1.16371039e-01  3.99026264e-02 -1.92093534e+02]
 [ 0.00000000e+00  0.00000000e+00  0.00000000e+00  1.00000000e+00]]

[[ 1.09014734e-01  9.86005278e-01  1.26132388e-01 -3.03533220e+02]
 [-4.78215323e-02 -1.21539590e-01  9.91433926e-01  8.94678369e+01]
 [ 9.92889162e-01 -1.14112750e-01  3.39026771e-02 -1.86864065e+02]
 [ 0.00000000e+00  0.00000000e+00  0.00000000e+00  1.00000000e+00]]

[[ 1.11801309e-01  9.86067571e-01  1.23171475e-01 -3.00974908e+02]
 [-4.66057430e-02 -1.18609146e-01  9.91846649e-01  8.97421378e+01]
 [ 9.92637080e-01 -1.16630252e-01  3.26957541e-02 -1.86121406e+02]
 [ 0.00000000e+00  0.00000000e+00  0.00000000e+00  1.00000000e+00]]

[[ 1.07659558e-01  9.85014758e-01  1.34741774e-01 -3.10909213e+02]
 [-4.79067666e-02 -1.30232149e-01  9.90325466e-01  9.12633573e+01]
 [ 9.93032910e-01 -1.13073045e-01  3.31681365e-02 -1.86276584e+02]
 [ 0.00000000e+00  0.00000000e+00  0.00000000e+00  1.00000000e+00]]

[[ 1.12230702e-01  9.85904638e-01  1.24081883e-01 -3.01821442e+02]
 [-2.52914167e-02 -1.21996179e-01  9.92208283e-01  8.81101368e+01]
 [ 9.93360264e-01 -1.14494439e-01  1.12432082e-02 -1.67090989e+02]
 [ 0.00000000e+00  0.00000000e+00  0.00000000e+00  1.00000000e+00]]

[[ 1.09415419e-01  9.86973178e-01  1.17950039e-01 -2.96374376e+02]
 [-5.44971687e-02 -1.12527533e-01  9.92153019e-01  8.91742003e+01]
 [ 9.92501045e-01 -1.14984781e-01  4.14749967e-02 -1.93374934e+02]
 [ 0.00000000e+00  0.00000000e+00  0.00000000e+00  1.00000000e+00]]

[[ 1.11879925e-01  9.85995656e-01  1.23674772e-01 -3.01279061e+02]
 [-4.69092406e-02 -1.19077098e-01  9.91776269e-01  8.97408429e+01]
 [ 9.92613926e-01 -1.16761345e-01  3.29299706e-02 -1.86300385e+02]
 [ 0.00000000e+00  0.00000000e+00  0.00000000e+00  1.00000000e+00]]

[[ 1.07454689e-01  9.84363024e-01  1.39581256e-01 -3.15084043e+02]
 [-5.09739712e-02 -1.34754767e-01  9.89566980e-01  9.16986710e+01]
 [ 9.92902384e-01 -1.13448623e-01  3.56968608e-02 -1.88397109e+02]
 [ 0.00000000e+00  0.00000000e+00  0.00000000e+00  1.00000000e+00]]

[[ 1.08919503e-01  9.84981349e-01  1.33971207e-01 -3.10343672e+02]
 [-4.66724148e-02 -1.29557092e-01  9.90472940e-01  9.06565362e+01]
 [ 9.92954293e-01 -1.14134580e-01  3.18601640e-02 -1.85045911e+02]
 [ 0.00000000e+00  0.00000000e+00  0.00000000e+00  1.00000000e+00]]

[[ 1.10108675e-01  9.85378131e-01  1.30023150e-01 -3.06765554e+02]
 [-4.78725546e-02 -1.25408899e-01  9.90949457e-01  9.14165847e+01]
 [ 9.92765984e-01 -1.15336672e-01  3.33639607e-02 -1.86405011e+02]
 [ 0.00000000e+00  0.00000000e+00  0.00000000e+00  1.00000000e+00]]

[[ 1.07958856e-01  9.86083230e-01  1.26430804e-01 -3.03657638e+02]
 [-4.89500537e-02 -1.21747340e-01  9.91353356e-01  9.02995561e+01]
 [ 9.92949534e-01 -1.13214168e-01  3.51251235e-02 -1.87928441e+02]
 [ 0.00000000e+00  0.00000000e+00  0.00000000e+00  1.00000000e+00]]

[[ 1.09345732e-01  9.84508245e-01  1.37065773e-01 -3.12926389e+02]
 [-4.83424420e-02 -1.32462308e-01  9.90008457e-01  9.19619794e+01]
 [ 9.92827537e-01 -1.14879294e-01  3.31093447e-02 -1.86145011e+02]
 [ 0.00000000e+00  0.00000000e+00  0.00000000e+00  1.00000000e+00]]

[[ 1.12505163e-01  9.85569549e-01  1.26472342e-01 -3.03880097e+02]
 [-4.91571308e-02 -1.21604079e-01  9.91360693e-01  9.05768094e+01]
 [ 9.92434464e-01 -1.17750214e-01  3.47666845e-02 -1.87793350e+02]
 [ 0.00000000e+00  0.00000000e+00  0.00000000e+00  1.00000000e+00]]

[[ 1.09970723e-01  9.87163520e-01  1.15821520e-01 -2.94612357e+02]
 [-5.33599221e-02 -1.10496621e-01  9.92443054e-01  8.89251973e+01]
 [ 9.92501465e-01 -1.15319908e-01  4.05235752e-02 -1.92862480e+02]
 [ 0.00000000e+00  0.00000000e+00  0.00000000e+00  1.00000000e+00]]

[[ 1.10350273e-01  9.86407328e-01  1.21751389e-01 -2.99775677e+02]
 [-4.78209945e-02 -1.17088147e-01  9.91969515e-01  8.92214331e+01]
 [ 9.92741643e-01 -1.15286379e-01  3.42502705e-02 -1.87365267e+02]
 [ 0.00000000e+00  0.00000000e+00  0.00000000e+00  1.00000000e+00]]

[[ 1.10248416e-01  9.86471100e-01  1.21326233e-01 -2.99361866e+02]
 [-3.97254283e-02 -1.17599249e-01  9.92266248e-01  8.90586404e+01]
 [ 9.93109851e-01 -1.14215519e-01  2.62228560e-02 -1.80268422e+02]
 [ 0.00000000e+00  0.00000000e+00  0.00000000e+00  1.00000000e+00]]

[[ 1.10119463e-01  9.84274994e-01  1.38117485e-01 -3.13788189e+02]
 [-4.62605118e-02 -1.33736382e-01  9.89936637e-01  9.26873687e+01]
 [ 9.92841210e-01 -1.15400676e-01  3.08060865e-02 -1.84346406e+02]
 [ 0.00000000e+00  0.00000000e+00  0.00000000e+00  1.00000000e+00]]

[[ 1.09002466e-01  9.86104093e-01  1.25368180e-01 -3.02879301e+02]
 [-5.06895990e-02 -1.20441555e-01  9.91425437e-01  8.99080930e+01]
 [ 9.92748219e-01 -1.14422680e-01  3.68567944e-02 -1.89587497e+02]
 [ 0.00000000e+00  0.00000000e+00  0.00000000e+00  1.00000000e+00]]

[[ 1.11655399e-01  9.85974728e-01  1.24043972e-01 -3.01740750e+02]
 [-4.67878370e-02 -1.19470202e-01  9.91734727e-01  8.97611778e+01]
 [ 9.92644937e-01 -1.16536286e-01  3.27921318e-02 -1.86160699e+02]
 [ 0.00000000e+00  0.00000000e+00  0.00000000e+00  1.00000000e+00]]

[[ 1.08055299e-01  9.83757480e-01  1.43336225e-01 -3.18315660e+02]
 [-4.22047262e-02 -1.39511060e-01  9.89320689e-01  9.25380505e+01]
 [ 9.93248616e-01 -1.12950809e-01  2.64443057e-02 -1.80517475e+02]
 [ 0.00000000e+00  0.00000000e+00  0.00000000e+00  1.00000000e+00]]

[[ 1.09575974e-01  9.87498648e-01  1.13311637e-01 -2.92470029e+02]
 [-5.99587796e-02 -1.07223738e-01  9.92425320e-01  8.81825117e+01]
 [ 9.92168358e-01 -1.15539998e-01  4.74600683e-02 -1.98474030e+02]
 [ 0.00000000e+00  0.00000000e+00  0.00000000e+00  1.00000000e+00]]

[[ 1.10411967e-01  9.86831472e-01  1.18206782e-01 -2.96738994e+02]
 [-4.89846993e-02 -1.13386272e-01  9.92342709e-01  8.87271514e+01]
 [ 9.92678043e-01 -1.15356834e-01  3.58204416e-02 -1.88595502e+02]
 [ 0.00000000e+00  0.00000000e+00  0.00000000e+00  1.00000000e+00]]

[[ 1.10419003e-01  9.85905089e-01  1.25693273e-01 -3.03121175e+02]
 [-4.64350526e-02 -1.21211061e-01  9.91540047e-01  9.00811454e+01]
 [ 9.92799793e-01 -1.15321438e-01  3.23965501e-02 -1.85621394e+02]
 [ 0.00000000e+00  0.00000000e+00  0.00000000e+00  1.00000000e+00]]

[[ 1.09714418e-01  9.86799303e-01  1.19121293e-01 -2.97517203e+02]
 [-4.89429414e-02 -1.14335979e-01  9.92235795e-01  8.83270784e+01]
 [ 9.92757440e-01 -1.14692719e-01  3.57525550e-02 -1.88461482e+02]
 [ 0.00000000e+00  0.00000000e+00  0.00000000e+00  1.00000000e+00]]

[[ 1.12440144e-01  9.86506047e-01  1.19008543e-01 -2.97383468e+02]
 [-5.15406271e-02 -1.13816589e-01  9.92163972e-01  8.96173129e+01]
 [ 9.92320905e-01 -1.17692835e-01  3.80475867e-02 -1.90661433e+02]
 [ 0.00000000e+00  0.00000000e+00  0.00000000e+00  1.00000000e+00]]

[[ 1.08158068e-01  9.90295001e-01  8.72791067e-02 -2.69845897e+02]
 [-5.77741717e-02 -8.13844058e-02  9.95006896e-01  8.49539724e+01]
 [ 9.92453514e-01 -1.12660502e-01  4.84110933e-02 -1.99284784e+02]
 [ 0.00000000e+00  0.00000000e+00  0.00000000e+00  1.00000000e+00]]

[[ 1.09757706e-01  9.84632462e-01  1.35838731e-01 -3.11943610e+02]
 [-4.37634497e-02 -1.31744643e-01  9.90317176e-01  9.15068614e+01]
 [ 9.92994464e-01 -1.14639713e-01  2.86309234e-02 -1.82374868e+02]
 [ 0.00000000e+00  0.00000000e+00  0.00000000e+00  1.00000000e+00]]

[[ 1.08701033e-01  9.85466591e-01  1.30536137e-01 -3.07361379e+02]
 [-4.85893836e-02 -1.25890091e-01  9.90853550e-01  9.06388543e+01]
 [ 9.92886276e-01 -1.14049474e-01  3.41988314e-02 -1.87015468e+02]
 [ 0.00000000e+00  0.00000000e+00  0.00000000e+00  1.00000000e+00]]

[[ 1.16579600e-01  9.84652667e-01  1.29878104e-01 -3.06923268e+02]
 [-2.75096595e-02 -1.27518249e-01  9.91454646e-01  9.00619820e+01]
 [ 9.92800290e-01 -1.19156289e-01  1.22214331e-02 -1.69068765e+02]
 [ 0.00000000e+00  0.00000000e+00  0.00000000e+00  1.00000000e+00]]

[[ 1.13816953e-01  9.86330964e-01  1.19150873e-01 -2.97583679e+02]
 [-4.05884688e-02 -1.15213775e-01  9.92511140e-01  8.86177446e+01]
 [ 9.92672291e-01 -1.17800745e-01  2.69203829e-02 -1.81408634e+02]
 [ 0.00000000e+00  0.00000000e+00  0.00000000e+00  1.00000000e+00]]

[[ 1.10702441e-01  9.87364504e-01  1.13385651e-01 -2.92482493e+02]
 [-5.73239940e-02 -1.07553483e-01  9.92545318e-01  8.84798918e+01]
 [ 9.92199037e-01 -1.16376907e-01  4.46932438e-02 -1.96190843e+02]
 [ 0.00000000e+00  0.00000000e+00  0.00000000e+00  1.00000000e+00]]

[[ 1.10080622e-01  9.86810274e-01  1.18691784e-01 -2.96934634e+02]
 [-5.20255205e-02 -1.13533032e-01  9.92171153e-01  9.03793582e+01]
 [ 9.92560125e-01 -1.15393819e-01  3.88415313e-02 -1.91442408e+02]
 [ 0.00000000e+00  0.00000000e+00  0.00000000e+00  1.00000000e+00]]

[[ 1.09151596e-01  9.82297661e-01  1.52240709e-01 -3.25916122e+02]
 [-3.60964548e-02 -1.49137878e-01  9.88157345e-01  9.49834825e+01]
 [ 9.93369506e-01 -1.13354301e-01  1.91788257e-02 -1.74128383e+02]
 [ 0.00000000e+00  0.00000000e+00  0.00000000e+00  1.00000000e+00]]

[[ 1.09931743e-01  9.85559228e-01  1.28794485e-01 -3.05817357e+02]
 [-4.82272023e-02 -1.24138166e-01  9.91092252e-01  9.03901379e+01]
 [ 9.92768427e-01 -1.15163897e-01  3.38840393e-02 -1.86961700e+02]
 [ 0.00000000e+00  0.00000000e+00  0.00000000e+00  1.00000000e+00]]

[[ 1.08749095e-01  9.84377102e-01  1.38475106e-01 -3.14222942e+02]
 [-5.04894647e-02 -1.33651888e-01  9.89741374e-01  9.16454441e+01]
 [ 9.92786205e-01 -1.14625013e-01  3.51661511e-02 -1.87732726e+02]
 [ 0.00000000e+00  0.00000000e+00  0.00000000e+00  1.00000000e+00]]

[[ 1.09152317e-01  9.85804646e-01  1.27573394e-01 -3.04765593e+02]
 [-5.26312995e-02 -1.22428632e-01  9.91080812e-01  9.06024413e+01]
 [ 9.92630706e-01 -1.14893120e-01  3.85208108e-02 -1.90946168e+02]
 [ 0.00000000e+00  0.00000000e+00  0.00000000e+00  1.00000000e+00]]

[[ 1.10090215e-01  9.86768697e-01  1.19028081e-01 -2.97401802e+02]
 [-4.26068273e-02 -1.14960605e-01  9.92455902e-01  8.90528302e+01]
 [ 9.93007957e-01 -1.14331092e-01  2.93870457e-02 -1.83236973e+02]
 [ 0.00000000e+00  0.00000000e+00  0.00000000e+00  1.00000000e+00]]

[[ 1.10252521e-01  9.86565805e-01  1.20549967e-01 -2.98795528e+02]
 [-5.04205784e-02 -1.15581423e-01  9.92017490e-01  8.89720500e+01]
 [ 9.92623870e-01 -1.15450629e-01  3.70000752e-02 -1.89504523e+02]
 [ 0.00000000e+00  0.00000000e+00  0.00000000e+00  1.00000000e+00]]

[[ 1.10948399e-01  9.87709321e-01  1.10094278e-01 -2.89715718e+02]
 [-4.59295490e-02 -1.05563933e-01  9.93351263e-01  8.77777843e+01]
 [ 9.92764287e-01 -1.15267313e-01  3.36528943e-02 -1.86539029e+02]
 [ 0.00000000e+00  0.00000000e+00  0.00000000e+00  1.00000000e+00]]

[[ 1.06758490e-01  9.83511711e-01  1.45970337e-01 -3.20560131e+02]
 [-5.18700346e-02 -1.41100396e-01  9.88635513e-01  9.34721292e+01]
 [ 9.92931077e-01 -1.13116721e-01  3.59511213e-02 -1.88412266e+02]
 [ 0.00000000e+00  0.00000000e+00  0.00000000e+00  1.00000000e+00]]

[[ 1.08695333e-01  9.84500386e-01  1.37638346e-01 -3.13446124e+02]
 [-4.68054414e-02 -1.33236574e-01  9.89978417e-01  9.20369874e+01]
 [ 9.92972595e-01 -1.14048257e-01  3.15977814e-02 -1.84739723e+02]
 [ 0.00000000e+00  0.00000000e+00  0.00000000e+00  1.00000000e+00]]

[[ 1.12317996e-01  9.84717906e-01  1.33098888e-01 -3.09497364e+02]
 [-4.69155828e-02 -1.28541847e-01  9.90593722e-01  9.14511161e+01]
 [ 9.92564152e-01 -1.17505914e-01  3.17610517e-02 -1.85225029e+02]
 [ 0.00000000e+00  0.00000000e+00  0.00000000e+00  1.00000000e+00]]

[[ 1.09843079e-01  9.83791644e-01  1.41733904e-01 -3.33497891e+02]
 [-4.08633957e-02 -1.38006467e-01  9.89587994e-01  8.96136109e+01]
 [ 9.93108595e-01 -1.14491121e-01  2.50420120e-02 -1.79520447e+02]
 [ 0.00000000e+00  0.00000000e+00  0.00000000e+00  1.00000000e+00]]

[[ 1.18252119e-01  9.86911282e-01  1.09647426e-01 -3.05855144e+02]
 [-2.79862294e-02 -1.07065892e-01  9.93857971e-01  8.46709627e+01]
 [ 9.92589143e-01 -1.20594429e-01  1.49591568e-02 -1.74852669e+02]
 [ 0.00000000e+00  0.00000000e+00  0.00000000e+00  1.00000000e+00]]

[[ 1.22293416e-01  9.88974758e-01  8.35059750e-02 -2.70932594e+02]
 [-2.59859577e-02 -8.09180762e-02  9.96381952e-01  8.48077683e+01]
 [ 9.92153743e-01 -1.24020935e-01  1.58037083e-02 -1.77896681e+02]
 [ 0.00000000e+00  0.00000000e+00  0.00000000e+00  1.00000000e+00]]

[[ 1.08534929e-01  9.83928625e-01  1.41790796e-01 -3.15556105e+02]
 [-2.03217650e-02 -1.40407534e-01  9.89885221e-01  9.18675710e+01]
 [ 9.93884900e-01 -1.10318562e-01  4.75604451e-03 -1.69560398e+02]
 [ 0.00000000e+00  0.00000000e+00  0.00000000e+00  1.00000000e+00]]

[[ 1.06467431e-01  9.80855540e-01  1.63055499e-01 -3.34054721e+02]
 [-2.34870035e-02 -1.61460968e-01  9.86599573e-01  9.71641655e+01]
 [ 9.94038755e-01 -1.08870407e-01  5.84702314e-03 -1.70324880e+02]
 [ 0.00000000e+00  0.00000000e+00  0.00000000e+00  1.00000000e+00]]

[[ 1.08004648e-01  9.82481712e-01  1.51870608e-01 -3.24350105e+02]
 [-3.07575713e-02 -1.49388802e-01  9.88300034e-01  9.48177017e+01]
 [ 9.93674478e-01 -1.11412169e-01  1.40840663e-02 -1.77762619e+02]
 [ 0.00000000e+00  0.00000000e+00  0.00000000e+00  1.00000000e+00]]

[[ 1.10227062e-01  9.84587947e-01  1.35781331e-01 -3.10357498e+02]
 [-3.45452105e-02 -1.32736011e-01  9.90549231e-01  9.23493805e+01]
 [ 9.93305906e-01 -1.13875926e-01  1.93816975e-02 -1.82056505e+02]
 [ 0.00000000e+00  0.00000000e+00  0.00000000e+00  1.00000000e+00]]

[[ 1.05487180e-01  9.85357920e-01  1.33948587e-01 -3.08738866e+02]
 [-4.06945741e-02 -1.30309788e-01  9.90637830e-01  9.20401003e+01]
 [ 9.93587644e-01 -1.09950572e-01  2.63527087e-02 -1.88320356e+02]
 [ 0.00000000e+00  0.00000000e+00  0.00000000e+00  1.00000000e+00]]

[[ 1.09738188e-01  9.82141752e-01  1.52823782e-01 -3.24828675e+02]
 [-2.50106423e-02 -1.50975216e-01  9.88221105e-01  9.59244351e+01]
 [ 9.93645811e-01 -1.12267814e-01  7.99624940e-03 -1.72596491e+02]
 [ 0.00000000e+00  0.00000000e+00  0.00000000e+00  1.00000000e+00]]

[[ 1.05554385e-01  9.80513823e-01  1.65683178e-01 -3.36142127e+02]
 [-3.65467576e-02 -1.62676282e-01  9.86002415e-01  9.79539551e+01]
 [ 9.93741720e-01 -1.10132061e-01  1.86634061e-02 -1.81521821e+02]
 [ 0.00000000e+00  0.00000000e+00  0.00000000e+00  1.00000000e+00]]

[[ 1.10607586e-01  9.87255578e-01  1.14421964e-01 -2.92162851e+02]
 [-4.31802250e-02 -1.10246070e-01  9.92965897e-01  8.79761858e+01]
 [ 9.92925692e-01 -1.14770327e-01  3.04358663e-02 -1.91126815e+02]
 [ 0.00000000e+00  0.00000000e+00  0.00000000e+00  1.00000000e+00]]

[[ 1.08867562e-01  9.81377966e-01  1.58256569e-01 -3.29833178e+02]
 [-2.88538913e-02 -1.56016016e-01  9.87333001e-01  9.60307455e+01]
 [ 9.93637412e-01 -1.12054855e-01  1.13314899e-02 -1.74828976e+02]
 [ 0.00000000e+00  0.00000000e+00  0.00000000e+00  1.00000000e+00]]

[[ 1.12557279e-01  9.87528886e-01  1.10079784e-01 -2.89247017e+02]
 [-7.36377014e-02 -1.02189030e-01  9.92035731e-01  9.48558480e+01]
 [ 9.90912886e-01 -1.19766865e-01  6.12172380e-02 -2.01030724e+02]
 [ 0.00000000e+00  0.00000000e+00  0.00000000e+00  1.00000000e+00]]

[[ 1.13917682e-01  9.86723116e-01  1.15759468e-01 -2.95902173e+02]
 [-6.16363862e-02 -1.09274181e-01  9.92098841e-01  8.95719004e+01]
 [ 9.91576380e-01 -1.20152596e-01  4.83697856e-02 -2.07232317e+02]
 [ 0.00000000e+00  0.00000000e+00  0.00000000e+00  1.00000000e+00]]

[[ 1.16166863e-01  9.84596467e-01  1.30671561e-01 -3.08777706e+02]
 [-4.00874867e-02 -1.26807248e-01  9.91117004e-01  9.10572708e+01]
 [ 9.92420401e-01 -1.20373248e-01  2.47391974e-02 -1.86996229e+02]
 [ 0.00000000e+00  0.00000000e+00  0.00000000e+00  1.00000000e+00]]

[[ 1.15480039e-01  9.83944799e-01  1.36077157e-01 -3.13828941e+02]
 [-3.30763677e-02 -1.33108567e-01  9.90549374e-01  9.04220396e+01]
 [ 9.92758941e-01 -1.18889618e-01  1.71739374e-02 -1.79849799e+02]
 [ 0.00000000e+00  0.00000000e+00  0.00000000e+00  1.00000000e+00]]

[[ 1.12205886e-01  9.84408408e-01  1.35461897e-01 -3.13141102e+02]
 [-4.14532751e-02 -1.31566944e-01  9.90440188e-01  9.12059857e+01]
 [ 9.92819956e-01 -1.16748558e-01  2.60443671e-02 -1.87790388e+02]
 [ 0.00000000e+00  0.00000000e+00  0.00000000e+00  1.00000000e+00]]

[[ 1.14939663e-01  9.85807648e-01  1.22360754e-01 -3.01896712e+02]
 [-4.11284507e-02 -1.18348904e-01  9.92119946e-01  8.87427530e+01]
 [ 9.92520692e-01 -1.19066441e-01  2.69417581e-02 -1.88776503e+02]
 [ 0.00000000e+00  0.00000000e+00  0.00000000e+00  1.00000000e+00]]

[[ 1.12723919e-01  9.84514274e-01  1.34257077e-01 -3.12233315e+02]
 [-5.19741811e-02 -1.29091058e-01  9.90269753e-01  9.08853808e+01]
 [ 9.92266095e-01 -1.18604989e-01  3.66176732e-02 -1.96652725e+02]
 [ 0.00000000e+00  0.00000000e+00  0.00000000e+00  1.00000000e+00]]

[[ 1.10506469e-01  9.84635731e-01  1.35206497e-01 -3.13138968e+02]
 [-5.17492280e-02 -1.30154779e-01  9.90142288e-01  9.00883534e+01]
 [ 9.92527248e-01 -1.16413960e-01  3.65711939e-02 -1.96285871e+02]
 [ 0.00000000e+00  0.00000000e+00  0.00000000e+00  1.00000000e+00]]

[[ 1.14832912e-01  9.82332758e-01  1.47769261e-01 -3.24453008e+02]
 [-4.80101946e-02 -1.43091344e-01  9.88544328e-01  1.01265087e+02]
 [ 9.92223978e-01 -1.20611855e-01  3.07303912e-02 -1.86217688e+02]
 [ 0.00000000e+00  0.00000000e+00  0.00000000e+00  1.00000000e+00]]

[[ 1.15147883e-01  9.85419498e-01  1.25257250e-01 -3.08737619e+02]
 [-6.40318540e-02 -1.18470489e-01  9.90890844e-01  1.10395807e+02]
 [ 9.91282445e-01 -1.22119437e-01  4.94566114e-02 -1.91136178e+02]
 [ 0.00000000e+00  0.00000000e+00  0.00000000e+00  1.00000000e+00]]

[[ 1.19032314e-01  9.86740137e-01  1.10341331e-01 -2.98495887e+02]
 [-4.27222004e-02 -1.05938500e-01  9.93454502e-01  9.59793426e+01]
 [ 9.91970827e-01 -1.22967212e-01  2.95456051e-02 -1.84819197e+02]
 [ 0.00000000e+00  0.00000000e+00  0.00000000e+00  1.00000000e+00]]

[[ 1.13807690e-01  9.82193888e-01  1.49475669e-01 -3.32993703e+02]
 [-1.98454690e-02 -1.48175714e-01  9.88761910e-01  9.19385303e+01]
 [ 9.93304569e-01 -1.15495124e-01  2.62856267e-03 -1.66714805e+02]
 [ 0.00000000e+00  0.00000000e+00  0.00000000e+00  1.00000000e+00]]

[[ 1.16074143e-01  9.79259035e-01  1.66067864e-01 -3.47194802e+02]
 [-2.21860058e-02 -1.64600064e-01  9.86110846e-01  9.55456096e+01]
 [ 9.92992736e-01 -1.18146354e-01  2.62003534e-03 -1.67873525e+02]
 [ 0.00000000e+00  0.00000000e+00  0.00000000e+00  1.00000000e+00]]

[[ 1.17456642e-01  9.82581642e-01  1.44004352e-01 -3.28189083e+02]
 [-1.36505782e-02 -1.43396934e-01  9.89571110e-01  9.13107407e+01]
 [ 9.92984189e-01 -1.18197442e-01 -3.43011473e-03 -1.62837769e+02]
 [ 0.00000000e+00  0.00000000e+00  0.00000000e+00  1.00000000e+00]]

[[ 1.17592842e-01  9.82724023e-01  1.42917524e-01 -3.27465562e+02]
 [-1.47956295e-02 -1.42166277e-01  9.89732206e-01  9.01135214e+01]
 [ 9.92951667e-01 -1.18499978e-01 -2.17771615e-03 -1.63369991e+02]
 [ 0.00000000e+00  0.00000000e+00  0.00000000e+00  1.00000000e+00]]

[[ 1.17576296e-01  9.79322622e-01  1.64629937e-01 -3.45963660e+02]
 [-8.29895913e-03 -1.64805042e-01  9.86291248e-01  9.53163531e+01]
 [ 9.93029175e-01 -1.17330729e-01 -1.12498080e-02 -1.55773375e+02]
 [ 0.00000000e+00  0.00000000e+00  0.00000000e+00  1.00000000e+00]]

[[ 1.16399645e-01  9.80938839e-01  1.55596006e-01 -3.38216952e+02]
 [-1.77873862e-02 -1.54576914e-01  9.87820625e-01  9.27481160e+01]
 [ 9.93043167e-01 -1.17749617e-01 -5.44359962e-04 -1.64868028e+02]
 [ 0.00000000e+00  0.00000000e+00  0.00000000e+00  1.00000000e+00]]

[[ 1.17379151e-01  9.80509029e-01  1.57556909e-01 -3.40017949e+02]
 [-8.09180230e-03 -1.57704081e-01  9.87453263e-01  9.31775688e+01]
 [ 9.93054207e-01 -1.17181345e-01 -1.05770859e-02 -1.56261103e+02]
 [ 0.00000000e+00  0.00000000e+00  0.00000000e+00  1.00000000e+00]]

[[ 1.17175392e-01  9.82173961e-01  1.46983799e-01 -3.30874046e+02]
 [-1.30256904e-02 -1.46470677e-01  9.89129250e-01  9.13557119e+01]
 [ 9.93025810e-01 -1.17816173e-01 -4.36926505e-03 -1.61665363e+02]
 [ 0.00000000e+00  0.00000000e+00  0.00000000e+00  1.00000000e+00]]

[[ 1.16173302e-01  9.80946029e-01  1.55719786e-01 -3.38128040e+02]
 [-7.90308774e-03 -1.55863441e-01  9.87746996e-01  9.12539765e+01]
 [ 9.93197516e-01 -1.15980497e-01 -1.03546680e-02 -1.59247306e+02]
 [ 0.00000000e+00  0.00000000e+00  0.00000000e+00  1.00000000e+00]]

[[ 1.21455073e-01  9.83890807e-01  1.31177529e-01 -3.16896721e+02]
 [-2.08153215e-02 -1.29602185e-01  9.91347566e-01  8.49328358e+01]
 [ 9.92378651e-01 -1.23134693e-01  4.73916069e-03 -1.69508445e+02]
 [ 0.00000000e+00  0.00000000e+00  0.00000000e+00  1.00000000e+00]]

[[ 1.03639245e-01  9.80740436e-01  1.65550914e-01 -3.46010814e+02]
 [-5.20574255e-02 -1.60870366e-01  9.85601720e-01  9.38736235e+01]
 [ 9.93251696e-01 -1.10765172e-01  3.43823388e-02 -1.94205762e+02]
 [ 0.00000000e+00  0.00000000e+00  0.00000000e+00  1.00000000e+00]]

[[ 1.08442697e-01  9.79458366e-01  1.70004385e-01 -3.49748152e+02]
 [-4.02408721e-02 -1.66547680e-01  9.85211928e-01  9.46257457e+01]
 [ 9.93287901e-01 -1.13680163e-01  2.13533792e-02 -1.83110580e+02]
 [ 0.00000000e+00  0.00000000e+00  0.00000000e+00  1.00000000e+00]]

[[ 1.06621447e-01  9.79478073e-01  1.71039680e-01 -3.50706035e+02]
 [-4.32375792e-02 -1.67290160e-01  9.84959143e-01  9.46307425e+01]
 [ 9.93359139e-01 -1.12413110e-01  2.45135419e-02 -1.85769642e+02]
 [ 0.00000000e+00  0.00000000e+00  0.00000000e+00  1.00000000e+00]]

[[ 1.09759573e-01  9.82586707e-01  1.49920642e-01 -3.32055138e+02]
 [-3.44492886e-02 -1.46980723e-01  9.88539283e-01  8.68877608e+01]
 [ 9.93361003e-01 -1.13666309e-01  1.77168717e-02 -1.84769031e+02]
 [ 0.00000000e+00  0.00000000e+00  0.00000000e+00  1.00000000e+00]]

[[ 1.22793312e-01  9.82273759e-01  1.41633556e-01 -3.22494372e+02]
 [ 1.29839322e-02 -1.44291413e-01  9.89450052e-01  7.96719315e+01]
 [ 9.92347328e-01 -1.19658889e-01 -3.04717965e-02 -1.50916505e+02]
 [ 0.00000000e+00  0.00000000e+00  0.00000000e+00  1.00000000e+00]]

[[ 1.16856591e-01  9.82166150e-01  1.47289481e-01 -3.25712857e+02]
 [-3.41378298e-02 -1.44245582e-01  9.88952891e-01  8.35921599e+01]
 [ 9.92561910e-01 -1.20593807e-01  1.66729739e-02 -1.86304698e+02]
 [ 0.00000000e+00  0.00000000e+00  0.00000000e+00  1.00000000e+00]]

[[ 1.20131075e-01  9.83282191e-01  1.36838072e-01 -3.16378565e+02]
 [-3.19868737e-02 -1.33931008e-01  9.90474293e-01  8.80008565e+01]
 [ 9.92242594e-01 -1.23363763e-01  1.53628473e-02 -1.77835517e+02]
 [ 0.00000000e+00  0.00000000e+00  0.00000000e+00  1.00000000e+00]]

[[ 1.18060219e-01  9.82681838e-01  1.42822233e-01 -3.21820866e+02]
 [-4.43885427e-02 -1.38461776e-01  9.89372525e-01  8.81872787e+01]
 [ 9.92013831e-01 -1.23145208e-01  2.72729870e-02 -1.87183718e+02]
 [ 0.00000000e+00  0.00000000e+00  0.00000000e+00  1.00000000e+00]]

[[ 1.20493542e-01  9.83808814e-01  1.32670735e-01 -3.13129803e+02]
 [-4.47855803e-02 -1.28121167e-01  9.90746798e-01  8.64125678e+01]
 [ 9.91703362e-01 -1.25320327e-01  2.86226755e-02 -1.88327731e+02]
 [ 0.00000000e+00  0.00000000e+00  0.00000000e+00  1.00000000e+00]]

[[ 1.18826711e-01  9.83994940e-01  1.32793714e-01 -3.13016990e+02]
 [-4.55228593e-02 -1.28201646e-01  9.90702785e-01  8.75755626e+01]
 [ 9.91870900e-01 -1.23767103e-01  2.95604834e-02 -1.89558733e+02]
 [ 0.00000000e+00  0.00000000e+00  0.00000000e+00  1.00000000e+00]]

[[ 1.18994039e-01  9.84483857e-01  1.28964931e-01 -3.09926504e+02]
 [-5.08849644e-02 -1.23670427e-01  9.91017833e-01  8.60696423e+01]
 [ 9.91590207e-01 -1.24487590e-01  3.53793825e-02 -1.93930408e+02]
 [ 0.00000000e+00  0.00000000e+00  0.00000000e+00  1.00000000e+00]]

[[ 1.19171847e-01  9.84361557e-01  1.29732016e-01 -3.10293948e+02]
 [-4.47946489e-02 -1.25199638e-01  9.91119816e-01  8.61612674e+01]
 [ 9.91862647e-01 -1.23924880e-01  2.91738582e-02 -1.88640313e+02]
 [ 0.00000000e+00  0.00000000e+00  0.00000000e+00  1.00000000e+00]]

[[ 9.53681993e-02  9.81437603e-01  1.66388514e-01 -3.27289019e+02]
 [-3.69626169e-02 -1.63543725e-01  9.85843403e-01  9.31640978e+01]
 [ 9.94755584e-01 -1.00168265e-01  2.06796316e-02 -1.81834697e+02]
 [ 0.00000000e+00  0.00000000e+00  0.00000000e+00  1.00000000e+00]]

[[ 1.07285500e-01  9.83009234e-01  1.48938469e-01 -3.10314910e+02]
 [-4.94471094e-02 -1.44342167e-01  9.88291618e-01  9.09164510e+01]
 [ 9.92997888e-01 -1.13393937e-01  3.31211436e-02 -1.89851956e+02]
 [ 0.00000000e+00  0.00000000e+00  0.00000000e+00  1.00000000e+00]]

[[ 1.03525094e-01  9.77608307e-01  1.83206312e-01 -3.45354853e+02]
 [-4.87948952e-02 -1.78982353e-01  9.82641530e-01  9.88366562e+01]
 [ 9.93429219e-01 -1.10667590e-01  2.91731299e-02 -1.84336725e+02]
 [ 0.00000000e+00  0.00000000e+00  0.00000000e+00  1.00000000e+00]]

[[ 1.16072584e-01  9.83991016e-01  1.35236222e-01 -3.14433996e+02]
 [-4.11286313e-02 -1.31278125e-01  9.90492044e-01  9.05821552e+01]
 [ 9.92388831e-01 -1.20531052e-01  2.52324126e-02 -1.79435465e+02]
 [ 0.00000000e+00  0.00000000e+00  0.00000000e+00  1.00000000e+00]]

[[ 1.12618655e-01  9.81261519e-01  1.56342158e-01 -3.33373273e+02]
 [-4.27692089e-02 -1.52410239e-01  9.87391469e-01  9.23105439e+01]
 [ 9.92717399e-01 -1.17885330e-01  2.48035428e-02 -1.77936703e+02]
 [ 0.00000000e+00  0.00000000e+00  0.00000000e+00  1.00000000e+00]]

[[ 1.14132246e-01  9.81152639e-01  1.55927319e-01 -3.32997839e+02]
 [-3.80986749e-02 -1.52514821e-01  9.87566565e-01  9.28796457e+01]
 [ 9.92734769e-01 -1.18653814e-01  1.99737563e-02 -1.74383219e+02]
 [ 0.00000000e+00  0.00000000e+00  0.00000000e+00  1.00000000e+00]]

[[ 1.13556892e-01  9.82181731e-01  1.49746052e-01 -3.27365154e+02]
 [-3.76579456e-02 -1.46357694e-01  9.88514696e-01  9.24239273e+01]
 [ 9.92817562e-01 -1.17891786e-01  2.03670213e-02 -1.74909078e+02]
 [ 0.00000000e+00  0.00000000e+00  0.00000000e+00  1.00000000e+00]]

[[ 1.18695130e-01  9.84011727e-01  1.32786999e-01 -3.12644621e+02]
 [-2.93585137e-02 -1.30195919e-01  9.91053531e-01  9.03612549e+01]
 [ 9.92496622e-01 -1.21531657e-01  1.34355002e-02 -1.69655959e+02]
 [ 0.00000000e+00  0.00000000e+00  0.00000000e+00  1.00000000e+00]]

[[ 1.20741266e-01  9.79536391e-01  1.61027962e-01 -3.37101090e+02]
 [-4.06275653e-02 -1.57202682e-01  9.86730317e-01  9.61728701e+01]
 [ 9.91852281e-01 -1.25681242e-01  2.08153279e-02 -1.75388071e+02]
 [ 0.00000000e+00  0.00000000e+00  0.00000000e+00  1.00000000e+00]]

[[ 1.55192113e-01  9.76290706e-01  1.50903500e-01 -3.30019227e+02]
 [-3.39887776e-02 -1.47386966e-01  9.88494737e-01  9.30592822e+01]
 [ 9.87299433e-01 -1.58535613e-01  1.03096329e-02 -1.64501543e+02]
 [ 0.00000000e+00  0.00000000e+00  0.00000000e+00  1.00000000e+00]]

[[ 1.34493014e-01  9.78807655e-01  1.54425401e-01 -3.32797778e+02]
 [-4.10693714e-02 -1.50201301e-01  9.87802043e-01  9.49588136e+01]
 [ 9.90063097e-01 -1.39194628e-01  1.99979893e-02 -1.74571313e+02]
 [ 0.00000000e+00  0.00000000e+00  0.00000000e+00  1.00000000e+00]]

[[ 1.43710399e-01  9.74591002e-01  1.71812983e-01 -3.47772525e+02]
 [-2.51453712e-02 -1.69962990e-01  9.85129582e-01  1.02295010e+02]
 [ 9.89300274e-01 -1.45893666e-01  8.10035349e-05 -1.58411079e+02]
 [ 0.00000000e+00  0.00000000e+00  0.00000000e+00  1.00000000e+00]]

[[ 1.37623466e-01  9.76876059e-01  1.63624408e-01 -3.41218297e+02]
 [-5.65406800e-02 -1.57178801e-01  9.85950291e-01  9.74104993e+01]
 [ 9.88869523e-01 -1.44941332e-01  3.36017452e-02 -1.85531545e+02]
 [ 0.00000000e+00  0.00000000e+00  0.00000000e+00  1.00000000e+00]]

[[ 1.36616936e-01  9.76487370e-01  1.66757997e-01 -3.43895682e+02]
 [-4.28907839e-02 -1.62347814e-01  9.85800978e-01  9.86579713e+01]
 [ 9.89695000e-01 -1.41829491e-01  1.97028479e-02 -1.74045734e+02]
 [ 0.00000000e+00  0.00000000e+00  0.00000000e+00  1.00000000e+00]]

[[ 1.30781843e-01  9.77502751e-01  1.65482570e-01 -3.42967544e+02]
 [-4.56777291e-02 -1.60797891e-01  9.85929807e-01  9.80302317e+01]
 [ 9.90358347e-01 -1.36500585e-01  2.36206615e-02 -1.77694024e+02]
 [ 0.00000000e+00  0.00000000e+00  0.00000000e+00  1.00000000e+00]]

[[ 1.40951293e-01  9.79202703e-01  1.45927379e-01 -3.26421068e+02]
 [-3.85335974e-02 -1.41861033e-01  9.89136295e-01  9.50194635e+01]
 [ 9.89266342e-01 -1.45043146e-01  1.77367068e-02 -1.72733245e+02]
 [ 0.00000000e+00  0.00000000e+00  0.00000000e+00  1.00000000e+00]]

[[ 1.43388609e-01  9.76040153e-01  1.63662235e-01 -3.42366395e+02]
 [-5.60475947e-02 -1.57097003e-01  9.85991480e-01  9.63174705e+01]
 [ 9.88078121e-01 -1.50552821e-01  3.21787822e-02 -1.83006699e+02]
 [ 0.00000000e+00  0.00000000e+00  0.00000000e+00  1.00000000e+00]]

[[ 1.42311614e-01  9.77541600e-01  1.55434308e-01 -3.35444027e+02]
 [-4.75309999e-02 -1.50102461e-01  9.87527243e-01  9.73141342e+01]
 [ 9.88680034e-01 -1.47924543e-01  2.51022062e-02 -1.78497548e+02]
 [ 0.00000000e+00  0.00000000e+00  0.00000000e+00  1.00000000e+00]]

[[ 1.44535235e-01  9.76940160e-01  1.57154349e-01 -3.37050794e+02]
 [-5.43795955e-02 -1.50739661e-01  9.87076701e-01  9.85000501e+01]
 [ 9.88004264e-01 -1.51213353e-01  3.13384183e-02 -1.83733824e+02]
 [ 0.00000000e+00  0.00000000e+00  0.00000000e+00  1.00000000e+00]]

[[ 1.39491668e-01  9.77708511e-01  1.56933563e-01 -3.36896810e+02]
 [-4.78681904e-02 -1.51639812e-01  9.87276052e-01  9.82473758e+01]
 [ 9.89065575e-01 -1.45228909e-01  2.56486469e-02 -1.79364941e+02]
 [ 0.00000000e+00  0.00000000e+00  0.00000000e+00  1.00000000e+00]]

[[ 1.39159975e-01  9.75253403e-01  1.71800178e-01 -3.50087297e+02]
 [-5.34296781e-02 -1.65841056e-01  9.84704023e-01  1.00260322e+02]
 [ 9.88827473e-01 -1.46210615e-01  2.90290383e-02 -1.81283674e+02]
 [ 0.00000000e+00  0.00000000e+00  0.00000000e+00  1.00000000e+00]]

[[ 1.25897514e-01  9.80187658e-01  1.52911647e-01 -3.33372215e+02]
 [-5.47218964e-02 -1.47041793e-01  9.87615424e-01  9.48281381e+01]
 [ 9.90532852e-01 -1.32705942e-01  3.51255314e-02 -1.86633942e+02]
 [ 0.00000000e+00  0.00000000e+00  0.00000000e+00  1.00000000e+00]]

[[ 1.19952034e-01  9.83542665e-01  1.35112310e-01 -3.17320166e+02]
 [-4.92035629e-02 -1.30038029e-01  9.90287393e-01  9.31947127e+01]
 [ 9.91559640e-01 -1.25434994e-01  3.27954773e-02 -1.85994103e+02]
 [ 0.00000000e+00  0.00000000e+00  0.00000000e+00  1.00000000e+00]]

[[ 1.16415434e-01  9.83984864e-01  1.34986052e-01 -3.17176232e+02]
 [-4.59705031e-02 -1.30426183e-01  9.90391702e-01  9.31504303e+01]
 [ 9.92136160e-01 -1.21502257e-01  3.00506586e-02 -1.83924541e+02]
 [ 0.00000000e+00  0.00000000e+00  0.00000000e+00  1.00000000e+00]]

[[ 1.13563568e-01  9.80410505e-01  1.60930287e-01 -3.39146538e+02]
 [-3.96011955e-02 -1.57382684e-01  9.86743349e-01  9.90532831e+01]
 [ 9.92741185e-01 -1.18431127e-01  2.09524890e-02 -1.76677615e+02]
 [ 0.00000000e+00  0.00000000e+00  0.00000000e+00  1.00000000e+00]]

[[ 1.16026747e-01  9.82744325e-01  1.44053412e-01 -3.24931456e+02]
 [-4.58412142e-02 -1.39580048e-01  9.89149126e-01  9.50155324e+01]
 [ 9.92187672e-01 -1.21371339e-01  2.88551741e-02 -1.82626263e+02]
 [ 0.00000000e+00  0.00000000e+00  0.00000000e+00  1.00000000e+00]]

[[ 1.18576035e-01  9.81770708e-01  1.48546290e-01 -3.28664916e+02]
 [-4.12841827e-02 -1.44597756e-01  9.88628902e-01  9.62172880e+01]
 [ 9.92086357e-01 -1.23360307e-01  2.33857728e-02 -1.78078509e+02]
 [ 0.00000000e+00  0.00000000e+00  0.00000000e+00  1.00000000e+00]]

[[ 1.13932309e-01  9.83170253e-01  1.42813457e-01 -3.23907756e+02]
 [-5.63263744e-02 -1.37125893e-01  9.88950873e-01  9.50888557e+01]
 [ 9.91890502e-01 -1.20717620e-01  3.97553462e-02 -1.92655953e+02]
 [ 0.00000000e+00  0.00000000e+00  0.00000000e+00  1.00000000e+00]]

[[ 1.18161338e-01  9.82068180e-01  1.46901289e-01 -3.27346043e+02]
 [-4.05618220e-02 -1.43040663e-01  9.88885285e-01  9.56294050e+01]
 [ 9.92165630e-01 -1.22806593e-01  2.29325986e-02 -1.77865095e+02]
 [ 0.00000000e+00  0.00000000e+00  0.00000000e+00  1.00000000e+00]]

[[ 1.16698436e-01  9.81464456e-01  1.52016436e-01 -3.31835628e+02]
 [-4.13691821e-02 -1.48125754e-01  9.88102905e-01  9.56921533e+01]
 [ 9.92305430e-01 -1.21598859e-01  2.33163380e-02 -1.77575019e+02]
 [ 0.00000000e+00  0.00000000e+00  0.00000000e+00  1.00000000e+00]]

[[ 1.19546688e-01  9.83282911e-01  1.37343752e-01 -3.19144884e+02]
 [-4.07750853e-02 -1.33356569e-01  9.90228972e-01  9.35345372e+01]
 [ 9.91990918e-01 -1.23978797e-01  2.41511084e-02 -1.78771281e+02]
 [ 0.00000000e+00  0.00000000e+00  0.00000000e+00  1.00000000e+00]]

[[ 1.38415112e-01  9.80321735e-01  1.40749962e-01 -3.23693033e+02]
 [-5.23676272e-02 -1.34674500e-01  9.89505134e-01  9.33025990e+01]
 [ 9.88988821e-01 -1.44333205e-01  3.26961372e-02 -1.83832309e+02]
 [ 0.00000000e+00  0.00000000e+00  0.00000000e+00  1.00000000e+00]]

[[ 1.39284400e-01  9.79033255e-01  1.48639637e-01 -3.30453885e+02]
 [-5.61672274e-02 -1.42050408e-01  9.88264602e-01  9.62972041e+01]
 [ 9.88658231e-01 -1.45998518e-01  3.52041777e-02 -1.86498298e+02]
 [ 0.00000000e+00  0.00000000e+00  0.00000000e+00  1.00000000e+00]]

[[ 1.40015348e-01  9.76738178e-01  1.62413772e-01 -3.42470232e+02]
 [-4.10004532e-02 -1.58169610e-01  9.86560357e-01  9.90925665e+01]
 [ 9.89300088e-01 -1.44792630e-01  1.79005350e-02 -1.71985731e+02]
 [ 0.00000000e+00  0.00000000e+00  0.00000000e+00  1.00000000e+00]]

[[ 1.17799763e-01  9.81481424e-01  1.51054395e-01 -3.31886865e+02]
 [-5.01328467e-02 -1.46041699e-01  9.88007348e-01  9.62613561e+01]
 [ 9.91771099e-01 -1.23959819e-01  3.20007801e-02 -1.84430665e+02]
 [ 0.00000000e+00  0.00000000e+00  0.00000000e+00  1.00000000e+00]]

[[ 1.17128336e-01  9.83146185e-01  1.40372835e-01 -3.22546190e+02]
 [-5.26268754e-02 -1.35002644e-01  9.89446663e-01  9.44139201e+01]
 [ 9.91721415e-01 -1.23279624e-01  3.59272767e-02 -1.88596490e+02]
 [ 0.00000000e+00  0.00000000e+00  0.00000000e+00  1.00000000e+00]]

[[ 1.15102485e-01  9.83927067e-01  1.36524524e-01 -3.19146037e+02]
 [-5.30639541e-02 -1.31151442e-01  9.89941168e-01  9.34234476e+01]
 [ 9.91935298e-01 -1.21189219e-01  3.71152039e-02 -1.89268438e+02]
 [ 0.00000000e+00  0.00000000e+00  0.00000000e+00  1.00000000e+00]]

[[ 1.14701422e-01  9.85058395e-01  1.28466116e-01 -3.12403842e+02]
 [-6.76401633e-02 -1.21275113e-01  9.90311646e-01  9.27288789e+01]
 [ 9.91094542e-01 -1.22279623e-01  5.27190828e-02 -2.03147088e+02]
 [ 0.00000000e+00  0.00000000e+00  0.00000000e+00  1.00000000e+00]]

[[ 1.19927369e-01  9.83861110e-01  1.32795867e-01 -3.16182317e+02]
 [-6.39868855e-02 -1.25823046e-01  9.89986990e-01  9.26739899e+01]
 [ 9.90718479e-01 -1.27223728e-01  4.78645815e-02 -1.98241285e+02]
 [ 0.00000000e+00  0.00000000e+00  0.00000000e+00  1.00000000e+00]]

[[ 1.14254938e-01  9.80898966e-01  1.57426258e-01 -3.37230120e+02]
 [-6.21226489e-02 -1.51099511e-01  9.86564602e-01  9.78772921e+01]
 [ 9.91507229e-01 -1.22499614e-01  4.36721768e-02 -1.95000885e+02]
 [ 0.00000000e+00  0.00000000e+00  0.00000000e+00  1.00000000e+00]]

[[ 1.15811858e-01  9.82035472e-01  1.48976327e-01 -3.29981493e+02]
 [-6.38294428e-02 -1.42317446e-01  9.87760875e-01  9.65899320e+01]
 [ 9.91218147e-01 -1.23903499e-01  4.62007290e-02 -1.97183427e+02]
 [ 0.00000000e+00  0.00000000e+00  0.00000000e+00  1.00000000e+00]]

[[ 1.16502349e-01  9.81064436e-01  1.54724839e-01 -3.34932366e+02]
 [-5.68382634e-02 -1.48944572e-01  9.87210680e-01  9.68998396e+01]
 [ 9.91562713e-01 -1.23806655e-01  3.84096062e-02 -1.90406095e+02]
 [ 0.00000000e+00  0.00000000e+00  0.00000000e+00  1.00000000e+00]]

[[ 1.20845871e-01  9.80670791e-01  1.53886563e-01 -3.34521139e+02]
 [-4.53139376e-02 -1.49411337e-01  9.87736250e-01  9.76348195e+01]
 [ 9.91636487e-01 -1.26337053e-01  2.63823119e-02 -1.80344705e+02]
 [ 0.00000000e+00  0.00000000e+00  0.00000000e+00  1.00000000e+00]]

[[ 1.32670610e-01  9.76215148e-01  1.71471554e-01 -3.50598393e+02]
 [-6.20369949e-02 -1.64482966e-01  9.84427125e-01  9.95410768e+01]
 [ 9.89216822e-01 -1.41242127e-01  3.87393987e-02 -1.88591301e+02]
 [ 0.00000000e+00  0.00000000e+00  0.00000000e+00  1.00000000e+00]]

[[ 1.40349762e-01  9.77206145e-01  1.59279922e-01 -3.40219414e+02]
 [-6.27141915e-02 -1.51775070e-01  9.86423468e-01  9.79658780e+01]
 [ 9.88113796e-01 -1.48433411e-01  3.99830984e-02 -1.89353500e+02]
 [ 0.00000000e+00  0.00000000e+00  0.00000000e+00  1.00000000e+00]]

[[ 1.26943661e-01  9.79097804e-01  1.58911285e-01 -3.39917531e+02]
 [-6.82240677e-02 -1.51209503e-01  9.86144595e-01  9.62577842e+01]
 [ 9.89560904e-01 -1.36026379e-01  4.76029471e-02 -1.95755246e+02]
 [ 0.00000000e+00  0.00000000e+00  0.00000000e+00  1.00000000e+00]]

[[ 1.16143904e-01  9.82646534e-01  1.44624974e-01 -3.26866493e+02]
 [-6.58820352e-02 -1.37667901e-01  9.88284932e-01  9.23504031e+01]
 [ 9.91044979e-01 -1.24311458e-01  4.87494661e-02 -1.97010958e+02]
 [ 0.00000000e+00  0.00000000e+00  0.00000000e+00  1.00000000e+00]]

[[ 1.13982833e-01  9.82381359e-01  1.48103947e-01 -3.29768935e+02]
 [-5.57856375e-02 -1.42511511e-01  9.88219830e-01  9.48989258e+01]
 [ 9.91915257e-01 -1.20902169e-01  3.85589046e-02 -1.89766567e+02]
 [ 0.00000000e+00  0.00000000e+00  0.00000000e+00  1.00000000e+00]]

[[ 1.09203516e-01  9.82078653e-01  1.53610260e-01 -3.34268713e+02]
 [-5.64071505e-02 -1.48162974e-01  9.87353010e-01  9.73277974e+01]
 [ 9.92417667e-01 -1.16487138e-01  3.92163406e-02 -1.91394743e+02]
 [ 0.00000000e+00  0.00000000e+00  0.00000000e+00  1.00000000e+00]]

[[ 1.07985032e-01  9.80436589e-01  1.64570131e-01 -3.43628155e+02]
 [-4.70447300e-02 -1.60313155e-01  9.85944464e-01  9.94205890e+01]
 [ 9.93038784e-01 -1.14209402e-01  2.88129533e-02 -1.82438004e+02]
 [ 0.00000000e+00  0.00000000e+00  0.00000000e+00  1.00000000e+00]]

[[ 1.13413870e-01  9.81482181e-01  1.54369756e-01 -3.34976439e+02]
 [-4.60755825e-02 -1.50009407e-01  9.87610358e-01  9.77577941e+01]
 [ 9.92478884e-01 -1.19121389e-01  2.82092157e-02 -1.82307022e+02]
 [ 0.00000000e+00  0.00000000e+00  0.00000000e+00  1.00000000e+00]]

[[ 1.07607496e-01  9.81183127e-01  1.60313128e-01 -3.40243054e+02]
 [-4.91847226e-02 -1.55798091e-01  9.86563641e-01  9.73970750e+01]
 [ 9.92976077e-01 -1.14046600e-01  3.14941774e-02 -1.84318748e+02]
 [ 0.00000000e+00  0.00000000e+00  0.00000000e+00  1.00000000e+00]]

[[ 1.10843130e-01  9.84078998e-01  1.38932808e-01 -3.21828679e+02]
 [-5.68333198e-02 -1.33289067e-01  9.89446309e-01  9.33457101e+01]
 [ 9.92211557e-01 -1.17569339e-01  4.11542990e-02 -1.92213008e+02]
 [ 0.00000000e+00  0.00000000e+00  0.00000000e+00  1.00000000e+00]]

[[ 1.07553724e-01  9.82268479e-01  1.53560516e-01 -3.34222532e+02]
 [-5.67756922e-02 -1.48136054e-01  9.87335926e-01  9.65431170e+01]
 [ 9.92576807e-01 -1.14910160e-01  3.98363886e-02 -1.91330177e+02]
 [ 0.00000000e+00  0.00000000e+00  0.00000000e+00  1.00000000e+00]]

[[ 8.20908201e-02  9.86568051e-01  1.41225275e-01 -3.22267817e+02]
 [-6.81102063e-02 -1.35818700e-01  9.88389741e-01  9.37627005e+01]
 [ 9.94294774e-01 -9.07566070e-02  5.60458850e-02 -2.06845085e+02]
 [ 0.00000000e+00  0.00000000e+00  0.00000000e+00  1.00000000e+00]]

[[ 9.37710589e-02  9.84782833e-01  1.46320743e-01 -3.26281357e+02]
 [-4.96696807e-02 -1.42157911e-01  9.88597012e-01  9.48670234e+01]
 [ 9.94354017e-01 -9.99694932e-02  3.55835510e-02 -1.89176704e+02]
 [ 0.00000000e+00  0.00000000e+00  0.00000000e+00  1.00000000e+00]]

[[ 8.99034099e-02  9.86256325e-01  1.38621204e-01 -3.19601483e+02]
 [-4.74221105e-02 -1.34787889e-01  9.89739041e-01  9.25740870e+01]
 [ 9.94820848e-01 -9.55546247e-02  3.46524656e-02 -1.88603322e+02]
 [ 0.00000000e+00  0.00000000e+00  0.00000000e+00  1.00000000e+00]]

[[ 9.38935270e-02  9.85219865e-01  1.43268363e-01 -3.23608689e+02]
 [-4.14520626e-02 -1.39910648e-01  9.89296082e-01  9.30660899e+01]
 [ 9.94718921e-01 -9.88272675e-02  2.77026914e-02 -1.82815433e+02]
 [ 0.00000000e+00  0.00000000e+00  0.00000000e+00  1.00000000e+00]]

[[ 9.18051906e-02  9.87613362e-01  1.27246432e-01 -3.09473604e+02]
 [-5.46950247e-02 -1.22591924e-01  9.90948876e-01  9.10037144e+01]
 [ 9.94273736e-01 -9.79339972e-02  4.27629623e-02 -1.95706263e+02]
 [ 0.00000000e+00  0.00000000e+00  0.00000000e+00  1.00000000e+00]]

[[ 9.36656434e-02  9.87599472e-01  1.25992180e-01 -3.07945292e+02]
 [-3.07472828e-02 -1.23618736e-01  9.91853322e-01  9.22792583e+01]
 [ 9.95128812e-01 -9.67764968e-02  1.87871718e-02 -1.76510913e+02]
 [ 0.00000000e+00  0.00000000e+00  0.00000000e+00  1.00000000e+00]]

[[ 9.26260711e-02  9.84654816e-01  1.47903026e-01 -3.26948479e+02]
 [-3.90472517e-02 -1.44835236e-01  9.88685019e-01  9.42366698e+01]
 [ 9.94935035e-01 -9.73532155e-02  2.50325456e-02 -1.80895456e+02]
 [ 0.00000000e+00  0.00000000e+00  0.00000000e+00  1.00000000e+00]]

[[ 9.57057951e-02  9.85164665e-01  1.42446426e-01 -3.21922378e+02]
 [-4.09077563e-02 -1.39089740e-01  9.89434485e-01  9.41148543e+01]
 [ 9.94568729e-01 -1.00521778e-01  2.69891819e-02 -1.83098585e+02]
 [ 0.00000000e+00  0.00000000e+00  0.00000000e+00  1.00000000e+00]]

[[ 1.10599820e-01  9.81481804e-01  1.56400603e-01 -3.35072445e+02]
 [-3.10130099e-02 -1.53881201e-01  9.87602536e-01  9.69598311e+01]
 [ 9.93381031e-01 -1.14079116e-01  1.34194717e-02 -1.70485554e+02]
 [ 0.00000000e+00  0.00000000e+00  0.00000000e+00  1.00000000e+00]]

[[ 1.15962490e-01  9.83187723e-01  1.41048224e-01 -3.21985204e+02]
 [-4.04290424e-02 -1.37216308e-01  9.89715705e-01  9.34144035e+01]
 [ 9.92430448e-01 -1.20472343e-01  2.38373933e-02 -1.78834151e+02]
 [ 0.00000000e+00  0.00000000e+00  0.00000000e+00  1.00000000e+00]]

[[ 1.10105029e-01  9.82338911e-01  1.51284983e-01 -3.30396120e+02]
 [-3.32601567e-02 -1.48483601e-01  9.88355393e-01  9.73552361e+01]
 [ 9.93363299e-01 -1.13854661e-01  1.63239550e-02 -1.73857546e+02]
 [ 0.00000000e+00  0.00000000e+00  0.00000000e+00  1.00000000e+00]]

[[ 1.14908134e-01  9.81219664e-01  1.54932539e-01 -3.33630496e+02]
 [-2.57671846e-02 -1.52969031e-01  9.87894998e-01  9.82395104e+01]
 [ 9.93041879e-01 -1.17509346e-01  7.70588227e-03 -1.66365116e+02]
 [ 0.00000000e+00  0.00000000e+00  0.00000000e+00  1.00000000e+00]]

[[ 1.24786999e-01  9.83545732e-01  1.30636896e-01 -3.24451332e+02]
 [-3.40114927e-02 -1.27348287e-01  9.91274751e-01  9.50044338e+01]
 [ 9.91600435e-01 -1.28141357e-01  1.75604480e-02 -1.75373759e+02]
 [ 0.00000000e+00  0.00000000e+00  0.00000000e+00  1.00000000e+00]]

[[ 1.28170357e-01  9.85098124e-01  1.14691090e-01 -3.13213200e+02]
 [-4.29555182e-02 -1.10022220e-01  9.93000471e-01  8.87184643e+01]
 [ 9.90821469e-01 -1.32199840e-01  2.82138132e-02 -1.84864182e+02]
 [ 0.00000000e+00  0.00000000e+00  0.00000000e+00  1.00000000e+00]]

[[ 1.22103343e-01  9.84851052e-01  1.23122620e-01 -3.13968955e+02]
 [-3.06859937e-02 -1.20245590e-01  9.92269806e-01  8.91482676e+01]
 [ 9.92042914e-01 -1.24937600e-01  1.55387446e-02 -1.76860064e+02]
 [ 0.00000000e+00  0.00000000e+00  0.00000000e+00  1.00000000e+00]]

[[ 1.17366914e-01  9.86136613e-01  1.17301270e-01 -3.01878768e+02]
 [-3.02738712e-02 -1.14509897e-01  9.92960712e-01  8.67024713e+01]
 [ 9.92627070e-01 -1.20091898e-01  1.64144997e-02 -1.77283975e+02]
 [ 0.00000000e+00  0.00000000e+00  0.00000000e+00  1.00000000e+00]]

[[ 1.17003976e-01  9.83393478e-01  1.38734771e-01 -3.20025079e+02]
 [-1.97977175e-02 -1.37356948e-01  9.90323745e-01  9.07135506e+01]
 [ 9.92934097e-01 -1.18618447e-01  3.39763733e-03 -1.66299649e+02]
 [ 0.00000000e+00  0.00000000e+00  0.00000000e+00  1.00000000e+00]]

[[ 1.12887070e-01  9.84471533e-01  1.34433291e-01 -3.16288501e+02]
 [-4.25004278e-02 -1.30390098e-01  9.90551430e-01  9.03964230e+01]
 [ 9.92698455e-01 -1.17533921e-01  2.71211052e-02 -1.87085311e+02]
 [ 0.00000000e+00  0.00000000e+00  0.00000000e+00  1.00000000e+00]]

[[ 1.11793639e-01  9.83769175e-01  1.40358084e-01 -3.21377775e+02]
 [-3.10881350e-02 -1.37712025e-01  9.89984306e-01  9.07141517e+01]
 [ 9.93245040e-01 -1.15037419e-01  1.51882206e-02 -1.76392868e+02]
 [ 0.00000000e+00  0.00000000e+00  0.00000000e+00  1.00000000e+00]]

[[ 1.11825755e-01  9.82564941e-01  1.48529919e-01 -3.28431562e+02]
 [-2.65820699e-02 -1.46456199e-01  9.88859937e-01  9.21333153e+01]
 [ 9.93372233e-01 -1.14528242e-01  9.74103497e-03 -1.72264344e+02]
 [ 0.00000000e+00  0.00000000e+00  0.00000000e+00  1.00000000e+00]]

[[ 1.09945391e-01  9.85165079e-01  1.31764100e-01 -3.13968214e+02]
 [-3.83852228e-02 -1.28260335e-01  9.90997407e-01  8.88915339e+01]
 [ 9.93196147e-01 -1.14013392e-01  2.37141483e-02 -1.83862378e+02]
 [ 0.00000000e+00  0.00000000e+00  0.00000000e+00  1.00000000e+00]]

[[ 1.17060076e-01  9.83700376e-01  1.36493623e-01 -3.18229699e+02]
 [-3.82215636e-02 -1.32874272e-01  9.90395648e-01  9.00468997e+01]
 [ 9.92389062e-01 -1.21152790e-01  2.20442941e-02 -1.82221915e+02]
 [ 0.00000000e+00  0.00000000e+00  0.00000000e+00  1.00000000e+00]]

[[ 1.15188487e-01  9.83540205e-01  1.39213067e-01 -3.20529739e+02]
 [-2.60989272e-02 -1.37100974e-01  9.90213194e-01  8.97224291e+01]
 [ 9.93000734e-01 -1.17694471e-01  9.87689041e-03 -1.71273629e+02]
 [ 0.00000000e+00  0.00000000e+00  0.00000000e+00  1.00000000e+00]]

[[ 1.18396165e-01  9.85626934e-01  1.20506825e-01 -3.05062491e+02]
 [-5.15055511e-02 -1.15101188e-01  9.92017588e-01  9.60729751e+01]
 [ 9.91629732e-01 -1.23657849e-01  3.71377192e-02 -1.88037834e+02]
 [ 0.00000000e+00  0.00000000e+00  0.00000000e+00  1.00000000e+00]]

[[ 1.17863640e-01  9.84417903e-01  1.30497335e-01 -3.16291250e+02]
 [-7.46036720e-02 -1.22263945e-01  9.89689759e-01  1.00816558e+02]
 [ 9.90223437e-01 -1.26384018e-01  5.90307168e-02 -2.02440718e+02]
 [ 0.00000000e+00  0.00000000e+00  0.00000000e+00  1.00000000e+00]]

[[ 1.19636018e-01  9.84287553e-01  1.29866228e-01 -3.17469108e+02]
 [-3.85522247e-02 -1.26101358e-01  9.91267963e-01  8.99075000e+01]
 [ 9.92069024e-01 -1.23597983e-01  2.28602107e-02 -1.81447609e+02]
 [ 0.00000000e+00  0.00000000e+00  0.00000000e+00  1.00000000e+00]]

[[ 1.19118617e-01  9.85401039e-01  1.21636948e-01 -3.10155093e+02]
 [-3.52093059e-02 -1.18239815e-01  9.92360646e-01  8.89789957e+01]
 [ 9.92255542e-01 -1.22491380e-01  2.06107234e-02 -1.82035897e+02]
 [ 0.00000000e+00  0.00000000e+00  0.00000000e+00  1.00000000e+00]]

[[ 1.20840542e-01  9.83109458e-01  1.37453109e-01 -3.23945211e+02]
 [-3.11112116e-02 -1.34649022e-01  9.90404833e-01  9.20776372e+01]
 [ 9.92184285e-01 -1.23957389e-01  1.43146655e-02 -1.76630919e+02]
 [ 0.00000000e+00  0.00000000e+00  0.00000000e+00  1.00000000e+00]]

[[ 1.18540604e-01  9.83422963e-01  1.37212975e-01 -3.23596980e+02]
 [-3.14332389e-02 -1.34401475e-01  9.90428289e-01  9.13076630e+01]
 [ 9.92451549e-01 -1.21719016e-01  1.49801370e-02 -1.76881996e+02]
 [ 0.00000000e+00  0.00000000e+00  0.00000000e+00  1.00000000e+00]]

[[ 1.19625987e-01  9.85531350e-01  1.20073235e-01 -3.09177187e+02]
 [-4.32664605e-02 -1.15651853e-01  9.92347047e-01  8.66153546e+01]
 [ 9.91875817e-01 -1.23905639e-01  2.88054861e-02 -1.87437278e+02]
 [ 0.00000000e+00  0.00000000e+00  0.00000000e+00  1.00000000e+00]]

[[ 1.13854651e-01  9.84009831e-01  1.36973611e-01 -3.23670878e+02]
 [-3.99822535e-02 -1.33220229e-01  9.90279652e-01  8.98716078e+01]
 [ 9.92692570e-01 -1.18224458e-01  2.41751879e-02 -1.83870338e+02]
 [ 0.00000000e+00  0.00000000e+00  0.00000000e+00  1.00000000e+00]]

[[ 1.20105601e-01  9.86276598e-01  1.13283350e-01 -3.02036498e+02]
 [-1.68290691e-02 -1.12070273e-01  9.93557767e-01  7.89918769e+01]
 [ 9.92618470e-01 -1.21238306e-01  3.13784954e-03 -1.75527219e+02]
 [ 0.00000000e+00  0.00000000e+00  0.00000000e+00  1.00000000e+00]]

[[ 1.15690945e-01  9.83181084e-01  1.41317236e-01 -3.23640125e+02]
 [-5.10070658e-03 -1.41682632e-01  9.89898992e-01  8.18529029e+01]
 [ 9.93272162e-01 -1.15243167e-01 -1.13764793e-02 -1.65620407e+02]
 [ 0.00000000e+00  0.00000000e+00  0.00000000e+00  1.00000000e+00]]

[[ 1.10184075e-01  9.83821328e-01  1.41262393e-01 -3.21465583e+02]
 [-1.81396047e-02 -1.40113583e-01  9.89969261e-01  8.16995057e+01]
 [ 9.93745654e-01 -1.11641292e-01  2.40784441e-03 -1.77862988e+02]
 [ 0.00000000e+00  0.00000000e+00  0.00000000e+00  1.00000000e+00]]

[[ 1.08681771e-01  9.81657759e-01  1.56640725e-01 -3.31674810e+02]
 [-9.01181726e-03 -1.56594677e-01  9.87621838e-01  8.26380164e+01]
 [ 9.94035744e-01 -1.08748108e-01 -8.17246648e-03 -1.69073969e+02]
 [ 0.00000000e+00  0.00000000e+00  0.00000000e+00  1.00000000e+00]]

[[ 1.09033704e-01  9.77697225e-01  1.79498714e-01 -3.50059180e+02]
 [-3.76190346e-02 -1.76387425e-01  9.83601690e-01  9.60383854e+01]
 [ 9.93325958e-01 -1.13998304e-01  1.75478515e-02 -1.80378425e+02]
 [ 0.00000000e+00  0.00000000e+00  0.00000000e+00  1.00000000e+00]]

[[ 1.07786313e-01  9.78778979e-01  1.74280869e-01 -3.45303321e+02]
 [-3.86230905e-02 -1.71047233e-01  9.84505511e-01  9.75208607e+01]
 [ 9.93423559e-01 -1.12847485e-01  1.93669186e-02 -1.80304965e+02]
 [ 0.00000000e+00  0.00000000e+00  0.00000000e+00  1.00000000e+00]]

[[ 1.08736879e-01  9.79192688e-01  1.71341681e-01 -3.43049057e+02]
 [-4.13165176e-02 -1.67762972e-01  9.84961182e-01  9.55607660e+01]
 [ 9.93211577e-01 -1.14180846e-01  2.22148100e-02 -1.81883183e+02]
 [ 0.00000000e+00  0.00000000e+00  0.00000000e+00  1.00000000e+00]]

[[ 1.07830299e-01  9.80464036e-01  1.64508055e-01 -3.36820547e+02]
 [-4.19987591e-02 -1.60832653e-01  9.86087705e-01  9.65930320e+01]
 [ 9.93281798e-01 -1.13239266e-01  2.38356398e-02 -1.84680792e+02]
 [ 0.00000000e+00  0.00000000e+00  0.00000000e+00  1.00000000e+00]]

[[ 1.05388865e-01  9.78529299e-01  1.77125938e-01 -3.47782631e+02]
 [-3.73184525e-02 -1.74100663e-01  9.84020473e-01  9.80657162e+01]
 [ 9.93730607e-01 -1.10314867e-01  1.81689279e-02 -1.79801599e+02]
 [ 0.00000000e+00  0.00000000e+00  0.00000000e+00  1.00000000e+00]]

[[ 1.08047438e-01  9.80872466e-01  1.61910334e-01 -3.34716522e+02]
 [-4.12854949e-02 -1.58296129e-01  9.86528177e-01  9.56498223e+01]
 [ 9.93288105e-01 -1.13276390e-01  2.33923141e-02 -1.84417222e+02]
 [ 0.00000000e+00  0.00000000e+00  0.00000000e+00  1.00000000e+00]]

[[ 1.09014555e-01  9.81871162e-01  1.55064016e-01 -3.28565807e+02]
 [-4.24742318e-02 -1.51250199e-01  9.87582562e-01  9.56567543e+01]
 [ 9.93132301e-01 -1.14247098e-01  2.52157502e-02 -1.86533250e+02]
 [ 0.00000000e+00  0.00000000e+00  0.00000000e+00  1.00000000e+00]]

[[ 1.12826822e-01  9.79550578e-01  1.66585635e-01 -3.40124954e+02]
 [-4.69671278e-02 -1.62211052e-01  9.85637694e-01  1.09019658e+02]
 [ 9.92504004e-01 -1.19030417e-01  2.77049198e-02 -1.77067597e+02]
 [ 0.00000000e+00  0.00000000e+00  0.00000000e+00  1.00000000e+00]]

[[ 1.19375346e-01  9.79381736e-01  1.62975278e-01 -3.40910974e+02]
 [-5.86421433e-02 -1.56907295e-01  9.85870783e-01  1.13773828e+02]
 [ 9.91115849e-01 -1.27245886e-01  3.87021814e-02 -1.81230924e+02]
 [ 0.00000000e+00  0.00000000e+00  0.00000000e+00  1.00000000e+00]]

[[ 1.14163409e-01  9.80348542e-01  1.60883349e-01 -3.42570573e+02]
 [-7.33624932e-02 -1.53180828e-01  9.85471247e-01  1.14488557e+02]
 [ 9.90749545e-01 -1.24307561e-01  5.44331677e-02 -1.93219149e+02]
 [ 0.00000000e+00  0.00000000e+00  0.00000000e+00  1.00000000e+00]]

[[ 1.11286960e-01  9.79568583e-01  1.67512993e-01 -3.48399627e+02]
 [-3.32769642e-02 -1.64792390e-01  9.85766763e-01  9.67793483e+01]
 [ 9.93231018e-01 -1.15277311e-01  1.42578244e-02 -1.76698797e+02]
 [ 0.00000000e+00  0.00000000e+00  0.00000000e+00  1.00000000e+00]]

[[ 1.14050339e-01  9.81546004e-01  1.53492547e-01 -3.36670050e+02]
 [-3.59061564e-02 -1.50327216e-01  9.87984046e-01  9.23867987e+01]
 [ 9.92825900e-01 -1.18191243e-01  1.80986744e-02 -1.80322648e+02]
 [ 0.00000000e+00  0.00000000e+00  0.00000000e+00  1.00000000e+00]]

[[ 1.15263695e-01  9.81326071e-01  1.53991635e-01 -3.36919014e+02]
 [-3.05573739e-02 -1.51448596e-01  9.87992697e-01  9.29661349e+01]
 [ 9.92864808e-01 -1.18585269e-01  1.25302229e-02 -1.75471827e+02]
 [ 0.00000000e+00  0.00000000e+00  0.00000000e+00  1.00000000e+00]]

[[ 1.16772658e-01  9.81396495e-01  1.52397720e-01 -3.35406597e+02]
 [-2.56041982e-02 -1.50421691e-01  9.88290312e-01  9.33676597e+01]
 [ 9.92828571e-01 -1.19307308e-01  7.56272974e-03 -1.71768742e+02]
 [ 0.00000000e+00  0.00000000e+00  0.00000000e+00  1.00000000e+00]]

[[ 1.15113581e-01  9.80514597e-01  1.59185392e-01 -3.41347719e+02]
 [-2.90018080e-02 -1.56864962e-01  9.87194144e-01  9.44037572e+01]
 [ 9.92928879e-01 -1.18256117e-01  1.03794085e-02 -1.74019337e+02]
 [ 0.00000000e+00  0.00000000e+00  0.00000000e+00  1.00000000e+00]]

[[ 1.20698951e-01  9.81838295e-01  1.46373922e-01 -3.30434393e+02]
 [-1.93253663e-02 -1.45099930e-01  9.89228255e-01  9.11174455e+01]
 [ 9.92501029e-01 -1.22227543e-01  1.46097541e-03 -1.66251911e+02]
 [ 0.00000000e+00  0.00000000e+00  0.00000000e+00  1.00000000e+00]]

[[ 1.14232517e-01  9.81286538e-01  1.55008585e-01 -3.37950624e+02]
 [-3.40909290e-02 -1.52066115e-01  9.87782216e-01  9.29909520e+01]
 [ 9.92868944e-01 -1.18121236e-01  1.60820747e-02 -1.78451605e+02]
 [ 0.00000000e+00  0.00000000e+00  0.00000000e+00  1.00000000e+00]]

[[ 1.19250093e-01  9.81327923e-01  1.50913627e-01 -3.33915784e+02]
 [-2.16158643e-02 -1.49396168e-01  9.88541117e-01  8.89981254e+01]
 [ 9.92628918e-01 -1.21145748e-01  3.39674427e-03 -1.70518283e+02]
 [ 0.00000000e+00  0.00000000e+00  0.00000000e+00  1.00000000e+00]]

[[ 1.05222802e-01  9.80355356e-01  1.66827872e-01 -3.44590288e+02]
 [-2.81123494e-02 -1.64759694e-01  9.85933030e-01  7.31374573e+01]
 [ 9.94051235e-01 -1.08432559e-01  1.02236156e-02 -1.89465308e+02]
 [ 0.00000000e+00  0.00000000e+00  0.00000000e+00  1.00000000e+00]]

[[ 1.08264254e-01  9.78588669e-01  1.75051614e-01 -3.48325097e+02]
 [-2.63067111e-02 -1.73204810e-01  9.84534433e-01  8.35714783e+01]
 [ 9.93774023e-01 -1.11194918e-01  6.99155989e-03 -1.81181076e+02]
 [ 0.00000000e+00  0.00000000e+00  0.00000000e+00  1.00000000e+00]]

[[ 1.17264162e-01  9.67144867e-01  2.25565781e-01 -3.94155019e+02]
 [-1.18798757e-01 -2.11840856e-01  9.70056858e-01  1.03469886e+02]
 [ 9.85969559e-01 -1.40549839e-01  9.00542672e-02 -2.36279214e+02]
 [ 0.00000000e+00  0.00000000e+00  0.00000000e+00  1.00000000e+00]]

[[ 1.13942498e-01  9.80889099e-01  1.57713924e-01 -3.33310507e+02]
 [-3.82996333e-02 -1.54292926e-01  9.87282549e-01  9.33575673e+01]
 [ 9.92748833e-01 -1.18533825e-01  1.99871714e-02 -1.80153483e+02]
 [ 0.00000000e+00  0.00000000e+00  0.00000000e+00  1.00000000e+00]]

[[ 1.09637370e-01  9.80206716e-01  1.64846718e-01 -3.39774563e+02]
 [-4.62626115e-02 -1.60634560e-01  9.85929160e-01  9.43657765e+01]
 [ 9.92894465e-01 -1.15720919e-01  2.77353718e-02 -1.87292393e+02]
 [ 0.00000000e+00  0.00000000e+00  0.00000000e+00  1.00000000e+00]]

[[ 1.12479521e-01  9.81188436e-01  1.56900001e-01 -3.32954121e+02]
 [-4.61270846e-02 -1.52575829e-01  9.87214723e-01  9.23357861e+01]
 [ 9.92582817e-01 -1.18278778e-01  2.80977059e-02 -1.87148362e+02]
 [ 0.00000000e+00  0.00000000e+00  0.00000000e+00  1.00000000e+00]]

[[ 1.10262471e-01  9.79333185e-01  1.69554416e-01 -3.43740740e+02]
 [-3.87983617e-02 -1.66223433e-01  9.85324544e-01  9.49557411e+01]
 [ 9.93144941e-01 -1.15222752e-01  1.96683167e-02 -1.79636976e+02]
 [ 0.00000000e+00  0.00000000e+00  0.00000000e+00  1.00000000e+00]]

[[ 1.12119953e-01  9.81532764e-01  1.54992092e-01 -3.31179840e+02]
 [-4.50663573e-02 -1.50792412e-01  9.87537681e-01  9.31250245e+01]
 [ 9.92672222e-01 -1.17707607e-01  2.73272681e-02 -1.87313924e+02]
 [ 0.00000000e+00  0.00000000e+00  0.00000000e+00  1.00000000e+00]]

[[ 1.12448062e-01  9.82187151e-01  1.50545124e-01 -3.27278368e+02]
 [-4.83698081e-02 -1.45915804e-01  9.88113829e-01  9.23943846e+01]
 [ 9.92479619e-01 -1.18393323e-01  3.11002547e-02 -1.90358709e+02]
 [ 0.00000000e+00  0.00000000e+00  0.00000000e+00  1.00000000e+00]]

[[ 1.07679064e-01  9.83169406e-01  1.47591119e-01 -3.22712619e+02]
 [-3.39546685e-02 -1.44730829e-01  9.88888299e-01  8.72362536e+01]
 [ 9.93605706e-01 -1.11493974e-01  1.77987111e-02 -1.96912904e+02]
 [ 0.00000000e+00  0.00000000e+00  0.00000000e+00  1.00000000e+00]]

[[ 1.04912618e-01  9.88784966e-01  1.06290330e-01 -2.84766699e+02]
 [-1.10371311e-01 -9.46429688e-02  9.89373985e-01  8.83995223e+01]
 [ 9.88337754e-01 -1.15529218e-01  9.92042514e-02 -2.50250527e+02]
 [ 0.00000000e+00  0.00000000e+00  0.00000000e+00  1.00000000e+00]]

[[ 1.06126214e-01  9.87953636e-01  1.12626990e-01 -2.89827639e+02]
 [-8.76299282e-02 -1.03533483e-01  9.90758201e-01  8.83249514e+01]
 [ 9.90483832e-01 -1.15014912e-01  7.55866896e-02 -2.28840364e+02]
 [ 0.00000000e+00  0.00000000e+00  0.00000000e+00  1.00000000e+00]]

[[ 1.03199862e-01  9.86503033e-01  1.27128105e-01 -3.02187029e+02]
 [-9.35488742e-02 -1.17617543e-01  9.88642869e-01  9.17928398e+01]
 [ 9.90251683e-01 -1.13920499e-01  8.01481338e-02 -2.31856573e+02]
 [ 0.00000000e+00  0.00000000e+00  0.00000000e+00  1.00000000e+00]]

[[ 1.02628397e-01  9.88007408e-01  1.15363655e-01 -2.92489765e+02]
 [-1.22677306e-01 -1.02519065e-01  9.87137336e-01  9.07407147e+01]
 [ 9.87125975e-01 -1.15460825e-01  1.10684720e-01 -2.57798106e+02]
 [ 0.00000000e+00  0.00000000e+00  0.00000000e+00  1.00000000e+00]]

[[ 1.08946276e-01  9.86704357e-01  1.20603565e-01 -2.96851546e+02]
 [-5.95621122e-02 -1.14628045e-01  9.91621282e-01  8.76669372e+01]
 [ 9.92261590e-01 -1.15216849e-01  4.62818970e-02 -2.02547384e+02]
 [ 0.00000000e+00  0.00000000e+00  0.00000000e+00  1.00000000e+00]]

[[ 1.17633595e-01  9.81368525e-01  1.51914959e-01 -3.24174968e+02]
 [-2.26758986e-02 -1.50282701e-01  9.88382979e-01  9.13748863e+01]
 [ 9.92798137e-01 -1.19711851e-01  4.57511875e-03 -1.66793603e+02]
 [ 0.00000000e+00  0.00000000e+00  0.00000000e+00  1.00000000e+00]]

[[ 1.13916930e-01  9.80033151e-01  1.62966120e-01 -3.33576350e+02]
 [-3.35301535e-02 -1.60147885e-01  9.86523382e-01  9.41823266e+01]
 [ 9.92924298e-01 -1.17845994e-01  1.46171067e-02 -1.76333675e+02]
 [ 0.00000000e+00  0.00000000e+00  0.00000000e+00  1.00000000e+00]]

[[ 1.08596902e-01  9.80142945e-01  1.65911183e-01 -3.36635265e+02]
 [-6.13675226e-02 -1.59969978e-01  9.85212481e-01  1.01624371e+02]
 [ 9.92189871e-01 -1.17172581e-01  4.27767002e-02 -1.84583829e+02]
 [ 0.00000000e+00  0.00000000e+00  0.00000000e+00  1.00000000e+00]]

[[ 1.10058168e-01  9.82638751e-01  1.49359581e-01 -3.24382021e+02]
 [-5.59393195e-02 -1.43910405e-01  9.88008395e-01  9.31921715e+01]
 [ 9.92349733e-01 -1.17093468e-01  3.91296275e-02 -1.96922264e+02]
 [ 0.00000000e+00  0.00000000e+00  0.00000000e+00  1.00000000e+00]]

[[ 1.10668147e-01  9.80439433e-01  1.62760806e-01 -3.36001918e+02]
 [-5.09766505e-02 -1.57951470e-01  9.86130171e-01  9.59168416e+01]
 [ 9.92549214e-01 -1.17430200e-01  3.24993217e-02 -1.92372991e+02]
 [ 0.00000000e+00  0.00000000e+00  0.00000000e+00  1.00000000e+00]]

[[ 1.05205875e-01  9.89550723e-01  9.85955928e-02 -2.80511505e+02]
 [-1.14544343e-01 -8.64276331e-02  9.89651382e-01  8.85499036e+01]
 [ 9.87831624e-01 -1.15410707e-01  1.04254743e-01 -2.53262713e+02]
 [ 0.00000000e+00  0.00000000e+00  0.00000000e+00  1.00000000e+00]]

[[ 1.12293907e-01  9.86681950e-01  1.17680959e-01 -2.97023325e+02]
 [-5.94486623e-02 -1.11546952e-01  9.91979402e-01  8.71803393e+01]
 [ 9.91895123e-01 -1.18389218e-01  4.61308790e-02 -2.02476794e+02]
 [ 0.00000000e+00  0.00000000e+00  0.00000000e+00  1.00000000e+00]]

[[ 1.13190159e-01  9.87234192e-01  1.12056410e-01 -2.92232823e+02]
 [-3.39243647e-02 -1.08875373e-01  9.93476366e-01  8.47519775e+01]
 [ 9.92994021e-01 -1.16253190e-01  2.11676720e-02 -1.80990106e+02]
 [ 0.00000000e+00  0.00000000e+00  0.00000000e+00  1.00000000e+00]]

[[ 1.09286552e-01  9.81091122e-01  1.59739352e-01 -3.33400491e+02]
 [-5.02027117e-02 -1.55049018e-01  9.86630371e-01  9.46755057e+01]
 [ 9.92741727e-01 -1.15844780e-01  3.23086621e-02 -1.92104352e+02]
 [ 0.00000000e+00  0.00000000e+00  0.00000000e+00  1.00000000e+00]]

[[ 1.17373271e-01  9.79085331e-01  1.66178909e-01 -3.39045834e+02]
 [-2.48296505e-02 -1.64390000e-01  9.86082865e-01  9.58800198e+01]
 [ 9.92777419e-01 -1.19865936e-01  5.01535448e-03 -1.68397362e+02]
 [ 0.00000000e+00  0.00000000e+00  0.00000000e+00  1.00000000e+00]]

[[ 1.13659837e-01  9.79519818e-01  1.66199783e-01 -3.39024797e+02]
 [-1.63622454e-02 -1.65415658e-01  9.86088199e-01  9.52370839e+01]
 [ 9.93384980e-01 -1.14798026e-01 -2.77397308e-03 -1.61696974e+02]
 [ 0.00000000e+00  0.00000000e+00  0.00000000e+00  1.00000000e+00]]

[[ 1.15771379e-01  9.82114742e-01  1.48484417e-01 -3.41145783e+02]
 [-2.86510375e-02 -1.46125498e-01  9.88851079e-01  8.91568686e+01]
 [ 9.92862582e-01 -1.18734886e-01  1.12214559e-02 -1.73558227e+02]
 [ 0.00000000e+00  0.00000000e+00  0.00000000e+00  1.00000000e+00]]

[[ 1.17823439e-01  9.83961493e-01  1.33930643e-01 -3.12194740e+02]
 [-3.10153939e-02 -1.31157924e-01  9.90876200e-01  9.06151378e+01]
 [ 9.92550091e-01 -1.20902353e-01  1.50644756e-02 -1.81625830e+02]
 [ 0.00000000e+00  0.00000000e+00  0.00000000e+00  1.00000000e+00]]

[[ 1.11028222e-01  9.82378368e-01  1.50351178e-01 -3.24747136e+02]
 [-5.57832660e-02 -1.44887717e-01  9.87874373e-01  9.19569885e+01]
 [ 9.92250453e-01 -1.18069015e-01  3.87136482e-02 -2.00270573e+02]
 [ 0.00000000e+00  0.00000000e+00  0.00000000e+00  1.00000000e+00]]

[[ 1.10714854e-01  9.80431888e-01  1.62774487e-01 -3.35867821e+02]
 [-4.78600654e-02 -1.58331761e-01  9.86225363e-01  9.27163684e+01]
 [ 9.92699167e-01 -1.16980194e-01  2.93938565e-02 -1.91676942e+02]
 [ 0.00000000e+00  0.00000000e+00  0.00000000e+00  1.00000000e+00]]

[[ 1.09587090e-01  9.79781437e-01  1.67388787e-01 -3.39197723e+02]
 [-4.71499019e-02 -1.63089386e-01  9.85484012e-01  9.50503725e+01]
 [ 9.92858276e-01 -1.15888690e-01  2.83241074e-02 -1.90936390e+02]
 [ 0.00000000e+00  0.00000000e+00  0.00000000e+00  1.00000000e+00]]

[[ 1.10832528e-01  9.83514306e-01  1.42883729e-01 -3.18745599e+02]
 [-6.10071309e-02 -1.36765540e-01  9.88723074e-01  8.96909005e+01]
 [ 9.91964859e-01 -1.18299604e-01  4.48433155e-02 -2.04993791e+02]
 [ 0.00000000e+00  0.00000000e+00  0.00000000e+00  1.00000000e+00]]

[[ 1.08804596e-01  9.81413822e-01  1.58077420e-01 -3.31374547e+02]
 [-5.44718270e-02 -1.52896263e-01  9.86739861e-01  9.36401733e+01]
 [ 9.92569584e-01 -1.15972598e-01  3.68235877e-02 -1.98710152e+02]
 [ 0.00000000e+00  0.00000000e+00  0.00000000e+00  1.00000000e+00]]

[[ 1.08899886e-01  9.83344115e-01  1.45516892e-01 -3.18497233e+02]
 [-5.15347488e-02 -1.40605758e-01  9.88723516e-01  9.23117418e+01]
 [ 9.92715964e-01 -1.15171055e-01  3.53644409e-02 -1.98001448e+02]
 [ 0.00000000e+00  0.00000000e+00  0.00000000e+00  1.00000000e+00]]

[[ 1.14505536e-01  9.78051967e-01  1.74077088e-01 -3.37371153e+02]
 [-2.34670199e-02 -1.72517700e-01  9.84726836e-01  9.54981075e+01]
 [ 9.93145398e-01 -1.16841745e-01  3.19773315e-03 -1.67705291e+02]
 [ 0.00000000e+00  0.00000000e+00  0.00000000e+00  1.00000000e+00]]

[[ 1.18571160e-01  9.82477711e-01  1.43799957e-01 -3.19485610e+02]
 [-5.13088968e-02 -1.38565730e-01  9.89023223e-01  9.11545757e+01]
 [ 9.91619018e-01 -1.24647848e-01  3.39799482e-02 -1.93880725e+02]
 [ 0.00000000e+00  0.00000000e+00  0.00000000e+00  1.00000000e+00]]

[[ 1.13612913e-01  9.80353059e-01  1.61245113e-01 -3.34642694e+02]
 [-4.32090605e-02 -1.57266814e-01  9.86610423e-01  9.56070253e+01]
 [ 9.92585051e-01 -1.19058934e-01  2.44925938e-02 -1.86998070e+02]
 [ 0.00000000e+00  0.00000000e+00  0.00000000e+00  1.00000000e+00]]

[[ 1.15444691e-01  9.79545765e-01  1.64810853e-01 -3.38148751e+02]
 [-3.54435273e-02 -1.61752338e-01  9.86194675e-01  9.39561485e+01]
 [ 9.92681359e-01 -1.19692417e-01  1.60451084e-02 -1.77863290e+02]
 [ 0.00000000e+00  0.00000000e+00  0.00000000e+00  1.00000000e+00]]

[[ 1.16852197e-01  9.80287379e-01  1.59317977e-01 -3.19501029e+02]
 [-2.43212493e-02 -1.57544298e-01  9.87212374e-01  9.47071724e+01]
 [ 9.92851470e-01 -1.19232747e-01  5.43241631e-03 -1.69273634e+02]
 [ 0.00000000e+00  0.00000000e+00  0.00000000e+00  1.00000000e+00]]

[[ 1.16092351e-01  9.77188122e-01  1.77836834e-01 -3.39312300e+02]
 [-2.77576444e-02 -1.75785585e-01  9.84037063e-01  1.01093421e+02]
 [ 9.92850482e-01 -1.19175508e-01  6.71707855e-03 -1.68582080e+02]
 [ 0.00000000e+00  0.00000000e+00  0.00000000e+00  1.00000000e+00]]

[[ 1.08320162e-01  9.81152305e-01  1.60021550e-01 -3.34124164e+02]
 [-6.49676057e-02 -1.53637931e-01  9.85989146e-01  9.51200872e+01]
 [ 9.91990903e-01 -1.17198722e-01  4.71010305e-02 -2.01391749e+02]
 [ 0.00000000e+00  0.00000000e+00  0.00000000e+00  1.00000000e+00]]

[[ 1.10795082e-01  9.81189562e-01  1.58086982e-01 -3.32446473e+02]
 [-3.97978750e-02 -1.54558487e-01  9.87181748e-01  9.34946166e+01]
 [ 9.93046111e-01 -1.15666409e-01  2.19249393e-02 -1.78875689e+02]
 [ 0.00000000e+00  0.00000000e+00  0.00000000e+00  1.00000000e+00]]

[[ 1.09301243e-01  9.83292775e-01  1.45562895e-01 -3.21734873e+02]
 [-5.38706512e-02 -1.40365291e-01  9.88633166e-01  9.31861829e+01]
 [ 9.92547828e-01 -1.15900402e-01  3.76285213e-02 -1.93422674e+02]
 [ 0.00000000e+00  0.00000000e+00  0.00000000e+00  1.00000000e+00]]

[[ 1.10982197e-01  9.81658316e-01  1.55015811e-01 -3.30108470e+02]
 [-6.23015937e-02 -1.48800406e-01  9.86902706e-01  9.27691725e+01]
 [ 9.91867664e-01 -1.19186362e-01  4.46446817e-02 -1.97877997e+02]
 [ 0.00000000e+00  0.00000000e+00  0.00000000e+00  1.00000000e+00]]

[[ 1.12098883e-01  9.78310243e-01  1.74192162e-01 -3.46692255e+02]
 [-4.97077148e-02 -1.69556895e-01  9.84266022e-01  9.56509957e+01]
 [ 9.92453013e-01 -1.18993816e-01  2.96224279e-02 -1.84327855e+02]
 [ 0.00000000e+00  0.00000000e+00  0.00000000e+00  1.00000000e+00]]

[[ 1.10709297e-01  9.82836751e-01  1.47564811e-01 -3.23706977e+02]
 [-6.27725806e-02 -1.41266085e-01  9.87979502e-01  9.17345294e+01]
 [ 9.91868466e-01 -1.18641540e-01  4.60557302e-02 -1.99264282e+02]
 [ 0.00000000e+00  0.00000000e+00  0.00000000e+00  1.00000000e+00]]

[[ 1.09406479e-01  9.81627685e-01  1.56324378e-01 -3.30762505e+02]
 [-5.09000884e-02 -1.51529402e-01  9.87141338e-01  9.65655294e+01]
 [ 9.92693006e-01 -1.15956583e-01  3.33866376e-02 -1.88724073e+02]
 [ 0.00000000e+00  0.00000000e+00  0.00000000e+00  1.00000000e+00]]

[[ 1.10959116e-01  9.89063028e-01  9.71720225e-02 -2.81492334e+02]
 [-1.25966462e-01 -8.29906250e-02  9.88557033e-01  9.50913605e+01]
 [ 9.85809578e-01 -1.21929831e-01  1.15380204e-01 -2.47936572e+02]
 [ 0.00000000e+00  0.00000000e+00  0.00000000e+00  1.00000000e+00]]

[[ 1.19760195e-01  9.85613702e-01  1.19260746e-01 -3.02318806e+02]
 [-4.13570975e-02 -1.15068320e-01  9.92496283e-01  8.90449154e+01]
 [ 9.91941070e-01 -1.23793827e-01  2.69815175e-02 -1.84122919e+02]
 [ 0.00000000e+00  0.00000000e+00  0.00000000e+00  1.00000000e+00]]

[[ 1.08384268e-01  9.82172778e-01  1.53588688e-01 -3.31779873e+02]
 [-5.43667033e-02 -1.48411370e-01  9.87430163e-01  9.33076011e+01]
 [ 9.92621334e-01 -1.15372006e-01  3.73120383e-02 -1.92835080e+02]
 [ 0.00000000e+00  0.00000000e+00  0.00000000e+00  1.00000000e+00]]

[[ 1.13121085e-01  9.80860403e-01  1.58481829e-01 -3.35796673e+02]
 [-5.01152005e-02 -1.53669975e-01  9.86850549e-01  9.55402110e+01]
 [ 9.92316525e-01 -1.19575954e-01  3.17727014e-02 -1.89279098e+02]
 [ 0.00000000e+00  0.00000000e+00  0.00000000e+00  1.00000000e+00]]

[[ 1.07912686e-01  9.81955735e-01  1.55299024e-01 -3.33036474e+02]
 [-4.92221965e-02 -1.50742347e-01  9.87346910e-01  9.45627212e+01]
 [ 9.92941100e-01 -1.14191416e-01  3.20670066e-02 -1.88928191e+02]
 [ 0.00000000e+00  0.00000000e+00  0.00000000e+00  1.00000000e+00]]

[[ 1.13105717e-01  9.86758866e-01  1.16249889e-01 -2.99232021e+02]
 [-6.71894471e-02 -1.09136803e-01  9.91753365e-01  8.88023451e+01]
 [ 9.91308567e-01 -1.19983741e-01  5.39557863e-02 -2.07782952e+02]
 [ 0.00000000e+00  0.00000000e+00  0.00000000e+00  1.00000000e+00]]

[[ 1.07440743e-01  9.82636934e-01  1.51265142e-01 -3.29734638e+02]
 [-5.59278532e-02 -1.45931367e-01  9.87712565e-01  9.19927270e+01]
 [ 9.92637175e-01 -1.14580507e-01  3.92777996e-02 -1.93620484e+02]
 [ 0.00000000e+00  0.00000000e+00  0.00000000e+00  1.00000000e+00]]

[[ 1.08677193e-01  9.82466031e-01  1.51491799e-01 -3.29924630e+02]
 [-4.84885861e-02 -1.46973934e-01  9.87951173e-01  9.32079094e+01]
 [ 9.92893813e-01 -1.14713384e-01  3.16656742e-02 -1.88093276e+02]
 [ 0.00000000e+00  0.00000000e+00  0.00000000e+00  1.00000000e+00]]

[[ 1.12310624e-01  9.86130356e-01  1.22201659e-01 -3.04790346e+02]
 [-7.38838287e-02 -1.14351928e-01  9.90689061e-01  8.82915372e+01]
 [ 9.90922552e-01 -1.20293633e-01  6.00161498e-02 -2.12087322e+02]
 [ 0.00000000e+00  0.00000000e+00  0.00000000e+00  1.00000000e+00]]

[[ 1.11622181e-01  9.82891008e-01  1.46511960e-01 -3.26428143e+02]
 [-6.77319147e-02 -1.39565675e-01  9.87893623e-01  9.94551366e+01]
 [ 9.91439800e-01 -1.20194377e-01  5.09944649e-02 -1.98237933e+02]
 [ 0.00000000e+00  0.00000000e+00  0.00000000e+00  1.00000000e+00]]

[[ 1.17668842e-01  9.81240236e-01  1.52714255e-01 -3.34400422e+02]
 [-5.12867114e-02 -1.47572596e-01  9.87720609e-01  1.12176888e+02]
 [ 9.91727642e-01 -1.24056152e-01  3.29598883e-02 -1.75959479e+02]
 [ 0.00000000e+00  0.00000000e+00  0.00000000e+00  1.00000000e+00]]

[[ 1.16207444e-01  9.81992321e-01  1.48952715e-01 -3.32167147e+02]
 [-4.71862062e-02 -1.44341066e-01  9.88402306e-01  9.31184886e+01]
 [ 9.92103468e-01 -1.21888219e-01  2.95629859e-02 -1.86743694e+02]
 [ 0.00000000e+00  0.00000000e+00  0.00000000e+00  1.00000000e+00]]

[[ 1.20719422e-01  9.81504720e-01  1.48577608e-01 -3.31874542e+02]
 [-4.24384164e-02 -1.44432623e-01  9.88604167e-01  9.43530319e+01]
 [ 9.91779109e-01 -1.25649122e-01  2.42176832e-02 -1.83714530e+02]
 [ 0.00000000e+00  0.00000000e+00  0.00000000e+00  1.00000000e+00]]

[[ 1.13188244e-01  9.81779490e-01  1.52635039e-01 -3.35397974e+02]
 [-5.62329122e-02 -1.47046016e-01  9.87529913e-01  9.43177471e+01]
 [ 9.91980988e-01 -1.20359889e-01  3.85644395e-02 -1.94944836e+02]
 [ 0.00000000e+00  0.00000000e+00  0.00000000e+00  1.00000000e+00]]

[[ 1.17041061e-01  9.81259123e-01  1.53074892e-01 -3.35678109e+02]
 [-4.72319280e-02 -1.48460019e-01  9.87789840e-01  9.43628164e+01]
 [ 9.92003294e-01 -1.22841994e-01  2.89708421e-02 -1.87101605e+02]
 [ 0.00000000e+00  0.00000000e+00  0.00000000e+00  1.00000000e+00]]

[[ 1.17133675e-01  9.82148060e-01  1.47189980e-01 -3.30777763e+02]
 [-4.76419954e-02 -1.42482493e-01  9.88650079e-01  9.31080278e+01]
 [ 9.91972753e-01 -1.22816642e-01  3.01019953e-02 -1.88184201e+02]
 [ 0.00000000e+00  0.00000000e+00  0.00000000e+00  1.00000000e+00]]

[[ 1.20006598e-01  9.82784709e-01  1.40472890e-01 -3.25172987e+02]
 [-4.35887343e-02 -1.36143013e-01  9.89729813e-01  9.11236676e+01]
 [ 9.91815728e-01 -1.24897144e-01  2.65002817e-02 -1.84576080e+02]
 [ 0.00000000e+00  0.00000000e+00  0.00000000e+00  1.00000000e+00]]

[[ 1.13610795e-01  9.80751943e-01  1.58802435e-01 -3.40288581e+02]
 [-3.63558809e-02 -1.55626391e-01  9.87146735e-01  9.11622115e+01]
 [ 9.92859928e-01 -1.17923927e-01  1.79752630e-02 -1.80332866e+02]
 [ 0.00000000e+00  0.00000000e+00  0.00000000e+00  1.00000000e+00]]

[[ 1.12360120e-01  9.78189158e-01  1.74703104e-01 -3.51206383e+02]
 [-9.74527269e-04 -1.75707888e-01  9.84441866e-01  7.80433140e+01]
 [ 9.93667074e-01 -1.10782259e-01 -1.87892873e-02 -1.62061208e+02]
 [ 0.00000000e+00  0.00000000e+00  0.00000000e+00  1.00000000e+00]]

[[ 1.11582067e-01  9.78341405e-01  1.74348897e-01 -3.48158055e+02]
 [-4.26870962e-02 -1.70563870e-01  9.84421545e-01  9.31181193e+01]
 [ 9.92837980e-01 -1.17286238e-01  2.27306846e-02 -1.84862204e+02]
 [ 0.00000000e+00  0.00000000e+00  0.00000000e+00  1.00000000e+00]]

[[ 1.12898115e-01  9.80554646e-01  1.60519784e-01 -3.36190848e+02]
 [-5.62256751e-02 -1.54989098e-01  9.86314885e-01  9.37546086e+01]
 [ 9.92014460e-01 -1.20378425e-01  3.76343700e-02 -1.92504487e+02]
 [ 0.00000000e+00  0.00000000e+00  0.00000000e+00  1.00000000e+00]]

[[ 1.16529220e-01  9.81069977e-01  1.54669455e-01 -3.30801068e+02]
 [-4.82999596e-02 -1.49948320e-01  9.87513349e-01  9.64919941e+01]
 [ 9.92012124e-01 -1.22544689e-01  2.99122794e-02 -1.87495715e+02]
 [ 0.00000000e+00  0.00000000e+00  0.00000000e+00  1.00000000e+00]]

[[ 1.14136573e-01  9.80942836e-01  1.57238654e-01 -3.33338186e+02]
 [-5.65908434e-02 -1.51596344e-01  9.86821172e-01  9.49850840e+01]
 [ 9.91851964e-01 -1.21530655e-01  3.82096952e-02 -1.93696030e+02]
 [ 0.00000000e+00  0.00000000e+00  0.00000000e+00  1.00000000e+00]]

[[ 1.10982051e-01  9.80931002e-01  1.59553608e-01 -3.33299306e+02]
 [-3.11743817e-02 -1.57030241e-01  9.87101647e-01  7.11628369e+01]
 [ 9.93333349e-01 -1.14524550e-01  1.31523793e-02 -1.88351033e+02]
 [ 0.00000000e+00  0.00000000e+00  0.00000000e+00  1.00000000e+00]]

[[ 1.07978180e-01  9.80496648e-01  1.64216427e-01 -3.33595652e+02]
 [-5.74926286e-02 -1.58747076e-01  9.85643933e-01  8.83551721e+01]
 [ 9.92489451e-01 -1.15869273e-01  3.92301092e-02 -2.01475277e+02]
 [ 0.00000000e+00  0.00000000e+00  0.00000000e+00  1.00000000e+00]]

[[ 1.11135396e-01  9.79443770e-01  1.68341394e-01 -3.36304437e+02]
 [-3.59881399e-02 -1.65313294e-01  9.85584278e-01  9.84170750e+01]
 [ 9.93153451e-01 -1.15591593e-01  1.68762011e-02 -1.74945497e+02]
 [ 0.00000000e+00  0.00000000e+00  0.00000000e+00  1.00000000e+00]]

[[ 1.12034516e-01  9.81908810e-01  1.52654370e-01 -3.23020261e+02]
 [-5.56457216e-02 -1.47181201e-01  9.87543036e-01  9.69845523e+01]
 [ 9.92145060e-01 -1.19133469e-01  3.81496495e-02 -1.93829563e+02]
 [ 0.00000000e+00  0.00000000e+00  0.00000000e+00  1.00000000e+00]]

[[ 1.11165367e-01  9.79317532e-01  1.69054526e-01 -3.37407993e+02]
 [-6.51979209e-02 -1.62555748e-01  9.84542970e-01  9.86850939e+01]
 [ 9.91660977e-01 -1.20469084e-01  4.57788977e-02 -1.99621050e+02]
 [ 0.00000000e+00  0.00000000e+00  0.00000000e+00  1.00000000e+00]]

[[ 1.13197645e-01  9.80365239e-01  1.61462972e-01 -3.30788990e+02]
 [-5.56287845e-02 -1.55999044e-01  9.86189503e-01  9.73760244e+01]
 [ 9.92013978e-01 -1.20616318e-01  3.68778023e-02 -1.92280486e+02]
 [ 0.00000000e+00  0.00000000e+00  0.00000000e+00  1.00000000e+00]]

[[ 1.11535860e-01  9.77928427e-01  1.76679775e-01 -3.43641226e+02]
 [-3.17421481e-02 -1.74192528e-01  9.84199878e-01  1.01671054e+02]
 [ 9.93253335e-01 -1.15381776e-01  1.16128355e-02 -1.71456103e+02]
 [ 0.00000000e+00  0.00000000e+00  0.00000000e+00  1.00000000e+00]]

[[ 1.13376790e-01  9.80390755e-01  1.61182103e-01 -3.30463077e+02]
 [-5.76439475e-02 -1.55464108e-01  9.86158246e-01  9.69624815e+01]
 [ 9.91878460e-01 -1.21098629e-01  3.88875717e-02 -1.93582595e+02]
 [ 0.00000000e+00  0.00000000e+00  0.00000000e+00  1.00000000e+00]]

[[ 1.07615518e-01  9.78670338e-01  1.74995056e-01 -3.42746525e+02]
 [-5.18771613e-02 -1.70249744e-01  9.84034443e-01  9.87969504e+01]
 [ 9.92838184e-01 -1.14975623e-01  3.24491245e-02 -1.88352553e+02]
 [ 0.00000000e+00  0.00000000e+00  0.00000000e+00  1.00000000e+00]]

[[ 1.14374328e-01  9.80840707e-01  1.57702316e-01 -3.27502362e+02]
 [-5.55274793e-02 -1.52184066e-01  9.86791117e-01  9.68709466e+01]
 [ 9.91884677e-01 -1.21620383e-01  3.70576618e-02 -1.92679445e+02]
 [ 0.00000000e+00  0.00000000e+00  0.00000000e+00  1.00000000e+00]]

[[ 1.11387771e-01  9.77864239e-01  1.77127907e-01 -3.44117304e+02]
 [-3.79788182e-02 -1.73918164e-01  9.84027480e-01  1.02002164e+02]
 [ 9.93051043e-01 -1.16335736e-01  1.77657717e-02 -1.77350427e+02]
 [ 0.00000000e+00  0.00000000e+00  0.00000000e+00  1.00000000e+00]]

[[ 1.10363241e-01  9.80224782e-01  1.64253861e-01 -3.33165484e+02]
 [-5.11632871e-02 -1.59441156e-01  9.85880741e-01  9.85164009e+01]
 [ 9.92573561e-01 -1.17208761e-01  3.25550793e-02 -1.89156283e+02]
 [ 0.00000000e+00  0.00000000e+00  0.00000000e+00  1.00000000e+00]]

[[ 1.10339942e-01  9.77969787e-01  1.77200994e-01 -3.44274213e+02]
 [-4.35209821e-02 -1.73364444e-01  9.83895672e-01  1.01189279e+02]
 [ 9.92940593e-01 -1.16274953e-01  2.34331829e-02 -1.81558910e+02]
 [ 0.00000000e+00  0.00000000e+00  0.00000000e+00  1.00000000e+00]]

[[ 1.17704574e-01  9.80585416e-01  1.56837094e-01 -3.25980533e+02]
 [-1.84027737e-02 -1.55753956e-01  9.87624444e-01  9.34248294e+01]
 [ 9.92878125e-01 -1.19134153e-01 -2.87461543e-04 -1.68192485e+02]
 [ 0.00000000e+00  0.00000000e+00  0.00000000e+00  1.00000000e+00]]

[[ 1.09895827e-01  9.80026141e-01  1.65745799e-01 -3.32611947e+02]
 [-5.02513948e-02 -1.61064288e-01  9.85663783e-01  9.86092870e+01]
 [ 9.92672002e-01 -1.16649294e-01  3.15473874e-02 -1.89611854e+02]
 [ 0.00000000e+00  0.00000000e+00  0.00000000e+00  1.00000000e+00]]

[[ 1.08300314e-01  9.79960935e-01  1.67175383e-01 -3.33983564e+02]
 [-4.37244722e-02 -1.63306196e-01  9.85606035e-01  9.87203797e+01]
 [ 9.93156187e-01 -1.14051098e-01  2.51621625e-02 -1.83035998e+02]
 [ 0.00000000e+00  0.00000000e+00  0.00000000e+00  1.00000000e+00]]

[[ 1.13052421e-01  9.81225893e-01  1.56252673e-01 -3.24658518e+02]
 [-5.60811717e-02 -1.50708544e-01  9.86986239e-01  9.59585693e+01]
 [ 9.92005067e-01 -1.20344017e-01  3.79903320e-02 -1.92812212e+02]
 [ 0.00000000e+00  0.00000000e+00  0.00000000e+00  1.00000000e+00]]

[[ 1.08336702e-01  9.80222198e-01  1.65612805e-01 -3.33152130e+02]
 [-6.46190955e-02 -1.59297352e-01  9.85113560e-01  9.62401203e+01]
 [ 9.92011861e-01 -1.17425704e-01  4.60833221e-02 -1.99155783e+02]
 [ 0.00000000e+00  0.00000000e+00  0.00000000e+00  1.00000000e+00]]

[[ 1.04304116e-01  9.79785110e-01  1.70709663e-01 -3.37278325e+02]
 [-5.82844245e-02 -1.65328979e-01  9.84514730e-01  9.88947645e+01]
 [ 9.92836128e-01 -1.12638653e-01  3.98617181e-02 -1.95037424e+02]
 [ 0.00000000e+00  0.00000000e+00  0.00000000e+00  1.00000000e+00]]

[[ 1.04721004e-01  9.80084563e-01  1.68723918e-01 -3.35532091e+02]
 [-5.60059367e-02 -1.63575579e-01  9.84939777e-01  9.72484401e+01]
 [ 9.92923384e-01 -1.12593423e-01  3.77607551e-02 -1.92575536e+02]
 [ 0.00000000e+00  0.00000000e+00  0.00000000e+00  1.00000000e+00]]

[[ 1.05605999e-01  9.79256706e-01  1.72926796e-01 -3.38752972e+02]
 [-4.82154790e-02 -1.68652238e-01  9.84495653e-01  1.00567291e+02]
 [ 9.93238461e-01 -1.12306395e-01  2.94046431e-02 -1.86723476e+02]
 [ 0.00000000e+00  0.00000000e+00  0.00000000e+00  1.00000000e+00]]

[[ 1.07301506e-01  9.79678573e-01  1.69458785e-01 -3.36127422e+02]
 [-5.61301993e-02 -1.64201800e-01  9.84828497e-01  9.79360779e+01]
 [ 9.92640815e-01 -1.15185336e-01  3.73704531e-02 -1.92483692e+02]
 [ 0.00000000e+00  0.00000000e+00  0.00000000e+00  1.00000000e+00]]

[[ 1.10815154e-01  9.81902900e-01  1.53579609e-01 -3.23509087e+02]
 [-7.28342990e-02 -1.46092217e-01  9.86586149e-01  1.05587480e+02]
 [ 9.91168586e-01 -1.20514559e-01  5.53269779e-02 -1.96204000e+02]
 [ 0.00000000e+00  0.00000000e+00  0.00000000e+00  1.00000000e+00]]

[[ 1.14356828e-01  9.81328077e-01  1.54653553e-01 -3.26260017e+02]
 [-7.03588781e-02 -1.47283491e-01  9.86588669e-01  9.69165349e+01]
 [ 9.90945076e-01 -1.23704401e-01  5.22022697e-02 -2.04012895e+02]
 [ 0.00000000e+00  0.00000000e+00  0.00000000e+00  1.00000000e+00]]

[[ 1.10123597e-01  9.79472195e-01  1.68840200e-01 -3.38670736e+02]
 [-5.03878548e-02 -1.64153245e-01  9.85147084e-01  9.85075965e+01]
 [ 9.92639843e-01 -1.16995436e-01  3.12763569e-02 -1.87569512e+02]
 [ 0.00000000e+00  0.00000000e+00  0.00000000e+00  1.00000000e+00]]

[[ 1.11646378e-01  9.79858254e-01  1.65568382e-01 -3.35552991e+02]
 [-4.62962847e-02 -1.61300493e-01  9.85818850e-01  9.93222462e+01]
 [ 9.92668998e-01 -1.17728305e-01  2.73551808e-02 -1.84962261e+02]
 [ 0.00000000e+00  0.00000000e+00  0.00000000e+00  1.00000000e+00]]

[[ 1.12265100e-01  9.80996415e-01  1.58248480e-01 -3.29447638e+02]
 [-5.38199838e-02 -1.53018539e-01  9.86756675e-01  9.68657180e+01]
 [ 9.92219712e-01 -1.19295267e-01  3.56185696e-02 -1.91322349e+02]
 [ 0.00000000e+00  0.00000000e+00  0.00000000e+00  1.00000000e+00]]

[[ 1.10597173e-01  9.79684578e-01  1.67291339e-01 -3.37435001e+02]
 [-5.22202972e-02 -1.62363292e-01  9.85348264e-01  9.76639571e+01]
 [ 9.92492471e-01 -1.17712736e-01  3.32024988e-02 -1.88948552e+02]
 [ 0.00000000e+00  0.00000000e+00  0.00000000e+00  1.00000000e+00]]

[[ 1.10178778e-01  9.79990875e-01  1.65766469e-01 -3.36118823e+02]
 [-5.51395936e-02 -1.60498205e-01  9.85494775e-01  9.72053603e+01]
 [ 9.92381107e-01 -1.17720906e-01  3.63528024e-02 -1.91534275e+02]
 [ 0.00000000e+00  0.00000000e+00  0.00000000e+00  1.00000000e+00]]

[[ 1.24991559e-01  9.82977560e-01  1.34655957e-01 -3.21942053e+02]
 [-4.73260627e-02 -1.29658864e-01  9.90428606e-01  9.29190157e+01]
 [ 9.91028433e-01 -1.30167951e-01  3.03141941e-02 -1.87375132e+02]
 [ 0.00000000e+00  0.00000000e+00  0.00000000e+00  1.00000000e+00]]

[[ 1.20380876e-01  9.81577506e-01  1.48371308e-01 -3.32407987e+02]
 [-3.08038019e-02 -1.45692835e-01  9.88850203e-01  9.66384721e+01]
 [ 9.92249752e-01 -1.23609054e-01  1.26976880e-02 -1.75978951e+02]
 [ 0.00000000e+00  0.00000000e+00  0.00000000e+00  1.00000000e+00]]

[[ 1.13686414e-01  9.82178450e-01  1.49669274e-01 -3.22363138e+02]
 [-4.61925752e-02 -1.45257631e-01  9.88314963e-01  9.37689633e+01]
 [ 9.92442263e-01 -1.19271593e-01  2.88555328e-02 -1.89286652e+02]
 [ 0.00000000e+00  0.00000000e+00  0.00000000e+00  1.00000000e+00]]

[[ 1.08349215e-01  9.80401837e-01  1.64537793e-01 -3.34649812e+02]
 [-3.99353333e-02 -1.61086023e-01  9.86132071e-01  9.69225991e+01]
 [ 9.93310433e-01 -1.13417507e-01  2.16991301e-02 -1.83504505e+02]
 [ 0.00000000e+00  0.00000000e+00  0.00000000e+00  1.00000000e+00]]

[[ 1.12475824e-01  9.82125950e-01  1.50923186e-01 -3.23134857e+02]
 [-5.32749321e-02 -1.45708085e-01  9.87892168e-01  9.38193052e+01]
 [ 9.92225262e-01 -1.19154408e-01  3.59340564e-02 -1.95302440e+02]
 [ 0.00000000e+00  0.00000000e+00  0.00000000e+00  1.00000000e+00]]

[[ 1.12707129e-01  9.81236251e-01  1.56436960e-01 -3.27876642e+02]
 [-4.42394999e-02 -1.52328506e-01  9.87339300e-01  9.52996339e+01]
 [ 9.92642922e-01 -1.18200871e-01  2.62408925e-02 -1.87320230e+02]
 [ 0.00000000e+00  0.00000000e+00  0.00000000e+00  1.00000000e+00]]

[[ 1.15524837e-01  9.82892122e-01  1.43447160e-01 -3.16551293e+02]
 [-4.19220921e-02 -1.39460819e-01  9.89339789e-01  9.37601023e+01]
 [ 9.92419543e-01 -1.20306923e-01  2.50937057e-02 -1.86943470e+02]
 [ 0.00000000e+00  0.00000000e+00  0.00000000e+00  1.00000000e+00]]

[[ 1.06737929e-01  9.81384308e-01  1.59661688e-01 -3.30589514e+02]
 [-4.65744883e-02 -1.55467835e-01  9.86742403e-01  9.51481658e+01]
 [ 9.93195767e-01 -1.12759002e-01  2.91131573e-02 -1.89490035e+02]
 [ 0.00000000e+00  0.00000000e+00  0.00000000e+00  1.00000000e+00]]

[[ 1.06187270e-01  9.81508575e-01  1.59264498e-01 -3.26442099e+02]
 [-4.21018555e-02 -1.55588382e-01  9.86924358e-01  9.43372331e+01]
 [ 9.93454426e-01 -1.11504134e-01  2.48018266e-02 -1.85265414e+02]
 [ 0.00000000e+00  0.00000000e+00  0.00000000e+00  1.00000000e+00]]

[[ 1.05628446e-01  9.79596502e-01  1.70977554e-01 -3.37073367e+02]
 [-7.40673899e-02 -1.63711358e-01  9.83723850e-01  9.59214463e+01]
 [ 9.91643410e-01 -1.16573083e-01  5.52635797e-02 -2.08875918e+02]
 [ 0.00000000e+00  0.00000000e+00  0.00000000e+00  1.00000000e+00]]

[[ 1.08246842e-01  9.81244252e-01  1.59506552e-01 -3.30457881e+02]
 [-5.57200910e-02 -1.54208549e-01  9.86465912e-01  9.43980157e+01]
 [ 9.92561279e-01 -1.15669539e-01  3.79824305e-02 -1.93724282e+02]
 [ 0.00000000e+00  0.00000000e+00  0.00000000e+00  1.00000000e+00]]

[[ 1.13962070e-01  9.81552069e-01  1.53519320e-01 -3.25532278e+02]
 [-5.40134255e-02 -1.48176068e-01  9.87484887e-01  9.41418983e+01]
 [ 9.92015724e-01 -1.20827926e-01  3.61305381e-02 -1.92750402e+02]
 [ 0.00000000e+00  0.00000000e+00  0.00000000e+00  1.00000000e+00]]

[[ 1.09981406e-01  9.81308044e-01  1.57919642e-01 -3.29356653e+02]
 [-5.67175976e-02 -1.52428358e-01  9.86685720e-01  9.48095581e+01]
 [ 9.92314065e-01 -1.17473906e-01  3.88931496e-02 -1.95159000e+02]
 [ 0.00000000e+00  0.00000000e+00  0.00000000e+00  1.00000000e+00]]

[[ 1.10076719e-01  9.82129037e-01  1.52661951e-01 -3.24786021e+02]
 [-5.71530104e-02 -1.47086619e-01  9.87471043e-01  9.30748286e+01]
 [ 9.92278514e-01 -1.17422662e-01  3.99408186e-02 -1.95407142e+02]
 [ 0.00000000e+00  0.00000000e+00  0.00000000e+00  1.00000000e+00]]

[[ 1.10514584e-01  9.82436664e-01  1.50348690e-01 -3.22859563e+02]
 [-6.48238955e-02 -1.43828028e-01  9.87477271e-01  9.36662499e+01]
 [ 9.91758231e-01 -1.18876827e-01  4.77902770e-02 -2.02490925e+02]
 [ 0.00000000e+00  0.00000000e+00  0.00000000e+00  1.00000000e+00]]

[[ 1.06507752e-01  9.80697350e-01  1.63978066e-01 -3.34402088e+02]
 [-5.19369154e-02 -1.59203844e-01  9.85878640e-01  9.75471095e+01]
 [ 9.92954508e-01 -1.13520233e-01  3.39779517e-02 -1.91995805e+02]
 [ 0.00000000e+00  0.00000000e+00  0.00000000e+00  1.00000000e+00]]

[[ 1.25203009e-01  9.76166523e-01  1.77265691e-01 -3.45573759e+02]
 [-5.83618123e-02 -1.71115715e-01  9.83520875e-01  9.93212006e+01]
 [ 9.90413098e-01 -1.33485320e-01  3.55466451e-02 -1.92516218e+02]
 [ 0.00000000e+00  0.00000000e+00  0.00000000e+00  1.00000000e+00]]

[[ 1.12754476e-01  9.80838938e-01  1.58875438e-01 -3.30143341e+02]
 [-5.99280341e-02 -1.52890998e-01  9.86424337e-01  9.55841122e+01]
 [ 9.91814024e-01 -1.20744852e-01  4.15406049e-02 -1.97451645e+02]
 [ 0.00000000e+00  0.00000000e+00  0.00000000e+00  1.00000000e+00]]

[[ 1.09693651e-01  9.81084838e-01  1.59498728e-01 -3.30845863e+02]
 [-4.35304943e-02 -1.55571360e-01  9.86865061e-01  9.62993656e+01]
 [ 9.93011782e-01 -1.15195890e-01  2.56419175e-02 -1.84719788e+02]
 [ 0.00000000e+00  0.00000000e+00  0.00000000e+00  1.00000000e+00]]

[[ 1.12852296e-01  9.80757367e-01  1.59308964e-01 -3.30551938e+02]
 [-4.52876292e-02 -1.55089454e-01  9.86861840e-01  9.62346823e+01]
 [ 9.92579161e-01 -1.18584349e-01  2.69139751e-02 -1.85652350e+02]
 [ 0.00000000e+00  0.00000000e+00  0.00000000e+00  1.00000000e+00]]

[[ 1.08439133e-01  9.81357376e-01  1.58677837e-01 -3.29881493e+02]
 [-4.53619287e-02 -1.54568086e-01  9.86940222e-01  9.60660165e+01]
 [ 9.93067596e-01 -1.14220874e-01  2.77550341e-02 -1.86372896e+02]
 [ 0.00000000e+00  0.00000000e+00  0.00000000e+00  1.00000000e+00]]

[[ 1.05040890e-01  9.79889122e-01  1.69657655e-01 -3.39549971e+02]
 [-4.69592315e-02 -1.65523766e-01  9.85087160e-01  9.74334242e+01]
 [ 9.93358567e-01 -1.11441425e-01  2.86280764e-02 -1.86791928e+02]
 [ 0.00000000e+00  0.00000000e+00  0.00000000e+00  1.00000000e+00]]

[[ 1.08379637e-01  9.80415654e-01  1.64435394e-01 -3.34698563e+02]
 [-4.74208723e-02 -1.60122734e-01  9.85957388e-01  9.87585570e+01]
 [ 9.92977903e-01 -1.14655373e-01  2.91381219e-02 -1.88459241e+02]
 [ 0.00000000e+00  0.00000000e+00  0.00000000e+00  1.00000000e+00]]

[[ 1.25219352e-01  9.76580122e-01  1.74961079e-01 -3.43709634e+02]
 [-4.26193732e-02 -1.70891515e-01  9.84367654e-01  9.87375893e+01]
 [ 9.91213248e-01 -1.30718611e-01  2.02223080e-02 -1.79211899e+02]
 [ 0.00000000e+00  0.00000000e+00  0.00000000e+00  1.00000000e+00]]

[[ 1.24329059e-01  9.73434436e-01  1.92269821e-01 -3.58618451e+02]
 [-5.45607458e-02 -1.86773178e-01  9.80886795e-01  1.03423992e+02]
 [ 9.90739830e-01 -1.32443117e-01  2.98899753e-02 -1.88171052e+02]
 [ 0.00000000e+00  0.00000000e+00  0.00000000e+00  1.00000000e+00]]

[[ 1.34493932e-01  9.74841013e-01  1.77753710e-01 -3.46546802e+02]
 [-7.23031590e-02 -1.69251038e-01  9.82917260e-01  9.76295933e+01]
 [ 9.88273057e-01 -1.45048561e-01  4.77208473e-02 -2.00840830e+02]
 [ 0.00000000e+00  0.00000000e+00  0.00000000e+00  1.00000000e+00]]

[[ 1.34764978e-01  9.76888691e-01  1.65912282e-01 -3.36466476e+02]
 [-6.32991758e-02 -1.58610226e-01  9.85310109e-01  9.68539452e+01]
 [ 9.88853687e-01 -1.43287405e-01  4.04611454e-02 -1.95161406e+02]
 [ 0.00000000e+00  0.00000000e+00  0.00000000e+00  1.00000000e+00]]

[[ 1.30641869e-01  9.77684333e-01  1.64517621e-01 -3.35347291e+02]
 [-5.72186817e-02 -1.58227956e-01  9.85743342e-01  9.80969343e+01]
 [ 9.89777108e-01 -1.38192834e-01  3.52706127e-02 -1.91687515e+02]
 [ 0.00000000e+00  0.00000000e+00  0.00000000e+00  1.00000000e+00]]

[[ 1.30024105e-01  9.75914260e-01  1.75171600e-01 -3.44762864e+02]
 [-6.15758469e-02 -1.68382498e-01  9.83796600e-01  9.98807344e+01]
 [ 9.89596962e-01 -1.38703612e-01  3.81989636e-02 -1.94050609e+02]
 [ 0.00000000e+00  0.00000000e+00  0.00000000e+00  1.00000000e+00]]

[[ 1.33415297e-01  9.76350841e-01  1.70115823e-01 -3.41012108e+02]
 [-7.40093617e-02 -1.61355877e-01  9.84117318e-01  9.53980994e+01]
 [ 9.88292959e-01 -1.43886468e-01  5.07317603e-02 -2.01790564e+02]
 [ 0.00000000e+00  0.00000000e+00  0.00000000e+00  1.00000000e+00]]

[[ 1.25866438e-01  9.76375323e-01  1.75638458e-01 -3.45374278e+02]
 [-5.61023857e-02 -1.69757568e-01  9.83887641e-01  1.01056551e+02]
 [ 9.90459571e-01 -1.33692169e-01  3.34102047e-02 -1.89972916e+02]
 [ 0.00000000e+00  0.00000000e+00  0.00000000e+00  1.00000000e+00]]

[[ 1.24957425e-01  9.76706996e-01  1.74439345e-01 -3.45034308e+02]
 [-7.30339099e-02 -1.66285456e-01  9.83369308e-01  9.72301603e+01]
 [ 9.89470409e-01 -1.35619284e-01  5.05541284e-02 -2.02135378e+02]
 [ 0.00000000e+00  0.00000000e+00  0.00000000e+00  1.00000000e+00]]

[[ 1.23919713e-01  9.76108158e-01  1.78484643e-01 -3.48590949e+02]
 [-7.86064154e-02 -1.69649339e-01  9.82364562e-01  9.91037474e+01]
 [ 9.89173866e-01 -1.35764372e-01  5.57054660e-02 -2.07004184e+02]
 [ 0.00000000e+00  0.00000000e+00  0.00000000e+00  1.00000000e+00]]

[[ 1.33768518e-01  9.75535110e-01  1.74462695e-01 -3.44995881e+02]
 [-6.53851917e-02 -1.66973329e-01  9.83790976e-01  9.90712423e+01]
 [ 9.88853255e-01 -1.43007538e-01  4.14497754e-02 -1.95299293e+02]
 [ 0.00000000e+00  0.00000000e+00  0.00000000e+00  1.00000000e+00]]

[[ 1.33493515e-01  9.76308133e-01  1.70299471e-01 -3.41710177e+02]
 [-7.20537374e-02 -1.61821500e-01  9.84185989e-01  9.82045449e+01]
 [ 9.88426902e-01 -1.43653161e-01  4.87445289e-02 -2.00553557e+02]
 [ 0.00000000e+00  0.00000000e+00  0.00000000e+00  1.00000000e+00]]

[[ 1.16313553e-01  9.83286533e-01  1.40066955e-01 -3.16143208e+02]
 [-6.49885212e-02 -1.33187291e-01  9.88957854e-01  9.54401427e+01]
 [ 9.91084078e-01 -1.24131946e-01  4.84108507e-02 -2.02379404e+02]
 [ 0.00000000e+00  0.00000000e+00  0.00000000e+00  1.00000000e+00]]

[[ 1.14310408e-01  9.82810890e-01  1.44968566e-01 -3.20396731e+02]
 [-5.59541400e-02 -1.39324024e-01  9.88664731e-01  9.47384929e+01]
 [ 9.91868068e-01 -1.21126260e-01  3.90661522e-02 -1.93867745e+02]
 [ 0.00000000e+00  0.00000000e+00  0.00000000e+00  1.00000000e+00]]

[[ 1.14104792e-01  9.83464683e-01  1.40631837e-01 -3.16654756e+02]
 [-6.45371224e-02 -1.33919616e-01  9.88888516e-01  9.41741065e+01]
 [ 9.91370292e-01 -1.21912893e-01  4.81891106e-02 -2.01401593e+02]
 [ 0.00000000e+00  0.00000000e+00  0.00000000e+00  1.00000000e+00]]

[[ 1.10428666e-01  9.81951905e-01  1.53544669e-01 -3.27707523e+02]
 [-5.89990055e-02 -1.47740506e-01  9.87264838e-01  9.81397823e+01]
 [ 9.92131356e-01 -1.18081322e-01  4.16193989e-02 -1.97154731e+02]
 [ 0.00000000e+00  0.00000000e+00  0.00000000e+00  1.00000000e+00]]

[[ 1.15086379e-01  9.82843220e-01  1.44133030e-01 -3.19593250e+02]
 [-7.44444859e-02 -1.36155515e-01  9.87886478e-01  9.53633696e+01]
 [ 9.90562034e-01 -1.24422187e-01  5.74976130e-02 -2.09150318e+02]
 [ 0.00000000e+00  0.00000000e+00  0.00000000e+00  1.00000000e+00]]

[[ 1.10844375e-01  9.82499509e-01  1.49693819e-01 -3.24308991e+02]
 [-6.82089987e-02 -1.42746153e-01  9.87406233e-01  9.71275181e+01]
 [ 9.91494355e-01 -1.19658892e-01  5.11926996e-02 -2.04699941e+02]
 [ 0.00000000e+00  0.00000000e+00  0.00000000e+00  1.00000000e+00]]

[[ 1.13372922e-01  9.82246097e-01  1.49462988e-01 -3.24172883e+02]
 [-6.27102026e-02 -1.43058615e-01  9.87725500e-01  9.71727931e+01]
 [ 9.91571486e-01 -1.21354180e-01  4.53778786e-02 -1.99674152e+02]
 [ 0.00000000e+00  0.00000000e+00  0.00000000e+00  1.00000000e+00]]

[[ 1.12547998e-01  9.82487348e-01  1.48497677e-01 -3.23305988e+02]
 [-6.67442050e-02 -1.41634632e-01  9.87666362e-01  9.68198865e+01]
 [ 9.91402118e-01 -1.21071231e-01  4.96346427e-02 -2.03119872e+02]
 [ 0.00000000e+00  0.00000000e+00  0.00000000e+00  1.00000000e+00]]

[[ 1.11965421e-01  9.82870167e-01  1.46389817e-01 -3.21483886e+02]
 [-6.09738461e-02 -1.40243336e-01  9.88237824e-01  9.65586041e+01]
 [ 9.91839672e-01 -1.19574414e-01  4.42269700e-02 -1.98995910e+02]
 [ 0.00000000e+00  0.00000000e+00  0.00000000e+00  1.00000000e+00]]

[[ 1.15941661e-01  9.83057284e-01  1.41971500e-01 -3.17848524e+02]
 [-6.72489069e-02 -1.34838179e-01  9.88582950e-01  9.51338303e+01]
 [ 9.90976849e-01 -1.24165378e-01  5.04761653e-02 -2.03796953e+02]
 [ 0.00000000e+00  0.00000000e+00  0.00000000e+00  1.00000000e+00]]

[[ 1.11863199e-01  9.82251171e-01  1.50563149e-01 -3.25039167e+02]
 [-6.00712388e-02 -1.44552885e-01  9.87671965e-01  9.73897218e+01]
 [ 9.91906281e-01 -1.19528660e-01  4.28348965e-02 -1.98103135e+02]
 [ 0.00000000e+00  0.00000000e+00  0.00000000e+00  1.00000000e+00]]

[[ 1.12400445e-01  9.82177113e-01  1.50646137e-01 -3.25165913e+02]
 [-5.93018710e-02 -1.44706114e-01  9.87696020e-01  9.78560568e+01]
 [ 9.91891843e-01 -1.19951070e-01  4.19799090e-02 -1.97572793e+02]
 [ 0.00000000e+00  0.00000000e+00  0.00000000e+00  1.00000000e+00]]

[[ 1.13107339e-01  9.82891322e-01  1.45366360e-01 -3.20596986e+02]
 [-6.20963882e-02 -1.39026370e-01  9.88339874e-01  9.68511451e+01]
 [ 9.91640443e-01 -1.20815219e-01  4.53090984e-02 -2.00141007e+02]
 [ 0.00000000e+00  0.00000000e+00  0.00000000e+00  1.00000000e+00]]

[[ 1.14142631e-01  9.84044588e-01  1.36483362e-01 -3.12898652e+02]
 [-6.97837210e-02 -1.29100216e-01  9.89173072e-01  9.38290990e+01]
 [ 9.91010440e-01 -1.22431134e-01  5.39344546e-02 -2.06108615e+02]
 [ 0.00000000e+00  0.00000000e+00  0.00000000e+00  1.00000000e+00]]

[[ 1.15260611e-01  9.83680918e-01  1.38155141e-01 -3.14417972e+02]
 [-5.05718326e-02 -1.33090703e-01  9.89812788e-01  9.35857320e+01]
 [ 9.92047116e-01 -1.21073185e-01  3.44064310e-02 -1.90070513e+02]
 [ 0.00000000e+00  0.00000000e+00  0.00000000e+00  1.00000000e+00]]

[[ 1.14975321e-01  9.85552379e-01  1.24367130e-01 -3.02748196e+02]
 [-6.55985024e-02 -1.17391295e-01  9.90916808e-01  9.16535736e+01]
 [ 9.91200036e-01 -1.22089275e-01  5.11536583e-02 -2.03940527e+02]
 [ 0.00000000e+00  0.00000000e+00  0.00000000e+00  1.00000000e+00]]

[[ 1.09270432e-01  9.82866706e-01  1.48435206e-01 -3.23287566e+02]
 [-6.76795785e-02 -1.41626337e-01  9.87603896e-01  9.68876768e+01]
 [ 9.91705323e-01 -1.17961937e-01  5.10444333e-02 -2.04965052e+02]
 [ 0.00000000e+00  0.00000000e+00  0.00000000e+00  1.00000000e+00]]

[[ 1.08316734e-01  9.83717500e-01  1.43413265e-01 -3.18858991e+02]
 [-6.07645777e-02 -1.37440777e-01  9.88644374e-01  9.56721307e+01]
 [ 9.92257603e-01 -1.15801176e-01  4.48880425e-02 -1.99519478e+02]
 [ 0.00000000e+00  0.00000000e+00  0.00000000e+00  1.00000000e+00]]

[[ 1.16588433e-01  9.81302602e-01  1.53141574e-01 -3.27149184e+02]
 [-5.85586676e-02 -1.47132940e-01  9.87381781e-01  9.74711996e+01]
 [ 9.91452480e-01 -1.24085061e-01  4.03097741e-02 -1.95569455e+02]
 [ 0.00000000e+00  0.00000000e+00  0.00000000e+00  1.00000000e+00]]

[[ 1.15036618e-01  9.80289974e-01  1.60618005e-01 -3.33649713e+02]
 [-3.06750228e-02 -1.58108733e-01  9.86945121e-01  9.84732640e+01]
 [ 9.92887516e-01 -1.18461790e-01  1.18821234e-02 -1.71013363e+02]
 [ 0.00000000e+00  0.00000000e+00  0.00000000e+00  1.00000000e+00]]

[[ 1.08657843e-01  9.83300631e-01  1.45990896e-01 -3.20983201e+02]
 [-5.98661478e-02 -1.40121151e-01  9.88322876e-01  9.76374920e+01]
 [ 9.92274920e-01 -1.16128944e-01  4.36411589e-02 -1.99231573e+02]
 [ 0.00000000e+00  0.00000000e+00  0.00000000e+00  1.00000000e+00]]

[[ 1.15563803e-01  9.81941719e-01  1.49784735e-01 -3.24282064e+02]
 [-5.41752561e-02 -1.44339748e-01  9.88044067e-01  9.68120048e+01]
 [ 9.91821581e-01 -1.22296757e-01  3.65164938e-02 -1.92001743e+02]
 [ 0.00000000e+00  0.00000000e+00  0.00000000e+00  1.00000000e+00]]

[[ 1.15456806e-01  9.82065477e-01  1.49054102e-01 -3.24050704e+02]
 [-4.25707886e-02 -1.45027587e-01  9.88511369e-01  9.51714532e+01]
 [ 9.92399846e-01 -1.20475716e-01  2.50628797e-02 -1.81701517e+02]
 [ 0.00000000e+00  0.00000000e+00  0.00000000e+00  1.00000000e+00]]

[[ 1.14421062e-01  9.84459278e-01  1.33220681e-01 -3.10495334e+02]
 [-6.63229526e-02 -1.26232314e-01  9.89781122e-01  9.25903884e+01]
 [ 9.91215964e-01 -1.22087396e-01  5.08486107e-02 -2.03796105e+02]
 [ 0.00000000e+00  0.00000000e+00  0.00000000e+00  1.00000000e+00]]

[[ 1.15370321e-01  9.83407691e-01  1.39996440e-01 -3.16066040e+02]
 [-4.81392244e-02 -1.35236575e-01  9.89643210e-01  9.41725734e+01]
 [ 9.92155383e-01 -1.20914775e-01  3.17381964e-02 -1.87285358e+02]
 [ 0.00000000e+00  0.00000000e+00  0.00000000e+00  1.00000000e+00]]

[[ 1.13804537e-01  9.87790994e-01  1.06383644e-01 -2.87181679e+02]
 [-8.76935960e-02 -9.66739386e-02  9.91445401e-01  8.99898294e+01]
 [ 9.89625364e-01 -1.22160149e-01  7.56210116e-02 -2.25387826e+02]
 [ 0.00000000e+00  0.00000000e+00  0.00000000e+00  1.00000000e+00]]

[[ 1.18762904e-01  9.82005338e-01  1.46836265e-01 -3.21865367e+02]
 [-3.22319081e-02 -1.43992097e-01  9.89053780e-01  9.54173520e+01]
 [ 9.92399353e-01 -1.22195712e-01  1.45509861e-02 -1.73266088e+02]
 [ 0.00000000e+00  0.00000000e+00  0.00000000e+00  1.00000000e+00]]

[[ 1.16874493e-01  9.83819599e-01  1.35791569e-01 -3.12297713e+02]
 [-5.47647640e-02 -1.30136331e-01  9.89982503e-01  9.53402817e+01]
 [ 9.91635605e-01 -1.23140297e-01  3.86690303e-02 -1.94831774e+02]
 [ 0.00000000e+00  0.00000000e+00  0.00000000e+00  1.00000000e+00]]

[[ 1.17731581e-01  9.84106246e-01  1.32944242e-01 -3.10103287e+02]
 [-5.52547225e-02 -1.27176069e-01  9.90339923e-01  9.25527003e+01]
 [ 9.91507030e-01 -1.23940083e-01  3.94038778e-02 -1.94332476e+02]
 [ 0.00000000e+00  0.00000000e+00  0.00000000e+00  1.00000000e+00]]

[[ 1.13583761e-01  9.84458035e-01  1.33944416e-01 -3.10950058e+02]
 [-6.06007501e-02 -1.27701023e-01  9.89959594e-01  9.42595077e+01]
 [ 9.91678516e-01 -1.20560466e-01  4.51541329e-02 -2.00376663e+02]
 [ 0.00000000e+00  0.00000000e+00  0.00000000e+00  1.00000000e+00]]

[[ 1.10983679e-01  9.84795819e-01  1.33640630e-01 -3.10485440e+02]
 [-5.98485475e-02 -1.27604512e-01  9.90017798e-01  9.38747323e+01]
 [ 9.92018535e-01 -1.17874015e-01  4.47765811e-02 -1.99092210e+02]
 [ 0.00000000e+00  0.00000000e+00  0.00000000e+00  1.00000000e+00]]

[[ 1.15952721e-01  9.82957590e-01  1.42651122e-01 -3.18457104e+02]
 [-5.19732179e-02 -1.37418663e-01  9.89148571e-01  9.52837364e+01]
 [ 9.91894022e-01 -1.22108507e-01  3.51534011e-02 -1.91246330e+02]
 [ 0.00000000e+00  0.00000000e+00  0.00000000e+00  1.00000000e+00]]

[[ 1.10290536e-01  9.82287167e-01  1.51485709e-01 -3.25801593e+02]
 [-6.36178281e-02 -1.45125956e-01  9.87365803e-01  9.80200990e+01]
 [ 9.91861265e-01 -1.18534295e-01  4.64849567e-02 -2.01167941e+02]
 [ 0.00000000e+00  0.00000000e+00  0.00000000e+00  1.00000000e+00]]

[[ 1.14049808e-01  9.83106809e-01  1.43156010e-01 -3.18625996e+02]
 [-5.37090502e-02 -1.37784115e-01  9.89004993e-01  9.76029632e+01]
 [ 9.92022167e-01 -1.20484603e-01  3.70874811e-02 -1.93725185e+02]
 [ 0.00000000e+00  0.00000000e+00  0.00000000e+00  1.00000000e+00]]

[[ 1.15632619e-01  9.83060011e-01  1.42204472e-01 -3.17980618e+02]
 [-5.78902736e-02 -1.36251674e-01  9.88981394e-01  9.53229226e+01]
 [ 9.91603658e-01 -1.22590764e-01  4.11544751e-02 -1.96408108e+02]
 [ 0.00000000e+00  0.00000000e+00  0.00000000e+00  1.00000000e+00]]

[[ 1.19221461e-01  9.83516048e-01  1.35950088e-01 -3.12629127e+02]
 [-4.91734014e-02 -1.30909632e-01  9.90174048e-01  9.35280360e+01]
 [ 9.91649242e-01 -1.24735124e-01  3.27555918e-02 -1.89016254e+02]
 [ 0.00000000e+00  0.00000000e+00  0.00000000e+00  1.00000000e+00]]

[[ 1.13108443e-01  9.81088667e-01  1.57071666e-01 -3.30516336e+02]
 [-4.92767921e-02 -1.52352539e-01  9.87097007e-01  9.85989298e+01]
 [ 9.92359954e-01 -1.19388993e-01  3.11125438e-02 -1.87793583e+02]
 [ 0.00000000e+00  0.00000000e+00  0.00000000e+00  1.00000000e+00]]

[[ 1.12554783e-01  9.81883646e-01  1.52433352e-01 -3.26739943e+02]
 [-5.86509195e-02 -1.46575689e-01  9.87459183e-01  9.68193818e+01]
 [ 9.91913046e-01 -1.20083610e-01  4.10905839e-02 -1.95091717e+02]
 [ 0.00000000e+00  0.00000000e+00  0.00000000e+00  1.00000000e+00]]

[[ 1.13448038e-01  9.88695390e-01  9.80355521e-02 -2.79717215e+02]
 [-8.84363281e-02 -8.82320798e-02  9.92166375e-01  8.99954235e+01]
 [ 9.89600201e-01 -1.21229233e-01  7.74268336e-02 -2.26849354e+02]
 [ 0.00000000e+00  0.00000000e+00  0.00000000e+00  1.00000000e+00]]

[[ 1.17204495e-01  9.82492645e-01  1.44814737e-01 -3.20274501e+02]
 [-3.41833139e-02 -1.41742227e-01  9.89313217e-01  9.54298975e+01]
 [ 9.92519323e-01 -1.20902204e-01  1.69720284e-02 -1.76057438e+02]
 [ 0.00000000e+00  0.00000000e+00  0.00000000e+00  1.00000000e+00]]

[[ 1.19003331e-01  9.82241540e-01  1.45050906e-01 -3.20566999e+02]
 [-4.02509553e-02 -1.41196422e-01  9.89162995e-01  9.47685221e+01]
 [ 9.92077652e-01 -1.23552129e-01  2.27333158e-02 -1.80173298e+02]
 [ 0.00000000e+00  0.00000000e+00  0.00000000e+00  1.00000000e+00]]

[[ 1.16469066e-01  9.83798021e-01  1.36295303e-01 -3.12822119e+02]
 [-4.60860247e-02 -1.31728178e-01  9.90214000e-01  9.44807464e+01]
 [ 9.92124506e-01 -1.21610609e-01  2.99970821e-02 -1.87208049e+02]
 [ 0.00000000e+00  0.00000000e+00  0.00000000e+00  1.00000000e+00]]

[[ 1.13728602e-01  9.81056582e-01  1.56824070e-01 -3.30517922e+02]
 [-3.31210573e-02 -1.54016594e-01  9.87512979e-01  9.67370987e+01]
 [ 9.92959617e-01 -1.17502649e-01  1.49775393e-02 -1.74042249e+02]
 [ 0.00000000e+00  0.00000000e+00  0.00000000e+00  1.00000000e+00]]

[[ 1.15293544e-01  9.82048046e-01  1.49295124e-01 -3.24096610e+02]
 [-4.41022213e-02 -1.45088490e-01  9.88435291e-01  9.67655823e+01]
 [ 9.92351950e-01 -1.20544454e-01  2.65827342e-02 -1.84622789e+02]
 [ 0.00000000e+00  0.00000000e+00  0.00000000e+00  1.00000000e+00]]

[[ 1.12819798e-01  9.85268120e-01  1.28524028e-01 -3.06201263e+02]
 [-6.27583143e-02 -1.22025584e-01  9.90540838e-01  9.34140987e+01]
 [ 9.91631528e-01 -1.19818568e-01  4.80668647e-02 -2.02697143e+02]
 [ 0.00000000e+00  0.00000000e+00  0.00000000e+00  1.00000000e+00]]

[[ 1.15139233e-01  9.84153232e-01  1.34853154e-01 -3.11495911e+02]
 [-5.73643722e-02 -1.28941908e-01  9.89991572e-01  9.39983462e+01]
 [ 9.91691628e-01 -1.21722637e-01  4.16090599e-02 -1.95703643e+02]
 [ 0.00000000e+00  0.00000000e+00  0.00000000e+00  1.00000000e+00]]

[[ 1.11689146e-01  9.82823463e-01  1.46913497e-01 -3.21913027e+02]
 [-7.04599657e-02 -1.39634267e-01  9.87693102e-01  9.72249807e+01]
 [ 9.91242114e-01 -1.20666119e-01  5.36540754e-02 -2.06782931e+02]
 [ 0.00000000e+00  0.00000000e+00  0.00000000e+00  1.00000000e+00]]

[[ 1.16193015e-01  9.83410123e-01  1.39297213e-01 -3.15409918e+02]
 [-5.91630944e-02 -1.33145312e-01  9.89329093e-01  9.55795810e+01]
 [ 9.91463016e-01 -1.23194384e-01  4.27110308e-02 -1.97731952e+02]
 [ 0.00000000e+00  0.00000000e+00  0.00000000e+00  1.00000000e+00]]

[[ 1.18697467e-01  9.84719202e-01  1.27432351e-01 -3.05344231e+02]
 [-5.54101909e-02 -1.21570561e-01  9.91034969e-01  9.23424939e+01]
 [ 9.91383186e-01 -1.24694391e-01  4.01333613e-02 -1.95695822e+02]
 [ 0.00000000e+00  0.00000000e+00  0.00000000e+00  1.00000000e+00]]

[[ 1.20370639e-01  9.81404494e-01  1.49519662e-01 -3.24357725e+02]
 [-3.36621137e-02 -1.46493119e-01  9.88638775e-01  9.60381497e+01]
 [ 9.92158138e-01 -1.24036229e-01  1.54026794e-02 -1.74048706e+02]
 [ 0.00000000e+00  0.00000000e+00  0.00000000e+00  1.00000000e+00]]

[[ 1.19764209e-01  9.81983065e-01  1.46170432e-01 -3.21478106e+02]
 [-3.32083682e-02 -1.43185402e-01  9.89138587e-01  9.47305566e+01]
 [ 9.92246813e-01 -1.23317482e-01  1.54615687e-02 -1.73848132e+02]
 [ 0.00000000e+00  0.00000000e+00  0.00000000e+00  1.00000000e+00]]

[[ 1.15196304e-01  9.83798746e-01  1.37367533e-01 -3.13850505e+02]
 [-5.53415712e-02 -1.31717164e-01  9.89741329e-01  9.37540219e+01]
 [ 9.91799941e-01 -1.21616678e-01  3.92716380e-02 -1.94598412e+02]
 [ 0.00000000e+00  0.00000000e+00  0.00000000e+00  1.00000000e+00]]

[[ 1.14761891e-01  9.83749132e-01  1.38084587e-01 -3.14370862e+02]
 [-5.90404535e-02 -1.32002816e-01  9.89489505e-01  9.49331597e+01]
 [ 9.91636997e-01 -1.21708263e-01  4.29321022e-02 -1.97851385e+02]
 [ 0.00000000e+00  0.00000000e+00  0.00000000e+00  1.00000000e+00]]

[[ 1.13667924e-01  9.80910028e-01  1.57781873e-01 -3.31213617e+02]
 [-5.61446409e-02 -1.52215421e-01  9.86751359e-01  9.84962306e+01]
 [ 9.91931138e-01 -1.21020585e-01  3.77708304e-02 -1.92472210e+02]
 [ 0.00000000e+00  0.00000000e+00  0.00000000e+00  1.00000000e+00]]

[[ 1.12486208e-01  9.82454587e-01  1.48761007e-01 -3.23519248e+02]
 [-5.41437973e-02 -1.43428509e-01  9.88178482e-01  9.49828108e+01]
 [ 9.92177052e-01 -1.19210936e-01  3.70600930e-02 -1.91123707e+02]
 [ 0.00000000e+00  0.00000000e+00  0.00000000e+00  1.00000000e+00]]

[[ 1.11155732e-01  9.82823232e-01  1.47319035e-01 -3.22200704e+02]
 [-7.50291952e-02 -1.39515384e-01  9.87373322e-01  9.72557419e+01]
 [ 9.90966711e-01 -1.20805433e-01  5.82325015e-02 -2.10443442e+02]
 [ 0.00000000e+00  0.00000000e+00  0.00000000e+00  1.00000000e+00]]

[[ 1.11712227e-01  9.83343111e-01  1.43376094e-01 -3.18924732e+02]
 [-6.22532089e-02 -1.37070783e-01  9.88603125e-01  9.52984259e+01]
 [ 9.91788746e-01 -1.19364679e-01  4.59037817e-02 -2.00365472e+02]
 [ 0.00000000e+00  0.00000000e+00  0.00000000e+00  1.00000000e+00]]

[[ 1.18013644e-01  9.83326971e-01  1.38350451e-01 -3.14829356e+02]
 [-5.14219733e-02 -1.33085526e-01  9.89769682e-01  9.40943830e+01]
 [ 9.91679666e-01 -1.23920580e-01  3.48587054e-02 -1.91013020e+02]
 [ 0.00000000e+00  0.00000000e+00  0.00000000e+00  1.00000000e+00]]

[[ 1.19205445e-01  9.84445567e-01  1.29061949e-01 -3.06702737e+02]
 [-4.57312891e-02 -1.24406878e-01  9.91176865e-01  9.22377271e+01]
 [ 9.91815866e-01 -1.24055848e-01  3.01899877e-02 -1.87180187e+02]
 [ 0.00000000e+00  0.00000000e+00  0.00000000e+00  1.00000000e+00]]

[[ 1.18157988e-01  9.88441361e-01  9.49861364e-02 -2.77373716e+02]
 [-5.96310825e-02 -8.84205350e-02  9.94296708e-01  8.62636771e+01]
 [ 9.91202716e-01 -1.23148225e-01  4.84942358e-02 -2.02174775e+02]
 [ 0.00000000e+00  0.00000000e+00  0.00000000e+00  1.00000000e+00]]

[[ 1.18045427e-01  9.82355110e-01  1.45064521e-01 -3.20342465e+02]
 [-3.38111437e-02 -1.42024985e-01  9.89285454e-01  9.49849752e+01]
 [ 9.92432408e-01 -1.21685421e-01  1.64491498e-02 -1.74944413e+02]
 [ 0.00000000e+00  0.00000000e+00  0.00000000e+00  1.00000000e+00]]

[[ 1.15654492e-01  9.81980961e-01  1.49457117e-01 -3.24076565e+02]
 [-4.54578419e-02 -1.45076508e-01  9.88375633e-01  9.60793493e+01]
 [ 9.92248771e-01 -1.21104080e-01  2.78599855e-02 -1.84230865e+02]
 [ 0.00000000e+00  0.00000000e+00  0.00000000e+00  1.00000000e+00]]

[[ 1.15702873e-01  9.82816635e-01  1.43820402e-01 -3.19254088e+02]
 [-4.93455703e-02 -1.38926607e-01  9.89072501e-01  9.59155769e+01]
 [ 9.92057387e-01 -1.21535429e-01  3.24234398e-02 -1.88669926e+02]
 [ 0.00000000e+00  0.00000000e+00  0.00000000e+00  1.00000000e+00]]

[[ 1.16966275e-01  9.86286692e-01  1.16436467e-01 -2.95884616e+02]
 [-7.48928963e-02 -1.08147731e-01  9.91309801e-01  9.10055248e+01]
 [ 9.90308005e-01 -1.24670079e-01  6.12162297e-02 -2.12604282e+02]
 [ 0.00000000e+00  0.00000000e+00  0.00000000e+00  1.00000000e+00]]

[[ 1.13963711e-01  9.81511120e-01  1.53779692e-01 -3.27897811e+02]
 [-5.40956924e-02 -1.48427932e-01  9.87442558e-01  9.51857069e+01]
 [ 9.92011053e-01 -1.20851437e-01  3.61801257e-02 -1.90184130e+02]
 [ 0.00000000e+00  0.00000000e+00  0.00000000e+00  1.00000000e+00]]

[[ 1.16765793e-01  9.81907262e-01  1.49076756e-01 -3.23714865e+02]
 [-4.75263682e-02 -1.44407207e-01  9.88376347e-01  9.69533579e+01]
 [ 9.92021670e-01 -1.22493625e-01  2.98046640e-02 -1.86572005e+02]
 [ 0.00000000e+00  0.00000000e+00  0.00000000e+00  1.00000000e+00]]

[[ 1.12741702e-01  9.80881378e-01  1.58622288e-01 -3.32040312e+02]
 [-4.46532372e-02 -1.54477208e-01  9.86986768e-01  9.72240399e+01]
 [ 9.92620470e-01 -1.18357566e-01  2.63835056e-02 -1.82849376e+02]
 [ 0.00000000e+00  0.00000000e+00  0.00000000e+00  1.00000000e+00]]

[[ 1.10194419e-01  9.83344287e-01  1.44537893e-01 -3.19951389e+02]
 [-7.09659259e-02 -1.37268028e-01  9.87988525e-01  9.65248535e+01]
 [ 9.91373304e-01 -1.19128087e-01  5.46577673e-02 -2.08207022e+02]
 [ 0.00000000e+00  0.00000000e+00  0.00000000e+00  1.00000000e+00]]

[[ 1.20428647e-01  9.85333918e-01  1.20888424e-01 -2.99829529e+02]
 [-6.28391262e-02 -1.13964111e-01  9.91495550e-01  9.13375686e+01]
 [ 9.90731137e-01 -1.27000990e-01  4.81929788e-02 -2.02185408e+02]
 [ 0.00000000e+00  0.00000000e+00  0.00000000e+00  1.00000000e+00]]

[[ 1.19112827e-01  9.82628822e-01  1.42312098e-01 -3.17949640e+02]
 [-4.23668936e-02 -1.38171828e-01  9.89501689e-01  9.36292013e+01]
 [ 9.91976401e-01 -1.23891665e-01  2.51728937e-02 -1.81770890e+02]
 [ 0.00000000e+00  0.00000000e+00  0.00000000e+00  1.00000000e+00]]

[[ 1.17348589e-01  9.82927934e-01  1.41710923e-01 -3.17377540e+02]
 [-3.75509856e-02 -1.38202994e-01  9.89691799e-01  9.59349851e+01]
 [ 9.92380588e-01 -1.21460321e-01  2.06919864e-02 -1.79445731e+02]
 [ 0.00000000e+00  0.00000000e+00  0.00000000e+00  1.00000000e+00]]

[[ 1.12648271e-01  9.82039293e-01  1.51357832e-01 -3.25756183e+02]
 [-4.83832641e-02 -1.46725521e-01  9.87993260e-01  9.57173381e+01]
 [ 9.92456259e-01 -1.18618919e-01  3.09858901e-02 -1.86642524e+02]
 [ 0.00000000e+00  0.00000000e+00  0.00000000e+00  1.00000000e+00]]

[[ 1.14327683e-01  9.83949780e-01  1.37010993e-01 -3.13373977e+02]
 [-5.48972839e-02 -1.31447226e-01  9.89801957e-01  9.45472637e+01]
 [ 9.91925133e-01 -1.20683296e-01  3.89881136e-02 -1.94045026e+02]
 [ 0.00000000e+00  0.00000000e+00  0.00000000e+00  1.00000000e+00]]

[[ 1.12237586e-01  9.83831378e-01  1.39565552e-01 -3.15675893e+02]
 [-6.48407294e-02 -1.32902434e-01  9.89005876e-01  9.59782971e+01]
 [ 9.91563616e-01 -1.20053165e-01  4.88756957e-02 -2.03396436e+02]
 [ 0.00000000e+00  0.00000000e+00  0.00000000e+00  1.00000000e+00]]

[[ 1.12609901e-01  9.82382644e-01  1.49142047e-01 -3.23759111e+02]
 [-5.15791058e-02 -1.44115134e-01  9.88215778e-01  9.64606572e+01]
 [ 9.92299655e-01 -1.18975494e-01  3.44416274e-02 -1.90141619e+02]
 [ 0.00000000e+00  0.00000000e+00  0.00000000e+00  1.00000000e+00]]

[[ 1.15959875e-01  9.81886227e-01  1.49842401e-01 -3.24509243e+02]
 [-4.06156315e-02 -1.46046435e-01  9.88443630e-01  9.67868547e+01]
 [ 9.92423135e-01 -1.20705743e-01  2.29444028e-02 -1.81087704e+02]
 [ 0.00000000e+00  0.00000000e+00  0.00000000e+00  1.00000000e+00]]

[[ 1.16263644e-01  9.81665959e-01  1.51045390e-01 -3.25516220e+02]
 [-4.08860215e-02 -1.47217461e-01  9.88258748e-01  9.60660824e+01]
 [ 9.92376490e-01 -1.21074208e-01  2.30203770e-02 -1.80496841e+02]
 [ 0.00000000e+00  0.00000000e+00  0.00000000e+00  1.00000000e+00]]

[[ 1.18156649e-01  9.83660835e-01  1.35832134e-01 -3.12638600e+02]
 [-5.52957280e-02 -1.30060303e-01  9.89962979e-01  9.33068381e+01]
 [ 9.91454179e-01 -1.24481645e-01  3.90247524e-02 -1.94148449e+02]
 [ 0.00000000e+00  0.00000000e+00  0.00000000e+00  1.00000000e+00]]

[[ 1.15582204e-01  9.82387746e-01  1.46816450e-01 -3.21985736e+02]
 [-3.91732314e-02 -1.43183865e-01  9.88920542e-01  9.54511291e+01]
 [ 9.92525170e-01 -1.20052890e-01  2.19337958e-02 -1.79772466e+02]
 [ 0.00000000e+00  0.00000000e+00  0.00000000e+00  1.00000000e+00]]

[[ 1.11852233e-01  9.81914104e-01  1.52753951e-01 -3.26938163e+02]
 [-4.30171231e-02 -1.48790065e-01  9.87932712e-01  9.60689755e+01]
 [ 9.92793335e-01 -1.17073515e-01  2.55966189e-02 -1.82680202e+02]
 [ 0.00000000e+00  0.00000000e+00  0.00000000e+00  1.00000000e+00]]

[[ 1.13790020e-01  9.81820345e-01  1.51923146e-01 -3.26164427e+02]
 [-4.17986061e-02 -1.48049916e-01  9.88096199e-01  9.68557026e+01]
 [ 9.92625160e-01 -1.18785662e-01  2.41921190e-02 -1.81733478e+02]
 [ 0.00000000e+00  0.00000000e+00  0.00000000e+00  1.00000000e+00]]

[[ 1.10514216e-01  9.81537193e-01  1.56113251e-01 -3.29755042e+02]
 [-5.37976607e-02 -1.50937335e-01  9.87078382e-01  9.75986355e+01]
 [ 9.92417462e-01 -1.17484721e-01  3.61236836e-02 -1.91616838e+02]
 [ 0.00000000e+00  0.00000000e+00  0.00000000e+00  1.00000000e+00]]

[[ 1.12435467e-01  9.80780458e-01  1.59461467e-01 -3.32618685e+02]
 [-4.70902915e-02 -1.55039404e-01  9.86785330e-01  9.82720087e+01]
 [ 9.92542579e-01 -1.18458757e-01  2.87533098e-02 -1.85520653e+02]
 [ 0.00000000e+00  0.00000000e+00  0.00000000e+00  1.00000000e+00]]

[[ 1.10948279e-01  9.81953505e-01  1.53159369e-01 -3.27194700e+02]
 [-5.27759630e-02 -1.48071979e-01  9.87567409e-01  9.65977358e+01]
 [ 9.92423890e-01 -1.17652038e-01  3.53952105e-02 -1.90718460e+02]
 [ 0.00000000e+00  0.00000000e+00  0.00000000e+00  1.00000000e+00]]

[[ 1.11967194e-01  9.83473744e-01  1.42276994e-01 -3.17897219e+02]
 [-5.88757897e-02 -1.36360260e-01  9.88908247e-01  9.55976831e+01]
 [ 9.91966224e-01 -1.19101952e-01  4.26349176e-02 -1.97889373e+02]
 [ 0.00000000e+00  0.00000000e+00  0.00000000e+00  1.00000000e+00]]

[[ 1.15995038e-01  9.80966951e-01  1.55720878e-01 -3.29502998e+02]
 [-4.28728459e-02 -1.51688132e-01  9.87498167e-01  9.86107016e+01]
 [ 9.92324075e-01 -1.21221084e-01  2.44617744e-02 -1.82401543e+02]
 [ 0.00000000e+00  0.00000000e+00  0.00000000e+00  1.00000000e+00]]

[[ 1.12307815e-01  9.84026116e-01  1.38128773e-01 -3.14342040e+02]
 [-5.92845537e-02 -1.32125133e-01  9.89458585e-01  9.56218749e+01]
 [ 9.91903371e-01 -1.19312834e-01  4.34988641e-02 -1.98937864e+02]
 [ 0.00000000e+00  0.00000000e+00  0.00000000e+00  1.00000000e+00]]

[[ 1.10327892e-01  9.81309226e-01  1.57670413e-01 -3.31210213e+02]
 [-4.60581194e-02 -1.53420472e-01  9.87087032e-01  9.77685797e+01]
 [ 9.92827480e-01 -1.16165235e-01  2.82707002e-02 -1.85239520e+02]
 [ 0.00000000e+00  0.00000000e+00  0.00000000e+00  1.00000000e+00]]

[[ 1.19524369e-01  9.73080079e-01  1.97050970e-01 -3.66251176e+02]
 [-1.18455192e-01 -1.83079260e-01  9.75935629e-01  1.02748182e+02]
 [ 9.85739465e-01 -1.39989801e-01  9.33839545e-02 -2.36377496e+02]
 [ 0.00000000e+00  0.00000000e+00  0.00000000e+00  1.00000000e+00]]

[[ 1.11850178e-01  9.81321725e-01  1.56515844e-01 -3.30122762e+02]
 [-4.84551085e-02 -1.51930953e-01  9.87202658e-01  9.75769552e+01]
 [ 9.92543017e-01 -1.18002785e-01  3.05565466e-02 -1.86866711e+02]
 [ 0.00000000e+00  0.00000000e+00  0.00000000e+00  1.00000000e+00]]

[[ 1.12710026e-01  9.81505277e-01  1.54737975e-01 -3.28519152e+02]
 [-4.22607132e-02 -1.50854116e-01  9.87652301e-01  9.81520004e+01]
 [ 9.92728806e-01 -1.17857654e-01  2.44763417e-02 -1.82342160e+02]
 [ 0.00000000e+00  0.00000000e+00  0.00000000e+00  1.00000000e+00]]

[[ 1.16757965e-01  9.82995191e-01  1.41732257e-01 -3.17342057e+02]
 [-4.56729240e-02 -1.37242897e-01  9.89483891e-01  9.54370737e+01]
 [ 9.92109652e-01 -1.22003452e-01  2.88720632e-02 -1.85873339e+02]
 [ 0.00000000e+00  0.00000000e+00  0.00000000e+00  1.00000000e+00]]

[[ 1.12881229e-01  9.81584712e-01  1.54108019e-01 -3.28044168e+02]
 [-5.02194015e-02 -1.49264855e-01  9.87521146e-01  9.69816639e+01]
 [ 9.92338571e-01 -1.19211813e-01  3.24453964e-02 -1.88725039e+02]
 [ 0.00000000e+00  0.00000000e+00  0.00000000e+00  1.00000000e+00]]

[[ 1.12894537e-01  9.82054869e-01  1.51073023e-01 -3.25476012e+02]
 [-4.55790606e-02 -1.46766470e-01  9.88120515e-01  9.59654434e+01]
 [ 9.92561017e-01 -1.18439174e-01  2.81920057e-02 -1.84868371e+02]
 [ 0.00000000e+00  0.00000000e+00  0.00000000e+00  1.00000000e+00]]

[[ 1.14882945e-01  9.81073311e-01  1.55875166e-01 -3.29697244e+02]
 [-4.81882790e-02 -1.51225484e-01  9.87324031e-01  9.73219637e+01]
 [ 9.92209554e-01 -1.20938048e-01  2.99030056e-02 -1.85973181e+02]
 [ 0.00000000e+00  0.00000000e+00  0.00000000e+00  1.00000000e+00]]

[[ 1.18186208e-01  9.82653924e-01  1.42910062e-01 -3.18525147e+02]
 [-5.42545100e-02 -1.37313579e-01  9.89040661e-01  9.47482137e+01]
 [ 9.91508179e-01 -1.24644481e-01  3.70848359e-02 -1.91949871e+02]
 [ 0.00000000e+00  0.00000000e+00  0.00000000e+00  1.00000000e+00]]

[[ 1.11332702e-01  9.81273457e-01  1.57185977e-01 -3.30691932e+02]
 [-4.10608347e-02 -1.53492112e-01  9.87296399e-01  9.82950778e+01]
 [ 9.92934558e-01 -1.16372563e-01  2.32032157e-02 -1.81214376e+02]
 [ 0.00000000e+00  0.00000000e+00  0.00000000e+00  1.00000000e+00]]

[[ 1.14144738e-01  9.80830034e-01  1.57934872e-01 -3.31323444e+02]
 [-4.34919724e-02 -1.53888002e-01  9.87130656e-01  9.92414156e+01]
 [ 9.92511676e-01 -1.19544669e-01  2.50927270e-02 -1.82693904e+02]
 [ 0.00000000e+00  0.00000000e+00  0.00000000e+00  1.00000000e+00]]

[[ 1.11534246e-01  9.80924727e-01  1.59206756e-01 -3.32429193e+02]
 [-5.12061825e-02 -1.54320656e-01  9.86692993e-01  9.75883222e+01]
 [ 9.92440446e-01 -1.18202429e-01  3.30173726e-02 -1.88736190e+02]
 [ 0.00000000e+00  0.00000000e+00  0.00000000e+00  1.00000000e+00]]

[[ 1.14247303e-01  9.82107861e-01  1.49705387e-01 -3.24000961e+02]
 [-4.86376553e-02 -1.44981889e-01  9.88238145e-01  9.75527197e+01]
 [ 9.92261020e-01 -1.20184862e-01  3.12036338e-02 -1.88184177e+02]
 [ 0.00000000e+00  0.00000000e+00  0.00000000e+00  1.00000000e+00]]

[[ 1.14024023e-01  9.84863605e-01  1.30545787e-01 -3.07982466e+02]
 [-6.99905873e-02 -1.23112956e-01  9.89921471e-01  9.33705034e+01]
 [ 9.91009505e-01 -1.22011805e-01  5.48933476e-02 -2.08310986e+02]
 [ 0.00000000e+00  0.00000000e+00  0.00000000e+00  1.00000000e+00]]

[[ 1.13988005e-01  9.82271888e-01  1.48824300e-01 -3.23767254e+02]
 [-4.73095505e-02 -1.44263886e-01  9.88407678e-01  9.52880392e+01]
 [ 9.92355048e-01 -1.19707430e-01  3.00264890e-02 -1.86351805e+02]
 [ 0.00000000e+00  0.00000000e+00  0.00000000e+00  1.00000000e+00]]

[[ 1.13563172e-01  9.82988481e-01  1.44350449e-01 -3.19662417e+02]
 [-5.31700784e-02 -1.39069168e-01  9.88854241e-01  9.46291544e+01]
 [ 9.92107025e-01 -1.19972549e-01  3.64724387e-02 -1.91720710e+02]
 [ 0.00000000e+00  0.00000000e+00  0.00000000e+00  1.00000000e+00]]

[[ 1.14831781e-01  9.81774403e-01  1.51435409e-01 -3.25702008e+02]
 [-3.91091067e-02 -1.47857611e-01  9.88235096e-01  9.79161868e+01]
 [ 9.92614799e-01 -1.19403300e-01  2.14175670e-02 -1.80246134e+02]
 [ 0.00000000e+00  0.00000000e+00  0.00000000e+00  1.00000000e+00]]

[[ 1.10253731e-01  9.81024856e-01  1.59481492e-01 -3.32416066e+02]
 [-4.95531056e-02 -1.54834486e-01  9.86696900e-01  9.85332279e+01]
 [ 9.92667419e-01 -1.16689818e-01  3.15417486e-02 -1.87911070e+02]
 [ 0.00000000e+00  0.00000000e+00  0.00000000e+00  1.00000000e+00]]

[[ 1.11610423e-01  9.81595416e-01  1.54963069e-01 -3.28782259e+02]
 [-4.47468237e-02 -1.50815062e-01  9.87548753e-01  9.80339444e+01]
 [ 9.92744094e-01 -1.17154839e-01  2.70907441e-02 -1.84464538e+02]
 [ 0.00000000e+00  0.00000000e+00  0.00000000e+00  1.00000000e+00]]

[[ 1.13703912e-01  9.81205296e-01  1.55908905e-01 -3.29616261e+02]
 [-4.42180030e-02 -1.51773244e-01  9.87425770e-01  9.75751954e+01]
 [ 9.92530195e-01 -1.19168153e-01  2.61297273e-02 -1.83289495e+02]
 [ 0.00000000e+00  0.00000000e+00  0.00000000e+00  1.00000000e+00]]

[[ 1.16606920e-01  9.81712873e-01  1.50474789e-01 -3.25031847e+02]
 [-3.89935948e-02 -1.46866235e-01  9.88387479e-01  9.55521850e+01]
 [ 9.92412377e-01 -1.21120373e-01  2.11548946e-02 -1.78607912e+02]
 [ 0.00000000e+00  0.00000000e+00  0.00000000e+00  1.00000000e+00]]

[[ 1.12696427e-01  9.82185391e-01  1.50370783e-01 -3.24898120e+02]
 [-5.20919988e-02 -1.45286580e-01  9.88017324e-01  9.66112823e+01]
 [ 9.92263039e-01 -1.19179137e-01  3.47907218e-02 -1.90665449e+02]
 [ 0.00000000e+00  0.00000000e+00  0.00000000e+00  1.00000000e+00]]

[[ 1.13475884e-01  9.81701057e-01  1.52925666e-01 -3.27109039e+02]
 [-4.51567563e-02 -1.48664756e-01  9.87856092e-01  9.69790705e+01]
 [ 9.92514026e-01 -1.19003470e-01  2.74605708e-02 -1.84615252e+02]
 [ 0.00000000e+00  0.00000000e+00  0.00000000e+00  1.00000000e+00]]

[[ 1.18028372e-01  9.82689264e-01  1.42797461e-01 -3.18495578e+02]
 [-3.68500204e-02 -1.39369120e-01  9.89554609e-01  9.56115462e+01]
 [ 9.92326247e-01 -1.22057608e-01  1.97626092e-02 -1.78143665e+02]
 [ 0.00000000e+00  0.00000000e+00  0.00000000e+00  1.00000000e+00]]

[[ 1.15398812e-01  9.82663857e-01  1.45102926e-01 -3.20278232e+02]
 [-4.94071650e-02 -1.40219728e-01  9.88886930e-01  9.57045325e+01]
 [ 9.92089737e-01 -1.21285501e-01  3.23694453e-02 -1.88476987e+02]
 [ 0.00000000e+00  0.00000000e+00  0.00000000e+00  1.00000000e+00]]

[[ 1.10072821e-01  9.81454700e-01  1.56941535e-01 -3.30474108e+02]
 [-5.38869772e-02 -1.51775888e-01  9.86944919e-01  9.74696330e+01]
 [ 9.92461671e-01 -1.17092916e-01  3.61812270e-02 -1.91581314e+02]
 [ 0.00000000e+00  0.00000000e+00  0.00000000e+00  1.00000000e+00]]

[[ 1.17225541e-01  9.81591210e-01  1.50787494e-01 -3.25366454e+02]
 [-4.66578721e-02 -1.46223067e-01  9.88150726e-01  9.56763219e+01]
 [ 9.92008677e-01 -1.22871927e-01  2.86578790e-02 -1.84734566e+02]
 [ 0.00000000e+00  0.00000000e+00  0.00000000e+00  1.00000000e+00]]

[[ 1.11911797e-01  9.82327717e-01  1.50026684e-01 -3.24548545e+02]
 [-4.89698116e-02 -1.45339929e-01  9.88169147e-01  9.67666639e+01]
 [ 9.92510810e-01 -1.17934563e-01  3.18391507e-02 -1.88655663e+02]
 [ 0.00000000e+00  0.00000000e+00  0.00000000e+00  1.00000000e+00]]

[[ 1.13446336e-01  9.82027207e-01  1.50839298e-01 -3.25344200e+02]
 [-4.64128624e-02 -1.46415531e-01  9.88133766e-01  9.59421876e+01]
 [ 9.92459458e-01 -1.19101039e-01  2.89683881e-02 -1.85579625e+02]
 [ 0.00000000e+00  0.00000000e+00  0.00000000e+00  1.00000000e+00]]

[[ 1.12657570e-01  9.82288798e-01  1.49723041e-01 -3.24366901e+02]
 [-4.99503155e-02 -1.44893117e-01  9.88185686e-01  9.55758131e+01]
 [ 9.92377568e-01 -1.18805311e-01  3.27423290e-02 -1.88702190e+02]
 [ 0.00000000e+00  0.00000000e+00  0.00000000e+00  1.00000000e+00]]

[[ 1.16689525e-01  9.84103910e-01  1.33876994e-01 -3.10935458e+02]
 [-7.39533917e-02 -1.25814012e-01  9.89293551e-01  9.31685368e+01]
 [ 9.90411253e-01 -1.25340852e-01  5.80966447e-02 -2.10172428e+02]
 [ 0.00000000e+00  0.00000000e+00  0.00000000e+00  1.00000000e+00]]

[[ 1.10796303e-01  9.81083939e-01  1.58740306e-01 -3.32047825e+02]
 [-4.43826390e-02 -1.54679981e-01  9.86967216e-01  9.71007214e+01]
 [ 9.92851631e-01 -1.16397633e-01  2.64051242e-02 -1.83108015e+02]
 [ 0.00000000e+00  0.00000000e+00  0.00000000e+00  1.00000000e+00]]

[[ 1.13399346e-01  9.81545760e-01  1.53975677e-01 -3.27951264e+02]
 [-5.21281293e-02 -1.48884104e-01  9.87479712e-01  9.70275954e+01]
 [ 9.92181055e-01 -1.20006018e-01  3.42827843e-02 -1.90085714e+02]
 [ 0.00000000e+00  0.00000000e+00  0.00000000e+00  1.00000000e+00]]

[[ 1.14522368e-01  9.81977908e-01  1.50346317e-01 -3.24829957e+02]
 [-4.85505348e-02 -1.45628722e-01  9.88147317e-01  9.62308045e+01]
 [ 9.92233578e-01 -1.20464365e-01  3.09978065e-02 -1.87082193e+02]
 [ 0.00000000e+00  0.00000000e+00  0.00000000e+00  1.00000000e+00]]

[[ 1.12220195e-01  9.83794498e-01  1.39839243e-01 -3.15902115e+02]
 [-6.35961778e-02 -1.33328993e-01  9.89029274e-01  9.39465876e+01]
 [ 9.91646184e-01 -1.19882299e-01  4.76033642e-02 -2.01326511e+02]
 [ 0.00000000e+00  0.00000000e+00  0.00000000e+00  1.00000000e+00]]

[[ 1.12737485e-01  9.82153735e-01  1.50546670e-01 -3.24874557e+02]
 [-4.85727002e-02 -1.45883975e-01  9.88108576e-01  9.73069917e+01]
 [ 9.92436876e-01 -1.18709334e-01  3.12592664e-02 -1.88059496e+02]
 [ 0.00000000e+00  0.00000000e+00  0.00000000e+00  1.00000000e+00]]

[[ 1.12920371e-01  9.81958315e-01  1.51680114e-01 -3.26000689e+02]
 [-4.51683538e-02 -1.47425589e-01  9.88041252e-01  9.63470233e+01]
 [ 9.92576853e-01 -1.18421126e-01  2.77060884e-02 -1.84609113e+02]
 [ 0.00000000e+00  0.00000000e+00  0.00000000e+00  1.00000000e+00]]

[[ 1.12759503e-01  9.81026551e-01  1.57709227e-01 -3.31054249e+02]
 [-4.17318541e-02 -1.53905619e-01  9.87203886e-01  9.83016176e+01]
 [ 9.92745560e-01 -1.17898118e-01  2.35857359e-02 -1.81510939e+02]
 [ 0.00000000e+00  0.00000000e+00  0.00000000e+00  1.00000000e+00]]

[[ 1.13552132e-01  9.81744374e-01  1.52590622e-01 -3.26888741e+02]
 [-4.29044326e-02 -1.48595298e-01  9.87966926e-01  9.52429518e+01]
 [ 9.92605220e-01 -1.18732565e-01  2.52478724e-02 -1.81844282e+02]
 [ 0.00000000e+00  0.00000000e+00  0.00000000e+00  1.00000000e+00]]

[[ 1.13282183e-01  9.82251666e-01  1.49495191e-01 -3.24164932e+02]
 [-5.05853162e-02 -1.44566729e-01  9.88201187e-01  9.61507884e+01]
 [ 9.92274293e-01 -1.19507849e-01  3.33106765e-02 -1.89315355e+02]
 [ 0.00000000e+00  0.00000000e+00  0.00000000e+00  1.00000000e+00]]

[[ 1.16646256e-01  9.82791797e-01  1.43226865e-01 -3.18698266e+02]
 [-3.94879890e-02 -1.39507983e-01  9.89433283e-01  9.57937870e+01]
 [ 9.92388205e-01 -1.21069429e-01  2.25353878e-02 -1.80594316e+02]
 [ 0.00000000e+00  0.00000000e+00  0.00000000e+00  1.00000000e+00]]

[[ 1.13385958e-01  9.80645360e-01  1.59619244e-01 -3.32740496e+02]
 [-4.92199409e-02 -1.54913938e-01  9.86701104e-01  9.87348939e+01]
 [ 9.92331105e-01 -1.19734499e-01  3.07022414e-02 -1.87125586e+02]
 [ 0.00000000e+00  0.00000000e+00  0.00000000e+00  1.00000000e+00]]

[[ 1.12217762e-01  9.80704198e-01  1.60082637e-01 -3.33099016e+02]
 [-4.58388508e-02 -1.55819689e-01  9.86721351e-01  9.81570179e+01]
 [ 9.92625797e-01 -1.18065666e-01  2.74686167e-02 -1.84178677e+02]
 [ 0.00000000e+00  0.00000000e+00  0.00000000e+00  1.00000000e+00]]

[[ 1.12161331e-01  9.81125751e-01  1.57518557e-01 -3.30961592e+02]
 [-5.26787062e-02 -1.52425050e-01  9.86910106e-01  9.75971089e+01]
 [ 9.92292694e-01 -1.18991024e-01  3.45882388e-02 -1.90250892e+02]
 [ 0.00000000e+00  0.00000000e+00  0.00000000e+00  1.00000000e+00]]

[[ 1.13779272e-01  9.82239684e-01  1.49196116e-01 -3.23735540e+02]
 [-4.89303870e-02 -1.44448976e-01  9.88301731e-01  9.68379153e+01]
 [ 9.92300405e-01 -1.19748475e-01  3.16260685e-02 -1.88346015e+02]
 [ 0.00000000e+00  0.00000000e+00  0.00000000e+00  1.00000000e+00]]

[[ 1.15054483e-01  9.81671858e-01  1.51930341e-01 -3.26276513e+02]
 [-5.11716170e-02 -1.46885809e-01  9.87828945e-01  9.73137501e+01]
 [ 9.92040287e-01 -1.21428670e-01  3.33338656e-02 -1.89322764e+02]
 [ 0.00000000e+00  0.00000000e+00  0.00000000e+00  1.00000000e+00]]

[[ 1.16410187e-01  9.83243221e-01  1.40290545e-01 -3.16312303e+02]
 [-5.02168934e-02 -1.35243456e-01  9.89539020e-01  9.49333715e+01]
 [ 9.91930911e-01 -1.22237378e-01  3.36317041e-02 -1.89770510e+02]
 [ 0.00000000e+00  0.00000000e+00  0.00000000e+00  1.00000000e+00]]

[[ 1.12479986e-01  9.81995463e-01  1.51766806e-01 -3.26094409e+02]
 [-4.53159866e-02 -1.47507646e-01  9.88022245e-01  9.65442598e+01]
 [ 9.92620126e-01 -1.18010191e-01  2.79084352e-02 -1.84637947e+02]
 [ 0.00000000e+00  0.00000000e+00  0.00000000e+00  1.00000000e+00]]

[[ 1.14768084e-01  9.84799314e-01  1.30378673e-01 -3.07716653e+02]
 [-6.98549189e-02 -1.22920376e-01  9.89954985e-01  9.43623662e+01]
 [ 9.90933185e-01 -1.22722829e-01  5.46857402e-02 -2.08277741e+02]
 [ 0.00000000e+00  0.00000000e+00  0.00000000e+00  1.00000000e+00]]

[[ 1.15468730e-01  9.82443158e-01  1.46534684e-01 -3.21544331e+02]
 [-5.15942017e-02 -1.41390289e-01  9.88608529e-01  9.58144907e+01]
 [ 9.91970267e-01 -1.21713711e-01  3.43622134e-02 -1.89777546e+02]
 [ 0.00000000e+00  0.00000000e+00  0.00000000e+00  1.00000000e+00]]

[[ 1.14188601e-01  9.81550044e-01  1.53363866e-01 -3.27377074e+02]
 [-4.06241468e-02 -1.49631107e-01  9.87906985e-01  9.81539462e+01]
 [ 9.92628149e-01 -1.19037993e-01  2.27884662e-02 -1.81113283e+02]
 [ 0.00000000e+00  0.00000000e+00  0.00000000e+00  1.00000000e+00]]

[[ 1.11722297e-01  9.81159106e-01  1.57622770e-01 -3.31068767e+02]
 [-4.88532522e-02 -1.53001150e-01  9.87017734e-01  9.81341739e+01]
 [ 9.92537903e-01 -1.17972273e-01  3.08391733e-02 -1.87541982e+02]
 [ 0.00000000e+00  0.00000000e+00  0.00000000e+00  1.00000000e+00]]

[[ 1.17259525e-01  9.81977643e-01  1.48223183e-01 -3.23069722e+02]
 [-4.67793788e-02 -1.43625594e-01  9.88525861e-01  9.60049099e+01]
 [ 9.91998938e-01 -1.22847861e-01  2.90948353e-02 -1.85524622e+02]
 [ 0.00000000e+00  0.00000000e+00  0.00000000e+00  1.00000000e+00]]

[[ 1.10937025e-01  9.81166647e-01  1.58129652e-01 -3.31493031e+02]
 [-5.09640698e-02 -1.53285990e-01  9.86866794e-01  9.73910871e+01]
 [ 9.92519844e-01 -1.17538997e-01  3.29991537e-02 -1.89114893e+02]
 [ 0.00000000e+00  0.00000000e+00  0.00000000e+00  1.00000000e+00]]

[[ 1.13042314e-01  9.82052829e-01  1.50975744e-01 -3.25356952e+02]
 [-5.42310792e-02 -1.45624900e-01  9.87852407e-01  9.65001585e+01]
 [ 9.92109079e-01 -1.19856700e-01  3.67960090e-02 -1.92310225e+02]
 [ 0.00000000e+00  0.00000000e+00  0.00000000e+00  1.00000000e+00]]

[[ 1.10291690e-01  9.81298455e-01  1.57762749e-01 -3.31165575e+02]
 [-4.75716815e-02 -1.53337161e-01  9.87028191e-01  9.85838708e+01]
 [ 9.92760131e-01 -1.16366047e-01  2.97702029e-02 -1.86901581e+02]
 [ 0.00000000e+00  0.00000000e+00  0.00000000e+00  1.00000000e+00]]

[[ 1.17065048e-01  9.82164351e-01  1.47135860e-01 -3.21991734e+02]
 [-4.24332703e-02 -1.43072591e-01  9.88802129e-01  9.63050288e+01]
 [ 9.92217311e-01 -1.21997624e-01  2.49276457e-02 -1.82462947e+02]
 [ 0.00000000e+00  0.00000000e+00  0.00000000e+00  1.00000000e+00]]

[[ 1.11830522e-01  9.82574962e-01  1.48460023e-01 -3.23290491e+02]
 [-5.46248381e-02 -1.43092968e-01  9.88200652e-01  9.56742147e+01]
 [ 9.92224804e-01 -1.18620600e-01  3.76708369e-02 -1.92909598e+02]
 [ 0.00000000e+00  0.00000000e+00  0.00000000e+00  1.00000000e+00]]

[[ 1.16794326e-01  9.81886812e-01  1.49189055e-01 -3.24044372e+02]
 [-4.45741900e-02 -1.44883345e-01  9.88444211e-01  9.55290052e+01]
 [ 9.92155344e-01 -1.22094656e-01  2.68452568e-02 -1.83753875e+02]
 [ 0.00000000e+00  0.00000000e+00  0.00000000e+00  1.00000000e+00]]

[[ 1.15906100e-01  9.82151345e-01  1.48136799e-01 -3.22882492e+02]
 [-5.18750112e-02 -1.42952720e-01  9.88369113e-01  9.68221558e+01]
 [ 9.91904612e-01 -1.22242607e-01  3.43800198e-02 -1.90626430e+02]
 [ 0.00000000e+00  0.00000000e+00  0.00000000e+00  1.00000000e+00]]

[[ 1.12817951e-01  9.82018097e-01  1.51368977e-01 -3.25696044e+02]
 [-5.17936058e-02 -1.46322314e-01  9.87880156e-01  9.68090845e+01]
 [ 9.92264850e-01 -1.19290560e-01  3.43544746e-02 -1.90453408e+02]
 [ 0.00000000e+00  0.00000000e+00  0.00000000e+00  1.00000000e+00]]

[[ 1.10528169e-01  9.81422799e-01  1.56820960e-01 -3.30407896e+02]
 [-4.86576370e-02 -1.52255109e-01  9.87142754e-01  9.81801406e+01]
 [ 9.92681197e-01 -1.16737618e-01  3.09252359e-02 -1.88054665e+02]
 [ 0.00000000e+00  0.00000000e+00  0.00000000e+00  1.00000000e+00]]

[[ 1.11706546e-01  9.82473845e-01  1.49220613e-01 -3.23828117e+02]
 [-4.56139454e-02 -1.44932829e-01  9.88389520e-01  9.64556534e+01]
 [ 9.92693818e-01 -1.17216120e-01  2.86245626e-02 -1.85750344e+02]
 [ 0.00000000e+00  0.00000000e+00  0.00000000e+00  1.00000000e+00]]

[[ 1.14238126e-01  9.81499466e-01  1.53650412e-01 -3.27727553e+02]
 [-5.16118744e-02 -1.48590585e-01  9.87551038e-01  9.61236219e+01]
 [ 9.92111821e-01 -1.20746166e-01  3.36823172e-02 -1.89175799e+02]
 [ 0.00000000e+00  0.00000000e+00  0.00000000e+00  1.00000000e+00]]

[[ 1.15960831e-01  9.82036605e-01  1.48852922e-01 -3.23583384e+02]
 [-4.19944476e-02 -1.44882512e-01  9.88557294e-01  9.61721158e+01]
 [ 9.92365634e-01 -1.20884922e-01  2.44393881e-02 -1.82022974e+02]
 [ 0.00000000e+00  0.00000000e+00  0.00000000e+00  1.00000000e+00]]

[[ 1.16723250e-01  9.82501961e-01  1.45139863e-01 -3.20512738e+02]
 [-4.91899066e-02 -1.40240387e-01  9.88894831e-01  9.47729655e+01]
 [ 9.91945581e-01 -1.22566435e-01  3.19598660e-02 -1.87711614e+02]
 [ 0.00000000e+00  0.00000000e+00  0.00000000e+00  1.00000000e+00]]

[[ 1.11137494e-01  9.82329639e-01  1.50588635e-01 -3.24901881e+02]
 [-5.30410471e-02 -1.45448268e-01  9.87943039e-01  9.70801946e+01]
 [ 9.92388586e-01 -1.17784893e-01  3.59390366e-02 -1.92216435e+02]
 [ 0.00000000e+00  0.00000000e+00  0.00000000e+00  1.00000000e+00]]

[[ 1.13333629e-01  9.83343591e-01  1.42094583e-01 -3.17858878e+02]
 [-5.10798696e-02 -1.37060196e-01  9.89244838e-01  9.44264484e+01]
 [ 9.92243083e-01 -1.19372880e-01  3.46955330e-02 -1.90445557e+02]
 [ 0.00000000e+00  0.00000000e+00  0.00000000e+00  1.00000000e+00]]

[[ 1.15608100e-01  9.81840245e-01  1.50414429e-01 -3.24974656e+02]
 [-5.13717558e-02 -1.45316991e-01  9.88050563e-01  9.66794353e+01]
 [ 9.91965579e-01 -1.21953701e-01  3.36390361e-02 -1.89384198e+02]
 [ 0.00000000e+00  0.00000000e+00  0.00000000e+00  1.00000000e+00]]

[[ 1.16599653e-01  9.82898903e-01  1.42528127e-01 -3.18089845e+02]
 [-5.00891045e-02 -1.37504752e-01  9.89233807e-01  9.57840612e+01]
 [ 9.91915119e-01 -1.22483425e-01  3.31995195e-02 -1.89863245e+02]
 [ 0.00000000e+00  0.00000000e+00  0.00000000e+00  1.00000000e+00]]

[[ 1.13761755e-01  9.82318169e-01  1.48691887e-01 -3.23360105e+02]
 [-4.97201591e-02 -1.43846869e-01  9.88350132e-01  9.52508780e+01]
 [ 9.92263155e-01 -1.19829430e-01  3.24767433e-02 -1.88339388e+02]
 [ 0.00000000e+00  0.00000000e+00  0.00000000e+00  1.00000000e+00]]

[[ 1.08453474e-01  9.82264114e-01  1.52954421e-01 -3.26957116e+02]
 [-5.48548127e-02 -1.47714316e-01  9.87507686e-01  9.69378397e+01]
 [ 9.92586920e-01 -1.15488925e-01  3.78617832e-02 -1.93397279e+02]
 [ 0.00000000e+00  0.00000000e+00  0.00000000e+00  1.00000000e+00]]

[[ 1.11106727e-01  9.81910705e-01  1.53318825e-01 -3.27405407e+02]
 [-5.52194505e-02 -1.47936119e-01  9.87454159e-01  9.66740928e+01]
 [ 9.92273202e-01 -1.18178981e-01  3.77838717e-02 -1.93012338e+02]
 [ 0.00000000e+00  0.00000000e+00  0.00000000e+00  1.00000000e+00]]

[[ 1.12594442e-01  9.81675012e-01  1.53742194e-01 -3.27793259e+02]
 [-5.14307820e-02 -1.48760995e-01  9.87534830e-01  9.69373868e+01]
 [ 9.92309108e-01 -1.19098015e-01  3.37386523e-02 -1.89569552e+02]
 [ 0.00000000e+00  0.00000000e+00  0.00000000e+00  1.00000000e+00]]

[[ 1.13714056e-01  9.80795980e-01  1.58456172e-01 -3.31736184e+02]
 [-3.88901941e-02 -1.54974212e-01  9.87152747e-01  9.86650784e+01]
 [ 9.92752067e-01 -1.18415534e-01  2.05205998e-02 -1.78799561e+02]
 [ 0.00000000e+00  0.00000000e+00  0.00000000e+00  1.00000000e+00]]

[[ 1.13068296e-01  9.81885830e-01  1.52038735e-01 -3.26300862e+02]
 [-4.62176747e-02 -1.47656841e-01  9.87958189e-01  9.67790965e+01]
 [ 9.92511706e-01 -1.18733625e-01  2.86851726e-02 -1.85573424e+02]
 [ 0.00000000e+00  0.00000000e+00  0.00000000e+00  1.00000000e+00]]

[[ 1.13966216e-01  9.81857316e-01  1.51551681e-01 -3.25882761e+02]
 [-5.53005897e-02 -1.46039579e-01  9.87731890e-01  9.60545886e+01]
 [ 9.91944326e-01 -1.20948964e-01  3.76537103e-02 -1.92725008e+02]
 [ 0.00000000e+00  0.00000000e+00  0.00000000e+00  1.00000000e+00]]

[[ 1.16502057e-01  9.82635289e-01  1.44413158e-01 -3.19843081e+02]
 [-5.56423833e-02 -1.38717390e-01  9.88767622e-01  9.57598323e+01]
 [ 9.91630574e-01 -1.23228954e-01  3.85153081e-02 -1.93540724e+02]
 [ 0.00000000e+00  0.00000000e+00  0.00000000e+00  1.00000000e+00]]

[[ 1.12730265e-01  9.84825959e-01  1.31945891e-01 -3.09311859e+02]
 [-7.63123261e-02 -1.23818918e-01  9.89366112e-01  9.28345235e+01]
 [ 9.90690828e-01 -1.21600602e-01  6.11962202e-02 -2.12878087e+02]
 [ 0.00000000e+00  0.00000000e+00  0.00000000e+00  1.00000000e+00]]

[[ 1.14098846e-01  9.81619360e-01  1.52986552e-01 -3.27090494e+02]
 [-4.82587535e-02 -1.48334070e-01  9.87759129e-01  9.65859695e+01]
 [ 9.92296602e-01 -1.20085117e-01  3.04469806e-02 -1.86644855e+02]
 [ 0.00000000e+00  0.00000000e+00  0.00000000e+00  1.00000000e+00]]

[[ 1.15863923e-01  9.82585223e-01  1.45264692e-01 -3.20533253e+02]
 [-4.49707868e-02 -1.40910277e-01  9.89000466e-01  9.53120544e+01]
 [ 9.92246532e-01 -1.21122141e-01  2.78612131e-02 -1.84490361e+02]
 [ 0.00000000e+00  0.00000000e+00  0.00000000e+00  1.00000000e+00]]

[[ 1.12099845e-01  9.82646649e-01  1.47780878e-01 -3.22487484e+02]
 [-5.74418499e-02 -1.42061568e-01  9.88189731e-01  9.60238180e+01]
 [ 9.92035311e-01 -1.19264723e-01  4.05199615e-02 -1.95482732e+02]
 [ 0.00000000e+00  0.00000000e+00  0.00000000e+00  1.00000000e+00]]

[[ 1.12261577e-01  9.81740992e-01  1.53564195e-01 -3.27653050e+02]
 [-5.21073480e-02 -1.48512327e-01  9.87536791e-01  9.64633829e+01]
 [ 9.92311525e-01 -1.18864261e-01  3.44836915e-02 -1.90258860e+02]
 [ 0.00000000e+00  0.00000000e+00  0.00000000e+00  1.00000000e+00]]

[[ 1.13974218e-01  9.81260484e-01  1.55363255e-01 -3.29048343e+02]
 [-4.97499523e-02 -1.50548908e-01  9.87349973e-01  9.86886163e+01]
 [ 9.92237280e-01 -1.20261755e-01  3.16589683e-02 -1.88583072e+02]
 [ 0.00000000e+00  0.00000000e+00  0.00000000e+00  1.00000000e+00]]

[[ 1.10231656e-01  9.80224869e-01  1.64341682e-01 -3.36810121e+02]
 [-5.04383421e-02 -1.59619292e-01  9.85889271e-01  9.90150223e+01]
 [ 9.92625285e-01 -1.16965329e-01  3.18458184e-02 -1.87739724e+02]
 [ 0.00000000e+00  0.00000000e+00  0.00000000e+00  1.00000000e+00]]

[[ 1.16206373e-01  9.82099813e-01  1.48243167e-01 -3.23008994e+02]
 [-4.95383194e-02 -1.43337576e-01  9.88433252e-01  9.63535521e+01]
 [ 9.91988928e-01 -1.22205960e-01  3.19948345e-02 -1.88236336e+02]
 [ 0.00000000e+00  0.00000000e+00  0.00000000e+00  1.00000000e+00]]

[[ 1.12176077e-01  9.81409882e-01  1.55727873e-01 -3.29330886e+02]
 [-4.87586970e-02 -1.51091952e-01  9.87316470e-01  9.88008337e+01]
 [ 9.92491369e-01 -1.18346376e-01  3.09033647e-02 -1.87941764e+02]
 [ 0.00000000e+00  0.00000000e+00  0.00000000e+00  1.00000000e+00]]

[[ 1.11319301e-01  9.82511151e-01  1.49264370e-01 -3.23958543e+02]
 [-5.32078002e-02 -1.44089976e-01  9.88133093e-01  9.62848098e+01]
 [ 9.92359281e-01 -1.17940314e-01  3.62372616e-02 -1.91875290e+02]
 [ 0.00000000e+00  0.00000000e+00  0.00000000e+00  1.00000000e+00]]

[[ 1.14832974e-01  9.81986693e-01  1.50051731e-01 -3.24616124e+02]
 [-3.88662731e-02 -1.46494005e-01  9.88447732e-01  9.60377546e+01]
 [ 9.92624199e-01 -1.19338345e-01  2.13438207e-02 -1.79134067e+02]
 [ 0.00000000e+00  0.00000000e+00  0.00000000e+00  1.00000000e+00]]

[[ 1.17004671e-01  9.84344915e-01  1.31814242e-01 -3.08980771e+02]
 [-5.18643521e-02 -1.26488494e-01  9.90611301e-01  9.36013288e+01]
 [ 9.91776182e-01 -1.22742610e-01  3.62526666e-02 -1.92100195e+02]
 [ 0.00000000e+00  0.00000000e+00  0.00000000e+00  1.00000000e+00]]

[[ 1.17934897e-01  9.81978842e-01  1.47678416e-01 -3.22552969e+02]
 [-5.00211659e-02 -1.42652822e-01  9.88507995e-01  9.55806532e+01]
 [ 9.91760678e-01 -1.23966635e-01  3.22959806e-02 -1.88491072e+02]
 [ 0.00000000e+00  0.00000000e+00  0.00000000e+00  1.00000000e+00]]

[[ 1.15493748e-01  9.82874759e-01  1.43591094e-01 -3.19245156e+02]
 [-5.33538048e-02 -1.38211381e-01  9.88964603e-01  9.45598377e+01]
 [ 9.91874269e-01 -1.21880360e-01  3.64775575e-02 -1.91894741e+02]
 [ 0.00000000e+00  0.00000000e+00  0.00000000e+00  1.00000000e+00]]

[[ 1.13578912e-01  9.89289508e-01  9.16847868e-02 -2.74190042e+02]
 [-1.21352835e-01 -7.77772848e-02  9.89557570e-01  9.28231173e+01]
 [ 9.86089915e-01 -1.23519081e-01  1.11219227e-01 -2.56665440e+02]
 [ 0.00000000e+00  0.00000000e+00  0.00000000e+00  1.00000000e+00]]

[[ 1.17196554e-01  9.84049799e-01  1.33831835e-01 -3.11013080e+02]
 [-5.53223783e-02 -1.28082219e-01  9.90219359e-01  9.27299191e+01]
 [ 9.91566640e-01 -1.23454192e-01  3.94291806e-02 -1.93871460e+02]
 [ 0.00000000e+00  0.00000000e+00  0.00000000e+00  1.00000000e+00]]

[[ 1.13329579e-01  9.81963150e-01  1.51343247e-01 -3.25687670e+02]
 [-5.33324156e-02 -1.46092654e-01  9.87832268e-01  9.68516535e+01]
 [ 9.92125022e-01 -1.20022116e-01  3.58138479e-02 -1.91221317e+02]
 [ 0.00000000e+00  0.00000000e+00  0.00000000e+00  1.00000000e+00]]

[[ 1.16726715e-01  9.84198078e-01  1.33150353e-01 -3.09956197e+02]
 [-5.64076465e-02 -1.27280666e-01  9.90261485e-01  9.40251950e+01]
 [ 9.91560917e-01 -1.23100668e-01  4.06592432e-02 -1.95176459e+02]
 [ 0.00000000e+00  0.00000000e+00  0.00000000e+00  1.00000000e+00]]

[[ 1.12551976e-01  9.82964522e-01  1.45302447e-01 -3.20865733e+02]
 [-5.40199882e-02 -1.39962205e-01  9.88682164e-01  9.42064995e+01]
 [ 9.92176342e-01 -1.19127367e-01  3.73467092e-02 -1.92566288e+02]
 [ 0.00000000e+00  0.00000000e+00  0.00000000e+00  1.00000000e+00]]

[[ 1.12835692e-01  9.81046906e-01  1.57528012e-01 -3.30958066e+02]
 [-4.47484573e-02 -1.53362238e-01  9.87156320e-01  9.83288165e+01]
 [ 9.92605502e-01 -1.18435602e-01  2.65956013e-02 -1.83588979e+02]
 [ 0.00000000e+00  0.00000000e+00  0.00000000e+00  1.00000000e+00]]

[[ 1.17350455e-01  9.82942029e-01  1.41611575e-01 -3.17508750e+02]
 [-3.10446313e-02 -1.38896187e-01  9.89820226e-01  9.33521295e+01]
 [ 9.92605209e-01 -1.20552133e-01  1.42155422e-02 -1.72795975e+02]
 [ 0.00000000e+00  0.00000000e+00  0.00000000e+00  1.00000000e+00]]

[[ 1.14760001e-01  9.82096530e-01  1.49387243e-01 -3.24125011e+02]
 [-4.74599074e-02 -1.44788678e-01  9.88323730e-01  9.61529582e+01]
 [ 9.92258887e-01 -1.20509937e-01  2.99942615e-02 -1.86249991e+02]
 [ 0.00000000e+00  0.00000000e+00  0.00000000e+00  1.00000000e+00]]

[[ 1.14985355e-01  9.83802338e-01  1.37518466e-01 -3.13697657e+02]
 [-5.60650854e-02 -1.31788805e-01  9.89691072e-01  9.43090278e+01]
 [ 9.91783784e-01 -1.21509964e-01  4.00031796e-02 -1.94333490e+02]
 [ 0.00000000e+00  0.00000000e+00  0.00000000e+00  1.00000000e+00]]

[[ 1.12197203e-01  9.82009873e-01  1.51882841e-01 -3.26654744e+02]
 [-5.21401251e-02 -1.46819397e-01  9.87788172e-01  9.59760837e+01]
 [ 9.92317084e-01 -1.18746261e-01  3.47293919e-02 -1.90554975e+02]
 [ 0.00000000e+00  0.00000000e+00  0.00000000e+00  1.00000000e+00]]

[[ 1.11627750e-01  9.81407130e-01  1.56138691e-01 -3.29722346e+02]
 [-5.95941712e-02 -1.50226846e-01  9.86853803e-01  9.69335880e+01]
 [ 9.91961582e-01 -1.19465226e-01  4.17166596e-02 -1.95990646e+02]
 [ 0.00000000e+00  0.00000000e+00  0.00000000e+00  1.00000000e+00]]

[[ 1.12271206e-01  9.81579693e-01  1.54584870e-01 -3.28703767e+02]
 [-5.65843122e-02 -1.49000630e-01  9.87216809e-01  9.62400594e+01]
 [ 9.92065216e-01 -1.19583101e-01  3.88135313e-02 -1.93485718e+02]
 [ 0.00000000e+00  0.00000000e+00  0.00000000e+00  1.00000000e+00]]

[[ 1.14305699e-01  9.81963318e-01  1.50606271e-01 -3.25016568e+02]
 [-4.45010458e-02 -1.46386638e-01  9.88225991e-01  9.60474975e+01]
 [ 9.92448419e-01 -1.19661999e-01  2.69655676e-02 -1.83497727e+02]
 [ 0.00000000e+00  0.00000000e+00  0.00000000e+00  1.00000000e+00]]

[[ 1.17349091e-01  9.84499384e-01  1.30346285e-01 -3.07961958e+02]
 [-4.98003071e-02 -1.25254243e-01  9.90874010e-01  9.22432705e+01]
 [ 9.91841278e-01 -1.22769450e-01  3.43299000e-02 -1.90157723e+02]
 [ 0.00000000e+00  0.00000000e+00  0.00000000e+00  1.00000000e+00]]

[[ 1.12430371e-01  9.84023378e-01  1.38048554e-01 -3.14482119e+02]
 [-5.85845437e-02 -1.32123319e-01  9.89500520e-01  9.32059036e+01]
 [ 9.91931078e-01 -1.19337422e-01  4.27938869e-02 -1.96863680e+02]
 [ 0.00000000e+00  0.00000000e+00  0.00000000e+00  1.00000000e+00]]

[[ 1.14745679e-01  9.83588301e-01  1.39238941e-01 -3.15686431e+02]
 [-4.96119345e-02 -1.34315801e-01  9.89695873e-01  9.26194898e+01]
 [ 9.92155273e-01 -1.20471238e-01  3.33855606e-02 -1.88799774e+02]
 [ 0.00000000e+00  0.00000000e+00  0.00000000e+00  1.00000000e+00]]

[[ 1.12480772e-01  9.82397433e-01  1.49142078e-01 -3.23670744e+02]
 [-5.25184188e-02 -1.44007108e-01  9.88182052e-01  9.69750515e+01]
 [ 9.92265031e-01 -1.18984186e-01  3.53959291e-02 -1.91213881e+02]
 [ 0.00000000e+00  0.00000000e+00  0.00000000e+00  1.00000000e+00]]

[[ 1.11582456e-01  9.82354660e-01  1.50095562e-01 -3.24759385e+02]
 [-4.60217714e-02 -1.45768508e-01  9.88247711e-01  9.54001265e+01]
 [ 9.92688950e-01 -1.17178771e-01  2.89444934e-02 -1.85209784e+02]
 [ 0.00000000e+00  0.00000000e+00  0.00000000e+00  1.00000000e+00]]

[[ 1.12908349e-01  9.89184414e-01  9.36263856e-02 -2.75718984e+02]
 [-1.02024629e-01 -8.21888930e-02  9.91380836e-01  9.21889317e+01]
 [ 9.88353520e-01 -1.21487370e-01  9.16413602e-02 -2.40171176e+02]
 [ 0.00000000e+00  0.00000000e+00  0.00000000e+00  1.00000000e+00]]

[[ 1.15029182e-01  9.83392572e-01  1.40382825e-01 -3.16636197e+02]
 [-5.16485378e-02 -1.35208983e-01  9.89470040e-01  9.37154797e+01]
 [ 9.92018506e-01 -1.21068497e-01  3.52378096e-02 -1.91121099e+02]
 [ 0.00000000e+00  0.00000000e+00  0.00000000e+00  1.00000000e+00]]

[[ 1.09146288e-01  9.82495816e-01  1.50960454e-01 -3.25360669e+02]
 [-5.03853450e-02 -1.46204282e-01  9.87970458e-01  9.72416761e+01]
 [ 9.92747906e-01 -1.15439503e-01  3.35457360e-02 -1.89942536e+02]
 [ 0.00000000e+00  0.00000000e+00  0.00000000e+00  1.00000000e+00]]

[[ 1.15484908e-01  9.82566482e-01  1.45692637e-01 -3.20950298e+02]
 [-5.54039054e-02 -1.40073915e-01  9.88589756e-01  9.36857459e+01]
 [ 9.91762897e-01 -1.22239138e-01  3.82615972e-02 -1.92674998e+02]
 [ 0.00000000e+00  0.00000000e+00  0.00000000e+00  1.00000000e+00]]

[[ 1.15766480e-01  9.82966209e-01  1.42742967e-01 -3.18384987e+02]
 [-5.00915365e-02 -1.37748768e-01  9.89199735e-01  9.46602708e+01]
 [ 9.92012581e-01 -1.21666386e-01  3.32915977e-02 -1.88884692e+02]
 [ 0.00000000e+00  0.00000000e+00  0.00000000e+00  1.00000000e+00]]

[[ 1.12695225e-01  9.89559716e-01  8.98407183e-02 -2.72447638e+02]
 [-1.20205656e-01 -7.61750220e-02  9.89822189e-01  9.16796489e+01]
 [ 9.86331783e-01 -1.22347596e-01  1.10366113e-01 -2.55504762e+02]
 [ 0.00000000e+00  0.00000000e+00  0.00000000e+00  1.00000000e+00]]

[[ 1.13801663e-01  9.81911116e-01  1.51326608e-01 -3.25935836e+02]
 [-4.19587059e-02 -1.47430118e-01  9.88182082e-01  9.51547698e+01]
 [ 9.92617070e-01 -1.18806233e-01  2.44219271e-02 -1.81470791e+02]
 [ 0.00000000e+00  0.00000000e+00  0.00000000e+00  1.00000000e+00]]

[[ 1.14119340e-01  9.88523088e-01  9.89892975e-02 -2.80657238e+02]
 [-9.44588675e-02 -8.83923633e-02  9.91596850e-01  8.98182084e+01]
 [ 9.88966278e-01 -1.22510795e-01  8.32874932e-02 -2.31490923e+02]
 [ 0.00000000e+00  0.00000000e+00  0.00000000e+00  1.00000000e+00]]

[[ 1.16532418e-01  9.84197016e-01  1.33328273e-01 -3.10410244e+02]
 [-5.08449087e-02 -1.28155131e-01  9.90449927e-01  9.24510225e+01]
 [ 9.91884565e-01 -1.22198589e-01  3.51071802e-02 -1.90335043e+02]
 [ 0.00000000e+00  0.00000000e+00  0.00000000e+00  1.00000000e+00]]

[[ 1.17528437e-01  9.84401246e-01  1.30924606e-01 -3.08310356e+02]
 [-5.18959391e-02 -1.25569963e-01  9.90726499e-01  9.21839341e+01]
 [ 9.91712598e-01 -1.23232992e-01  3.63283857e-02 -1.91039839e+02]
 [ 0.00000000e+00  0.00000000e+00  0.00000000e+00  1.00000000e+00]]

[[ 1.11278130e-01  9.82859008e-01  1.46987579e-01 -3.22025905e+02]
 [-5.74628167e-02 -1.41295172e-01  9.88298386e-01  9.64281982e+01]
 [ 9.92126606e-01 -1.18422316e-01  4.07547845e-02 -1.96427384e+02]
 [ 0.00000000e+00  0.00000000e+00  0.00000000e+00  1.00000000e+00]]

[[ 1.12731024e-01  9.85396744e-01  1.27612586e-01 -3.05036592e+02]
 [-4.61141126e-02 -1.23104365e-01  9.91321746e-01  9.25535713e+01]
 [ 9.92554888e-01 -1.17637456e-01  3.15630153e-02 -1.87547289e+02]
 [ 0.00000000e+00  0.00000000e+00  0.00000000e+00  1.00000000e+00]]

[[ 1.14961246e-01  9.87451919e-01  1.08271044e-01 -2.88782620e+02]
 [-6.91391685e-02 -1.00775652e-01  9.92503926e-01  8.81415247e+01]
 [ 9.90960992e-01 -1.21585257e-01  5.66863102e-02 -2.09276917e+02]
 [ 0.00000000e+00  0.00000000e+00  0.00000000e+00  1.00000000e+00]]

[[ 1.13100892e-01  9.83039762e-01  1.44364174e-01 -3.19645961e+02]
 [-5.52946308e-02 -1.38843828e-01  9.88769384e-01  9.52568222e+01]
 [ 9.92043695e-01 -1.19813263e-01  3.86534599e-02 -1.93425764e+02]
 [ 0.00000000e+00  0.00000000e+00  0.00000000e+00  1.00000000e+00]]

[[ 1.12407877e-01  9.86574523e-01  1.18470163e-01 -2.97130448e+02]
 [-7.49903402e-02 -1.10463026e-01  9.91047107e-01  9.11921850e+01]
 [ 9.90828400e-01 -1.20285619e-01  6.15666450e-02 -2.13164893e+02]
 [ 0.00000000e+00  0.00000000e+00  0.00000000e+00  1.00000000e+00]]

[[ 1.16510482e-01  9.88329722e-01  9.81308732e-02 -2.79968816e+02]
 [-4.57605223e-02 -9.33569782e-02  9.94580539e-01  8.73988042e+01]
 [ 9.92134710e-01 -1.20369578e-01  3.43494177e-02 -1.90660187e+02]
 [ 0.00000000e+00  0.00000000e+00  0.00000000e+00  1.00000000e+00]]

[[ 1.15840715e-01  9.85503171e-01  1.23953336e-01 -3.02028521e+02]
 [-4.51328510e-02 -1.19442064e-01  9.91814811e-01  9.15433316e+01]
 [ 9.92241883e-01 -1.20486904e-01  3.06423137e-02 -1.86888798e+02]
 [ 0.00000000e+00  0.00000000e+00  0.00000000e+00  1.00000000e+00]]

[[ 1.14068688e-01  9.81742309e-01  1.52218174e-01 -3.26694647e+02]
 [-5.74494579e-02 -1.46443506e-01  9.87549421e-01  9.70647904e+01]
 [ 9.91810412e-01 -1.21393318e-01  3.96959449e-02 -1.94971710e+02]
 [ 0.00000000e+00  0.00000000e+00  0.00000000e+00  1.00000000e+00]]

[[ 1.16276659e-01  9.83554322e-01  1.38205043e-01 -3.14630079e+02]
 [-4.29110285e-02 -1.34044226e-01  9.90045852e-01  9.32035373e+01]
 [ 9.92289465e-01 -1.21049745e-01  2.66191127e-02 -1.83736498e+02]
 [ 0.00000000e+00  0.00000000e+00  0.00000000e+00  1.00000000e+00]]

[[ 1.14419417e-01  9.82224395e-01  1.48806704e-01 -3.23432762e+02]
 [-4.33826510e-02 -1.44707294e-01  9.88523012e-01  9.72841100e+01]
 [ 9.92484832e-01 -1.19561856e-01  2.60541739e-02 -1.83616799e+02]
 [ 0.00000000e+00  0.00000000e+00  0.00000000e+00  1.00000000e+00]]

[[ 1.20694431e-01  9.84227089e-01  1.29344079e-01 -3.07019919e+02]
 [-4.67761221e-02 -1.24513143e-01  9.91114762e-01  9.20896797e+01]
 [ 9.91587035e-01 -1.25672247e-01  3.10102836e-02 -1.87603021e+02]
 [ 0.00000000e+00  0.00000000e+00  0.00000000e+00  1.00000000e+00]]

[[ 1.15824778e-01  9.83405303e-01  1.39637502e-01 -3.15703133e+02]
 [-4.90560511e-02 -1.34748520e-01  9.89664762e-01  9.40542491e+01]
 [ 9.92057521e-01 -1.21477765e-01  3.26347635e-02 -1.88385912e+02]
 [ 0.00000000e+00  0.00000000e+00  0.00000000e+00  1.00000000e+00]]

[[ 1.16435067e-01  9.84218859e-01  1.33252068e-01 -3.10185297e+02]
 [-3.92696905e-02 -1.29497644e-01  9.90801823e-01  9.27907388e+01]
 [ 9.92421668e-01 -1.20596844e-01  2.35719032e-02 -1.81172882e+02]
 [ 0.00000000e+00  0.00000000e+00  0.00000000e+00  1.00000000e+00]]

[[ 1.11370345e-01  9.81881673e-01  1.53313491e-01 -3.27230536e+02]
 [-5.18747849e-02 -1.48319024e-01  9.87578085e-01  9.84492393e+01]
 [ 9.92424130e-01 -1.17940016e-01  3.44165597e-02 -1.90960167e+02]
 [ 0.00000000e+00  0.00000000e+00  0.00000000e+00  1.00000000e+00]]

[[ 1.13414776e-01  9.83410937e-01  1.41562768e-01 -3.17470251e+02]
 [-6.35714062e-02 -1.35007421e-01  9.88803152e-01  9.42469382e+01]
 [ 9.91511858e-01 -1.21144232e-01  4.72049797e-02 -2.00641579e+02]
 [ 0.00000000e+00  0.00000000e+00  0.00000000e+00  1.00000000e+00]]

[[ 1.14338872e-01  9.81906571e-01  1.50950680e-01 -3.25432555e+02]
 [-4.44141171e-02 -1.46742822e-01  9.88177074e-01  9.63449869e+01]
 [ 9.92448492e-01 -1.19691393e-01  2.68321047e-02 -1.83999642e+02]
 [ 0.00000000e+00  0.00000000e+00  0.00000000e+00  1.00000000e+00]]

[[ 1.14288009e-01  9.80587128e-01  1.59333413e-01 -3.32754007e+02]
 [-5.97798849e-02 -1.53305514e-01  9.86368990e-01  9.66001491e+01]
 [ 9.91647425e-01 -1.22255081e-01  4.10984037e-02 -1.95346951e+02]
 [ 0.00000000e+00  0.00000000e+00  0.00000000e+00  1.00000000e+00]]

[[ 1.18483452e-01  9.83990873e-01  1.33130139e-01 -3.10097221e+02]
 [-4.58810284e-02 -1.28506076e-01  9.90646819e-01  9.38344840e+01]
 [ 9.91895460e-01 -1.23483403e-01  2.99206696e-02 -1.86783701e+02]
 [ 0.00000000e+00  0.00000000e+00  0.00000000e+00  1.00000000e+00]]

[[ 1.17496371e-01  9.82445534e-01  1.44897809e-01 -3.20159930e+02]
 [-5.74097549e-02 -1.38944658e-01  9.88634666e-01  9.63002701e+01]
 [ 9.91412489e-01 -1.24479533e-01  4.00764642e-02 -1.95112299e+02]
 [ 0.00000000e+00  0.00000000e+00  0.00000000e+00  1.00000000e+00]]

[[ 1.19713073e-01  9.85308933e-01  1.21799370e-01 -3.00461202e+02]
 [-5.12099299e-02 -1.16390060e-01  9.91882502e-01  9.10339847e+01]
 [ 9.91486925e-01 -1.24978640e-01  3.65241896e-02 -1.91807103e+02]
 [ 0.00000000e+00  0.00000000e+00  0.00000000e+00  1.00000000e+00]]

[[ 1.10180064e-01  9.81525898e-01  1.56420154e-01 -3.29975021e+02]
 [-5.04209570e-02 -1.51655930e-01  9.87146497e-01  9.76645827e+01]
 [ 9.92631896e-01 -1.16650718e-01  3.27800151e-02 -1.88781319e+02]
 [ 0.00000000e+00  0.00000000e+00  0.00000000e+00  1.00000000e+00]]

[[ 1.11166983e-01  9.80919865e-01  1.59493326e-01 -3.32688413e+02]
 [-5.36551868e-02 -1.54329910e-01  9.86561402e-01  9.85648013e+01]
 [ 9.92352268e-01 -1.18230699e-01  3.54750481e-02 -1.91452290e+02]
 [ 0.00000000e+00  0.00000000e+00  0.00000000e+00  1.00000000e+00]]

[[ 1.12714298e-01  9.81743094e-01  1.53218750e-01 -3.27349561e+02]
 [-4.83116662e-02 -1.48604239e-01  9.87715932e-01  9.77241364e+01]
 [ 9.92452251e-01 -1.18731961e-01  3.06798223e-02 -1.87607543e+02]
 [ 0.00000000e+00  0.00000000e+00  0.00000000e+00  1.00000000e+00]]

[[ 1.16887310e-01  9.82997507e-01  1.41609525e-01 -3.17410520e+02]
 [-4.92033799e-02 -1.36680058e-01  9.89392535e-01  9.48605602e+01]
 [ 9.91925594e-01 -1.22615099e-01  3.23906356e-02 -1.88436962e+02]
 [ 0.00000000e+00  0.00000000e+00  0.00000000e+00  1.00000000e+00]]

[[ 1.13641263e-01  9.82328099e-01  1.48718422e-01 -3.23473783e+02]
 [-5.05024427e-02 -1.43783112e-01  9.88319746e-01  9.61369780e+01]
 [ 9.92237455e-01 -1.19824547e-01  3.32702741e-02 -1.89422673e+02]
 [ 0.00000000e+00  0.00000000e+00  0.00000000e+00  1.00000000e+00]]

[[ 1.14930034e-01  9.81916997e-01  1.50433036e-01 -3.25014260e+02]
 [-5.11251223e-02 -1.45389034e-01  9.88052757e-01  9.64786523e+01]
 [ 9.92057110e-01 -1.21247844e-01  3.34910599e-02 -1.89586833e+02]
 [ 0.00000000e+00  0.00000000e+00  0.00000000e+00  1.00000000e+00]]

[[ 1.18665387e-01  9.83379263e-01  1.37418159e-01 -3.13747118e+02]
 [-4.98886028e-02 -1.32316426e-01  9.89951257e-01  9.52984857e+01]
 [ 9.91680217e-01 -1.24328548e-01  3.33580377e-02 -1.90111677e+02]
 [ 0.00000000e+00  0.00000000e+00  0.00000000e+00  1.00000000e+00]]

[[ 1.12578409e-01  9.82569561e-01  1.47929578e-01 -3.22755421e+02]
 [-4.64697983e-02 -1.43506817e-01  9.88557713e-01  9.63080093e+01]
 [ 9.92555620e-01 -1.18164513e-01  2.95040401e-02 -1.86624497e+02]
 [ 0.00000000e+00  0.00000000e+00  0.00000000e+00  1.00000000e+00]]

[[ 1.16982390e-01  9.82703280e-01  1.43559686e-01 -3.19036760e+02]
 [-3.97219914e-02 -1.39806757e-01  9.89381743e-01  9.53706349e+01]
 [ 9.92339299e-01 -1.21442718e-01  2.26800026e-02 -1.80561037e+02]
 [ 0.00000000e+00  0.00000000e+00  0.00000000e+00  1.00000000e+00]]

[[ 1.13910864e-01  9.82186024e-01  1.49448749e-01 -3.24017591e+02]
 [-4.65998926e-02 -1.44980105e-01  9.88336592e-01  9.65156801e+01]
 [ 9.92397483e-01 -1.19546570e-01  2.92549543e-02 -1.86225538e+02]
 [ 0.00000000e+00  0.00000000e+00  0.00000000e+00  1.00000000e+00]]

[[ 1.10093905e-01  9.81946425e-01  1.53819861e-01 -3.27799767e+02]
 [-5.81816526e-02 -1.48128263e-01  9.87255242e-01  9.73920926e+01]
 [ 9.92216825e-01 -1.17640279e-01  4.08232469e-02 -1.95622870e+02]
 [ 0.00000000e+00  0.00000000e+00  0.00000000e+00  1.00000000e+00]]

[[ 1.16640338e-01  9.83308058e-01  1.39643459e-01 -3.15895694e+02]
 [-4.15080942e-02 -1.35653971e-01  9.89886397e-01  9.28149618e+01]
 [ 9.92306460e-01 -1.21257018e-01  2.49925185e-02 -1.81310100e+02]
 [ 0.00000000e+00  0.00000000e+00  0.00000000e+00  1.00000000e+00]]

[[ 1.15876233e-01  9.82377327e-01  1.46654310e-01 -3.21833714e+02]
 [-4.74395527e-02 -1.42006683e-01  9.88728270e-01  9.53159724e+01]
 [ 9.92130126e-01 -1.21527322e-01  3.01483415e-02 -1.86277482e+02]
 [ 0.00000000e+00  0.00000000e+00  0.00000000e+00  1.00000000e+00]]

[[ 1.14606142e-01  9.81283127e-01  1.54754182e-01 -3.28648326e+02]
 [-4.26044629e-02 -1.50782176e-01  9.87648518e-01  9.82851109e+01]
 [ 9.92496998e-01 -1.19783805e-01  2.45264771e-02 -1.82485740e+02]
 [ 0.00000000e+00  0.00000000e+00  0.00000000e+00  1.00000000e+00]]

[[ 1.15658362e-01  9.82077123e-01  1.48820924e-01 -3.23617031e+02]
 [-4.57048770e-02 -1.44405912e-01  9.88462441e-01  9.64717649e+01]
 [ 9.92236971e-01 -1.21125788e-01  2.81839630e-02 -1.85035554e+02]
 [ 0.00000000e+00  0.00000000e+00  0.00000000e+00  1.00000000e+00]]

[[ 1.15943159e-01  9.83731379e-01  1.37221568e-01 -3.13651271e+02]
 [-4.26350450e-02 -1.33096879e-01  9.90185575e-01  9.44572877e+01]
 [ 9.92340384e-01 -1.20655691e-01  2.65097591e-02 -1.84272102e+02]
 [ 0.00000000e+00  0.00000000e+00  0.00000000e+00  1.00000000e+00]]

[[ 1.15092209e-01  9.83157937e-01  1.41965682e-01 -3.17696589e+02]
 [-4.44904807e-02 -1.37670119e-01  9.89478416e-01  9.45903431e+01]
 [ 9.92357990e-01 -1.20197378e-01  2.78964112e-02 -1.84429539e+02]
 [ 0.00000000e+00  0.00000000e+00  0.00000000e+00  1.00000000e+00]]

[[ 1.12943779e-01  9.82281528e-01  1.49555018e-01 -3.24050790e+02]
 [-4.97900397e-02 -1.44733816e-01  9.88217119e-01  9.71436762e+01]
 [ 9.92353090e-01 -1.19059326e-01  3.25610523e-02 -1.89011981e+02]
 [ 0.00000000e+00  0.00000000e+00  0.00000000e+00  1.00000000e+00]]

[[ 1.15596445e-01  9.82737972e-01  1.44442171e-01 -3.19778591e+02]
 [-4.96746719e-02 -1.39515531e-01  9.88973126e-01  9.59097455e+01]
 [ 9.92053370e-01 -1.21496895e-01  3.26896869e-02 -1.89027410e+02]
 [ 0.00000000e+00  0.00000000e+00  0.00000000e+00  1.00000000e+00]]

[[ 1.16757559e-01  9.82007476e-01  1.48421661e-01 -3.23266059e+02]
 [-4.47008470e-02 -1.44096252e-01  9.88553542e-01  9.60181454e+01]
 [ 9.92153973e-01 -1.22055673e-01  2.70722393e-02 -1.84241470e+02]
 [ 0.00000000e+00  0.00000000e+00  0.00000000e+00  1.00000000e+00]]

[[ 1.07741238e-01  9.85142257e-01  1.33740643e-01 -3.10662079e+02]
 [-7.94658012e-02 -1.25559691e-01  9.88898352e-01  9.39939473e+01]
 [ 9.90997988e-01 -1.17172940e-01  6.47571621e-02 -2.16738755e+02]
 [ 0.00000000e+00  0.00000000e+00  0.00000000e+00  1.00000000e+00]]

[[ 1.15088938e-01  9.87190020e-01  1.10500686e-01 -2.90612558e+02]
 [-7.40080298e-02 -1.02409429e-01  9.91985444e-01  9.10844477e+01]
 [ 9.90594442e-01 -1.22344489e-01  6.12737959e-02 -2.14910710e+02]
 [ 0.00000000e+00  0.00000000e+00  0.00000000e+00  1.00000000e+00]]

[[ 1.08835632e-01  9.85225681e-01  1.32231470e-01 -3.09581565e+02]
 [-9.74272921e-02 -1.21809086e-01  9.87760330e-01  9.37779608e+01]
 [ 9.89273839e-01 -1.20386474e-01  8.27307013e-02 -2.32687457e+02]
 [ 0.00000000e+00  0.00000000e+00  0.00000000e+00  1.00000000e+00]]

[[ 1.10679313e-01  9.84611330e-01  1.35242814e-01 -3.12083000e+02]
 [-9.08876178e-02 -1.25481237e-01  9.87924036e-01  9.34697416e+01]
 [ 9.89691634e-01 -1.21634651e-01  7.56008011e-02 -2.25574172e+02]
 [ 0.00000000e+00  0.00000000e+00  0.00000000e+00  1.00000000e+00]]

[[ 1.12084029e-01  9.83586540e-01  1.41402578e-01 -3.16856040e+02]
 [-6.60034754e-02 -1.34615907e-01  9.88697173e-01  9.75749753e+01]
 [ 9.91504267e-01 -1.20150224e-01  4.98318369e-02 -2.05405248e+02]
 [ 0.00000000e+00  0.00000000e+00  0.00000000e+00  1.00000000e+00]]

[[ 1.11177469e-01  9.82246603e-01  1.51099904e-01 -3.25392934e+02]
 [-6.17960909e-02 -1.44915439e-01  9.87512409e-01  9.77115638e+01]
 [ 9.91877419e-01 -1.19126513e-01  4.45876687e-02 -1.98704134e+02]
 [ 0.00000000e+00  0.00000000e+00  0.00000000e+00  1.00000000e+00]]

[[ 1.06578863e-01  9.88663087e-01  1.05765049e-01 -2.86326414e+02]
 [-1.33410856e-01 -9.11899713e-02  9.86856592e-01  9.57620173e+01]
 [ 9.85313397e-01 -1.19288259e-01  1.22179465e-01 -2.65227894e+02]
 [ 0.00000000e+00  0.00000000e+00  0.00000000e+00  1.00000000e+00]]

[[ 1.08782984e-01  9.89045912e-01  9.97719708e-02 -2.81265685e+02]
 [-1.19027149e-01 -8.66858566e-02  9.89099641e-01  9.20514304e+01]
 [ 9.86913775e-01 -1.19472783e-01  1.08293369e-01 -2.52964886e+02]
 [ 0.00000000e+00  0.00000000e+00  0.00000000e+00  1.00000000e+00]]

[[ 1.10701942e-01  9.87811485e-01  1.09423723e-01 -2.89773507e+02]
 [-1.26130478e-01 -9.52463573e-02  9.87430622e-01  9.40014659e+01]
 [ 9.85817520e-01 -1.23112154e-01  1.14049178e-01 -2.57568973e+02]
 [ 0.00000000e+00  0.00000000e+00  0.00000000e+00  1.00000000e+00]]

[[ 1.10605429e-01  9.93397570e-01  3.04582704e-02 -2.20572735e+02]
 [-1.72730513e-02 -2.87202905e-02  9.99438236e-01  8.01762166e+01]
 [ 9.93714285e-01 -1.11069402e-01  1.39823872e-02 -1.71648494e+02]
 [ 0.00000000e+00  0.00000000e+00  0.00000000e+00  1.00000000e+00]]

[[ 1.11881039e-01  9.85169461e-01  1.30091374e-01 -3.07320558e+02]
 [-9.27637145e-02 -1.19987461e-01  9.88432042e-01  9.50035461e+01]
 [ 9.89382396e-01 -1.22654563e-01  7.79636569e-02 -2.26265076e+02]
 [ 0.00000000e+00  0.00000000e+00  0.00000000e+00  1.00000000e+00]]

[[ 1.11170901e-01  9.82472434e-01  1.49629363e-01 -3.24391842e+02]
 [-6.43395054e-02 -1.43131543e-01  9.87610140e-01  9.54259487e+01]
 [ 9.91716421e-01 -1.19420588e-01  4.72997279e-02 -2.00226474e+02]
 [ 0.00000000e+00  0.00000000e+00  0.00000000e+00  1.00000000e+00]]

[[ 1.16919839e-01  9.83160557e-01  1.40445973e-01 -3.16444810e+02]
 [-4.40120596e-02 -1.36147614e-01  9.89710446e-01  9.45042909e+01]
 [ 9.92165656e-01 -1.21898103e-01  2.73525640e-02 -1.84462485e+02]
 [ 0.00000000e+00  0.00000000e+00  0.00000000e+00  1.00000000e+00]]

[[ 1.15925872e-01  9.88389386e-01  9.82222711e-02 -2.80140586e+02]
 [-5.46645897e-02 -9.23903333e-02  9.94221207e-01  8.66559399e+01]
 [ 9.91752477e-01 -1.20625240e-01  4.33194703e-02 -1.98363256e+02]
 [ 0.00000000e+00  0.00000000e+00  0.00000000e+00  1.00000000e+00]]

[[ 1.13522670e-01  9.83761647e-01  1.39016637e-01 -3.15338631e+02]
 [-4.13965319e-02 -1.35116171e-01  9.89964619e-01  9.24149268e+01]
 [ 9.92672620e-01 -1.18138234e-01  2.53855719e-02 -1.82103996e+02]
 [ 0.00000000e+00  0.00000000e+00  0.00000000e+00  1.00000000e+00]]

[[ 1.11602958e-01  9.83394513e-01  1.43108394e-01 -3.18953277e+02]
 [-5.90795785e-02 -1.37187566e-01  9.88781662e-01  9.33848848e+01]
 [ 9.91995153e-01 -1.18805742e-01  4.27879952e-02 -1.97038292e+02]
 [ 0.00000000e+00  0.00000000e+00  0.00000000e+00  1.00000000e+00]]

[[ 1.12523238e-01  9.81954890e-01  1.51997091e-01 -3.26060855e+02]
 [-5.48236157e-02 -1.46600278e-01  9.87675417e-01  9.73103476e+01]
 [ 9.92135521e-01 -1.19469466e-01  3.73383796e-02 -1.92559900e+02]
 [ 0.00000000e+00  0.00000000e+00  0.00000000e+00  1.00000000e+00]]

[[ 1.09700921e-01  9.87667116e-01  1.11711126e-01 -2.91445344e+02]
 [-8.47046749e-02 -1.02691219e-01  9.91100213e-01  9.23846721e+01]
 [ 9.90348841e-01 -1.18187060e-01  7.23947008e-02 -2.23700098e+02]
 [ 0.00000000e+00  0.00000000e+00  0.00000000e+00  1.00000000e+00]]

[[ 1.17136472e-01  9.83321790e-01  1.39130531e-01 -3.15181172e+02]
 [-4.19327724e-02 -1.35072902e-01  9.89947955e-01  9.44585235e+01]
 [ 9.92230160e-01 -1.21793140e-01  2.54114456e-02 -1.82880901e+02]
 [ 0.00000000e+00  0.00000000e+00  0.00000000e+00  1.00000000e+00]]

[[ 1.16870633e-01  9.85967604e-01  1.19202091e-01 -2.97921813e+02]
 [-5.92582568e-02 -1.12887831e-01  9.91839098e-01  9.22003593e+01]
 [ 9.91377685e-01 -1.22980571e-01  4.52334492e-02 -2.00113439e+02]
 [ 0.00000000e+00  0.00000000e+00  0.00000000e+00  1.00000000e+00]]

[[ 1.12906008e-01  9.84277222e-01  1.35832926e-01 -3.12487945e+02]
 [-7.83385107e-02 -1.27463282e-01  9.88744755e-01  9.29634436e+01]
 [ 9.90512651e-01 -1.22276173e-01  6.27154413e-02 -2.14943504e+02]
 [ 0.00000000e+00  0.00000000e+00  0.00000000e+00  1.00000000e+00]]

[[ 1.16072833e-01  9.81307679e-01  1.53500281e-01 -3.27628527e+02]
 [-5.20725663e-02 -1.48320127e-01  9.87567510e-01  9.77925708e+01]
 [ 9.91874763e-01 -1.22622913e-01  3.38832717e-02 -1.89918394e+02]
 [ 0.00000000e+00  0.00000000e+00  0.00000000e+00  1.00000000e+00]]

[[ 1.13447822e-01  9.81698423e-01  1.52963388e-01 -3.27337690e+02]
 [-6.44235462e-02 -1.46364847e-01  9.87130659e-01  9.53872465e+01]
 [ 9.91453074e-01 -1.21842267e-01  4.66397206e-02 -2.00033746e+02]
 [ 0.00000000e+00  0.00000000e+00  0.00000000e+00  1.00000000e+00]]

[[ 1.07439185e-01  9.86897202e-01  1.20377462e-01 -2.99193932e+02]
 [-1.29911640e-01 -1.06104624e-01  9.85832022e-01  9.55646323e+01]
 [ 9.85687469e-01 -1.21555422e-01  1.16809639e-01 -2.60070848e+02]
 [ 0.00000000e+00  0.00000000e+00  0.00000000e+00  1.00000000e+00]]

[[ 1.06196275e-01  9.90380447e-01  8.87069367e-02 -2.71638577e+02]
 [-1.28252504e-01 -7.48234443e-02  9.88914934e-01  9.28267476e+01]
 [ 9.86039374e-01 -1.16395969e-01  1.19072802e-01 -2.62435023e+02]
 [ 0.00000000e+00  0.00000000e+00  0.00000000e+00  1.00000000e+00]]

[[ 1.09342515e-01  9.88897227e-01  1.00630460e-01 -2.81983013e+02]
 [-1.26350923e-01 -8.65887966e-02  9.88199284e-01  9.38119946e+01]
 [ 9.85941002e-01 -1.20766947e-01  1.15480240e-01 -2.59854732e+02]
 [ 0.00000000e+00  0.00000000e+00  0.00000000e+00  1.00000000e+00]]

[[ 1.12544617e-01  9.82954885e-01  1.45373323e-01 -3.20446327e+02]
 [-4.11187854e-02 -1.41570337e-01  9.89073852e-01  9.60857962e+01]
 [ 9.92795525e-01 -1.17292512e-01  2.44849317e-02 -1.82520094e+02]
 [ 0.00000000e+00  0.00000000e+00  0.00000000e+00  1.00000000e+00]]

[[ 1.18451928e-01  9.88810685e-01  9.06783867e-02 -2.73560374e+02]
 [-7.01974716e-02 -8.27538295e-02  9.94094623e-01  8.77944859e+01]
 [ 9.90475369e-01 -1.24117818e-01  5.96096594e-02 -2.12250625e+02]
 [ 0.00000000e+00  0.00000000e+00  0.00000000e+00  1.00000000e+00]]

[[ 1.15269996e-01  9.86215154e-01  1.18711827e-01 -2.97676362e+02]
 [-7.29098079e-02 -1.10786016e-01  9.91166292e-01  9.16237357e+01]
 [ 9.90654828e-01 -1.22906991e-01  5.91344538e-02 -2.12796976e+02]
 [ 0.00000000e+00  0.00000000e+00  0.00000000e+00  1.00000000e+00]]

[[ 1.15169489e-01  9.89614894e-01  8.60136661e-02 -2.69343287e+02]
 [-7.37641355e-02 -7.78306127e-02  9.94234001e-01  8.77471666e+01]
 [ 9.90603271e-01 -1.20850146e-01  6.40343752e-02 -2.16705983e+02]
 [ 0.00000000e+00  0.00000000e+00  0.00000000e+00  1.00000000e+00]]

[[ 1.12996596e-01  9.82268315e-01  1.49601897e-01 -3.24519699e+02]
 [-6.60692614e-02 -1.42804909e-01  9.87543220e-01  9.43610091e+01]
 [ 9.91396299e-01 -1.21473109e-01  4.87612735e-02 -2.01265682e+02]
 [ 0.00000000e+00  0.00000000e+00  0.00000000e+00  1.00000000e+00]]

[[ 1.14230033e-01  9.82846277e-01  1.44791907e-01 -3.20147311e+02]
 [-5.72975172e-02 -1.38985432e-01  9.88635446e-01  9.54404090e+01]
 [ 9.91800632e-01 -1.21228076e-01  4.04383411e-02 -1.94924276e+02]
 [ 0.00000000e+00  0.00000000e+00  0.00000000e+00  1.00000000e+00]]

[[ 1.14440707e-01  9.81808019e-01  1.51513493e-01 -3.25738794e+02]
 [-4.80325088e-02 -1.46868639e-01  9.87989110e-01  9.75557158e+01]
 [ 9.92268211e-01 -1.20343745e-01  3.03509515e-02 -1.86927638e+02]
 [ 0.00000000e+00  0.00000000e+00  0.00000000e+00  1.00000000e+00]]

[[ 1.14052613e-01  9.88734729e-01  9.69310964e-02 -2.78685908e+02]
 [-8.82227089e-02 -8.71024947e-02  9.92285195e-01  9.19047944e+01]
 [ 9.89549774e-01 -1.21724243e-01  7.72945891e-02 -2.27601874e+02]
 [ 0.00000000e+00  0.00000000e+00  0.00000000e+00  1.00000000e+00]]

[[ 1.16067047e-01  9.82435197e-01  1.46114765e-01 -3.21180247e+02]
 [-4.46493986e-02 -1.41799484e-01  9.88887930e-01  9.61025703e+01]
 [ 9.92237306e-01 -1.21301238e-01  2.74068933e-02 -1.84472749e+02]
 [ 0.00000000e+00  0.00000000e+00  0.00000000e+00  1.00000000e+00]]

[[ 1.15020152e-01  9.82519866e-01  1.46373075e-01 -3.21566215e+02]
 [-5.27920481e-02 -1.41096793e-01  9.88587222e-01  9.56409770e+01]
 [ 9.91959356e-01 -1.21434787e-01  3.56402615e-02 -1.90833321e+02]
 [ 0.00000000e+00  0.00000000e+00  0.00000000e+00  1.00000000e+00]]

[[ 1.16535423e-01  9.84797789e-01  1.28813082e-01 -3.06780982e+02]
 [-5.21119660e-02 -1.23455207e-01  9.90980905e-01  8.97273348e+01]
 [ 9.91818450e-01 -1.22197082e-01  3.69328442e-02 -1.91497378e+02]
 [ 0.00000000e+00  0.00000000e+00  0.00000000e+00  1.00000000e+00]]

[[ 1.18360286e-01  9.83766543e-01  1.34885997e-01 -3.11811917e+02]
 [-4.59160623e-02 -1.30273175e-01  9.90414365e-01  9.26971146e+01]
 [ 9.91908543e-01 -1.23419162e-01  2.97515156e-02 -1.86052350e+02]
 [ 0.00000000e+00  0.00000000e+00  0.00000000e+00  1.00000000e+00]]

[[ 1.17913612e-01  9.85183866e-01  1.24535658e-01 -3.02763482e+02]
 [-4.50113327e-02 -1.19979103e-01  9.91755512e-01  9.15105680e+01]
 [ 9.92003206e-01 -1.22546990e-01  3.01972693e-02 -1.86912933e+02]
 [ 0.00000000e+00  0.00000000e+00  0.00000000e+00  1.00000000e+00]]

[[ 1.18279745e-01  9.83932388e-01  1.33742129e-01 -3.10759556e+02]
 [-5.23129743e-02 -1.28326024e-01  9.90351344e-01  9.26780497e+01]
 [ 9.91601359e-01 -1.24134953e-01  3.62940603e-02 -1.91636356e+02]
 [ 0.00000000e+00  0.00000000e+00  0.00000000e+00  1.00000000e+00]]

[[ 1.15108167e-01  9.82352916e-01  1.47420686e-01 -3.22457344e+02]
 [-4.71792697e-02 -1.42833154e-01  9.88621670e-01  9.66412118e+01]
 [ 9.92231942e-01 -1.20753629e-01  2.99054306e-02 -1.86527927e+02]
 [ 0.00000000e+00  0.00000000e+00  0.00000000e+00  1.00000000e+00]]

[[ 1.13435777e-01  9.82773535e-01  1.45905800e-01 -3.21109280e+02]
 [-5.15959606e-02 -1.40828553e-01  9.88688614e-01  9.52992718e+01]
 [ 9.92204707e-01 -1.19680811e-01  3.47321481e-02 -1.90199492e+02]
 [ 0.00000000e+00  0.00000000e+00  0.00000000e+00  1.00000000e+00]]

[[ 1.17531333e-01  9.82273880e-01  1.46028800e-01 -3.21023557e+02]
 [-4.33071533e-02 -1.41838317e-01  9.88942052e-01  9.69202550e+01]
 [ 9.92124426e-01 -1.22555769e-01  2.58690391e-02 -1.83668002e+02]
 [ 0.00000000e+00  0.00000000e+00  0.00000000e+00  1.00000000e+00]]

[[ 1.13267214e-01  9.83960411e-01  1.37813089e-01 -3.14259778e+02]
 [-4.81984581e-02 -1.33100866e-01  9.89929830e-01  9.33178832e+01]
 [ 9.92394804e-01 -1.18768973e-01  3.23494103e-02 -1.88443814e+02]
 [ 0.00000000e+00  0.00000000e+00  0.00000000e+00  1.00000000e+00]]

[[ 1.13281783e-01  9.81736895e-01  1.52839482e-01 -3.27202750e+02]
 [-4.72793032e-02 -1.48329014e-01  9.87807254e-01  9.67902373e+01]
 [ 9.92437356e-01 -1.19126711e-01  2.96128612e-02 -1.86514143e+02]
 [ 0.00000000e+00  0.00000000e+00  0.00000000e+00  1.00000000e+00]]

[[ 1.13370704e-01  9.80598503e-01  1.59917663e-01 -3.33111157e+02]
 [-4.54751100e-02 -1.55665355e-01  9.86762541e-01  9.88760977e+01]
 [ 9.92511510e-01 -1.19142237e-01  2.69449340e-02 -1.84265353e+02]
 [ 0.00000000e+00  0.00000000e+00  0.00000000e+00  1.00000000e+00]]

[[ 1.12070783e-01  9.82592210e-01  1.48164394e-01 -3.22858603e+02]
 [-5.18494103e-02 -1.43118329e-01  9.88346489e-01  9.68429254e+01]
 [ 9.92346602e-01 -1.18447001e-01  3.49074435e-02 -1.90883696e+02]
 [ 0.00000000e+00  0.00000000e+00  0.00000000e+00  1.00000000e+00]]

[[ 1.14931657e-01  9.81960001e-01  1.50150825e-01 -3.24657902e+02]
 [-4.76522900e-02 -1.45528495e-01  9.88205807e-01  9.72420612e+01]
 [ 9.92229799e-01 -1.20731162e-01  3.00668117e-02 -1.87141890e+02]
 [ 0.00000000e+00  0.00000000e+00  0.00000000e+00  1.00000000e+00]]

[[ 1.14781792e-01  9.83549011e-01  1.39486497e-01 -3.15657298e+02]
 [-5.30569125e-02 -1.34144367e-01  9.89540425e-01  9.45516300e+01]
 [ 9.91972834e-01 -1.20981946e-01  3.67867430e-02 -1.92592404e+02]
 [ 0.00000000e+00  0.00000000e+00  0.00000000e+00  1.00000000e+00]]

[[ 1.17431028e-01  9.82355245e-01  1.45561420e-01 -3.20776731e+02]
 [-4.42571069e-02 -1.41253099e-01  9.88983756e-01  9.55245819e+01]
 [ 9.92094382e-01 -1.22579506e-01  2.68887045e-02 -1.83808404e+02]
 [ 0.00000000e+00  0.00000000e+00  0.00000000e+00  1.00000000e+00]]

[[ 1.15444685e-01  9.82751144e-01  1.44473920e-01 -3.20064599e+02]
 [-5.02924614e-02 -1.39476920e-01  9.88947348e-01  9.42629559e+01]
 [ 9.92039915e-01 -1.21434664e-01  3.33231050e-02 -1.88978542e+02]
 [ 0.00000000e+00  0.00000000e+00  0.00000000e+00  1.00000000e+00]]

[[ 1.18042055e-01  9.83999777e-01  1.33456027e-01 -3.10441399e+02]
 [-5.37225676e-02 -1.27870582e-01  9.90334792e-01  9.40658924e+01]
 [ 9.91554315e-01 -1.24070755e-01  3.77688883e-02 -1.93380270e+02]
 [ 0.00000000e+00  0.00000000e+00  0.00000000e+00  1.00000000e+00]]

[[ 1.13969987e-01  9.81393222e-01  1.54525682e-01 -3.28515332e+02]
 [-5.30829360e-02 -1.49301535e-01  9.87365816e-01  9.72775585e+01]
 [ 9.92065040e-01 -1.20732746e-01  3.50793396e-02 -1.90312827e+02]
 [ 0.00000000e+00  0.00000000e+00  0.00000000e+00  1.00000000e+00]]

[[ 1.12769145e-01  9.81437702e-01  1.55123036e-01 -3.28842138e+02]
 [-4.68917897e-02 -1.50688298e-01  9.87468580e-01  9.87798216e+01]
 [ 9.92514121e-01 -1.18629984e-01  2.90283798e-02 -1.86244570e+02]
 [ 0.00000000e+00  0.00000000e+00  0.00000000e+00  1.00000000e+00]]

[[ 1.15931648e-01  9.82713627e-01  1.44339114e-01 -3.19900068e+02]
 [-5.04773639e-02 -1.39302085e-01  9.88962570e-01  9.49968182e+01]
 [ 9.91973734e-01 -1.21937919e-01  3.34552730e-02 -1.89295991e+02]
 [ 0.00000000e+00  0.00000000e+00  0.00000000e+00  1.00000000e+00]]

[[ 1.11545360e-01  9.81774503e-01  1.53871563e-01 -3.27991259e+02]
 [-5.31351562e-02 -1.48724088e-01  9.87450151e-01  9.66339123e+01]
 [ 9.92337789e-01 -1.18321472e-01  3.55772597e-02 -1.91300317e+02]
 [ 0.00000000e+00  0.00000000e+00  0.00000000e+00  1.00000000e+00]]

[[ 1.15502570e-01  9.82924226e-01  1.43244972e-01 -3.18962242e+02]
 [-5.16402032e-02 -1.38073131e-01  9.89074871e-01  9.40375681e+01]
 [ 9.91963934e-01 -1.21637889e-01  3.48106053e-02 -1.89835784e+02]
 [ 0.00000000e+00  0.00000000e+00  0.00000000e+00  1.00000000e+00]]

[[ 1.13287896e-01  9.81525826e-01  1.54184650e-01 -3.28021282e+02]
 [-4.63169636e-02 -1.49797808e-01  9.87631184e-01  9.78566508e+01]
 [ 9.92482036e-01 -1.19028024e-01  2.84910174e-02 -1.85428330e+02]
 [ 0.00000000e+00  0.00000000e+00  0.00000000e+00  1.00000000e+00]]

[[ 1.15180277e-01  9.81511705e-01  1.52866862e-01 -3.27005206e+02]
 [-4.93291204e-02 -1.48049523e-01  9.87748944e-01  9.79203228e+01]
 [ 9.92119016e-01 -1.21309985e-01  3.13647240e-02 -1.88039231e+02]
 [ 0.00000000e+00  0.00000000e+00  0.00000000e+00  1.00000000e+00]]

[[ 1.14065358e-01  9.82869364e-01  1.44765008e-01 -3.20095797e+02]
 [-4.82760026e-02 -1.40060285e-01  9.88965391e-01  9.60521028e+01]
 [ 9.92299613e-01 -1.19795367e-01  3.14729775e-02 -1.87909603e+02]
 [ 0.00000000e+00  0.00000000e+00  0.00000000e+00  1.00000000e+00]]

[[ 1.13984927e-01  9.84112815e-01  1.36122752e-01 -3.12817664e+02]
 [-5.60378551e-02 -1.30428880e-01  9.89872753e-01  9.30808925e+01]
 [ 9.91900799e-01 -1.20458600e-01  4.02806450e-02 -1.95003318e+02]
 [ 0.00000000e+00  0.00000000e+00  0.00000000e+00  1.00000000e+00]]

[[ 1.15729275e-01  9.83773780e-01  1.37098081e-01 -3.13532282e+02]
 [-5.09282125e-02 -1.31966995e-01  9.89944963e-01  9.43760721e+01]
 [ 9.91974320e-01 -1.21547773e-01  3.48293955e-02 -1.90823456e+02]
 [ 0.00000000e+00  0.00000000e+00  0.00000000e+00  1.00000000e+00]]

[[ 1.18306801e-01  9.82702280e-01  1.42477121e-01 -3.18166789e+02]
 [-5.59066900e-02 -1.36665206e-01  9.89038454e-01  9.47756221e+01]
 [ 9.91402009e-01 -1.24975400e-01  3.87712084e-02 -1.93687321e+02]
 [ 0.00000000e+00  0.00000000e+00  0.00000000e+00  1.00000000e+00]]

[[ 1.14510721e-01  9.82755888e-01  1.45183196e-01 -3.20441042e+02]
 [-4.86770044e-02 -1.40418281e-01  9.88894967e-01  9.51822360e+01]
 [ 9.92228726e-01 -1.20306159e-01  3.17582140e-02 -1.87859352e+02]
 [ 0.00000000e+00  0.00000000e+00  0.00000000e+00  1.00000000e+00]]

[[ 1.12935079e-01  9.81492841e-01  1.54652746e-01 -3.28544101e+02]
 [-5.55529499e-02 -1.49167741e-01  9.87250148e-01  9.81224978e+01]
 [ 9.92048153e-01 -1.20086589e-01  3.76785521e-02 -1.93308042e+02]
 [ 0.00000000e+00  0.00000000e+00  0.00000000e+00  1.00000000e+00]]

[[ 1.15519353e-01  9.83147930e-01  1.41687780e-01 -3.17479019e+02]
 [-5.42526198e-02 -1.36184870e-01  9.89196813e-01  9.44743469e+01]
 [ 9.91822531e-01 -1.21958309e-01  3.76063628e-02 -1.92585300e+02]
 [ 0.00000000e+00  0.00000000e+00  0.00000000e+00  1.00000000e+00]]

[[ 1.14991971e-01  9.82184642e-01  1.48627643e-01 -3.23437174e+02]
 [-4.83073737e-02 -1.43914030e-01  9.88410416e-01  9.62259319e+01]
 [ 9.92191133e-01 -1.20839073e-01  3.08978026e-02 -1.87276198e+02]
 [ 0.00000000e+00  0.00000000e+00  0.00000000e+00  1.00000000e+00]]

[[ 1.14115016e-01  9.82139898e-01  1.49596072e-01 -3.24322449e+02]
 [-5.10215720e-02 -1.44587227e-01  9.88175760e-01  9.67076893e+01]
 [ 9.92156521e-01 -1.20398319e-01  3.36107478e-02 -1.89704247e+02]
 [ 0.00000000e+00  0.00000000e+00  0.00000000e+00  1.00000000e+00]]

[[ 1.15230409e-01  9.83447480e-01  1.39832063e-01 -3.16005733e+02]
 [-4.95807396e-02 -1.34900049e-01  9.89617970e-01  9.38687148e+01]
 [ 9.92100652e-01 -1.20967061e-01  3.32154655e-02 -1.88855289e+02]
 [ 0.00000000e+00  0.00000000e+00  0.00000000e+00  1.00000000e+00]]

[[ 1.13450193e-01  9.82416524e-01  1.48279556e-01 -3.23188874e+02]
 [-5.51282760e-02 -1.42788742e-01  9.88216701e-01  9.53480136e+01]
 [ 9.92013068e-01 -1.20287772e-01  3.79595189e-02 -1.92705686e+02]
 [ 0.00000000e+00  0.00000000e+00  0.00000000e+00  1.00000000e+00]]

[[ 1.16886216e-01  9.83912053e-01  1.35109901e-01 -3.11836124e+02]
 [-5.52185174e-02 -1.29393579e-01  9.90054654e-01  9.36215762e+01]
 [ 9.91609060e-01 -1.23184310e-01  3.92058390e-02 -1.94087540e+02]
 [ 0.00000000e+00  0.00000000e+00  0.00000000e+00  1.00000000e+00]]

[[ 1.16511885e-01  9.82719492e-01  1.43831084e-01 -3.19371864e+02]
 [-5.65685063e-02 -1.38016160e-01  9.88813200e-01  9.59722963e+01]
 [ 9.91577019e-01 -1.23344799e-01  3.95104508e-02 -1.94942180e+02]
 [ 0.00000000e+00  0.00000000e+00  0.00000000e+00  1.00000000e+00]]

[[ 1.13522391e-01  9.82800330e-01  1.45657740e-01 -3.20780774e+02]
 [-5.56215007e-02 -1.40088858e-01  9.88575420e-01  9.63474387e+01]
 [ 9.91977276e-01 -1.20327147e-01  3.87616072e-02 -1.94245828e+02]
 [ 0.00000000e+00  0.00000000e+00  0.00000000e+00  1.00000000e+00]]

[[ 1.13377793e-01  9.82377666e-01  1.48592048e-01 -3.23419884e+02]
 [-6.16853138e-02 -1.42307909e-01  9.87898467e-01  9.56099950e+01]
 [ 9.91635214e-01 -1.21171695e-01  4.44637180e-02 -1.98505278e+02]
 [ 0.00000000e+00  0.00000000e+00  0.00000000e+00  1.00000000e+00]]

[[ 1.18493140e-01  9.82469365e-01  1.43921238e-01 -3.19524394e+02]
 [-4.79950955e-02 -1.39106001e-01  9.89113740e-01  9.50295966e+01]
 [ 9.91794256e-01 -1.24110706e-01  3.06706042e-02 -1.86739010e+02]
 [ 0.00000000e+00  0.00000000e+00  0.00000000e+00  1.00000000e+00]]

[[ 1.13681317e-01  9.81900784e-01  1.51484022e-01 -3.26069077e+02]
 [-5.33362624e-02 -1.46221045e-01  9.87813064e-01  9.66619977e+01]
 [ 9.92084574e-01 -1.20375482e-01  3.57483169e-02 -1.91499461e+02]
 [ 0.00000000e+00  0.00000000e+00  0.00000000e+00  1.00000000e+00]]

[[ 1.15297996e-01  9.83553482e-01  1.39028484e-01 -3.15178391e+02]
 [-5.23623360e-02 -1.33749321e-01  9.89630893e-01  9.48281517e+01]
 [ 9.91949877e-01 -1.21382315e-01  3.60801293e-02 -1.92135452e+02]
 [ 0.00000000e+00  0.00000000e+00  0.00000000e+00  1.00000000e+00]]

[[ 1.15313511e-01  9.82315784e-01  1.47507607e-01 -3.22510721e+02]
 [-4.65643924e-02 -1.42989337e-01  9.88628245e-01  9.64628287e+01]
 [ 9.92237145e-01 -1.20870796e-01  2.92523352e-02 -1.86296088e+02]
 [ 0.00000000e+00  0.00000000e+00  0.00000000e+00  1.00000000e+00]]

[[ 1.15116696e-01  9.82940933e-01  1.43440819e-01 -3.18896651e+02]
 [-4.87923749e-02 -1.38631353e-01  9.89141371e-01  9.60322498e+01]
 [ 9.92152937e-01 -1.20865504e-01  3.20012392e-02 -1.88220296e+02]
 [ 0.00000000e+00  0.00000000e+00  0.00000000e+00  1.00000000e+00]]

[[ 1.15277947e-01  9.85196076e-01  1.26884540e-01 -3.04600911e+02]
 [-5.44455050e-02 -1.21277373e-01  9.91124354e-01  9.37940438e+01]
 [ 9.91840049e-01 -1.21163074e-01  3.96588914e-02 -1.94902523e+02]
 [ 0.00000000e+00  0.00000000e+00  0.00000000e+00  1.00000000e+00]]

[[ 1.11894415e-01  9.84531360e-01  1.34824484e-01 -3.11456204e+02]
 [-6.15550396e-02 -1.28548867e-01  9.89790971e-01  9.45961637e+01]
 [ 9.91811785e-01 -1.19051208e-01  4.62189665e-02 -2.00980548e+02]
 [ 0.00000000e+00  0.00000000e+00  0.00000000e+00  1.00000000e+00]]

[[ 1.19592985e-01  9.85399343e-01  1.21184372e-01 -2.99979687e+02]
 [-4.02450640e-02 -1.17148503e-01  9.92298626e-01  9.13330097e+01]
 [ 9.92006982e-01 -1.23549028e-01  2.56473204e-02 -1.83320798e+02]
 [ 0.00000000e+00  0.00000000e+00  0.00000000e+00  1.00000000e+00]]

[[ 1.13857842e-01  9.82761390e-01  1.45658653e-01 -3.20972173e+02]
 [-5.16442183e-02 -1.40559214e-01  9.88724422e-01  9.43962623e+01]
 [ 9.92153852e-01 -1.20096456e-01  3.47501750e-02 -1.89866826e+02]
 [ 0.00000000e+00  0.00000000e+00  0.00000000e+00  1.00000000e+00]]

[[ 1.11784454e-01  9.81612079e-01  1.54731903e-01 -3.28516779e+02]
 [-4.85536839e-02 -1.50126672e-01  9.87473808e-01  9.76415050e+01]
 [ 9.92545604e-01 -1.17897025e-01  3.08790544e-02 -1.87190567e+02]
 [ 0.00000000e+00  0.00000000e+00  0.00000000e+00  1.00000000e+00]]

[[ 1.15830626e-01  9.82623285e-01  1.45033601e-01 -3.20356721e+02]
 [-4.33312174e-02 -1.40878494e-01  9.89078185e-01  9.50314861e+01]
 [ 9.92323371e-01 -1.20850028e-01  2.62602190e-02 -1.82978608e+02]
 [ 0.00000000e+00  0.00000000e+00  0.00000000e+00  1.00000000e+00]]

[[ 1.13326964e-01  9.83236384e-01  1.42839811e-01 -3.18514815e+02]
 [-6.74472323e-02 -1.35821113e-01  9.88434872e-01  9.45451292e+01]
 [ 9.91265792e-01 -1.21650473e-01  5.09243784e-02 -2.03324844e+02]
 [ 0.00000000e+00  0.00000000e+00  0.00000000e+00  1.00000000e+00]]

[[ 1.12151336e-01  9.82180094e-01  1.50812272e-01 -3.25161032e+02]
 [-5.89506375e-02 -1.44926164e-01  9.87684782e-01  9.73373353e+01]
 [ 9.91940976e-01 -1.19660647e-01  4.16464798e-02 -1.96449549e+02]
 [ 0.00000000e+00  0.00000000e+00  0.00000000e+00  1.00000000e+00]]

[[ 1.13868471e-01  9.82120505e-01  1.49910923e-01 -3.24781828e+02]
 [-5.73511142e-02 -1.44142753e-01  9.87893575e-01  9.53989060e+01]
 [ 9.91839110e-01 -1.21087490e-01  3.99123903e-02 -1.94308966e+02]
 [ 0.00000000e+00  0.00000000e+00  0.00000000e+00  1.00000000e+00]]

[[ 1.14941742e-01  9.83344701e-01  1.40789184e-01 -3.15911605e+02]
 [-4.00523788e-02 -1.37025655e-01  9.89757433e-01  8.28217298e+01]
 [ 9.92564458e-01 -1.19403385e-01  2.36353270e-02 -1.89591301e+02]
 [ 0.00000000e+00  0.00000000e+00  0.00000000e+00  1.00000000e+00]]

[[ 1.05065075e-01  9.81776300e-01  1.58356012e-01 -3.27778957e+02]
 [-3.13330629e-02 -1.55890183e-01  9.87277312e-01  7.87240558e+01]
 [ 9.93971614e-01 -1.08690144e-01  1.43834448e-02 -1.86052240e+02]
 [ 0.00000000e+00  0.00000000e+00  0.00000000e+00  1.00000000e+00]]

[[ 1.05061561e-01  9.78800242e-01  1.75818525e-01 -3.40035962e+02]
 [-2.55032710e-02 -1.74086940e-01  9.84399980e-01  9.12728132e+01]
 [ 9.94138648e-01 -1.07906546e-01  6.67276217e-03 -1.73339542e+02]
 [ 0.00000000e+00  0.00000000e+00  0.00000000e+00  1.00000000e+00]]

[[ 1.05660805e-01  9.80683578e-01  1.64607149e-01 -3.29929641e+02]
 [-5.12903363e-02 -1.59938730e-01  9.85793540e-01  9.99411987e+01]
 [ 9.93078595e-01 -1.12602495e-01  3.34003356e-02 -1.89254732e+02]
 [ 0.00000000e+00  0.00000000e+00  0.00000000e+00  1.00000000e+00]]

[[ 1.06507296e-01  9.78775896e-01  1.75082668e-01 -3.38935712e+02]
 [-6.63881019e-02 -1.68691169e-01  9.83430684e-01  1.01682542e+02]
 [ 9.92093149e-01 -1.16365949e-01  4.70122337e-02 -2.00029050e+02]
 [ 0.00000000e+00  0.00000000e+00  0.00000000e+00  1.00000000e+00]]

[[ 1.07502501e-01  9.79262901e-01  1.71718906e-01 -3.35656547e+02]
 [-5.75902266e-02 -1.66296241e-01  9.84392669e-01  1.03332316e+02]
 [ 9.92535429e-01 -1.15714005e-01  3.85187105e-02 -1.93309121e+02]
 [ 0.00000000e+00  0.00000000e+00  0.00000000e+00  1.00000000e+00]]

[[ 1.08038933e-01  9.79805576e-01  1.68251661e-01 -3.32858594e+02]
 [-6.36056835e-02 -1.62082908e-01  9.84725062e-01  1.01438897e+02]
 [ 9.92109826e-01 -1.17090407e-01  4.48099389e-02 -1.98312410e+02]
 [ 0.00000000e+00  0.00000000e+00  0.00000000e+00  1.00000000e+00]]

[[ 1.04687588e-01  9.80856887e-01  1.64195850e-01 -3.29491150e+02]
 [-5.79567138e-02 -1.58805319e-01  9.85607371e-01  1.00162369e+02]
 [ 9.92814952e-01 -1.12697110e-01  4.02222960e-02 -1.94550899e+02]
 [ 0.00000000e+00  0.00000000e+00  0.00000000e+00  1.00000000e+00]]

[[ 1.05313075e-01  9.79067591e-01  1.74171778e-01 -3.38165414e+02]
 [-7.06023162e-02 -1.67342415e-01  9.83367596e-01  1.01674966e+02]
 [ 9.91929669e-01 -1.15858397e-01  5.15010953e-02 -2.03721038e+02]
 [ 0.00000000e+00  0.00000000e+00  0.00000000e+00  1.00000000e+00]]

[[ 1.08663843e-01  9.79005242e-01  1.72455517e-01 -3.37760177e+02]
 [-8.41082043e-02 -1.63806160e-01  9.82900479e-01  1.14997628e+02]
 [ 9.90513997e-01 -1.21310667e-01  6.45425660e-02 -2.04683801e+02]
 [ 0.00000000e+00  0.00000000e+00  0.00000000e+00  1.00000000e+00]]

[[ 1.09548303e-01  9.81102373e-01  1.59490761e-01 -3.29736607e+02]
 [-7.30710478e-02 -1.52073382e-01  9.85664399e-01  1.16149037e+02]
 [ 9.91291981e-01 -1.19632020e-01  5.50307974e-02 -1.93430221e+02]
 [ 0.00000000e+00  0.00000000e+00  0.00000000e+00  1.00000000e+00]]

[[ 1.10315092e-01  9.89685557e-01  9.13951752e-02 -2.72947535e+02]
 [-1.06688625e-01 -7.96336222e-02  9.91098392e-01  8.84909810e+01]
 [ 9.88153894e-01 -1.19083936e-01  9.68034012e-02 -2.41529082e+02]
 [ 0.00000000e+00  0.00000000e+00  0.00000000e+00  1.00000000e+00]]

[[ 1.09001590e-01  9.81725744e-01  1.55991081e-01 -3.28714108e+02]
 [-3.25301999e-02 -1.53319159e-01  9.87641140e-01  9.89198844e+01]
 [ 9.93509154e-01 -1.12728876e-01  1.52237025e-02 -1.74944650e+02]
 [ 0.00000000e+00  0.00000000e+00  0.00000000e+00  1.00000000e+00]]

[[ 1.07596963e-01  9.80985028e-01  1.61527920e-01 -3.33503366e+02]
 [-6.05446000e-02 -1.55704187e-01  9.85946529e-01  9.76109513e+01]
 [ 9.92349356e-01 -1.15864496e-01  4.26400484e-02 -1.96725328e+02]
 [ 0.00000000e+00  0.00000000e+00  0.00000000e+00  1.00000000e+00]]

[[ 1.10225596e-01  9.81649583e-01  1.55609814e-01 -3.28371737e+02]
 [-5.81976048e-02 -1.49920592e-01  9.86983716e-01  9.71179047e+01]
 [ 9.92201268e-01 -1.17846987e-01  4.06045678e-02 -1.95551894e+02]
 [ 0.00000000e+00  0.00000000e+00  0.00000000e+00  1.00000000e+00]]

[[ 1.12454279e-01  9.82721657e-01  1.47010817e-01 -3.20973489e+02]
 [-4.53347709e-02 -1.42721040e-01  9.88724159e-01  9.71629007e+01]
 [ 9.92622181e-01 -1.17850964e-01  2.85018695e-02 -1.85592872e+02]
 [ 0.00000000e+00  0.00000000e+00  0.00000000e+00  1.00000000e+00]]

[[ 1.07702891e-01  9.80806332e-01  1.62539308e-01 -3.34286018e+02]
 [-5.34251185e-02 -1.57544249e-01  9.86065701e-01  9.85571833e+01]
 [ 9.92746616e-01 -1.14885809e-01  3.54317233e-02 -1.90643715e+02]
 [ 0.00000000e+00  0.00000000e+00  0.00000000e+00  1.00000000e+00]]

[[ 1.08460362e-01  9.81874590e-01  1.55430499e-01 -3.28515690e+02]
 [-7.40526862e-02 -1.47938373e-01  9.86220278e-01  1.02476552e+02]
 [ 9.91338766e-01 -1.18475854e-01  5.66650014e-02 -2.04040522e+02]
 [ 0.00000000e+00  0.00000000e+00  0.00000000e+00  1.00000000e+00]]

[[ 1.10045592e-01  9.82934100e-01  1.47412761e-01 -3.23743965e+02]
 [-8.75028186e-02 -1.38156667e-01  9.86537375e-01  1.04610161e+02]
 [ 9.90067283e-01 -1.21463122e-01  7.08059721e-02 -2.08584439e+02]
 [ 0.00000000e+00  0.00000000e+00  0.00000000e+00  1.00000000e+00]]

[[ 1.04245819e-01  9.79280131e-01  1.73618069e-01 -3.48507271e+02]
 [-8.48768129e-02 -1.65172405e-01  9.82605721e-01  1.11219756e+02]
 [ 9.90923174e-01 -1.17168687e-01  6.58996438e-02 -2.03360879e+02]
 [ 0.00000000e+00  0.00000000e+00  0.00000000e+00  1.00000000e+00]]

[[ 1.09781052e-01  9.82106924e-01  1.53016702e-01 -3.32145053e+02]
 [-6.15385775e-02 -1.46936026e-01  9.87229866e-01  9.60563473e+01]
 [ 9.92048952e-01 -1.17795564e-01  4.43066715e-02 -1.96637842e+02]
 [ 0.00000000e+00  0.00000000e+00  0.00000000e+00  1.00000000e+00]]

[[ 1.08558612e-01  9.83340544e-01  1.45795754e-01 -3.25822337e+02]
 [-6.14797738e-02 -1.39740535e-01  9.88277704e-01  9.60457789e+01]
 [ 9.92187112e-01 -1.16249546e-01  4.52855157e-02 -1.99870429e+02]
 [ 0.00000000e+00  0.00000000e+00  0.00000000e+00  1.00000000e+00]]

[[ 1.08834614e-01  9.81581282e-01  1.57013421e-01 -3.35614760e+02]
 [-6.01301611e-02 -1.51161732e-01  9.86678516e-01  9.72376261e+01]
 [ 9.92239583e-01 -1.16826018e-01  4.25710118e-02 -1.97038978e+02]
 [ 0.00000000e+00  0.00000000e+00  0.00000000e+00  1.00000000e+00]]

[[ 1.10202507e-01  9.82154355e-01  1.52408104e-01 -3.31746571e+02]
 [-6.74236140e-02 -1.45601482e-01  9.87043193e-01  9.57267084e+01]
 [ 9.91619616e-01 -1.19050540e-01  5.01747477e-02 -2.02836410e+02]
 [ 0.00000000e+00  0.00000000e+00  0.00000000e+00  1.00000000e+00]]

[[ 1.05567332e-01  9.80903914e-01  1.63349470e-01 -3.40895418e+02]
 [-6.56000895e-02 -1.57040006e-01  9.85411115e-01  9.75757996e+01]
 [ 9.92246021e-01 -1.14742962e-01  4.77690901e-02 -2.00588661e+02]
 [ 0.00000000e+00  0.00000000e+00  0.00000000e+00  1.00000000e+00]]

[[ 1.10085403e-01  9.82684256e-01  1.49039780e-01 -3.28360884e+02]
 [-5.97889672e-02 -1.43132346e-01  9.87895951e-01  9.09722424e+01]
 [ 9.92122212e-01 -1.17663858e-01  4.29968948e-02 -2.00867741e+02]
 [ 0.00000000e+00  0.00000000e+00  0.00000000e+00  1.00000000e+00]]

[[ 1.06795577e-01  9.81375604e-01  1.59676635e-01 -3.35171173e+02]
 [-2.28221737e-02 -1.58133259e-01  9.87154001e-01  8.85586317e+01]
 [ 9.94019041e-01 -1.09067849e-01  5.50919198e-03 -1.78531125e+02]
 [ 0.00000000e+00  0.00000000e+00  0.00000000e+00  1.00000000e+00]]

[[ 1.10057532e-01  9.82713126e-01  1.48869917e-01 -3.24236008e+02]
 [-5.67318047e-02 -1.43324549e-01  9.88048367e-01  9.40316568e+01]
 [ 9.92304813e-01 -1.17187823e-01  3.99771430e-02 -1.97477158e+02]
 [ 0.00000000e+00  0.00000000e+00  0.00000000e+00  1.00000000e+00]]

[[ 1.56122691e-01  9.77696936e-01  1.40479205e-01 -3.17966884e+02]
 [ 4.18561294e-02 -1.48644004e-01  9.88004567e-01  1.02963037e+02]
 [ 9.86850429e-01 -1.48370016e-01 -6.41293115e-02 -1.09649262e+02]
 [ 0.00000000e+00  0.00000000e+00  0.00000000e+00  1.00000000e+00]]

[[ 1.07440971e-01  9.81680434e-01  1.57352989e-01 -3.31360268e+02]
 [-5.43233624e-02 -1.52236159e-01  9.86850102e-01  9.78184950e+01]
 [ 9.92726251e-01 -1.14576077e-01  3.69717813e-02 -1.92568589e+02]
 [ 0.00000000e+00  0.00000000e+00  0.00000000e+00  1.00000000e+00]]

[[ 1.11293160e-01  9.81568194e-01  1.55363166e-01 -3.29456070e+02]
 [-5.94900232e-02 -1.49473712e-01  9.86974441e-01  9.83385144e+01]
 [ 9.92005428e-01 -1.19086063e-01  4.17581128e-02 -1.96561455e+02]
 [ 0.00000000e+00  0.00000000e+00  0.00000000e+00  1.00000000e+00]]

[[ 1.09789999e-01  9.81223187e-01  1.58578729e-01 -3.32287488e+02]
 [-6.30479810e-02 -1.52346977e-01  9.86314022e-01  9.86646339e+01]
 [ 9.91953178e-01 -1.18285484e-01  4.51379664e-02 -1.99229098e+02]
 [ 0.00000000e+00  0.00000000e+00  0.00000000e+00  1.00000000e+00]]

[[ 1.01634719e-01  9.81484915e-01  1.62350687e-01 -3.25301801e+02]
 [-6.45674683e-02 -1.56343638e-01  9.85590031e-01  9.75002618e+01]
 [ 9.92724245e-01 -1.10652738e-01  4.74820544e-02 -2.00224855e+02]
 [ 0.00000000e+00  0.00000000e+00  0.00000000e+00  1.00000000e+00]]

[[ 9.36941616e-02  9.77649045e-01  1.88211981e-01 -3.43072465e+02]
 [-6.63901044e-02 -1.82487610e-01  9.80964131e-01  1.02728589e+02]
 [ 9.93385000e-01 -1.04406025e-01  4.78081986e-02 -1.98041684e+02]
 [ 0.00000000e+00  0.00000000e+00  0.00000000e+00  1.00000000e+00]]

[[ 1.02255051e-01  9.80285305e-01  1.69069884e-01 -3.39627951e+02]
 [-7.11767809e-02 -1.62315065e-01  9.84168525e-01  1.02794196e+02]
 [ 9.92208532e-01 -1.12670053e-01  5.31760171e-02 -2.01887834e+02]
 [ 0.00000000e+00  0.00000000e+00  0.00000000e+00  1.00000000e+00]]

[[ 1.08024502e-01  9.80399661e-01  1.64764107e-01 -3.37797873e+02]
 [-6.65859957e-02 -1.58226583e-01  9.85155142e-01  1.00278504e+02]
 [ 9.91915829e-01 -1.17391876e-01  4.81885398e-02 -1.96595808e+02]
 [ 0.00000000e+00  0.00000000e+00  0.00000000e+00  1.00000000e+00]]

[[ 1.03202188e-01  9.81278419e-01  1.62609880e-01 -3.35823660e+02]
 [-6.22394817e-02 -1.56791593e-01  9.85668628e-01  9.98897207e+01]
 [ 9.92711214e-01 -1.11843914e-01  4.48930247e-02 -1.94141516e+02]
 [ 0.00000000e+00  0.00000000e+00  0.00000000e+00  1.00000000e+00]]

[[ 1.02904958e-01  9.81412850e-01  1.61985765e-01 -3.35188264e+02]
 [-6.57708850e-02 -1.55780475e-01  9.85599632e-01  9.91739312e+01]
 [ 9.92514363e-01 -1.12077036e-01  4.85178084e-02 -1.96536987e+02]
 [ 0.00000000e+00  0.00000000e+00  0.00000000e+00  1.00000000e+00]]

[[ 1.05330724e-01  9.80241599e-01  1.67427135e-01 -3.39991705e+02]
 [-6.72199920e-02 -1.60960315e-01  9.84669107e-01  1.01324771e+02]
 [ 9.92162744e-01 -1.14970360e-01  4.89377660e-02 -1.97332817e+02]
 [ 0.00000000e+00  0.00000000e+00  0.00000000e+00  1.00000000e+00]]

[[ 1.05363175e-01  9.81014005e-01  1.62819294e-01 -3.35991017e+02]
 [-6.71435479e-02 -1.56338959e-01  9.85418629e-01  9.98233107e+01]
 [ 9.92164475e-01 -1.14759100e-01  4.93963918e-02 -1.97435472e+02]
 [ 0.00000000e+00  0.00000000e+00  0.00000000e+00  1.00000000e+00]]

[[ 1.04318259e-01  9.80674381e-01  1.65515740e-01 -3.38233288e+02]
 [-6.63145330e-02 -1.59194617e-01  9.85017491e-01  1.00075297e+02]
 [ 9.92330632e-01 -1.13731408e-01  4.84260583e-02 -1.96303171e+02]
 [ 0.00000000e+00  0.00000000e+00  0.00000000e+00  1.00000000e+00]]

[[ 8.13711599e-02  9.83084719e-01  1.64082814e-01 -3.37711660e+02]
 [-7.28727926e-02 -1.58319819e-01  9.84695075e-01  9.83610463e+01]
 [ 9.94016243e-01 -9.20829533e-02  5.87574614e-02 -2.06198589e+02]
 [ 0.00000000e+00  0.00000000e+00  0.00000000e+00  1.00000000e+00]]

[[ 1.07162166e-01  9.82426503e-01  1.52821581e-01 -3.27161809e+02]
 [-5.96875548e-02 -1.47072621e-01  9.87323169e-01  9.99993300e+01]
 [ 9.92448319e-01 -1.14925236e-01  4.28780151e-02 -1.93394580e+02]
 [ 0.00000000e+00  0.00000000e+00  0.00000000e+00  1.00000000e+00]]

[[ 1.08926029e-01  9.81524884e-01  1.57302328e-01 -3.31121270e+02]
 [-6.48483379e-02 -1.50890397e-01  9.86421199e-01  9.96159664e+01]
 [ 9.91932363e-01 -1.17647739e-01  4.72143656e-02 -1.95966728e+02]
 [ 0.00000000e+00  0.00000000e+00  0.00000000e+00  1.00000000e+00]]

[[ 1.06977284e-01  9.81942718e-01  1.56026788e-01 -3.30192488e+02]
 [-6.42301021e-02 -1.49774333e-01  9.86631716e-01  9.89847929e+01]
 [ 9.92184637e-01 -1.15568798e-01  4.70478297e-02 -1.96157673e+02]
 [ 0.00000000e+00  0.00000000e+00  0.00000000e+00  1.00000000e+00]]

[[ 1.07856678e-01  9.82213278e-01  1.53701056e-01 -3.27967532e+02]
 [-6.41105609e-02 -1.47409443e-01  9.86995589e-01  9.87057996e+01]
 [ 9.92097159e-01 -1.16307926e-01  4.70711513e-02 -1.95772389e+02]
 [ 0.00000000e+00  0.00000000e+00  0.00000000e+00  1.00000000e+00]]

[[ 1.07141324e-01  9.83942736e-01  1.42749533e-01 -3.18698459e+02]
 [-7.28905385e-02 -1.35416203e-01  9.88103953e-01  9.70326083e+01]
 [ 9.91568306e-01 -1.16271856e-01  5.72114446e-02 -2.04975060e+02]
 [ 0.00000000e+00  0.00000000e+00  0.00000000e+00  1.00000000e+00]]

[[ 1.17256315e-01  9.82245396e-01  1.46440902e-01 -3.36717592e+02]
 [-6.38570316e-02 -1.39695731e-01  9.88133282e-01  9.80350536e+01]
 [ 9.91046536e-01 -1.25216148e-01  4.63430688e-02 -1.96295667e+02]
 [ 0.00000000e+00  0.00000000e+00  0.00000000e+00  1.00000000e+00]]

[[ 1.10077717e-01  9.83462471e-01  1.43820948e-01 -3.20653020e+02]
 [-6.04529989e-02 -1.37807644e-01  9.88612405e-01  9.68271763e+01]
 [ 9.92082825e-01 -1.17518604e-01  4.42837048e-02 -1.96414110e+02]
 [ 0.00000000e+00  0.00000000e+00  0.00000000e+00  1.00000000e+00]]

[[ 1.09613400e-01  9.80314386e-01  1.64221216e-01 -3.37239315e+02]
 [-6.14562660e-02 -1.58216535e-01  9.85490058e-01  9.98612784e+01]
 [ 9.92072593e-01 -1.18115339e-01  4.29038092e-02 -1.95014711e+02]
 [ 0.00000000e+00  0.00000000e+00  0.00000000e+00  1.00000000e+00]]

[[ 1.10700006e-01  9.81236075e-01  1.57864734e-01 -3.31614216e+02]
 [-6.33203280e-02 -1.51554913e-01  9.86418595e-01  9.93728815e+01]
 [ 9.91834686e-01 -1.19192591e-01  4.53550603e-02 -1.97233822e+02]
 [ 0.00000000e+00  0.00000000e+00  0.00000000e+00  1.00000000e+00]]

[[ 1.09456348e-01  9.80250454e-01  1.64706880e-01 -3.37551277e+02]
 [-6.83232226e-02 -1.57890971e-01  9.85090036e-01  9.99302503e+01]
 [ 9.91640684e-01 -1.19077662e-01  4.96917009e-02 -2.00466762e+02]
 [ 0.00000000e+00  0.00000000e+00  0.00000000e+00  1.00000000e+00]]

[[ 1.13442763e-01  9.81494999e-01  1.54266995e-01 -3.28668124e+02]
 [-6.97865127e-02 -1.47014259e-01  9.86669474e-01  9.80066877e+01]
 [ 9.91090602e-01 -1.22696267e-01  5.18174094e-02 -2.02225230e+02]
 [ 0.00000000e+00  0.00000000e+00  0.00000000e+00  1.00000000e+00]]

[[ 1.11363949e-01  9.81077700e-01  1.58381244e-01 -3.32160457e+02]
 [-7.07147434e-02 -1.51145518e-01  9.85978934e-01  9.87876613e+01]
 [ 9.91260559e-01 -1.21002396e-01  5.25444960e-02 -2.02786023e+02]
 [ 0.00000000e+00  0.00000000e+00  0.00000000e+00  1.00000000e+00]]

[[ 1.11051517e-01  9.81357262e-01  1.56861356e-01 -3.30882430e+02]
 [-6.70041344e-02 -1.50085124e-01  9.86399970e-01  9.75899989e+01]
 [ 9.91553330e-01 -1.20051572e-01  4.90878132e-02 -1.99643667e+02]
 [ 0.00000000e+00  0.00000000e+00  0.00000000e+00  1.00000000e+00]]

[[ 1.09052682e-01  9.80900729e-01  1.61062945e-01 -3.34569760e+02]
 [-6.92240122e-02 -1.54141918e-01  9.85620772e-01  9.80892953e+01]
 [ 9.91622685e-01 -1.18634012e-01  5.10922944e-02 -2.01234594e+02]
 [ 0.00000000e+00  0.00000000e+00  0.00000000e+00  1.00000000e+00]]

[[ 1.10032534e-01  9.80788392e-01  1.61080639e-01 -3.34466646e+02]
 [-6.99549070e-02 -1.54020833e-01  9.85588096e-01  9.89854486e+01]
 [ 9.91463137e-01 -1.19715137e-01  5.16636583e-02 -2.01813013e+02]
 [ 0.00000000e+00  0.00000000e+00  0.00000000e+00  1.00000000e+00]]

[[ 1.10106674e-01  9.81573068e-01  1.56175645e-01 -3.30310446e+02]
 [-7.35681030e-02 -1.48651358e-01  9.86149334e-01  9.78952130e+01]
 [ 9.91193349e-01 -1.20071169e-01  5.58449620e-02 -2.05270660e+02]
 [ 0.00000000e+00  0.00000000e+00  0.00000000e+00  1.00000000e+00]]

[[ 1.11815508e-01  9.87994584e-01  1.06602040e-01 -2.90177445e+02]
 [-9.64942179e-02 -9.59728329e-02  9.90695756e-01  1.06774862e+02]
 [ 9.89032941e-01 -1.21061630e-01  8.46045135e-02 -2.17798447e+02]
 [ 0.00000000e+00  0.00000000e+00  0.00000000e+00  1.00000000e+00]]

[[ 1.10001888e-01  9.82338674e-01  1.51361538e-01 -3.31114867e+02]
 [-6.94528798e-02 -1.44316515e-01  9.87091202e-01  1.03103954e+02]
 [ 9.91501832e-01 -1.19094391e-01  5.23511607e-02 -1.97878512e+02]
 [ 0.00000000e+00  0.00000000e+00  0.00000000e+00  1.00000000e+00]]

[[ 1.08245396e-01  9.83448893e-01  1.45296969e-01 -3.26428261e+02]
 [-6.72709894e-02 -1.38574582e-01  9.88064623e-01  9.57455201e+01]
 [ 9.91845526e-01 -1.16727717e-01  5.11575195e-02 -2.02740485e+02]
 [ 0.00000000e+00  0.00000000e+00  0.00000000e+00  1.00000000e+00]]

[[ 1.07460981e-01  9.81674484e-01  1.57376442e-01 -3.36468920e+02]
 [-4.46808717e-02 -1.53364609e-01  9.87159013e-01  9.79727357e+01]
 [ 9.93204791e-01 -1.13112792e-01  2.73813604e-02 -1.83358265e+02]
 [ 0.00000000e+00  0.00000000e+00  0.00000000e+00  1.00000000e+00]]

[[ 1.08013040e-01  9.82957567e-01  1.48753504e-01 -3.29205097e+02]
 [-5.55328274e-02 -1.43429641e-01  9.88101231e-01  9.75415412e+01]
 [ 9.92597244e-01 -1.14988521e-01  3.90941414e-02 -1.93763907e+02]
 [ 0.00000000e+00  0.00000000e+00  0.00000000e+00  1.00000000e+00]]

[[ 1.11663282e-01  9.83527956e-01  1.42141029e-01 -3.23508142e+02]
 [-6.29779635e-02 -1.35744216e-01  9.88740251e-01  9.51625533e+01]
 [ 9.91748500e-01 -1.19357734e-01  4.67829431e-02 -1.99122027e+02]
 [ 0.00000000e+00  0.00000000e+00  0.00000000e+00  1.00000000e+00]]

[[ 1.10999860e-01  9.81414849e-01  1.56537294e-01 -3.35854331e+02]
 [-5.56257317e-02 -1.51128436e-01  9.86947807e-01  9.82085850e+01]
 [ 9.92262470e-01 -1.18258570e-01  3.78166839e-02 -1.91469096e+02]
 [ 0.00000000e+00  0.00000000e+00  0.00000000e+00  1.00000000e+00]]

[[ 1.09902450e-01  9.81811211e-01  1.54816655e-01 -3.34501798e+02]
 [-5.25699154e-02 -1.49800350e-01  9.87317709e-01  9.84526489e+01]
 [ 9.92551185e-01 -1.16647334e-01  3.51503069e-02 -1.89701302e+02]
 [ 0.00000000e+00  0.00000000e+00  0.00000000e+00  1.00000000e+00]]

[[ 1.10936644e-01  9.81549286e-01  1.55737151e-01 -3.35145580e+02]
 [-6.01117400e-02 -1.49790388e-01  9.86888757e-01  9.84737419e+01]
 [ 9.92007883e-01 -1.18843758e-01  4.23853925e-02 -1.95789657e+02]
 [ 0.00000000e+00  0.00000000e+00  0.00000000e+00  1.00000000e+00]]

[[ 1.08198525e-01  9.81852896e-01  1.55749700e-01 -3.35265752e+02]
 [-4.95891514e-02 -1.51143915e-01  9.87267154e-01  9.91889663e+01]
 [ 9.92891734e-01 -1.14544345e-01  3.23357034e-02 -1.87970686e+02]
 [ 0.00000000e+00  0.00000000e+00  0.00000000e+00  1.00000000e+00]]

[[ 1.08752259e-01  9.83130846e-01  1.47060143e-01 -3.27925006e+02]
 [-5.15071342e-02 -1.42165921e-01  9.88501829e-01  9.55486376e+01]
 [ 9.92733580e-01 -1.15076453e-01  3.51773874e-02 -1.90038898e+02]
 [ 0.00000000e+00  0.00000000e+00  0.00000000e+00  1.00000000e+00]]

[[ 1.06719521e-01  9.83148548e-01  1.48424647e-01 -3.29167012e+02]
 [-5.31687623e-02 -1.43420770e-01  9.88232546e-01  9.60085771e+01]
 [ 9.92866570e-01 -1.13355258e-01  3.69669956e-02 -1.91074575e+02]
 [ 0.00000000e+00  0.00000000e+00  0.00000000e+00  1.00000000e+00]]

[[ 1.08779526e-01  9.83682193e-01  1.43305118e-01 -3.24560188e+02]
 [-6.22844219e-02 -1.37132810e-01  9.88592557e-01  9.50726815e+01]
 [ 9.92112728e-01 -1.16464307e-01  4.63508346e-02 -1.98758487e+02]
 [ 0.00000000e+00  0.00000000e+00  0.00000000e+00  1.00000000e+00]]

[[ 1.09541299e-01  9.81708196e-01  1.55723222e-01 -3.35447809e+02]
 [-6.13988597e-02 -1.49683951e-01  9.86825666e-01  9.68970463e+01]
 [ 9.92084111e-01 -1.17659394e-01  4.38791893e-02 -1.96345349e+02]
 [ 0.00000000e+00  0.00000000e+00  0.00000000e+00  1.00000000e+00]]

[[ 1.09422297e-01  9.81169419e-01  1.59164481e-01 -3.38277132e+02]
 [-6.75943434e-02 -1.52410317e-01  9.86003093e-01  9.82266549e+01]
 [ 9.91694391e-01 -1.18649342e-01  4.96444157e-02 -2.01287494e+02]
 [ 0.00000000e+00  0.00000000e+00  0.00000000e+00  1.00000000e+00]]

[[ 1.11155827e-01  9.81890616e-01  1.53411863e-01 -3.33238636e+02]
 [-5.26595045e-02 -1.48332313e-01  9.87534557e-01  9.68094172e+01]
 [ 9.92406851e-01 -1.17848814e-01  3.52178724e-02 -1.88872491e+02]
 [ 0.00000000e+00  0.00000000e+00  0.00000000e+00  1.00000000e+00]]

[[ 1.09736824e-01  9.83108591e-01  1.46476370e-01 -3.27381766e+02]
 [-5.76919963e-02 -1.40818057e-01  9.88353129e-01  9.60122544e+01]
 [ 9.92284971e-01 -1.16909248e-01  4.12645708e-02 -1.94657367e+02]
 [ 0.00000000e+00  0.00000000e+00  0.00000000e+00  1.00000000e+00]]

[[ 1.10181553e-01  9.81934361e-01  1.53834121e-01 -3.33666119e+02]
 [-6.67017649e-02 -1.47122327e-01  9.86866706e-01  9.75014362e+01]
 [ 9.91670762e-01 -1.18995514e-01  4.92865883e-02 -2.01415663e+02]
 [ 0.00000000e+00  0.00000000e+00  0.00000000e+00  1.00000000e+00]]

[[ 1.09331680e-01  9.81617765e-01  1.56438955e-01 -3.35824830e+02]
 [-5.82888885e-02 -1.50780227e-01  9.86847368e-01  9.74798796e+01]
 [ 9.92294810e-01 -1.17012334e-01  4.07323529e-02 -1.94008885e+02]
 [ 0.00000000e+00  0.00000000e+00  0.00000000e+00  1.00000000e+00]]

[[ 1.10840745e-01  9.81544378e-01  1.55836334e-01 -3.35433515e+02]
 [-5.90907285e-02 -1.50016371e-01  9.86916093e-01  9.74248709e+01]
 [ 9.92079944e-01 -1.18598997e-01  4.13722461e-02 -1.94582408e+02]
 [ 0.00000000e+00  0.00000000e+00  0.00000000e+00  1.00000000e+00]]

[[ 1.12421653e-01  9.82764009e-01  1.46752423e-01 -3.26662391e+02]
 [-3.31459874e-02 -1.43897515e-01  9.89037334e-01  9.03721949e+01]
 [ 9.93107605e-01 -1.16053466e-01  1.63974870e-02 -1.91867736e+02]
 [ 0.00000000e+00  0.00000000e+00  0.00000000e+00  1.00000000e+00]]

[[ 1.14481595e-01  9.88030541e-01  1.03390588e-01 -2.87129351e+02]
 [-4.25527357e-02 -9.91022049e-02  9.94166997e-01  8.69334820e+01]
 [ 9.92513591e-01 -1.18213376e-01  3.06980240e-02 -1.89913117e+02]
 [ 0.00000000e+00  0.00000000e+00  0.00000000e+00  1.00000000e+00]]

[[ 1.09993691e-01  9.85048450e-01  1.32593136e-01 -3.11598890e+02]
 [-5.64225405e-02 -1.26999266e-01  9.90296765e-01  9.29894245e+01]
 [ 9.92329524e-01 -1.16407638e-01  4.16098180e-02 -1.95504944e+02]
 [ 0.00000000e+00  0.00000000e+00  0.00000000e+00  1.00000000e+00]]

[[ 1.10526105e-01  9.82251234e-01  1.51547004e-01 -3.28080886e+02]
 [-4.04917324e-02 -1.47904295e-01  9.88172424e-01  9.46554848e+01]
 [ 9.93048035e-01 -1.15355250e-01  2.34257685e-02 -1.78981656e+02]
 [ 0.00000000e+00  0.00000000e+00  0.00000000e+00  1.00000000e+00]]

[[ 1.10946756e-01  9.81195235e-01  1.57945333e-01 -3.33773510e+02]
 [-5.89750311e-02 -1.52146363e-01  9.86596893e-01  9.85525808e+01]
 [ 9.92074979e-01 -1.18774555e-01  4.09858741e-02 -1.93638876e+02]
 [ 0.00000000e+00  0.00000000e+00  0.00000000e+00  1.00000000e+00]]

[[ 1.14411559e-01  9.84731257e-01  1.31203457e-01 -3.10750858e+02]
 [-5.14248063e-02 -1.26023038e-01  9.90693536e-01  9.37514018e+01]
 [ 9.92101549e-01 -1.20093905e-01  3.62211219e-02 -1.89935591e+02]
 [ 0.00000000e+00  0.00000000e+00  0.00000000e+00  1.00000000e+00]]

[[ 1.12934502e-01  9.88453178e-01  1.01025309e-01 -2.84553134e+02]
 [-9.81498287e-02 -9.00804440e-02  9.91086336e-01  9.28128440e+01]
 [ 9.88742843e-01 -1.21843458e-01  8.68433200e-02 -2.33841293e+02]
 [ 0.00000000e+00  0.00000000e+00  0.00000000e+00  1.00000000e+00]]

[[ 1.10912188e-01  9.81325182e-01  1.57160344e-01 -3.33126038e+02]
 [-5.46245255e-02 -1.51877533e-01  9.86888735e-01  9.75236706e+01]
 [ 9.92327893e-01 -1.18042798e-01  3.67593530e-02 -1.89873119e+02]
 [ 0.00000000e+00  0.00000000e+00  0.00000000e+00  1.00000000e+00]]

[[ 1.14405144e-01  9.83812437e-01  1.37929520e-01 -3.16878311e+02]
 [-6.01120938e-02 -1.31731180e-01  9.89461183e-01  9.97477462e+01]
 [ 9.91613836e-01 -1.21490681e-01  4.40683008e-02 -1.84835593e+02]
 [ 0.00000000e+00  0.00000000e+00  0.00000000e+00  1.00000000e+00]]

[[ 1.15721786e-01  9.85710426e-01  1.22406799e-01 -3.06226938e+02]
 [-8.53167847e-02 -1.12915268e-01  9.89934942e-01  9.53181402e+01]
 [ 9.89610789e-01 -1.25000394e-01  7.10308878e-02 -2.10313300e+02]
 [ 0.00000000e+00  0.00000000e+00  0.00000000e+00  1.00000000e+00]]

[[ 1.11763435e-01  9.85250393e-01  1.29578541e-01 -3.13040648e+02]
 [-8.08689020e-02 -1.20945485e-01  9.89359596e-01  9.01300646e+01]
 [ 9.90438870e-01 -1.21053101e-01  6.61588346e-02 -2.12698931e+02]
 [ 0.00000000e+00  0.00000000e+00  0.00000000e+00  1.00000000e+00]]

[[ 1.12525315e-01  9.85682921e-01  1.25567644e-01 -3.09531030e+02]
 [-6.01997514e-02 -1.19375466e-01  9.91022446e-01  9.12378251e+01]
 [ 9.91823595e-01 -1.19074254e-01  4.59051048e-02 -1.97882597e+02]
 [ 0.00000000e+00  0.00000000e+00  0.00000000e+00  1.00000000e+00]]

[[ 1.14074699e-01  9.82766214e-01  1.45456285e-01 -3.26664639e+02]
 [-6.04150915e-02 -1.39278702e-01  9.88408549e-01  9.39879632e+01]
 [ 9.91633491e-01 -1.21540162e-01  4.34857348e-02 -1.95216872e+02]
 [ 0.00000000e+00  0.00000000e+00  0.00000000e+00  1.00000000e+00]]

[[ 1.14710228e-01  9.87249942e-01  1.10359031e-01 -2.96333217e+02]
 [-5.14805777e-02 -1.05035285e-01  9.93135106e-01  8.80592203e+01]
 [ 9.92064168e-01 -1.19604101e-01  3.87755759e-02 -1.92219999e+02]
 [ 0.00000000e+00  0.00000000e+00  0.00000000e+00  1.00000000e+00]]

[[ 1.15491579e-01  9.88114416e-01  1.01447500e-01 -2.88752921e+02]
 [-7.09860787e-02 -9.36594154e-02  9.93070436e-01  8.72401660e+01]
 [ 9.90768728e-01 -1.21892633e-01  5.93254940e-02 -2.09583897e+02]
 [ 0.00000000e+00  0.00000000e+00  0.00000000e+00  1.00000000e+00]]

[[ 1.16410519e-01  9.90341162e-01  7.53191540e-02 -2.82059772e+02]
 [-5.97457904e-02 -6.87149252e-02  9.95845721e-01  8.25601392e+01]
 [ 9.91402558e-01 -1.20426919e-01  5.11695754e-02 -2.04532992e+02]
 [ 0.00000000e+00  0.00000000e+00  0.00000000e+00  1.00000000e+00]]

[[ 1.19606558e-01  9.85160835e-01  1.23095088e-01 -3.22226456e+02]
 [-5.21500875e-02 -1.17579852e-01  9.91693172e-01  8.93037903e+01]
 [ 9.91450775e-01 -1.25032426e-01  3.73129023e-02 -1.94969099e+02]
 [ 0.00000000e+00  0.00000000e+00  0.00000000e+00  1.00000000e+00]]

[[ 1.19678102e-01  9.88602891e-01  9.13316836e-02 -2.93477159e+02]
 [-5.01741791e-02 -8.58527340e-02  9.95043647e-01  8.32293334e+01]
 [ 9.91544101e-01 -1.23667427e-01  3.93276463e-02 -1.98554937e+02]
 [ 0.00000000e+00  0.00000000e+00  0.00000000e+00  1.00000000e+00]]

[[ 1.18317664e-01  9.81758145e-01  1.48835058e-01 -3.28313409e+02]
 [-4.88217604e-02 -1.43955001e-01  9.88379175e-01  9.61445993e+01]
 [ 9.91774857e-01 -1.24209105e-01  3.08987415e-02 -1.93288474e+02]
 [ 0.00000000e+00  0.00000000e+00  0.00000000e+00  1.00000000e+00]]

[[ 1.16072615e-01  9.89599055e-01  8.49756354e-02 -2.73441437e+02]
 [-9.24746042e-02 -7.44151126e-02  9.92930430e-01  8.64787196e+01]
 [ 9.88926486e-01 -1.23110120e-01  8.28752243e-02 -2.36967211e+02]
 [ 0.00000000e+00  0.00000000e+00  0.00000000e+00  1.00000000e+00]]

[[ 1.15881443e-01  9.82448642e-01  1.46171670e-01 -3.26406478e+02]
 [-6.63894313e-02 -1.39172850e-01  9.88040162e-01  9.33039810e+01]
 [ 9.91041843e-01 -1.24199774e-01  4.90966559e-02 -2.07190120e+02]
 [ 0.00000000e+00  0.00000000e+00  0.00000000e+00  1.00000000e+00]]

[[ 1.15308383e-01  9.82641587e-01  1.45325453e-01 -3.25813484e+02]
 [-7.15367628e-02 -1.37706607e-01  9.87886320e-01  9.24320595e+01]
 [ 9.90750457e-01 -1.24307687e-01  5.44162719e-02 -2.11130931e+02]
 [ 0.00000000e+00  0.00000000e+00  0.00000000e+00  1.00000000e+00]]

[[ 1.17663873e-01  9.84060354e-01  1.33343288e-01 -3.15397156e+02]
 [-4.91071369e-02 -1.28345900e-01  9.90512907e-01  9.08564600e+01]
 [ 9.91838546e-01 -1.23095692e-01  3.32227108e-02 -1.94748756e+02]
 [ 0.00000000e+00  0.00000000e+00  0.00000000e+00  1.00000000e+00]]

[[ 1.19051541e-01  9.82669080e-01  1.42085221e-01 -3.22952007e+02]
 [-4.72919433e-02 -1.37328393e-01  9.89395970e-01  9.26123497e+01]
 [ 9.91761162e-01 -1.24508601e-01  3.01231736e-02 -1.92493511e+02]
 [ 0.00000000e+00  0.00000000e+00  0.00000000e+00  1.00000000e+00]]

[[ 1.18844860e-01  9.89675032e-01  8.01201023e-02 -2.69289377e+02]
 [-8.94454350e-02 -6.96928068e-02  9.93550415e-01  8.41583946e+01]
 [ 9.88875833e-01 -1.25244737e-01  8.02392819e-02 -2.35850682e+02]
 [ 0.00000000e+00  0.00000000e+00  0.00000000e+00  1.00000000e+00]]

[[ 1.17469747e-01  9.89115884e-01  8.86037606e-02 -2.74103042e+02]
 [-4.71407135e-02 -8.35669333e-02  9.95386518e-01  7.94600268e+01]
 [ 9.91956961e-01 -1.21104647e-01  3.68110419e-02 -2.10158018e+02]
 [ 0.00000000e+00  0.00000000e+00  0.00000000e+00  1.00000000e+00]]

[[ 1.12354699e-01  9.84612752e-01  1.33843755e-01 -3.12682560e+02]
 [-5.89996818e-02 -1.27848651e-01  9.90037252e-01  8.86575463e+01]
 [ 9.91915046e-01 -1.19132077e-01  4.37274423e-02 -2.02404118e+02]
 [ 0.00000000e+00  0.00000000e+00  0.00000000e+00  1.00000000e+00]]

[[ 1.10376673e-01  9.84870391e-01  1.33593798e-01 -3.12416665e+02]
 [-6.19476588e-02 -1.27336572e-01  9.89923171e-01  8.88636995e+01]
 [ 9.91957397e-01 -1.17540249e-01  4.69554278e-02 -2.04748760e+02]
 [ 0.00000000e+00  0.00000000e+00  0.00000000e+00  1.00000000e+00]]

[[ 1.14594503e-01  9.82426418e-01  1.47331032e-01 -3.24107941e+02]
 [-4.88830134e-02 -1.42551860e-01  9.88579495e-01  9.18226729e+01]
 [ 9.92208925e-01 -1.20487760e-01  3.16883043e-02 -1.92595065e+02]
 [ 0.00000000e+00  0.00000000e+00  0.00000000e+00  1.00000000e+00]]

[[ 1.10876757e-01  9.82996702e-01  1.46368810e-01 -3.21679682e+02]
 [-4.73877389e-02 -1.41880234e-01  9.88748907e-01  8.57916509e+01]
 [ 9.92703756e-01 -1.16565359e-01  3.08507709e-02 -2.09029592e+02]
 [ 0.00000000e+00  0.00000000e+00  0.00000000e+00  1.00000000e+00]]

[[ 1.13675645e-01  9.88719099e-01  9.75314873e-02 -2.77096167e+02]
 [-4.60287376e-02 -9.28213637e-02  9.94618293e-01  8.49483509e+01]
 [ 9.92451109e-01 -1.17553127e-01  3.49579636e-02 -1.96788572e+02]
 [ 0.00000000e+00  0.00000000e+00  0.00000000e+00  1.00000000e+00]]

[[ 1.10532787e-01  9.79944624e-01  1.65804211e-01 -3.36426266e+02]
 [-4.72139465e-02 -1.61460817e-01  9.85749080e-01  9.63248166e+01]
 [ 9.92750395e-01 -1.16785864e-01  2.84203391e-02 -1.88505447e+02]
 [ 0.00000000e+00  0.00000000e+00  0.00000000e+00  1.00000000e+00]]

[[ 1.09560990e-01  9.82350925e-01  1.51601617e-01 -3.23788641e+02]
 [-5.11559732e-02 -1.46744975e-01  9.87850686e-01  9.40077039e+01]
 [ 9.92662811e-01 -1.15985227e-01  3.41755928e-02 -1.94256954e+02]
 [ 0.00000000e+00  0.00000000e+00  0.00000000e+00  1.00000000e+00]]

[[ 1.10092885e-01  9.81421039e-01  1.57137839e-01 -3.28773347e+02]
 [-4.54515659e-02 -1.52962301e-01  9.87186249e-01  9.44691340e+01]
 [ 9.92881520e-01 -1.15824343e-01  2.77670620e-02 -1.89209532e+02]
 [ 0.00000000e+00  0.00000000e+00  0.00000000e+00  1.00000000e+00]]

[[ 1.13201427e-01  9.88834116e-01  9.69150542e-02 -2.76693995e+02]
 [-3.54784242e-02 -9.34569274e-02  9.94990997e-01  8.37848887e+01]
 [ 9.92938426e-01 -1.16072794e-01  2.45028187e-02 -1.86864862e+02]
 [ 0.00000000e+00  0.00000000e+00  0.00000000e+00  1.00000000e+00]]

[[ 1.07607132e-01  9.83447682e-01  1.45778471e-01 -3.16768873e+02]
 [-1.84042735e-02 -1.44634285e-01  9.89314008e-01  7.77132902e+01]
 [ 9.94023133e-01 -1.09140189e-01  2.53595949e-03 -1.79462748e+02]
 [ 0.00000000e+00  0.00000000e+00  0.00000000e+00  1.00000000e+00]]

[[ 1.12757872e-01  9.81992396e-01  1.51580329e-01 -3.21365165e+02]
 [-4.06856893e-02 -1.47862260e-01  9.88170748e-01  9.54981791e+01]
 [ 9.92789170e-01 -1.17591181e-01  2.32804036e-02 -1.86818957e+02]
 [ 0.00000000e+00  0.00000000e+00  0.00000000e+00  1.00000000e+00]]

[[ 1.09779196e-01  9.88384676e-01  1.05091678e-01 -2.81613679e+02]
 [-7.23534264e-02 -9.75038075e-02  9.92601627e-01  8.65382049e+01]
 [ 9.91319076e-01 -1.16570751e-01  6.08091283e-02 -2.17356634e+02]
 [ 0.00000000e+00  0.00000000e+00  0.00000000e+00  1.00000000e+00]]

[[ 1.10391038e-01  9.87371599e-01  1.13627216e-01 -2.88939272e+02]
 [-7.46787431e-02 -1.05762594e-01  9.91583259e-01  8.88273591e+01]
 [ 9.91078657e-01 -1.17947443e-01  6.20604275e-02 -2.18280257e+02]
 [ 0.00000000e+00  0.00000000e+00  0.00000000e+00  1.00000000e+00]]

[[ 1.09250035e-01  9.87829299e-01  1.10714520e-01 -2.86574376e+02]
 [-8.31206990e-02 -1.01912336e-01  9.91314695e-01  8.86517056e+01]
 [ 9.90532876e-01 -1.17503833e-01  7.09751356e-02 -2.25625912e+02]
 [ 0.00000000e+00  0.00000000e+00  0.00000000e+00  1.00000000e+00]]

[[ 1.11560973e-01  9.87669767e-01  1.09829779e-01 -2.85961563e+02]
 [-7.94912743e-02 -1.01296378e-01  9.91675441e-01  8.77086785e+01]
 [ 9.90573211e-01 -1.19362786e-01  6.72104058e-02 -2.21894642e+02]
 [ 0.00000000e+00  0.00000000e+00  0.00000000e+00  1.00000000e+00]]

[[ 1.07845120e-01  9.80003870e-01  1.67217953e-01 -3.36376686e+02]
 [-7.16461991e-02 -1.60100299e-01  9.84497190e-01  1.05396652e+02]
 [ 9.91582701e-01 -1.18153749e-01  5.29475165e-02 -2.03864726e+02]
 [ 0.00000000e+00  0.00000000e+00  0.00000000e+00  1.00000000e+00]]

[[ 1.12055038e-01  9.80557900e-01  1.61089645e-01 -3.35018725e+02]
 [-9.13788532e-02 -1.51255678e-01  9.84261970e-01  1.12577698e+02]
 [ 9.89491573e-01 -1.25011699e-01  7.26532957e-02 -2.13101144e+02]
 [ 0.00000000e+00  0.00000000e+00  0.00000000e+00  1.00000000e+00]]

[[ 1.15359262e-01  9.83143056e-01  1.41851934e-01 -3.20406815e+02]
 [-5.92782027e-02 -1.35737121e-01  9.88969933e-01  9.94857434e+01]
 [ 9.91553496e-01 -1.22495569e-01  4.26204193e-02 -1.96751833e+02]
 [ 0.00000000e+00  0.00000000e+00  0.00000000e+00  1.00000000e+00]]

[[ 1.12558609e-01  9.88758950e-01  9.84189954e-02 -2.82765081e+02]
 [-7.93826204e-02 -8.97837231e-02  9.92792669e-01  8.65379661e+01]
 [ 9.90469060e-01 -1.19560120e-01  6.83843454e-02 -2.25246970e+02]
 [ 0.00000000e+00  0.00000000e+00  0.00000000e+00  1.00000000e+00]]

[[ 1.08735993e-01  9.83132870e-01  1.47058643e-01 -3.25199673e+02]
 [-6.76318065e-02 -1.40276548e-01  9.87799792e-01  9.09271039e+01]
 [ 9.91767323e-01 -1.17355233e-01  5.12379423e-02 -2.08721984e+02]
 [ 0.00000000e+00  0.00000000e+00  0.00000000e+00  1.00000000e+00]]

[[ 1.06205727e-01  9.90709692e-01  8.49390954e-02 -2.71252487e+02]
 [-9.32839021e-02 -7.51182717e-02  9.92801772e-01  8.46711020e+01]
 [ 9.89958816e-01 -1.13364684e-01  8.44392753e-02 -2.38857030e+02]
 [ 0.00000000e+00  0.00000000e+00  0.00000000e+00  1.00000000e+00]]

[[ 1.14022780e-01  9.89529769e-01  8.84852661e-02 -2.74352060e+02]
 [-8.71274002e-02 -7.87629870e-02  9.93078651e-01  8.48173658e+01]
 [ 9.89650252e-01 -1.20943080e-01  7.72343814e-02 -2.32214943e+02]
 [ 0.00000000e+00  0.00000000e+00  0.00000000e+00  1.00000000e+00]]

[[ 1.12908626e-01  9.88973096e-01  9.58324455e-02 -2.80939535e+02]
 [-7.88220516e-02 -8.72300309e-02  9.93064956e-01  8.46203510e+01]
 [ 9.90473991e-01 -1.19679309e-01  6.81038655e-02 -2.24333121e+02]
 [ 0.00000000e+00  0.00000000e+00  0.00000000e+00  1.00000000e+00]]

[[ 1.11047608e-01  9.88606271e-01  1.01617271e-01 -2.85416934e+02]
 [-7.72798360e-02 -9.33501789e-02  9.92629624e-01  8.61069027e+01]
 [ 9.90805862e-01 -1.18082112e-01  6.60330164e-02 -2.22914671e+02]
 [ 0.00000000e+00  0.00000000e+00  0.00000000e+00  1.00000000e+00]]

[[ 1.08742010e-01  9.80639720e-01  1.62852431e-01 -3.38401175e+02]
 [-6.02612110e-02 -1.57019658e-01  9.85755250e-01  9.49456054e+01]
 [ 9.92241786e-01 -1.17006692e-01  4.20199037e-02 -2.02314174e+02]
 [ 0.00000000e+00  0.00000000e+00  0.00000000e+00  1.00000000e+00]]

[[ 1.05306497e-01  9.82345721e-01  1.54620266e-01 -3.29008229e+02]
 [-3.80389111e-02 -1.51391845e-01  9.87741642e-01  8.57600125e+01]
 [ 9.93712022e-01 -1.09897199e-01  2.14248166e-02 -1.93475933e+02]
 [ 0.00000000e+00  0.00000000e+00  0.00000000e+00  1.00000000e+00]]

[[ 1.07216650e-01  9.90011886e-01  9.15481040e-02 -2.71803375e+02]
 [-5.61866729e-02 -8.58983917e-02  9.94718314e-01  7.46706298e+01]
 [ 9.92646789e-01 -1.11794149e-01  4.64157362e-02 -2.17294886e+02]
 [ 0.00000000e+00  0.00000000e+00  0.00000000e+00  1.00000000e+00]]

[[ 1.10901776e-01  9.80378298e-01  1.62969902e-01 -3.33532887e+02]
 [-6.15942235e-02 -1.56885939e-01  9.85694148e-01  9.16535566e+01]
 [ 9.91920837e-01 -1.19353236e-01  4.29867109e-02 -2.02619876e+02]
 [ 0.00000000e+00  0.00000000e+00  0.00000000e+00  1.00000000e+00]]

[[ 1.13395589e-01  9.89184862e-01  9.30309013e-02 -2.72455653e+02]
 [-5.90457621e-02 -8.67599680e-02  9.94477906e-01  8.39775899e+01]
 [ 9.91793849e-01 -1.18262488e-01  4.85689764e-02 -2.07957247e+02]
 [ 0.00000000e+00  0.00000000e+00  0.00000000e+00  1.00000000e+00]]

[[ 1.10386617e-01  9.81819192e-01  1.54421075e-01 -3.25332036e+02]
 [-5.24162470e-02 -1.49403433e-01  9.87386019e-01  9.35200380e+01]
 [ 9.92505583e-01 -1.17088376e-01  3.49711378e-02 -1.95657321e+02]
 [ 0.00000000e+00  0.00000000e+00  0.00000000e+00  1.00000000e+00]]

[[ 1.09687191e-01  9.83419004e-01  1.44415312e-01 -3.16951462e+02]
 [-5.63752282e-02 -1.38902936e-01  9.88700060e-01  9.13204642e+01]
 [ 9.92366139e-01 -1.16589178e-01  4.02045979e-02 -2.00412588e+02]
 [ 0.00000000e+00  0.00000000e+00  0.00000000e+00  1.00000000e+00]]

[[ 1.07578389e-01  9.81330844e-01  1.59426046e-01 -3.29683275e+02]
 [-5.78588979e-02 -1.53905196e-01  9.86390155e-01  9.40246921e+01]
 [ 9.92511581e-01 -1.15338479e-01  4.02218482e-02 -2.00047712e+02]
 [ 0.00000000e+00  0.00000000e+00  0.00000000e+00  1.00000000e+00]]

[[ 1.09582721e-01  9.80958584e-01  1.60349256e-01 -3.30584661e+02]
 [-5.77179966e-02 -1.54768705e-01  9.86263292e-01  9.39165009e+01]
 [ 9.92300489e-01 -1.17332453e-01  3.96589884e-02 -1.99176447e+02]
 [ 0.00000000e+00  0.00000000e+00  0.00000000e+00  1.00000000e+00]]

[[ 9.89641201e-02  9.80182788e-01  1.71603627e-01 -3.28420427e+02]
 [-4.99678936e-02 -1.67337660e-01  9.84632580e-01  9.76206561e+01]
 [ 9.93835657e-01 -1.06017969e-01  3.24172450e-02 -1.93568346e+02]
 [ 0.00000000e+00  0.00000000e+00  0.00000000e+00  1.00000000e+00]]

[[ 1.02675477e-01  9.88255938e-01  1.13172204e-01 -2.81220857e+02]
 [-8.43100118e-02 -1.04718045e-01  9.90921769e-01  8.79597385e+01]
 [ 9.91135494e-01 -1.11284915e-01  7.25678946e-02 -2.25086575e+02]
 [ 0.00000000e+00  0.00000000e+00  0.00000000e+00  1.00000000e+00]]

[[ 1.14510839e-01  9.85177814e-01  1.27718214e-01 -3.02634028e+02]
 [-7.10529174e-02 -1.20112410e-01  9.90214367e-01  8.83606616e+01]
 [ 9.90877768e-01 -1.22465029e-01  5.62455850e-02 -2.10029687e+02]
 [ 0.00000000e+00  0.00000000e+00  0.00000000e+00  1.00000000e+00]]

[[ 1.03456311e-01  9.82339479e-01  1.55903626e-01 -3.26847771e+02]
 [-6.57130950e-02 -1.49651631e-01  9.86552674e-01  9.49861630e+01]
 [ 9.92460871e-01 -1.12310010e-01  4.90701618e-02 -2.04612364e+02]
 [ 0.00000000e+00  0.00000000e+00  0.00000000e+00  1.00000000e+00]]

[[ 1.06269037e-01  9.82343831e-01  1.53972364e-01 -3.24855829e+02]
 [-6.19969319e-02 -1.48001975e-01  9.87041942e-01  9.60778288e+01]
 [ 9.92402777e-01 -1.14437811e-01  4.51742762e-02 -2.01997630e+02]
 [ 0.00000000e+00  0.00000000e+00  0.00000000e+00  1.00000000e+00]]

[[ 1.10728905e-01  9.89521410e-01  9.26633049e-02 -2.72079580e+02]
 [-6.80529307e-02 -8.54687907e-02  9.94014026e-01  8.60224607e+01]
 [ 9.91517982e-01 -1.16372094e-01  5.78759664e-02 -2.13018012e+02]
 [ 0.00000000e+00  0.00000000e+00  0.00000000e+00  1.00000000e+00]]

[[ 2.11699072e-01  9.54785501e-01  2.08729848e-01 -3.74488820e+02]
 [ 8.78167083e-01 -2.79567293e-01  3.88155513e-01  5.92887389e+02]
 [ 4.28959295e-01  1.01127520e-01 -8.97645335e-01  6.32182237e+02]
 [ 0.00000000e+00  0.00000000e+00  0.00000000e+00  1.00000000e+00]]

[[ 1.04431550e-01  9.81246002e-01  1.62019553e-01 -3.25979680e+02]
 [-6.04327604e-02 -1.56348281e-01  9.85851458e-01  9.72127727e+01]
 [ 9.92694280e-01 -1.12745285e-01  4.29717111e-02 -1.99517683e+02]
 [ 0.00000000e+00  0.00000000e+00  0.00000000e+00  1.00000000e+00]]

[[ 8.43433894e-02  9.77677658e-01  1.92438535e-01 -3.43145946e+02]
 [-7.29376997e-02 -1.86551028e-01  9.79734049e-01  1.01695006e+02]
 [ 9.93763697e-01 -9.66701144e-02  5.55752135e-02 -2.07569700e+02]
 [ 0.00000000e+00  0.00000000e+00  0.00000000e+00  1.00000000e+00]]

[[ 9.03683122e-02  9.87105869e-01  1.32119535e-01 -2.91844277e+02]
 [-9.77412192e-02 -1.23231280e-01  9.87552888e-01  9.15942125e+01]
 [ 9.91100511e-01 -1.02157012e-01  8.53447284e-02 -2.30170676e+02]
 [ 0.00000000e+00  0.00000000e+00  0.00000000e+00  1.00000000e+00]]

[[ 9.43571633e-02  9.79379423e-01  1.78641179e-01 -3.39546245e+02]
 [-8.82466266e-02 -1.70507151e-01  9.81396884e-01  1.00981534e+02]
 [ 9.91619513e-01 -1.08366308e-01  7.03383592e-02 -2.15089701e+02]
 [ 0.00000000e+00  0.00000000e+00  0.00000000e+00  1.00000000e+00]]

[[ 1.03065067e-01  9.88613738e-01  1.09637897e-01 -2.87287156e+02]
 [-9.51510564e-02 -9.99202195e-02  9.90435372e-01  9.00237847e+01]
 [ 9.90113058e-01 -1.12511450e-01  8.37693574e-02 -2.26434676e+02]
 [ 0.00000000e+00  0.00000000e+00  0.00000000e+00  1.00000000e+00]]

[[ 1.07922419e-01  9.88851360e-01  1.02595023e-01 -2.81327833e+02]
 [-8.33745148e-02 -9.38317024e-02  9.92090874e-01  9.08286586e+01]
 [ 9.90657076e-01 -1.15622657e-01  7.23184581e-02 -2.17792687e+02]
 [ 0.00000000e+00  0.00000000e+00  0.00000000e+00  1.00000000e+00]]

[[ 1.05285771e-01  9.82891167e-01  1.51128624e-01 -3.23232309e+02]
 [-6.64776526e-02 -1.44676823e-01  9.87243303e-01  9.85667943e+01]
 [ 9.92217531e-01 -1.13989349e-01  5.01078867e-02 -1.98762207e+02]
 [ 0.00000000e+00  0.00000000e+00  0.00000000e+00  1.00000000e+00]]

[[ 1.06949443e-01  9.89533114e-01  9.68815416e-02 -2.76311813e+02]
 [-8.56657854e-02 -8.79071550e-02  9.92438263e-01  9.04707012e+01]
 [ 9.90567105e-01 -1.14440153e-01  7.53675101e-02 -2.20274719e+02]
 [ 0.00000000e+00  0.00000000e+00  0.00000000e+00  1.00000000e+00]]

[[ 1.27281960e-01  9.86204177e-01  1.05833000e-01 -2.83241780e+02]
 [-1.22472221e-01 -9.02577041e-02  9.88359298e-01  9.32174515e+01]
 [ 9.84276312e-01 -1.38761911e-01  1.09294439e-01 -2.46594083e+02]
 [ 0.00000000e+00  0.00000000e+00  0.00000000e+00  1.00000000e+00]]

[[ 1.67836484e-01  9.74545093e-01  1.48636392e-01 -3.18389438e+02]
 [-1.31544129e-01 -1.27287259e-01  9.83104316e-01  9.89400147e+01]
 [ 9.76999006e-01 -1.84553016e-01  1.06832240e-01 -2.39962928e+02]
 [ 0.00000000e+00  0.00000000e+00  0.00000000e+00  1.00000000e+00]]

[[ 1.13625982e-01  9.88532357e-01  9.94631327e-02 -2.78629981e+02]
 [-1.04294681e-01 -8.76904579e-02  9.90673005e-01  9.21528000e+01]
 [ 9.88034289e-01 -1.22939669e-01  9.31347520e-02 -2.34718003e+02]
 [ 0.00000000e+00  0.00000000e+00  0.00000000e+00  1.00000000e+00]]

[[ 1.00695128e-01  9.87073016e-01  1.24689025e-01 -3.00635941e+02]
 [-9.29095290e-02 -1.15449169e-01  9.88958699e-01  9.44922601e+01]
 [ 9.90569690e-01 -1.11168122e-01  8.00833201e-02 -2.24568549e+02]
 [ 0.00000000e+00  0.00000000e+00  0.00000000e+00  1.00000000e+00]]

[[ 1.05517765e-01  9.80469232e-01  1.65970137e-01 -3.36159059e+02]
 [-7.48495786e-02 -1.58597518e-01  9.84502091e-01  1.00065898e+02]
 [ 9.91596461e-01 -1.16305255e-01  5.66528531e-02 -2.03162456e+02]
 [ 0.00000000e+00  0.00000000e+00  0.00000000e+00  1.00000000e+00]]

[[ 1.02940620e-01  9.88215931e-01  1.13280637e-01 -2.90772312e+02]
 [-9.44195407e-02 -1.03663465e-01  9.90120617e-01  9.21491872e+01]
 [ 9.90196031e-01 -1.12619536e-01  8.26357130e-02 -2.25954048e+02]
 [ 0.00000000e+00  0.00000000e+00  0.00000000e+00  1.00000000e+00]]

[[ 1.16154120e-01  9.80243212e-01  1.60098302e-01 -3.30808866e+02]
 [-8.88138035e-02 -1.50293076e-01  9.84644149e-01  1.00229176e+02]
 [ 9.89252409e-01 -1.28589414e-01  6.96019679e-02 -2.13534024e+02]
 [ 0.00000000e+00  0.00000000e+00  0.00000000e+00  1.00000000e+00]]

[[ 1.32827580e-01  9.77728124e-01  1.62494770e-01 -3.32504829e+02]
 [-9.15252763e-02 -1.51147171e-01  9.84265034e-01  1.00184915e+02]
 [ 9.86904229e-01 -1.45609921e-01  6.94103237e-02 -2.11352649e+02]
 [ 0.00000000e+00  0.00000000e+00  0.00000000e+00  1.00000000e+00]]

[[ 1.29427812e-01  9.84575731e-01  1.17724559e-01 -2.94105881e+02]
 [-1.08466396e-01 -1.03953217e-01  9.88649973e-01  9.42181232e+01]
 [ 9.85638617e-01 -1.40727962e-01  9.33389433e-02 -2.32491365e+02]
 [ 0.00000000e+00  0.00000000e+00  0.00000000e+00  1.00000000e+00]]

[[ 1.23375652e-01  9.85923329e-01  1.12843422e-01 -2.90019031e+02]
 [-1.10557256e-01 -9.93483556e-02  9.88891803e-01  9.32889520e+01]
 [ 9.86182307e-01 -1.34480830e-01  9.67438095e-02 -2.35167122e+02]
 [ 0.00000000e+00  0.00000000e+00  0.00000000e+00  1.00000000e+00]]

[[ 1.26124227e-01  9.82990279e-01  1.33502025e-01 -3.07746391e+02]
 [-1.02393788e-01 -1.20958016e-01  9.87362482e-01  9.77820635e+01]
 [ 9.86715862e-01 -1.38200108e-01  8.53963620e-02 -2.26412236e+02]
 [ 0.00000000e+00  0.00000000e+00  0.00000000e+00  1.00000000e+00]]

[[ 1.13488458e-01  9.86337266e-01  1.19411760e-01 -2.96449159e+02]
 [-1.02751855e-01 -1.07891884e-01  9.88838408e-01  9.43662287e+01]
 [ 9.88211731e-01 -1.24491526e-01  8.91035001e-02 -2.29674617e+02]
 [ 0.00000000e+00  0.00000000e+00  0.00000000e+00  1.00000000e+00]]

[[ 1.06606842e-01  9.88839170e-01  1.04077262e-01 -2.83709793e+02]
 [-1.00630740e-01 -9.34061659e-02  9.90529526e-01  9.15019903e+01]
 [ 9.89195853e-01 -1.16070596e-01  8.95498813e-02 -2.30996351e+02]
 [ 0.00000000e+00  0.00000000e+00  0.00000000e+00  1.00000000e+00]]

[[ 1.06192657e-01  9.85237490e-01  1.34276609e-01 -3.09663857e+02]
 [-8.55453753e-02 -1.25487242e-01  9.88400193e-01  9.55651583e+01]
 [ 9.90658926e-01 -1.16447585e-01  7.09566872e-02 -2.14356311e+02]
 [ 0.00000000e+00  0.00000000e+00  0.00000000e+00  1.00000000e+00]]

[[ 1.04082528e-01  9.87714085e-01  1.16566351e-01 -2.94471160e+02]
 [-1.02689294e-01 -1.05904056e-01  9.89059776e-01  9.31119731e+01]
 [ 9.89253120e-01 -1.14913958e-01  9.04049001e-02 -2.31129353e+02]
 [ 0.00000000e+00  0.00000000e+00  0.00000000e+00  1.00000000e+00]]

[[ 1.07334894e-01  9.87939679e-01  1.11599333e-01 -2.90108777e+02]
 [-8.98354399e-02 -1.02151422e-01  9.90704134e-01  9.32788268e+01]
 [ 9.90155954e-01 -1.16362699e-01  7.77875835e-02 -2.21605502e+02]
 [ 0.00000000e+00  0.00000000e+00  0.00000000e+00  1.00000000e+00]]

[[ 8.60298693e-02  9.91222267e-01  1.00385653e-01 -2.81087007e+02]
 [-9.36508477e-02 -9.22674792e-02  9.91320448e-01  8.95278181e+01]
 [ 9.91881233e-01 -9.46843701e-02  8.48910464e-02 -2.28188420e+02]
 [ 0.00000000e+00  0.00000000e+00  0.00000000e+00  1.00000000e+00]]

[[ 8.71304598e-02  9.93175245e-01  7.75320358e-02 -2.61227311e+02]
 [-9.09484603e-02 -6.95724944e-02  9.93422390e-01  8.86593317e+01]
 [ 9.92036623e-01 -9.36087689e-02  8.42658758e-02 -2.29158846e+02]
 [ 0.00000000e+00  0.00000000e+00  0.00000000e+00  1.00000000e+00]]

[[ 9.00636690e-02  9.93614724e-01  6.79581929e-02 -2.52732079e+02]
 [-9.30377466e-02 -5.95432064e-02  9.93880568e-01  8.84776016e+01]
 [ 9.91580815e-01 -9.58352076e-02  8.70809952e-02 -2.31880097e+02]
 [ 0.00000000e+00  0.00000000e+00  0.00000000e+00  1.00000000e+00]]

[[ 8.10649229e-02  9.93160729e-01  8.40252654e-02 -2.66688376e+02]
 [-9.41001725e-02 -7.62999997e-02  9.92634609e-01  8.84872827e+01]
 [ 9.92256840e-01 -8.83746400e-02  8.72713423e-02 -2.31691031e+02]
 [ 0.00000000e+00  0.00000000e+00  0.00000000e+00  1.00000000e+00]]

[[ 8.68882123e-02  9.92481071e-01  8.62076706e-02 -2.68272431e+02]
 [-7.66939881e-02 -7.96141158e-02  9.93871030e-01  8.82134371e+01]
 [ 9.93261532e-01 -9.29672872e-02  6.91998033e-02 -2.16591875e+02]
 [ 0.00000000e+00  0.00000000e+00  0.00000000e+00  1.00000000e+00]]

[[ 8.17431314e-02  9.93270702e-01  8.20449471e-02 -2.64726867e+02]
 [-9.80061401e-02 -7.39105127e-02  9.92437420e-01  8.95991966e+01]
 [ 9.91822997e-01 -8.91658510e-02  9.13049509e-02 -2.36154688e+02]
 [ 0.00000000e+00  0.00000000e+00  0.00000000e+00  1.00000000e+00]]

[[ 8.53365134e-02  9.91053014e-01  1.02623602e-01 -2.82114660e+02]
 [-8.31158240e-02 -9.55593955e-02  9.91947661e-01  9.07404915e+01]
 [ 9.92879368e-01 -9.31790001e-02  7.42174822e-02 -2.21138204e+02]
 [ 0.00000000e+00  0.00000000e+00  0.00000000e+00  1.00000000e+00]]

[[ 8.15934677e-02  9.92825273e-01  8.74098542e-02 -2.68961443e+02]
 [-1.03578520e-01 -7.87804542e-02  9.91496410e-01  8.80534346e+01]
 [ 9.91268882e-01 -8.99534136e-02  9.64074019e-02 -2.39496013e+02]
 [ 0.00000000e+00  0.00000000e+00  0.00000000e+00  1.00000000e+00]]

[[ 8.81525330e-02  9.85537230e-01  1.44725600e-01 -3.18216086e+02]
 [-7.13365139e-02 -1.38672078e-01  9.87765740e-01  9.53471019e+01]
 [ 9.93549311e-01 -9.73982718e-02  5.80804954e-02 -2.06347474e+02]
 [ 0.00000000e+00  0.00000000e+00  0.00000000e+00  1.00000000e+00]]

[[ 8.36193384e-02  9.91833215e-01  9.63051385e-02 -2.76342202e+02]
 [-8.69502775e-02 -8.90128770e-02  9.92227976e-01  8.92460058e+01]
 [ 9.92697061e-01 -9.13432055e-02  7.87969754e-02 -2.25734373e+02]
 [ 0.00000000e+00  0.00000000e+00  0.00000000e+00  1.00000000e+00]]

[[ 8.90265088e-02  9.91550373e-01  9.43511499e-02 -2.73971683e+02]
 [-8.12709286e-02 -8.71799805e-02  9.92871939e-01  9.08509407e+01]
 [ 9.92708072e-01 -9.60599280e-02  7.28228902e-02 -2.21608773e+02]
 [ 0.00000000e+00  0.00000000e+00  0.00000000e+00  1.00000000e+00]]

[[ 8.48944820e-02  9.85133284e-01  1.49349719e-01 -3.21467850e+02]
 [-6.42411668e-02 -1.44167325e-01  9.87465875e-01  9.80583053e+01]
 [ 9.94316851e-01 -9.34248042e-02  5.10471012e-02 -2.02858463e+02]
 [ 0.00000000e+00  0.00000000e+00  0.00000000e+00  1.00000000e+00]]

[[ 9.04078127e-02  9.91694925e-01  9.14746045e-02 -2.71476375e+02]
 [-9.76966059e-02 -8.25763624e-02  9.91784512e-01  8.78884661e+01]
 [ 9.91101307e-01 -9.86018267e-02  8.94196800e-02 -2.33961244e+02]
 [ 0.00000000e+00  0.00000000e+00  0.00000000e+00  1.00000000e+00]]

[[ 1.06036818e-01  9.88097705e-01  1.11441102e-01 -2.88013095e+02]
 [-8.55957516e-02 -1.02586690e-01  9.91034479e-01  9.02343417e+01]
 [ 9.90671268e-01 -1.14625028e-01  7.36989994e-02 -2.19331101e+02]
 [ 0.00000000e+00  0.00000000e+00  0.00000000e+00  1.00000000e+00]]

[[ 1.05828294e-01  9.81731364e-01  1.58126219e-01 -3.28048602e+02]
 [-8.08110963e-02 -1.50002260e-01  9.85377536e-01  9.83993721e+01]
 [ 9.91095323e-01 -1.17059177e-01  6.34603045e-02 -2.10591125e+02]
 [ 0.00000000e+00  0.00000000e+00  0.00000000e+00  1.00000000e+00]]

[[ 1.01976382e-01  9.81205898e-01  1.63816370e-01 -3.33017739e+02]
 [-7.74991078e-02 -1.56338329e-01  9.84658426e-01  9.88619444e+01]
 [ 9.91763432e-01 -1.13107526e-01  6.00997645e-02 -2.07555567e+02]
 [ 0.00000000e+00  0.00000000e+00  0.00000000e+00  1.00000000e+00]]

[[ 1.03255314e-01  9.88883651e-01  1.06992830e-01 -2.83885446e+02]
 [-1.00313424e-01 -9.66662127e-02  9.90248888e-01  9.19254637e+01]
 [ 9.89583527e-01 -1.12981277e-01  8.92170047e-02 -2.33390817e+02]
 [ 0.00000000e+00  0.00000000e+00  0.00000000e+00  1.00000000e+00]]

[[ 1.04150935e-01  9.81239526e-01  1.62239255e-01 -3.31742130e+02]
 [-7.30447041e-02 -1.55139053e-01  9.85188482e-01  9.83773224e+01]
 [ 9.91875523e-01 -1.14459020e-01  5.55164733e-02 -2.03695429e+02]
 [ 0.00000000e+00  0.00000000e+00  0.00000000e+00  1.00000000e+00]]

[[ 1.02020925e-01  9.86707301e-01  1.26492817e-01 -3.00995655e+02]
 [-8.82815141e-02 -1.17674271e-01  9.89120387e-01  9.20977855e+01]
 [ 9.90857258e-01 -1.12077955e-01  7.51027765e-02 -2.20209342e+02]
 [ 0.00000000e+00  0.00000000e+00  0.00000000e+00  1.00000000e+00]]

[[ 9.93657937e-02  9.89792942e-01  1.02158560e-01 -2.80445236e+02]
 [-8.73591853e-02 -9.35926402e-02  9.91770533e-01  8.82818354e+01]
 [ 9.91208763e-01 -1.07472555e-01  7.71675981e-02 -2.22643910e+02]
 [ 0.00000000e+00  0.00000000e+00  0.00000000e+00  1.00000000e+00]]

[[ 8.63087084e-02  9.91689263e-01  9.54107603e-02 -2.74797699e+02]
 [-7.80784225e-02 -8.87405697e-02  9.92989865e-01  8.77813449e+01]
 [ 9.93204192e-01 -9.31531943e-02  6.97704493e-02 -2.18065876e+02]
 [ 0.00000000e+00  0.00000000e+00  0.00000000e+00  1.00000000e+00]]

[[ 8.91781481e-02  9.90015289e-01  1.09164950e-01 -2.86659180e+02]
 [-7.33508653e-02 -1.02776125e-01  9.91996330e-01  8.88011913e+01]
 [ 9.93311083e-01 -9.64717392e-02  6.34530936e-02 -2.12311219e+02]
 [ 0.00000000e+00  0.00000000e+00  0.00000000e+00  1.00000000e+00]]

[[ 1.03056975e-01  9.89267539e-01  1.03580866e-01 -2.80970226e+02]
 [-9.46742618e-02 -9.39068215e-02  9.91069268e-01  8.99065893e+01]
 [ 9.90159605e-01 -1.11943043e-01  8.39804210e-02 -2.29060415e+02]
 [ 0.00000000e+00  0.00000000e+00  0.00000000e+00  1.00000000e+00]]

[[ 1.06881156e-01  9.82036732e-01  1.55500079e-01 -3.25267238e+02]
 [-6.80204693e-02 -1.48807517e-01  9.86523968e-01  9.75811600e+01]
 [ 9.91942354e-01 -1.16018011e-01  5.08938799e-02 -2.00316783e+02]
 [ 0.00000000e+00  0.00000000e+00  0.00000000e+00  1.00000000e+00]]

[[ 9.77990567e-02  9.90451004e-01  9.71707431e-02 -2.75346275e+02]
 [-1.02565363e-01 -8.70879445e-02  9.90906674e-01  8.94523522e+01]
 [ 9.89906910e-01 -1.06876091e-01  9.30688483e-02 -2.37060623e+02]
 [ 0.00000000e+00  0.00000000e+00  0.00000000e+00  1.00000000e+00]]

[[ 9.27003105e-02  9.91519892e-01  9.10766536e-02 -2.70624494e+02]
 [-7.62180453e-02 -8.41358956e-02  9.93535083e-01  8.65785273e+01]
 [ 9.92772613e-01 -9.90426952e-02  6.77722844e-02 -2.16106131e+02]
 [ 0.00000000e+00  0.00000000e+00  0.00000000e+00  1.00000000e+00]]

[[ 8.63987869e-02  9.91693420e-01  9.52859370e-02 -2.73766523e+02]
 [-7.95645928e-02 -8.84696279e-02  9.92896067e-01  8.84501973e+01]
 [ 9.93078408e-01 -9.33664025e-02  7.12600146e-02 -2.20145823e+02]
 [ 0.00000000e+00  0.00000000e+00  0.00000000e+00  1.00000000e+00]]

[[ 9.77094062e-02  9.91796086e-01  8.24220594e-02 -2.62685557e+02]
 [-6.04665789e-02 -7.67491791e-02  9.95215231e-01  8.56333884e+01]
 [ 9.93376396e-01 -1.02225669e-01  5.24713996e-02 -2.03881181e+02]
 [ 0.00000000e+00  0.00000000e+00  0.00000000e+00  1.00000000e+00]]

[[ 8.97286412e-02  9.91012571e-01  9.92111609e-02 -2.76537939e+02]
 [-6.88266399e-02 -9.32049442e-02  9.93265187e-01  8.86375130e+01]
 [ 9.93585258e-01 -9.59527064e-02  5.98449124e-02 -2.10837381e+02]
 [ 0.00000000e+00  0.00000000e+00  0.00000000e+00  1.00000000e+00]]

[[ 8.84383599e-02  9.91042594e-01  1.00066148e-01 -2.76958160e+02]
 [-5.44436013e-02 -9.55002218e-02  9.93939436e-01  8.86244876e+01]
 [ 9.94592656e-01 -9.33503350e-02  4.55100449e-02 -1.98258067e+02]
 [ 0.00000000e+00  0.00000000e+00  0.00000000e+00  1.00000000e+00]]

[[ 1.00215616e-01  9.88833716e-01  1.10293759e-01 -2.85411233e+02]
 [-7.31834873e-02 -1.03225739e-01  9.91962007e-01  8.89084432e+01]
 [ 9.92270632e-01 -1.07481765e-01  6.20214687e-02 -2.10880062e+02]
 [ 0.00000000e+00  0.00000000e+00  0.00000000e+00  1.00000000e+00]]

[[ 1.13191519e-01  9.86378856e-01  1.19350038e-01 -2.92991188e+02]
 [-7.13516205e-02 -1.11742116e-01  9.91172359e-01  8.97307865e+01]
 [ 9.91007884e-01 -1.20708124e-01  5.77314700e-02 -2.06082950e+02]
 [ 0.00000000e+00  0.00000000e+00  0.00000000e+00  1.00000000e+00]]

[[ 1.13423393e-01  9.85293193e-01  1.27798508e-01 -3.00227853e+02]
 [-6.20464277e-02 -1.21353130e-01  9.90668289e-01  9.08268829e+01]
 [ 9.91607470e-01 -1.20294400e-01  4.73696391e-02 -1.97279797e+02]
 [ 0.00000000e+00  0.00000000e+00  0.00000000e+00  1.00000000e+00]]

[[ 1.14243373e-01  9.86352900e-01  1.18559722e-01 -2.92242144e+02]
 [-6.88146557e-02 -1.11197550e-01  9.91412955e-01  8.94519874e+01]
 [ 9.91066595e-01 -1.21421007e-01  5.51719521e-02 -2.04023947e+02]
 [ 0.00000000e+00  0.00000000e+00  0.00000000e+00  1.00000000e+00]]

[[ 1.18337767e-01  9.87611753e-01  1.03049492e-01 -2.79004882e+02]
 [-6.97772287e-02 -9.52513449e-02  9.93004693e-01  8.70075639e+01]
 [ 9.90518708e-01 -1.24700466e-01  5.76409797e-02 -2.05673928e+02]
 [ 0.00000000e+00  0.00000000e+00  0.00000000e+00  1.00000000e+00]]

[[ 1.12233726e-01  9.86499720e-01  1.19255581e-01 -2.92864075e+02]
 [-7.64193277e-02 -1.11089442e-01  9.90867914e-01  8.98804604e+01]
 [ 9.90738955e-01 -1.20322230e-01  6.29196633e-02 -2.10916963e+02]
 [ 0.00000000e+00  0.00000000e+00  0.00000000e+00  1.00000000e+00]]

[[ 1.09853714e-01  9.86324319e-01  1.22867810e-01 -2.95992245e+02]
 [-7.17742453e-02 -1.15421411e-01  9.90720120e-01  9.00329905e+01]
 [ 9.91352924e-01 -1.17653029e-01  5.81132130e-02 -2.06393387e+02]
 [ 0.00000000e+00  0.00000000e+00  0.00000000e+00  1.00000000e+00]]

[[ 1.13841707e-01  9.79664863e-01  1.65217499e-01 -3.32395447e+02]
 [-6.68352286e-02 -1.58370112e-01  9.85115201e-01  9.87717986e+01]
 [ 9.91248263e-01 -1.23189545e-01  4.74470013e-02 -1.97089673e+02]
 [ 0.00000000e+00  0.00000000e+00  0.00000000e+00  1.00000000e+00]]

[[ 1.10815664e-01  9.86911318e-01  1.17157753e-01 -2.90935278e+02]
 [-8.12316709e-02 -1.08495001e-01  9.90772552e-01  9.05162886e+01]
 [ 9.90515676e-01 -1.19310038e-01  6.81455099e-02 -2.14935242e+02]
 [ 0.00000000e+00  0.00000000e+00  0.00000000e+00  1.00000000e+00]]

[[ 1.12646938e-01  9.87801828e-01  1.07509143e-01 -2.82850354e+02]
 [-9.62008988e-02 -9.68473926e-02  9.90639172e-01  8.91415914e+01]
 [ 9.88967165e-01 -1.21934946e-01  8.41178614e-02 -2.27918606e+02]
 [ 0.00000000e+00  0.00000000e+00  0.00000000e+00  1.00000000e+00]]

[[ 1.12896359e-01  9.86148939e-01  1.21510010e-01 -2.94532183e+02]
 [-7.17097431e-02 -1.13886241e-01  9.90902436e-01  9.13063946e+01]
 [ 9.91015704e-01 -1.20582728e-01  5.78591452e-02 -2.06022387e+02]
 [ 0.00000000e+00  0.00000000e+00  0.00000000e+00  1.00000000e+00]]

[[ 1.14360877e-01  9.87754189e-01  1.06128472e-01 -2.81750005e+02]
 [-6.96120439e-02 -9.85991483e-02  9.92689464e-01  8.66624523e+01]
 [ 9.90997353e-01 -1.20912657e-01  5.74837029e-02 -2.05861513e+02]
 [ 0.00000000e+00  0.00000000e+00  0.00000000e+00  1.00000000e+00]]

[[ 1.16948655e-01  9.87959520e-01  1.01286721e-01 -2.77541635e+02]
 [-7.49348466e-02 -9.29177626e-02  9.92849968e-01  8.69769706e+01]
 [ 9.90306912e-01 -1.23702373e-01  6.31659877e-02 -2.10852669e+02]
 [ 0.00000000e+00  0.00000000e+00  0.00000000e+00  1.00000000e+00]]

[[ 1.07880395e-01  9.87191476e-01  1.17536418e-01 -2.91604440e+02]
 [-9.64304533e-02 -1.07278294e-01  9.89541578e-01  9.02188788e+01]
 [ 9.89476118e-01 -1.18086226e-01  8.36220969e-02 -2.28272416e+02]
 [ 0.00000000e+00  0.00000000e+00  0.00000000e+00  1.00000000e+00]]

[[ 1.09383713e-01  9.87568087e-01  1.12891442e-01 -2.87209162e+02]
 [-9.88918861e-02 -1.02197406e-01  9.89836393e-01  9.11944546e+01]
 [ 9.89068045e-01 -1.19436027e-01  8.64837390e-02 -2.31088674e+02]
 [ 0.00000000e+00  0.00000000e+00  0.00000000e+00  1.00000000e+00]]

[[ 1.08474891e-01  9.87518451e-01  1.14195041e-01 -2.88689629e+02]
 [-7.91750141e-02 -1.05925677e-01  9.91216963e-01  8.77914135e+01]
 [ 9.90941227e-01 -1.16563546e-01  6.66965110e-02 -2.13550379e+02]
 [ 0.00000000e+00  0.00000000e+00  0.00000000e+00  1.00000000e+00]]

[[ 1.11499975e-01  9.79646669e-01  1.66913631e-01 -3.34155416e+02]
 [-7.20766060e-02 -1.59546526e-01  9.84555671e-01  9.75743659e+01]
 [ 9.91147173e-01 -1.21808500e-01  5.28201734e-02 -2.00978907e+02]
 [ 0.00000000e+00  0.00000000e+00  0.00000000e+00  1.00000000e+00]]

[[ 1.14210102e-01  9.88847337e-01  9.55876425e-02 -2.72640761e+02]
 [-9.24749881e-02 -8.52176609e-02  9.92061655e-01  8.76990801e+01]
 [ 9.89143280e-01 -1.22142928e-01  8.17109280e-02 -2.26467611e+02]
 [ 0.00000000e+00  0.00000000e+00  0.00000000e+00  1.00000000e+00]]

[[ 1.19339989e-01  9.87984916e-01  9.82027135e-02 -2.75326202e+02]
 [-6.65306055e-02 -9.07295620e-02  9.93650756e-01  8.44727416e+01]
 [ 9.90621848e-01 -1.25115756e-01  5.49035698e-02 -2.03039383e+02]
 [ 0.00000000e+00  0.00000000e+00  0.00000000e+00  1.00000000e+00]]

[[ 1.06821135e-01  9.79773140e-01  1.69215365e-01 -3.35972153e+02]
 [-7.29672958e-02 -1.62005294e-01  9.84088440e-01  9.83688457e+01]
 [ 9.91597206e-01 -1.17468632e-01  5.41858071e-02 -2.02634301e+02]
 [ 0.00000000e+00  0.00000000e+00  0.00000000e+00  1.00000000e+00]]

[[ 1.11905004e-01  9.86551224e-01  1.19138371e-01 -2.92661536e+02]
 [-5.99779609e-02 -1.12967300e-01  9.91786788e-01  8.92399605e+01]
 [ 9.91907210e-01 -1.18131582e-01  4.65297246e-02 -1.96766889e+02]
 [ 0.00000000e+00  0.00000000e+00  0.00000000e+00  1.00000000e+00]]

[[ 1.14204069e-01  9.87504452e-01  1.08592765e-01 -2.83911343e+02]
 [-8.40750093e-02 -9.93087671e-02  9.91498443e-01  8.82150187e+01]
 [ 9.89893339e-01 -1.22363094e-01  7.16829806e-02 -2.17825961e+02]
 [ 0.00000000e+00  0.00000000e+00  0.00000000e+00  1.00000000e+00]]

[[ 1.08261979e-01  9.87891684e-01  1.11127699e-01 -2.85874017e+02]
 [-1.02355039e-01 -1.00113830e-01  9.89697260e-01  8.97894737e+01]
 [ 9.88839112e-01 -1.18521064e-01  9.02771704e-02 -2.34019028e+02]
 [ 0.00000000e+00  0.00000000e+00  0.00000000e+00  1.00000000e+00]]

[[ 1.08710390e-01  9.79024663e-01  1.72315872e-01 -3.38522578e+02]
 [-7.49639626e-02 -1.64775767e-01  9.83478190e-01  9.94525692e+01]
 [ 9.91242884e-01 -1.19831778e-01  5.54787303e-02 -2.03409457e+02]
 [ 0.00000000e+00  0.00000000e+00  0.00000000e+00  1.00000000e+00]]

[[ 1.11977444e-01  9.86401953e-01  1.20300621e-01 -2.94003103e+02]
 [-7.19326360e-02 -1.12698217e-01  9.91022103e-01  8.92240406e+01]
 [ 9.91103803e-01 -1.19625663e-01  5.83348343e-02 -2.06516828e+02]
 [ 0.00000000e+00  0.00000000e+00  0.00000000e+00  1.00000000e+00]]

[[ 1.11037236e-01  9.81017370e-01  1.58983180e-01 -3.27617113e+02]
 [-7.99063557e-02 -1.50641670e-01  9.85353775e-01  9.50905797e+01]
 [ 9.90598661e-01 -1.22114726e-01  6.16626883e-02 -2.08343101e+02]
 [ 0.00000000e+00  0.00000000e+00  0.00000000e+00  1.00000000e+00]]

[[ 1.13514281e-01  9.85250410e-01  1.28047407e-01 -3.00700733e+02]
 [-8.06764880e-02 -1.19314204e-01  9.89573355e-01  9.06413105e+01]
 [ 9.90255428e-01 -1.22661123e-01  6.59426768e-02 -2.12466002e+02]
 [ 0.00000000e+00  0.00000000e+00  0.00000000e+00  1.00000000e+00]]

[[ 1.15220961e-01  9.85847962e-01  1.21769975e-01 -2.95866631e+02]
 [-7.10131987e-02 -1.14097817e-01  9.90928259e-01  8.67463580e+01]
 [ 9.90798292e-01 -1.22822982e-01  5.68617571e-02 -2.04413404e+02]
 [ 0.00000000e+00  0.00000000e+00  0.00000000e+00  1.00000000e+00]]

[[ 1.12337785e-01  9.87450215e-01  1.11005830e-01 -2.85698393e+02]
 [-7.20499424e-02 -1.03324405e-01  9.92034714e-01  8.88180188e+01]
 [ 9.91054503e-01 -1.19440946e-01  5.95384962e-02 -2.07828637e+02]
 [ 0.00000000e+00  0.00000000e+00  0.00000000e+00  1.00000000e+00]]

[[ 1.06664035e-01  9.85763953e-01  1.29970046e-01 -3.02275358e+02]
 [-7.19138903e-02 -1.22724977e-01  9.89831790e-01  9.04229132e+01]
 [ 9.91691069e-01 -1.14926105e-01  5.77997795e-02 -2.05965556e+02]
 [ 0.00000000e+00  0.00000000e+00  0.00000000e+00  1.00000000e+00]]

[[ 1.14928248e-01  9.85923959e-01  1.21430822e-01 -2.95002759e+02]
 [-6.55878466e-02 -1.14442809e-01  9.91262366e-01  8.92255555e+01]
 [ 9.91206201e-01 -1.21888433e-01  5.15119178e-02 -2.00710591e+02]
 [ 0.00000000e+00  0.00000000e+00  0.00000000e+00  1.00000000e+00]]

[[ 1.12189088e-01  9.85385750e-01  1.28173840e-01 -3.00821491e+02]
 [-7.88883712e-02 -1.19748790e-01  9.89665020e-01  9.14695917e+01]
 [ 9.90550470e-01 -1.21141041e-01  6.43009693e-02 -2.11336114e+02]
 [ 0.00000000e+00  0.00000000e+00  0.00000000e+00  1.00000000e+00]]

[[ 1.13225603e-01  9.87215790e-01  1.12182648e-01 -2.86978544e+02]
 [-7.44580413e-02 -1.04160373e-01  9.91769437e-01  8.82460244e+01]
 [ 9.90775435e-01 -1.20646593e-01  6.17125329e-02 -2.09559273e+02]
 [ 0.00000000e+00  0.00000000e+00  0.00000000e+00  1.00000000e+00]]

[[ 1.10282266e-01  9.86157124e-01  1.23822245e-01 -2.97211470e+02]
 [-9.10989893e-02 -1.14028225e-01  9.89291938e-01  8.95971730e+01]
 [ 9.89716523e-01 -1.20381438e-01  7.72626262e-02 -2.21783863e+02]
 [ 0.00000000e+00  0.00000000e+00  0.00000000e+00  1.00000000e+00]]

[[ 1.13216366e-01  9.85439520e-01  1.26850337e-01 -3.00031700e+02]
 [-7.61904597e-02 -1.18684507e-01  9.90004546e-01  8.88569420e+01]
 [ 9.90644774e-01 -1.21749502e-01  6.16440615e-02 -2.07732521e+02]
 [ 0.00000000e+00  0.00000000e+00  0.00000000e+00  1.00000000e+00]]

[[ 1.11996797e-01  9.85543855e-01  1.27122098e-01 -3.00027111e+02]
 [-6.71530536e-02 -1.20128140e-01  9.90484577e-01  9.03154217e+01]
 [ 9.91436929e-01 -1.19467737e-01  5.27283124e-02 -2.01120482e+02]
 [ 0.00000000e+00  0.00000000e+00  0.00000000e+00  1.00000000e+00]]

[[ 1.13575603e-01  9.86742082e-01  1.15933799e-01 -2.90045439e+02]
 [-6.21361175e-02 -1.09405838e-01  9.92053157e-01  8.86169323e+01]
 [ 9.91584432e-01 -1.19876712e-01  4.88864879e-02 -1.98577543e+02]
 [ 0.00000000e+00  0.00000000e+00  0.00000000e+00  1.00000000e+00]]

[[ 1.12792564e-01  9.87679918e-01  1.08472193e-01 -2.83993634e+02]
 [-7.04018449e-02 -1.00950435e-01  9.92397395e-01  8.62515363e+01]
 [ 9.91121293e-01 -1.19571689e-01  5.81480301e-02 -2.06379207e+02]
 [ 0.00000000e+00  0.00000000e+00  0.00000000e+00  1.00000000e+00]]

[[ 1.14761171e-01  9.86665680e-01  1.15415377e-01 -2.89858311e+02]
 [-7.53756309e-02 -1.07199295e-01  9.91376228e-01  8.78443445e+01]
 [ 9.90529347e-01 -1.22471003e-01  6.20682315e-02 -2.09268815e+02]
 [ 0.00000000e+00  0.00000000e+00  0.00000000e+00  1.00000000e+00]]

[[ 1.10207816e-01  9.86702165e-01  1.19469979e-01 -2.93219190e+02]
 [-6.85820923e-02 -1.12366212e-01  9.91297297e-01  8.81791394e+01]
 [ 9.91539578e-01 -1.17442211e-01  5.52864642e-02 -2.04196799e+02]
 [ 0.00000000e+00  0.00000000e+00  0.00000000e+00  1.00000000e+00]]

[[ 1.18133659e-01  9.87164478e-01  1.07474328e-01 -2.83048026e+02]
 [-6.23325912e-02 -1.00646814e-01  9.92967707e-01  8.69512696e+01]
 [ 9.91039397e-01 -1.24002062e-01  4.96427434e-02 -1.99006502e+02]
 [ 0.00000000e+00  0.00000000e+00  0.00000000e+00  1.00000000e+00]]

[[ 1.13772508e-01  9.87577360e-01  1.08382537e-01 -2.83647241e+02]
 [-6.49275467e-02 -1.01466805e-01  9.92717936e-01  8.69176685e+01]
 [ 9.91382989e-01 -1.19981021e-01  5.25768424e-02 -2.01622891e+02]
 [ 0.00000000e+00  0.00000000e+00  0.00000000e+00  1.00000000e+00]]

[[ 1.15357596e-01  9.87182574e-01  1.10286854e-01 -2.85233733e+02]
 [-6.22981007e-02 -1.03619373e-01  9.92664078e-01  8.78123390e+01]
 [ 9.91368535e-01 -1.21382004e-01  4.95463176e-02 -1.99119663e+02]
 [ 0.00000000e+00  0.00000000e+00  0.00000000e+00  1.00000000e+00]]

[[ 1.13682565e-01  9.86555798e-01  1.17404993e-01 -2.91857739e+02]
 [-8.30174658e-02 -1.08325153e-01  9.90643105e-01  8.82275868e+01]
 [ 9.90042613e-01 -1.22365514e-01  6.95866808e-02 -2.15775345e+02]
 [ 0.00000000e+00  0.00000000e+00  0.00000000e+00  1.00000000e+00]]

[[ 1.11051907e-01  9.85843009e-01  1.25622594e-01 -2.99035571e+02]
 [-7.86519018e-02 -1.17289665e-01  9.89978289e-01  8.88131619e+01]
 [ 9.90697407e-01 -1.19819433e-01  6.45131864e-02 -2.10250749e+02]
 [ 0.00000000e+00  0.00000000e+00  0.00000000e+00  1.00000000e+00]]

[[ 1.09635391e-01  9.85363782e-01  1.30530830e-01 -3.02676122e+02]
 [-7.44398274e-02 -1.22814039e-01  9.89633985e-01  9.20486183e+01]
 [ 9.91180505e-01 -1.18215601e-01  5.98855447e-02 -2.07192167e+02]
 [ 0.00000000e+00  0.00000000e+00  0.00000000e+00  1.00000000e+00]]

[[ 1.18143635e-01  9.86792051e-01  1.10831086e-01 -2.86070774e+02]
 [-7.31793518e-02 -1.02657016e-01  9.92021330e-01  8.72194195e+01]
 [ 9.90296352e-01 -1.25311553e-01  6.00845297e-02 -2.07770038e+02]
 [ 0.00000000e+00  0.00000000e+00  0.00000000e+00  1.00000000e+00]]

[[ 1.15477248e-01  9.89567620e-01  8.61448234e-02 -2.64704617e+02]
 [-9.15486818e-02 -7.57529870e-02  9.92915064e-01  8.55278335e+01]
 [ 9.89082324e-01 -1.22545544e-01  8.18458647e-02 -2.26671597e+02]
 [ 0.00000000e+00  0.00000000e+00  0.00000000e+00  1.00000000e+00]]

[[ 1.11134949e-01  9.88218318e-01  1.05231070e-01 -2.81317855e+02]
 [-8.19332194e-02 -9.64156424e-02  9.91963191e-01  8.62408695e+01]
 [ 9.90422117e-01 -1.18863699e-01  7.02527607e-02 -2.16599916e+02]
 [ 0.00000000e+00  0.00000000e+00  0.00000000e+00  1.00000000e+00]]

[[ 1.13119994e-01  9.84734225e-01  1.32296534e-01 -3.04690646e+02]
 [-6.65072333e-02 -1.25348080e-01  9.89881128e-01  8.91079885e+01]
 [ 9.91352942e-01 -1.20774023e-01  5.13125748e-02 -1.99779936e+02]
 [ 0.00000000e+00  0.00000000e+00  0.00000000e+00  1.00000000e+00]]

[[ 1.15329240e-01  9.85899865e-01  1.21246123e-01 -2.94813968e+02]
 [-7.72920664e-02 -1.12783705e-01  9.90608789e-01  9.07388025e+01]
 [ 9.90315658e-01 -1.23617522e-01  6.31949789e-02 -2.10305489e+02]
 [ 0.00000000e+00  0.00000000e+00  0.00000000e+00  1.00000000e+00]]

[[ 1.11978986e-01  9.84461815e-01  1.35261386e-01 -3.06976543e+02]
 [-7.38655160e-02 -1.27494649e-01  9.89084931e-01  9.13592454e+01]
 [ 9.90961448e-01 -1.20747879e-01  5.84410585e-02 -2.05887068e+02]
 [ 0.00000000e+00  0.00000000e+00  0.00000000e+00  1.00000000e+00]]

[[ 1.12978428e-01  9.83611137e-01  1.40516925e-01 -3.11521591e+02]
 [-7.91172052e-02 -1.32067617e-01  9.88078242e-01  9.23142082e+01]
 [ 9.90442498e-01 -1.22748833e-01  6.28997724e-02 -2.09459717e+02]
 [ 0.00000000e+00  0.00000000e+00  0.00000000e+00  1.00000000e+00]]

[[ 1.15434777e-01  9.85135380e-01  1.27212792e-01 -3.00103299e+02]
 [-6.47857227e-02 -1.20329383e-01  9.90617812e-01  9.00165887e+01]
 [ 9.91200092e-01 -1.22593319e-01  4.99325120e-02 -1.98334731e+02]
 [ 0.00000000e+00  0.00000000e+00  0.00000000e+00  1.00000000e+00]]

[[ 1.15766872e-01  9.86183644e-01  1.18489878e-01 -2.92428365e+02]
 [-6.72437685e-02 -1.11236937e-01  9.91516323e-01  8.87858740e+01]
 [ 9.90997632e-01 -1.22752449e-01  5.34371524e-02 -2.02010801e+02]
 [ 0.00000000e+00  0.00000000e+00  0.00000000e+00  1.00000000e+00]]

[[ 1.15960399e-01  9.87721118e-01  1.04690876e-01 -2.80744688e+02]
 [-6.22505669e-02 -9.79675776e-02  9.93240767e-01  8.55703129e+01]
 [ 9.91301192e-01 -1.21693662e-01  5.01258401e-02 -1.99400754e+02]
 [ 0.00000000e+00  0.00000000e+00  0.00000000e+00  1.00000000e+00]]

[[ 1.18129720e-01  9.88047541e-01  9.90324516e-02 -2.75766473e+02]
 [-6.96344889e-02 -9.12426243e-02  9.93391072e-01  8.56526076e+01]
 [ 9.90553586e-01 -1.24245083e-01  5.80237198e-02 -2.06308517e+02]
 [ 0.00000000e+00  0.00000000e+00  0.00000000e+00  1.00000000e+00]]

[[ 1.20741100e-01  9.85767064e-01  1.16982401e-01 -2.91465408e+02]
 [-5.84905151e-02 -1.10575121e-01  9.92145152e-01  8.69507511e+01]
 [ 9.90959357e-01 -1.26635058e-01  4.43070615e-02 -1.93724986e+02]
 [ 0.00000000e+00  0.00000000e+00  0.00000000e+00  1.00000000e+00]]

[[ 1.09332507e-01  9.86669755e-01  1.20537117e-01 -2.94201049e+02]
 [-7.62582041e-02 -1.12580796e-01  9.90711992e-01  8.98574640e+01]
 [ 9.91075723e-01 -1.17508970e-01  6.29329229e-02 -2.10798591e+02]
 [ 0.00000000e+00  0.00000000e+00  0.00000000e+00  1.00000000e+00]]

[[ 1.14461803e-01  9.85054423e-01  1.28710060e-01 -3.01417772e+02]
 [-6.87257443e-02 -1.21399402e-01  9.90221671e-01  9.01170788e+01]
 [ 9.91047561e-01 -1.22188252e-01  5.38030040e-02 -2.02248399e+02]
 [ 0.00000000e+00  0.00000000e+00  0.00000000e+00  1.00000000e+00]]

[[ 1.11734606e-01  9.86548144e-01  1.19323669e-01 -2.92996457e+02]
 [-8.07459681e-02 -1.10665243e-01  9.90572205e-01  9.01911246e+01]
 [ 9.90452152e-01 -1.20316101e-01  6.72946475e-02 -2.13950006e+02]
 [ 0.00000000e+00  0.00000000e+00  0.00000000e+00  1.00000000e+00]]

[[ 1.15615680e-01  9.86014706e-01  1.20033386e-01 -2.94027496e+02]
 [-6.03933915e-02 -1.13642142e-01  9.91684477e-01  8.83726490e+01]
 [ 9.91456329e-01 -1.21903498e-01  4.64099587e-02 -1.95152411e+02]
 [ 0.00000000e+00  0.00000000e+00  0.00000000e+00  1.00000000e+00]]

[[ 1.14307413e-01  9.83018968e-01  1.43553207e-01 -3.14039966e+02]
 [-7.00241737e-02 -1.36168406e-01  9.88207863e-01  9.32442226e+01]
 [ 9.90974485e-01 -1.23011679e-01  5.32700328e-02 -2.01584513e+02]
 [ 0.00000000e+00  0.00000000e+00  0.00000000e+00  1.00000000e+00]]

[[ 1.16366505e-01  9.86142263e-01  1.18246663e-01 -2.92317582e+02]
 [-6.42238106e-02 -1.11335219e-01  9.91705486e-01  8.86267647e+01]
 [ 9.91127711e-01 -1.22995553e-01  5.03781237e-02 -1.99399435e+02]
 [ 0.00000000e+00  0.00000000e+00  0.00000000e+00  1.00000000e+00]]

[[ 1.15880845e-01  9.86299981e-01  1.17405185e-01 -2.91741684e+02]
 [-6.47062419e-02 -1.10454261e-01  9.91772634e-01  8.75761099e+01]
 [ 9.91153233e-01 -1.22524299e-01  5.10202320e-02 -1.99440518e+02]
 [ 0.00000000e+00  0.00000000e+00  0.00000000e+00  1.00000000e+00]]

[[ 1.14657592e-01  9.87948998e-01  1.03973143e-01 -2.80137053e+02]
 [-7.28484391e-02 -9.60196956e-02  9.92710090e-01  8.59498505e+01]
 [ 9.90730408e-01 -1.21396030e-01  6.09611553e-02 -2.08534557e+02]
 [ 0.00000000e+00  0.00000000e+00  0.00000000e+00  1.00000000e+00]]

[[ 1.14236508e-01  9.87269884e-01  1.10671571e-01 -2.86103222e+02]
 [-7.15027213e-02 -1.02941063e-01  9.92114156e-01  8.61574646e+01]
 [ 9.90877077e-01 -1.21248976e-01  5.88328557e-02 -2.06517606e+02]
 [ 0.00000000e+00  0.00000000e+00  0.00000000e+00  1.00000000e+00]]

[[ 1.13908914e-01  9.87433600e-01  1.09542892e-01 -2.84844917e+02]
 [-7.91493430e-02 -1.00890538e-01  9.91744161e-01  8.73819216e+01]
 [ 9.90333348e-01 -1.21638748e-01  6.66623890e-02 -2.13452837e+02]
 [ 0.00000000e+00  0.00000000e+00  0.00000000e+00  1.00000000e+00]]

[[ 1.14924940e-01  9.84970696e-01  1.28937919e-01 -3.01534373e+02]
 [-6.70696078e-02 -1.21808012e-01  9.90285048e-01  9.04431257e+01]
 [ 9.91107424e-01 -1.22456265e-01  5.20628198e-02 -2.00913643e+02]
 [ 0.00000000e+00  0.00000000e+00  0.00000000e+00  1.00000000e+00]]

[[ 1.11543003e-01  9.85455684e-01  1.28200055e-01 -3.00751134e+02]
 [-7.16408806e-02 -1.20695409e-01  9.90101107e-01  9.12496585e+01]
 [ 9.91173922e-01 -1.19623215e-01  5.71361846e-02 -2.05178518e+02]
 [ 0.00000000e+00  0.00000000e+00  0.00000000e+00  1.00000000e+00]]

[[ 1.18140122e-01  9.84823726e-01  1.27142206e-01 -2.99987575e+02]
 [-6.19873649e-02 -1.20475015e-01  9.90779157e-01  9.01416261e+01]
 [ 9.91060280e-01 -1.24931981e-01  4.68136947e-02 -1.96267292e+02]
 [ 0.00000000e+00  0.00000000e+00  0.00000000e+00  1.00000000e+00]]

[[ 1.14852281e-01  9.86831820e-01  1.13894306e-01 -2.88414773e+02]
 [-7.03416774e-02 -1.06286122e-01  9.91844397e-01  8.85648547e+01]
 [ 9.90888996e-01 -1.21927108e-01  5.72082020e-02 -2.05419656e+02]
 [ 0.00000000e+00  0.00000000e+00  0.00000000e+00  1.00000000e+00]]

[[ 1.11870041e-01  9.86286062e-01  1.21346192e-01 -2.95030284e+02]
 [-8.04516338e-02 -1.12722661e-01  9.90364143e-01  8.89559428e+01]
 [ 9.90460816e-01 -1.20554577e-01  6.67380363e-02 -2.13865547e+02]
 [ 0.00000000e+00  0.00000000e+00  0.00000000e+00  1.00000000e+00]]

[[ 1.15814955e-01  9.87910768e-01  1.03049558e-01 -2.79320342e+02]
 [-6.13610890e-02 -9.64334693e-02  9.93446225e-01  8.51260934e+01]
 [ 9.91373649e-01 -1.21379163e-01  4.94508426e-02 -1.98570757e+02]
 [ 0.00000000e+00  0.00000000e+00  0.00000000e+00  1.00000000e+00]]

[[ 1.15973308e-01  9.86786524e-01  1.13148346e-01 -2.88014135e+02]
 [-7.86619621e-02 -1.04434337e-01  9.91416040e-01  8.81318451e+01]
 [ 9.90132561e-01 -1.23878269e-01  6.55109685e-02 -2.12384335e+02]
 [ 0.00000000e+00  0.00000000e+00  0.00000000e+00  1.00000000e+00]]

[[ 1.16373060e-01  9.84906828e-01  1.28124355e-01 -3.00916520e+02]
 [-6.44099557e-02 -1.21245491e-01  9.90530610e-01  8.99819655e+01]
 [ 9.91114861e-01 -1.23523562e-01  4.93280963e-02 -1.98395356e+02]
 [ 0.00000000e+00  0.00000000e+00  0.00000000e+00  1.00000000e+00]]

[[ 1.13379802e-01  9.85384990e-01  1.27127661e-01 -2.99978353e+02]
 [-7.54168139e-02 -1.19048089e-01  9.90020129e-01  9.06077589e+01]
 [ 9.90685280e-01 -1.21835849e-01  6.08169476e-02 -2.08272210e+02]
 [ 0.00000000e+00  0.00000000e+00  0.00000000e+00  1.00000000e+00]]

[[ 1.13567116e-01  9.85028171e-01  1.29699704e-01 -3.02263034e+02]
 [-6.82369574e-02 -1.22502833e-01  9.90119575e-01  8.97174350e+01]
 [ 9.91184255e-01 -1.21295338e-01  5.33030319e-02 -2.01653698e+02]
 [ 0.00000000e+00  0.00000000e+00  0.00000000e+00  1.00000000e+00]]

[[ 1.15843733e-01  9.86723323e-01  1.13830194e-01 -2.88594101e+02]
 [-7.68402835e-02 -1.05355554e-01  9.91461435e-01  8.78413874e+01]
 [ 9.90290766e-01 -1.23601338e-01  6.36153192e-02 -2.10694524e+02]
 [ 0.00000000e+00  0.00000000e+00  0.00000000e+00  1.00000000e+00]]

[[ 1.15199271e-01  9.87215516e-01  1.10157404e-01 -2.85608404e+02]
 [-6.77185231e-02 -1.02832741e-01  9.92390865e-01  8.61445083e+01]
 [ 9.91031447e-01 -1.21782401e-01  5.50065200e-02 -2.02806992e+02]
 [ 0.00000000e+00  0.00000000e+00  0.00000000e+00  1.00000000e+00]]

[[ 1.13701742e-01  9.86250680e-01  1.19922932e-01 -2.94076434e+02]
 [-6.88583500e-02 -1.12592659e-01  9.91252451e-01  8.74960214e+01]
 [ 9.91125845e-01 -1.20964826e-01  5.51096130e-02 -2.03126408e+02]
 [ 0.00000000e+00  0.00000000e+00  0.00000000e+00  1.00000000e+00]]

[[ 1.16682759e-01  9.84905241e-01  1.27854602e-01 -3.00506414e+02]
 [-6.66133903e-02 -1.20683093e-01  9.90453556e-01  8.99826260e+01]
 [ 9.90932788e-01 -1.24085683e-01  5.15262409e-02 -2.00339941e+02]
 [ 0.00000000e+00  0.00000000e+00  0.00000000e+00  1.00000000e+00]]

[[ 1.17435209e-01  9.85014927e-01  1.26311378e-01 -2.99537014e+02]
 [-6.70745351e-02 -1.19033649e-01  9.90622025e-01  8.89512502e+01]
 [ 9.90812787e-01 -1.24806182e-01  5.20906768e-02 -2.00406010e+02]
 [ 0.00000000e+00  0.00000000e+00  0.00000000e+00  1.00000000e+00]]

[[ 1.15046687e-01  9.85811963e-01  1.22225342e-01 -2.95887417e+02]
 [-7.33199225e-02 -1.14279639e-01  9.90739296e-01  8.87031802e+01]
 [ 9.90650518e-01 -1.22942826e-01  5.91321628e-02 -2.06458648e+02]
 [ 0.00000000e+00  0.00000000e+00  0.00000000e+00  1.00000000e+00]]

