[[-0.89755175 -0.13280266 -0.42043348]
 [ 0.04988036 -0.97802289  0.20244304]
 [-0.43807854  0.16073173  0.8844504 ]]
[[-0.8971553  -0.03490415 -0.44033405]
 [-0.04310489 -0.98519706  0.16591779]
 [-0.43960703  0.16783457  0.88237023]]
[[-0.89791559 -0.03681812 -0.43862514]
 [-0.04210022 -0.9847434   0.16884313]
 [-0.4381497   0.1700731   0.8826664 ]]
[[-0.89609612 -0.03432562 -0.44253079]
 [-0.04410183 -0.98518608  0.16572091]
 [-0.44166364  0.16801828  0.8813076 ]]
[[-0.89622335 -0.03430982 -0.44227429]
 [-0.04418973 -0.98514036  0.16596909]
 [-0.44139663  0.16828935  0.88138965]]
[[-0.89581077 -0.03359016 -0.44316448]
 [-0.04444131 -0.98537193  0.16452088]
 [-0.44220813  0.16707439  0.881214  ]]
[[-0.89499433 -0.03350419 -0.44481751]
 [-0.04470466 -0.9854184   0.16417085]
 [-0.44383177  0.16681739  0.88044609]]
[[-0.89531289 -0.03539014 -0.44402969]
 [-0.04314839 -0.98526055  0.16552906]
 [-0.44334303  0.16735947  0.88058944]]
[[-0.89429578 -0.03437531 -0.446154  ]
 [-0.04314658 -0.98577505  0.16243747]
 [-0.44539132  0.16451716  0.88009129]]
[[-0.89769585 -0.03374225 -0.43932177]
 [-0.04504159 -0.98481278  0.16767539]
 [-0.43830744  0.17030926  0.88254255]]
[[-0.89632804 -0.03494803 -0.44201208]
 [-0.0444232  -0.98479467  0.16794653]
 [-0.44116055  0.17017077  0.88114657]]
[[-0.89462913 -0.03408263 -0.44550768]
 [-0.04409472 -0.98548439  0.16393952]
 [-0.44462836  0.16630961  0.88014018]]
[[-0.8944883  -0.03337404 -0.44584399]
 [-0.04368434 -0.98591447  0.16144453]
 [-0.4449521   0.16388664  0.88043103]]
[[-0.89749324 -0.03368938 -0.43973959]
 [-0.04431164 -0.98514441  0.16591252]
 [-0.43879649  0.16839094  0.88266762]]
[[-0.89485173 -0.03304752 -0.44513845]
 [-0.04422396 -0.98578481  0.16208807]
 [-0.44416734  0.16473057  0.88066975]]
[[-0.89316446 -0.03256487 -0.44854963]
 [-0.04523645 -0.9858114   0.16164635]
 [-0.44744934  0.16466757  0.87901859]]
[[-0.89743915 -0.03291422 -0.43990866]
 [-0.04310373 -0.98589823  0.16169957]
 [-0.43902739  0.16407723  0.88336494]]
[[-0.8940561  -0.03400004 -0.44666283]
 [-0.04411029 -0.98558726  0.16331576]
 [-0.44577794  0.16571588  0.87967055]]
[[-0.89640167 -0.03231733 -0.44206292]
 [-0.04386636 -0.98597398  0.16103121]
 [-0.44106664  0.16374034  0.88241108]]
[[-0.89635238 -0.0339807  -0.44203816]
 [-0.04216354 -0.98600516  0.16129498]
 [-0.44133282  0.16321503  0.88237532]]
[[-0.89389694 -0.03431521 -0.44695719]
 [-0.04584152 -0.98484098  0.16729257]
 [-0.44592243  0.17003151  0.87877327]]
[[-0.89695762 -0.03599046 -0.44064921]
 [-0.04518834 -0.98399845  0.17235158]
 [-0.43980115  0.17450427  0.88097855]]
[[-0.89517426 -0.03260188 -0.44452239]
 [-0.04413264 -0.98593717  0.16118379]
 [-0.44352604  0.16390553  0.88114677]]
[[-0.89717153 -0.03481766 -0.44030782]
 [-0.0421083  -0.98560488  0.16373732]
 [-0.43967049  0.16544107  0.88279053]]
[[-0.89543304 -0.0340353  -0.44389332]
 [-0.04321673 -0.9857192   0.16275743]
 [-0.44309366  0.164922    0.88117464]]
[[-0.89749646 -0.03566235 -0.43957741]
 [-0.04479633 -0.98419849  0.17130857]
 [-0.43874069  0.17344029  0.88171712]]
[[-0.89513108 -0.03559546 -0.44437969]
 [-0.04402938 -0.9848748   0.16757998]
 [-0.44362344  0.16957181  0.8800248 ]]
[[-0.89726501 -0.03546238 -0.44006582]
 [-0.04353446 -0.98480415  0.16812359]
 [-0.43934071  0.17000944  0.88208647]]
[[-0.89681902 -0.03555002 -0.44096694]
 [-0.04433278 -0.98452688  0.16953297]
 [-0.4401707   0.17158968  0.8813664 ]]
[[-0.89220778 -0.03353027 -0.45037873]
 [-0.04382826 -0.98610472  0.16023907]
 [-0.44949345  0.16270586  0.87834073]]
[[-0.89714327 -0.03533091 -0.44032452]
 [-0.04134963 -0.98570303  0.16333935]
 [-0.43980014  0.16474606  0.88285592]]
[[-0.89517592 -0.03356369 -0.44444746]
 [-0.04554665 -0.98505212  0.16612592]
 [-0.44337971  0.16895502  0.88026623]]
[[-0.89659491 -0.03425394 -0.44152489]
 [-0.04390873 -0.98521529  0.16559848]
 [-0.44066947  0.16786155  0.88183497]]
[[-0.89756152 -0.03295717 -0.4396557 ]
 [-0.04309893 -0.98586738  0.1618888 ]
 [-0.43877761  0.16425385  0.88345621]]
[[-0.89607011 -0.03498851 -0.44253154]
 [-0.04395416 -0.98499703  0.16687984]
 [-0.44173113  0.16898714  0.88108851]]
[[-0.89706482 -0.03469204 -0.4405351 ]
 [-0.0455298  -0.98435194  0.17023015]
 [-0.43954721  0.17276495  0.88144797]]
[[-0.89613672 -0.03383888 -0.44248605]
 [-0.04398575 -0.98540592  0.16443972]
 [-0.44159283  0.16682356  0.88157   ]]
[[-0.8949941  -0.03505105 -0.44469876]
 [-0.04394701 -0.98513003  0.16609482]
 [-0.4439079   0.16819706  0.88014517]]
[[-0.89496075 -0.03437876 -0.44481833]
 [-0.04241288 -0.98595515  0.16153511]
 [-0.4441243   0.16343361  0.88093306]]
[[-0.8956813  -0.03359461 -0.44342578]
 [-0.04445795 -0.98538215  0.16445521]
 [-0.44246865  0.16701326  0.88109481]]
[[-0.89624505 -0.03510823 -0.44216764]
 [-0.04391658 -0.98494091  0.16722063]
 [-0.44137981  0.16928915  0.88120658]]
[[-0.89410043 -0.03381861 -0.44658787]
 [-0.04485643 -0.98536922  0.16442447]
 [-0.44561455  0.16704432  0.87950206]]
[[-0.89494378 -0.03356219 -0.44491483]
 [-0.04524958 -0.9851984   0.16533781]
 [-0.44387847  0.16810026  0.88017851]]
[[-0.8947027  -0.03404556 -0.44536274]
 [-0.04530593 -0.98503103  0.1663167 ]
 [-0.44435846  0.16898158  0.87976746]]
[[-0.89483615 -0.03373906 -0.44511789]
 [-0.04321753 -0.98590768  0.16161157]
 [-0.44429776  0.16385277  0.88076771]]
[[-0.8939854  -0.0343032  -0.44678116]
 [-0.04561276 -0.98492     0.16688942]
 [-0.44576854  0.16957563  0.87893943]]
[[-0.89606763 -0.03494656 -0.44253988]
 [-0.04160263 -0.98589814  0.16209279]
 [-0.44196383  0.16365692  0.88197754]]
[[-0.89671202 -0.03348919 -0.44134571]
 [-0.04340779 -0.98567284  0.16298715]
 [-0.44048079  0.16531038  0.88241099]]
[[-0.89731697 -0.03545874 -0.43996015]
 [-0.04371194 -0.98472906  0.1685169 ]
 [-0.43921694  0.17044458  0.88206412]]
[[-0.89585693 -0.03440741 -0.44300845]
 [-0.04351207 -0.98541267  0.16452528]
 [-0.44220703  0.16666733  0.88129163]]
[[-0.89542252 -0.03416411 -0.44390464]
 [-0.04461834 -0.98514591  0.16582143]
 [-0.44297598  0.16828653  0.88059748]]
[[-0.89581619 -0.03409824 -0.44311473]
 [-0.04336574 -0.98558778  0.16351191]
 [-0.44230393  0.16569262  0.88142679]]
[[-0.89527012 -0.03463724 -0.44417528]
 [-0.04379476 -0.9853029   0.1651067 ]
 [-0.44336603  0.16726765  0.88059531]]
[[-0.89417796 -0.0347611  -0.44636021]
 [-0.04374369 -0.98542796  0.1643722 ]
 [-0.44556959  0.16650345  0.87962739]]
[[-0.89637314 -0.03429927 -0.44197144]
 [-0.04317044 -0.98550932  0.16403566]
 [-0.44119328  0.16611727  0.88190336]]
[[-0.89568396 -0.03294586 -0.44346906]
 [-0.0430735  -0.98613496  0.16025763]
 [-0.44260017  0.16264195  0.88184618]]
[[-0.8935613  -0.03371758 -0.44767325]
 [-0.04229005 -0.98641976  0.15870604]
 [-0.44694492  0.1607457   0.8800006 ]]
[[-0.89558305 -0.03528456 -0.44349295]
 [-0.04279991 -0.98539328  0.16482797]
 [-0.44283085  0.1665986   0.88099134]]
[[-0.89641694 -0.03445028 -0.44187085]
 [-0.04373853 -0.98523186  0.16554492]
 [-0.4410483   0.16772406  0.88167173]]
[[-0.8958558  -0.03453861 -0.44300053]
 [-0.04372595 -0.98528321  0.16524237]
 [-0.44218822  0.16740396  0.88116144]]
[[-0.89412988 -0.03394897 -0.446519  ]
 [-0.04467499 -0.98538515  0.16437835]
 [-0.44557367  0.16692383  0.87954564]]
[[-0.89543704 -0.03396494 -0.44389062]
 [-0.04385518 -0.98550595  0.16387416]
 [-0.44302283  0.1662059   0.880969  ]]
[[-0.89376795 -0.0332802  -0.44729328]
 [-0.04361487 -0.98606899  0.16051693]
 [-0.44640407  0.16297352  0.87986535]]
[[-0.89412372 -0.0345138  -0.44648804]
 [-0.04426447 -0.98533167  0.16480946]
 [-0.44562701  0.1671236   0.87948068]]
[[-0.89559365 -0.03389172 -0.44358018]
 [-0.04519044 -0.98500548  0.16649932]
 [-0.44257185  0.16916132  0.88063307]]
[[-0.89562052 -0.03409245 -0.44351054]
 [-0.04389886 -0.98541685  0.16439743]
 [-0.44264747  0.16670731  0.88106293]]
[[-0.89415142 -0.03253868 -0.44658088]
 [-0.04369635 -0.98625467  0.1593498 ]
 [-0.4456275   0.1619968   0.88043919]]
[[-0.89460739 -0.03310399 -0.44562512]
 [-0.04369171 -0.98599357  0.16095871]
 [-0.44471188  0.16346497  0.88063076]]
[[-0.89638725 -0.0339678  -0.44196843]
 [-0.04436331 -0.98517903  0.16569299]
 [-0.44104626  0.16813226  0.881595  ]]
[[-0.89406013 -0.03482183 -0.44659146]
 [-0.04581163 -0.98463857  0.16848792]
 [-0.44559823  0.17109742  0.87873084]]
[[-0.8966101  -0.0353339  -0.44140894]
 [-0.04325768 -0.98505515  0.16671869]
 [-0.44070297  0.16857599  0.88168193]]
[[-0.89422238 -0.03283759 -0.44641687]
 [-0.04328269 -0.98628909  0.15924959]
 [-0.44552546  0.16172667  0.88054049]]
[[-0.89775981 -0.03401828 -0.43916977]
 [-0.0420382  -0.98584568  0.16229938]
 [-0.43847476  0.16416776  0.88362256]]
[[-0.89655426 -0.03378855 -0.44164328]
 [-0.04345955 -0.98556459  0.16362671]
 [-0.44079669  0.16589384  0.8821437 ]]
[[-0.89639678 -0.03536103 -0.4418398 ]
 [-0.04172672 -0.98565425  0.16353767]
 [-0.44128414  0.16503117  0.8820618 ]]
[[-0.89411599 -0.03249421 -0.44665503]
 [-0.04519167 -0.98572636  0.16217661]
 [-0.44554944  0.16518979  0.87988524]]
[[-0.89783666 -0.03186751 -0.43917399]
 [-0.04460034 -0.98566668  0.16270218]
 [-0.43806408  0.16566729  0.88354638]]
[[-0.89973893 -0.03241311 -0.43522322]
 [-0.04474973 -0.98513033  0.16587858]
 [-0.43412823  0.16872354  0.88490963]]
[[-0.89639998 -0.03438194 -0.44191057]
 [-0.04461717 -0.98492407  0.16713434]
 [-0.44099476  0.16953602  0.88135189]]
[[-0.89685538 -0.03405791 -0.44101075]
 [-0.04405116 -0.98519728  0.1656678 ]
 [-0.44012489  0.16800709  0.88207919]]
[[-0.89924403 -0.03334656 -0.43617448]
 [-0.04505334 -0.98472799  0.16816949]
 [-0.4351211   0.17087653  0.88400839]]
[[-0.89705165 -0.03497471 -0.44053956]
 [-0.04388711 -0.98488521  0.16755608]
 [-0.43974113  0.16964046  0.88195797]]
[[-0.89442005 -0.0349993  -0.44585629]
 [-0.042716   -0.98568984  0.16306713]
 [-0.44518325  0.16489571  0.88012572]]
[[-0.89551174 -0.03363715 -0.44376487]
 [-0.04501326 -0.98517993  0.1655123 ]
 [-0.44275561  0.16819351  0.88072607]]
[[-0.89600509 -0.03474599 -0.44268227]
 [-0.04242834 -0.98567337  0.1632417 ]
 [-0.44201212  0.16504767  0.88169414]]
[[-0.89698875 -0.03216225 -0.44088181]
 [-0.04463578 -0.98566265  0.16271689]
 [-0.43979408  0.16563433  0.88269272]]
[[-0.89638335 -0.03420227 -0.44195825]
 [-0.04178583 -0.98605971  0.16105957]
 [-0.44130583  0.16283871  0.88245834]]
[[-0.89717308 -0.03578537 -0.44022707]
 [-0.04397133 -0.98452413  0.16964303]
 [-0.43948491  0.17155653  0.88171502]]
[[-0.89682093 -0.03568029 -0.44095253]
 [-0.04308927 -0.98495797  0.16733534]
 [-0.44029028  0.16907016  0.88179348]]
[[-0.89698718 -0.03367077 -0.44077236]
 [-0.04394891 -0.98536246  0.16470979]
 [-0.43986644  0.16711403  0.8823777 ]]
[[-0.895588   -0.03418968 -0.44356871]
 [-0.04198605 -0.98609699  0.16077903]
 [-0.44289876  0.16261546  0.88170114]]
[[-0.89520713 -0.03357719 -0.44438357]
 [-0.04315857 -0.9859385   0.16143916]
 [-0.44355555  0.16370045  0.88117004]]
[[-0.89694207 -0.03496395 -0.44076348]
 [-0.04366755 -0.98498984  0.16699749]
 [-0.43998644  0.16903414  0.88195203]]
[[-0.89580604 -0.0360059  -0.44298432]
 [-0.0417998  -0.98546978  0.16462713]
 [-0.44247521  0.16599063  0.88128474]]
[[-0.89597857 -0.03384849 -0.44280547]
 [-0.04355448 -0.98558675  0.16346794]
 [-0.44195635  0.16574993  0.88159035]]
[[-0.89680267 -0.0334897  -0.44116143]
 [-0.04622041 -0.98458313  0.1687001 ]
 [-0.44000982  0.17168137  0.88142888]]
[[-0.89654385 -0.03368446 -0.44167237]
 [-0.0435113  -0.98558512  0.16348926]
 [-0.44081277  0.16579303  0.88215462]]
[[-0.89644619 -0.0324361  -0.44196394]
 [-0.04376536 -0.98596218  0.16113092]
 [-0.44098619  0.16378791  0.88244246]]
[[-0.89706716 -0.03481065 -0.44052097]
 [-0.04314766 -0.98522861  0.16571923]
 [-0.43978266  0.16766873  0.88231424]]
[[-0.89550504 -0.03272117 -0.44384688]
 [-0.04452855 -0.98570189  0.16250842]
 [-0.44281818  0.16529096  0.88124398]]
[[-0.89589017 -0.03317087 -0.44303555]
 [-0.04303023 -0.98604189  0.16084088]
 [-0.44218684  0.16315969  0.88195789]]
[[-0.89725156 -0.03280208 -0.44029951]
 [-0.04491389 -0.9852822   0.16492947]
 [-0.4392293   0.16775879  0.88257272]]
[[-0.89454892 -0.03360832 -0.44570473]
 [-0.04239399 -0.98629402  0.159458  ]
 [-0.44495503  0.16153818  0.88086346]]
[[-0.894612   -0.03618975 -0.44537587]
 [-0.04393857 -0.98476012  0.16827627]
 [-0.44467827  0.17011115  0.8793881 ]]
[[-0.89617836 -0.03470563 -0.44233456]
 [-0.04404159 -0.98505459  0.16651663]
 [-0.44150276  0.16870972  0.88125612]]
[[-0.89647427 -0.03542635 -0.44167731]
 [-0.04412242 -0.98470722  0.16853753]
 [-0.44089351  0.17057743  0.8812016 ]]
[[-0.89595413 -0.0338381  -0.44285571]
 [-0.04300351 -0.98579975  0.16232547]
 [-0.44205984  0.16448052  0.8817762 ]]
[[-0.89677981 -0.03304227 -0.44124164]
 [-0.04625193 -0.98474486  0.16774483]
 [-0.44005311  0.17083845  0.88157103]]
[[-0.89675049 -0.03594947 -0.4410739 ]
 [-0.04230281 -0.98516711  0.16630162]
 [-0.44050996  0.16778973  0.88192833]]
[[-0.89575033 -0.03390622 -0.44326258]
 [-0.04313307 -0.98575436  0.16256655]
 [-0.44246003  0.16473831  0.88152732]]
[[-0.8963246  -0.03493857 -0.44201981]
 [-0.04245934 -0.98554626  0.16399928]
 [-0.44136088  0.16576446  0.88188589]]
[[-0.90033136 -0.02403977 -0.43454061]
 [-0.04571241 -0.98772633  0.14935551]
 [-0.43279767  0.15433335  0.88818207]]
[[-0.89906517 -0.03334084 -0.43654348]
 [-0.04448653 -0.98497856  0.16684776]
 [-0.43554882  0.16942732  0.8840767 ]]
[[-0.89532766 -0.0329582  -0.44418705]
 [-0.04550779 -0.98527092  0.16483402]
 [-0.44307722  0.16779443  0.88064045]]
[[-0.89678941 -0.03419164 -0.44113454]
 [-0.04410597 -0.98513553  0.16602004]
 [-0.44025381  0.16834168  0.88195106]]
[[-0.89714144 -0.03553788 -0.44031159]
 [-0.04339612 -0.98484703  0.16790801]
 [-0.43960666  0.16974505  0.88200488]]
[[-0.89675448 -0.03315864 -0.44128437]
 [-0.04388193 -0.98561091  0.16323451]
 [-0.44034733  0.16574569  0.88239594]]
[[-0.89322623 -0.03475164 -0.44826245]
 [-0.0436684  -0.98558909  0.16342345]
 [-0.44748181  0.16554901  0.87883648]]
[[-0.89425355 -0.03247258 -0.44638115]
 [-0.04381087 -0.98622333  0.15951221]
 [-0.44541128  0.16220071  0.88051106]]
[[-0.89739915 -0.03422311 -0.43989038]
 [-0.04301139 -0.9854534   0.16441294]
 [-0.43911819  0.16646433  0.88287306]]
[[-0.89519858 -0.03416926 -0.44435567]
 [-0.04394039 -0.98543155  0.16429822]
 [-0.44349605  0.1666047   0.88065551]]
[[-0.89882442 -0.03844065 -0.43661994]
 [-0.04320414 -0.98352545  0.17553091]
 [-0.43617434  0.17663526  0.8823559 ]]
[[-0.89249884 -0.03486775 -0.44969997]
 [-0.04284002 -0.98594757  0.16146865]
 [-0.44901064  0.16337574  0.87846333]]
[[-0.89559871 -0.03412253 -0.44355226]
 [-0.04323238 -0.98565865  0.16311953]
 [-0.44275717  0.16526546  0.88127942]]
[[-0.8966344  -0.03291463 -0.44154657]
 [-0.04625599 -0.98481313  0.16734241]
 [-0.44034887  0.17046913  0.88149484]]
[[-0.89569083 -0.02418657 -0.44401909]
 [-0.04339938 -0.98899801  0.14141936]
 [-0.44255445  0.14593817  0.88478676]]
[[-0.89581367 -0.01193407 -0.44426957]
 [-0.04868482 -0.9909884   0.12478696]
 [-0.44175521  0.13341505  0.88715994]]
[[-0.91170115 -0.00885167 -0.41075865]
 [-0.049223   -0.99021355  0.1305918 ]
 [-0.40789473  0.13927947  0.90234313]]
[[-0.89629355 -0.00412488 -0.44344206]
 [-0.03855957 -0.99544455  0.0871969 ]
 [-0.44178166  0.09525296  0.89205148]]
[[-0.89738445 -0.00838266 -0.44116991]
 [-0.03771372 -0.99470381  0.09561389]
 [-0.43963489  0.10244057  0.89231558]]
[[-0.89619104 -0.00271768 -0.44366004]
 [-0.03876776 -0.99567668  0.0844098 ]
 [-0.44197135  0.09284701  0.89221116]]
[[-0.89796499 -0.00665132 -0.44001663]
 [-0.04118363 -0.99422742  0.09907441]
 [-0.43813558  0.10708683  0.89250749]]
[[-0.89657299 -0.00635549 -0.4428504 ]
 [-0.037312   -0.99525855  0.08982332]
 [-0.44132152  0.0970568   0.8920848 ]]
[[-0.90001108 -0.00246214 -0.43586006]
 [-0.04035884 -0.99521727  0.08895922]
 [-0.43399449  0.09765509  0.89560721]]
[[-0.89476749 -0.00426886 -0.44651194]
 [-0.03874771 -0.99544016  0.0871636 ]
 [-0.44484801  0.09529247  0.89052209]]
[[-0.89642146 -0.01012208 -0.44308703]
 [-0.04186794 -0.99333433  0.10739635]
 [-0.44122063  0.11482353  0.89002242]]
[[-0.89659322 -0.00863184 -0.44277093]
 [-0.04032609 -0.99406495  0.10103805]
 [-0.4410152   0.10844526  0.8909238 ]]
[[-0.90093648  0.00347302 -0.4339371 ]
 [-0.04287293 -0.99578813  0.08104261]
 [-0.43182795  0.0916184   0.89729075]]
[[-9.06513680e-01 -3.19848161e-05 -4.22176441e-01]
 [-4.10700367e-02 -9.95250204e-01  8.82625825e-02]
 [-4.20174012e-01  9.73500404e-02  9.02206611e-01]]
[[-9.06761717e-01 -3.14384375e-05 -4.21643437e-01]
 [-4.11202681e-02 -9.95226597e-01  8.85050497e-02]
 [-4.19633545e-01  9.75910820e-02  9.02432085e-01]]
[[-0.90421636 -0.00583712 -0.42703477]
 [-0.0404877  -0.99423151  0.09931999]
 [-0.42515116  0.10709641  0.89876407]]
[[-0.90418894 -0.01094543 -0.42699246]
 [-0.038795   -0.99343523  0.10761686]
 [-0.42536727  0.11387115  0.89782852]]
[[-0.90568144 -0.00362416 -0.42394338]
 [-0.03984075 -0.99481081  0.09361717]
 [-0.42208274  0.10167756  0.9008373 ]]
[[-0.90100422 -0.00915619 -0.43371369]
 [-0.0408615  -0.99354102  0.10586116]
 [-0.43188163  0.11310354  0.89481051]]
[[-0.90052166 -0.01039208 -0.43468695]
 [-0.03884773 -0.99379341  0.10423779]
 [-0.43307227  0.11075499  0.89452878]]
[[-0.90568031 -0.00287343 -0.42395155]
 [-0.04071599 -0.99476539  0.0937231 ]
 [-0.42200164  0.10214478  0.90082243]]
[[-0.91698609 -0.01160269 -0.39875041]
 [-0.03215931 -0.99417344  0.10288323]
 [-0.39762079  0.10716603  0.91127007]]
[[-0.93892111 -0.01209565 -0.34391983]
 [-0.02631004 -0.99393402  0.10678457]
 [-0.34312525  0.10931083  0.9329074 ]]
[[-0.94168922 -0.01181183 -0.33627651]
 [-0.0205432  -0.99550118  0.09249531]
 [-0.3358562   0.09401003  0.93721008]]
[[-0.9438535  -0.00399517 -0.33034015]
 [-0.02297571 -0.99671193  0.07770094]
 [-0.3295644   0.0809281   0.94065825]]
[[-0.94482474 -0.00433363 -0.32754761]
 [-0.02276466 -0.99662641  0.07885152]
 [-0.32678431  0.08195738  0.94153864]]
[[-0.94387991 -0.00478528 -0.33025417]
 [-0.02271692 -0.99658666  0.07936611]
 [-0.32950669  0.08241444  0.94054941]]
[[-0.94534014 -0.00371975 -0.32606469]
 [-0.02379323 -0.99648268  0.0803502 ]
 [-0.32521669  0.0837164   0.94192657]]
[[-0.94392524 -0.00404793 -0.33013446]
 [-0.0223869  -0.99683879  0.07623163]
 [-0.32939941  0.07934765  0.94085067]]
[[-0.9446517  -0.00418158 -0.3280483 ]
 [-0.02321651 -0.99655988  0.07955751]
 [-0.32725245  0.08277028  0.9413049 ]]
[[-0.94493107 -0.00438113 -0.32724008]
 [-0.02265864 -0.99663515  0.07877165]
 [-0.32648407  0.0818486   0.94165225]]
[[-0.9441765  -0.00355894 -0.32942081]
 [-0.02214635 -0.99699399  0.07424637]
 [-0.3286948   0.07739715  0.94125948]]
[[-0.93820854 -0.0058435  -0.34602108]
 [-0.03040178 -0.99460014  0.0992285 ]
 [-0.34473245  0.10361669  0.93296469]]
[[-0.92602846 -0.0159641  -0.37711595]
 [-0.01775507 -0.99615693  0.0857679 ]
 [-0.37703588  0.08611923  0.92218622]]
[[-0.92987771 -0.00881383 -0.3677632 ]
 [-0.02130169 -0.99674539  0.0777487 ]
 [-0.36725154  0.08013075  0.92666357]]
[[-0.92858277 -0.00921702 -0.37101091]
 [-0.02007499 -0.9969805   0.07501254]
 [-0.37058203  0.0771034   0.92559388]]
[[-0.92979025 -0.00797113 -0.36800347]
 [-0.02341391 -0.99646008  0.08074092]
 [-0.36734436  0.08368852  0.92631223]]
[[-9.30744971e-01 -8.27243653e-05 -3.65668965e-01]
 [-4.12562379e-02 -9.93591206e-01  1.05235155e-01]
 [-3.63334173e-01  1.13033217e-01  9.24776606e-01]]
[[-0.90284666  0.00129835 -0.42996072]
 [-0.04564895 -0.99463296  0.09285178]
 [-0.42753254  0.10345818  0.89806031]]
[[-0.9043758   0.00101783 -0.42673572]
 [-0.04954539 -0.99348481  0.10263133]
 [-0.423851    0.11396008  0.89853405]]
[[-0.89646942 -0.00398136 -0.44308773]
 [-0.0497035  -0.99274531  0.10948203]
 [-0.44030915  0.1201703   0.88976792]]
[[-0.89796429 -0.00417972 -0.44004847]
 [-0.0509366  -0.99224674  0.11336605]
 [-0.4371105   0.12421324  0.89078925]]
[[-0.89891998 -0.00411587 -0.43809351]
 [-0.04934358 -0.99264229  0.11057347]
 [-0.43532525  0.1210138   0.8921029 ]]
[[-0.89660277 -0.00502123 -0.44280724]
 [-0.05039017 -0.99228415  0.11328281]
 [-0.43995943  0.12388282  0.8894317 ]]
[[-0.89631774 -0.0049825  -0.44338436]
 [-0.04963353 -0.99252537  0.11148944]
 [-0.44062572  0.12193669  0.8893708 ]]
[[-0.90338813 -0.00247432 -0.42881671]
 [-0.0380902  -0.99556768  0.08598917]
 [-0.42712882  0.09401531  0.89928977]]
[[-9.03770751e-01 -9.14098260e-04 -4.28015880e-01]
 [-6.64724316e-02 -9.87564824e-01  1.42468010e-01]
 [-4.22823657e-01  1.57209677e-01  8.92471441e-01]]
[[-0.90445577 -0.00158357 -0.42656448]
 [-0.07622123 -0.98329957  0.16526425]
 [-0.41970238  0.18198747  0.88923027]]
[[-0.90992058 -0.00546751 -0.41474649]
 [-0.08567645 -0.97587195  0.20083197]
 [-0.40583752  0.21827515  0.88749753]]
[[-0.90426881 -0.00632924 -0.42691669]
 [-0.08472896 -0.97734414  0.19395729]
 [-0.41847212  0.21156173  0.88324556]]
[[-0.90721012 -0.00322742 -0.42066541]
 [-0.0851724  -0.97785157  0.19118568]
 [-0.41196537  0.20927466  0.88684195]]
[[-0.90784158 -0.00612961 -0.41926852]
 [-0.08421143 -0.97685583  0.1966243 ]
 [-0.41077013  0.21381092  0.88631416]]
[[-0.91087506 -0.0033407  -0.41266871]
 [-0.08689393 -0.97599656  0.19970019]
 [-0.40343038  0.21776032  0.88872064]]
[[-0.90829372 -0.00552458 -0.41829653]
 [-0.08346707 -0.97741439  0.19415035]
 [-0.40992165  0.21125953  0.88731824]]
[[-0.91387421 -0.01387424 -0.40576032]
 [-0.08046707 -0.97340025  0.21451574]
 [-0.39794344  0.22869075  0.88844896]]
[[-0.91099798 -0.06847603 -0.40668625]
 [-0.01934101 -0.97794054  0.20798613]
 [-0.41195704  0.19734067  0.88957746]]
[[-0.91825043 -0.10014366 -0.38312843]
 [ 0.01150508 -0.97383375  0.22697019]
 [-0.39583302  0.20400755  0.89537542]]
[[-0.90424062 -0.14833968 -0.40043006]
 [ 0.04698496 -0.96659251  0.25197487]
 [-0.42443057  0.20903173  0.88100195]]
[[-0.90451819 -0.18802963 -0.38274233]
 [ 0.08894984 -0.96098898  0.26189332]
 [-0.41705487  0.2028424   0.88595722]]
[[-0.8991029  -0.2313403  -0.37161222]
 [ 0.134257   -0.95376063  0.26891583]
 [-0.41664017  0.19189146  0.888588  ]]
[[-0.89623227 -0.26524624 -0.35554487]
 [ 0.16241941 -0.94208876  0.29340877]
 [-0.4127804   0.20521502  0.88741148]]
[[-0.88286007 -0.30517075 -0.35697186]
 [ 0.19350026 -0.92895671  0.31559004]
 [-0.42792026  0.2095477   0.87918941]]
[[-0.87735035 -0.34673033 -0.33171441]
 [ 0.23920405 -0.9152961   0.32405936]
 [-0.41597811  0.20496616  0.88597465]]
[[-0.8657826  -0.38258565 -0.32256584]
 [ 0.27049075 -0.90009385  0.34156378]
 [-0.42101693  0.2084689   0.88277147]]
[[-0.85211583 -0.41777676 -0.31521609]
 [ 0.30773472 -0.88714709  0.34390317]
 [-0.42331779  0.1960424   0.88451649]]
[[-0.83873272 -0.45125681 -0.30478635]
 [ 0.34023699 -0.87128207  0.35370375]
 [-0.4251661   0.19296331  0.88430704]]
[[-0.82254684 -0.48351746 -0.29937862]
 [ 0.36597033 -0.85298756  0.37212625]
 [-0.43529578  0.19652757  0.87857527]]
[[-0.8240601  -0.4932829  -0.27856226]
 [ 0.37861973 -0.84534131  0.37688881]
 [-0.42139299  0.20510986  0.88337868]]
[[-0.82148378 -0.49567561 -0.2819044 ]
 [ 0.38096257 -0.84491556  0.37547999]
 [-0.42430168  0.2010557   0.88291828]]
[[-0.82192135 -0.494784   -0.28219512]
 [ 0.383764   -0.84712948  0.36755521]
 [-0.42091625  0.19380515  0.88615409]]
[[-0.82179945 -0.49601906 -0.2803761 ]
 [ 0.38034327 -0.84395729  0.37825268]
 [-0.42424599  0.20420868  0.88222115]]
[[-0.82498953 -0.49337343 -0.27563549]
 [ 0.38060997 -0.84557458  0.37435234]
 [-0.41776586  0.20392715  0.88537303]]
[[-0.82099267 -0.49506582 -0.28439562]
 [ 0.38231772 -0.84665339  0.37015024]
 [-0.42403324  0.19516115  0.88436866]]
[[-0.82472593 -0.49298056 -0.27712327]
 [ 0.38066482 -0.84630503  0.37264204]
 [-0.4182361   0.20183647  0.88563006]]
[[-0.82288533 -0.49410825 -0.28056511]
 [ 0.38110374 -0.8461838   0.37246868]
 [-0.4214495   0.19957459  0.88461873]]
[[-0.82512521 -0.4930692  -0.27577373]
 [ 0.38057133 -0.84587871  0.37370399]
 [-0.41753306  0.20340101  0.88560385]]
[[-0.81782674 -0.50266873 -0.28014919]
 [ 0.38811641 -0.84123696  0.37641205]
 [-0.42488242  0.19910935  0.88308006]]
[[-0.80013212 -0.5388561  -0.26348188]
 [ 0.42262063 -0.81816734  0.3898641 ]
 [-0.42565291  0.20058991  0.88237367]]
[[-0.78450132 -0.57010141 -0.24401242]
 [ 0.46111029 -0.79938404  0.38517848]
 [-0.41465042  0.18965639  0.88999746]]
[[-0.75925    -0.60643759 -0.23616285]
 [ 0.48649613 -0.76991242  0.41298472]
 [-0.43227417  0.19866634  0.87958554]]
[[-0.75947622 -0.60695601 -0.23409457]
 [ 0.49009524 -0.77047393  0.40764762]
 [-0.42778793  0.19487004  0.88262288]]
[[-0.75750043 -0.60983555 -0.23301009]
 [ 0.49132493 -0.76757041  0.41162542]
 [-0.42987546  0.19732277  0.88106232]]
[[-0.75729453 -0.60855188 -0.23700125]
 [ 0.49023507 -0.76948102  0.40935135]
 [-0.4314795   0.19381321  0.88105725]]
[[-0.75945177 -0.60456781 -0.24027229]
 [ 0.48396017 -0.77183513  0.41237493]
 [-0.4347592   0.19689665  0.8787583 ]]
[[-0.75618712 -0.60748854 -0.24318452]
 [ 0.48780599 -0.77105395  0.40929343]
 [-0.43614946  0.19087555  0.87939762]]
[[-0.75801638 -0.60717136 -0.23823121]
 [ 0.48717707 -0.7699256   0.41215662]
 [-0.43367     0.19636069  0.87941617]]
[[-0.75739376 -0.60709182 -0.24040427]
 [ 0.48690299 -0.7704214   0.41155358]
 [-0.43506341  0.19465455  0.87910718]]
[[-0.75806582 -0.609253   -0.23269504]
 [ 0.4945581  -0.76960947  0.40387319]
 [-0.42514526  0.19108124  0.88472564]]
[[-0.74171526 -0.62843096 -0.2343779 ]
 [ 0.5098095  -0.75530653  0.41183287]
 [-0.43583568  0.18597464  0.88060246]]
[[-0.72807282 -0.6530408  -0.20844108]
 [ 0.53363702 -0.73080362  0.42562613]
 [-0.43028072  0.19865494  0.880565  ]]
[[-0.70052903 -0.68485507 -0.2005807 ]
 [ 0.56319757 -0.70318957  0.43397341]
 [-0.43825514  0.19104441  0.87831342]]
[[-0.69136661 -0.69522197 -0.1966688 ]
 [ 0.57291554 -0.69337116  0.4370403 ]
 [-0.44020449  0.18948046  0.87767714]]
[[-0.6926511  -0.69630203 -0.18814337]
 [ 0.57845697 -0.69208409  0.43174893]
 [-0.43083869  0.19021853  0.88215358]]
[[-0.68931198 -0.69856459 -0.19198049]
 [ 0.58385393 -0.69255133  0.42365934]
 [-0.42890976  0.17994489  0.88524361]]
[[-0.68915576 -0.69860408 -0.19239721]
 [ 0.58475251 -0.69298357  0.42170876]
 [-0.42793556  0.17811827  0.8860841 ]]
[[-0.69344454 -0.69564471 -0.18765155]
 [ 0.58184799 -0.69427438  0.42359887]
 [-0.42495598  0.18455765  0.88620026]]
[[-0.68869446 -0.69890208 -0.19296586]
 [ 0.583883   -0.69238912  0.42388436]
 [-0.42986112  0.17925733  0.88492159]]
[[-0.68968091 -0.69818439 -0.19203856]
 [ 0.58115569 -0.69190878  0.4283927 ]
 [-0.43197026  0.18384997  0.88295011]]
[[-0.68976385 -0.69814599 -0.19188019]
 [ 0.58316922 -0.69276857  0.42424682]
 [-0.42911478  0.18073151  0.88498397]]
[[-0.6923941  -0.68999197 -0.21095376]
 [ 0.57173756 -0.70303013  0.42292411]
 [-0.44012108  0.17221997  0.88126824]]
[[-0.72616265 -0.65367154 -0.21307586]
 [ 0.53559538 -0.7321612   0.42080587]
 [-0.4310747   0.19145106  0.88177157]]
[[-0.74542366 -0.62482723 -0.23223801]
 [ 0.50595655 -0.75717296  0.41315504]
 [-0.43399486  0.1904732   0.88055007]]
[[-0.77108351 -0.58658128 -0.24769461]
 [ 0.4712301  -0.78732824  0.39756312]
 [-0.42822005  0.18983321  0.88351058]]
[[-0.78950539 -0.55585876 -0.26019662]
 [ 0.43737173 -0.8069793   0.39685057]
 [-0.43056615  0.19951302  0.88023141]]
[[-0.81242263 -0.51863092 -0.26644219]
 [ 0.40741236 -0.83183681  0.37691205]
 [-0.41711466  0.19766004  0.8870997 ]]
[[-0.82409183 -0.48539835 -0.29199503]
 [ 0.37058247 -0.85184394  0.37017636]
 [-0.4284172   0.19685107  0.88187775]]
[[-0.84079498 -0.44981017 -0.30122188]
 [ 0.33669765 -0.87021652  0.3596636 ]
 [-0.4239086   0.20098265  0.8831237 ]]
[[-0.84932939 -0.43136012 -0.30424995]
 [ 0.32406634 -0.88107162  0.34451969]
 [-0.41667805  0.19401353  0.88810931]]
[[-0.8504655  -0.42891465 -0.3045335 ]
 [ 0.31817828 -0.88046101  0.35149821]
 [-0.4188926   0.20204115  0.88527304]]
[[-0.84962997 -0.43191963 -0.30261254]
 [ 0.32507772 -0.88074921  0.34439122]
 [-0.41527508  0.19423251  0.88871837]]
[[-0.85283817 -0.42832307 -0.2986744 ]
 [ 0.32260366 -0.88195569  0.34362922]
 [-0.41060191  0.19670666  0.89034407]]
[[-0.85231958 -0.42776823 -0.30094133]
 [ 0.31983378 -0.88155043  0.34723938]
 [-0.41383293  0.19970772  0.88817742]]
[[-0.8417069  -0.43030377 -0.32614133]
 [ 0.32608892 -0.88656149  0.32813829]
 [-0.43034349  0.16984519  0.88654221]]
[[-0.83494068 -0.43052433 -0.34281609]
 [ 0.34310344 -0.89424927  0.28739913]
 [-0.43029536  0.12233985  0.89435947]]
[[-0.83309949 -0.43423985 -0.3426091 ]
 [ 0.34807897 -0.89296825  0.28539226]
 [-0.42986774  0.11850512  0.89508115]]
[[-0.8348838  -0.43319354 -0.3395768 ]
 [ 0.3494299  -0.89380125  0.28110154]
 [-0.42528553  0.11602884  0.89759096]]
[[-0.83220355 -0.43379767 -0.34533582]
 [ 0.35117531 -0.89434572  0.27716717]
 [-0.42908408  0.10938609  0.89661671]]
[[-0.83144434 -0.43480246 -0.34590047]
 [ 0.35215203 -0.89394247  0.2772288 ]
 [-0.42975488  0.10869076  0.89637997]]
[[-0.83185271 -0.4341937  -0.34568322]
 [ 0.35340601 -0.89465868  0.27329477]
 [-0.42793137  0.10517447  0.89767092]]
[[-0.82956376 -0.43605062 -0.34883209]
 [ 0.35409207 -0.89380119  0.2752058 ]
 [-0.4317902   0.10478208  0.89586714]]
[[-0.83329454 -0.43178073 -0.3452327 ]
 [ 0.34769199 -0.89484185  0.27994345]
 [-0.42980286  0.1132407   0.89579353]]
[[-0.83201983 -0.43476889 -0.34455624]
 [ 0.34895773 -0.89301318  0.28417595]
 [-0.43124413  0.11620446  0.89472064]]
[[-0.83288107 -0.43348514 -0.34409265]
 [ 0.34974098 -0.89408527  0.27980846]
 [-0.42894098  0.11270387  0.89627422]]
[[-0.84040673 -0.43676875 -0.32085758]
 [ 0.3626333  -0.89316463  0.26599631]
 [-0.40275751  0.10719144  0.90900846]]
[[-0.85292109 -0.43954238 -0.28165244]
 [ 0.3733767  -0.89069763  0.25932137]
 [-0.3648499   0.11601821  0.92380968]]
[[-0.85536958 -0.43801101 -0.27656689]
 [ 0.37692973 -0.89250137  0.24772018]
 [-0.35534049  0.10764602  0.92851789]]
[[-0.85509583 -0.43595351 -0.28063439]
 [ 0.37409689 -0.89355367  0.24822038]
 [-0.35897444  0.10726775  0.92716287]]
[[-0.85493291 -0.43736089 -0.27893578]
 [ 0.3764663  -0.89305721  0.24641824]
 [-0.35687931  0.10566114  0.92815563]]
[[-0.85259576 -0.43846668 -0.28430169]
 [ 0.37445937 -0.89209628  0.25287231]
 [-0.36450056  0.10913843  0.92478546]]
[[-0.84986497 -0.44183629 -0.28724593]
 [ 0.37826658 -0.89094293  0.25126695]
 [-0.36693859  0.10488744  0.92431309]]
[[-0.85736151 -0.43734947 -0.27139765]
 [ 0.37476316 -0.8918499   0.25329099]
 [-0.35282265  0.1154521   0.92854025]]
[[-0.84609569 -0.43328255 -0.31046467]
 [ 0.36271371 -0.89480837  0.26030126]
 [-0.39059038  0.10762998  0.91425103]]
[[-0.83183335 -0.43393535 -0.34605403]
 [ 0.35160827 -0.89442036  0.27637629]
 [-0.42944721  0.10822356  0.89658394]]
[[-0.81724982 -0.43278486 -0.38052594]
 [ 0.33366942 -0.89373003  0.29985223]
 [-0.46985897  0.11808431  0.87480778]]
[[-0.80148559 -0.42508421 -0.42062366]
 [ 0.31776325 -0.89858046  0.30262135]
 [-0.50660375  0.10888791  0.85527543]]
[[-0.79901809 -0.42915325 -0.42118592]
 [ 0.31736008 -0.89592186  0.31081603]
 [-0.51073738  0.11468003  0.85205388]]
[[-0.79808885 -0.43140483 -0.4206472 ]
 [ 0.31494361 -0.89383887  0.3191592 ]
 [-0.51367763  0.12223725  0.84923103]]
[[-0.80170815 -0.42767408 -0.41756308]
 [ 0.31912986 -0.89696309  0.30596299]
 [-0.50539111  0.11203618  0.85558619]]
[[-0.80013117 -0.42764444 -0.42060711]
 [ 0.3208537  -0.89760495  0.30225528]
 [-0.50679681  0.10689053  0.855413  ]]
[[-0.80202318 -0.42935895 -0.41522248]
 [ 0.31927778 -0.89569878  0.30949217]
 [-0.5047975   0.11564859  0.85545595]]
[[-0.80638597 -0.42833527 -0.40776289]
 [ 0.32083448 -0.8960688   0.30679951]
 [-0.49679665  0.11657442  0.86000203]]
[[-0.80518538 -0.42896039 -0.40947465]
 [ 0.31825058 -0.89519663  0.31199289]
 [-0.50039292  0.12089656  0.85731613]]
[[-0.81873825 -0.43080751 -0.37956891]
 [ 0.32663985 -0.89315669  0.30915617]
 [-0.47220131  0.12913565  0.87198045]]
[[-0.82281173 -0.43591347 -0.36463721]
 [ 0.34231382 -0.89230833  0.29429084]
 [-0.45365416  0.1173256   0.88342097]]
[[-0.83534995 -0.43547932 -0.33548207]
 [ 0.35801918 -0.89408896  0.26912303]
 [-0.41714833  0.10470289  0.90278711]]
[[-0.83731438 -0.43628328 -0.32948676]
 [ 0.35622175 -0.89253199  0.27657315]
 [-0.41474171  0.11420833  0.90274347]]
[[-0.83932914 -0.43592615 -0.3247999 ]
 [ 0.35621506 -0.89235489  0.27715265]
 [-0.41065487  0.11692368  0.90426292]]
[[-0.84061839 -0.43518257 -0.32245442]
 [ 0.35615559 -0.89265817  0.27625094]
 [-0.40806116  0.11737768  0.90537758]]
[[-0.83868018 -0.43580712 -0.32663086]
 [ 0.35610567 -0.89258107  0.27656425]
 [-0.41207319  0.11563386  0.90378344]]
[[-0.84175325 -0.43339211 -0.32190486]
 [ 0.3533244  -0.89308894  0.27848521]
 [-0.40818296  0.12067899  0.90488853]]
[[-0.83732338 -0.43653908 -0.32912489]
 [ 0.35598608 -0.89224936  0.27778586]
 [-0.41492586  0.11543272  0.90250309]]
[[-0.84159969 -0.43254651 -0.32344007]
 [ 0.35222836 -0.89353459  0.27844411]
 [-0.40944492  0.12041371  0.90435358]]
[[-0.82710773 -0.43491967 -0.35600237]
 [ 0.35148587 -0.89452224  0.27620218]
 [-0.4385778   0.10331916  0.89273438]]
[[-0.81732764 -0.4254542  -0.38854118]
 [ 0.33380852 -0.89930008  0.28254423]
 [-0.46962475  0.10123285  0.87704305]]
[[-0.77689521 -0.40063088 -0.48572496]
 [ 0.29088686 -0.91256176  0.28742977]
 [-0.55840726  0.0820118   0.82550312]]
[[-0.81156436 -0.43065787 -0.39483806]
 [ 0.32320628 -0.89388692  0.31065074]
 [-0.48672477  0.12449893  0.86463809]]
[[-0.80936809 -0.42819314 -0.40196261]
 [ 0.32684427 -0.89704319  0.29746653]
 [-0.48795095  0.10938074  0.8659906 ]]
[[-0.81093878 -0.42980911 -0.3970421 ]
 [ 0.32412986 -0.89490305  0.30673827]
 [-0.48715309  0.12005276  0.86502555]]
[[-0.81025734 -0.42930865 -0.39897008]
 [ 0.32535753 -0.89570976  0.30306187]
 [-0.48746847  0.11575019  0.86543421]]
[[-0.81214344 -0.42845658 -0.39604039]
 [ 0.32556217 -0.89606437  0.30179119]
 [-0.48418211  0.11616197  0.86722205]]
[[-0.81311046 -0.4298853  -0.39249204]
 [ 0.32527095 -0.89470844  0.30609739]
 [-0.48275271  0.12122473  0.867326  ]]
[[-0.81036494 -0.42655847 -0.4016921 ]
 [ 0.32568055 -0.89782479  0.29638291]
 [-0.48707376  0.10935501  0.86648753]]
[[-0.80038829 -0.42537054 -0.4224198 ]
 [ 0.31298915 -0.89749187  0.31071875]
 [-0.51128894  0.11648283  0.85147834]]
[[-0.79624935 -0.4303011  -0.42523868]
 [ 0.31128271 -0.89413483  0.3219099 ]
 [-0.51873889  0.1239511   0.84589957]]
[[-0.79734817 -0.42661532 -0.42689024]
 [ 0.31323503 -0.89713645  0.31149641]
 [-0.51586793  0.11465411  0.84896096]]
[[-0.79535678 -0.42620077 -0.4309994 ]
 [ 0.31018492 -0.89708287  0.31468659]
 [-0.52076185  0.1165986   0.84570199]]
[[-0.7962902  -0.42707922 -0.42839849]
 [ 0.31028914 -0.89630545  0.31679203]
 [-0.51927119  0.11933098  0.84623729]]
[[-0.79860628 -0.42756034 -0.42358018]
 [ 0.30624157 -0.89454856  0.32557484]
 [-0.51811593  0.13028825  0.84532884]]
[[-0.79647194 -0.42859572 -0.4265421 ]
 [ 0.30833073 -0.89467592  0.32324473]
 [-0.52015825  0.12593932  0.8447335 ]]
[[-0.79465499 -0.43016743 -0.428345  ]
 [ 0.31287787 -0.89488737  0.31825151]
 [-0.52022196  0.11888048  0.84571658]]
[[-0.80528551 -0.42844475 -0.40981746]
 [ 0.320887   -0.89619113  0.30638699]
 [-0.49854467  0.11522391  0.85917208]]
[[-0.80773811 -0.42558428 -0.40796712]
 [ 0.32103832 -0.89793331  0.30108166]
 [-0.49446288  0.11222205  0.86192382]]
[[-0.80424597 -0.42912416 -0.41114581]
 [ 0.3186783  -0.89534568  0.31112739]
 [-0.5016299   0.1191997   0.85683071]]
[[-0.80846752 -0.42945871 -0.40242452]
 [ 0.31914509 -0.8944093   0.31333436]
 [-0.4944964   0.12488884  0.8601605 ]]
[[-0.80572254 -0.43025404 -0.40705362]
 [ 0.31989709 -0.89450734  0.31228589]
 [-0.49847471  0.12140051  0.85836174]]
[[-0.80419195 -0.42710393 -0.41334918]
 [ 0.32126139 -0.89744973  0.30228314]
 [-0.50006643  0.11030054  0.85893385]]
[[-0.80922119 -0.42619587 -0.40437377]
 [ 0.31760789 -0.89639833  0.30918484]
 [-0.49425327  0.12176662  0.86074769]]
[[-0.80788252 -0.42952012 -0.40353228]
 [ 0.32198112 -0.89517351  0.30820859]
 [-0.4936132   0.11906656  0.8614924 ]]
[[-0.8070998  -0.42677833 -0.40798305]
 [ 0.31839727 -0.89653807  0.30796537]
 [-0.49720528  0.1186581   0.85948075]]
[[-0.8108866  -0.41007354 -0.41749564]
 [ 0.31873276 -0.90779945  0.27259784]
 [-0.49078748  0.0879764   0.86682628]]
[[-0.8038034  -0.41844514 -0.42285193]
 [ 0.31839589 -0.9030298   0.2883769 ]
 [-0.50251781  0.09716402  0.85908964]]
[[-0.8032501  -0.41690253 -0.42541928]
 [ 0.31989914 -0.90441813  0.28229842]
 [-0.50244783  0.09066497  0.85984071]]
[[-0.80096349 -0.41561845 -0.43095103]
 [ 0.318353   -0.90525602  0.28135904]
 [-0.50705902  0.08816376  0.8573904 ]]
[[-0.8013562  -0.41632973 -0.42953207]
 [ 0.31812197 -0.90470306  0.28339157]
 [-0.50658332  0.090454    0.85743304]]
[[-0.80013224 -0.41687343 -0.43128291]
 [ 0.31935988 -0.90470497  0.28198967]
 [-0.50773779  0.08789457  0.85701626]]
[[-0.80867563 -0.41758667 -0.41432486]
 [ 0.32419609 -0.90408445  0.27843885]
 [-0.49085702  0.09084422  0.86649103]]
[[-0.80232041 -0.42062625 -0.42350386]
 [ 0.31823418 -0.90170002  0.29268427]
 [-0.50498412  0.10005315  0.85730998]]
[[-0.80788132 -0.42241273 -0.41096867]
 [ 0.31330798 -0.89846123  0.30758013]
 [-0.49916518  0.11972848  0.85819532]]
[[-0.80719458 -0.4211375  -0.41361833]
 [ 0.32121749 -0.90126014  0.29077395]
 [-0.49523352  0.10184971  0.86276903]]
[[-0.80609607 -0.42315262 -0.41370399]
 [ 0.31621403 -0.89890066  0.30329241]
 [-0.50021777  0.11366381  0.85840709]]
[[-0.80715815 -0.42421986 -0.41052798]
 [ 0.31786018 -0.89831277  0.30331349]
 [-0.49745414  0.11433146  0.85992308]]
[[-0.81086076 -0.43280075 -0.39393951]
 [ 0.31836327 -0.89101988  0.32361767]
 [-0.49106991  0.136993    0.86028092]]
[[-0.8017223  -0.44062319 -0.40384719]
 [ 0.31818972 -0.8866103   0.33567466]
 [-0.50596112  0.14061784  0.85101702]]
[[-0.80432673 -0.4416984  -0.39744312]
 [ 0.31887878 -0.88527887  0.33852274]
 [-0.50137295  0.14554671  0.85290171]]
[[-0.80657997 -0.44218381 -0.39230374]
 [ 0.3208769  -0.88488341  0.33766753]
 [-0.49645419  0.14647466  0.85561581]]
[[-0.80406115 -0.44090582 -0.39885803]
 [ 0.31555636 -0.88504855  0.34221813]
 [-0.50389468  0.14930211  0.85076379]]
[[-0.80194145 -0.43736528 -0.40694166]
 [ 0.31346538 -0.88794318  0.33659526]
 [-0.50855615  0.14236757  0.84917732]]
[[-0.80314943 -0.43788267 -0.40399228]
 [ 0.31636106 -0.88804448  0.33360558]
 [-0.50484322  0.1401277   0.85176144]]
[[-0.80775898 -0.43771662 -0.3948792 ]
 [ 0.32211057 -0.88871929  0.32622509]
 [-0.49373091  0.13631649  0.85886414]]
[[-0.81291657 -0.43957    -0.3820273 ]
 [ 0.32161331 -0.88571773  0.33476706]
 [-0.48552191  0.14927262  0.86138619]]
[[-0.82306808 -0.43967408 -0.3595075 ]
 [ 0.32693703 -0.88439423  0.33310512]
 [-0.46440405  0.15663188  0.8716624 ]]
[[-0.81194521 -0.44105183 -0.38238496]
 [ 0.3302958  -0.88724441  0.32202802]
 [-0.48129996  0.13516896  0.86607142]]
[[-0.81500807 -0.43779034 -0.37960698]
 [ 0.32784277 -0.88856633  0.32088781]
 [-0.47778757  0.13707475  0.86771513]]
[[-0.81387397 -0.44190468 -0.3772657 ]
 [ 0.33229039 -0.88662384  0.32168504]
 [-0.47664689  0.13644931  0.86844075]]
[[-0.81743253 -0.44051509 -0.37114755]
 [ 0.32926586 -0.88601922  0.32642602]
 [-0.47263945  0.14462503  0.86930751]]
[[-0.80874834 -0.44282259 -0.38708433]
 [ 0.32910337 -0.88617338  0.32617129]
 [-0.48745984  0.13639973  0.86242566]]
[[-0.81251438 -0.44158206 -0.38055967]
 [ 0.33120858 -0.88691863  0.32198793]
 [-0.47970955  0.13557519  0.86688991]]
[[-0.81342922 -0.43991306 -0.38053831]
 [ 0.32747319 -0.88704278  0.32544802]
 [-0.4807226   0.14011284  0.86560625]]
[[-0.81361851 -0.44304188 -0.37648216]
 [ 0.32975055 -0.88496321  0.32879276]
 [-0.47884183  0.14336668  0.86611575]]
[[-0.82702571 -0.44220045 -0.34711271]
 [ 0.33981168 -0.88511727  0.3179551 ]
 [-0.44783534  0.14500409  0.88227962]]
[[-0.83439559 -0.4400538  -0.33186842]
 [ 0.34796558 -0.88753551  0.30199448]
 [-0.42743882  0.13650407  0.8936793 ]]
[[-0.83722836 -0.43826737 -0.32706328]
 [ 0.34433723 -0.8871262   0.30730927]
 [-0.42483003  0.14466797  0.89363898]]
[[-0.83169116 -0.44305673 -0.33464991]
 [ 0.34798531 -0.88558875  0.30763417]
 [-0.43266158  0.13940337  0.89071357]]
[[-0.83510696 -0.44000713 -0.33013647]
 [ 0.34670147 -0.88695737  0.30513064]
 [-0.42707664  0.14035793  0.89325539]]
[[-0.83359323 -0.44107016 -0.33253488]
 [ 0.34624769 -0.88628512  0.30758937]
 [-0.43038921  0.14126498  0.8915208 ]]
[[-0.83414094 -0.44154659 -0.33052307]
 [ 0.34436182 -0.88503481  0.31325441]
 [-0.43084084  0.1474788   0.89029555]]
[[-0.83213383 -0.4426566  -0.33407847]
 [ 0.34818454 -0.88588951  0.30654085]
 [-0.43164894  0.13876205  0.89130482]]
[[-0.82968423 -0.43809157 -0.34597667]
 [ 0.34433296 -0.88945048  0.30052064]
 [-0.43938467  0.13020607  0.8888124 ]]
[[-0.81492316 -0.4344347  -0.38362316]
 [ 0.32556553 -0.89074778  0.31713637]
 [-0.47948652  0.1335473   0.86732796]]
[[-0.80783576 -0.43926542 -0.39299781]
 [ 0.31807639 -0.8862428   0.33675081]
 [-0.49621446  0.14703603  0.85565858]]
[[-0.81350669 -0.43644316 -0.38434911]
 [ 0.31883598 -0.88743413  0.33287276]
 [-0.48636456  0.14824989  0.86108738]]
[[-0.80697632 -0.43820087 -0.39594092]
 [ 0.31665324 -0.88694764  0.33623594]
 [-0.49851775  0.14595847  0.85450347]]
[[-0.80317705 -0.43955467 -0.40211728]
 [ 0.31494383 -0.88623986  0.33968999]
 [-0.50568469  0.14618685  0.85024255]]
[[-0.78694374 -0.43570825 -0.43689571]
 [ 0.29844209 -0.88851192  0.34853821]
 [-0.54004802  0.14389189  0.82924258]]
[[-0.78932178 -0.43888073 -0.42936562]
 [ 0.29564264 -0.8845865   0.36069677]
 [-0.53811389  0.15776703  0.82797525]]
[[-0.79165277 -0.43492247 -0.42910178]
 [ 0.296083   -0.88744479  0.35323731]
 [-0.53443498  0.15259155  0.83132128]]
[[-0.78535828 -0.43103986 -0.44431634]
 [ 0.2910756  -0.89058424  0.34947776]
 [-0.54633997  0.14513561  0.82489289]]
[[-0.78951265 -0.43102987 -0.43690162]
 [ 0.29359481 -0.89038577  0.34787249]
 [-0.53895442  0.14637768  0.82951896]]
[[-0.7948713  -0.43041064 -0.42769884]
 [ 0.30074359 -0.89165608  0.33838251]
 [-0.5270037   0.14034286  0.83819507]]
[[-0.78774695 -0.43435661 -0.43679409]
 [ 0.291929   -0.88763764  0.35619781]
 [-0.54243175  0.15308088  0.82603513]]
[[-0.78353294 -0.43444632 -0.44422125]
 [ 0.2967435  -0.88976724  0.34678171]
 [-0.54591156  0.13989512  0.82608107]]
[[-0.78743671 -0.434965   -0.43674807]
 [ 0.29168701 -0.88714375  0.35762361]
 [-0.54301208  0.15421222  0.8254432 ]]
[[-0.79139902 -0.42866513 -0.43581394]
 [ 0.29840978 -0.89311967  0.3365841 ]
 [-0.53351587  0.13632119  0.8347319 ]]
[[-0.78896919 -0.43488387 -0.43405488]
 [ 0.29647712 -0.8882009   0.35099924]
 [-0.53817184  0.14824025  0.82969627]]
[[-0.79138476 -0.43061252 -0.43391591]
 [ 0.29938748 -0.89186159  0.33904283]
 [-0.53298902  0.13840434  0.83472567]]
[[-0.80029359 -0.43057905 -0.41729109]
 [ 0.29690604 -0.88919871  0.34809834]
 [-0.52093855  0.15468463  0.83946155]]
[[-0.77984392 -0.43411224 -0.45098784]
 [ 0.28644521 -0.88808038  0.35953078]
 [-0.55659016  0.15119458  0.81691345]]
[[-0.78039691 -0.43488533 -0.44928321]
 [ 0.28945381 -0.88815808  0.35691976]
 [-0.55425368  0.14849234  0.81899504]]
[[-0.77868717 -0.43554367 -0.45160603]
 [ 0.28141481 -0.8857829   0.36904519]
 [-0.5607602   0.16028213  0.81231622]]
[[-0.77328859 -0.43746241 -0.45896774]
 [ 0.28277512 -0.88582957  0.36789157]
 [-0.56750593  0.1547017   0.80870539]]
[[-0.77335579 -0.43446567 -0.46169297]
 [ 0.28772494 -0.88946478  0.35505883]
 [-0.5649205   0.14174622  0.81287935]]
[[-0.77313341 -0.43841333 -0.45832137]
 [ 0.28765276 -0.88641111  0.36267234]
 [-0.56526154  0.1485567   0.81142485]]
[[-0.77891274 -0.43271166 -0.45393344]
 [ 0.29080461 -0.89051325  0.34988402]
 [-0.55563264  0.14052319  0.81946666]]
[[-0.77554559 -0.43473771 -0.45774683]
 [ 0.28642277 -0.88848502  0.35854759]
 [-0.56257535  0.14696088  0.81357942]]
[[-0.78122854 -0.44213437 -0.44068035]
 [ 0.29059756 -0.88236607  0.37011238]
 [-0.55248079  0.16108172  0.81781273]]
[[-0.79312344 -0.43540155 -0.42588813]
 [ 0.29734157 -0.88706148  0.35314291]
 [-0.53154793  0.15345168  0.83301224]]
[[-0.79596916 -0.4350695  -0.4208891 ]
 [ 0.3059656  -0.88909886  0.34042367]
 [-0.52231997  0.14218916  0.84081157]]
[[-0.7990143  -0.43479173 -0.41537008]
 [ 0.30713404 -0.88896469  0.33972116]
 [-0.51695728  0.14386777  0.84383484]]
[[-0.79597894 -0.437823   -0.41800543]
 [ 0.30393913 -0.88626359  0.34951087]
 [-0.5234869   0.15115509  0.8385187 ]]
[[-0.79366645 -0.43583948 -0.4244261 ]
 [ 0.30386615 -0.88841129  0.34407956]
 [-0.52702839  0.14411568  0.8375391 ]]
[[-0.79319079 -0.43691484 -0.42420961]
 [ 0.30404444 -0.88769215  0.34577394]
 [-0.52764131  0.14528613  0.83695077]]
[[-0.7965729  -0.43763935 -0.41706524]
 [ 0.30672353 -0.88706995  0.34500375]
 [-0.52095326  0.14689692  0.84085016]]
[[-0.79143749 -0.43543086 -0.42898329]
 [ 0.32628342 -0.89441103  0.30588892]
 [-0.51688087  0.10212182  0.84994429]]
[[-0.78247255 -0.44113278 -0.43947534]
 [ 0.32888149 -0.8920817   0.30988256]
 [-0.52874727  0.09793929  0.84310985]]
[[-0.77982475 -0.44055884 -0.44472605]
 [ 0.33414837 -0.89370243  0.29940078]
 [-0.52935642  0.08487565  0.8441433 ]]
[[-0.78055602 -0.4400607  -0.44393567]
 [ 0.32823121 -0.89295698  0.30804561]
 [-0.53197422  0.09473331  0.84144461]]
[[-0.78384385 -0.4397611  -0.43840506]
 [ 0.33026631 -0.89312041  0.30538517]
 [-0.52584502  0.09458386  0.84530521]]
[[-0.78493702 -0.43873919 -0.43747206]
 [ 0.32919269 -0.89350052  0.30543247]
 [-0.52488671  0.09573265  0.84577136]]
[[-0.78055551 -0.44207129 -0.44193446]
 [ 0.33556969 -0.89282933  0.30041432]
 [-0.5273766   0.08619025  0.84524858]]
[[-0.77827704 -0.44374818 -0.44426615]
 [ 0.33167827 -0.89128248  0.30920069]
 [-0.53317387  0.09329037  0.84084632]]
[[-0.77822699 -0.43677694 -0.451208  ]
 [ 0.31474195 -0.89303008  0.32161278]
 [-0.54341536  0.10827366  0.83245214]]
[[-0.78420415 -0.44194384 -0.43555654]
 [ 0.31714281 -0.88880277  0.33083239]
 [-0.53333319  0.1213065   0.83716213]]
[[-0.7864344  -0.43987824 -0.43362204]
 [ 0.31183484 -0.88874     0.33600631]
 [-0.53317911  0.12902846  0.83610507]]
[[-0.78421394 -0.43997757 -0.43752513]
 [ 0.31506045 -0.88981704  0.33009475]
 [-0.5345516   0.12101804  0.83642646]]
[[-0.78570104 -0.44247502 -0.43230745]
 [ 0.31607503 -0.88788131  0.33431028]
 [-0.53176165  0.12602634  0.83746457]]
[[-0.78565581 -0.44176875 -0.4331112 ]
 [ 0.31451436 -0.88806484  0.33529324]
 [-0.53275291  0.12720539  0.83665592]]
[[-0.78750574 -0.43823817 -0.43333822]
 [ 0.32137315 -0.89195737  0.31801156]
 [-0.52588403  0.11117266  0.84325953]]
[[-0.7840211  -0.44052299 -0.43732186]
 [ 0.319911   -0.8905089   0.32349783]
 [-0.53194724  0.11372505  0.83910592]]
[[-0.77163434 -0.47625375 -0.42161927]
 [ 0.34803338 -0.87095549  0.34685632]
 [-0.53240324  0.12090866  0.83781136]]
[[-0.77706204 -0.47753888 -0.41003804]
 [ 0.35892454 -0.87133741  0.33458078]
 [-0.51705682  0.11281731  0.84848365]]
[[-0.77527872 -0.47667709 -0.41439337]
 [ 0.35406354 -0.8712915   0.33983838]
 [-0.52305059  0.11674788  0.84426774]]
[[-0.77344852 -0.47934789 -0.41473243]
 [ 0.3573184  -0.8701531   0.33934811]
 [-0.52354651  0.11427676  0.84429845]]
[[-0.77056597 -0.47891429 -0.42055818]
 [ 0.35933408 -0.87141378  0.33394166]
 [-0.52640963  0.10620319  0.84357204]]
[[-0.77595975 -0.47729715 -0.41240017]
 [ 0.35838809 -0.8716121   0.33444031]
 [-0.51908039  0.11171291  0.84739352]]
[[-0.77447437 -0.4775415  -0.41490188]
 [ 0.35977439 -0.87196093  0.33203391]
 [-0.5203382   0.10788068  0.84711859]]
[[-0.75485521 -0.50724908 -0.41580282]
 [ 0.38540081 -0.85599404  0.34458733]
 [-0.53071634  0.0998628   0.84164576]]
[[-0.73571365 -0.5427933  -0.40509365]
 [ 0.4056475  -0.83210112  0.37822986]
 [-0.54237951  0.11394365  0.8323709 ]]
[[-0.72308934 -0.57780599 -0.37852615]
 [ 0.43921335 -0.80754066  0.39366194]
 [-0.53313548  0.11839901  0.83770414]]
[[-0.70369531 -0.61472978 -0.35625863]
 [ 0.47663576 -0.78028815  0.40493056]
 [-0.52690725  0.11514213  0.84208731]]
[[-0.6794267  -0.64559026 -0.34870129]
 [ 0.50451763 -0.75610987  0.41684508]
 [-0.53276761  0.10728973  0.8394329 ]]
[[-0.65632836 -0.67725157 -0.33251074]
 [ 0.52557678 -0.72660137  0.44251497]
 [-0.54129672  0.1156752   0.83283679]]
[[-0.63464725 -0.70757334 -0.31074563]
 [ 0.56545292 -0.69925861  0.43737899]
 [-0.52676927  0.10186935  0.84388197]]
[[-0.60310215 -0.73698846 -0.30514883]
 [ 0.5834966  -0.66845258  0.46119722]
 [-0.54387455  0.10009573  0.83317544]]
[[-0.57825153 -0.76302421 -0.28882385]
 [ 0.60730448 -0.63895707  0.47213888]
 [-0.54479944  0.09761101  0.83286593]]
[[-0.56271141 -0.78281975 -0.26561083]
 [ 0.62976791 -0.61409496  0.47568872]
 [-0.5354888   0.1004023   0.838553  ]]
[[-0.53529609 -0.81002539 -0.23940961]
 [ 0.64921395 -0.57588056  0.49687304]
 [-0.54035112  0.11054614  0.8341464 ]]
[[-0.52200732 -0.82559953 -0.21422832]
 [ 0.66690705 -0.55164893  0.5009176 ]
 [-0.53173617  0.11861227  0.83856292]]
[[-0.5200152  -0.82674213 -0.21466635]
 [ 0.66914338 -0.55050359  0.49919228]
 [-0.53087789  0.115945    0.83947926]]
[[-0.51942759 -0.82684388 -0.21569463]
 [ 0.66700178 -0.55009739  0.50249527]
 [-0.53413819  0.11714121  0.8372421 ]]
[[-0.51846849 -0.82525907 -0.22391491]
 [ 0.67290049 -0.55533977  0.48867441]
 [-0.52763184  0.10268983  0.8432434 ]]
[[-0.51932517 -0.82745244 -0.21359736]
 [ 0.6631536  -0.54785436  0.50998324]
 [-0.53900712  0.12319927  0.83324262]]
[[-0.51689301 -0.82704182 -0.22096028]
 [ 0.66793441 -0.5510829   0.50017123]
 [-0.53542995  0.11094804  0.83726059]]
[[-0.51957916 -0.82621745 -0.21772054]
 [ 0.66857156 -0.55180801  0.49851779]
 [-0.53202404  0.11345769  0.83909343]]
[[-0.51861931 -0.82645273 -0.2191116 ]
 [ 0.66874176 -0.55177074  0.49833072]
 [-0.53274615  0.11191486  0.83884242]]
[[-0.51823786 -0.82606628 -0.22145885]
 [ 0.66932612 -0.55294287  0.49624261]
 [-0.53238338  0.10894352  0.83946367]]
[[-0.52118955 -0.82565327 -0.21600494]
 [ 0.66662167 -0.55188232  0.50104037]
 [-0.53289493  0.11714343  0.83803366]]
[[-0.51884661 -0.82598562 -0.22033148]
 [ 0.67204935 -0.55340075  0.49203382]
 [-0.52834446  0.10721645  0.8422332 ]]
[[-0.51882764 -0.82646649 -0.2185658 ]
 [ 0.67087012 -0.55208562  0.49511085]
 [-0.52985956  0.11024793  0.84088896]]
[[-0.51953403 -0.82693143 -0.21510184]
 [ 0.66942305 -0.55036812  0.49896665]
 [-0.5309964   0.11523603  0.83950193]]
[[-0.51785766 -0.82573415 -0.22357674]
 [ 0.66325968 -0.5526113   0.50468539]
 [-0.54028699  0.11306576  0.83385017]]
[[-0.51941556 -0.82705262 -0.21492196]
 [ 0.66938042 -0.55013728  0.49927831]
 [-0.53116601  0.11546837  0.83936269]]
[[-0.52097644 -0.82712424 -0.21082941]
 [ 0.66899423 -0.5490699   0.50096802]
 [-0.53012288  0.11994887  0.83939383]]
[[-0.51435403 -0.82767006 -0.22450437]
 [ 0.66905266 -0.55105473  0.49870555]
 [-0.53647784  0.10630596  0.83719207]]
[[-0.51439338 -0.8272601  -0.22592073]
 [ 0.67063656 -0.5522523   0.49524136]
 [-0.53445866  0.10323818  0.83886579]]
[[-0.52213365 -0.82430508 -0.21885517]
 [ 0.66735537 -0.55466588  0.49697342]
 [-0.5310492   0.11343237  0.83971414]]
[[-0.52114693 -0.82599301 -0.21480554]
 [ 0.67149358 -0.55217831  0.4941614 ]
 [-0.52678482  0.11329016  0.84241503]]
[[-0.51695533 -0.82722448 -0.22012914]
 [ 0.67453426 -0.55198536  0.49022004]
 [-0.52703009  0.10493722  0.84334303]]
[[-0.52244123 -0.82482852 -0.21613208]
 [ 0.6690514  -0.55368498  0.4957854 ]
 [-0.52860702  0.11441526  0.84112054]]
[[-0.51735943 -0.82630369 -0.22262394]
 [ 0.66612252 -0.55215642  0.50140212]
 [-0.53723366  0.11111029  0.83608283]]
[[-0.52096482 -0.82574641 -0.21619093]
 [ 0.66907546 -0.55231482  0.49727897]
 [-0.53003178  0.1144168   0.84022325]]
[[-0.51831935 -0.82718742 -0.21703922]
 [ 0.66576626 -0.54959174  0.50468228]
 [-0.5367498   0.1170892   0.83557751]]
[[-0.5185994  -0.82759006 -0.21482403]
 [ 0.6669867  -0.54877564  0.50395836]
 [-0.53496112  0.11806773  0.83658628]]
[[-0.52210282 -0.8261694  -0.21178471]
 [ 0.66863306 -0.55064706  0.49971757]
 [-0.52946999  0.1192977   0.83989856]]
[[-0.52391162 -0.8248767  -0.21235593]
 [ 0.67058253 -0.55316456  0.49429549]
 [-0.52520061  0.11656497  0.84295725]]
[[-0.52323196 -0.82574587 -0.21064681]
 [ 0.66916279 -0.55116411  0.49843684]
 [-0.52768313  0.11984108  0.84094508]]
[[-0.51760122 -0.826745   -0.22041252]
 [ 0.67015881 -0.551882    0.49629973]
 [-0.53195503  0.10917395  0.83970525]]
[[-0.51957288 -0.82793169 -0.21112349]
 [ 0.67295198 -0.54878378  0.49595563]
 [-0.52647853  0.11560912  0.84229145]]
[[-0.52291875 -0.8255234  -0.21229013]
 [ 0.67164837 -0.55240629  0.49369602]
 [-0.52482802  0.11557858  0.84332505]]
[[-0.51672743 -0.8270928  -0.22115667]
 [ 0.67003115 -0.55147552  0.49692355]
 [-0.53296438  0.10859218  0.83914046]]
[[-0.52253368 -0.82570341 -0.21253808]
 [ 0.6725572  -0.55238368  0.49248257]
 [-0.5240471   0.11439471  0.84397185]]
[[-0.52236106 -0.8252265  -0.21480259]
 [ 0.67118794 -0.55327309  0.49335143]
 [-0.52597117  0.11353467  0.84289039]]
[[-0.52339703 -0.82492302 -0.21344217]
 [ 0.66887368 -0.55294326  0.49685184]
 [-0.52788593  0.11728493  0.84117815]]
[[-0.52250045 -0.82548422 -0.21346918]
 [ 0.67274177 -0.55294679  0.49159776]
 [-0.52384329  0.11325041  0.84425266]]
[[-0.51731568 -0.82642438 -0.22227736]
 [ 0.66506559 -0.55168467  0.50332076]
 [-0.53858356  0.1125467   0.83502155]]
[[-0.51871377 -0.82719238 -0.21607588]
 [ 0.66629903 -0.54949578  0.50408331]
 [-0.53570666  0.11750381  0.83618852]]
[[-0.52085982 -0.82676618 -0.21251523]
 [ 0.66881627 -0.54993871  0.50025215]
 [-0.53046191  0.1184276   0.83939565]]
[[-0.52193306 -0.82590221 -0.21324028]
 [ 0.66790327 -0.55120141  0.50008221]
 [-0.53055735  0.11858556  0.83931303]]
[[-0.52210699 -0.82581018 -0.2131709 ]
 [ 0.67320275 -0.55249121  0.49147891]
 [-0.52364334  0.11309734  0.84439721]]
[[-0.51805181 -0.82546733 -0.2241116 ]
 [ 0.67140298 -0.55476963  0.49137429]
 [-0.52994373  0.10408815  0.84162064]]
[[-0.52077186 -0.82484114 -0.22007671]
 [ 0.67347926 -0.55536971  0.48784237]
 [-0.52461639  0.10583748  0.84473432]]
[[-0.51752829 -0.82792973 -0.21609448]
 [ 0.670663   -0.54932222  0.49845385]
 [-0.53139026  0.1130374   0.83955163]]
[[-0.52124363 -0.827203   -0.20985775]
 [ 0.66691194 -0.54825934  0.50461883]
 [-0.53247868  0.12307271  0.83744825]]
[[-0.51778924 -0.82663467 -0.22038473]
 [ 0.66754853 -0.55150256  0.50022383]
 [-0.5350451   0.11189301  0.83738085]]
[[-0.52241158 -0.82598393 -0.21174676]
 [ 0.66949608 -0.55111449  0.498044  ]
 [-0.52807305  0.11842033  0.84090159]]
[[-0.52218061 -0.82552021 -0.21411164]
 [ 0.66960104 -0.55234046  0.49654251]
 [-0.52816839  0.11591549  0.84119067]]
[[-0.52432311 -0.82557386 -0.20859789]
 [ 0.66885835 -0.55090773  0.49912842]
 [-0.52698557  0.12218213  0.84104562]]
[[-0.52301243 -0.82590215 -0.2105793 ]
 [ 0.6679471  -0.55063497  0.50064737]
 [-0.52943807  0.12118897  0.83964788]]
[[-0.51901645 -0.8259944  -0.21989808]
 [ 0.67039856 -0.55296541  0.49476765]
 [-0.53027134  0.1093732   0.8407436 ]]
[[-0.52149978 -0.82694021 -0.21025668]
 [ 0.67174449 -0.54984561  0.4964163 ]
 [-0.52611531  0.11764223  0.8422369 ]]
[[-0.52017198 -0.82631555 -0.21592527]
 [ 0.66707376 -0.55096259  0.50145072]
 [-0.53332327  0.11680253  0.83780872]]
[[-0.51697157 -0.82794429 -0.21736757]
 [ 0.6663447  -0.54863869  0.50495576]
 [-0.5373315   0.11620604  0.83532689]]
[[-0.51851263 -0.82688793 -0.21771772]
 [ 0.66884336 -0.55084987  0.49921236]
 [-0.53272245  0.11322886  0.83868111]]
[[-0.51746255 -0.82684482 -0.22036371]
 [ 0.67023545 -0.55173703  0.49635742]
 [-0.53199338  0.1091508   0.83968396]]
[[-0.52119254 -0.82592236 -0.21496648]
 [ 0.6686203  -0.55169512  0.49857737]
 [-0.53038216  0.11612385  0.83976783]]
[[-0.52406612 -0.82478644 -0.21232528]
 [ 0.67335981 -0.5539058   0.48966818]
 [-0.52147988  0.1136472   0.84566131]]
[[-0.51941257 -0.82708511 -0.21480412]
 [ 0.66675226 -0.54948645  0.50349386]
 [-0.53446423  0.11829991  0.83687103]]
[[-0.52209456 -0.82627909 -0.21137676]
 [ 0.66997019 -0.55069336  0.49787224]
 [-0.5277852   0.11832027  0.84109637]]
[[-0.52220246 -0.8261015  -0.21180391]
 [ 0.66886605 -0.55080674  0.49922956]
 [-0.52907731  0.11903046  0.84018388]]
[[-0.52319562 -0.82565156 -0.21110624]
 [ 0.67034197 -0.55167217  0.49628567]
 [-0.52622047  0.11814111  0.84210136]]
[[-0.52039734 -0.82668693 -0.21395167]
 [ 0.66457056 -0.54941675  0.50644566]
 [-0.53622064  0.121367    0.83530681]]
[[-0.51772339 -0.82650285 -0.22103289]
 [ 0.6642237  -0.55113324  0.50503369]
 [-0.53923036  0.11465247  0.83431734]]
[[-0.52348953 -0.82515261 -0.21232495]
 [ 0.66908544 -0.55240633  0.49716388]
 [-0.52752572  0.11819655  0.84127652]]
[[-0.51970455 -0.82591151 -0.21858033]
 [ 0.67033454 -0.55281668  0.49502053]
 [-0.52967801  0.11074247  0.84093835]]
[[-0.51732456 -0.8264119  -0.22230309]
 [ 0.67102922 -0.55292901  0.49395272]
 [-0.53112624  0.10636201  0.84059029]]
[[-0.5237409  -0.82545344 -0.21052812]
 [ 0.66776331 -0.55126247  0.50020181]
 [-0.52894956  0.1213932   0.83992622]]
[[-0.52168233 -0.82613572 -0.21294909]
 [ 0.66635991 -0.5504375   0.50297418]
 [-0.5327401   0.12049201  0.83765725]]
[[-0.52465564 -0.82467259 -0.2113092 ]
 [ 0.67327837 -0.5538526   0.48984031]
 [-0.52099203  0.11472756  0.84581611]]
[[-0.51843319 -0.82629161 -0.22015723]
 [ 0.66806138 -0.55208249  0.49889769]
 [-0.53377993  0.11156658  0.8382314 ]]
[[-0.5203866  -0.82730624 -0.21157073]
 [ 0.66721365 -0.54855138  0.50390209]
 [-0.53293876  0.12106102  0.83744881]]
[[-0.51911655 -0.82601687 -0.21957719]
 [ 0.67043202 -0.55287519  0.49482313]
 [-0.53013103  0.1096593   0.84079482]]
[[-0.5186004  -0.82739108 -0.21558672]
 [ 0.66826062 -0.54951903  0.50145446]
 [-0.53336795  0.11598637  0.83789366]]
[[-0.52203948 -0.82552642 -0.21443161]
 [ 0.67119821 -0.55274535  0.49392868]
 [-0.52627725  0.11392416  0.84264675]]
[[-0.52182411 -0.82544858 -0.21525391]
 [ 0.66956332 -0.55267782  0.49621789]
 [-0.52856841  0.11481234  0.8410907 ]]
[[-0.52268611 -0.82570685 -0.21214956]
 [ 0.66986085 -0.55170231  0.4969014 ]
 [-0.52733829  0.11761277  0.84147582]]
[[-0.52297858 -0.82530787 -0.21297964]
 [ 0.6725488  -0.55307246  0.49172042]
 [-0.52361391  0.11392004  0.84430486]]
[[-0.51901904 -0.8256542  -0.22116594]
 [ 0.67183595 -0.55401825  0.49163018]
 [-0.52844649  0.1065782   0.8422502 ]]
[[-0.52037987 -0.82592445 -0.2169184 ]
 [ 0.67096043 -0.55259622  0.49441836]
 [-0.5282205   0.1117417   0.84172258]]
[[-0.51889954 -0.82627254 -0.21912773]
 [ 0.67153207 -0.55262718  0.49360701]
 [-0.52894985  0.10898115  0.8416265 ]]
[[-0.51958663 -0.82560687 -0.22000689]
 [ 0.6709327  -0.55368215  0.49323969]
 [-0.52903597  0.10867093  0.84161248]]
[[-0.51811841 -0.82715963 -0.21762415]
 [ 0.67018102 -0.55070185  0.49757901]
 [-0.53142329  0.11195727  0.83967545]]
[[-0.51918607 -0.82695178 -0.21586241]
 [ 0.67200967 -0.55104768  0.49472159]
 [-0.52806138  0.11179093  0.84181587]]
[[-0.52232715 -0.82510583 -0.21534789]
 [ 0.66999921 -0.55331016  0.49492315]
 [-0.52751815  0.11422888  0.84182918]]
[[-0.52056778 -0.82688732 -0.21275936]
 [ 0.67474339 -0.55110147  0.4909262 ]
 [-0.52319265  0.1120024   0.84482242]]
[[-0.5179047  -0.82684484 -0.21932245]
 [ 0.67278538 -0.55205485  0.49253961]
 [-0.52833185  0.10753164  0.84220093]]
[[-0.5107434  -0.81274982 -0.2803193 ]
 [ 0.62892537 -0.57551326  0.52272112]
 [-0.58616897  0.09067644  0.80509858]]
[[-0.51919084 -0.82695857 -0.21582495]
 [ 0.67158328 -0.55093938  0.49542072]
 [-0.52859887  0.11227347  0.84141423]]
[[-0.52128169 -0.82594711 -0.21465501]
 [ 0.67380879 -0.55271191  0.49039908]
 [-0.52368608  0.11099963  0.84464902]]
[[-0.52262522 -0.82603551 -0.2110171 ]
 [ 0.66920359 -0.55081356  0.49876946]
 [-0.52823236  0.11945609  0.84065499]]
[[-0.51907879 -0.82611503 -0.21929698]
 [ 0.66981492 -0.55254317  0.49602825]
 [-0.53094744  0.11058936  0.84015761]]
[[-0.52026571 -0.82658767 -0.21465416]
 [ 0.67235918 -0.55143064  0.49381918]
 [-0.52655173  0.11259249  0.84265426]]
[[-0.52198825 -0.82522957 -0.21569523]
 [ 0.66960414 -0.55310886  0.49568223]
 [-0.52835458  0.11430988  0.84129346]]
[[-0.52293911 -0.82638332 -0.20886672]
 [ 0.66517549 -0.5488765   0.50623725]
 [-0.53298805  0.12579824  0.83671891]]
[[-0.52074626 -0.82599431 -0.21577009]
 [ 0.67539282 -0.5531917   0.48767149]
 [-0.5221761   0.10822354  0.84594313]]
[[-0.52187172 -0.82569868 -0.21417657]
 [ 0.67189376 -0.55258252  0.49316462]
 [-0.5255556   0.11346477  0.84315897]]
[[-0.51776868 -0.82651011 -0.22089958]
 [ 0.66926354 -0.55214942  0.49720954]
 [-0.53291829  0.10959949  0.83903876]]
[[-0.52015022 -0.82737674 -0.2118761 ]
 [ 0.66939958 -0.54900294  0.50049972]
 [-0.53042243  0.11850527  0.83940964]]
[[-0.520361   -0.82540194 -0.21894307]
 [ 0.67016639 -0.55362367  0.49434586]
 [-0.5292461   0.11051002  0.84124081]]
[[-0.51943582 -0.82636254 -0.21751179]
 [ 0.66892103 -0.5516202   0.49825678]
 [-0.53172463  0.11331421  0.83930257]]
[[-0.51803228 -0.82797311 -0.21471632]
 [ 0.6666151  -0.54808802  0.50519682]
 [-0.53597282  0.11857512  0.83586666]]
[[-0.52232721 -0.82600961 -0.21185469]
 [ 0.67288076 -0.55184847  0.49264059]
 [-0.52383755  0.11476664  0.84405144]]
[[-0.51723397 -0.82700198 -0.22031054]
 [ 0.67028803 -0.55149935  0.49655052]
 [-0.53214938  0.10916128  0.83958373]]
[[-0.5198862  -0.82618322 -0.2171166 ]
 [ 0.67341733 -0.55275817  0.49088441]
 [-0.52557344  0.10899395  0.84373745]]
[[-0.52058842 -0.8257731  -0.2169942 ]
 [ 0.67097883 -0.55284444  0.49411581]
 [-0.52799158  0.11163246  0.84188068]]
[[-0.52240372 -0.82547926 -0.21372493]
 [ 0.67009492 -0.55243026  0.49577576]
 [-0.52732073  0.11577912  0.84174108]]
[[-0.51841044 -0.8270148  -0.21747906]
 [ 0.66763754 -0.55035078  0.50137225]
 [-0.53433204  0.11471942  0.83745372]]
[[-0.52044577 -0.82590268 -0.21684315]
 [ 0.67197143 -0.55282734  0.49278426]
 [-0.52686866  0.11075508  0.84269966]]
[[-0.52565123 -0.82534351 -0.20615252]
 [ 0.67298947 -0.55167964  0.49268117]
 [-0.52036136  0.12023999  0.84543858]]
[[-0.5224092  -0.82633851 -0.21036468]
 [ 0.66945618 -0.55026919  0.49903129]
 [-0.52812598  0.1198686   0.84066311]]
[[-0.51763126 -0.82700021 -0.21938216]
 [ 0.67142273 -0.55155237  0.49495606]
 [-0.53032952  0.10890656  0.84076748]]
[[-0.52348043 -0.82568947 -0.2102502 ]
 [ 0.66937046 -0.5512111   0.49810591]
 [-0.52717305  0.12001342  0.84124036]]
[[-0.51826849 -0.82657722 -0.21947179]
 [ 0.66994844 -0.55190646  0.4965565 ]
 [-0.53157019  0.11031481  0.83979985]]
[[-0.51978675 -0.82615093 -0.21747728]
 [ 0.67040809 -0.55224901  0.49555425]
 [-0.52950422  0.11178401  0.84090999]]
[[-0.51864394 -0.82694318 -0.21719447]
 [ 0.66967054 -0.55083494  0.4981187 ]
 [-0.53155417  0.11289751  0.83946669]]
[[-0.5215812  -0.82471016 -0.2186463 ]
 [ 0.66573004 -0.55366387  0.50025976]
 [-0.53362587  0.11536668  0.83781499]]
[[-0.51874719 -0.82629524 -0.21940265]
 [ 0.67319204 -0.55298564  0.49093723]
 [-0.52698561  0.10697219  0.84311513]]
[[-0.52001698 -0.82586757 -0.21800253]
 [ 0.66945905 -0.55258312  0.49646397]
 [-0.53047801  0.11222593  0.84023712]]
[[-0.52205    -0.82587515 -0.21305876]
 [ 0.67154817 -0.55201005  0.49427519]
 [-0.52582017  0.11495715  0.84279179]]
[[-0.51845836 -0.82697697 -0.21750868]
 [ 0.67075188 -0.55107581  0.49639436]
 [-0.53037048  0.11146545  0.84040622]]
[[-0.51966496 -0.82699628 -0.21453551]
 [ 0.67150832 -0.55060302  0.49589604]
 [-0.52822808  0.11363741  0.84146398]]
[[-0.51984553 -0.8263652  -0.21652062]
 [ 0.6715937  -0.55198239  0.49424421]
 [-0.52794179  0.11151676  0.84192724]]
[[-0.52015115 -0.8258059  -0.21791601]
 [ 0.67295752 -0.5533907   0.49080231]
 [-0.52590014  0.10864317  0.8435791 ]]
[[-0.52019763 -0.82623555 -0.21616949]
 [ 0.67110707 -0.55200502  0.49487955]
 [-0.52821372  0.11236229  0.84164421]]
[[-0.51891123 -0.8265153  -0.21818249]
 [ 0.66867518 -0.55147355  0.49874886]
 [-0.53254544  0.11291317  0.83883608]]
[[-0.52360076 -0.82605219 -0.20851863]
 [ 0.67160045 -0.55079326  0.4955599 ]
 [-0.524209    0.11943433  0.8431728 ]]
[[-0.52011475 -0.82614926 -0.21669804]
 [ 0.66930712 -0.55185907  0.49747316]
 [-0.53057386  0.11370558  0.83997763]]
[[-0.51995386 -0.82586352 -0.21816834]
 [ 0.67190762 -0.55313548  0.49252543]
 [-0.52743544  0.10950153  0.84250892]]
[[-0.51968055 -0.82562586 -0.21971359]
 [ 0.67044179 -0.55349488  0.4941166 ]
 [-0.52956579  0.10947761  0.84117461]]
[[-0.52074522 -0.82637937 -0.21429314]
 [ 0.6705621  -0.5512855   0.49641793]
 [-0.52836624  0.11481041  0.84121798]]
[[-0.52156537 -0.82641735 -0.21214129]
 [ 0.66928172 -0.55049264  0.49901888]
 [-0.52918008  0.11828868  0.84022392]]
[[-0.52209689 -0.82669447 -0.20974054]
 [ 0.66786524 -0.5492272   0.50230021]
 [-0.53044402  0.12217097  0.83887031]]
[[-0.5197894  -0.82708366 -0.21389622]
 [ 0.67216856 -0.55048107  0.49513638]
 [-0.52726503  0.11359232  0.84207385]]
[[-0.52197482 -0.82603671 -0.2126162 ]
 [ 0.67107549 -0.55156908  0.49540815]
 [-0.52649784  0.11590906  0.84223816]]
[[-0.52074452 -0.82734762 -0.21052566]
 [ 0.66673074 -0.54814658  0.50498064]
 [-0.53319345  0.12260197  0.83706242]]
[[-0.52227389 -0.82554579 -0.21378524]
 [ 0.67373241 -0.55313039  0.49003205]
 [-0.52279501  0.1118969   0.84508252]]
[[-0.51894336 -0.82593348 -0.22029904]
 [ 0.67170425 -0.55340316  0.49250212]
 [-0.52868818  0.10760491  0.84196793]]
[[-0.52332243 -0.82595681 -0.20959242]
 [ 0.66852955 -0.55046902  0.50005209]
 [-0.52839557  0.12156975  0.84024932]]
[[-0.51776439 -0.82645077 -0.22113153]
 [ 0.6710782  -0.55265486  0.49419293]
 [-0.53063554  0.10747896  0.84075811]]
[[-0.51881613 -0.82668649 -0.21775965]
 [ 0.66856068 -0.55110355  0.49931101]
 [-0.53278179  0.11346506  0.8386115 ]]
[[-0.51863622 -0.82665942 -0.21829034]
 [ 0.67344757 -0.55227117  0.4913908 ]
 [-0.5267683   0.10784596  0.84313961]]
[[-0.52296573 -0.82540437 -0.21263696]
 [ 0.66968208 -0.55222426  0.49656246]
 [-0.52728811  0.11728598  0.84155288]]
[[-0.51813363 -0.82672399 -0.21923727]
 [ 0.66958595 -0.55156208  0.4974273 ]
 [-0.53215805  0.11093562  0.83934564]]
[[-0.52329976 -0.82448353 -0.21537007]
 [ 0.66935387 -0.55411481  0.49489613]
 [-0.52737345  0.11482023  0.84183939]]
[[-0.52261849 -0.8256058  -0.21270865]
 [ 0.66934974 -0.55186015  0.49741461]
 [-0.52805382  0.11758159  0.84103135]]
[[-0.51995689 -0.82624394 -0.21671591]
 [ 0.67075711 -0.55202845  0.49532766]
 [-0.52889483  0.1121853   0.84123999]]
[[-0.51849046 -0.82600592 -0.22109244]
 [ 0.67292174 -0.55369108  0.49051251]
 [-0.52758315  0.10554814  0.84292088]]
[[-0.51840493 -0.82644527 -0.21964639]
 [ 0.67246071 -0.5526568   0.49230789]
 [-0.5282546   0.10751128  0.84225198]]
[[-0.52034237 -0.82612902 -0.21622826]
 [ 0.66908668 -0.55174574  0.49789522]
 [-0.53062871  0.11440053  0.83984861]]
[[-0.52232555 -0.82524803 -0.21480623]
 [ 0.67111209 -0.55322487  0.49350867]
 [-0.5261032   0.11361313  0.84279741]]
[[-0.52267231 -0.82572586 -0.21210955]
 [ 0.66869482 -0.55140385  0.4987996 ]
 [-0.52882975  0.11887218  0.84036212]]
[[-0.51870475 -0.82642443 -0.21901608]
 [ 0.6716133  -0.55239208  0.49375963]
 [-0.52903777  0.10902135  0.84156603]]
[[-0.52048681 -0.826031   -0.2162551 ]
 [ 0.67146555 -0.55240844  0.49394224]
 [-0.52747274  0.11188257  0.84217267]]
[[-0.52224999 -0.82598848 -0.21212726]
 [ 0.66897637 -0.55107246  0.49878829]
 [-0.52889088  0.11858406  0.84036436]]
[[-0.52320694 -0.8253936  -0.21208468]
 [ 0.67024059 -0.55224829  0.49578158]
 [-0.52633834  0.11724861  0.84215243]]
[[-0.52024065 -0.82683559 -0.21375819]
 [ 0.67047872 -0.55046322  0.49744199]
 [-0.52896876  0.11546923  0.84074901]]
[[-0.51612985 -0.82718036 -0.22222202]
 [ 0.67242143 -0.55202825  0.49306614]
 [-0.53052747  0.1050593   0.84113207]]
[[-0.51767765 -0.82577039 -0.22385958]
 [ 0.67025094 -0.55403815  0.49376655]
 [-0.53176455  0.10556982  0.84028655]]
[[-0.51981663 -0.82656808 -0.21581444]
 [ 0.67111333 -0.55143001  0.4955117 ]
 [-0.52858072  0.11273927  0.84136335]]
[[-0.52190812 -0.82551643 -0.21478951]
 [ 0.67328586 -0.55328082  0.49047577]
 [-0.52373473  0.11136855  0.84457029]]
[[-0.52019305 -0.826296   -0.21594933]
 [ 0.67198958 -0.55205629  0.4936232 ]
 [-0.52709506  0.11166366  0.84243814]]
[[-0.51997271 -0.82640161 -0.21607582]
 [ 0.66855952 -0.55118733  0.49922008]
 [-0.53165453  0.11512127  0.83910104]]
[[-0.52291467 -0.82669742 -0.20768155]
 [ 0.66791563 -0.54877423  0.50272811]
 [-0.52957431  0.12417016  0.83912622]]
[[-0.51910814 -0.82644998 -0.21796142]
 [ 0.66999831 -0.55180726  0.49659946]
 [-0.5306873   0.11175504  0.84016772]]
[[-0.52080811 -0.82556292 -0.2172666 ]
 [ 0.67010946 -0.55303304  0.4950836 ]
 [-0.52887827  0.11225115  0.84124161]]
[[-0.5227467  -0.8262025  -0.21006029]
 [ 0.67091551 -0.55074064  0.49654519]
 [-0.52593562  0.11863465  0.84220992]]
[[-0.51766281 -0.82692128 -0.21960512]
 [ 0.66810679 -0.55102813  0.50000132]
 [-0.53447033  0.11211242  0.83771849]]
[[-0.51887547 -0.82607156 -0.21994096]
 [ 0.66986794 -0.55274763  0.49572875]
 [-0.53107927  0.10989009  0.84016604]]
[[-0.52227503 -0.82552455 -0.21386447]
 [ 0.67242745 -0.55289813  0.49208229]
 [-0.52447127  0.11319395  0.84387026]]
[[-0.51527851 -0.82622015 -0.22770229]
 [ 0.6688832  -0.55381325  0.49586909]
 [-0.53580158  0.10320445  0.83801283]]
[[-0.52302379 -0.82552481 -0.2120257 ]
 [ 0.67060215 -0.55211733  0.49543841]
 [-0.52605976  0.11694119  0.84236921]]
[[-0.52069588 -0.82513453 -0.21915476]
 [ 0.67281588 -0.5546164   0.48961152]
 [-0.52554219  0.1074879   0.84395009]]
[[-0.51870095 -0.82682649 -0.21750238]
 [ 0.67094359 -0.55134308  0.49583819]
 [-0.52989058  0.11125991  0.84073611]]
[[-0.52121348 -0.82555512 -0.2163221 ]
 [ 0.67235564 -0.55333081  0.49169391]
 [-0.52561811  0.11083211  0.84347012]]
[[-0.52324707 -0.82522924 -0.21262457]
 [ 0.67098002 -0.5527746   0.49419233]
 [-0.52535542  0.11591785  0.84295002]]
[[-0.52298601 -0.82520541 -0.21335809]
 [ 0.6675964  -0.5522132   0.49937524]
 [-0.5299063   0.11872917  0.83970393]]
[[-0.52168516 -0.82529098 -0.21619298]
 [ 0.6689271  -0.55297195  0.49674797]
 [-0.52951027  0.1145287   0.84053676]]
[[-0.52174804 -0.82508679 -0.21681968]
 [ 0.67014408 -0.55366979  0.49432447]
 [-0.52790709  0.1126124   0.84180315]]
[[-0.52183191 -0.82577034 -0.21399721]
 [ 0.66755755 -0.55148589  0.50023017]
 [-0.53109168  0.11818061  0.83903216]]
[[-0.5187421  -0.82513843 -0.22372574]
 [ 0.66854827 -0.55462355  0.4954149 ]
 [-0.53286944  0.10742111  0.83935146]]
[[-0.52206098 -0.82704085 -0.20846047]
 [ 0.66840549 -0.54853992  0.50233261]
 [-0.52979848  0.12291213  0.83916993]]
[[-0.51754541 -0.82698464 -0.21964324]
 [ 0.6692226  -0.55117297  0.49834674]
 [-0.53318652  0.11092685  0.83869385]]
[[-0.52037091 -0.82596717 -0.21677719]
 [ 0.67266303 -0.55286164  0.49180123]
 [-0.52605946  0.11010105  0.8432907 ]]
[[-0.52099445 -0.82601026 -0.21510886]
 [ 0.66895354 -0.55166455  0.49816401]
 [-0.53015652  0.11564285  0.83997666]]
[[-0.52220856 -0.82581633 -0.21289813]
 [ 0.67143618 -0.55204151  0.49439218]
 [-0.52580574  0.11522833  0.84276376]]
[[-0.52024204 -0.82771745 -0.21031415]
 [ 0.66636679 -0.54745219  0.50621281]
 [-0.53413811  0.12320682  0.83637106]]
[[-0.51879989 -0.82650393 -0.2184901 ]
 [ 0.6707027  -0.551979    0.49545644]
 [-0.53009864  0.11050084  0.84070506]]
[[-0.51607033 -0.82643445 -0.22511669]
 [ 0.66636375 -0.5525019   0.50070051]
 [-0.53817355  0.10838708  0.83583579]]
[[-0.51862918 -0.82595442 -0.22095942]
 [ 0.66855698 -0.55285504  0.49737598]
 [-0.53296842  0.11022974  0.83892435]]
[[-0.52039639 -0.82630519 -0.21542362]
 [ 0.66996156 -0.55150159  0.49698843]
 [-0.52947059  0.11430544  0.84059215]]
[[-0.5215435  -0.82668044 -0.21116776]
 [ 0.66795454 -0.54958313  0.5017919 ]
 [-0.53087579  0.12065584  0.83881646]]
[[-0.51904928 -0.8268459  -0.21659569]
 [ 0.67013462 -0.55095904  0.49735674]
 [-0.53057273  0.11300439  0.84007296]]
[[-0.51896424 -0.82663401 -0.21760593]
 [ 0.66909358 -0.551265    0.49841818]
 [-0.53196795  0.11306248  0.83918232]]
[[-0.5192663  -0.82599704 -0.21929752]
 [ 0.67106141 -0.55298021  0.49385167]
 [-0.52918721  0.10927843  0.84143872]]
[[-0.51689778 -0.82669357 -0.22224857]
 [ 0.67002945 -0.55229185  0.4960184 ]
 [-0.53280129  0.10747773  0.83938747]]
[[-0.52215343 -0.82645139 -0.21055616]
 [ 0.67145815 -0.55058964  0.49597883]
 [-0.52583243  0.1175974   0.84241979]]
[[-0.52020673 -0.82589564 -0.21744275]
 [ 0.66956827 -0.55245052  0.49646426]
 [-0.53015402  0.11267128  0.84038199]]
[[-0.51643679 -0.82677335 -0.22302212]
 [ 0.67280362 -0.55286993  0.49159957]
 [-0.52974365  0.10383002  0.84177847]]
[[-0.51933958 -0.82601361 -0.21906144]
 [ 0.66551513 -0.55173834  0.5026673 ]
 [-0.53607463  0.11526633  0.83626411]]
[[-0.5210917  -0.82670067 -0.21220141]
 [ 0.66816974 -0.54982582  0.50123922]
 [-0.53104862  0.11940504  0.83888605]]
[[-0.52187174 -0.82591015 -0.21335959]
 [ 0.66935972 -0.55153858  0.49775774]
 [-0.52877922  0.11695138  0.84066338]]
[[-0.51905826 -0.82587651 -0.22024195]
 [ 0.66985304 -0.55309866  0.49535721]
 [-0.53091941  0.10958952  0.84030632]]
[[-0.51812789 -0.82630673 -0.22081821]
 [ 0.66498037 -0.55154553  0.50358577]
 [-0.53790761  0.11408206  0.83524888]]
[[-0.52172897 -0.8270407  -0.20929062]
 [ 0.66996372 -0.54908194  0.49965752]
 [-0.5281548   0.12046868  0.84055922]]
[[-0.52167907 -0.82660858 -0.21111422]
 [ 0.6659852  -0.54923007  0.50478713]
 [-0.53321165  0.12273793  0.83703091]]
[[-0.51600389 -0.82698521 -0.22323854]
 [ 0.66959463 -0.55195482  0.49697979]
 [-0.53421252  0.10696417  0.83855569]]
[[-0.51790688 -0.82718758 -0.21802103]
 [ 0.67224504 -0.55116962  0.49426577]
 [-0.52901707  0.10942009  0.84152729]]
[[-0.51662432 -0.82685861 -0.22227046]
 [ 0.66591243 -0.55120421  0.50272711]
 [-0.53820065  0.11170839  0.83538093]]
[[-0.51930488 -0.82717727 -0.2147096 ]
 [ 0.66847033 -0.5497047   0.50097122]
 [-0.53241887  0.1166298   0.8384078 ]]
[[-0.51902719 -0.82659205 -0.21761515]
 [ 0.66994752 -0.5515114   0.49699648]
 [-0.53083057  0.11216396  0.84002271]]
[[-0.51986067 -0.82606723 -0.21761853]
 [ 0.67145143 -0.55262334  0.493721  ]
 [-0.52810782  0.11054586  0.84195116]]
[[-0.52137582 -0.82521244 -0.21723648]
 [ 0.67208662 -0.55397388  0.49133748]
 [-0.52580113  0.11016975  0.84344282]]
[[-0.52133752 -0.82523839 -0.21722982]
 [ 0.66949449 -0.55338522  0.49552187]
 [-0.52913544  0.11289998  0.84099303]]
[[-0.51990227 -0.82518194 -0.22085376]
 [ 0.66938508 -0.55417041  0.49479165]
 [-0.53068375  0.10940709  0.84047894]]
[[-0.52134769 -0.82574249 -0.21528102]
 [ 0.67176825 -0.55271349  0.49318883]
 [-0.5262357   0.11250391  0.84286349]]
[[-0.52393426 -0.82533492 -0.21051167]
 [ 0.66615144 -0.55106667  0.50256122]
 [-0.53078729  0.12307639  0.83852075]]
[[-0.52187106 -0.82565319 -0.21435344]
 [ 0.66955254 -0.55217885  0.49678759]
 [-0.5285357   0.11573818  0.84098436]]
[[-0.52087428 -0.82632875 -0.21417463]
 [ 0.6697329  -0.55115686  0.49767856]
 [-0.52928992  0.11578817  0.84050299]]
[[-0.51929039 -0.82578194 -0.22004926]
 [ 0.67219079 -0.55368303  0.49152279]
 [-0.52772818  0.10732798  0.84260529]]
[[-0.5193706  -0.82736644 -0.21381991]
 [ 0.66750845 -0.54901534  0.50300559]
 [-0.53356035  0.11851972  0.83741652]]
[[-0.51929077 -0.82582075 -0.21990267]
 [ 0.67031844 -0.55321219  0.4946003 ]
 [-0.53010403  0.10943655  0.84084086]]
[[-0.51934871 -0.82379825 -0.22722976]
 [ 0.66570664 -0.55673542  0.49687054]
 [-0.53582794  0.10678072  0.83754779]]
[[-0.52308897 -0.8256197  -0.2114948 ]
 [ 0.66822162 -0.55132551  0.49951982]
 [-0.52901588  0.11996791  0.84008922]]
[[-0.52214888 -0.82583359 -0.21297753]
 [ 0.66578539 -0.55077134  0.50336939]
 [-0.53300127  0.12103644  0.83741258]]
[[-0.5250047  -0.82634037 -0.20379318]
 [ 0.66851396 -0.54857313  0.50215198]
 [-0.52674392  0.12739357  0.84042354]]
[[-0.5185484  -0.82651618 -0.21904006]
 [ 0.67314054 -0.55257069  0.49147478]
 [-0.52724697  0.10740872  0.84289619]]
[[-0.51834448 -0.8256536  -0.22274454]
 [ 0.67114076 -0.55418009  0.4923967 ]
 [-0.5299897   0.10573817  0.84138597]]
[[-0.51951486 -0.82646963 -0.21691533]
 [ 0.67160634 -0.55190586  0.4943125 ]
 [-0.52825111  0.11112098  0.84178554]]
[[-0.52371847 -0.82594743 -0.20863799]
 [ 0.66950558 -0.55049839  0.49871214]
 [-0.52676489  0.12150046  0.84128259]]
[[-0.52061839 -0.82607247 -0.21577944]
 [ 0.67173915 -0.55230786  0.49368264]
 [-0.52699432  0.11207276  0.84244684]]
[[-0.52215301 -0.82528489 -0.2150839 ]
 [ 0.67055621 -0.55310571  0.49439706]
 [-0.52698256  0.11392507  0.84220571]]
[[-0.52437981 -0.82546218 -0.20889714]
 [ 0.66830086 -0.55101416  0.49975729]
 [-0.52763602  0.12245649  0.84059778]]
[[-0.51969892 -0.82614711 -0.21770159]
 [ 0.67263464 -0.55276527  0.49194837]
 [-0.5267596   0.10923141  0.84296668]]
[[-0.52350876 -0.82498639 -0.21292257]
 [ 0.67214954 -0.55346092  0.49182925]
 [-0.52359676  0.11436111  0.84425587]]
[[-0.5216153  -0.82584685 -0.21422994]
 [ 0.67263204 -0.5525276   0.49221884]
 [-0.52486533  0.11265095  0.8436979 ]]
[[-0.5178803  -0.82699304 -0.21882071]
 [ 0.67081448 -0.55132681  0.49603092]
 [-0.53085584  0.11009654  0.84028021]]
[[-0.52176347 -0.82587794 -0.21374873]
 [ 0.66978153 -0.55176219  0.49694184]
 [-0.52835176  0.11612114  0.84104714]]
[[-0.521836   -0.82594438 -0.21331448]
 [ 0.66953572 -0.55151606  0.49754594]
 [-0.52859163  0.11681571  0.8408002 ]]
[[-0.52269078 -0.82494142 -0.21509533]
 [ 0.67383086 -0.55432796  0.48854117]
 [-0.52225121  0.11041809  0.8456131 ]]
[[-0.52263668 -0.82579148 -0.2119418 ]
 [ 0.67062907 -0.55170101  0.49586556]
 [-0.52641006  0.1170232   0.84213896]]
[[-0.52157202 -0.82575357 -0.21469434]
 [ 0.67131503 -0.55248014  0.49406662]
 [-0.52659164  0.11356379  0.84249897]]
[[-0.52179529 -0.82697974 -0.20936616]
 [ 0.67139649 -0.54951651  0.4972508 ]
 [-0.5262665   0.11889542  0.84196642]]
[[-0.5199769  -0.82633338 -0.21632654]
 [ 0.67116275 -0.5519003   0.49492083]
 [-0.52836029  0.11215708  0.84157958]]
[[-0.52240782 -0.82599294 -0.21172086]
 [ 0.67077841 -0.5513817   0.49601869]
 [-0.52644695  0.11710626  0.84210435]]
[[-0.5231071  -0.82448326 -0.21583863]
 [ 0.67019034 -0.55439228  0.49345121]
 [-0.52650153  0.11347487  0.84256726]]
[[-0.51553869 -0.82830723 -0.21937865]
 [ 0.67127166 -0.54953629  0.49739745]
 [-0.53255444  0.10916496  0.83932639]]
[[-0.52078193 -0.82626553 -0.21464261]
 [ 0.66881441 -0.55114968  0.49892015]
 [-0.53054073  0.11627253  0.83964709]]
[[-0.51493547 -0.82630266 -0.22817839]
 [ 0.66663695 -0.55334296  0.4994064 ]
 [-0.53892174  0.10504992  0.8357798 ]]
[[-0.51645276 -0.82606748 -0.22558605]
 [ 0.66547106 -0.55296632  0.50137463]
 [-0.53891076  0.10881533  0.83530499]]
[[-0.51987483 -0.82637126 -0.21642713]
 [ 0.67298    -0.5522461   0.49205912]
 [-0.52614455  0.11015802  0.84323017]]
[[-0.51847589 -0.82678217 -0.21820633]
 [ 0.66934751 -0.55121637  0.49813093]
 [-0.53212467  0.11221301  0.83919698]]
[[-0.51616054 -0.82636679 -0.22515822]
 [ 0.66910158 -0.55315776  0.49630593]
 [-0.53467875  0.10551981  0.83844153]]
[[-0.51611531 -0.82656395 -0.22453732]
 [ 0.66921141 -0.55276391  0.49659656]
 [-0.53458495  0.10603815  0.83843595]]
[[-0.51791966 -0.82448009 -0.22801712]
 [ 0.66573745 -0.55587101  0.49779621]
 [-0.53717117  0.10601891  0.8367838 ]]
[[-0.52703539 -0.84028516 -0.12710058]
 [ 0.70450838 -0.51563416  0.4876365 ]
 [-0.47529112  0.16745827  0.86374538]]
[[-0.5177019  -0.82663778 -0.22057818]
 [ 0.66567277 -0.55114285  0.50311164]
 [-0.53746117  0.11362897  0.83559796]]
[[-0.51588567 -0.82623996 -0.22625095]
 [ 0.66633013 -0.55300845  0.50018578]
 [-0.53839217  0.10728085  0.83583772]]
[[-0.52275365 -0.82568875 -0.21205355]
 [ 0.66983376 -0.55170335  0.49693677]
 [-0.52730576  0.11773488  0.84147914]]
[[-0.51931971 -0.82578676 -0.21996195]
 [ 0.66962239 -0.55313121  0.49563265]
 [-0.5309547   0.11010037  0.84021724]]
[[-0.51773292 -0.82638063 -0.2214671 ]
 [ 0.67009658 -0.55262678  0.49555446]
 [-0.53190526  0.10816052  0.83986791]]
[[-0.51636524 -0.8264497  -0.22438322]
 [ 0.66763119 -0.55259104  0.49891056]
 [-0.53631663  0.10781484  0.8371024 ]]
[[-0.51879674 -0.82690869 -0.21696075]
 [ 0.66832197 -0.55055113  0.50023914]
 [-0.53310008  0.1145228   0.83826537]]
[[-0.51655364 -0.82690875 -0.22224819]
 [ 0.67256919 -0.5524737   0.4923652 ]
 [-0.52992737  0.10485575  0.84153565]]
[[-0.52270417 -0.82529878 -0.21368733]
 [ 0.66999265 -0.5526733   0.49564309]
 [-0.52715292  0.11590577  0.84182876]]
[[-0.52203937 -0.82716977 -0.20800258]
 [ 0.66982745 -0.54857065  0.50040128]
 [-0.52802092  0.12190333  0.84043649]]
[[-0.51775114 -0.82558915 -0.22435753]
 [ 0.66701239 -0.55375756  0.49844462]
 [-0.53575015  0.10842102  0.8373868 ]]
[[-0.52321384 -0.8254749  -0.21175096]
 [ 0.67033943 -0.55207652  0.49583926]
 [-0.52620559  0.11748494  0.84220245]]
[[-0.51847277 -0.82566518 -0.22240279]
 [ 0.66365302 -0.55255752  0.50422699]
 [-0.539213    0.11382968  0.83444122]]
[[-0.51750477 -0.82465519 -0.22832573]
 [ 0.6679094  -0.55609096  0.49463106]
 [-0.53486994  0.10347303  0.83857467]]
[[-0.51400034 -0.82839879 -0.22261872]
 [ 0.67074866 -0.54992428  0.49767412]
 [-0.53469607  0.10648346  0.83830864]]
[[-0.51776737 -0.82685599 -0.21960446]
 [ 0.66755891 -0.55101167  0.50075067]
 [-0.53505331  0.11267344  0.83727095]]
[[-0.51853429 -0.8270038  -0.21722549]
 [ 0.67310908 -0.5514707   0.4927517 ]
 [-0.52730102  0.1092922   0.84262023]]
[[-0.52292873 -0.82617086 -0.20973139]
 [ 0.67169015 -0.55089304  0.49532737]
 [-0.5247646   0.11814641  0.84300863]]
[[-0.51886957 -0.82380638 -0.22829242]
 [ 0.66773194 -0.55732105  0.49348485]
 [-0.53376814  0.10361613  0.83925876]]
[[-0.51915643 -0.8266441  -0.21710857]
 [ 0.67102022 -0.55155667  0.49549682]
 [-0.52934721  0.11155612  0.8410391 ]]
[[-0.51860058 -0.82671708 -0.21815663]
 [ 0.66549079 -0.55048043  0.50407668]
 [-0.53681976  0.11623323  0.83565207]]
[[-0.52061584 -0.82721877 -0.21134866]
 [ 0.66864897 -0.5489609   0.50154809]
 [-0.53091215  0.11979582  0.83891671]]
[[-0.52094406 -0.8263564  -0.21389807]
 [ 0.67042217 -0.55120785  0.49669308]
 [-0.5283478   0.1153473   0.84115611]]
[[-0.51928262 -0.82694208 -0.21566725]
 [ 0.66994556 -0.5505821   0.49802842]
 [-0.53058318  0.11413218  0.83991388]]
[[-0.52282332 -0.82554789 -0.21242988]
 [ 0.67180137 -0.5524318   0.49345923]
 [-0.52472725  0.11528131  0.84342844]]
[[-0.52175948 -0.82644999 -0.21153596]
 [ 0.66977616 -0.55042419  0.49843065]
 [-0.52836252  0.11837917  0.84072553]]
[[-0.51957812 -0.82638445 -0.21708828]
 [ 0.66664396 -0.55100935  0.50197064]
 [-0.5344384   0.11609237  0.83719661]]
[[-0.52225334 -0.82635152 -0.2107003 ]
 [ 0.66792138 -0.54997311  0.50140862]
 [-0.53021928  0.12113109  0.83916314]]
[[-0.52341922 -0.82569097 -0.21039662]
 [ 0.67102235 -0.55161411  0.49542999]
 [-0.52512981  0.11813675  0.84278253]]
[[-0.5228918  -0.82535963 -0.21299212]
 [ 0.66673858 -0.55170804  0.50107674]
 [-0.53107798  0.11999886  0.83878272]]
[[-0.52310616 -0.82547761 -0.21200629]
 [ 0.67217865 -0.55253357  0.49283112]
 [-0.52396165  0.11529689  0.84390214]]
[[-0.51979111 -0.82649362 -0.21616081]
 [ 0.66973231 -0.55131827  0.49750055]
 [-0.53035444  0.11382649  0.84009982]]
[[-0.52329287 -0.82604602 -0.20931448]
 [ 0.67036162 -0.55069234  0.4973462 ]
 [-0.52609872  0.11994133  0.84192292]]
[[-0.51943603 -0.82683709 -0.21570034]
 [ 0.67145747 -0.55107183  0.49544394]
 [-0.52851781  0.11251783  0.84143251]]
[[-0.51938088 -0.82601144 -0.21897169]
 [ 0.67064358 -0.55280765  0.49461185]
 [-0.52960428  0.11003998  0.841077  ]]
[[-0.52095369 -0.82544688 -0.21735846]
 [ 0.67253796 -0.55373773  0.49098597]
 [-0.52564241  0.10959914  0.84361607]]
[[-0.51893686 -0.82730321 -0.21511378]
 [ 0.67014837 -0.54996274  0.49843972]
 [-0.53066534  0.1145006   0.83981183]]
[[-0.5219786  -0.82588429 -0.21319821]
 [ 0.67054726 -0.55180576  0.49585964]
 [-0.52716669  0.11586864  0.84182524]]
[[-0.52046025 -0.82662174 -0.2140505 ]
 [ 0.66917355 -0.55056353  0.49908572]
 [-0.53040351  0.11651735  0.83969984]]
[[-0.52243131 -0.82527601 -0.21444122]
 [ 0.6691522  -0.55268039  0.49676928]
 [-0.52848923  0.11603402  0.8409728 ]]
[[-0.52084758 -0.82540509 -0.21777107]
 [ 0.66907848 -0.55315451  0.49634069]
 [-0.53014318  0.11281191  0.84036997]]
[[-0.52407497 -0.82580282 -0.20831499]
 [ 0.66775367 -0.55023972  0.50133948]
 [-0.52863074  0.12363637  0.83979973]]
[[-0.52020719 -0.82647096 -0.21524461]
 [ 0.66840301 -0.55087457  0.49977458]
 [-0.53162196  0.11611619  0.83898458]]
[[-0.52090147 -0.82547701 -0.21736919]
 [ 0.67291494 -0.55377275  0.49042964]
 [-0.52521152  0.10919455  0.84393685]]
[[-0.5223039  -0.82563931 -0.21335035]
 [ 0.67017794 -0.5521278   0.49600042]
 [-0.5273141   0.11608026  0.84170375]]
[[-0.5186549  -0.82606545 -0.22048346]
 [ 0.67031593 -0.55295589  0.49489023]
 [-0.53072935  0.10888367  0.84051812]]
[[-0.52136869 -0.82632917 -0.21296666]
 [ 0.6686216  -0.55065563  0.49972346]
 [-0.53020736  0.11814605  0.83959613]]
[[-0.52019422 -0.82659133 -0.21481328]
 [ 0.6712009  -0.55120907  0.4956389 ]
 [-0.52809785  0.11364562  0.84154461]]
[[-0.52214358 -0.8259105  -0.21269213]
 [ 0.6707328  -0.55170103  0.49572521]
 [-0.52676712  0.11618015  0.84203241]]
[[-0.52090994 -0.82602855 -0.21524327]
 [ 0.67173198 -0.55226453  0.49374086]
 [-0.52671527  0.11260873  0.84254988]]
[[-0.51969818 -0.82663315 -0.21585049]
 [ 0.66948507 -0.55098956  0.498197  ]
 [-0.53075752  0.11440339  0.83976682]]
[[-0.52225566 -0.8267332  -0.20919187]
 [ 0.67048289 -0.54964732  0.49833776]
 [-0.52697412  0.12000014  0.84136689]]
[[-0.5235999  -0.82529146 -0.21151159]
 [ 0.6666799  -0.5514752   0.50141103]
 [-0.53045364  0.12152824  0.83895758]]
[[-0.52174337 -0.82592055 -0.21363311]
 [ 0.67162962 -0.55207745  0.49408922]
 [-0.52602046  0.11430545  0.84275545]]
[[-0.51969736 -0.82648477 -0.21641992]
 [ 0.66952166 -0.55133971  0.49776025]
 [-0.53071216  0.11378687  0.83987925]]
[[-0.52202088 -0.82571175 -0.21376226]
 [ 0.66913626 -0.55187478  0.49768554]
 [-0.5289148   0.11676617  0.84060383]]
[[-0.52136154 -0.82585384 -0.21481985]
 [ 0.66994406 -0.55205717  0.49639484]
 [-0.52854242  0.1148839   0.84109726]]
[[-0.52112645 -0.82607919 -0.21452363]
 [ 0.67117671 -0.55192164  0.4948781 ]
 [-0.52720874  0.1139108   0.84206608]]
[[-0.52212847 -0.82642764 -0.21071125]
 [ 0.67184573 -0.55074516  0.49528082]
 [-0.52536196  0.11703477  0.8427916 ]]
[[-0.51977569 -0.82644298 -0.21639138]
 [ 0.66936111 -0.55136273  0.49795065]
 [-0.53083796  0.11397867  0.83977373]]
[[-0.52206898 -0.82670526 -0.20976747]
 [ 0.66751554 -0.54913613  0.5028643 ]
 [-0.53091146  0.12250681  0.83852555]]
[[-0.52273597 -0.82602838 -0.21077053]
 [ 0.66800315 -0.55049801  0.50072321]
 [-0.52964034  0.12095066  0.83955467]]
[[-0.52053101 -0.82659368 -0.21398682]
 [ 0.6698062  -0.5507315   0.49805067]
 [-0.52953482  0.11592112  0.84033039]]
[[-0.51902118 -0.82582999 -0.22050361]
 [ 0.6674504  -0.55272145  0.49900798]
 [-0.53397283  0.11182049  0.8380747 ]]
[[-0.52469317 -0.82511594 -0.20947736]
 [ 0.66926626 -0.5518899   0.49749393]
 [-0.52609861  0.12083554  0.84179512]]
[[-0.51993696 -0.82552232 -0.21949593]
 [ 0.66945718 -0.55340369  0.49555165]
 [-0.5305588   0.11071249  0.84038688]]
[[-0.52171673 -0.82565181 -0.21473411]
 [ 0.67043613 -0.55245239  0.49528957]
 [-0.5275671   0.11443535  0.84177046]]
[[-0.52187083 -0.82549798 -0.21495098]
 [ 0.67151718 -0.55296318  0.49325085]
 [-0.52603755  0.11306995  0.84291143]]
[[-0.52185275 -0.8265689  -0.21084011]
 [ 0.67126271 -0.55042745  0.49642319]
 [-0.52638016  0.1175307   0.84208697]]
[[-0.52030377 -0.82661137 -0.21447058]
 [ 0.66947232 -0.55073291  0.49849782]
 [-0.53017997  0.11578818  0.83994184]]
[[-0.51853188 -0.82654161 -0.21898323]
 [ 0.67046002 -0.5519695   0.49579535]
 [-0.53066756  0.11026619  0.84037689]]
[[-0.52422121 -0.82551013 -0.20910561]
 [ 0.66955438 -0.55127666  0.49778608]
 [-0.52620249  0.12094244  0.84171483]]
[[-0.51997186 -0.82704794 -0.21359066]
 [ 0.66942173 -0.54987361  0.49951332]
 [-0.53056933  0.11675064  0.83956267]]
[[-0.52015189 -0.82614646 -0.21661955]
 [ 0.673271   -0.55268584  0.49116649]
 [-0.52549801  0.10963752  0.84370104]]
[[-0.52227355 -0.82504579 -0.21570763]
 [ 0.67151738 -0.55380057  0.4923102 ]
 [-0.52563747  0.11226918  0.84326798]]
[[-0.51729969 -0.82683472 -0.22078353]
 [ 0.66335756 -0.55039533  0.5069731 ]
 [-0.54070119  0.1157986   0.8332064 ]]
[[-0.51930722 -0.82651392 -0.21724352]
 [ 0.66938295 -0.55143451  0.49784178]
 [-0.53126874  0.11311373  0.83961825]]
[[-0.51940159 -0.82648299 -0.21713557]
 [ 0.66825529 -0.55121805  0.49959336]
 [-0.53259446  0.11438759  0.83860516]]
[[-0.52111211 -0.82647779 -0.2130179 ]
 [ 0.66789227 -0.55027819  0.50111258]
 [-0.53137753  0.11886282  0.83875476]]
[[-0.50940642 -0.82588808 -0.24168985]
 [ 0.65521249 -0.55432972  0.51323986]
 [-0.55785455  0.10308947  0.8235113 ]]
[[-0.50670894 -0.82172126 -0.26080684]
 [ 0.64257352 -0.56165935  0.52118907]
 [-0.57475674  0.09650359  0.81261414]]
[[-0.50129712 -0.82426891 -0.26321466]
 [ 0.62836061 -0.55592008  0.54416525]
 [-0.59486481  0.10739475  0.79661925]]
[[-0.49994846 -0.82249321 -0.27121293]
 [ 0.6196602  -0.55849684  0.5514549 ]
 [-0.60503948  0.10763917  0.78888595]]
[[-0.50350117 -0.82347323 -0.26149266]
 [ 0.62512813 -0.55613395  0.54765851]
 [-0.59640707  0.11228028  0.79479038]]
[[-0.5017077  -0.82355348 -0.2646678 ]
 [ 0.62009688 -0.5557254   0.5537591 ]
 [-0.60313285  0.11370553  0.78949466]]
[[-0.50139648 -0.82587221 -0.25794702]
 [ 0.62726472 -0.55231487  0.54907855]
 [-0.59593669  0.11350499  0.79496923]]
[[-0.5001532  -0.82272599 -0.27012723]
 [ 0.62163834 -0.55830082  0.5494233 ]
 [-0.60283708  0.10687438  0.79067396]]
[[-0.50121404 -0.82350824 -0.26574171]
 [ 0.61969038 -0.55593716  0.55400154]
 [-0.60396053  0.11299577  0.78896365]]
[[-0.50792852 -0.82553517 -0.24596809]
 [ 0.64639104 -0.55402054  0.52463308]
 [-0.56937443  0.10748453  0.81502137]]
[[-0.51042445 -0.8266062  -0.23704236]
 [ 0.65430704 -0.55219744  0.51668199]
 [-0.55798672  0.10862864  0.82270933]]
[[-0.51559484 -0.82698424 -0.22418527]
 [ 0.67069929 -0.55235621  0.49504048]
 [-0.5332208   0.10487941  0.83944975]]
[[-0.51231033 -0.8266989  -0.23260923]
 [ 0.662654   -0.55281548  0.50525709]
 [-0.54628546  0.10470899  0.83102841]]
[[-0.51463426 -0.8257408  -0.23087598]
 [ 0.66174223 -0.55374314  0.5054362 ]
 [-0.54520528  0.1073344   0.83140275]]
[[-0.5181983  -0.82640052 -0.2203014 ]
 [ 0.66612292 -0.55153968  0.50207991]
 [-0.53642406  0.11342915  0.83629125]]
[[-0.5136585  -0.82698264 -0.22859276]
 [ 0.66542473 -0.5521618   0.50232188]
 [-0.54163167  0.10591063  0.83391731]]
[[-0.51383477 -0.82708131 -0.22783841]
 [ 0.66354489 -0.55149554  0.50553026]
 [-0.54376649  0.10857802  0.83218316]]
[[-0.51547825 -0.82980146 -0.21380297]
 [ 0.67535929 -0.54699037  0.49466288]
 [-0.52742015  0.11059413  0.84237576]]
[[-0.51452945 -0.83002621 -0.21521137]
 [ 0.69685266 -0.55101433  0.45910738]
 [-0.4996557   0.08625365  0.86191907]]
[[-0.52354527 -0.82999652 -0.19236976]
 [ 0.70814756 -0.54945803  0.44342181]
 [-0.47373767  0.09592522  0.87542617]]
[[-0.52308004 -0.8303041  -0.19230801]
 [ 0.71005654 -0.54934927  0.44049414]
 [-0.47138836  0.09386413  0.8769165 ]]
[[-0.52266507 -0.82956347 -0.19658504]
 [ 0.70937392 -0.55107504  0.43943707]
 [-0.47287405  0.09022611  0.87649836]]
[[-0.52324976 -0.82892975 -0.19769967]
 [ 0.70667001 -0.55172264  0.44296684]
 [-0.47626377  0.09207387  0.87446854]]
[[-0.52082318 -0.8297032  -0.20083779]
 [ 0.70970384 -0.55158328  0.43826514]
 [-0.47440876  0.08572329  0.87612091]]
[[-0.52534966 -0.82886456 -0.19233119]
 [ 0.70718204 -0.55102401  0.4430193 ]
 [-0.4731821   0.09672687  0.8756384 ]]
[[-0.52342405 -0.82707065 -0.20489364]
 [ 0.70276913 -0.55501368  0.44505659]
 [-0.48181202  0.08896039  0.87174723]]
[[-0.51916238 -0.82816797 -0.21120662]
 [ 0.67823106 -0.54957763  0.48781868]
 [-0.52007024  0.11001022  0.84700927]]
[[-0.57379397 -0.80289886 -0.16159794]
 [ 0.69629411 -0.58211986  0.41989402]
 [-0.4312018   0.12841297  0.89307061]]
[[-0.5153983  -0.82734534 -0.22330311]
 [ 0.67806659 -0.55306297  0.48409405]
 [-0.52401363  0.09808687  0.84604295]]
[[-0.51869024 -0.82704311 -0.21670287]
 [ 0.6743308  -0.5515612   0.4909768 ]
 [-0.52558387  0.10853546  0.84379005]]
[[-0.51772015 -0.82717605 -0.21850774]
 [ 0.67468506 -0.55178083  0.49024277]
 [-0.52608547  0.10638465  0.84375138]]
[[-0.5173749  -0.82702456 -0.21989448]
 [ 0.67250875 -0.55183682  0.49316134]
 [-0.52920241  0.10726834  0.84168778]]
[[-0.52922742 -0.82419051 -0.20156475]
 [ 0.66886617 -0.55141778  0.49855438]
 [-0.52205018  0.12902881  0.84309856]]
[[-0.54478551 -0.82067664 -0.17233281]
 [ 0.66008072 -0.54642222  0.51547667]
 [-0.51720614  0.16707065  0.83939574]]
[[-0.549048   -0.8184548  -0.1693459 ]
 [ 0.6570428  -0.54790126  0.51778274]
 [-0.5165666   0.17302008  0.83858393]]
[[-0.54618559 -0.82044582 -0.16896732]
 [ 0.66248828 -0.54652915  0.51226474]
 [-0.51263103  0.16785275  0.84204209]]
[[-0.54458589 -0.8217583  -0.16774836]
 [ 0.65962316 -0.54317963  0.51947394]
 [-0.51799952  0.17224747  0.83785876]]
[[-0.5475843  -0.81995502 -0.16680889]
 [ 0.65920266 -0.5455194   0.51755236]
 [-0.51536714  0.17344268  0.83923438]]
[[-0.54703956 -0.82029504 -0.16692444]
 [ 0.6583689  -0.54475212  0.51941845]
 [-0.51700882  0.17424458  0.8380577 ]]
[[-0.54551248 -0.8215104  -0.16594214]
 [ 0.65794991 -0.54242134  0.52238014]
 [-0.51915128  0.17578327  0.8364103 ]]
[[-0.54375225 -0.81945984 -0.18116029]
 [ 0.65440669 -0.54914489  0.51979975]
 [-0.52543827  0.16408978  0.83485877]]
[[-0.57037523 -0.80308576 -0.17241045]
 [ 0.64397897 -0.56751621  0.51304623]
 [-0.50986585  0.18160016  0.84086753]]
[[-0.57151567 -0.80200541 -0.17365818]
 [ 0.64068179 -0.56833937  0.51625304]
 [-0.51273451  0.18378706  0.83864512]]
[[-0.57030063 -0.80202232 -0.17753141]
 [ 0.64285626 -0.57031127  0.51135201]
 [-0.51136389  0.1774972   0.84083394]]
[[-0.57060747 -0.80263999 -0.17371285]
 [ 0.64138453 -0.5676703   0.51611657]
 [-0.51286742  0.18308324  0.83871779]]
[[-0.5690588  -0.802726   -0.17833409]
 [ 0.64028201 -0.56863092  0.51642795]
 [-0.51595642  0.17969376  0.83755545]]
[[-0.56483998 -0.80334589 -0.18865625]
 [ 0.64371558 -0.57199092  0.50838631]
 [-0.51631972  0.16571594  0.8402096 ]]
[[-0.55557393 -0.80735053 -0.19880325]
 [ 0.65042461 -0.5709454   0.50096824]
 [-0.51796278  0.14901837  0.84232303]]
[[-0.55521052 -0.80412573 -0.21242196]
 [ 0.64868402 -0.57851488  0.49449931]
 [-0.52052889  0.13675649  0.84282106]]
[[-0.55596559 -0.80469896 -0.20823506]
 [ 0.64694176 -0.57621419  0.49944326]
 [-0.52188947  0.14295731  0.84094862]]
[[-0.55446674 -0.80478402 -0.21187101]
 [ 0.64642172 -0.57683513  0.49939983]
 [-0.52412364  0.13994258  0.84006576]]
[[-0.5574932  -0.80349435 -0.20880173]
 [ 0.64338742 -0.57711402  0.50298313]
 [-0.52464651  0.14606927  0.8386953 ]]
[[-0.55497819 -0.80520224 -0.20892237]
 [ 0.64379076 -0.5747893   0.50512445]
 [-0.52681369  0.14583076  0.83737729]]
[[-0.55552345 -0.80482057 -0.20894388]
 [ 0.6456271  -0.57585283  0.50155674]
 [-0.52398411  0.1437267   0.83951372]]
[[-0.55304094 -0.80515428 -0.21417819]
 [ 0.64499798 -0.57647669  0.50164951]
 [-0.52737399  0.13928821  0.8381381 ]]
[[-0.5549631  -0.80505688 -0.20952179]
 [ 0.64478691 -0.57542402  0.50312727]
 [-0.52560994  0.14412016  0.83842923]]
[[-0.55428564 -0.80456795 -0.21316156]
 [ 0.64431881 -0.57689627  0.5020398 ]
 [-0.52689724  0.14092945  0.83816358]]
[[-0.55545786 -0.80861559 -0.19392626]
 [ 0.65601845 -0.56943529  0.49536173]
 [-0.51098567  0.14793337  0.84676405]]
[[-0.56042816 -0.80855189 -0.17934356]
 [ 0.67644319 -0.57181627  0.46416674]
 [-0.47785447  0.13881638  0.86740136]]
[[-0.56049276 -0.8091173  -0.17657029]
 [ 0.68154819 -0.57178238  0.45668038]
 [-0.47046778  0.13562488  0.87193232]]
[[-0.56026298 -0.8097647  -0.17431728]
 [ 0.68724344 -0.57191139  0.44789933]
 [-0.46238711  0.13114301  0.87692626]]
[[-0.56074206 -0.80949576 -0.17402576]
 [ 0.68528174 -0.5716918   0.45117338]
 [-0.46471204  0.13373521  0.8753043 ]]
[[-0.56238139 -0.80841754 -0.17374767]
 [ 0.67881765 -0.57135864  0.46125471]
 [-0.47215864  0.14145808  0.87008955]]
[[-0.56291311 -0.80814171 -0.17330845]
 [ 0.68259581 -0.57279163  0.45384216]
 [-0.46603841  0.13717408  0.87406606]]
[[-0.5640231  -0.80816319 -0.16955882]
 [ 0.68634341 -0.57297991  0.44791377]
 [-0.45914122  0.13625813  0.87785139]]
[[-0.56272061 -0.80763518 -0.17626946]
 [ 0.68156863 -0.57395308  0.45391857]
 [-0.46777101  0.1352896   0.87343403]]
[[-0.56260687 -0.80856921 -0.17230593]
 [ 0.68784299 -0.57343809  0.44501772]
 [-0.45863441  0.1318506   0.87878888]]
[[-0.5609238  -0.80845761 -0.17821557]
 [ 0.68502887 -0.57414018  0.44844007]
 [-0.4648655   0.1294579   0.8758657 ]]
[[-0.55991674 -0.8101073  -0.1738373 ]
 [ 0.68647452 -0.57106305  0.45015523]
 [-0.4639461   0.13271457  0.87586578]]
[[-0.56060648 -0.80914047 -0.17610244]
 [ 0.68211418 -0.57180077  0.4558115 ]
 [-0.46951104  0.13540891  0.87248141]]
[[-0.56094041 -0.80810981 -0.17973421]
 [ 0.68059514 -0.57376267  0.45561679]
 [-0.47131318  0.13324764  0.87184227]]
[[-0.56219839 -0.80812936 -0.1756699 ]
 [ 0.68108956 -0.57292836  0.45592774]
 [-0.46909486  0.13667491  0.87250787]]
[[-0.56350301 -0.80814564 -0.17136216]
 [ 0.68289055 -0.57240818  0.45388255]
 [-0.46489231  0.13874258  0.87442875]]
[[-0.56227654 -0.80889957 -0.17183301]
 [ 0.68424504 -0.57177958  0.45263322]
 [-0.46438542  0.13692915  0.87498376]]
[[-0.56137791 -0.80802976 -0.17872534]
 [ 0.67992759 -0.57345973  0.45699279]
 [-0.47175557  0.13502537  0.87132935]]
[[-0.56085364 -0.80848739 -0.17830128]
 [ 0.68188198 -0.57322999  0.45436147]
 [-0.46955316  0.13324985  0.8727911 ]]
[[-0.56282674 -0.807059   -0.17855486]
 [ 0.68199097 -0.57546651  0.45136085]
 [-0.46702718  0.13226515  0.87429489]]
[[-0.56452656 -0.80602686 -0.17784953]
 [ 0.6818107  -0.57680346  0.44992437]
 [-0.46523535  0.13273455  0.87517861]]
[[-0.56275232 -0.80544883 -0.1859086 ]
 [ 0.67191481 -0.57671091  0.46468809]
 [-0.48149799  0.13658956  0.8657384 ]]
[[-0.55902284 -0.80671639 -0.191578  ]
 [ 0.66889425 -0.57530917  0.47074392]
 [-0.48997341  0.13501118  0.86121892]]
[[-0.55890384 -0.80747247 -0.18871858]
 [ 0.66784111 -0.5732177   0.47477334]
 [-0.49154323  0.13931862  0.85963688]]
[[-0.56077165 -0.80480803 -0.19447159]
 [ 0.66632057 -0.578086    0.47099202]
 [-0.49147946  0.13453855  0.86043438]]
[[-0.56360315 -0.80543311 -0.18338211]
 [ 0.66786048 -0.57494947  0.47264731]
 [-0.48612124  0.14391185  0.86196028]]
[[-0.56097824 -0.80540836 -0.19136561]
 [ 0.66560889 -0.57627716  0.47420401]
 [-0.4922075   0.13864348  0.85936591]]
[[-0.55990757 -0.80577376 -0.19295636]
 [ 0.66729257 -0.57658063  0.47146092]
 [-0.49114573  0.13521619  0.86051871]]
[[-0.56313634 -0.80601665 -0.18224879]
 [ 0.66973951 -0.57435577  0.47070632]
 [-0.48407278  0.14301261  0.8632618 ]]
[[-0.56460144 -0.80660125 -0.17498469]
 [ 0.67270836 -0.5725523   0.46866548]
 [-0.47821404  0.14689554  0.86587125]]
[[-0.56170415 -0.80702433 -0.18220916]
 [ 0.67598406 -0.57465444  0.46132182]
 [-0.47700524  0.1359559   0.86832137]]
[[-0.56254461 -0.80750833 -0.17740875]
 [ 0.68107999 -0.57426824  0.45425327]
 [-0.46869351  0.13470818  0.87302927]]
[[-0.5637328  -0.80750809 -0.17359728]
 [ 0.67863195 -0.57263949  0.4599377 ]
 [-0.47081207  0.1414733   0.87081645]]
[[-0.56310006 -0.80829831 -0.17196557]
 [ 0.68088991 -0.57172412  0.45773404]
 [-0.46830252  0.14066045  0.87230006]]
[[-0.56147995 -0.80806004 -0.17826735]
 [ 0.67748488 -0.5726005   0.46167402]
 [-0.4751363   0.13844727  0.86895216]]
[[-0.56440498 -0.80616623 -0.17760357]
 [ 0.68337686 -0.576984    0.44730921]
 [-0.46308     0.13109337  0.87656799]]
[[-0.56732066 -0.80061214 -0.19278868]
 [ 0.67900545 -0.58723906  0.44056995]
 [-0.46593869  0.11903987  0.87677286]]
[[-0.56488426 -0.79747353 -0.21199468]
 [ 0.680706   -0.59556345  0.42654838]
 [-0.46641733  0.09664441  0.87926943]]
[[-0.56567345 -0.7923959  -0.22830308]
 [ 0.67926786 -0.60471987  0.41582335]
 [-0.46755612  0.08014129  0.88032303]]
[[-0.56059418 -0.79409748 -0.23482623]
 [ 0.6761751  -0.60266295  0.42377423]
 [-0.47803911  0.07878171  0.87479829]]
[[-0.5616591  -0.79343116 -0.23453368]
 [ 0.67534713 -0.60341018  0.42403113]
 [-0.47795952  0.0797693   0.87475228]]
[[-0.56010951 -0.79464211 -0.23413937]
 [ 0.67382143 -0.60142472  0.42924699]
 [-0.48191494  0.08265719  0.8723106 ]]
[[-0.56126719 -0.79399379 -0.23356585]
 [ 0.67657406 -0.60271491  0.42306297]
 [-0.47668299  0.07942677  0.87547971]]
[[-0.56407289 -0.79273306 -0.2310759 ]
 [ 0.67784604 -0.60435998  0.4186571 ]
 [-0.47153635  0.07951924  0.87825404]]
[[-0.56202285 -0.79368542 -0.23279556]
 [ 0.6742759  -0.60265261  0.42680423]
 [-0.47904314  0.0829053   0.87386748]]
[[-0.56371187 -0.79413117 -0.22712247]
 [ 0.67275732 -0.60097563  0.43153897]
 [-0.47919362  0.09046533  0.87303465]]
[[-0.552208   -0.79270594 -0.25823169]
 [ 0.66184201 -0.60516927  0.44241984]
 [-0.50698272  0.07339919  0.85882541]]
[[-0.55317988 -0.79321006 -0.25457774]
 [ 0.6649643  -0.60451447  0.43861684]
 [-0.50181122  0.0733489   0.86186161]]
[[-0.55534479 -0.79232187 -0.25262267]
 [ 0.66158771 -0.6049774   0.44306213]
 [-0.50387882  0.07892019  0.86016146]]
[[-0.5574015  -0.7886922  -0.25936109]
 [ 0.65956206 -0.61038676  0.43864095]
 [-0.50426327  0.07343439  0.86042195]]
[[-0.55405822 -0.7909915  -0.25952253]
 [ 0.65366383 -0.60641331  0.45275434]
 [-0.51550275  0.08121177  0.85303081]]
[[-0.5534825  -0.78921437 -0.26607857]
 [ 0.65209381 -0.60938083  0.45103067]
 [-0.51810306  0.07612939  0.85192343]]
[[-0.55406702 -0.79140193 -0.25824935]
 [ 0.65403673 -0.60575192  0.45310107]
 [-0.51502009  0.0821438   0.85323309]]
[[-0.55197871 -0.79033583 -0.26587363]
 [ 0.65301543 -0.60798646  0.4515787 ]
 [-0.51854639  0.07564225  0.85169707]]
[[-0.55226273 -0.79122763 -0.26261133]
 [ 0.65424754 -0.60657276  0.45169641]
 [-0.51668756  0.07764228  0.85264626]]
[[-0.55313111 -0.79039216 -0.26329871]
 [ 0.65421555 -0.607778    0.45011989]
 [-0.5157984   0.0767212   0.85326776]]
[[-0.55213193 -0.7883465  -0.27140398]
 [ 0.63987672 -0.6093501   0.46824165]
 [-0.53451671  0.08486608  0.84088622]]
[[-0.54736341 -0.78958002 -0.27741068]
 [ 0.63720594 -0.60808945  0.47349319]
 [-0.54255128  0.08240511  0.835971  ]]
[[-0.54746147 -0.78943522 -0.27762921]
 [ 0.63511198 -0.60799014  0.47642498]
 [-0.54490248  0.08449869  0.83423094]]
[[-0.54770775 -0.78839699 -0.28008285]
 [ 0.63604361 -0.60983505  0.47281047]
 [-0.54356669  0.08081704  0.83546625]]
[[-0.54864805 -0.78822843 -0.27871358]
 [ 0.63434257 -0.60962173  0.47536391]
 [-0.54460521  0.0840076   0.83447462]]
[[-0.54737414 -0.78827553 -0.28107515]
 [ 0.63783757 -0.61038312  0.46967614]
 [-0.54179774  0.07780829  0.83689968]]
[[-0.54845764 -0.79011189 -0.27371045]
 [ 0.64429963 -0.6079656   0.46395669]
 [-0.53298424  0.07810905  0.84251218]]
[[-0.56152027 -0.79285639 -0.23679893]
 [ 0.67345352 -0.60417337  0.42595176]
 [-0.48078618  0.07970747  0.87320752]]
[[-0.55771613 -0.79408775 -0.24161407]
 [ 0.67692849 -0.60359799  0.42123307]
 [-0.48033378  0.07137303  0.87417695]]
[[-0.55354236 -0.79563726 -0.24607357]
 [ 0.67450566 -0.60161142  0.42790866]
 [-0.48850074  0.07088756  0.86967924]]
[[-0.55152484 -0.79541749 -0.25125956]
 [ 0.67954714 -0.60312228  0.41768313]
 [-0.48377271  0.05961991  0.8731606 ]]
[[-0.55905876 -0.79409819 -0.23845622]
 [ 0.67490553 -0.60290269  0.42545372]
 [-0.48161793  0.0769182   0.87299929]]
[[-0.55737579 -0.7953863  -0.23810265]
 [ 0.67475746 -0.60105532  0.42829298]
 [-0.48377123  0.0780586   0.87170652]]
[[-0.55704519 -0.79401628 -0.24339021]
 [ 0.67792918 -0.60403671  0.41898887]
 [-0.47970061  0.06839441  0.87476256]]
[[-0.55574452 -0.79404809 -0.24624309]
 [ 0.67590306 -0.60401164  0.42228544]
 [-0.48404864  0.06824636  0.87237569]]
[[-0.55709315 -0.79309787 -0.24625796]
 [ 0.67255953 -0.60483107  0.4264306 ]
 [-0.48714567  0.07193843  0.87035278]]
[[-0.55264867 -0.79053193 -0.26389147]
 [ 0.65040219 -0.60708473  0.456536  ]
 [-0.52111077  0.08066843  0.84966827]]
[[-0.54790786 -0.78528887 -0.28830257]
 [ 0.62518668 -0.61338015  0.48260378]
 [-0.55582245  0.08417948  0.82702795]]
[[-0.55091776 -0.78829289 -0.27401448]
 [ 0.63225658 -0.60854576  0.47950357]
 [-0.54473961  0.09091958  0.83366204]]
[[-0.54831699 -0.78887836 -0.27752372]
 [ 0.62881992 -0.60770685  0.48505453]
 [-0.55130208  0.0914512   0.82927842]]
[[-0.54879394 -0.78770147 -0.27991356]
 [ 0.63072365 -0.60991853  0.47977813]
 [-0.54864641  0.08675123  0.83154154]]
[[-0.54640862 -0.78836393 -0.28270113]
 [ 0.62948723 -0.60923057  0.48226957]
 [-0.55243411  0.0855595   0.82915386]]
[[-0.54796973 -0.78850238 -0.27927258]
 [ 0.62796017 -0.60832018  0.4853994 ]
 [-0.55262572  0.09061212  0.82848914]]
[[-0.55041051 -0.78699577 -0.27872195]
 [ 0.63169079 -0.61084202  0.47732459]
 [-0.54590752  0.08665838  0.83335185]]
[[-0.56276697 -0.78718366 -0.25226023]
 [ 0.61931651 -0.60364504  0.5020555 ]
 [-0.54748552  0.12631132  0.82722733]]
[[-0.56832974 -0.78293322 -0.25301559]
 [ 0.60851132 -0.60692728  0.51122721]
 [-0.55381882  0.13658278  0.82135854]]
[[-0.56553212 -0.78667278 -0.24762746]
 [ 0.61790314 -0.60302286  0.50453854]
 [-0.54623175  0.13232297  0.82711638]]
[[-0.56868901 -0.78638099 -0.2412421 ]
 [ 0.61916204 -0.60232343  0.50383018]
 [-0.54150825  0.13715473  0.82943197]]
[[-0.57018053 -0.78658958 -0.23700421]
 [ 0.62013611 -0.60132702  0.50382241]
 [-0.5388185   0.14029486  0.83065756]]
[[-0.58412999 -0.78226245  0.21646619]
 [ 0.58625726 -0.59107522 -0.5540149 ]
 [ 0.56133285 -0.19671184  0.80387181]]
[[-0.57209951 -0.7844327  -0.23951509]
 [ 0.61797595 -0.60426986  0.50295493]
 [-0.53926605  0.13972571  0.83046304]]
[[-0.57157571 -0.78293337 -0.24559426]
 [ 0.61392085 -0.60662537  0.50508103]
 [-0.5444285   0.13791662  0.82739145]]
[[-0.59527951 -0.77602772 -0.20838254]
 [ 0.59903777 -0.60145277  0.52859088]
 [-0.53553343  0.1898303   0.82290243]]
[[-0.6109816  -0.76997721 -0.18394725]
 [ 0.58487014 -0.5956334   0.55058857]
 [-0.53350577  0.22881423  0.81425772]]
[[-0.61820284 -0.76818564 -0.16648147]
 [ 0.58644811 -0.59180239  0.55303576]
 [-0.52335826  0.24425553  0.81635493]]
[[-0.62109949 -0.76763152 -0.15804199]
 [ 0.58733606 -0.58941191  0.55464399]
 [-0.51891404  0.25166534  0.81694111]]
[[-0.6227501  -0.76744609 -0.1523444 ]
 [ 0.59082502 -0.58890126  0.55147176]
 [-0.51294065  0.25342021  0.82016467]]
[[-0.62102395 -0.76813918 -0.15585715]
 [ 0.58942387 -0.58876465  0.55311454]
 [-0.51663212  0.25163145  0.81839652]]
[[-0.6202714  -0.76781079 -0.1604057 ]
 [ 0.58447143 -0.58879967  0.55830824]
 [-0.52312192  0.25255008  0.81397906]]
[[-0.61799894 -0.76834468 -0.16650453]
 [ 0.57940985 -0.58827827  0.56410362]
 [-0.53137701  0.25214108  0.80874183]]
[[-0.57024225 -0.81367515 -0.11294478]
 [ 0.63607725 -0.5243554   0.56608935]
 [-0.51983604  0.25096646  0.81656985]]
[[-0.55951482 -0.81974962 -0.12228546]
 [ 0.64298584 -0.52241084  0.56005011]
 [-0.52298411  0.23472852  0.819384  ]]
[[-0.56473616 -0.81700687 -0.11650257]
 [ 0.63988412 -0.52264034  0.56337854]
 [-0.52117308  0.24361209  0.81794362]]
[[-0.56149071 -0.81915566 -0.11709908]
 [ 0.64081695 -0.51998346  0.56477503]
 [-0.52352825  0.24207686  0.81689471]]
[[-0.56523229 -0.81748623 -0.11058355]
 [ 0.63547255 -0.51696433  0.57351767]
 [-0.52601055  0.2538979   0.81169499]]
[[-0.55371264 -0.82721309 -0.09550291]
 [ 0.64604262 -0.4991161   0.57750503]
 [-0.52538676  0.25807289  0.81078181]]
[[-0.52208389 -0.84905037 -0.0808819 ]
 [ 0.67033174 -0.46711625  0.57659151]
 [-0.52733649  0.24681143  0.81301928]]
[[-0.48661819 -0.87230946 -0.04773828]
 [ 0.69771166 -0.42094144  0.57966089]
 [-0.5257387   0.24876598  0.81345824]]
[[-0.45690297 -0.88885071 -0.03441057]
 [ 0.72049028 -0.39249196  0.57170256]
 [-0.52166409  0.23642012  0.81973904]]
[[-0.42292076 -0.90613931 -0.00704171]
 [ 0.74128996 -0.35042943  0.57244074]
 [-0.52117868  0.23687712  0.81991585]]
[[-0.41528305 -0.90967327  0.00587709]
 [ 0.74392378 -0.33588282  0.57771978]
 [-0.52356223  0.24428934  0.81621401]]
[[-0.41514213 -0.90958551  0.01764143]
 [ 0.74440072 -0.3284751   0.58135332]
 [-0.52299578  0.25447655  0.81345995]]
[[-0.41330973 -0.91058724  0.00243811]
 [ 0.74205368 -0.33525918  0.5804805 ]
 [-0.52776074  0.24172744  0.8142705 ]]
[[-0.4156819  -0.90944596  0.0107981 ]
 [ 0.74630724 -0.33428193  0.57557023]
 [-0.51984041  0.24731283  0.81768105]]
[[-0.41404312 -0.91025519  0.0019443 ]
 [ 0.74229983 -0.33640832  0.57950014]
 [-0.52683893  0.2413813   0.81496982]]
[[-0.4452255  -0.89536439 -0.00984202]
 [ 0.72874306 -0.36871501  0.57704661]
 [-0.52029589  0.24974356  0.81665191]]
[[-0.47523341 -0.87916972 -0.03483984]
 [ 0.71181203 -0.4074404   0.57211533]
 [-0.51718163  0.2470889   0.81943287]]
[[-0.49649814 -0.86605309 -0.05866547]
 [ 0.69180223 -0.43561243  0.5758919 ]
 [-0.52430837  0.24534435  0.81541822]]
[[-0.53022105 -0.8439903  -0.08090747]
 [ 0.67219413 -0.47660644  0.56656981]
 [-0.51674045  0.24602171  0.82003209]]
[[-0.55709477 -0.82326716 -0.10897977]
 [ 0.64766332 -0.51285642  0.56348071]
 [-0.51978614  0.24332996  0.81890958]]
[[-0.5884069  -0.79737831 -0.13403417]
 [ 0.62115664 -0.5518948   0.55639605]
 [-0.5176309   0.24413106  0.82003553]]
[[-0.60617828 -0.77981064 -0.1563434 ]
 [ 0.59214815 -0.5737456   0.56584145]
 [-0.53095052  0.25042235  0.80955555]]
[[-0.63891453 -0.7493715  -0.17386944]
 [ 0.56607862 -0.61102811  0.55335309]
 [-0.52090615  0.25512156  0.81459792]]
[[-0.65855146 -0.72537734 -0.20034391]
 [ 0.54322051 -0.64246171  0.54051311]
 [-0.52078925  0.24712478  0.81713395]]
[[-0.68534007 -0.69362527 -0.22179489]
 [ 0.51119142 -0.67514864  0.53184362]
 [-0.5186447   0.2511141   0.81728171]]
[[-0.70630364 -0.66720236 -0.23659285]
 [ 0.48731479 -0.70067131  0.52113722]
 [-0.51347781  0.25278592  0.82002428]]
[[-0.72463539 -0.63647176 -0.26421063]
 [ 0.44761011 -0.72621426  0.52178352]
 [-0.523974    0.25983945  0.81113174]]
[[-0.73475894 -0.61933095 -0.27669202]
 [ 0.43227239 -0.7418584   0.51262725]
 [-0.52275222  0.25705114  0.81280676]]
[[-0.73614119 -0.61684522 -0.27856442]
 [ 0.42915732 -0.74365893  0.51263573]
 [-0.52337381  0.25782431  0.81216161]]
[[-0.73379549 -0.6182457  -0.28163172]
 [ 0.43264073 -0.74487556  0.50791968]
 [-0.52379975  0.25086382  0.8140646 ]]
[[-0.7344764  -0.61796611 -0.28046803]
 [ 0.43600487 -0.74639888  0.50278073]
 [-0.52004247  0.24699516  0.81764859]]
[[-0.73607784 -0.61758117 -0.27709732]
 [ 0.43352119 -0.74450379  0.50771398]
 [-0.51985459  0.25358945  0.81574726]]
[[-0.73090023 -0.61979151 -0.28573297]
 [ 0.4333752  -0.74491103  0.50724107]
 [-0.52722935  0.24691303  0.81305791]]
[[-0.73523462 -0.6180252  -0.27834314]
 [ 0.42960171 -0.74252597  0.51390423]
 [-0.52428278  0.25826349  0.81143548]]
[[-0.74714121 -0.6013972  -0.28302194]
 [ 0.41773681 -0.75607741  0.50382824]
 [-0.51698739  0.25820216  0.81612234]]
[[-0.76659066 -0.56229852 -0.31009537]
 [ 0.37773964 -0.78540274  0.49036242]
 [-0.51927981  0.25877194  0.81448484]]
[[-0.78137032 -0.5320067  -0.32623503]
 [ 0.34442338 -0.8035548   0.48546084]
 [-0.52041614  0.26696172  0.81110942]]
[[-0.7860509  -0.52384154 -0.32819813]
 [ 0.34191906 -0.81075688  0.47514697]
 [-0.51499061  0.2612725   0.81640759]]
[[-0.78285584 -0.52487745 -0.33412632]
 [ 0.33810956 -0.80966579  0.47971161]
 [-0.52232046  0.26257373  0.81131768]]
[[-0.79314621 -0.50626006 -0.33855552]
 [ 0.31822193 -0.81846447  0.47838343]
 [-0.51928209  0.27169222  0.81026505]]
[[-0.80970485 -0.46783116 -0.35427681]
 [ 0.29129596 -0.84449535  0.44941548]
 [-0.50943568  0.26069449  0.82006931]]
[[-0.82648701 -0.43206889 -0.36088182]
 [ 0.25235316 -0.85738098  0.44857077]
 [-0.50322669  0.27966825  0.8176482 ]]
[[-0.82963179 -0.39699628 -0.39256216]
 [ 0.22144874 -0.8794377   0.42136658]
 [-0.51251493  0.26264672  0.81752379]]
[[-0.84252036 -0.36101292 -0.39978634]
 [ 0.1914712  -0.8944216   0.4041643 ]
 [-0.50348607  0.26396908  0.82269199]]
[[-0.84718005 -0.32142468 -0.42305099]
 [ 0.14847876 -0.90775154  0.39235341]
 [-0.51013726  0.26957989  0.81675373]]
[[-0.85092719 -0.30545986 -0.42733732]
 [ 0.13622911 -0.91403135  0.38208419]
 [-0.50731109  0.26691004  0.81938665]]
[[-0.84958634 -0.30593978 -0.42965556]
 [ 0.13597167 -0.91409516  0.38202322]
 [-0.50962216  0.26614072  0.81820191]]
[[-0.85146021 -0.30573088 -0.42607998]
 [ 0.1366399  -0.91375328  0.38260224]
 [-0.5063053   0.26755106  0.8197996 ]]
[[-0.85187322 -0.30594303 -0.42510102]
 [ 0.13278421 -0.91129243  0.38976206]
 [-0.50663633  0.27558116  0.81693002]]
[[-0.8512085  -0.30364112 -0.42807261]
 [ 0.13627449 -0.9155412   0.37843569]
 [-0.50682674  0.2637923   0.82069499]]
[[-0.84878383 -0.30782685 -0.42989376]
 [ 0.13802707 -0.91385915  0.38185073]
 [-0.51040625  0.26477175  0.81815731]]
[[-0.85093957 -0.30306836 -0.42901214]
 [ 0.1327658  -0.9143347   0.38257718]
 [-0.50820773  0.26859192  0.81828069]]
[[-0.85033142 -0.30642762 -0.42783009]
 [ 0.13643575 -0.91355459  0.38314919]
 [-0.50825363  0.26743248  0.81863185]]
[[-0.84562881 -0.30646063 -0.43702837]
 [ 0.1309843  -0.91286245  0.38668496]
 [-0.51745051  0.26974808  0.81208432]]
[[-0.85052829 -0.3068435  -0.42714013]
 [ 0.13750195 -0.91364996  0.38254015]
 [-0.50763652  0.26662862  0.81927672]]
[[-0.84958009 -0.30725343 -0.42872952]
 [ 0.13476012 -0.91228355  0.38675372]
 [-0.50995429  0.27080262  0.81646345]]
[[-0.85105224 -0.30435076 -0.4278793 ]
 [ 0.13344897 -0.91349564  0.38433981]
 [-0.50783999  0.26999321  0.81804781]]
[[-0.84468626 -0.30820458 -0.43762434]
 [ 0.13428936 -0.91346387  0.38412254]
 [-0.51814235  0.26569474  0.81297897]]
[[-0.84687782 -0.3063669  -0.43466917]
 [ 0.13439094 -0.91414042  0.38247402]
 [-0.51452603  0.26549316  0.81533818]]
[[-0.84191003 -0.30845071 -0.44277045]
 [ 0.13555954 -0.915108    0.37973803]
 [-0.52231324  0.2596835   0.81225203]]
[[-0.84929787 -0.30563493 -0.43044213]
 [ 0.13249192 -0.91267093  0.38662342]
 [-0.51101764  0.27132834  0.81562363]]
[[-0.84974641 -0.30756333 -0.42817734]
 [ 0.13292094 -0.91093778  0.39054371]
 [-0.51015984  0.27494938  0.81494772]]
[[-0.85016015 -0.30497585 -0.42920561]
 [ 0.13021824 -0.91163155  0.38983473]
 [-0.51016756  0.27553156  0.81474623]]
[[-0.84751319 -0.30694207 -0.4330219 ]
 [ 0.13603806 -0.91419489  0.38176086]
 [-0.51304487  0.2646399   0.81654803]]
[[-0.84865289 -0.30741023 -0.43045002]
 [ 0.13801414 -0.91428188  0.38084214]
 [-0.51062742  0.2637946   0.81833492]]
[[-0.84637273 -0.3060248  -0.43589222]
 [ 0.1315639  -0.91320708  0.38567313]
 [-0.51608541  0.26907554  0.81317538]]
[[-0.84409508 -0.30709799 -0.43953876]
 [ 0.13322731 -0.91415282  0.38285128]
 [-0.51937845  0.26460431  0.81254574]]
[[-0.84531037 -0.30500275 -0.43866127]
 [ 0.13276868 -0.91520258  0.38049535]
 [-0.51751605  0.26339619  0.81412504]]
[[-0.84653786 -0.30641244 -0.43529882]
 [ 0.1355516  -0.91484946  0.38036329]
 [-0.51478093  0.26298647  0.8159894 ]]
[[-0.84133779 -0.30573279 -0.44573331]
 [ 0.12818157 -0.91398661  0.38496489]
 [-0.52509066  0.26675072  0.80816078]]
[[-0.84486456 -0.30614603 -0.43872369]
 [ 0.13015988 -0.91306233  0.38649139]
 [-0.51890488  0.26942865  0.81126193]]
[[-0.84241733 -0.30741407 -0.44252641]
 [ 0.128027   -0.91195719  0.38979889]
 [-0.52339481  0.27171801  0.80760584]]
[[-0.84641499 -0.30626694 -0.43564002]
 [ 0.13576683 -0.91514085  0.37958476]
 [-0.51492624  0.26214077  0.81616982]]
[[-0.84572948 -0.31047353 -0.43399059]
 [ 0.13787897 -0.91283474  0.38434637]
 [-0.51549106  0.26521488  0.81481902]]
[[-0.85058992 -0.30561632 -0.42789654]
 [ 0.13484133 -0.91331812  0.38427571]
 [-0.5082466   0.2691629   0.8180689 ]]
[[-0.84570422 -0.30714244 -0.43640337]
 [ 0.13324663 -0.91340022  0.38463668]
 [-0.51674918  0.26713958  0.81339211]]
[[-0.84718191 -0.3073762  -0.43336206]
 [ 0.13393336 -0.91286993  0.38565573]
 [-0.51414459  0.26867892  0.81453482]]
[[-0.84648368 -0.30766837 -0.4345176 ]
 [ 0.13170052 -0.9117641   0.38902597]
 [-0.51586854  0.27207794  0.81231352]]
[[-0.84794304 -0.30669474 -0.43235509]
 [ 0.13126565 -0.91171365  0.38929109]
 [-0.51357757  0.2733433   0.81333973]]
[[-0.84818024 -0.3078309  -0.43108053]
 [ 0.13610064 -0.91313253  0.38427283]
 [-0.5119247   0.26726228  0.81639695]]
[[-0.84767172 -0.30746746 -0.43233831]
 [ 0.13512449 -0.91318305  0.38449718]
 [-0.51302439  0.26750789  0.81562584]]
[[-0.84698979 -0.30812774 -0.43320387]
 [ 0.135392   -0.91305102  0.38471658]
 [-0.51407908  0.26719868  0.81506292]]
[[-0.84523107 -0.30720567 -0.43727464]
 [ 0.13128064 -0.91254086  0.38734296]
 [-0.51802493  0.26998862  0.81163805]]
[[-0.84409863 -0.30729513 -0.43939413]
 [ 0.13562774 -0.91519501  0.3795039 ]
 [-0.51875102  0.26074469  0.8141926 ]]
[[-0.85192635 -0.30482398 -0.42579788]
 [ 0.13331859 -0.91257631  0.38656258]
 [-0.5064066   0.27255608  0.81808651]]
[[-0.84924755 -0.30813998 -0.42875208]
 [ 0.13672407 -0.91268212  0.3851206 ]
 [-0.50998541  0.268442    0.81722321]]
[[-0.85070844 -0.30663042 -0.42693434]
 [ 0.13592649 -0.91292436  0.38482866]
 [-0.50775893  0.2693453   0.81831166]]
[[-0.84354428 -0.30691811 -0.44072022]
 [ 0.130213   -0.91301169  0.3865931 ]
 [-0.52103514  0.26872089  0.81013052]]
[[-0.84535604 -0.30851296 -0.43611112]
 [ 0.13208011 -0.91173862  0.38895698]
 [-0.51761762  0.27120553  0.81149218]]
[[-0.84740902 -0.30978778 -0.43119542]
 [ 0.13694191 -0.91218356  0.38622281]
 [-0.51297648  0.26823996  0.81541551]]
[[-0.84886128 -0.30327784 -0.43296314]
 [ 0.12985687 -0.91358918  0.38534661]
 [-0.51241752  0.27088257  0.81489319]]
[[-0.84815998 -0.30596201 -0.43244871]
 [ 0.13180538 -0.91255452  0.38713252]
 [-0.51308087  0.27135125  0.81431967]]
[[-0.84380396 -0.30884834 -0.43887079]
 [ 0.13322469 -0.91274954  0.38618577]
 [-0.51985195  0.26739666  0.81132791]]
[[-0.8428539  -0.30672948 -0.44217002]
 [ 0.13215833 -0.91447691  0.38244759]
 [-0.52166223  0.26391099  0.81130728]]
[[-0.84947579 -0.30549717 -0.43018875]
 [ 0.13177186 -0.91232637  0.38768127]
 [-0.51090807  0.27263908  0.8152551 ]]
[[-0.84444811 -0.30711641 -0.43884723]
 [ 0.13324795 -0.91399018  0.38323223]
 [-0.51879896  0.26514424  0.81273992]]
[[-0.8432724  -0.30297506 -0.44395696]
 [ 0.12955162 -0.91620784  0.37918276]
 [-0.52163976  0.26223901  0.81186369]]
[[-0.849679   -0.30831691 -0.42776895]
 [ 0.13365986 -0.91068125  0.39088964]
 [-0.51007904  0.27495518  0.81499633]]
[[-0.84930223 -0.30638206 -0.42990204]
 [ 0.13396315 -0.91277774  0.38586353]
 [-0.51062668  0.27012372  0.81626808]]
[[-0.84914817 -0.30666021 -0.43000802]
 [ 0.13375311 -0.91248993  0.38661638]
 [-0.51093785  0.27077968  0.81585592]]
[[-0.85002452 -0.30507611 -0.42940293]
 [ 0.13170215 -0.91240444  0.3875212 ]
 [-0.5100126   0.27284924  0.81574533]]
[[-0.85103658 -0.30467642 -0.42767863]
 [ 0.13009496 -0.91140494  0.39040535]
 [-0.50873572  0.2766104   0.81527581]]
[[-0.8466331  -0.31040294 -0.43227585]
 [ 0.13739018 -0.91222904  0.38595611]
 [-0.51413649  0.26737276  0.81496961]]
[[-0.84970017 -0.30535076 -0.42984944]
 [ 0.13416879 -0.91362149  0.38378966]
 [-0.50991015  0.26843376  0.81727288]]
[[-0.84517345 -0.30988712 -0.43549032]
 [ 0.13233934 -0.91073075  0.39122346]
 [-0.51784953  0.27301918  0.81073571]]
[[-0.84917729 -0.30996556 -0.42757372]
 [ 0.13296395 -0.90903925  0.39492814]
 [-0.51109542  0.27851211  0.81314973]]
[[-0.84862313 -0.30301876 -0.43361091]
 [ 0.13356029 -0.9158589   0.37863456]
 [-0.51185978  0.26340484  0.81769031]]
[[-0.85170751 -0.30649071 -0.42503855]
 [ 0.13455307 -0.91183169  0.38788972]
 [-0.50644821  0.27317834  0.81785316]]
[[-0.8483446  -0.30550804 -0.43240754]
 [ 0.13255982 -0.91327078  0.38518097]
 [-0.51258105  0.26944632  0.81526642]]
[[-0.84832036 -0.30689493 -0.43147199]
 [ 0.13405829 -0.91283239  0.38570118]
 [-0.51223134  0.26935577  0.81551611]]
[[-0.84303812 -0.30757651 -0.44122943]
 [ 0.13052128 -0.91282183  0.38693734]
 [-0.5217767   0.26861309  0.80968888]]
[[-0.84875986 -0.30505629 -0.43191128]
 [ 0.13363587 -0.9140428   0.38297157]
 [-0.51161328  0.26733206  0.8165693 ]]
[[-0.85076686 -0.30506378 -0.42793906]
 [ 0.1345385  -0.91356957  0.38378383]
 [-0.50803065  0.26893628  0.81827754]]
[[-0.84967763 -0.30885482 -0.42738345]
 [ 0.13666586 -0.91180126  0.38722205]
 [-0.50928417  0.27060519  0.81694704]]
[[-0.85149864 -0.30475604 -0.42670108]
 [ 0.13197199 -0.91212151  0.38809503]
 [-0.50747754  0.2741498   0.81688949]]
[[-0.84817196 -0.30806663 -0.43092838]
 [ 0.13380873 -0.9117192   0.38841129]
 [-0.51254224  0.27177758  0.81451667]]
[[-0.84361012 -0.30390777 -0.44267599]
 [ 0.1324467  -0.91671745  0.37694427]
 [-0.5203651   0.25936303  0.8136037 ]]
[[-0.8489072  -0.3060359  -0.4309276 ]
 [ 0.13387219 -0.91322624  0.38483251]
 [-0.51130696  0.26899787  0.81621403]]
[[-0.84724058 -0.30350482 -0.43596814]
 [ 0.13046906 -0.91446067  0.38306592]
 [-0.51493807  0.26766864  0.81436618]]
[[-0.85071849 -0.30672094 -0.42684929]
 [ 0.13370022 -0.91164805  0.3886156 ]
 [-0.50833287  0.27353263  0.81656451]]
[[-0.84748844 -0.3061177  -0.43365344]
 [ 0.13308981 -0.9134052   0.38467913]
 [-0.5138584   0.26829626  0.81484149]]
[[-0.84734889 -0.30470053 -0.43492235]
 [ 0.1337067  -0.91503718  0.38056469]
 [-0.51392838  0.26431903  0.81609624]]
[[-0.84587504 -0.30389824 -0.43833924]
 [ 0.13071323 -0.91486036  0.38202693]
 [-0.5171165   0.26585031  0.81358106]]
[[-0.84713744 -0.31080228 -0.43099896]
 [ 0.13302403 -0.9093177   0.39426632]
 [-0.51445385  0.27666455  0.81166124]]
[[-0.84607893 -0.30702918 -0.43575627]
 [ 0.13361917 -0.91352189  0.38421825]
 [-0.51603911  0.26685357  0.81393661]]
[[-0.84902343 -0.30359632 -0.43242166]
 [ 0.13220621 -0.91446631  0.38245639]
 [-0.51154739  0.26754561  0.81654064]]
[[-0.84894267 -0.304816   -0.43172161]
 [ 0.13043185 -0.91248043  0.38777183]
 [-0.51213658  0.27288581  0.81440129]]
[[-0.8456727  -0.30687085 -0.43665543]
 [ 0.13016818 -0.91205073  0.38886979]
 [-0.5175847   0.27201792  0.81124123]]
