[[ 0.85805678 -0.48726599 -0.16220485]
 [ 0.38359551  0.81811331 -0.42842165]
 [ 0.34145725  0.30538905  0.88890071]]
[[ 0.85794696 -0.48936257 -0.15636909]
 [ 0.38594118  0.81483965 -0.43253411]
 [ 0.33908173  0.31074205  0.88795437]]
[[ 0.85254164 -0.4937171  -0.17151147]
 [ 0.38663186  0.81654716 -0.42868   ]
 [ 0.35169384  0.29915575  0.88702721]]
[[ 0.86178658 -0.48721949 -0.1412128 ]
 [ 0.38821117  0.81263638 -0.43464262]
 [ 0.32652101  0.31974879  0.88946317]]
[[ 0.86202434 -0.48653601 -0.1421153 ]
 [ 0.39086773  0.81658863 -0.42474161]
 [ 0.32270182  0.31058932  0.89409049]]
[[ 0.85878026 -0.49034995 -0.14850383]
 [ 0.38663471  0.81043176 -0.44012948]
 [ 0.33616969  0.32055778  0.88556911]]
[[ 0.85763507 -0.48959132 -0.15736079]
 [ 0.38480314  0.81395454 -0.43520634]
 [ 0.34115778  0.31269529  0.88647223]]
[[ 0.8601439  -0.48791571 -0.14862951]
 [ 0.38890178  0.81591738 -0.427825  ]
 [ 0.33001194  0.31018878  0.89155765]]
[[ 0.8594968  -0.48826438 -0.15120566]
 [ 0.38723488  0.8150935  -0.43089643]
 [ 0.33363813  0.311802    0.88964325]]
[[ 0.86005033 -0.4872029  -0.15148187]
 [ 0.38451488  0.81409159 -0.43520476]
 [ 0.33535314  0.31605097  0.88749651]]
[[ 0.85722402 -0.49163215 -0.15318229]
 [ 0.38988279  0.81398065 -0.43061225]
 [ 0.33639025  0.30940802  0.88944268]]
[[ 0.85479007 -0.49170665 -0.16600752]
 [ 0.386439    0.81656637 -0.42881727]
 [ 0.34640847  0.30239696  0.88800746]]
[[ 0.85385926 -0.49085902 -0.17315247]
 [ 0.38013518  0.8153189  -0.43675203]
 [ 0.35555815  0.30710342  0.88276038]]
[[ 0.85805022 -0.48736381 -0.1619455 ]
 [ 0.38097441  0.81550838 -0.43566568]
 [ 0.3443956   0.31212594  0.88542028]]
[[ 0.85647541 -0.49075224 -0.16003786]
 [ 0.3874862   0.81608409 -0.42879039]
 [ 0.3410342   0.30523596  0.88911567]]
[[ 0.8590251  -0.49096739 -0.14500658]
 [ 0.39231524  0.81331628 -0.42965729]
 [ 0.32888393  0.31219811  0.89127308]]
[[ 0.85842017 -0.48972455 -0.15259316]
 [ 0.38624567  0.81287311 -0.43594906]
 [ 0.33753383  0.31528902  0.88694067]]
[[ 0.85873481 -0.48917619 -0.15258173]
 [ 0.3827046   0.8102698  -0.44384687]
 [ 0.34075169  0.32275303  0.88301686]]
[[ 0.8582663  -0.48893829 -0.15594331]
 [ 0.38116365  0.81077347 -0.44425292]
 [ 0.34364696  0.32184739  0.88222504]]
[[ 0.85770152 -0.48687543 -0.16522839]
 [ 0.37870668  0.81560473 -0.43745876]
 [ 0.34774898  0.31263595  0.8839284 ]]
[[ 0.85786334 -0.49012715 -0.15442104]
 [ 0.38389644  0.81101421 -0.44145155]
 [ 0.34160505  0.31942342  0.88389743]]
[[ 0.85639316 -0.49407068 -0.1499497 ]
 [ 0.39222075  0.81138327 -0.43338213]
 [ 0.33578808  0.31233211  0.88864786]]
[[ 0.85891302 -0.48928004 -0.15123976]
 [ 0.38692409  0.81346024 -0.43424899]
 [ 0.33549689  0.31446381  0.88800583]]
[[ 0.86843928 -0.4723837  -0.15055518]
 [ 0.36697147  0.8166276  -0.44547873]
 [ 0.3333844   0.33162178  0.88254282]]
[[ 0.88003855 -0.44597015 -0.16322614]
 [ 0.34302655  0.83463036 -0.43095818]
 [ 0.32842798  0.32326891  0.88748649]]
[[ 0.8908623  -0.41997322 -0.17316713]
 [ 0.31448485  0.84524221 -0.43204732]
 [ 0.32781647  0.33043623  0.88506964]]
[[ 0.88995085 -0.42010358 -0.17748372]
 [ 0.31074664  0.84343442 -0.43824069]
 [ 0.33380236  0.3348602   0.88116095]]
[[ 0.89240989 -0.41771796 -0.17063494]
 [ 0.31115118  0.84355079 -0.43772937]
 [ 0.32678666  0.33754076  0.88276651]]
[[ 0.89135148 -0.41839024 -0.17447676]
 [ 0.30881827  0.84221261 -0.441938  ]
 [ 0.33184908  0.34004048  0.87991401]]
[[ 0.89209966 -0.41836085 -0.17068218]
 [ 0.31049072  0.8420387  -0.44109675]
 [ 0.32825861  0.34050703  0.88107959]]
[[ 0.89171754 -0.42222807 -0.16298246]
 [ 0.31678993  0.8394677  -0.44151798]
 [ 0.3232398   0.34207813  0.88232567]]
[[ 0.88871246 -0.42299398 -0.17682268]
 [ 0.31604978  0.84464238 -0.43207846]
 [ 0.33211852  0.32810874  0.88433135]]
[[ 0.88868612 -0.41950286 -0.18507925]
 [ 0.30660966  0.84382651 -0.44039452]
 [ 0.34092154  0.33462542  0.87852054]]
[[ 0.88740912 -0.42524963 -0.17795448]
 [ 0.31325831  0.83949683 -0.44397556]
 [ 0.33819266  0.33824225  0.87819013]]
[[ 0.88599219 -0.42277485 -0.19047117]
 [ 0.31077078  0.84624477 -0.43277167]
 [ 0.34415021  0.32423944  0.88115232]]
[[ 0.88731078 -0.4223043  -0.18530692]
 [ 0.31301608  0.84658164 -0.43048862]
 [ 0.33867463  0.32397315  0.88336906]]
[[ 0.88694082 -0.42182004 -0.18815909]
 [ 0.30882851  0.84451714 -0.43751085]
 [ 0.34345442  0.32993734  0.87930678]]
[[ 0.89570817 -0.40792313 -0.17693388]
 [ 0.30514441  0.85336336 -0.42267939]
 [ 0.32340959  0.324607    0.88883999]]
[[ 0.90600904 -0.37475881 -0.19673196]
 [ 0.2635854   0.86323892 -0.43051284]
 [ 0.33116516  0.33819285  0.88088321]]
[[ 0.91588657 -0.3347762  -0.22153257]
 [ 0.22363461  0.88378637 -0.41098567]
 [ 0.33337569  0.32687391  0.88431561]]
[[ 0.92767111 -0.30054282 -0.22158593]
 [ 0.19039751  0.89121708 -0.41168059]
 [ 0.32120881  0.33971478  0.88397894]]
[[ 0.92996407 -0.26976151 -0.24979104]
 [ 0.15479914  0.90357024 -0.39949725]
 [ 0.33347273  0.33285065  0.8820467 ]]
[[ 0.94273072 -0.21986154 -0.25083799]
 [ 0.10948673  0.91431693 -0.38991949]
 [ 0.31507372  0.34012565  0.88602658]]
[[ 0.94241395 -0.1970223  -0.27025574]
 [ 0.08857413  0.92623975 -0.36638033]
 [ 0.32250671  0.32134427  0.89035234]]
[[ 0.9458204  -0.16164821 -0.28159124]
 [ 0.05628384  0.93575689 -0.34812523]
 [ 0.31977476  0.3134149   0.89415614]]
[[ 0.94274095 -0.11431037 -0.31332514]
 [-0.01005282  0.92926714 -0.36927161]
 [ 0.33337433  0.35127727  0.87490904]]
[[ 0.9505622  -0.07872119 -0.30039053]
 [-0.02597012  0.94379359 -0.3295136 ]
 [ 0.30944636  0.32102435  0.89509012]]
[[ 0.94400743 -0.04408951 -0.32696498]
 [-0.07536135  0.93601454 -0.34379856]
 [ 0.32120188  0.34918892  0.88028203]]
[[ 0.94563083 -0.00186973 -0.32523659]
 [-0.11258135  0.93628328 -0.33271469]
 [ 0.30513567  0.35124084  0.88516784]]
[[ 0.93990889  0.02868928 -0.34021788]
 [-0.13825852  0.94308936 -0.30243518]
 [ 0.31217921  0.33129953  0.89038461]]
[[ 0.9299393   0.06794516 -0.36138117]
 [-0.17637048  0.94477264 -0.27622113]
 [ 0.32265515  0.32060586  0.89056473]]
[[ 0.93813436  0.06512066 -0.34009297]
 [-0.16925286  0.94307271 -0.28629937]
 [ 0.30208839  0.32614899  0.89575077]]
[[ 0.93166496  0.06582512 -0.35730583]
 [-0.17223554  0.94593978 -0.2748324 ]
 [ 0.31989893  0.31759247  0.89263637]]
[[ 0.93497292  0.06490145 -0.34873119]
 [-0.17020669  0.94463268 -0.28053302]
 [ 0.31121588  0.32164716  0.89425264]]
[[ 0.93246968  0.06775142 -0.35483806]
 [-0.17580198  0.94320165 -0.28189413]
 [ 0.31558511  0.32523896  0.89141778]]
[[ 0.93487968  0.06728685 -0.348529  ]
 [-0.17207302  0.94469569 -0.27917901]
 [ 0.31046877  0.32097122  0.89475506]]
[[ 0.93198131  0.06622308 -0.35640615]
 [-0.1709075   0.94731559 -0.27089443]
 [ 0.31968965  0.31338103  0.89419845]]
[[ 0.93399616  0.06770994 -0.35080842]
 [-0.17306743  0.94473441 -0.27843232]
 [ 0.31256815  0.32076823  0.89409669]]
[[ 0.92187684  0.06063883 -0.3827088 ]
 [-0.16309035  0.95665403 -0.24127702]
 [ 0.35148916  0.28484381  0.8918068 ]]
[[ 0.91963095  0.05958041 -0.38823844]
 [-0.15659387  0.96209329 -0.22328201]
 [ 0.36021836  0.26613281  0.8941007 ]]
[[ 0.92667374  0.05403175 -0.37196284]
 [-0.14448015  0.96478711 -0.21979837]
 [ 0.34698886  0.25742262  0.90184939]]
[[ 0.93609977  0.0547719  -0.34744389]
 [-0.13727645  0.96635448 -0.21751826]
 [ 0.32384007  0.25131466  0.9121231 ]]
[[ 0.93412817  0.0542462  -0.3527916 ]
 [-0.14229157  0.9630461  -0.22868169]
 [ 0.32734946  0.26381728  0.90732727]]
[[ 0.93755558  0.05966764 -0.34267959]
 [-0.14265038  0.9644747  -0.22234977]
 [ 0.31723871  0.25734864  0.91276025]]
[[ 0.92805596  0.05666823 -0.3681044 ]
 [-0.14089281  0.96832492 -0.20614574]
 [ 0.34476275  0.24317804  0.90664386]]
[[ 0.93503696  0.05703323 -0.34993298]
 [-0.13800196  0.9676888  -0.21103045]
 [ 0.32659048  0.2456127   0.91269549]]
[[ 0.9329035   0.05275555 -0.35624136]
 [-0.13556373  0.96789342 -0.21167146]
 [ 0.33363683  0.24576246  0.9101029 ]]
[[ 0.93445771  0.049979   -0.35254912]
 [-0.13406379  0.96662634 -0.21831265]
 [ 0.32987222  0.25126801  0.90997182]]
[[ 0.93318325  0.04926502 -0.35600839]
 [-0.13430375  0.96659981 -0.21828264]
 [ 0.33336395  0.25151097  0.90863123]]
[[ 0.93465212  0.05480772 -0.351314  ]
 [-0.1391593   0.96561818 -0.21958192]
 [ 0.3272004   0.25412132  0.91014408]]
[[ 0.93641455  0.04346675 -0.3481931 ]
 [-0.12553226  0.96812362 -0.2167448 ]
 [ 0.32767278  0.24667246  0.91202152]]
[[ 0.93237929  0.00898732 -0.36136975]
 [-0.09212235  0.97259023 -0.21349876]
 [ 0.3495459   0.23235206  0.90765091]]
[[ 0.9583805   0.00260508 -0.28548212]
 [-0.07016093  0.97144132 -0.22666984]
 [ 0.27673863  0.23726564  0.93119318]]
[[ 0.94909708 -0.00440889 -0.31495285]
 [-0.0619969   0.97772767 -0.2005118 ]
 [ 0.30882215  0.20983126  0.92768514]]
[[ 0.94587291 -0.00179168 -0.32453233]
 [-0.06480114  0.97880511 -0.19427138]
 [ 0.31800198  0.2047861   0.92570913]]
[[ 0.9456374  -0.0055962  -0.3251747 ]
 [-0.06384217  0.97720393 -0.20247631]
 [ 0.31889509  0.21222903  0.92372331]]
[[ 0.94825626 -0.00337849 -0.31748803]
 [-0.06396609  0.97740763 -0.20145138]
 [ 0.31099582  0.211336    0.9266168 ]]
[[ 0.94782597 -0.00223106 -0.31878042]
 [-0.06322066  0.97879871 -0.19482358]
 [ 0.31245652  0.20481236  0.92758979]]
[[ 0.94722455 -0.00279695 -0.32055861]
 [-0.06607662  0.97678562 -0.20377371]
 [ 0.31368699  0.21420089  0.92505051]]
[[ 0.93065121  0.00681207 -0.36584412]
 [-0.09019906  0.9732438  -0.21133062]
 [ 0.35461593  0.22967389  0.90636496]]
[[ 0.93607934  0.04843718 -0.34843838]
 [-0.12944159  0.96841274 -0.21312354]
 [ 0.32710906  0.24460296  0.91278095]]
[[ 0.9146121   0.06624245 -0.3988692 ]
 [-0.15574383  0.96808663 -0.19634697]
 [ 0.37313343  0.24170273  0.8957406 ]]
[[ 0.90921642  0.07774604 -0.40900007]
 [-0.17352284  0.9637771  -0.20254266]
 [ 0.37843801  0.25512597  0.88977268]]
[[ 0.90852738  0.09442809 -0.40701516]
 [-0.19250079  0.95918024 -0.20716347]
 [ 0.37083885  0.26656443  0.889619  ]]
[[ 0.90331368  0.09719663 -0.41782438]
 [-0.19051048  0.96356942 -0.18772246]
 [ 0.38435681  0.24917219  0.88892242]]
[[ 0.89943692  0.09349968 -0.42693212]
 [-0.19312984  0.96132777 -0.19634099]
 [ 0.39206388  0.25904967  0.88271127]]
[[ 0.90260432  0.08966599 -0.42102904]
 [-0.18660393  0.96289311 -0.19497647]
 [ 0.3879232   0.25455228  0.88584351]]
[[ 0.9015094   0.09652222 -0.4218581 ]
 [-0.18253737  0.96866138 -0.16844953]
 [ 0.39237853  0.2288637   0.89087625]]
[[ 0.89797409  0.09624581 -0.42939408]
 [-0.17102585  0.9754083  -0.13902804]
 [ 0.40545369  0.19828107  0.89235191]]
[[ 0.89564543  0.06991063 -0.43923998]
 [-0.14449779  0.9797353  -0.13870521]
 [ 0.42064194  0.18769989  0.88759738]]
[[ 0.89848396  0.07235746 -0.43300227]
 [-0.15374911  0.97572071 -0.15598172]
 [ 0.41120285  0.20672079  0.88779431]]
[[ 0.90008733  0.07377025 -0.42941909]
 [-0.15276286  0.97643236 -0.15245772]
 [ 0.40805185  0.20282455  0.89014375]]
[[ 0.89194286  0.07437988 -0.4459883 ]
 [-0.15637001  0.97625538 -0.14991281]
 [ 0.42424798  0.20345286  0.8823948 ]]
[[ 0.85603702  0.09998315 -0.50715282]
 [-0.16215724  0.98353209 -0.07981019]
 [ 0.4908214   0.15055898  0.85815287]]
[[ 0.89252291  0.07379736 -0.44492338]
 [-0.14997693  0.97894295 -0.13848327]
 [ 0.42533491  0.19032773  0.88479691]]
[[ 0.89344     0.07444726 -0.44297017]
 [-0.15471344  0.97682971 -0.14787651]
 [ 0.42169742  0.20065223  0.88425673]]
[[ 0.88854259  0.06912242 -0.45355724]
 [-0.15334658  0.97647461 -0.15159868]
 [ 0.43240826  0.20425333  0.87823896]]
[[ 0.90176349  0.06987261 -0.42654476]
 [-0.13413671  0.9833628  -0.12249469]
 [ 0.41088923  0.16767655  0.89613315]]
[[ 0.90304757  0.02032595 -0.42905937]
 [-0.09359864  0.98418845 -0.15037419]
 [ 0.41921878  0.17595442  0.89067146]]
[[ 0.91273074 -0.01486345 -0.40829115]
 [-0.0580475   0.98448254 -0.16560376]
 [ 0.40441696  0.17485193  0.8977047 ]]
[[ 0.90325763 -0.07261536 -0.42290976]
 [-0.00821649  0.98246936 -0.18624298]
 [ 0.42901998  0.17170023  0.8868263 ]]
[[ 0.90229808 -0.10176398 -0.41892991]
 [ 0.03568526  0.98603623 -0.1626626 ]
 [ 0.42963326  0.13182053  0.89333007]]
[[ 0.90392876 -0.14942199 -0.40073165]
 [ 0.06974123  0.97593965 -0.20658647]
 [ 0.42195847  0.15879193  0.89260079]]
[[ 0.90023565 -0.18850774 -0.39248008]
 [ 0.09829406  0.96613648 -0.23857617]
 [ 0.42416278  0.17619631  0.88827968]]
[[ 0.90445059 -0.18769869 -0.3830644 ]
 [ 0.10222506  0.96719585 -0.23255587]
 [ 0.41414873  0.17117651  0.89396836]]
[[ 0.90307936 -0.18849202 -0.38589951]
 [ 0.10278771  0.96728724 -0.23192689]
 [ 0.41699204  0.16978266  0.8929118 ]]
[[ 0.90899678 -0.18797525 -0.37200828]
 [ 0.10390148  0.96654469 -0.23451191]
 [ 0.40364507  0.17451836  0.89811692]]
[[ 0.90507194 -0.19038037 -0.38026319]
 [ 0.10796206  0.96776256 -0.22755179]
 [ 0.41132587  0.16489674  0.8964486 ]]
[[ 0.90402296 -0.18098137 -0.38728314]
 [ 0.0934648   0.96772061 -0.23405376]
 [ 0.41714124  0.17539263  0.89175703]]
[[ 0.90715675 -0.18281005 -0.37900806]
 [ 0.0986078   0.96797428 -0.23087291]
 [ 0.40907594  0.17206477  0.8961309 ]]
[[ 0.90084002 -0.18287543 -0.39375607]
 [ 0.09978179  0.96988839 -0.22217136]
 [ 0.42252912  0.16085116  0.89196191]]
[[ 0.91819219 -0.17022846 -0.35769453]
 [ 0.09460191  0.97106198 -0.2192923 ]
 [ 0.38467335  0.16751389  0.90772546]]
[[ 0.91385795 -0.17479599 -0.36648331]
 [ 0.09546937  0.96978976 -0.22448478]
 [ 0.3946508   0.17015927  0.90293774]]
[[ 0.89872054 -0.18538178 -0.39741035]
 [ 0.10326007  0.97022957 -0.21907064]
 [ 0.42619098  0.15584666  0.89110777]]
[[ 0.88632269 -0.16109985 -0.4341416 ]
 [ 0.0498638   0.96528497 -0.25639525]
 [ 0.4603756   0.20560098  0.86358702]]
[[ 0.879606   -0.13475394 -0.45621778]
 [ 0.02707838  0.97166763 -0.23479517]
 [ 0.47493162  0.1941736   0.8583336 ]]
[[ 0.89347025 -0.1515228  -0.42279044]
 [ 0.0525874   0.97018969 -0.23657249]
 [ 0.44603305  0.18913703  0.87480381]]
[[ 0.88670365 -0.14738007 -0.43821885]
 [ 0.04666471  0.97152044 -0.23231538]
 [ 0.45997723  0.18554553  0.86832817]]
[[ 0.87581475 -0.15087732 -0.4584589 ]
 [ 0.04722169  0.972113   -0.22970946]
 [ 0.4803318   0.17953373  0.85851558]]
[[ 0.88785516 -0.14126658 -0.43790064]
 [ 0.04371951  0.97329805 -0.22534311]
 [ 0.45804129  0.18092724  0.8703238 ]]
[[ 0.88565343 -0.14673707 -0.4405522 ]
 [ 0.04409622  0.97104686 -0.23478399]
 [ 0.46224834  0.18851056  0.86648153]]
[[ 0.8802758  -0.13977361 -0.45340694]
 [ 0.04502354  0.97591848 -0.21343854]
 [ 0.47232128  0.16747079  0.86537052]]
[[ 0.8817236  -0.14112357 -0.450164  ]
 [ 0.04654486  0.97557672 -0.21467102]
 [ 0.46946466  0.16832769  0.86675759]]
[[ 0.88077045 -0.14686495 -0.45019341]
 [ 0.04389166  0.97191708 -0.23119412]
 [ 0.47150497  0.18386921  0.86248198]]
[[ 0.88397958 -0.14116334 -0.44570508]
 [ 0.04343158  0.97400011 -0.22234542]
 [ 0.46550381  0.17719114  0.86712715]]
[[ 0.87746795 -0.14198035 -0.45813925]
 [ 0.0445428   0.97517676 -0.21690143]
 [ 0.47756249  0.16991725  0.86201055]]
[[ 0.8823933  -0.14078101 -0.44895743]
 [ 0.04259226  0.97417025 -0.22176166]
 [ 0.4685808   0.17655889  0.86559748]]
[[ 0.88118829 -0.143187   -0.45056041]
 [ 0.04502044  0.9741155  -0.22152234]
 [ 0.470617    0.17491846  0.86482551]]
[[ 0.88340487 -0.14551166 -0.44544606]
 [ 0.04054286  0.97073619 -0.23670134]
 [ 0.46685341  0.19104346  0.86345254]]
[[ 0.87464789 -0.14657755 -0.4620672 ]
 [ 0.04776299  0.97460985 -0.21875633]
 [ 0.48240001  0.16926505  0.85944143]]
[[ 0.8771742  -0.14904307 -0.45645545]
 [ 0.0397921   0.96990107 -0.24022593]
 [ 0.47852064  0.19255667  0.85670294]]
[[ 0.88334374 -0.14481591 -0.44579389]
 [ 0.0467667   0.97356022 -0.22359197]
 [ 0.46638688  0.17666026  0.86676089]]
[[ 0.88130024 -0.14849753 -0.4486183 ]
 [ 0.04692248  0.97215001 -0.2296141 ]
 [ 0.47022141  0.18130867  0.86372391]]
[[ 0.87935554 -0.14283666 -0.45423729]
 [ 0.04532925  0.97472663 -0.21875389]
 [ 0.47400326  0.17177221  0.86360594]]
[[ 0.88404166 -0.13988652 -0.44598443]
 [ 0.04556668  0.97541304 -0.21562254]
 [ 0.46518171  0.17029728  0.86867992]]
[[ 0.88357319 -0.14829605 -0.44419218]
 [ 0.04565632  0.97129533 -0.23345426]
 [ 0.46606213  0.18599374  0.86498117]]
[[ 0.88538969 -0.14406835 -0.44196086]
 [ 0.04205328  0.97168688 -0.23249976]
 [ 0.46294342  0.18726698  0.86638009]]
[[ 0.88216683 -0.13583983 -0.45092042]
 [ 0.04130412  0.97612389 -0.21325133]
 [ 0.46912222  0.16949838  0.86671486]]
[[ 0.87683927 -0.14564929 -0.4581912 ]
 [ 0.04903988  0.97513299 -0.21612667]
 [ 0.47827606  0.16703871  0.86217752]]
[[ 0.87971455 -0.13635116 -0.45553339]
 [ 0.04602735  0.97792427 -0.2038274 ]
 [ 0.47326926  0.15834294  0.86657009]]
[[ 0.8881089  -0.13828179 -0.43833859]
 [ 0.04044716  0.97348336 -0.22515366]
 [ 0.45784998  0.18223142  0.87015235]]
[[ 0.88130021 -0.14920391 -0.44838391]
 [ 0.045853    0.97136925 -0.2331079 ]
 [ 0.47032695  0.18487829  0.86290937]]
[[ 0.8792097  -0.14594371 -0.4535314 ]
 [ 0.04135891  0.97171333 -0.23251377]
 [ 0.47463643  0.1856708   0.86037586]]
[[ 0.88458057 -0.14756868 -0.44242593]
 [ 0.04743908  0.97217229 -0.22941353]
 [ 0.46396848  0.18194647  0.86696524]]
[[ 0.87862061 -0.15093069 -0.45304055]
 [ 0.04506261  0.97070812 -0.23599809]
 [ 0.4753895   0.1869376   0.8596855 ]]
[[ 0.87684659 -0.1414379  -0.4594947 ]
 [ 0.04410033  0.97537977 -0.21607743]
 [ 0.47874338  0.16920289  0.86149589]]
[[ 0.88408348 -0.14215117 -0.44518474]
 [ 0.04131458  0.97265928 -0.22853235]
 [ 0.46549921  0.18364906  0.86578491]]
[[ 0.88022145 -0.1470877  -0.45119331]
 [ 0.04664934  0.97296835 -0.22617786]
 [ 0.47226479  0.17803873  0.86328916]]
[[ 0.881513   -0.14515534 -0.44929363]
 [ 0.04563622  0.97330946 -0.22491337]
 [ 0.46994912  0.17775999  0.86460928]]
[[ 0.88323879 -0.15461044 -0.44270175]
 [ 0.04761193  0.96877048 -0.24334515]
 [ 0.46650009  0.19385399  0.86301697]]
[[ 0.88247605 -0.14828466 -0.44637169]
 [ 0.04242728  0.9702319  -0.23843235]
 [ 0.46843991  0.1914725   0.86249773]]
[[ 0.88135513 -0.14616083 -0.44927736]
 [ 0.04559664  0.97281888 -0.22703388]
 [ 0.47024896  0.17961194  0.86406335]]
[[ 0.87721255 -0.1414458  -0.45879323]
 [ 0.04344902  0.97508313 -0.21754327]
 [ 0.47813212  0.17089757  0.86150084]]
[[ 0.87785039 -0.1425676  -0.45722333]
 [ 0.04796953  0.9760393  -0.21224094]
 [ 0.47652662  0.164383    0.86365538]]
[[ 0.8782839  -0.1477641  -0.45473418]
 [ 0.04685222  0.97306876 -0.22570346]
 [ 0.47583849  0.17692641  0.8615537 ]]
[[ 0.87831103 -0.1441967  -0.45582567]
 [ 0.04685839  0.97480485 -0.21808207]
 [ 0.47578779  0.17018464  0.86293868]]
[[ 0.88168595 -0.1430542  -0.44962805]
 [ 0.0439725   0.97369645 -0.22356573]
 [ 0.46978325  0.17734349  0.86478493]]
[[ 0.88551757 -0.14591221 -0.44109892]
 [ 0.04636141  0.97241673 -0.22859642]
 [ 0.46228697  0.18197618  0.8678568 ]]
[[ 0.87852191 -0.15333653 -0.45242366]
 [ 0.0497654   0.97130734 -0.23256279]
 [ 0.47510279  0.18179646  0.86094563]]
[[ 0.8807617  -0.14979352 -0.44924462]
 [ 0.04533616  0.97096875 -0.23487086]
 [ 0.47138462  0.18649823  0.86198315]]
[[ 0.88570613 -0.1409188  -0.44234211]
 [ 0.04409954  0.97404763 -0.22200551]
 [ 0.46214704  0.17712455  0.86893441]]
[[ 0.88585101 -0.14136357 -0.44190987]
 [ 0.04393592  0.97373253 -0.22341576]
 [ 0.46188486  0.17849736  0.86879288]]
[[ 0.88301946 -0.14528029 -0.44628497]
 [ 0.0406548   0.97098763 -0.2356485 ]
 [ 0.46757227  0.18993858  0.86330731]]
[[ 0.87872937 -0.1467518  -0.45420106]
 [ 0.04763956  0.97377733 -0.22245939]
 [ 0.47493701  0.17384366  0.86267793]]
[[ 0.88563055 -0.14458249 -0.4413099 ]
 [ 0.04586352  0.97288471 -0.22669776]
 [ 0.46212018  0.18053044  0.86824749]]
[[ 0.88235922 -0.14664775 -0.44714275]
 [ 0.04923186  0.97375544 -0.22220837]
 [ 0.46799405  0.17405393  0.86642184]]
[[ 0.8841901  -0.14684721 -0.44344534]
 [ 0.04753498  0.97266007 -0.22731654]
 [ 0.46470238  0.17991186  0.86699678]]
[[ 0.87948146 -0.14863353 -0.45212878]
 [ 0.0485453   0.97304457 -0.22544983]
 [ 0.47345086  0.17633022  0.86299011]]
[[ 0.88264263 -0.14651134 -0.44662782]
 [ 0.0448721   0.97210573 -0.23021066]
 [ 0.46789793  0.18315261  0.86459623]]
[[ 0.87697103 -0.14953713 -0.4566842 ]
 [ 0.04503266  0.97174158 -0.23171179]
 [ 0.47842855  0.18263882  0.85892327]]
[[ 0.87603464 -0.14677609 -0.45936923]
 [ 0.04572471  0.97354684 -0.22386561]
 [ 0.48007558  0.1751095   0.85957205]]
[[ 0.8838442  -0.14847206 -0.44359382]
 [ 0.04990299  0.97280832 -0.22617174]
 [ 0.46511194  0.17776393  0.86722019]]
[[ 0.87982174 -0.14422411 -0.45289415]
 [ 0.04626027  0.97431169 -0.22040126]
 [ 0.47304724  0.17296282  0.86389246]]
[[ 0.87914205 -0.14638545 -0.45352018]
 [ 0.04559871  0.97312687 -0.22570965]
 [ 0.47437328  0.17775091  0.86219174]]
[[ 0.88868445 -0.14164985 -0.43609089]
 [ 0.04373117  0.97293378 -0.22690847]
 [ 0.45642911  0.18257926  0.87082563]]
[[ 0.88671016 -0.14004462 -0.4406048 ]
 [ 0.0441724   0.974321   -0.22078811]
 [ 0.4602107   0.17631249  0.87012644]]
[[ 0.8799342  -0.14563269 -0.45222441]
 [ 0.04686661  0.97382511 -0.22241444]
 [ 0.4727783   0.17451584  0.86372733]]
[[ 0.88168139 -0.14468783 -0.44911398]
 [ 0.04694596  0.97400132 -0.22162471]
 [ 0.469504    0.17431829  0.86555134]]
[[ 0.87960496 -0.14661489 -0.45254744]
 [ 0.04645233  0.97324599 -0.22502096]
 [ 0.47343141  0.17690767  0.8628826 ]]
[[ 0.87823056 -0.1476381  -0.45487809]
 [ 0.04321267  0.97176241 -0.23197087]
 [ 0.47628116  0.18406741  0.85981128]]
[[ 0.88377519 -0.14732414 -0.44411374]
 [ 0.04619899  0.97197617 -0.23049507]
 [ 0.46562546  0.18318821  0.86581465]]
[[ 0.88237481 -0.14810221 -0.44663231]
 [ 0.04732186  0.97229421 -0.22892052]
 [ 0.46816165  0.18085823  0.8649364 ]]
[[ 0.88692541 -0.14755821 -0.43770982]
 [ 0.04956746  0.97253501 -0.22741752]
 [ 0.45924544  0.18000621  0.8698801 ]]
[[ 0.88443773 -0.14936454 -0.44210875]
 [ 0.0473419   0.97122373 -0.23341637]
 [ 0.46425064  0.18551198  0.86605811]]
[[ 0.87273074 -0.14337143 -0.46667514]
 [ 0.04630373  0.9759055  -0.21322386]
 [ 0.48600105  0.16447822  0.85834136]]
[[ 0.8839388  -0.1427063  -0.44529442]
 [ 0.04588408  0.97416781 -0.22111476]
 [ 0.46534595  0.17501999  0.86765266]]
[[ 0.88152058 -0.14693253 -0.44870067]
 [ 0.04612314  0.97259735 -0.22787507]
 [ 0.46988735  0.18018108  0.86414157]]
[[ 0.87973092 -0.14811752 -0.45181269]
 [ 0.04572756  0.97219222 -0.22967648]
 [ 0.47326789  0.18139321  0.86204061]]
[[ 0.87719927 -0.14880588 -0.45648467]
 [ 0.04809879  0.97321215 -0.22482128]
 [ 0.47771116  0.17525671  0.86085837]]
[[ 0.88173904 -0.14617055 -0.44852027]
 [ 0.04445392  0.97229861 -0.22947607]
 [ 0.46963828  0.18239953  0.8638115 ]]
[[ 0.88052015 -0.14444281 -0.45146488]
 [ 0.04528998  0.97371943 -0.22320236]
 [ 0.4718401   0.17608735  0.86392139]]
[[ 0.87664247 -0.14855369 -0.45763498]
 [ 0.04669431  0.97292055 -0.22637413]
 [ 0.47887119  0.17708023  0.85984009]]
[[ 0.88134182 -0.14915737 -0.44831761]
 [ 0.04587108  0.97139204 -0.23300931]
 [ 0.47024721  0.18479604  0.86297044]]
[[ 0.87959211 -0.15052611 -0.45128662]
 [ 0.04590451  0.97105066 -0.23442139]
 [ 0.47350871  0.18547911  0.86103832]]
[[ 0.88458261 -0.14324213 -0.44384153]
 [ 0.04445373  0.97322939 -0.22549593]
 [ 0.46426014  0.17973937  0.86726944]]
[[ 0.87822887 -0.14765083 -0.45487722]
 [ 0.04597714  0.97280865 -0.22700094]
 [ 0.47602538  0.17844483  0.8611372 ]]
[[ 0.88319605 -0.14439423 -0.44622309]
 [ 0.0439135   0.97270701 -0.22784355]
 [ 0.46694362  0.18163531  0.86543184]]
[[ 0.87485495 -0.1510997  -0.46021483]
 [ 0.04910857  0.97287376 -0.22606412]
 [ 0.48188916  0.17517283  0.85854372]]
[[ 0.87695956 -0.14534035 -0.45805907]
 [ 0.04653321  0.97437219 -0.22007609]
 [ 0.47830596  0.17168288  0.86124816]]
[[ 0.87381694 -0.14361193 -0.46456385]
 [ 0.04593671  0.97549902 -0.21515453]
 [ 0.48408034  0.16666513  0.85900463]]
[[ 0.87680897 -0.15325168 -0.45576304]
 [ 0.04947446  0.97157273 -0.23151394]
 [ 0.47828685  0.18044487  0.85946573]]
[[ 0.8763263  -0.14588999 -0.45909511]
 [ 0.04666572  0.97426478 -0.22052311]
 [ 0.47945231  0.17182619  0.86058192]]
[[ 0.87998278 -0.14627239 -0.45192333]
 [ 0.04443943  0.97258526 -0.22826094]
 [ 0.47292224  0.18078249  0.86235854]]
[[ 0.88350337 -0.14200492 -0.44638145]
 [ 0.04641989  0.974793   -0.21822876]
 [ 0.46611907  0.17208487  0.86782476]]
[[ 0.88183242 -0.14908775 -0.44737504]
 [ 0.049247    0.97263513 -0.22705868]
 [ 0.46898435  0.17819583  0.86504331]]
[[ 0.88065234 -0.14385785 -0.45139381]
 [ 0.04585673  0.97419338 -0.22100775]
 [ 0.47153856  0.17393155  0.86452253]]
[[ 0.88225892 -0.14348299 -0.44836572]
 [ 0.04557329  0.97397864 -0.22201056]
 [ 0.46855338  0.17543729  0.86584034]]
[[ 0.87968665 -0.14734507 -0.45215134]
 [ 0.04784172  0.97338569 -0.22412377]
 [ 0.47314118  0.17552699  0.86332364]]
[[ 0.876595   -0.14846135 -0.45775586]
 [ 0.0477709   0.97336999 -0.22420706]
 [ 0.4788519   0.17467138  0.8603434 ]]
[[ 0.87529436 -0.1489406  -0.46008312]
 [ 0.04590159  0.97268261 -0.22755569]
 [ 0.48140713  0.17805967  0.85822021]]
[[ 0.87651527 -0.14957286 -0.45754665]
 [ 0.0482994   0.97303142 -0.22555937]
 [ 0.47894483  0.17560701  0.86010117]]
[[ 0.88464713 -0.14870942 -0.44191059]
 [ 0.04765754  0.97165009 -0.23157041]
 [ 0.46381916  0.18379773  0.86665459]]
[[ 0.87863762 -0.1488511  -0.45369515]
 [ 0.04611175  0.97217863 -0.22965718]
 [ 0.47525745  0.18086476  0.8610565 ]]
[[ 0.87772107 -0.14815437 -0.45569288]
 [ 0.04612426  0.97270743 -0.22740452]
 [ 0.47694683  0.17857924  0.86059931]]
[[ 0.8815856  -0.14494242 -0.4492199 ]
 [ 0.04640753  0.97369223 -0.2230914 ]
 [ 0.46973734  0.17582699  0.86511947]]
[[ 0.88142944 -0.15342169 -0.44670339]
 [ 0.05352795  0.97212771 -0.22825967]
 [ 0.46927273  0.17728367  0.86507434]]
[[ 0.8786447  -0.14624614 -0.45452784]
 [ 0.04619122  0.97350812 -0.22393818]
 [ 0.47523664  0.1757669   0.86212304]]
[[ 0.88109087 -0.13925247 -0.45198189]
 [ 0.04322807  0.97538278 -0.21624008]
 [ 0.47096732  0.17098886  0.86542047]]
[[ 0.8802499  -0.14479604 -0.45187854]
 [ 0.0461822   0.97392625 -0.22211453]
 [ 0.47225768  0.17464755  0.86398548]]
[[ 0.87683175 -0.1483242  -0.45734671]
 [ 0.04636339  0.9728769  -0.22662958]
 [ 0.47855671  0.17751187  0.85992617]]
[[ 0.87921613 -0.15033889 -0.45208098]
 [ 0.04629869  0.971377   -0.23298744]
 [ 0.47416815  0.18391556  0.86101082]]
[[ 0.87574383 -0.14813779 -0.45948661]
 [ 0.04866073  0.97399737 -0.22127191]
 [ 0.48031748  0.17141855  0.86018068]]
[[ 0.87823735 -0.14566419 -0.45550094]
 [ 0.0451552   0.9734855  -0.2242476 ]
 [ 0.4760884   0.17637439  0.86152882]]
[[ 0.87505462 -0.14978939 -0.46026356]
 [ 0.04881363  0.97337232 -0.22397221]
 [ 0.48155647  0.17352079  0.85906572]]
[[ 0.87575603 -0.14475063 -0.46054168]
 [ 0.04580598  0.97460002 -0.21921818]
 [ 0.4805759   0.17088608  0.86014229]]
[[ 0.8799855  -0.1452068  -0.45226154]
 [ 0.04493245  0.97330588 -0.2250705 ]
 [ 0.47287059  0.17773756  0.86301956]]
[[ 0.88582523 -0.14988578 -0.43914454]
 [ 0.04780294  0.97083548 -0.23493264]
 [ 0.46155016  0.18711686  0.86715554]]
[[ 0.88334421 -0.14951133 -0.4442402 ]
 [ 0.04549209  0.97063553 -0.23621418]
 [ 0.46651202  0.18844901  0.86420686]]
[[ 0.88060631 -0.1478646  -0.45018729]
 [ 0.04916789  0.97345055 -0.22355433]
 [ 0.47129083  0.17472859  0.86449689]]
[[ 0.87732645 -0.14640896 -0.45701501]
 [ 0.04428225  0.97296011 -0.22668858]
 [ 0.47784662  0.17864224  0.86008695]]
[[ 0.87587136 -0.14505535 -0.46022637]
 [ 0.04777598  0.97513062 -0.21642024]
 [ 0.48017374  0.16756853  0.86101914]]
[[ 0.88018258 -0.14571061 -0.45171567]
 [ 0.04274481  0.97217865 -0.2303075 ]
 [ 0.47270658  0.18340415  0.86192309]]
[[ 0.8810027  -0.14839831 -0.4492351 ]
 [ 0.04565049  0.97176722 -0.23148327]
 [ 0.47090367  0.18342959  0.862904  ]]
[[ 0.87808369 -0.14811675 -0.45500601]
 [ 0.0487534   0.97363115 -0.22285754]
 [ 0.47601696  0.17350448  0.86215083]]
[[ 0.88295814 -0.14999137 -0.4448455 ]
 [ 0.0487183   0.97174509 -0.23095021]
 [ 0.46691697  0.18224725  0.86531756]]
[[ 0.88270514 -0.14653893 -0.44649522]
 [ 0.04465331  0.97199305 -0.23072839]
 [ 0.46780094  0.18372764  0.86452671]]
[[ 0.88042977 -0.14803029 -0.45047802]
 [ 0.04631324  0.97232485 -0.22899668]
 [ 0.47190942  0.18075239  0.86291951]]
[[ 0.87951877 -0.14319089 -0.45380955]
 [ 0.04418674  0.97410788 -0.22172364]
 [ 0.47380826  0.17495774  0.8630733 ]]
[[ 0.88007498 -0.1482544  -0.45109717]
 [ 0.04969221  0.97354838 -0.22301172]
 [ 0.47222739  0.17385102  0.86416267]]
[[ 0.88243502 -0.14404724 -0.44783795]
 [ 0.04802935  0.97457908 -0.21883507]
 [ 0.46797609  0.17159837  0.86692121]]
[[ 0.87573102 -0.14766584 -0.45966289]
 [ 0.04737755  0.97376732 -0.22255914]
 [ 0.48046909  0.17312424  0.8597543 ]]
[[ 0.87634973 -0.14953576 -0.45787576]
 [ 0.04726264  0.97269794 -0.22721125]
 [ 0.47935101  0.1774761   0.85949104]]
[[ 0.87893563 -0.14393476 -0.45470314]
 [ 0.04667378  0.97475683 -0.21833616]
 [ 0.47465115  0.17068071  0.86346649]]
[[ 0.87956188 -0.14457649 -0.45328637]
 [ 0.04621019  0.97416803 -0.22104586]
 [ 0.47353512  0.17347706  0.86352197]]
[[ 0.87955618 -0.1465554  -0.45266151]
 [ 0.0459522   0.9730974  -0.22576502]
 [ 0.47357082  0.17777223  0.86262837]]
[[ 0.8765145  -0.14846606 -0.45790845]
 [ 0.04718102  0.97316631 -0.22521384]
 [ 0.47905769  0.17579861  0.85999917]]
[[ 0.88506501 -0.14849202 -0.44114629]
 [ 0.04628496  0.97112804 -0.2340257 ]
 [ 0.46316048  0.18670952  0.8663844 ]]
[[ 0.88206522 -0.14627193 -0.44784537]
 [ 0.04655214  0.97299041 -0.22610297]
 [ 0.46882177  0.17858941  0.86505027]]
[[ 0.87769116 -0.147223   -0.4560522 ]
 [ 0.04790292  0.97382808 -0.22218054]
 [ 0.47682652  0.17315966  0.86177271]]
[[ 0.87999497 -0.14657304 -0.45180216]
 [ 0.0465125   0.97321669 -0.22513519]
 [ 0.47270015  0.17710338  0.86324328]]
[[ 0.88511989 -0.14548723 -0.44203648]
 [ 0.04518555  0.97225462 -0.22951953]
 [ 0.46316417  0.18317864  0.86713582]]
[[ 0.87706293 -0.14729742 -0.45723527]
 [ 0.04680477  0.97350328 -0.2238318 ]
 [ 0.47808989  0.17491379  0.86071786]]
[[ 0.876368   -0.15023586 -0.45761153]
 [ 0.0476317   0.9724833  -0.22805144]
 [ 0.47928108  0.17806017  0.85940923]]
[[ 0.87658164 -0.15156743 -0.45676246]
 [ 0.04617497  0.97122022 -0.2336646 ]
 [ 0.47903288  0.18373511  0.85835244]]
[[ 0.87999664 -0.15063033 -0.45046245]
 [ 0.04603724  0.97096593 -0.23474611]
 [ 0.47274358  0.18583774  0.86138136]]
[[ 0.88638458 -0.14468792 -0.43975879]
 [ 0.04531547  0.97246114 -0.22861724]
 [ 0.46072648  0.18271492  0.86853115]]
[[ 0.87796719 -0.15115714 -0.45423026]
 [ 0.04958967  0.97245385 -0.22775945]
 [ 0.47614543  0.17744019  0.86127841]]
[[ 0.88706293 -0.14257569 -0.43908033]
 [ 0.04750052  0.97425449 -0.22039032]
 [ 0.45919829  0.17464354  0.87099746]]
[[ 0.88758253 -0.14781192 -0.43628992]
 [ 0.04638752  0.97098625 -0.23459307]
 [ 0.45830716  0.1879823   0.86868705]]
[[ 0.88318719 -0.14951079 -0.44455248]
 [ 0.0469221   0.97124178 -0.23342603]
 [ 0.46666765  0.18529955  0.86480366]]
[[ 0.88239128 -0.14621248 -0.44722203]
 [ 0.04750436  0.9733193  -0.22448357]
 [ 0.46811214  0.17683734  0.86579419]]
[[ 0.88158958 -0.14992998 -0.44757214]
 [ 0.0464829   0.97117955 -0.23377257]
 [ 0.46972243  0.18528701  0.86315095]]
[[ 0.87398288 -0.14719819 -0.463127  ]
 [ 0.04579691  0.97372823 -0.22306046]
 [ 0.48379393  0.17374124  0.85776303]]
[[ 0.88180939 -0.14424469 -0.44900519]
 [ 0.04598316  0.97383804 -0.22254217]
 [ 0.46935887  0.1755931   0.86537236]]
[[ 0.88078917 -0.14251707 -0.45155212]
 [ 0.04602827  0.97488356 -0.21790695]
 [ 0.4712662   0.17114592  0.8652267 ]]
[[ 0.88577037 -0.14766853 -0.44000551]
 [ 0.04994204  0.97285586 -0.22595856]
 [ 0.46142891  0.17817263  0.86910176]]
[[ 0.88122523 -0.14617182 -0.44952853]
 [ 0.04639319  0.97314089 -0.22548719]
 [ 0.47041447  0.17784994  0.86433768]]
[[ 0.87764432 -0.14687003 -0.45625612]
 [ 0.04496632  0.97292798 -0.22669182]
 [ 0.47719858  0.17843863  0.86048891]]
[[ 0.88301576 -0.1486616  -0.44517737]
 [ 0.04660469  0.97159591 -0.23201161]
 [ 0.46702373  0.18412256  0.86486283]]
[[ 0.88268398 -0.1438508  -0.44741025]
 [ 0.04208976  0.9723748  -0.22959899]
 [ 0.46807845  0.18383197  0.86435431]]
[[ 0.88038513 -0.14807755 -0.45054973]
 [ 0.04707612  0.97260048 -0.22766672]
 [ 0.47191721  0.17922426  0.86323392]]
[[ 0.88250378 -0.1466321  -0.44686252]
 [ 0.04714529  0.97294997 -0.22615411]
 [ 0.46793633  0.1785144   0.86554503]]
[[ 0.87927282 -0.14542672 -0.45357511]
 [ 0.04741026  0.97424346 -0.22045847]
 [ 0.47395314  0.17233903  0.86352052]]
[[ 0.88516039 -0.14800458 -0.44111872]
 [ 0.04642145  0.97142053 -0.23278144]
 [ 0.4629645   0.18557154  0.86673357]]
[[ 0.87918914 -0.15184353 -0.45163038]
 [ 0.04655576  0.97070241 -0.23573161]
 [ 0.47419302  0.18622668  0.86050021]]
[[ 0.87814263 -0.14756998 -0.45506991]
 [ 0.04704089  0.97326079 -0.2248346 ]
 [ 0.47608053  0.17602996  0.86160361]]
[[ 0.87755769 -0.15074085 -0.45515898]
 [ 0.04825692  0.9722415  -0.22894918]
 [ 0.47703644  0.17895154  0.8604723 ]]
[[ 0.88615434 -0.14274121 -0.44085761]
 [ 0.04204636  0.97221813 -0.23026943]
 [ 0.4614787   0.1855178   0.86753706]]
[[ 0.87360676 -0.13902495 -0.46635105]
 [ 0.04253015  0.97646821 -0.21142617]
 [ 0.48477048  0.16486935  0.85896198]]
[[ 0.87931066 -0.14863287 -0.45246109]
 [ 0.04656349  0.97233135 -0.22891831]
 [ 0.47396689  0.18022214  0.86190218]]
[[ 0.87929565 -0.14337064 -0.454185  ]
 [ 0.04490317  0.9743237  -0.22062871]
 [ 0.47415489  0.17360352  0.86315639]]
[[ 0.8850151  -0.14362328 -0.44285509]
 [ 0.04642408  0.97370994 -0.22301065]
 [ 0.46324193  0.17680865  0.86841558]]
[[ 0.8749033  -0.14711218 -0.46141329]
 [ 0.04714324  0.97409298 -0.22117951]
 [ 0.48199765  0.17175816  0.85917251]]
[[ 0.87760914 -0.1475498  -0.45610444]
 [ 0.04853588  0.97391285 -0.22167097]
 [ 0.47691348  0.17240304  0.86187628]]
[[ 0.88307285 -0.14625181 -0.4458618 ]
 [ 0.04523952  0.9722964  -0.22933186]
 [ 0.46705002  0.18234616  0.86522491]]
[[ 0.88030049 -0.14707375 -0.45104364]
 [ 0.04161579  0.97100739 -0.23539919]
 [ 0.47258774  0.18845148  0.86089887]]
[[ 0.88613535 -0.14701807 -0.43948815]
 [ 0.04351757  0.9705525  -0.2369263 ]
 [ 0.46137877  0.19082331  0.86643874]]
[[ 0.89002142 -0.14309463 -0.43288082]
 [ 0.04326961  0.97169493 -0.23224278]
 [ 0.45386079  0.18797047  0.87102095]]
[[ 0.88874036 -0.14409313 -0.43517553]
 [ 0.03986179  0.97000939 -0.2397766 ]
 [ 0.45667451  0.19575226  0.86783031]]
[[ 0.89740848 -0.13365688 -0.42046861]
 [ 0.03892372  0.97327809 -0.22630665]
 [ 0.43948033  0.18672331  0.87863044]]
[[ 0.88362844 -0.1341771  -0.4485502 ]
 [ 0.04261528  0.97712712 -0.20834235]
 [ 0.46624534  0.16498213  0.8691353 ]]
[[ 0.8906191  -0.13954393 -0.43281071]
 [ 0.04530633  0.97424786 -0.22088105]
 [ 0.45248752  0.17711182  0.87400598]]
[[ 0.88220394 -0.15033423 -0.44622397]
 [ 0.04889147  0.97178693 -0.23073747]
 [ 0.46832236  0.18174095  0.86466432]]
[[ 0.89042229 -0.14557768 -0.43122532]
 [ 0.03942132  0.96857395 -0.24558188]
 [ 0.45342486  0.20167211  0.8681787 ]]
[[ 0.88572296 -0.14201413 -0.44195795]
 [ 0.04344243  0.97323546 -0.22566679]
 [ 0.46217702  0.18067853  0.86818643]]
[[ 0.88440066 -0.14660617 -0.44310507]
 [ 0.0389512   0.96925744 -0.24294613]
 [ 0.46510028  0.19760224  0.86292241]]
[[ 0.87893315 -0.13652387 -0.4569877 ]
 [ 0.04517839  0.97767956 -0.20518673]
 [ 0.47480042  0.15969945  0.8654829 ]]
[[ 0.880567   -0.13311373 -0.45484337]
 [ 0.04926495  0.98025468 -0.19150387]
 [ 0.47135413  0.14622416  0.86973776]]
[[ 0.88512567 -0.13935221 -0.4439972 ]
 [ 0.04703203  0.97601337 -0.21256971]
 [ 0.46296926  0.16726882  0.87044851]]
[[ 0.88669217 -0.13759269 -0.44141279]
 [ 0.04568081  0.97609356 -0.21249617]
 [ 0.4600981   0.1682546   0.87177986]]
[[ 0.8703503  -0.14929697 -0.46925554]
 [ 0.05034609  0.97491747 -0.21679761]
 [ 0.48985265  0.16506468  0.85603623]]
[[ 0.88467788 -0.14811227 -0.44204954]
 [ 0.04311235  0.97011981 -0.23876534]
 [ 0.46420509  0.19217262  0.86462901]]
[[ 0.88092922 -0.15533929 -0.44702731]
 [ 0.04618879  0.96830596 -0.24545907]
 [ 0.47098864  0.19558442  0.86018395]]
[[ 0.88211911 -0.1449514  -0.44816846]
 [ 0.0479371   0.97415862 -0.2207193 ]
 [ 0.46858074  0.17321682  0.86627249]]
[[ 0.88684579 -0.15288869 -0.43603852]
 [ 0.03700852  0.96414352 -0.26278822]
 [ 0.46058105  0.21691548  0.86070481]]
[[ 0.88089534 -0.15025409 -0.44882859]
 [ 0.04177293  0.96925396 -0.24249077]
 [ 0.47146412  0.19486011  0.86008786]]
[[ 0.87907104 -0.14092481 -0.45538369]
 [ 0.04721125  0.97634382 -0.21100673]
 [ 0.47434714  0.16399067  0.86492881]]
[[ 0.87775881 -0.14642356 -0.45617937]
 [ 0.04636826  0.9736464  -0.2232995 ]
 [ 0.47685371  0.17485086  0.86141611]]
[[ 0.87820178 -0.14684268 -0.45519102]
 [ 0.04690223  0.9735572  -0.22357675]
 [ 0.4759851   0.17499602  0.86186691]]
[[ 0.8834423  -0.14695865 -0.44489646]
 [ 0.04618981  0.97222917 -0.22942743]
 [ 0.46625765  0.18213621  0.86569637]]
[[ 0.88081264 -0.14576673 -0.45046771]
 [ 0.04713835  0.97369912 -0.22290806]
 [ 0.47111259  0.17510594  0.86451769]]
[[ 0.87450359 -0.14921933 -0.46149439]
 [ 0.04818789  0.97352021 -0.22346437]
 [ 0.48261932  0.17318195  0.85853748]]
[[ 0.88016834 -0.14494208 -0.45199059]
 [ 0.04898576  0.97489005 -0.21723211]
 [ 0.4721272   0.16905972  0.86516745]]
[[ 0.87760059 -0.14587934 -0.45665788]
 [ 0.04360423  0.97291802 -0.22700044]
 [ 0.47740536  0.17930351  0.86019438]]
[[ 0.88550224 -0.14865579 -0.44021271]
 [ 0.04479503  0.97033763 -0.23756744]
 [ 0.46247073  0.19064716  0.86589519]]
[[ 0.8851651  -0.14871068 -0.44087172]
 [ 0.03928552  0.96805076 -0.24765779]
 [ 0.46361556  0.20189815  0.86272692]]
[[ 0.87241314 -0.14321473 -0.46731665]
 [ 0.04532995  0.97569592 -0.21438907]
 [ 0.48666262  0.1658524   0.85770185]]
[[ 0.8783553  -0.14540855 -0.45535515]
 [ 0.04402     0.97316718 -0.22584926]
 [ 0.4759771   0.17833116  0.86118743]]
[[ 0.87941349 -0.14891701 -0.45216771]
 [ 0.04745101  0.97250461 -0.2279982 ]
 [ 0.47368799  0.17904888  0.86229994]]
[[ 0.87680726 -0.14638854 -0.45801684]
 [ 0.04687718  0.97401713 -0.22156978]
 [ 0.47855153  0.17280345  0.86088757]]
[[ 0.88142277 -0.14579473 -0.44926361]
 [ 0.04440509  0.97253387 -0.22848646]
 [ 0.4702362   0.18144357  0.86368753]]
[[ 0.87533668 -0.1445291  -0.46140768]
 [ 0.05118124  0.97661513 -0.20881421]
 [ 0.48079745  0.15916732  0.86226422]]
[[ 0.87442587 -0.14773372 -0.4621192 ]
 [ 0.04970179  0.97477672 -0.21757775]
 [ 0.48260661  0.16728747  0.85971261]]
[[ 0.88000498 -0.1436627  -0.45271654]
 [ 0.04937372  0.97566441 -0.21363802]
 [ 0.47239123  0.16565022  0.8656827 ]]
[[ 0.87875509 -0.13544643 -0.45765025]
 [ 0.03302398  0.97384322 -0.22480835]
 [ 0.47612908  0.18243805  0.86024267]]
[[ 0.87913048 -0.14778799 -0.45308753]
 [ 0.04912644  0.97374119 -0.22229415]
 [ 0.4740424   0.17316699  0.86330586]]
[[ 0.8893424  -0.15234147 -0.43111735]
 [ 0.04646484  0.96809476 -0.24623882]
 [ 0.45487483  0.19895882  0.86804624]]
[[ 0.88219717 -0.15217844 -0.44561181]
 [ 0.04628038  0.96977783 -0.23956021]
 [ 0.46860035  0.19071625  0.86257813]]
[[ 0.87382805 -0.15161246 -0.46199372]
 [ 0.04972475  0.97302723 -0.22526752]
 [ 0.48368583  0.17387256  0.85779738]]
[[ 0.88860419 -0.15224481 -0.43267091]
 [ 0.05175734  0.97056385 -0.23521692]
 [ 0.4557453   0.18662085  0.87032688]]
[[ 0.8789504  -0.15725763 -0.45024019]
 [ 0.05407294  0.97084455 -0.23353152]
 [ 0.47383785  0.18091681  0.86182759]]
[[ 0.8811704  -0.14496778 -0.45002563]
 [ 0.04638246  0.97374723 -0.22285646]
 [ 0.47051822  0.17550122  0.8647612 ]]
[[ 0.88513908 -0.14959052 -0.44062625]
 [ 0.04545213  0.97018442 -0.23806782]
 [ 0.46310142  0.19069573  0.86554735]]
[[ 0.88309983 -0.15185206 -0.44393202]
 [ 0.0490063   0.97085463 -0.23460535]
 [ 0.46661876  0.18542448  0.86480327]]
[[ 0.87634162 -0.14438175 -0.45954247]
 [ 0.04381154  0.9739579  -0.22245575]
 [ 0.47969356  0.17481397  0.85984543]]
[[ 0.87762375 -0.14806578 -0.45590908]
 [ 0.04226494  0.9712962  -0.23408837]
 [ 0.47748323  0.18617254  0.8586906 ]]
[[ 0.87653531 -0.1452207  -0.45890827]
 [ 0.04750993  0.97484908 -0.21774315]
 [ 0.47898711  0.16905686  0.86138907]]
[[ 0.87635359 -0.15087508 -0.45742879]
 [ 0.04796014  0.97228902 -0.2288097 ]
 [ 0.47927467  0.17857986  0.85930497]]
[[ 0.86992291 -0.14225804 -0.47222535]
 [ 0.04672069  0.97696083 -0.20824195]
 [ 0.49096976  0.15909174  0.856527  ]]
[[ 0.88757875 -0.1500242  -0.43554184]
 [ 0.04521646  0.96928938 -0.24173038]
 [ 0.45843149  0.19486108  0.86710422]]
[[ 0.88378208 -0.14747797 -0.44404897]
 [ 0.04542357  0.97158794 -0.23227908]
 [ 0.46568868  0.1851138   0.86537098]]
[[ 0.88230931 -0.14326384 -0.44833664]
 [ 0.04723339  0.9746921  -0.21850472]
 [ 0.46829401  0.17161229  0.86674676]]
[[ 0.88072523 -0.14904044 -0.44956648]
 [ 0.04514275  0.97129244 -0.23356611]
 [ 0.47147132  0.18541289  0.86216985]]
[[ 0.88253029 -0.14001072 -0.44892903]
 [ 0.04196078  0.97428696 -0.22136897]
 [ 0.46837973  0.17652741  0.86571271]]
[[ 0.88695699 -0.14925867 -0.43706881]
 [ 0.04871397  0.97129434 -0.23283955]
 [ 0.45927578  0.18522731  0.86876729]]
[[ 0.87792305 -0.15324489 -0.45361561]
 [ 0.04657212  0.9702363  -0.23763957]
 [ 0.47653138  0.18750342  0.85892975]]
[[ 0.88134651 -0.1467273  -0.44910959]
 [ 0.04572572  0.97258303 -0.22801624]
 [ 0.47025258  0.18042546  0.86389187]]
[[ 0.87803274 -0.14498673 -0.45611113]
 [ 0.04716523  0.97458386 -0.2190017 ]
 [ 0.47627088  0.17077808  0.86255487]]
[[ 0.88454248 -0.14765014 -0.4424749 ]
 [ 0.04543773  0.9713437  -0.23329557]
 [ 0.46424133  0.18625479  0.86590365]]
[[ 0.88525518 -0.14590757 -0.44162682]
 [ 0.04668761  0.97260035 -0.22774728]
 [ 0.46275645  0.18099596  0.86781157]]
[[ 0.88551507 -0.14896873 -0.4400811 ]
 [ 0.04277793  0.96932225 -0.24204221]
 [ 0.46263712  0.19550626  0.86472204]]
[[ 0.881259   -0.14492974 -0.44986437]
 [ 0.04780279  0.97427536 -0.22023266]
 [ 0.47021003  0.17257724  0.86551697]]
[[ 0.87753104 -0.14665877 -0.45654186]
 [ 0.04556138  0.97327479 -0.22507851]
 [ 0.47735043  0.1767127   0.86076082]]
[[ 0.87804681 -0.1452284  -0.45600714]
 [ 0.04638906  0.97418487 -0.22093413]
 [ 0.47632117  0.17283677  0.86211692]]
[[ 0.88520848 -0.14592585 -0.44171438]
 [ 0.04599125  0.97232698 -0.22905252]
 [ 0.4629155   0.18244423  0.86742339]]
[[ 0.88332584 -0.14383836 -0.44614569]
 [ 0.04581539  0.97369294 -0.22321068]
 [ 0.46651517  0.17672742  0.86667815]]
[[ 0.88976228 -0.14569796 -0.43254501]
 [ 0.0445917   0.97089715 -0.23530897]
 [ 0.45424075  0.19008113  0.87036458]]
[[ 0.8838248  -0.14611358 -0.44441484]
 [ 0.04564543  0.97237492 -0.22891813]
 [ 0.46558589  0.18203802  0.86607848]]
[[ 0.88476945 -0.14382806 -0.44327927]
 [ 0.04549542  0.97329774 -0.22499262]
 [ 0.46380296  0.17889942  0.86768763]]
[[ 0.88149522 -0.14489253 -0.44941333]
 [ 0.04679812  0.97387944 -0.22219086]
 [ 0.4698682   0.17482848  0.86525076]]
[[ 0.87300508 -0.14928539 -0.46430163]
 [ 0.05026833  0.97447357 -0.21880208]
 [ 0.48511363  0.16767566  0.8582247 ]]
[[ 0.88209317 -0.1453796  -0.44808081]
 [ 0.04670351  0.97349064 -0.2239079 ]
 [ 0.46875412  0.17658068  0.86549918]]
[[ 0.8838904  -0.14584303 -0.44437324]
 [ 0.04533397  0.97237922 -0.22896175]
 [ 0.46549178  0.18223189  0.8660883 ]]
[[ 0.87811147 -0.15199748 -0.45367061]
 [ 0.05009747  0.97219388 -0.22875597]
 [ 0.47582612  0.17814549  0.86130929]]
[[ 0.88555897 -0.14394996 -0.44166019]
 [ 0.04601022  0.97327955 -0.22496661]
 [ 0.46224277  0.17890031  0.8685196 ]]
[[ 0.88037133 -0.14670664 -0.45102493]
 [ 0.04539033  0.97265409 -0.22778003]
 [ 0.47210809  0.18005883  0.86295583]]
[[ 0.87811624 -0.15255265 -0.45347498]
 [ 0.04687024  0.97067489 -0.23578259]
 [ 0.47614604  0.18579004  0.85951557]]
[[ 0.8838286  -0.14525064 -0.44469006]
 [ 0.04663829  0.97319914 -0.22518503]
 [ 0.46548026  0.17828539  0.86691548]]
[[ 0.87534861 -0.14990502 -0.45966651]
 [ 0.05064426  0.97391959 -0.22116914]
 [ 0.48083258  0.17032063  0.86011099]]
[[ 0.87856847 -0.14743358 -0.45429152]
 [ 0.04887843  0.97392434 -0.2215452 ]
 [ 0.47510877  0.17243757  0.86286554]]
[[ 0.88176631 -0.14504561 -0.44883176]
 [ 0.0475622   0.97403781 -0.22133274]
 [ 0.46928245  0.17381633  0.86577241]]
[[ 0.88347833 -0.14998926 -0.4438122 ]
 [ 0.05017547  0.97220734 -0.22868168]
 [ 0.46577727  0.17976682  0.8664499 ]]
[[ 0.87870112 -0.1498643  -0.45323838]
 [ 0.04443233  0.97099838 -0.23492109]
 [ 0.47530002  0.18628698  0.85987619]]
[[ 0.88290596 -0.14992224 -0.44497234]
 [ 0.047875    0.97146123 -0.23231673]
 [ 0.46710282  0.18381078  0.86488644]]
[[ 0.87659103 -0.15150577 -0.45676489]
 [ 0.04747019  0.97174295 -0.231219  ]
 [ 0.47888907  0.18100178  0.85901316]]
[[ 0.88307151 -0.14591707 -0.44597412]
 [ 0.04681659  0.97307662 -0.22567698]
 [ 0.46689712  0.17840993  0.86612758]]
[[ 0.88707362 -0.13912532 -0.44016421]
 [ 0.04309388  0.97429768 -0.22110391]
 [ 0.45961212  0.17716707  0.87026923]]
[[ 0.87481831 -0.14858269 -0.46110314]
 [ 0.04724725  0.97343535 -0.22403421]
 [ 0.4821417   0.17420337  0.85859919]]
[[ 0.88918012 -0.15012274 -0.43222896]
 [ 0.04572156  0.96906823 -0.24252071]
 [ 0.45526723  0.19588241  0.86854005]]
[[ 0.88105606 -0.14622003 -0.44984434]
 [ 0.04602104  0.97300793 -0.22613631]
 [ 0.47076777  0.17853646  0.86400373]]
[[ 0.87763885 -0.15251508 -0.45441083]
 [ 0.04685778  0.97078597 -0.23532733]
 [ 0.47702663  0.18523972  0.859146  ]]
[[ 0.88289319 -0.14571366 -0.44639349]
 [ 0.04663712  0.97314534 -0.22541766]
 [ 0.46725218  0.17820121  0.86597906]]
[[ 0.88585879 -0.14715222 -0.44000048]
 [ 0.04618445  0.97162737 -0.2319639 ]
 [ 0.46165051  0.18516608  0.86752079]]
[[ 0.88023452 -0.15164453 -0.44965667]
 [ 0.05058951  0.97215301 -0.22882137]
 [ 0.47183459  0.17866856  0.86339427]]
[[ 0.8851384  -0.14582669 -0.44188753]
 [ 0.04633674  0.97252831 -0.22812627]
 [ 0.46301503  0.18144769  0.86757929]]
[[ 0.88557547 -0.14673796 -0.44070858]
 [ 0.04653731  0.97204476 -0.23013749]
 [ 0.46215837  0.18329473  0.86764779]]
[[ 0.88484395 -0.1463951  -0.44228912]
 [ 0.04385333  0.97130415 -0.23376297]
 [ 0.46381901  0.1874479   0.86587251]]
[[ 0.87552752 -0.14876905 -0.45969482]
 [ 0.0464621   0.97293154 -0.22637465]
 [ 0.48092913  0.17683885  0.85874047]]
[[ 0.88229153 -0.14459024 -0.44794567]
 [ 0.04488234  0.97315801 -0.225719  ]
 [ 0.46855868  0.17904511  0.86509862]]
[[ 0.88290522 -0.14675721 -0.44602768]
 [ 0.0444542   0.97176064 -0.23174355]
 [ 0.46744218  0.18477979  0.86449652]]
[[ 0.87719946 -0.1500868  -0.45606475]
 [ 0.04745084  0.97233527 -0.22871936]
 [ 0.4777756   0.17899184  0.86005372]]
[[ 0.88336073 -0.14494444 -0.44571844]
 [ 0.04782792  0.97389261 -0.22191366]
 [ 0.46624705  0.17471203  0.86723088]]
[[ 0.87765464 -0.14930777 -0.45544432]
 [ 0.04834492  0.97297192 -0.22580615]
 [ 0.47684914  0.1761614   0.86115159]]
[[ 0.87904588 -0.14642409 -0.45369408]
 [ 0.04684314  0.97358834 -0.22345348]
 [ 0.47443025  0.17517341  0.86268779]]
[[ 0.88664329 -0.14570607 -0.43890024]
 [ 0.04376096  0.97124403 -0.23402993]
 [ 0.46037882  0.18829437  0.86752324]]
[[ 0.88246582 -0.14544195 -0.44732619]
 [ 0.04545332  0.97291258 -0.22666079]
 [ 0.46817526  0.17968794  0.86517291]]
[[ 0.88968755 -0.15254074 -0.43033404]
 [ 0.04828059  0.96868506 -0.24355336]
 [ 0.45400996  0.19590961  0.8691918 ]]
[[ 0.86964552 -0.14756311 -0.47110699]
 [ 0.04474438  0.97391468 -0.22245929]
 [ 0.4916448   0.17238133  0.85356316]]
[[ 0.87832022 -0.14860764 -0.454389  ]
 [ 0.04684896  0.97264023 -0.22754376]
 [ 0.47577176  0.17856863  0.86125169]]
[[ 0.87342625 -0.15124781 -0.46287222]
 [ 0.0496506   0.97324791 -0.2243286 ]
 [ 0.48441863  0.1729526   0.85756981]]
[[ 0.87912992 -0.15087848 -0.45206888]
 [ 0.04675198  0.9712918  -0.23325198]
 [ 0.4742835   0.18392368  0.86094555]]
[[ 0.88286926 -0.14708532 -0.44599078]
 [ 0.04196608  0.97059723 -0.23702293]
 [ 0.46774001  0.19054377  0.86308305]]
[[ 0.88685269 -0.14837179 -0.43758213]
 [ 0.04505229  0.97029526 -0.23769183]
 [ 0.45985063  0.19108357  0.86719344]]
[[ 0.88284701 -0.14599796 -0.44639193]
 [ 0.04491466  0.97234538 -0.229188  ]
 [ 0.46750811  0.1822884   0.86498966]]
[[ 0.88050613 -0.15090438 -0.44937382]
 [ 0.04844407  0.97165861 -0.23137138]
 [ 0.47155289  0.18195442  0.86286178]]
[[ 0.88633672 -0.151301   -0.43762453]
 [ 0.04418792  0.96843367 -0.24532356]
 [ 0.46092803  0.19810157  0.865044  ]]
[[ 0.88059324 -0.14817865 -0.45010957]
 [ 0.04644784  0.97226907 -0.22920612]
 [ 0.47159107  0.18093075  0.86305616]]
[[ 0.9898045  -0.10386639  0.09746196]
 [ 0.04781179  0.88685583  0.45956584]
 [-0.13416815 -0.45022051  0.88277993]]
[[ 0.88549531 -0.14600555 -0.44111272]
 [ 0.04763381  0.97287053 -0.22639335]
 [ 0.46220025  0.17945837  0.8684271 ]]
[[ 0.88979066 -0.14852217 -0.43152491]
 [ 0.04631433  0.97006725 -0.23837891]
 [ 0.45401274  0.19212154  0.87003549]]
[[ 0.88336366 -0.14828074 -0.44461385]
 [ 0.04850182  0.9724625  -0.22795671]
 [ 0.46617188  0.17980409  0.86622991]]
[[ 0.88701306 -0.14734748 -0.43760319]
 [ 0.04428707  0.97049685 -0.23701166]
 [ 0.45961558  0.19085228  0.86736897]]
[[ 0.88525064 -0.14854835 -0.44075468]
 [ 0.05068539  0.97279353 -0.22606134]
 [ 0.46234435  0.17778113  0.86869533]]
[[ 0.87826141 -0.14893488 -0.45439553]
 [ 0.04695419  0.97252679 -0.22800645]
 [ 0.47586994  0.17891349  0.86112587]]
[[ 0.88504454 -0.14507137 -0.44232393]
 [ 0.04608476  0.9728374  -0.22685589]
 [ 0.46321955  0.18039318  0.86769001]]
[[ 0.88637667 -0.14348462 -0.44016879]
 [ 0.04365608  0.9724287  -0.22907766]
 [ 0.46090188  0.18383305  0.86820209]]
[[ 0.88570281 -0.14560186 -0.44082948]
 [ 0.04847614  0.97336092 -0.22409504]
 [ 0.46171484  0.17711189  0.86916672]]
[[ 0.88466257 -0.14111659 -0.44436274]
 [ 0.04490906  0.97445416 -0.22005059]
 [ 0.46406391  0.17471461  0.86840054]]
[[ 0.88082603 -0.14796095 -0.44972553]
 [ 0.04575426  0.97206732 -0.23019921]
 [ 0.47122399  0.1821886   0.86299205]]
[[ 0.88473539 -0.15247174 -0.44044938]
 [ 0.048626    0.97001806 -0.23811862]
 [ 0.46355021  0.18925468  0.8656234 ]]
[[ 0.88329686 -0.14677328 -0.44524628]
 [ 0.04405592  0.97151312 -0.23285475]
 [ 0.46673946  0.18606413  0.86460072]]
[[ 0.88234792 -0.15626852 -0.44389447]
 [ 0.04628916  0.9675025  -0.24858846]
 [ 0.46831556  0.19879401  0.86090736]]
[[ 0.89085835 -0.14406917 -0.43083115]
 [ 0.05058683  0.97394219 -0.22108276]
 [ 0.45145584  0.17515904  0.87493253]]
[[ 0.88075465 -0.14844756 -0.44970498]
 [ 0.04732185  0.97243537 -0.22832017]
 [ 0.4712026   0.17981317  0.86350178]]
[[ 0.87382551 -0.13834799 -0.46614247]
 [ 0.04734292  0.97832091 -0.20161064]
 [ 0.48392935  0.15410397  0.86143157]]
[[ 0.86492563 -0.15496048 -0.4773792 ]
 [ 0.03329617  0.96676441 -0.2534915 ]
 [ 0.50079438  0.2033564   0.84133891]]
[[ 0.88827996 -0.16893307 -0.42710692]
 [ 0.04602568  0.957962   -0.28317916]
 [ 0.45699053  0.23188449  0.85871371]]
[[ 0.85946831 -0.17842941 -0.47903775]
 [ 0.03104121  0.9535924  -0.29949621]
 [ 0.51024569  0.24253759  0.82512112]]
[[ 0.86658583 -0.17846161 -0.46602624]
 [ 0.03122699  0.95143026 -0.30627656]
 [ 0.49805008  0.25086233  0.8300688 ]]
[[ 0.87830754 -0.17631707 -0.44439639]
 [ 0.03651316  0.95153573 -0.30536298]
 [ 0.47669975  0.25197629  0.8421789 ]]
[[ 0.86996843 -0.18098737 -0.45869217]
 [ 0.03621195  0.95114454 -0.306615  ]
 [ 0.49177599  0.25013523  0.83401963]]
[[ 0.88804054 -0.17435457 -0.4254227 ]
 [ 0.04075289  0.9515128  -0.30489767]
 [ 0.45795545  0.25342428  0.8520874 ]]
[[ 0.87608566 -0.17865618 -0.44783467]
 [ 0.03772784  0.95137117 -0.30572783]
 [ 0.48067716  0.25094793  0.84022295]]
[[ 0.86046908 -0.15670405 -0.48480595]
 [ 0.02439878  0.96310947 -0.26800159]
 [ 0.50891814  0.21877841  0.8325493 ]]
[[ 0.89098227 -0.1678693  -0.42186549]
 [ 0.04823009  0.95887663 -0.2796953 ]
 [ 0.45146922  0.22885694  0.86243843]]
[[ 0.86828251 -0.15195223 -0.47222453]
 [ 0.02800576  0.9654281  -0.25916069]
 [ 0.49527887  0.21179969  0.84251987]]
[[ 0.87933749 -0.15864204 -0.44899697]
 [ 0.04327857  0.9655983  -0.25641157]
 [ 0.47422836  0.20604036  0.85595259]]
[[ 0.88324366 -0.16138489 -0.4402676 ]
 [ 0.04353081  0.96307365 -0.26569573]
 [ 0.4668894   0.21550886  0.8576539 ]]
[[ 0.86690681 -0.1449796  -0.47692085]
 [ 0.04205316  0.9746296  -0.21983782]
 [ 0.49669317  0.17052287  0.85100989]]
[[ 0.87819462 -0.14360598 -0.45623627]
 [ 0.05007278  0.9762253  -0.21089543]
 [ 0.47567523  0.16236221  0.86450656]]
[[ 0.88048857 -0.1415491  -0.45244196]
 [ 0.04126143  0.97364349 -0.22431196]
 [ 0.47226832  0.17883571  0.86312248]]
[[ 0.88559277 -0.14493485 -0.44127013]
 [ 0.04215473  0.97122643 -0.23439754]
 [ 0.46254559  0.18897915  0.86622079]]
[[ 0.88560578 -0.15023105 -0.43946903]
 [ 0.05132118  0.97209901 -0.22888787]
 [ 0.46159347  0.18015035  0.86860654]]
[[ 0.87861225 -0.13992039 -0.45657727]
 [ 0.04732308  0.97691628 -0.20831493]
 [ 0.47518527  0.16142141  0.86495207]]
[[ 0.87242665 -0.14509784 -0.46671014]
 [ 0.04905311  0.9760887  -0.21176552]
 [ 0.48627721  0.1618563   0.8586833 ]]
[[ 0.87668256 -0.14831593 -0.4576353 ]
 [ 0.0467461   0.97304982 -0.22580709]
 [ 0.47879273  0.17656848  0.85998901]]
[[ 0.8855651  -0.15436902 -0.43811489]
 [ 0.04484962  0.96717369 -0.25012708]
 [ 0.46234507  0.20185453  0.86341866]]
[[ 0.89792387 -0.17226055 -0.40504201]
 [ 0.0748147   0.96657601 -0.2452215 ]
 [ 0.43374588  0.18988713  0.88079929]]
[[ 0.89540149 -0.18477521 -0.40511024]
 [ 0.09861706  0.96953057 -0.22424352]
 [ 0.4342014   0.1608372   0.8863411 ]]
[[ 0.89499127 -0.18422705 -0.40626471]
 [ 0.09681925  0.96924999 -0.22623103]
 [ 0.43544995  0.16314056  0.88530701]]
[[ 0.89129415 -0.19023086 -0.41159077]
 [ 0.09951904  0.96767449 -0.23173701]
 [ 0.44236942  0.16558472  0.8814142 ]]
[[ 0.88629458 -0.18539951 -0.42439244]
 [ 0.0964152   0.9701602  -0.22247087]
 [ 0.45297465  0.15625684  0.87772306]]
[[ 0.90036238 -0.1867755  -0.39301717]
 [ 0.09700697  0.96662034 -0.23713869]
 [ 0.42419009  0.17538535  0.88842712]]
[[ 0.8949588  -0.18453009 -0.4061987 ]
 [ 0.10080053  0.97054574 -0.21881549]
 [ 0.43461246  0.15488581  0.88719919]]
[[ 0.88953917 -0.18914838 -0.41586412]
 [ 0.09337275  0.96632418 -0.23978971]
 [ 0.44721539  0.17447196  0.87724451]]
[[ 0.90122264 -0.18073886 -0.393867  ]
 [ 0.09257248  0.96818883 -0.23246661]
 [ 0.42335338  0.17304292  0.88928514]]
[[ 0.90119229 -0.17734677 -0.39547513]
 [ 0.09291498  0.97029135 -0.22338642]
 [ 0.42334296  0.16456856  0.89089726]]
[[ 0.90600727 -0.17639359 -0.38475463]
 [ 0.0929776   0.96976065 -0.22565336]
 [ 0.41292371  0.16867002  0.89501086]]
[[ 0.90591973 -0.19310495 -0.3768553 ]
 [ 0.11270655  0.96782106 -0.22498808]
 [ 0.40817481  0.16134708  0.89853238]]
[[ 0.91970043 -0.2008241  -0.33737338]
 [ 0.12510014  0.96438952 -0.23302964]
 [ 0.37215732  0.172112    0.91207258]]
[[ 0.9141861  -0.22612453 -0.33635023]
 [ 0.14954148  0.95952707 -0.23863182]
 [ 0.37669766  0.16785558  0.91100131]]
[[ 0.91196768 -0.22522524 -0.34291187]
 [ 0.14695514  0.95970705 -0.23951317]
 [ 0.38303935  0.16803561  0.90831982]]
[[ 0.91407843 -0.22304781 -0.33868909]
 [ 0.14713439  0.96065844 -0.23555643]
 [ 0.37790488  0.16548424  0.91093516]]
[[ 0.91082083 -0.22631919 -0.34523188]
 [ 0.14840295  0.9599217  -0.23775386]
 [ 0.38520383  0.16531774  0.90790311]]
[[ 0.91517058 -0.22231964 -0.33620945]
 [ 0.14678702  0.96067794 -0.23569359]
 [ 0.37538831  0.16634866  0.91181782]]
[[ 0.91183024 -0.22517082 -0.34331286]
 [ 0.14444488  0.95867009 -0.24512719]
 [ 0.38431926  0.1739246   0.90666915]]
[[ 0.91463144 -0.22280224 -0.33735514]
 [ 0.14748914  0.96081615 -0.23468974]
 [ 0.37642567  0.16489839  0.91165357]]
[[ 0.91462744 -0.21417798 -0.34290587]
 [ 0.13734716  0.96231247 -0.23471359]
 [ 0.38025308  0.16757834  0.90957413]]
[[ 0.90943227 -0.189475   -0.37017857]
 [ 0.09693106  0.96223377 -0.25438266]
 [ 0.40439748  0.195462    0.89345245]]
[[ 0.8946918  -0.18932408 -0.40457752]
 [ 0.10110462  0.96806118 -0.22942408]
 [ 0.43509129  0.16435919  0.88525794]]
[[ 0.89327651 -0.19318581 -0.40587723]
 [ 0.10409625  0.96729636 -0.23130441]
 [ 0.43728829  0.16436849  0.88417303]]
[[ 0.894233   -0.19552641 -0.40263726]
 [ 0.10448696  0.96587814 -0.236985  ]
 [ 0.43523535  0.16984946  0.88415007]]
[[ 0.88888591 -0.19728044 -0.41347584]
 [ 0.10767084  0.96721286 -0.23001366]
 [ 0.44529634  0.15993661  0.88098323]]
[[ 0.8852628  -0.19701942 -0.42129932]
 [ 0.10265651  0.96627475 -0.23616677]
 [ 0.45362034  0.16582054  0.87563242]]
[[ 0.87870946 -0.20375216 -0.43168825]
 [ 0.11053285  0.96659917 -0.23123263]
 [ 0.46438365  0.15547056  0.87188114]]
[[ 0.89611444 -0.19329862 -0.39951791]
 [ 0.10645852  0.96751054 -0.22932497]
 [ 0.43086599  0.16296933  0.88757845]]
[[ 0.90156275 -0.21629542 -0.37470108]
 [ 0.12565493  0.95963658 -0.25161175]
 [ 0.41399933  0.17976075  0.89235118]]
[[ 0.90893233 -0.22672876 -0.34990869]
 [ 0.1527933   0.96197018 -0.22642347]
 [ 0.38793844  0.15233991  0.90900843]]
[[ 0.9093259  -0.24381536 -0.33716536]
 [ 0.17693288  0.95999785 -0.21702279]
 [ 0.37659151  0.13768881  0.91608986]]
[[ 0.92131461 -0.24272251 -0.30375183]
 [ 0.17169327  0.95489524 -0.24227362]
 [ 0.34885644  0.17105808  0.92143276]]
[[ 0.91332205 -0.24780762 -0.32316283]
 [ 0.17379556  0.95483566 -0.24100616]
 [ 0.36829056  0.16395198  0.91514033]]
[[ 0.92303757 -0.23722122 -0.30286588]
 [ 0.16927205  0.95738922 -0.23399326]
 [ 0.34546869  0.16471784  0.92386114]]
[[ 0.91550161 -0.24142323 -0.32182545]
 [ 0.17204931  0.95803923 -0.22925939]
 [ 0.36366995  0.15451749  0.91862316]]
[[ 0.91495115 -0.24607665 -0.31986039]
 [ 0.17593336  0.95652158 -0.23262399]
 [ 0.36319669  0.15656548  0.91846362]]
[[ 0.91838443 -0.24102113 -0.3138134 ]
 [ 0.17177445  0.95729773 -0.23253946]
 [ 0.35645978  0.1596555   0.9205686 ]]
[[ 0.91306742 -0.22740509 -0.33851856]
 [ 0.15968231  0.96317444 -0.2163251 ]
 [ 0.37524586  0.14346398  0.91575577]]
[[ 0.90636949 -0.20886002 -0.36724902]
 [ 0.12752037  0.96395912 -0.23349811]
 [ 0.40278146  0.16480383  0.90033704]]
[[ 0.88264285 -0.18610834 -0.43163096]
 [ 0.09386877  0.96957034 -0.22610178]
 [ 0.460576    0.15905045  0.87325409]]
[[ 0.89102592 -0.16198069 -0.42406966]
 [ 0.07025574  0.97212214 -0.22370222]
 [ 0.44848294  0.16953115  0.87756609]]
[[ 0.88952947 -0.14336623 -0.43380116]
 [ 0.03293303  0.96714111 -0.25209816]
 [ 0.4556893   0.20996236  0.86502201]]
[[ 8.58417603e-01 -1.19882446e-01 -4.98745845e-01]
 [-7.60392627e-04  9.72007621e-01 -2.34948094e-01]
 [ 5.12950914e-01  2.02062822e-01  8.34297295e-01]]
[[ 0.85139376 -0.08528463 -0.5175473 ]
 [-0.04579225  0.97084056 -0.23531185]
 [ 0.52252439  0.2240427   0.82266222]]
[[ 0.83888466 -0.0651874  -0.54039164]
 [-0.05885782  0.97611758 -0.20911776]
 [ 0.54111762  0.20723195  0.81501327]]
[[ 0.8482002  -0.05773046 -0.52652029]
 [-0.06965974  0.9732506  -0.218931  ]
 [ 0.52507518  0.22237459  0.82148986]]
[[ 0.84430893 -0.06105343 -0.53236727]
 [-0.0638132   0.97496255 -0.21301622]
 [ 0.53204351  0.21382356  0.81927357]]
[[ 0.84099997 -0.05796108 -0.53792153]
 [-0.06837747  0.97488612 -0.21194709]
 [ 0.53669691  0.2150292   0.81591597]]
[[ 0.84126244 -0.06169169 -0.53709556]
 [-0.06709525  0.97387346 -0.21695323]
 [ 0.53644733  0.21855116  0.81514395]]
[[ 0.84314729 -0.06055573 -0.53426178]
 [-0.06467076  0.97500303 -0.21257181]
 [ 0.5337793   0.21378046  0.81815498]]
[[ 0.84680485 -0.06559283 -0.52784385]
 [-0.06632954  0.97159903 -0.22714692]
 [ 0.52775178  0.22736075  0.81840402]]
[[ 0.84793801 -0.05906072 -0.526795  ]
 [-0.06483811  0.97475673 -0.21364769]
 [ 0.52611516  0.21531639  0.82270389]]
[[ 0.84967109 -0.05989519 -0.52390038]
 [-0.06740048  0.973043   -0.22055498]
 [ 0.52298778  0.22271033  0.82272954]]
[[ 0.84280556 -0.05832843 -0.53504821]
 [-0.0702177   0.97369757 -0.21675453]
 [ 0.53361809  0.22025178  0.81654203]]
[[ 0.85038827 -0.06716082 -0.52185172]
 [-0.063545    0.97145062 -0.22857326]
 [ 0.52230434  0.22753709  0.82184247]]
[[ 0.83972162 -0.05656884 -0.54006256]
 [-0.06660928  0.97631767 -0.20583246]
 [ 0.53891633  0.20881515  0.81606705]]
[[ 0.80804207 -0.06744627 -0.58525125]
 [-0.04858288  0.98241229 -0.18029361]
 [ 0.58711815  0.17411802  0.79055373]]
[[ 0.81616166 -0.07313326 -0.57317682]
 [-0.04721704  0.98019959 -0.19230005]
 [ 0.57589122  0.18401164  0.79654819]]
[[ 0.78587356 -0.07555872 -0.61375372]
 [-0.02425667  0.98797669 -0.15268816]
 [ 0.61791129  0.13488121  0.77459195]]
[[ 0.78791127 -0.07121408 -0.61165708]
 [-0.02236706  0.98932523 -0.14399758]
 [ 0.61538244  0.12713829  0.77790765]]
[[ 0.78866812 -0.06906195 -0.61092802]
 [-0.02671451  0.98888329 -0.14627434]
 [ 0.6142385   0.13168256  0.77805576]]
[[ 0.78216153 -0.06643306 -0.619524  ]
 [-0.02269076  0.99060314 -0.13487231]
 [ 0.6226624   0.11954941  0.77330426]]
[[ 0.78751455 -0.06758639 -0.61257891]
 [-0.02404001  0.98984328 -0.14011549]
 [ 0.61582702  0.12506939  0.77789121]]
[[ 0.81170071 -0.0614885  -0.58082796]
 [-0.03608977  0.98726287 -0.1549502 ]
 [ 0.58295753  0.14673513  0.79914286]]
[[ 0.81863105 -0.07629655 -0.56922934]
 [-0.05625657  0.97571753 -0.2116849 ]
 [ 0.57155787  0.20531472  0.79446049]]
[[ 0.80487715 -0.08228208 -0.58770947]
 [-0.07096876  0.96988812 -0.2329817 ]
 [ 0.58918266  0.22923066  0.77480133]]
[[ 0.84083945 -0.06825583 -0.53696383]
 [-0.07711424  0.96679327 -0.24364764]
 [ 0.53576339  0.24627611  0.80765443]]
[[ 0.84651129 -0.05776161 -0.52922796]
 [-0.08861236  0.96494151 -0.24705411]
 [ 0.52494427  0.25603023  0.81171549]]
[[ 0.84893597 -0.0525892  -0.52587271]
 [-0.08865163  0.96676768 -0.23979395]
 [ 0.52100731  0.25018918  0.81606174]]
[[ 0.84334068 -0.0638658  -0.53357067]
 [-0.08769285  0.96324703 -0.25389982]
 [ 0.53017588  0.26091438  0.80674483]]
[[ 0.84411233 -0.05926008 -0.53288142]
 [-0.09069113  0.96377156 -0.25083758]
 [ 0.52844062  0.26006272  0.8081571 ]]
[[ 0.83063867 -0.04107357 -0.55529484]
 [-0.11323564  0.96397502 -0.24068619]
 [ 0.5451762   0.26280243  0.79606394]]
[[ 0.8376459  -0.00256012 -0.54620765]
 [-0.13701343  0.96703254 -0.21465179]
 [ 0.5287501   0.25463998  0.80968007]]
[[ 0.82096927  0.03740469 -0.56974586]
 [-0.17182997  0.96777902 -0.18406041]
 [ 0.54450337  0.24900736  0.80094408]]
[[ 0.82175866  0.08884635 -0.5628668 ]
 [-0.21300229  0.96406047 -0.15879996]
 [ 0.52852884  0.25038716  0.81114952]]
[[ 0.82483964  0.12273237 -0.55188434]
 [-0.24113822  0.95928251 -0.14706948]
 [ 0.51136281  0.25438914  0.82084971]]
[[ 0.79897461  0.15685896 -0.58054702]
 [-0.27444243  0.9540979  -0.11991058]
 [ 0.53508965  0.25513224  0.80534875]]
[[ 0.77838176  0.19349159 -0.59722931]
 [-0.302208    0.94932661 -0.08630935]
 [ 0.55026554  0.2476691   0.79741322]]
[[ 0.78893021  0.20838189 -0.57807103]
 [-0.31336199  0.9456608  -0.08677508]
 [ 0.52857676  0.24960497  0.81135933]]
[[ 0.78127346  0.19909136 -0.59158636]
 [-0.3106544   0.94607245 -0.09187363]
 [ 0.54139231  0.25555733  0.8009899 ]]
[[ 0.77043649  0.20312656 -0.60429067]
 [-0.31104199  0.9471754  -0.07817698]
 [ 0.55648943  0.24819017  0.79291938]]
[[ 0.78213777  0.20224264 -0.58937121]
 [-0.31248784  0.94562948 -0.09020112]
 [ 0.53908427  0.25472103  0.8028109 ]]
[[ 0.78542703  0.19107607 -0.58872261]
 [-0.3171742   0.94103182 -0.11772697]
 [ 0.5315119   0.27919356  0.79971623]]
[[ 0.78539358  0.1947898  -0.58754902]
 [-0.30009197  0.95000887 -0.0861856 ]
 [ 0.54138871  0.24400836  0.80458572]]
[[ 0.80317613  0.14140788 -0.57871575]
 [-0.25934852  0.95753348 -0.12596816]
 [ 0.53632682  0.25126369  0.80574196]]
[[ 0.81345594  0.1089039  -0.57133998]
 [-0.23065541  0.96217115 -0.14499916]
 [ 0.53393588  0.24973308  0.80780311]]
[[ 0.81414424  0.08076344 -0.57501862]
 [-0.20437084  0.96677184 -0.15357331]
 [ 0.54350871  0.24254787  0.80359742]]
[[ 0.81459411  0.02336333 -0.57956069]
 [-0.17191142  0.96401884 -0.20276623]
 [ 0.55397013  0.26480527  0.78930049]]
[[ 0.8194036  -0.00796958 -0.57316161]
 [-0.1404293   0.96664232 -0.21420138]
 [ 0.55574937  0.25600607  0.79095103]]
[[ 0.84455094 -0.04033055 -0.53395427]
 [-0.09362345  0.97067835 -0.22140053]
 [ 0.52722705  0.23697467  0.81601142]]
[[ 0.83293129 -0.03521224 -0.55225498]
 [-0.09441371  0.97429846 -0.20452032]
 [ 0.54526279  0.22249182  0.80819916]]
[[ 0.83824264 -0.04240031 -0.54364647]
 [-0.09254997  0.97144561 -0.21846721]
 [ 0.53738606  0.233443    0.81038299]]
[[ 0.83339553 -0.04018341 -0.55121429]
 [-0.09179977  0.97343439 -0.20975768]
 [ 0.54499972  0.22541246  0.80756704]]
[[ 0.8338525  -0.04126125 -0.55044302]
 [-0.09218302  0.97278875 -0.21256609]
 [ 0.54423551  0.22799027  0.80735875]]
[[ 0.83394809 -0.03641305 -0.55064024]
 [-0.0944478   0.97367986 -0.20742984]
 [ 0.54370047  0.22499248  0.80855933]]
[[ 0.83482059 -0.03528708 -0.54939004]
 [-0.09072754  0.97547973 -0.20051884]
 [ 0.54299457  0.21724206  0.81114905]]
[[ 0.83344784 -0.03779217 -0.55130431]
 [-0.08891823  0.97548661 -0.20129438]
 [ 0.54539732  0.21678937  0.8096568 ]]
[[ 0.83240466 -0.03523508 -0.55304699]
 [-0.08754532  0.97708395 -0.19401744]
 [ 0.54720955  0.2099177   0.81024457]]
[[ 0.84000241 -0.03526884 -0.54143518]
 [-0.08614997  0.97655683 -0.19726869]
 [ 0.53569967  0.2123508   0.81727168]]
[[ 0.8369275  -0.03872885 -0.54594178]
 [-0.08817265  0.97492319 -0.20432906]
 [ 0.54016473  0.21914574  0.8125252 ]]
[[ 0.83967348 -0.04024352 -0.54159847]
 [-0.08888452  0.97362072 -0.21014812]
 [ 0.53576859  0.22459552  0.81394648]]
[[ 0.85051962 -0.07089472 -0.52114328]
 [-0.06712182  0.96813966 -0.24124731]
 [ 0.52164264  0.24016565  0.81866319]]
[[ 0.85767017 -0.0894618  -0.50635804]
 [-0.03981767  0.97023689 -0.23886176]
 [ 0.51265625  0.2250266   0.82858107]]
[[ 0.86529986 -0.09919462 -0.49134161]
 [-0.02848073  0.96891067 -0.24576607]
 [ 0.5004448   0.22665511  0.83557314]]
[[ 0.86661194 -0.09539476 -0.48977912]
 [-0.02691952  0.97118775 -0.2367904 ]
 [ 0.49825605  0.21839001  0.83907492]]
[[ 0.86710905 -0.09794104 -0.48839477]
 [-0.02737224  0.9696291  -0.24304356]
 [ 0.49736572  0.22411373  0.8380933 ]]
[[ 0.86360407 -0.10012445 -0.49412863]
 [-0.02368167  0.97094452 -0.23813003]
 [ 0.50361413  0.21735186  0.83614053]]
[[ 0.86731999 -0.10328571 -0.48691692]
 [-0.02887428  0.96614654 -0.25637305]
 [ 0.49691277  0.23641685  0.83497591]]
[[ 0.86405836 -0.10886929 -0.49147801]
 [-0.0257896   0.9654774  -0.25920704]
 [ 0.5027306   0.23664503  0.83142112]]
[[ 0.8674522  -0.09122314 -0.4890859 ]
 [-0.05059774  0.96177413 -0.26912896]
 [ 0.49494096  0.25820315  0.8296774 ]]
[[ 0.84824497 -0.06196051 -0.52596709]
 [-0.0733753   0.96980525 -0.23258082]
 [ 0.52449647  0.2358785   0.81808605]]
[[ 0.84065841 -0.07290213 -0.53663648]
 [-0.07659255  0.96493363 -0.25107106]
 [ 0.5361222   0.25216736  0.80559581]]
[[ 0.84592421 -0.07144719 -0.52849553]
 [-0.07744001  0.96402554 -0.25427897]
 [ 0.52765071  0.25602744  0.80995968]]
[[ 0.83951669 -0.06921137 -0.5389077 ]
 [-0.07797385  0.96623987 -0.24556177]
 [ 0.53770978  0.24817391  0.80577782]]
[[ 0.84498615 -0.07102185 -0.53005123]
 [-0.07557961  0.96533509 -0.24983171]
 [ 0.52942056  0.2511654   0.81032698]]
[[ 0.84518873 -0.0681698  -0.53010272]
 [-0.08277125  0.96317162 -0.2558307 ]
 [ 0.52801982  0.26010249  0.8084193 ]]
[[ 0.84903722 -0.07422323 -0.52309341]
 [-0.07239346  0.9644005  -0.25434398]
 [ 0.52334978  0.25381605  0.81343864]]
[[ 0.84120351 -0.07239314 -0.53585061]
 [-0.07631314  0.9651831  -0.2501957 ]
 [ 0.53530641  0.25135794  0.80639087]]
[[ 0.84321163 -0.06864293 -0.5331813 ]
 [-0.07623705  0.96652132 -0.24499888]
 [ 0.53214854  0.24723408  0.80974888]]
[[ 0.85284708 -0.07008209 -0.51743633]
 [-0.075306    0.96408422 -0.25469712]
 [ 0.51670191  0.25618375  0.81693881]]
[[ 0.84536292 -0.06990743 -0.52959841]
 [-0.07675747  0.96521613 -0.24993221]
 [ 0.52864905  0.25193406  0.81059201]]
[[ 0.82501725 -0.07574028 -0.56000888]
 [-0.04402651  0.97935076 -0.19731638]
 [ 0.56338992  0.18744465  0.80464669]]
[[ 0.81797292 -0.0759574  -0.57021994]
 [-0.04273664  0.98048113 -0.19191228]
 [ 0.57366705  0.18134834  0.79876085]]
[[ 0.82473992 -0.07556394 -0.56044104]
 [-0.01468515  0.98783668 -0.15479998]
 [ 0.56532151  0.13589989  0.81359868]]
[[ 0.80347046 -0.06716865 -0.5915434 ]
 [-0.02307001  0.98935604 -0.14367462]
 [ 0.59489747  0.12908523  0.79336877]]
[[ 0.80380274 -0.06804515 -0.59099155]
 [-0.02071588  0.98963277 -0.14211911]
 [ 0.59453512  0.12647864  0.79405991]]
[[ 0.80861085 -0.0685869  -0.58433238]
 [-0.0186189   0.98970116 -0.14193289]
 [ 0.58804917  0.1256481   0.79900609]]
[[ 0.80997184 -0.0722658  -0.58199938]
 [-0.01921504  0.9885763  -0.14949139]
 [ 0.58615391  0.13226695  0.79933037]]
[[ 0.80936367 -0.06883036 -0.58326052]
 [-0.01658099  0.99003494 -0.13984234]
 [ 0.58707369  0.12285435  0.80015704]]
[[ 0.81242475 -0.07179449 -0.57862905]
 [-0.01714977  0.98901848 -0.14679349]
 [ 0.58281379  0.12918202  0.80227183]]
[[ 0.80757682 -0.06944727 -0.58565925]
 [-0.01871874  0.9895241  -0.14314907]
 [ 0.58946525  0.12656667  0.79781677]]
[[ 0.81535521 -0.06786716 -0.57496951]
 [-0.02040507  0.98912014 -0.14568799]
 [ 0.57860135  0.13051976  0.80509942]]
[[ 0.80251583 -0.06753603 -0.59279611]
 [-0.0188862   0.99019924 -0.13837911]
 [ 0.59633183  0.12224709  0.79337507]]
[[ 0.81402211 -0.07332755 -0.57618667]
 [-0.01624621  0.9887365  -0.14878234]
 [ 0.58060664  0.13047296  0.80366208]]
[[ 0.83364025 -0.07737865 -0.54686056]
 [ 0.00530849  0.9912141  -0.13216062]
 [ 0.55228231  0.10727141  0.82672673]]
[[ 0.85100984 -0.09559318 -0.51637603]
 [ 0.02283209  0.98909818 -0.14547676]
 [ 0.52465317  0.11201221  0.84391487]]
[[ 0.84617565 -0.12111843 -0.5189577 ]
 [ 0.03629673  0.98466703 -0.17062646]
 [ 0.53166655  0.12554349  0.83759747]]
[[ 0.84375333 -0.11949725 -0.52325972]
 [ 0.03371462  0.98477564 -0.17052937]
 [ 0.53567121  0.12624322  0.83493653]]
[[ 0.84530029 -0.12077772 -0.52046149]
 [ 0.03590317  0.98475367 -0.17020922]
 [ 0.53308384  0.12519169  0.83674886]]
[[ 0.84365859 -0.11932947 -0.52345072]
 [ 0.03724156  0.98564517 -0.16467139]
 [ 0.53558682  0.11943231  0.83599203]]
[[ 0.84411875 -0.11909539 -0.52276173]
 [ 0.03416362  0.98498367 -0.16923363]
 [ 0.53506671  0.12499385  0.83551191]]
[[ 0.8433476  -0.1201172  -0.5237716 ]
 [ 0.03656074  0.98526457 -0.16708393]
 [ 0.53612325  0.12176035  0.83531208]]
[[ 0.84339294 -0.11841282 -0.52408659]
 [ 0.0336708   0.98514359 -0.16839949]
 [ 0.5362412   0.12438053  0.8348502 ]]
[[ 0.86603731 -0.13225381 -0.48217041]
 [ 0.05222357  0.98303347 -0.17583485]
 [ 0.49724448  0.12709888  0.85825043]]
[[ 0.85139467 -0.14271965 -0.5047358 ]
 [ 0.05321409  0.9808083  -0.18757223]
 [ 0.5218193   0.13283894  0.84264965]]
[[ 0.84787268 -0.13834925 -0.51183142]
 [ 0.05679644  0.9835008  -0.17175665]
 [ 0.52714902  0.11655757  0.8417412 ]]
[[ 0.85757388 -0.13170962 -0.49721184]
 [ 0.0519917   0.98390534 -0.17095948]
 [ 0.51172639  0.1207595   0.85061933]]
[[ 0.85444848 -0.13850037 -0.5007349 ]
 [ 0.05518858  0.98255481 -0.17759579]
 [ 0.51659656  0.1241116   0.84718611]]
[[ 0.85394823 -0.13319424 -0.50302259]
 [ 0.05254262  0.98381609 -0.17130435]
 [ 0.51769846  0.11985492  0.84712638]]
[[ 0.85073483 -0.13299909 -0.50848942]
 [ 0.05279957  0.98418636 -0.16908405]
 [ 0.52293638  0.11699767  0.84430391]]
[[ 0.85894427 -0.13820098 -0.49306717]
 [ 0.0532083   0.98176751 -0.18248682]
 [ 0.50929718  0.13051074  0.85063701]]
[[ 0.8598025  -0.15379571 -0.48691534]
 [ 0.04450555  0.97250624 -0.22858451]
 [ 0.50868352  0.17486709  0.84300805]]
[[ 0.86687801 -0.15926926 -0.47239372]
 [ 0.06862779  0.97669604 -0.20335947]
 [ 0.49377398  0.14386851  0.85760661]]
[[ 0.85918037 -0.16469979 -0.484441  ]
 [ 0.07172152  0.97619679 -0.20468475]
 [ 0.50662128  0.14111628  0.85054163]]
[[ 0.8708844  -0.15060519 -0.46784446]
 [ 0.06120703  0.97771745 -0.20080408]
 [ 0.48766183  0.14624177  0.86069698]]
[[ 0.87534472 -0.16044318 -0.45610263]
 [ 0.07165987  0.97596931 -0.20578818]
 [ 0.47815947  0.14745134  0.86580692]]
[[ 0.85433912 -0.15861571 -0.49491992]
 [ 0.053505    0.97407273 -0.21981703]
 [ 0.51695443  0.1613176   0.84067517]]
[[ 0.86621779 -0.15912481 -0.47365182]
 [ 0.06080765  0.97446085 -0.21616771]
 [ 0.4959528   0.15844666  0.85377133]]
[[ 0.86533234 -0.16364578 -0.47372988]
 [ 0.06152277  0.97272805 -0.22364052]
 [ 0.49740818  0.1643782   0.85180098]]
[[ 0.85943727 -0.16670244 -0.48329896]
 [ 0.06269381  0.97257518 -0.22397992]
 [ 0.50738257  0.16219684  0.84631856]]
[[ 0.85661465 -0.15966661 -0.49063012]
 [ 0.06179417  0.97581707 -0.20967244]
 [ 0.51224293  0.1492904   0.84576566]]
[[ 0.84904574 -0.1803975  -0.49656629]
 [ 0.06713689  0.96911903 -0.23727821]
 [ 0.52403624  0.16812214  0.8349377 ]]
[[ 0.85918558 -0.1706469  -0.48236891]
 [ 0.05574547  0.96835287 -0.24328001]
 [ 0.5086183   0.18213279  0.84150762]]
[[ 0.85322089 -0.17489983 -0.49134934]
 [ 0.0557938   0.96729742 -0.24743234]
 [ 0.51855682  0.18370019  0.83507668]]
[[ 0.86184185 -0.17010539 -0.47779994]
 [ 0.04906351  0.96562168 -0.25527936]
 [ 0.50479837  0.19656789  0.84055914]]
[[ 0.85240701 -0.17083035 -0.49418546]
 [ 0.06466005  0.97230852 -0.22457789]
 [ 0.51886545  0.15947772  0.8398485 ]]
[[ 0.8604353  -0.17881217 -0.47715543]
 [ 0.05670505  0.96419169 -0.25907321]
 [ 0.50639475  0.19585861  0.83976411]]
[[ 0.86838869 -0.18258637 -0.46104588]
 [ 0.06364879  0.96309513 -0.26152744]
 [ 0.49178239  0.19776246  0.84796232]]
[[ 0.86206544 -0.18341211 -0.47244383]
 [ 0.06515383  0.96458824 -0.25558658]
 [ 0.50259144  0.18955083  0.84348819]]
[[ 0.8597083  -0.17668097 -0.47925513]
 [ 0.05357292  0.96428571 -0.25938971]
 [ 0.50796809  0.19732439  0.83846974]]
[[ 0.84688648 -0.1842133  -0.49884743]
 [ 0.05914248  0.96489047 -0.25590729]
 [ 0.52847465  0.18722135  0.82804753]]
[[ 0.85128442 -0.19100277 -0.48870521]
 [ 0.06216081  0.9615437  -0.26752524]
 [ 0.52100948  0.19736176  0.83042005]]
[[ 0.85953434 -0.18135796 -0.47781796]
 [ 0.05513854  0.96237128 -0.26608506]
 [ 0.50809493  0.20236306  0.83719098]]
[[ 0.84302195 -0.1945031  -0.50148035]
 [ 0.06102484  0.96089532 -0.27010398]
 [ 0.53440618  0.19710083  0.82192536]]
[[ 0.84624747 -0.18733382 -0.49876974]
 [ 0.04922763  0.95963465 -0.27690787]
 [ 0.53051094  0.20977934  0.8213104 ]]
[[ 0.85849978 -0.19827685 -0.47293173]
 [ 0.06701633  0.95769816 -0.27986254]
 [ 0.50841611  0.20856778  0.83547145]]
[[ 0.84828081 -0.20225629 -0.4893997 ]
 [ 0.05981437  0.95486801 -0.29094557]
 [ 0.52615769  0.21753041  0.82209404]]
[[ 0.8338958  -0.20734529 -0.51149362]
 [ 0.05480202  0.95327642 -0.29708719]
 [ 0.54919444  0.21970888  0.80629615]]
[[ 0.84942222 -0.20269968 -0.48723171]
 [ 0.06210372  0.95526883 -0.28914458]
 [ 0.52404678  0.21534693  0.82401497]]
[[ 0.85108748 -0.20038917 -0.48527753]
 [ 0.06242004  0.95636063 -0.28544368]
 [ 0.52130014  0.2126465   0.82645486]]
[[ 0.84268456 -0.20286708 -0.49872606]
 [ 0.05370828  0.95335155 -0.29704586]
 [ 0.53572209  0.22353024  0.81427027]]
[[ 0.84738284 -0.20121987 -0.49137857]
 [ 0.05731699  0.95467026 -0.29209494]
 [ 0.52787981  0.21935189  0.82050451]]
[[ 0.83640814 -0.20809485 -0.507068  ]
 [ 0.0593287   0.95406281 -0.29367373]
 [ 0.54488671  0.21554741  0.8103319 ]]
[[ 0.86320065 -0.1906868  -0.46746464]
 [ 0.06489724  0.96015536 -0.27182721]
 [ 0.50067254  0.20430426  0.84118177]]
[[ 0.8521638  -0.21465835 -0.47721971]
 [ 0.07212991  0.95146705 -0.29917843]
 [ 0.51827998  0.22052721  0.82628906]]
[[ 0.87582945 -0.20878108 -0.43512438]
 [ 0.08546829  0.95443349 -0.28592287]
 [ 0.47499257  0.21323033  0.85376512]]
[[ 0.83095959 -0.18280123 -0.52544255]
 [ 0.05677581  0.96740867 -0.24677311]
 [ 0.55342811  0.17522606  0.8142562 ]]
[[ 0.87135485 -0.21057971 -0.44316691]
 [ 0.08077457  0.95245978 -0.29376154]
 [ 0.48395888  0.22017393  0.84693993]]
[[ 0.8562207  -0.21698327 -0.46883299]
 [ 0.0893571   0.95604275 -0.27928043]
 [ 0.50882357  0.19723213  0.83797259]]
[[ 0.87270209 -0.22456746 -0.43354413]
 [ 0.1065914   0.95415989 -0.27967333]
 [ 0.47647595  0.19785943  0.8566343 ]]
[[ 0.87622985 -0.22115453 -0.42814941]
 [ 0.09823879  0.95179295 -0.29058445]
 [ 0.47177366  0.21255789  0.85571535]]
[[ 0.87370368 -0.22788655 -0.42977854]
 [ 0.09782154  0.94774241 -0.30366967]
 [ 0.47652159  0.22327571  0.85033825]]
[[ 0.87361903 -0.22701741 -0.43041013]
 [ 0.10561204  0.95187988 -0.28769912]
 [ 0.47501146  0.20588293  0.85555615]]
[[ 0.87401125 -0.23813185 -0.42355349]
 [ 0.12626442  0.95303868 -0.27527182]
 [ 0.46921385  0.18711093  0.8630341 ]]
[[ 0.86860679 -0.23595453 -0.43571517]
 [ 0.12254812  0.95432092 -0.27249502]
 [ 0.48010854  0.18329495  0.85784541]]
[[ 0.86849836 -0.23640773 -0.43568564]
 [ 0.12352706  0.95443624 -0.2716478 ]
 [ 0.48005381  0.1821067   0.85812906]]
[[ 0.86754994 -0.24125499 -0.43491739]
 [ 0.12543757  0.95233828 -0.27805972]
 [ 0.48127178  0.18667572  0.85646346]]
[[ 0.88606508 -0.25457875 -0.38739945]
 [ 0.15009912  0.94824396 -0.27982789]
 [ 0.43858742  0.1897974   0.87841791]]
[[ 0.89392735 -0.26011282 -0.36501399]
 [ 0.15468433  0.94338068 -0.29343765]
 [ 0.42067404  0.20584999  0.88354917]]
[[ 0.88960036 -0.2645775  -0.37230357]
 [ 0.16554537  0.94648506 -0.27705732]
 [ 0.4256829   0.18483716  0.88579303]]
[[ 0.88786397 -0.26352708 -0.37716183]
 [ 0.15993154  0.9453755  -0.28405469]
 [ 0.43141565  0.19188186  0.88151114]]
[[ 0.89142347 -0.26363247 -0.36859479]
 [ 0.16518269  0.94643588 -0.27744154]
 [ 0.42199393  0.18643242  0.88722267]]
[[ 0.89525562 -0.27050463 -0.35404041]
 [ 0.1745754   0.94403865 -0.2798472 ]
 [ 0.4099278   0.18872804  0.89237936]]
[[ 0.89200376 -0.27967211 -0.35512364]
 [ 0.18199331  0.9413336  -0.28419973]
 [ 0.41377255  0.18887711  0.89057157]]
[[ 0.89421266 -0.27963704 -0.34955236]
 [ 0.18084527  0.93998665 -0.28934422]
 [ 0.40948592  0.19552038  0.891119  ]]
[[ 0.89475973 -0.28276401 -0.34561472]
 [ 0.18583215  0.93955146 -0.28759252]
 [ 0.40604363  0.19309988  0.89321946]]
[[ 0.89830796 -0.27919124 -0.33925663]
 [ 0.18833697  0.94229839 -0.27677235]
 [ 0.39695339  0.18473224  0.89905617]]
[[ 0.89687564 -0.28180974 -0.34087734]
 [ 0.18630882  0.93973008 -0.28669916]
 [ 0.4011273   0.19362504  0.89532465]]
[[ 0.93096499 -0.23867789 -0.27629162]
 [ 0.14372026  0.93520684 -0.32362425]
 [ 0.33563177  0.26157414  0.90494767]]
[[ 0.90018535 -0.2768629  -0.33617445]
 [ 0.18167126  0.94026811 -0.28790871]
 [ 0.39580536  0.19809797  0.89671362]]
[[ 0.90090113 -0.27757462 -0.33366072]
 [ 0.19461714  0.9454936  -0.26108624]
 [ 0.38794499  0.17027679  0.90581703]]
[[ 0.90741681 -0.29075442 -0.30340831]
 [ 0.22310833  0.94516934 -0.23849023]
 [ 0.35611432  0.14871713  0.92253228]]
[[ 0.89979854 -0.31312448 -0.30383489]
 [ 0.23596698  0.93499481 -0.26477216]
 [ 0.36699069  0.1665466   0.915194  ]]
[[ 0.9078761  -0.30591169 -0.28666883]
 [ 0.22956534  0.93490959 -0.27063594]
 [ 0.35080014  0.17989467  0.9190088 ]]
[[ 0.9003639  -0.31055085 -0.30479995]
 [ 0.23538045  0.93672965 -0.25910152]
 [ 0.36597935  0.1615417   0.91649517]]
[[ 0.90145033 -0.30966016 -0.30248618]
 [ 0.23275332  0.93589096 -0.26445039]
 [ 0.36498383  0.16798423  0.91573364]]
[[ 0.90211336 -0.30451445 -0.30571626]
 [ 0.22614797  0.9370561  -0.26605067]
 [ 0.36748956  0.17087075  0.91419616]]
[[ 0.89905177 -0.30724098 -0.31194373]
 [ 0.22891127  0.93716438 -0.26329179]
 [ 0.37323658  0.16530552  0.91289021]]
[[ 0.90106096 -0.30900256 -0.30431327]
 [ 0.23409981  0.93721724 -0.25849783]
 [ 0.36508413  0.16168262  0.9168273 ]]
[[ 0.90006145 -0.30042598 -0.31564792]
 [ 0.21774925  0.93751254 -0.27139549]
 [ 0.37745813  0.17554052  0.90923643]]
[[ 0.90551985 -0.27657007 -0.32178067]
 [ 0.19235958  0.94354709 -0.26966031]
 [ 0.37819519  0.18228517  0.90760152]]
[[ 0.89366675 -0.26952731 -0.35876841]
 [ 0.17483758  0.94547547 -0.27478709]
 [ 0.41326936  0.18284189  0.8920635 ]]
[[ 0.89130604 -0.27470073 -0.36071186]
 [ 0.17805796  0.94372212 -0.27871837]
 [ 0.4169759   0.18419575  0.89005788]]
[[ 0.89010687 -0.27493173 -0.36348631]
 [ 0.1771779   0.94356371 -0.27981337]
 [ 0.41990206  0.18466206  0.88858437]]
[[ 0.88685648 -0.2744523  -0.37170084]
 [ 0.17412288  0.9436795  -0.28133649]
 [ 0.42797991  0.18478347  0.88469671]]
[[ 0.88961271 -0.26478149 -0.372129  ]
 [ 0.16510646  0.9461375  -0.27850259]
 [ 0.42582754  0.18631854  0.88541307]]
[[ 0.88666357 -0.25415297 -0.38630813]
 [ 0.14557263  0.9463532  -0.28848611]
 [ 0.43890354  0.19955423  0.87609463]]
[[ 0.88974624 -0.24987166 -0.38198924]
 [ 0.14796464  0.94955743 -0.27649079]
 [ 0.43180793  0.18948574  0.88183733]]
[[ 0.88642773 -0.2537425  -0.38711836]
 [ 0.14892504  0.94822513 -0.28051815]
 [ 0.43825473  0.19100745  0.87832166]]
[[ 0.88309578 -0.25492218 -0.39389914]
 [ 0.14806163  0.94803856 -0.2816037 ]
 [ 0.4452186   0.19036169  0.87495304]]
[[ 0.87160992 -0.24985281 -0.42174604]
 [ 0.1345174   0.94923707 -0.28434848]
 [ 0.47138225  0.19110878  0.86097399]]
[[ 0.88086241 -0.24343397 -0.40598193]
 [ 0.13764941  0.95229958 -0.27235666]
 [ 0.45291728  0.18402557  0.87235344]]
[[ 0.88788401 -0.24374486 -0.39019281]
 [ 0.13367674  0.9482105  -0.28814471]
 [ 0.44021871  0.20367938  0.87448396]]
[[ 0.87809066 -0.24899424 -0.40860574]
 [ 0.13487524  0.94811202 -0.28791017]
 [ 0.45909199  0.19770043  0.86611147]]
[[ 0.88472393 -0.24927242 -0.39386143]
 [ 0.13842764  0.94737733 -0.28864161]
 [ 0.44508579  0.20084683  0.87267359]]
[[ 0.881188   -0.24688904 -0.40317926]
 [ 0.13801935  0.9500019  -0.280084  ]
 [ 0.45217073  0.19116012  0.87120574]]
[[ 0.88166129 -0.2417186  -0.40527212]
 [ 0.1326075   0.95114615 -0.27881222]
 [ 0.45286711  0.19207582  0.87064244]]
[[ 0.87380048 -0.24574831 -0.41961945]
 [ 0.13598367  0.95196724 -0.27434797]
 [ 0.46688452  0.182664    0.8652472 ]]
[[ 0.86798503 -0.25361824 -0.42694236]
 [ 0.16045795  0.9568669  -0.24219617]
 [ 0.46995238  0.14171635  0.8712412 ]]
[[ 0.87191088 -0.23917668 -0.42727736]
 [ 0.14519364  0.95963134 -0.24088691]
 [ 0.46764327  0.14799396  0.87143993]]
[[ 0.86518839 -0.24986275 -0.4347616 ]
 [ 0.15848631  0.95882637 -0.23565669]
 [ 0.47574272  0.13498367  0.86916527]]
[[ 0.86631436 -0.24589588 -0.43478114]
 [ 0.15536765  0.95990912 -0.23331388]
 [ 0.4747213   0.13457224  0.86978733]]
[[ 0.86851785 -0.24502116 -0.43086121]
 [ 0.15406817  0.95966471 -0.23517365]
 [ 0.47110482  0.13787051  0.87123589]]
[[ 0.85966916 -0.24372454 -0.44896245]
 [ 0.14751024  0.95984623 -0.23861254]
 [ 0.48909065  0.13890128  0.86110207]]
[[ 0.86153296 -0.24549404 -0.44440256]
 [ 0.15378645  0.96038646 -0.23239528]
 [ 0.48384986  0.1318731   0.86515825]]
[[ 0.86432486 -0.24856614 -0.43721551]
 [ 0.15357214  0.95824982 -0.24119054]
 [ 0.47891348  0.14132286  0.86641198]]
[[ 0.88120905 -0.25100694 -0.40058223]
 [ 0.15439044  0.95373381 -0.25798337]
 [ 0.44680443  0.16549122  0.87919194]]
[[ 0.89459678 -0.24454994 -0.37402129]
 [ 0.14004381  0.94823272 -0.2850306 ]
 [ 0.42436344  0.20260809  0.88253364]]
[[ 0.88090231 -0.24231186 -0.4065662 ]
 [ 0.12928512  0.94952957 -0.28579531]
 [ 0.45529822  0.19919479  0.86777011]]
[[ 0.88265321 -0.24534653 -0.40090945]
 [ 0.12894669  0.94662587 -0.29541872]
 [ 0.45199121  0.20905633  0.86717899]]
[[ 0.88538646 -0.24246369 -0.39661338]
 [ 0.1286137   0.94766161 -0.29222591]
 [ 0.44670945  0.20772295  0.87023091]]
[[ 0.8897147  -0.24364966 -0.38606036]
 [ 0.1330856   0.94736329 -0.29118898]
 [ 0.43668751  0.20769604  0.8753093 ]]
[[ 0.8851759  -0.2466646  -0.39448727]
 [ 0.13176611  0.94608632 -0.29590262]
 [ 0.44620771  0.20994581  0.86995485]]
[[ 0.89035846 -0.24623385 -0.38292388]
 [ 0.13519284  0.94617182 -0.29407787]
 [ 0.43472371  0.21006615  0.87572114]]
[[ 0.8925025  -0.20996225 -0.39919312]
 [ 0.10464095  0.957285   -0.26954723]
 [ 0.43873633  0.19879963  0.8763499 ]]
[[ 0.89034789 -0.18360433 -0.41661743]
 [ 0.08607371  0.9664576  -0.24197321]
 [ 0.44707041  0.17958053  0.87628699]]
[[ 0.89464309 -0.18097475 -0.40848731]
 [ 0.08251872  0.96549041 -0.24702012]
 [ 0.43909498  0.18728699  0.87870312]]
[[ 0.89634317 -0.18064102 -0.40489227]
 [ 0.08489193  0.96626365 -0.24316232]
 [ 0.43515777  0.1835848   0.88143879]]
[[ 0.88569605 -0.18319822 -0.42659221]
 [ 0.07424668  0.96291985 -0.25936998]
 [ 0.45829023  0.19804992  0.86645617]]
[[ 0.89883094 -0.13535095 -0.41687296]
 [ 0.0362484   0.97082063 -0.23705138]
 [ 0.436794    0.19795814  0.87750987]]
[[ 0.89278861 -0.08825698 -0.44174564]
 [-0.01376423  0.97481764 -0.22257833]
 [ 0.45026553  0.20479569  0.86909129]]
[[ 0.90522315 -0.04000507 -0.42304921]
 [-0.0493108   0.97894357 -0.19808566]
 [ 0.42206574  0.20017262  0.8841897 ]]
[[ 0.9055153  -0.00295524 -0.42430331]
 [-0.08295789  0.97944474 -0.18386407]
 [ 0.41612501  0.20169103  0.88665704]]
[[ 0.88899507  0.01456168 -0.45768518]
 [-0.09924382  0.981865   -0.16152952]
 [ 0.44703292  0.18902138  0.8743183 ]]
[[ 0.8924885   0.01351295 -0.4508677 ]
 [-0.09650217  0.98212834 -0.16158979]
 [ 0.44062639  0.18772674  0.87784227]]
[[ 0.88668722  0.00958754 -0.46227033]
 [-0.09675081  0.98149923 -0.16522269]
 [ 0.4521339   0.19122587  0.87121043]]
[[ 0.89598989  0.01573911 -0.44379545]
 [-0.10202146  0.97993631 -0.17122048]
 [ 0.43219641  0.19868848  0.87961875]]
[[ 0.88864976  0.01337066 -0.45839157]
 [-0.09920463  0.98151088 -0.16369131]
 [ 0.44772765  0.1909388   0.87354583]]
[[ 0.89704018 -0.00703681 -0.44189297]
 [-0.08411432  0.97887812 -0.18633947]
 [ 0.4338706   0.20432352  0.87750111]]
[[ 0.89754469 -0.04880502 -0.43821411]
 [-0.04776839  0.97724253 -0.20667662]
 [ 0.43832832  0.20643428  0.8747875 ]]
[[ 0.89342186 -0.07030287 -0.44368333]
 [-0.02607989  0.97789455 -0.20746585]
 [ 0.44846095  0.19692574  0.87183888]]
[[ 0.89846184 -0.11878493 -0.42267773]
 [ 0.01811306  0.9719148  -0.23463489]
 [ 0.43867783  0.20315451  0.87537992]]
[[ 0.89137404 -0.16295474 -0.42296343]
 [ 0.05816772  0.96654973 -0.2497962 ]
 [ 0.44952066  0.19805903  0.87103605]]
[[ 0.89815878 -0.20148215 -0.39078863]
 [ 0.10233545  0.9602078  -0.25986234]
 [ 0.42759592  0.19340611  0.88303783]]
[[ 0.88461846 -0.23273171 -0.40408679]
 [ 0.12597337  0.95360307 -0.27344451]
 [ 0.44897761  0.19098988  0.87289287]]
[[ 0.88603695 -0.23026396 -0.40238915]
 [ 0.12113769  0.9527725  -0.27847842]
 [ 0.44750886  0.19799768  0.87208528]]
[[ 0.88370676 -0.23146686 -0.40679903]
 [ 0.12473437  0.95418922 -0.27196372]
 [ 0.45111384  0.18959436  0.87209534]]
[[ 0.88042088 -0.23015798 -0.41459181]
 [ 0.11579086  0.95219067 -0.28271082]
 [ 0.45983861  0.20089856  0.86497874]]
[[ 0.9089995  -0.23476053 -0.34439426]
 [ 0.13814744  0.94927967 -0.28245953]
 [ 0.39323681  0.20917839  0.89532631]]
[[ 0.89857659 -0.2596826  -0.3537302 ]
 [ 0.16544433  0.94709857 -0.27501359]
 [ 0.40643361  0.18859812  0.89400362]]
[[ 0.91177525 -0.25522049 -0.32175829]
 [ 0.16415307  0.94463141 -0.28412193]
 [ 0.37645672  0.20623773  0.90318677]]
[[ 0.9011053  -0.26482877 -0.34332922]
 [ 0.16615946  0.9422698  -0.29072091]
 [ 0.40050002  0.20492276  0.89308813]]
[[ 0.90309596 -0.25553387 -0.34513784]
 [ 0.15702465  0.9445341  -0.28844165]
 [ 0.39970107  0.20629535  0.89313005]]
[[ 0.90054843 -0.2602611  -0.34824802]
 [ 0.16436604  0.94538326 -0.28148589]
 [ 0.40248768  0.19625153  0.89414149]]
[[ 0.8995761  -0.26024827 -0.35076156]
 [ 0.16188527  0.94456372 -0.28564407]
 [ 0.40565502  0.20017545  0.89183731]]
[[ 0.90058696 -0.25866531 -0.34933564]
 [ 0.16424805  0.94659003 -0.27747052]
 [ 0.40244963  0.19250864  0.89497191]]
[[ 0.8960866  -0.25967999 -0.3599932 ]
 [ 0.15877146  0.94487224 -0.28637051]
 [ 0.41451227  0.19945613  0.88791713]]
[[ 0.89834372 -0.25574024 -0.35717711]
 [ 0.15624498  0.94591658 -0.284305  ]
 [ 0.41056798  0.19959648  0.88971635]]
[[ 0.89424569 -0.24340055 -0.37560728]
 [ 0.14081987  0.94958964 -0.28008797]
 [ 0.42484635  0.1975745   0.88344207]]
[[ 0.89161116 -0.22296761 -0.39410021]
 [ 0.11264051  0.95221703 -0.28389231]
 [ 0.43856772  0.20872991  0.87412252]]
[[ 0.88319661 -0.21455393 -0.41704958]
 [ 0.09493001  0.95259996 -0.28903566]
 [ 0.45929515  0.21568479  0.86170066]]
[[ 0.88317774 -0.20840943 -0.42019351]
 [ 0.09675496  0.95754447 -0.2715641 ]
 [ 0.45895049  0.19918356  0.86584661]]
[[ 0.87754975 -0.21148282 -0.43032714]
 [ 0.09595618  0.95677984 -0.27452643]
 [ 0.46978596  0.19961805  0.85991499]]
[[ 0.87179396 -0.21957575 -0.43790613]
 [ 0.09787089  0.95396613 -0.28349588]
 [ 0.47999643  0.20429173  0.85315199]]
[[ 0.87543437 -0.22294938 -0.42884523]
 [ 0.09696448  0.95023219 -0.29606869]
 [ 0.47351087  0.21760595  0.8534841 ]]
[[ 0.86604816 -0.22667079 -0.44562421]
 [ 0.09895007  0.95139849 -0.291633  ]
 [ 0.49007088  0.20847367  0.846386  ]]
[[ 0.87160292 -0.22443263 -0.43581915]
 [ 0.10126201  0.95229611 -0.28788561]
 [ 0.47963981  0.20679002  0.85275057]]
[[ 0.87609387 -0.21987032 -0.42908807]
 [ 0.10015924  0.95354623 -0.28410863]
 [ 0.47162237  0.20592869  0.85741805]]
[[ 0.88189212 -0.22140063 -0.41623077]
 [ 0.10036734  0.95080087 -0.29309402]
 [ 0.46064378  0.21670133  0.86072519]]
[[ 0.87564743 -0.22022106 -0.42981888]
 [ 0.09935176  0.95308955 -0.28591875]
 [ 0.47262121  0.20766076  0.85644976]]
[[ 0.88042416 -0.21756297 -0.42133081]
 [ 0.09395742  0.9509563  -0.29471021]
 [ 0.46478522  0.21988284  0.85768656]]
[[ 0.87526444 -0.21999963 -0.43071141]
 [ 0.10089329  0.95401616 -0.28226531]
 [ 0.47300391  0.2036009   0.85721291]]
[[ 0.87470422 -0.22078942 -0.43144474]
 [ 0.10119446  0.95378599 -0.28293457]
 [ 0.4739749   0.20382425  0.85662329]]
[[ 0.87844542 -0.22020672 -0.42407858]
 [ 0.0991244   0.95215681 -0.28908781]
 [ 0.46744839  0.21191133  0.85824565]]
[[ 0.86891326 -0.21832043 -0.44421384]
 [ 0.09405523  0.95394314 -0.28486154]
 [ 0.48594584  0.20573933  0.84942802]]
[[ 0.87875885 -0.21692233 -0.42512067]
 [ 0.09809483  0.95381562 -0.28392457]
 [ 0.46707632  0.20779909  0.85945288]]
[[ 0.88108067 -0.21771317 -0.41987836]
 [ 0.09854264  0.95277494 -0.28724424]
 [ 0.46258643  0.21170943  0.86092561]]
[[ 0.87224813 -0.22037449 -0.43659853]
 [ 0.10013992  0.95428703 -0.28161721]
 [ 0.47870157  0.20191914  0.85444337]]
[[ 0.88808232 -0.21227931 -0.40773434]
 [ 0.0958313   0.95299543 -0.28743012]
 [ 0.44958442  0.2161879   0.86668139]]
[[ 0.87705176 -0.2222589  -0.4258887 ]
 [ 0.10041762  0.95177199 -0.28990755]
 [ 0.46978347  0.2114972   0.85707201]]
[[ 0.87240199 -0.22052796 -0.43621347]
 [ 0.09905797  0.95368584 -0.28402612]
 [ 0.47864631  0.20457453  0.85384247]]
[[ 0.88185393 -0.21431148 -0.42000503]
 [ 0.0970458   0.95416459 -0.28311137]
 [ 0.46142795  0.20890315  0.86223183]]
[[ 0.87442913 -0.2196158  -0.43259981]
 [ 0.09817438  0.95332858 -0.28552829]
 [ 0.47511629  0.20720403  0.85517893]]
[[ 0.87786232 -0.21907646 -0.42586764]
 [ 0.09810884  0.95264409 -0.28782615]
 [ 0.46875622  0.21089035  0.85778369]]
[[ 0.86353516 -0.21895279 -0.45427603]
 [ 0.09888135  0.95685514 -0.27322283]
 [ 0.49449925  0.19101809  0.8479284 ]]
[[ 0.88722531 -0.21196088 -0.4097607 ]
 [ 0.10106531  0.95592939 -0.27565342]
 [ 0.45013004  0.2031541   0.86954664]]
[[ 0.86995608 -0.2189242  -0.44186946]
 [ 0.09597224  0.95408355 -0.28374974]
 [ 0.48370006  0.20444261  0.85102143]]
[[ 0.87600667 -0.21921435 -0.42960141]
 [ 0.09806645  0.95308806 -0.2863671 ]
 [ 0.47222376  0.20873001  0.85640908]]
[[ 0.87795395 -0.22202204 -0.42414983]
 [ 0.10152996  0.95215728 -0.2882502 ]
 [ 0.46785524  0.21000649  0.85849213]]
[[ 0.8689116  -0.22018013 -0.44329826]
 [ 0.09911249  0.95487006 -0.27999979]
 [ 0.48494262  0.19935868  0.85152027]]
[[ 0.87232784 -0.22189416 -0.43566859]
 [ 0.09862096  0.95262257 -0.28772233]
 [ 0.47887164  0.20802214  0.85288261]]
[[ 0.87943099 -0.21966964 -0.42231076]
 [ 0.10220489  0.95360172 -0.28319238]
 [ 0.46492503  0.20588593  0.86107822]]
[[ 0.87764854 -0.21835394 -0.42667857]
 [ 0.09835009  0.95330227 -0.28555568]
 [ 0.46910586  0.20865365  0.85813947]]
[[ 0.96307348 -0.23441516  0.13243488]
 [ 0.17496344  0.91876747  0.3539126 ]
 [-0.20463934 -0.31767258  0.92585467]]
[[ 0.87791892 -0.21774159 -0.42643518]
 [ 0.09678172  0.95293063 -0.28732648]
 [ 0.46892607  0.21097823  0.85766924]]
[[ 0.87223922 -0.21951878 -0.43704719]
 [ 0.0992545   0.95446737 -0.28131938]
 [ 0.47890217  0.20199889  0.8543121 ]]
[[ 0.87673746 -0.21781689 -0.42882075]
 [ 0.09421104  0.95207783 -0.2909847 ]
 [ 0.47165211  0.21471753  0.85524305]]
[[ 0.8753395  -0.21871465 -0.431213  ]
 [ 0.09664877  0.95299054 -0.28717249]
 [ 0.47375075  0.20969722  0.85532877]]
[[ 0.86906237 -0.21772706 -0.44421338]
 [ 0.09516088  0.95474641 -0.28178663]
 [ 0.4854637   0.20261842  0.85045328]]
[[ 0.87609597 -0.22186992 -0.42805325]
 [ 0.10128709  0.9527091  -0.28650705]
 [ 0.47137753  0.2076514   0.85713717]]
[[ 0.87867927 -0.22223476 -0.42253336]
 [ 0.09926972  0.95075378 -0.2936201 ]
 [ 0.46697779  0.21605313  0.85746883]]
[[ 0.87175655 -0.22124655 -0.43713897]
 [ 0.09551723  0.95185884 -0.29127515]
 [ 0.48053821  0.21216672  0.85092204]]
[[ 0.88053615 -0.21657236 -0.42160705]
 [ 0.09668695  0.95287503 -0.28754272]
 [ 0.46401264  0.21242786  0.85998063]]
[[ 0.8751587  -0.22146331 -0.43017584]
 [ 0.09910325  0.95229403 -0.28864272]
 [ 0.47357765  0.20997636  0.85535614]]
[[ 0.87971675 -0.21947566 -0.42181616]
 [ 0.09873425  0.95208287 -0.28946459]
 [ 0.46513437  0.21299915  0.85923302]]
[[ 0.88093635 -0.21945992 -0.41927137]
 [ 0.10173624  0.95307947 -0.28511272]
 [ 0.46216975  0.20851107  0.86192938]]
[[ 0.87990018 -0.22031332 -0.4209961 ]
 [ 0.09809373  0.95115012 -0.29273038]
 [ 0.46492289  0.21627644  0.85852851]]
[[ 0.87626621 -0.2167497  -0.43032209]
 [ 0.09510898  0.95334187 -0.28651974]
 [ 0.47234713  0.21014007  0.85599611]]
[[ 0.87908829 -0.22053852 -0.42257134]
 [ 0.0991918   0.95176002 -0.29036847]
 [ 0.46622394  0.21334391  0.8585567 ]]
[[ 0.87146079 -0.2230734  -0.43680012]
 [ 0.10224497  0.95364389 -0.28303587]
 [ 0.47968954  0.20199405  0.85387139]]
[[ 0.88478578 -0.21703493 -0.41237115]
 [ 0.09858827  0.95207119 -0.28955276]
 [ 0.45544976  0.21553721  0.86377615]]
[[ 0.87709093 -0.22073343 -0.42660081]
 [ 0.10123945  0.95315504 -0.28503692]
 [ 0.46953389  0.20681446  0.85835057]]
[[ 0.87690858 -0.21793638 -0.42840994]
 [ 0.09987858  0.95446532 -0.28110535]
 [ 0.47016551  0.20371472  0.85874601]]
[[ 0.87821735 -0.22139832 -0.4239305 ]
 [ 0.10066152  0.95211022 -0.28870985]
 [ 0.46754844  0.21087651  0.85844601]]
[[ 0.88163559 -0.2179233  -0.41860258]
 [ 0.09922325  0.95276869 -0.28703059]
 [ 0.46138209  0.21152127  0.86161785]]
[[ 0.87416773 -0.22161573 -0.43210791]
 [ 0.10284293  0.95410014 -0.28127611]
 [ 0.47460942  0.20144325  0.85683517]]
[[ 0.88507299 -0.21774905 -0.41137714]
 [ 0.09907746  0.95170442 -0.29058968]
 [ 0.45478506  0.21643488  0.8639019 ]]
[[ 0.87801109 -0.21653978 -0.42685717]
 [ 0.09627156  0.95348102 -0.28566715]
 [ 0.46885851  0.20972473  0.85801354]]
[[ 0.87540901 -0.21896774 -0.43094338]
 [ 0.09600004  0.95251232 -0.28897107]
 [ 0.47375422  0.21159729  0.85485878]]
[[ 0.86718122 -0.22311075 -0.44521717]
 [ 0.10191381  0.95461102 -0.27987744]
 [ 0.48745288  0.19733068  0.85055881]]
[[ 0.87899873 -0.21935353 -0.42337366]
 [ 0.09845429  0.95226298 -0.28896708]
 [ 0.46654901  0.21231874  0.85863425]]
[[ 0.88192457 -0.22032695 -0.41673143]
 [ 0.10017395  0.95145254 -0.29103822]
 [ 0.46062374  0.21492812  0.8611804 ]]
[[ 0.87094601 -0.22512802 -0.43677273]
 [ 0.10329737  0.95289302 -0.28517459]
 [ 0.48039848  0.2032542   0.85317351]]
[[ 0.87362598 -0.22031241 -0.43386645]
 [ 0.09711572  0.95263663 -0.28818741]
 [ 0.47680834  0.20963275  0.85364391]]
[[ 0.87365179 -0.22069086 -0.43362206]
 [ 0.09668837  0.95218827 -0.28980832]
 [ 0.47684788  0.21126535  0.85321923]]
[[ 0.88070513 -0.21733364 -0.4208617 ]
 [ 0.09834256  0.9530595  -0.28636746]
 [ 0.46334352  0.21081667  0.86073754]]
[[ 0.87562544 -0.22141498 -0.42924991]
 [ 0.09623709  0.95089408 -0.2941749 ]
 [ 0.47330593  0.21627727  0.85393538]]
[[ 0.87422336 -0.21953967 -0.4330541 ]
 [ 0.09825779  0.95347411 -0.2850132 ]
 [ 0.47547757  0.20661426  0.85512082]]
[[ 0.88229411 -0.21565098 -0.41839186]
 [ 0.09621022  0.9527311  -0.28817885]
 [ 0.46076099  0.21400493  0.86133687]]
[[ 0.86684666 -0.22147683 -0.44668208]
 [ 0.09453501  0.95267872 -0.28890549]
 [ 0.48953039  0.20820967  0.84676368]]
[[ 0.87527434 -0.21965892 -0.43086517]
 [ 0.09794758  0.95295482 -0.28685082]
 [ 0.47360438  0.20887096  0.85561195]]
[[ 0.8779557  -0.22306179 -0.4236003 ]
 [ 0.10239814  0.95183886 -0.28899378]
 [ 0.4676627   0.21034786  0.85851347]]
[[ 0.87874414 -0.21623709 -0.42550001]
 [ 0.09743717  0.95398466 -0.2835829 ]
 [ 0.46724162  0.2077373   0.85937796]]
[[ 0.88055815 -0.22058416 -0.41947583]
 [ 0.10000781  0.95163758 -0.29048987]
 [ 0.46326643  0.21384236  0.86003236]]
[[ 0.87583798 -0.22303331 -0.4279766 ]
 [ 0.10123885  0.95198244 -0.28892927]
 [ 0.47186706  0.20972737  0.85636202]]
[[ 0.8771083  -0.21812756 -0.42790349]
 [ 0.09898354  0.95389167 -0.28336009]
 [ 0.46998222  0.20618209  0.85825734]]
[[ 0.87026421 -0.2255782  -0.43789801]
 [ 0.10417358  0.95315552 -0.2839761 ]
 [ 0.48144373  0.20151684  0.85299643]]
[[ 0.86791252 -0.21593794 -0.44732389]
 [ 0.08641106  0.95246703 -0.29212956]
 [ 0.48914311  0.21488917  0.84531749]]
[[ 0.88399016 -0.21370744 -0.41580105]
 [ 0.09792495  0.95431582 -0.28229776]
 [ 0.45713466  0.20883115  0.86453309]]
[[ 0.86735086 -0.21942521 -0.44671587]
 [ 0.09523654  0.95415311 -0.2837637 ]
 [ 0.48850025  0.20357901  0.84848282]]
[[ 0.87171349 -0.22183229 -0.43692794]
 [ 0.09941597  0.95318027 -0.28559383]
 [ 0.47982503  0.20551838  0.85295377]]
[[ 0.87270514 -0.21843961 -0.43665762]
 [ 0.1002241   0.95543892 -0.27765374]
 [ 0.47785026  0.19854623  0.85570937]]
[[ 0.86943841 -0.21777518 -0.4434533 ]
 [ 0.09399351  0.95412399 -0.28427562]
 [ 0.48501761  0.20547841  0.8500215 ]]
[[ 0.8740384  -0.21612391 -0.43514059]
 [ 0.0970039   0.95520843 -0.27958379]
 [ 0.4760747   0.20215664  0.85585371]]
[[ 0.87743299 -0.2205463  -0.42599374]
 [ 0.09926106  0.95229827 -0.28857451]
 [ 0.46931714  0.21092021  0.85746958]]
[[ 0.88250874 -0.21639718 -0.41755309]
 [ 0.09835234  0.95314018 -0.28609546]
 [ 0.45989688  0.21141442  0.86243771]]
[[ 0.87794804 -0.21165241 -0.42943044]
 [ 0.10155321  0.95888976 -0.2649856 ]
 [ 0.46786129  0.18903354  0.86334937]]
[[ 0.88203012 -0.21432526 -0.41962788]
 [ 0.10044437  0.95561845 -0.27695542]
 [ 0.46036268  0.20213377  0.86441202]]
[[ 0.87843247 -0.21005894 -0.42922214]
 [ 0.10040985  0.95928883 -0.26397501]
 [ 0.46719831  0.18878609  0.86376244]]
[[ 0.87851547 -0.21134587 -0.42841976]
 [ 0.10170634  0.95899928 -0.26453014]
 [ 0.4667616   0.18882082  0.86399092]]
[[ 0.87313952 -0.22518444 -0.43234171]
 [ 0.09892278  0.9503054  -0.29518457]
 [ 0.47732763  0.21496887  0.85202507]]
[[ 0.86621028 -0.22293416 -0.44719136]
 [ 0.09989002  0.95414827 -0.28217559]
 [ 0.48959344  0.19975345  0.84876193]]
[[ 0.86133389 -0.2245329  -0.45572898]
 [ 0.09830604  0.95374195 -0.28409896]
 [ 0.49843741  0.19990315  0.84356321]]
[[ 0.86961562 -0.2218101  -0.44109972]
 [ 0.0967837   0.9526538  -0.28824235]
 [ 0.48415039  0.20796879  0.84991022]]
[[ 0.87830856 -0.22341562 -0.42268137]
 [ 0.09836713  0.94962797 -0.29754097]
 [ 0.46786535  0.21975483  0.85604312]]
[[ 0.87589981 -0.22002046 -0.42940716]
 [ 0.10230368  0.95442933 -0.28035444]
 [ 0.4715225   0.20163247  0.85849338]]
[[ 0.86329454 -0.22390459 -0.45231546]
 [ 0.09939505  0.95408002 -0.28258086]
 [ 0.49481629  0.1989926   0.84590708]]
[[ 0.86986832 -0.22459699 -0.43918709]
 [ 0.0995251   0.95193243 -0.28968847]
 [ 0.48313959  0.20828068  0.8504089 ]]
[[ 0.88063427 -0.21895545 -0.42016876]
 [ 0.09953593  0.95251847 -0.2877519 ]
 [ 0.46322336  0.21158229  0.86061435]]
[[ 0.87566262 -0.21225256 -0.43377854]
 [ 0.09064546  0.95450989 -0.28406736]
 [ 0.47433993  0.20942711  0.85506837]]
[[ 0.88060015 -0.21101934 -0.42428082]
 [ 0.09899399  0.95753879 -0.27077604]
 [ 0.46340432  0.19644417  0.86409844]]
[[ 0.87390777 -0.21598284 -0.43547287]
 [ 0.09275201  0.95349756 -0.28677425]
 [ 0.47716064  0.21022326  0.85330177]]
[[ 0.88274086 -0.21770988 -0.41637842]
 [ 0.09849853  0.95222838 -0.28906602]
 [ 0.45941987  0.21415772  0.86201499]]
[[ 0.87994206 -0.21238054 -0.42496644]
 [ 0.09653823  0.95578515 -0.27776809]
 [ 0.46516915  0.20339432  0.8615384 ]]
[[ 0.86258584 -0.22821212 -0.45151401]
 [ 0.10149287  0.95239388 -0.28748058]
 [ 0.49562574  0.20215122  0.84468338]]
[[ 0.87721727 -0.21681438 -0.42834728]
 [ 0.10124895  0.95569685 -0.27639136]
 [ 0.46929576  0.19908556  0.86030601]]
[[ 0.86698463 -0.22243391 -0.44593811]
 [ 0.09829268  0.95360593 -0.28455979]
 [ 0.48854498  0.20287651  0.84862532]]
[[ 0.8804219  -0.21328297 -0.42351819]
 [ 0.09400016  0.95391354 -0.28497883]
 [ 0.46478086  0.21109082  0.859895  ]]
[[ 0.87867585 -0.21206756 -0.42773368]
 [ 0.09319837  0.95488519 -0.28197222]
 [ 0.46823371  0.20789809  0.85879891]]
[[ 0.88399597 -0.21709728 -0.41402885]
 [ 0.09767661  0.95185834 -0.29055978]
 [ 0.45717655  0.21641274  0.86264426]]
[[ 0.8833884  -0.21277335 -0.4175553 ]
 [ 0.09949524  0.95583007 -0.27656749]
 [ 0.45795811  0.20277175  0.86553913]]
[[ 0.87151151 -0.2183616  -0.43907391]
 [ 0.10616367  0.95816601 -0.26579536]
 [ 0.47874519  0.18503002  0.85823478]]
[[ 0.87106453 -0.219915   -0.43918558]
 [ 0.10346744  0.95625747 -0.27361679]
 [ 0.48014692  0.19289647  0.85571601]]
[[ 0.87653605 -0.21786896 -0.42920586]
 [ 0.10527661  0.9568831  -0.27072414]
 [ 0.46968222  0.19211413  0.86167904]]
[[ 0.87313861 -0.2163004  -0.43685592]
 [ 0.09847902  0.95595661 -0.27649382]
 [ 0.47742103  0.19839629  0.85598368]]
[[ 0.87092494 -0.21781962 -0.44050466]
 [ 0.09652194  0.95476106 -0.28127359]
 [ 0.48184361  0.20244983  0.85254959]]
[[ 0.86499438 -0.21958312 -0.45118508]
 [ 0.09817577  0.95584866 -0.27697445]
 [ 0.49208357  0.19528591  0.84836147]]
[[ 0.86999607 -0.22107456 -0.44071859]
 [ 0.1028206   0.95554117 -0.27634941]
 [ 0.48221858  0.19510795  0.85404808]]
[[ 0.87143532 -0.22355495 -0.4366047 ]
 [ 0.10083035  0.95273593 -0.28657893]
 [ 0.48003512  0.20571199  0.85278887]]
[[ 0.88325631 -0.21792155 -0.41517283]
 [ 0.10005991  0.95264114 -0.2871635 ]
 [ 0.45808983  0.21209682  0.86323151]]
[[ 0.88210773 -0.21346335 -0.41990398]
 [ 0.09573094  0.954062   -0.28390364]
 [ 0.46121745  0.2102358   0.86202052]]
[[ 0.87830011 -0.21459849 -0.42724279]
 [ 0.1028102   0.95747517 -0.26957626]
 [ 0.46692502  0.19284394  0.86301346]]
[[ 0.88208077 -0.21644935 -0.41842944]
 [ 0.09796159  0.95305958 -0.28649774]
 [ 0.46080044  0.21172413  0.86187925]]
[[ 0.87375703 -0.21543502 -0.43604634]
 [ 0.09844941  0.95632901 -0.27521362]
 [ 0.47629441  0.19754133  0.85680865]]
[[ 0.87194302 -0.21518983 -0.43978257]
 [ 0.09716899  0.95642527 -0.27533416]
 [ 0.47986827  0.19734247  0.85485811]]
[[ 0.86373749 -0.22569777 -0.45057526]
 [ 0.09990731  0.95304567 -0.28587143]
 [ 0.49393935  0.20190211  0.84573013]]
[[ 0.87711404 -0.21971757 -0.42707745]
 [ 0.09882946  0.95276074 -0.2871928 ]
 [ 0.47000394  0.209693    0.85739439]]
[[ 0.87425518 -0.22331004 -0.43105742]
 [ 0.09738328  0.95054572 -0.29492257]
 [ 0.47559896  0.2158598   0.85276619]]
[[ 0.87411128 -0.2197779  -0.43315949]
 [ 0.10374592  0.95567606 -0.27553593]
 [ 0.47451686  0.19591053  0.85816829]]
[[ 0.88425357 -0.21452823 -0.41481714]
 [ 0.09858168  0.95397561 -0.28321756]
 [ 0.45648359  0.20954277  0.8647049 ]]
[[ 0.87168328 -0.21720944 -0.43930436]
 [ 0.10439717  0.95813851 -0.26659298]
 [ 0.47882094  0.18652251  0.85786937]]
[[ 0.8764894  -0.22079903 -0.42780149]
 [ 0.10015394  0.95280961 -0.28657117]
 [ 0.47088801  0.20833059  0.85724142]]
[[ 0.88470081 -0.21582278 -0.41318882]
 [ 0.09890014  0.95309063 -0.2860717 ]
 [ 0.45554718  0.21222344  0.86454496]]
[[ 0.87668095 -0.21542003 -0.43014501]
 [ 0.09619237  0.95457719 -0.28200962]
 [ 0.47135713  0.20585579  0.8575814 ]]
[[ 0.87217048 -0.21831091 -0.43778876]
 [ 0.09681931  0.95423267 -0.28295943]
 [ 0.47952546  0.20440246  0.85339028]]
[[ 0.8739054  -0.21969856 -0.43361493]
 [ 0.10001715  0.95421737 -0.28189677]
 [ 0.47569521  0.20298218  0.85586933]]
[[ 0.87639485 -0.22258178 -0.42707073]
 [ 0.09987308  0.95150833 -0.29095922]
 [ 0.47112358  0.21234229  0.85612693]]
[[ 0.87186422 -0.22328199 -0.43588753]
 [ 0.10081406  0.95278739 -0.28641353]
 [ 0.47925912  0.20577012  0.8532112 ]]
[[ 0.87522201 -0.22177193 -0.42988794]
 [ 0.10126111  0.95301846 -0.28548555]
 [ 0.47300382  0.20633231  0.85655961]]
[[ 0.87788465 -0.2198822  -0.42540611]
 [ 0.09974202  0.95282574 -0.2866612 ]
 [ 0.46836958  0.2092246   0.85840259]]
[[ 0.87815833 -0.21910187 -0.42524383]
 [ 0.09981661  0.95330147 -0.28504905]
 [ 0.46784034  0.2078718   0.85901963]]
[[ 0.88731871 -0.2118201  -0.40963124]
 [ 0.09736599  0.9542961  -0.28255763]
 [ 0.45076088  0.21083453  0.86738886]]
[[ 0.87808174 -0.21877178 -0.4255718 ]
 [ 0.10020794  0.95371791 -0.28351457]
 [ 0.46790044  0.20630329  0.85936496]]
[[ 0.87472671 -0.22041875 -0.43158865]
 [ 0.09905097  0.9530944  -0.28600693]
 [ 0.47438601  0.20742863  0.85552982]]
[[ 0.87238961 -0.22206896 -0.43545579]
 [ 0.09908606  0.95269133 -0.28733462]
 [ 0.47866305  0.20752014  0.85312196]]
[[ 0.88039371 -0.21880959 -0.42074847]
 [ 0.09871871  0.95231998 -0.28868888]
 [ 0.46385507  0.21262413  0.86001712]]
[[ 0.87957149 -0.2136993  -0.42507246]
 [ 0.09560324  0.95461173 -0.28209301]
 [ 0.46606224  0.20748267  0.86007961]]
[[ 0.87549696 -0.22030216 -0.43008374]
 [ 0.10084181  0.95372924 -0.28325161]
 [ 0.47258438  0.2046155   0.85720272]]
[[ 0.87219415 -0.22392253 -0.43489776]
 [ 0.1015518   0.95258952 -0.28681079]
 [ 0.47850244  0.20599005  0.85358275]]
[[ 0.8767219  -0.21641225 -0.42956308]
 [ 0.09493153  0.95335237 -0.28654366]
 [ 0.47153654  0.21044003  0.85636925]]
[[ 0.8787588  -0.2205399  -0.4232554 ]
 [ 0.09673006  0.95072719 -0.29455239]
 [ 0.46736097  0.21789898  0.85679272]]
[[ 0.87825706 -0.22146891 -0.42381135]
 [ 0.09784099  0.95075991 -0.29407948]
 [ 0.4680723   0.21681126  0.85668034]]
[[ 0.87524602 -0.22078299 -0.43034786]
 [ 0.09942647  0.95286578 -0.28663772]
 [ 0.47334848  0.20809056  0.85594365]]
[[ 0.87777351 -0.2186493  -0.42627005]
 [ 0.10017241  0.95387394 -0.28300176]
 [ 0.46848603  0.20571095  0.8591879 ]]
[[ 0.88037222 -0.21828473 -0.42106595]
 [ 0.09851285  0.95259198 -0.28786062]
 [ 0.46393963  0.21194408  0.86013937]]
[[ 0.88009924 -0.22002332 -0.42073158]
 [ 0.10037843  0.95233853 -0.28805468]
 [ 0.46405764  0.21128433  0.86023801]]
[[ 0.88338685 -0.21824184 -0.41472663]
 [ 0.09980315  0.95225759 -0.28852177]
 [ 0.4578941   0.21348531  0.86299306]]
[[ 0.87619817 -0.22085828 -0.42836713]
 [ 0.10175117  0.95355577 -0.28351031]
 [ 0.47108754  0.20482435  0.8579764 ]]
[[ 0.8807188  -0.21735364 -0.42082276]
 [ 0.09619602  0.95205493 -0.29040958]
 [ 0.46376797  0.2152877   0.85940123]]
[[ 0.87404032 -0.22179833 -0.43227193]
 [ 0.09847238  0.95212207 -0.28942488]
 [ 0.4757696   0.21040217  0.85403408]]
[[ 0.87669646 -0.22074165 -0.42740664]
 [ 0.10216426  0.95366917 -0.28297983]
 [ 0.47006997  0.20442174  0.85863029]]
[[ 0.87267823 -0.22167188 -0.43507964]
 [ 0.09888264  0.9527825  -0.28710228]
 [ 0.47817877  0.20752609  0.85339205]]
[[ 0.87749433 -0.21925266 -0.42653484]
 [ 0.09862934  0.95286989 -0.28689934]
 [ 0.46933564  0.2096837   0.85776267]]
[[ 0.87870502 -0.21818959 -0.42458307]
 [ 0.09998398  0.95382365 -0.28323779]
 [ 0.46677691  0.20643096  0.8599451 ]]
[[ 0.8750624  -0.22061948 -0.43080487]
 [ 0.1017013   0.95401421 -0.28198181]
 [ 0.47320465  0.20293826  0.85725925]]
[[ 0.88227359 -0.21921002 -0.41658167]
 [ 0.1008473   0.9524279  -0.28759506]
 [ 0.45980772  0.21172639  0.86240872]]
[[ 0.8788454  -0.22046625 -0.42311393]
 [ 0.09753403  0.95112392 -0.29300239]
 [ 0.46703092  0.2162358   0.85739384]]
[[ 0.87356915 -0.2208663  -0.43369922]
 [ 0.10291383  0.95477816 -0.2789398 ]
 [ 0.47569494  0.19903956  0.85679494]]
[[ 0.87319008 -0.21795072 -0.43593184]
 [ 0.09694516  0.95423746 -0.28290016]
 [ 0.47764079  0.20476413  0.85435995]]
[[ 0.88584242 -0.2111947  -0.41313437]
 [ 0.09186766  0.95260946 -0.28999232]
 [ 0.45480055  0.21893381  0.86326383]]
[[ 0.87179752 -0.22170908 -0.43682281]
 [ 0.10054133  0.95371663 -0.28340084]
 [ 0.47943771  0.20314941  0.85373872]]
[[ 0.87171519 -0.22374592 -0.4359477 ]
 [ 0.1010528   0.95262696 -0.28686271]
 [ 0.47947989  0.20600885  0.85302953]]
[[ 0.87647996 -0.22087039 -0.42778401]
 [ 0.09187554  0.94896005 -0.30171793]
 [ 0.47259049  0.22514683  0.85203705]]
[[ 0.87943588 -0.2161816  -0.42409674]
 [ 0.10000559  0.95495139 -0.27940423]
 [ 0.46539383  0.20330606  0.86143789]]
[[ 0.8773588  -0.21813335 -0.4273867 ]
 [ 0.09534126  0.95218536 -0.29026381]
 [ 0.47026757  0.21391792  0.85620531]]
[[ 0.88595503 -0.21347295 -0.41171954]
 [ 0.09600819  0.95295519 -0.28750448]
 [ 0.4537247   0.21518759  0.8647706 ]]
[[ 0.87371232 -0.22277613 -0.43243217]
 [ 0.10254822  0.9533428  -0.28393903]
 [ 0.47551093  0.20373588  0.85579264]]
[[ 0.87268911 -0.21964998 -0.43608212]
 [ 0.10135272  0.95514134 -0.27826722]
 [ 0.47764145  0.19864266  0.85580357]]
[[ 0.87531574 -0.22171505 -0.42972642]
 [ 0.09958396  0.95229145 -0.28848574]
 [ 0.47318643  0.20972225  0.85563496]]
[[ 0.88399604 -0.21133039 -0.41700176]
 [ 0.09215864  0.95326555 -0.28773526]
 [ 0.45832062  0.21592652  0.86215889]]
[[ 0.87517812 -0.21961227 -0.43108434]
 [ 0.0993727   0.95363756 -0.28407827]
 [ 0.4734853   0.20578108  0.85642619]]
[[ 0.88008051 -0.21972854 -0.42092477]
 [ 0.09848336  0.95167814 -0.29087754]
 [ 0.464499    0.21454157  0.85919299]]
[[ 0.87755516 -0.21960436 -0.42622865]
 [ 0.09992934  0.95319418 -0.28536816]
 [ 0.46894676  0.20783355  0.85842539]]
[[ 0.87596424 -0.22276064 -0.42786021]
 [ 0.10254532  0.95270501 -0.28607274]
 [ 0.47135031  0.20671443  0.85737858]]
[[ 0.86658596 -0.2265685  -0.44462962]
 [ 0.10265826  0.95287333 -0.28547102]
 [ 0.48835444  0.20174028  0.84900577]]
[[ 0.87892024 -0.21902844 -0.42370479]
 [ 0.09909515  0.9527984  -0.28697624]
 [ 0.46656121  0.21024213  0.85913846]]
[[ 0.87466773 -0.21913793 -0.43235972]
 [ 0.09801086  0.95350388 -0.28499863]
 [ 0.47471069  0.20690316  0.85547697]]
[[ 0.87604968 -0.22105392 -0.42856985]
 [ 0.09980051  0.95261278 -0.28734777]
 [ 0.47178047  0.20895944  0.85659742]]
[[ 0.87077231 -0.22353975 -0.43793328]
 [ 0.10089911  0.95296051 -0.28580701]
 [ 0.48122235  0.20468575  0.85236659]]
[[ 0.87661956 -0.22328282 -0.4262428 ]
 [ 0.09548612  0.94892492 -0.30070567]
 [ 0.47161482  0.22290421  0.85316656]]
[[ 0.8761507  -0.21699322 -0.43043455]
 [ 0.09466161  0.95301423 -0.28775522]
 [ 0.47265118  0.21137131  0.855525  ]]
[[ 0.87383484 -0.21925639 -0.43398076]
 [ 0.09774339  0.95354789 -0.28494323]
 [ 0.47629707  0.20657457  0.85467424]]
[[ 0.87924258 -0.21903691 -0.4230311 ]
 [ 0.10093131  0.95351722 -0.2839327 ]
 [ 0.46555918  0.20694863  0.86048063]]
[[ 0.8783507  -0.22077903 -0.4239772 ]
 [ 0.10228665  0.95321442 -0.2844639 ]
 [ 0.46694485  0.20649186  0.8598393 ]]
[[ 0.88099546 -0.21999803 -0.41886497]
 [ 0.09756457  0.95076416 -0.29415755]
 [ 0.46295588  0.21828508  0.85908293]]
[[ 0.87548621 -0.22121717 -0.42963573]
 [ 0.09794435  0.95184462 -0.2905146 ]
 [ 0.47321327  0.21226113  0.85499381]]
[[ 0.8822055  -0.21771176 -0.41751053]
 [ 0.1000708   0.95312279 -0.28555696]
 [ 0.46010791  0.21013931  0.86263676]]
[[ 0.88092387 -0.21646679 -0.42085064]
 [ 0.09922347  0.95397697 -0.28298878]
 [ 0.46273949  0.20753332  0.86185967]]
[[ 0.87282438 -0.22140318 -0.43492324]
 [ 0.09936402  0.95312613 -0.28579254]
 [ 0.47781208  0.20623097  0.85391124]]
[[ 0.87514749 -0.22100796 -0.43043276]
 [ 0.10129248  0.95355891 -0.28366394]
 [ 0.47313498  0.20464819  0.85689113]]
[[ 0.88176757 -0.21826386 -0.41814691]
 [ 0.09917556  0.95247103 -0.28803324]
 [ 0.46114007  0.21250842  0.8615045 ]]
[[ 0.87786249 -0.22212108 -0.42428726]
 [ 0.10243129  0.95252076 -0.28672639]
 [ 0.4678304   0.20824606  0.85893439]]
[[ 0.86817352 -0.21756468 -0.4460273 ]
 [ 0.09547035  0.95520984 -0.28010638]
 [ 0.48699091  0.20059855  0.85005886]]
[[ 0.8767987  -0.21699874 -0.42911022]
 [ 0.09909753  0.95477243 -0.28033781]
 [ 0.47053556  0.20327607  0.85864727]]
[[ 0.87459358 -0.22143366 -0.43133886]
 [ 0.10017421  0.95295074 -0.28609443]
 [ 0.47439562  0.20700732  0.85562654]]
[[ 0.87131969 -0.2245025  -0.4363492 ]
 [ 0.09762072  0.95073798 -0.29422353]
 [ 0.48090768  0.21376604  0.85031282]]
[[ 0.87122326 -0.21803688 -0.43980672]
 [ 0.09871169  0.95545688 -0.27813335]
 [ 0.48085968  0.19890218  0.85393904]]
[[ 0.88083866 -0.21700631 -0.42075114]
 [ 0.09784985  0.95301646 -0.28667933]
 [ 0.46319399  0.2113478   0.86068777]]
[[ 0.87102541 -0.22630273 -0.43600667]
 [ 0.10612511  0.95329476 -0.28278361]
 [ 0.47963757  0.20004045  0.85436036]]
[[ 0.87635695 -0.22041432 -0.42827096]
 [ 0.09941431  0.95277912 -0.28692987]
 [ 0.47129108  0.20887672  0.85688694]]
[[ 0.87612582 -0.222415   -0.42770915]
 [ 0.09897293  0.95129844 -0.29195143]
 [ 0.47181342  0.21345455  0.85547019]]
[[ 0.88088162 -0.21857352 -0.41984901]
 [ 0.09933093  0.95260895 -0.28752313]
 [ 0.46279686  0.21156985  0.86084683]]
[[ 0.88531782 -0.21461529 -0.41249562]
 [ 0.09689335  0.95278731 -0.28776381]
 [ 0.45477911  0.21479435  0.86431438]]
[[ 0.88098348 -0.23603179 -0.41006963]
 [ 0.09731305  0.93854588 -0.33115223]
 [ 0.46303162  0.25183452  0.84981239]]
[[ 0.88720542 -0.24840126 -0.38879733]
 [ 0.11063026  0.93264548 -0.34341425]
 [ 0.44791461  0.26166623  0.85492882]]
[[ 0.88049291 -0.25462082 -0.39987558]
 [ 0.10789466  0.92901126 -0.35397292]
 [ 0.46161779  0.26852621  0.84546005]]
[[ 0.88363345 -0.25333472 -0.39371746]
 [ 0.10550105  0.92706999 -0.35973706]
 [ 0.45613753  0.2763381   0.84591714]]
[[ 0.87213741 -0.26104877 -0.41379932]
 [ 0.09790008  0.92177172 -0.37516991]
 [ 0.47936615  0.28668873  0.8294683 ]]
[[ 0.87429476 -0.26264703 -0.40819751]
 [ 0.09871627  0.91959558 -0.38026184]
 [ 0.47525127  0.2921652   0.82992513]]
[[ 0.88006411 -0.25514044 -0.40048786]
 [ 0.1031026   0.9259395  -0.36332615]
 [ 0.46352672  0.27845897  0.84119176]]
[[ 0.87893708 -0.25422491 -0.40353352]
 [ 0.10191643  0.9266638  -0.36181107]
 [ 0.46592129  0.27688247  0.84038887]]
[[ 0.8806289  -0.25416037 -0.39986904]
 [ 0.10279088  0.9263331  -0.36241001]
 [ 0.46252219  0.27804584  0.84188107]]
[[ 0.87563037 -0.25973688 -0.40719554]
 [ 0.09939675  0.92194914 -0.37433951]
 [ 0.47264335  0.28730913  0.83310367]]
[[ 0.8809818  -0.25583365 -0.39802037]
 [ 0.10104287  0.92353408 -0.3699664 ]
 [ 0.46223524  0.28571654  0.83946688]]
[[ 0.86738358 -0.25593114 -0.42678447]
 [ 0.09274483  0.92572775 -0.36664224]
 [ 0.48892139  0.2784374   0.82669734]]
[[ 0.88911913 -0.24101269 -0.38907589]
 [ 0.10390205  0.93420965 -0.34125753]
 [ 0.44572585  0.26299281  0.85566538]]
[[ 0.88930225 -0.24546705 -0.38585934]
 [ 0.10753021  0.93232127 -0.34527425]
 [ 0.44449832  0.26556163  0.85551053]]
[[ 0.89243371 -0.24351234 -0.37982077]
 [ 0.10967032  0.93367415 -0.34091787]
 [ 0.43764655  0.26259154  0.85994836]]
[[ 0.88144703 -0.24506863 -0.4037233 ]
 [ 0.10972854  0.93770867 -0.32963935]
 [ 0.4593591   0.24625966  0.85343154]]
[[ 0.87977475 -0.23620319 -0.41255842]
 [ 0.10041503  0.94058186 -0.32438032]
 [ 0.46466463  0.24395455  0.85121852]]
[[ 0.8698517  -0.23677295 -0.43277776]
 [ 0.10283208  0.94504437 -0.31034933]
 [ 0.48247651  0.22545446  0.84639631]]
[[ 0.86481813 -0.23335326 -0.44456256]
 [ 0.09384968  0.94495734 -0.31344515]
 [ 0.4932361   0.22935099  0.83911637]]
[[ 0.87117206 -0.23725924 -0.42984567]
 [ 0.09910765  0.94244565 -0.31933349]
 [ 0.480871    0.23559342  0.84454652]]
[[ 0.88593285 -0.23154689 -0.40188186]
 [ 0.1092607   0.94627584 -0.30434213]
 [ 0.45076057  0.2257168   0.86363583]]
[[ 0.8808826  -0.22096628 -0.41859257]
 [ 0.10159822  0.95200176 -0.28873942]
 [ 0.46230254  0.21181727  0.86105157]]
[[ 0.8910621  -0.21526851 -0.39958453]
 [ 0.11354394  0.95810232 -0.26295954]
 [ 0.43944977  0.18894288  0.8781711 ]]
[[ 0.89002966 -0.21573129 -0.4016307 ]
 [ 0.11005785  0.95657246 -0.26991925]
 [ 0.4424189   0.19603352  0.87512078]]
[[ 0.88584131 -0.21242592 -0.41250503]
 [ 0.11022239  0.95993513 -0.25763458]
 [ 0.45070633  0.18275607  0.87376428]]
[[ 0.88796695 -0.2123814  -0.4079324 ]
 [ 0.10913196  0.95895734 -0.26170792]
 [ 0.44677166  0.18786952  0.87470002]]
[[ 0.88914145 -0.2140911  -0.40446567]
 [ 0.10733857  0.95673105 -0.27045171]
 [ 0.44486617  0.19705506  0.87364947]]
[[ 0.89253021 -0.23745031 -0.38341515]
 [ 0.12387314  0.94654435 -0.29784096]
 [ 0.43364187  0.21833721  0.87423314]]
[[ 0.89596855 -0.24511987 -0.37034661]
 [ 0.14700875  0.95057219 -0.27349762]
 [ 0.41908088  0.19060108  0.88771755]]
[[ 0.90290231 -0.25187774 -0.34831742]
 [ 0.1580889   0.94812085 -0.27581654]
 [ 0.39971906  0.19397027  0.89587957]]
[[ 0.90677183 -0.25480667 -0.33591429]
 [ 0.15676487  0.94335721 -0.29240716]
 [ 0.39139447  0.21248702  0.89535448]]
[[ 0.90942016 -0.24863545 -0.33336974]
 [ 0.15545645  0.94673125 -0.28201635]
 [ 0.38573082  0.20464688  0.89962847]]
[[ 0.89730787 -0.25248742 -0.36206172]
 [ 0.15291602  0.94726597 -0.28160942]
 [ 0.41407158  0.19732531  0.88859859]]
[[ 0.90259395 -0.25120634 -0.3495991 ]
 [ 0.15924402  0.94931567 -0.2710002 ]
 [ 0.39995687  0.18893157  0.89684969]]
[[ 0.90043274 -0.25277288 -0.35401518]
 [ 0.16087868  0.94964559 -0.26887043]
 [ 0.40415211  0.18514625  0.89575775]]
[[ 0.90029587 -0.26148392 -0.34798492]
 [ 0.16876829  0.94661077 -0.27467312]
 [ 0.40122887  0.18855825  0.89635996]]
[[ 0.90333235 -0.27633328 -0.32807101]
 [ 0.19584337  0.94616749 -0.25770616]
 [ 0.38162291  0.16854377  0.90882174]]
[[ 0.90424764 -0.29699649 -0.30680497]
 [ 0.21956327  0.93962862 -0.2624691 ]
 [ 0.36623513  0.16997396  0.91486648]]
[[ 0.91084392 -0.29407728 -0.28962372]
 [ 0.22059635  0.9399065  -0.26060126]
 [ 0.34885613  0.17347714  0.9209805 ]]
[[ 0.90840975 -0.29348509 -0.29775531]
 [ 0.21845849  0.94044237 -0.26046889]
 [ 0.35646545  0.1715653   0.91842133]]
[[ 0.91671856 -0.2914191  -0.27331664]
 [ 0.21716281  0.93765291 -0.27138043]
 [ 0.33536158  0.18942527  0.92284922]]
[[ 0.91154092 -0.29553953 -0.28591878]
 [ 0.21903859  0.93742739 -0.27065103]
 [ 0.34801617  0.18408224  0.91923799]]
[[ 0.90757082 -0.29650729 -0.29731907]
 [ 0.21986193  0.9388144  -0.26511932]
 [ 0.35773724  0.17524542  0.91723122]]
[[ 0.91008645 -0.29316372 -0.29291242]
 [ 0.21551947  0.93851716 -0.26969781]
 [ 0.35396894  0.18231999  0.91731424]]
[[ 0.90453675 -0.3009763  -0.30203731]
 [ 0.22583906  0.93900294 -0.25936498]
 [ 0.36167663  0.16639333  0.91733488]]
[[ 0.90575314 -0.29846954 -0.30087736]
 [ 0.22223446  0.93899865 -0.26247549]
 [ 0.36086437  0.17087268  0.91683119]]
[[ 0.90966541 -0.29564308 -0.29172593]
 [ 0.22129261  0.93936944 -0.26194395]
 [ 0.35148034  0.17372456  0.91993551]]
[[ 0.90851624 -0.29444295 -0.29648204]
 [ 0.21793124  0.93929226 -0.26502081]
 [ 0.35651679  0.17616301  0.91753058]]
[[ 0.90652237 -0.29624182 -0.30076232]
 [ 0.21477651  0.93698645 -0.27554935]
 [ 0.36343946  0.18519497  0.91302496]]
[[ 0.90927495 -0.29494449 -0.29364401]
 [ 0.21759664  0.93832694 -0.2686899 ]
 [ 0.35478269  0.18041705  0.91737611]]
[[ 0.90446286 -0.27849205 -0.32309303]
 [ 0.19086587  0.94162484 -0.27733172]
 [ 0.3814671   0.18916881  0.90481933]]
[[ 0.90140105 -0.26934906 -0.33900919]
 [ 0.18404728  0.94705505 -0.26308426]
 [ 0.39192186  0.17475071  0.90324938]]
[[ 0.89870902 -0.26166174 -0.35193072]
 [ 0.17582585  0.95016053 -0.25744949]
 [ 0.40175536  0.16949366  0.89992473]]
[[ 0.90834189 -0.25527861 -0.3312821 ]
 [ 0.1634012   0.94576703 -0.28075752]
 [ 0.38498708  0.20089192  0.90079264]]
[[ 0.91162174 -0.25690658 -0.32085014]
 [ 0.16706896  0.94480812 -0.28182544]
 [ 0.37554463  0.2033141   0.90422874]]
[[ 0.91201517 -0.25091098 -0.32445648]
 [ 0.16170849  0.94694482 -0.27775145]
 [ 0.37693328  0.20084617  0.90420248]]
[[ 0.91349707 -0.25459336 -0.31734103]
 [ 0.1663241   0.9455413  -0.27979982]
 [ 0.37129423  0.20281485  0.90609422]]
[[ 0.90493675 -0.25589368 -0.34001162]
 [ 0.16741549  0.94865268 -0.26838434]
 [ 0.39123079  0.18594764  0.90131123]]
[[ 0.90669164 -0.25465941 -0.33624227]
 [ 0.16860954  0.94953569 -0.26448591]
 [ 0.38662786  0.18311351  0.90387407]]
[[ 0.90519479 -0.25668262 -0.33872767]
 [ 0.17011932  0.94921177 -0.26468176]
 [ 0.3894635   0.18196443  0.90288822]]
[[ 0.89698532 -0.26009687 -0.35744502]
 [ 0.16334457  0.94637551 -0.27873274]
 [ 0.41077473  0.19163248  0.89137036]]
[[ 0.90270395 -0.26697654 -0.33741534]
 [ 0.17664774  0.94503246 -0.2751531 ]
 [ 0.39232787  0.18877813  0.90024533]]
[[ 0.90257018 -0.26104231 -0.34237988]
 [ 0.16809047  0.94576802 -0.27797203]
 [ 0.3963744   0.19333847  0.89750074]]
[[ 0.90666727 -0.25733694 -0.3342636 ]
 [ 0.16610808  0.9461537  -0.27785119]
 [ 0.38776612  0.19639469  0.90059234]]
[[ 0.89931587 -0.26335596 -0.34910543]
 [ 0.17196468  0.94698294 -0.27138801]
 [ 0.40206854  0.18402974  0.89692471]]
[[ 0.9045534  -0.25870397 -0.33890323]
 [ 0.17195619  0.94872169 -0.26525126]
 [ 0.3901464   0.18165742  0.90265518]]
[[ 0.90530269 -0.25893161 -0.33672165]
 [ 0.17126501  0.94793717 -0.26848355]
 [ 0.38870985  0.18539024  0.90251599]]
[[ 0.90467215 -0.25460954 -0.3416757 ]
 [ 0.16692224  0.94952378 -0.26559662]
 [ 0.39205263  0.18324459  0.90150771]]
[[ 0.90467031 -0.25666775 -0.34013719]
 [ 0.16485323  0.94689587 -0.27606453]
 [ 0.39293136  0.19367467  0.89894108]]
[[ 0.90550782 -0.26003945 -0.33531338]
 [ 0.16679306  0.94473556 -0.2822318 ]
 [ 0.39017388  0.19963516  0.89883822]]
[[ 0.90710345 -0.26571727 -0.32643171]
 [ 0.17797626  0.94493908 -0.27461717]
 [ 0.38142861  0.19100908  0.90444886]]
[[ 0.90644871 -0.25846402 -0.33398664]
 [ 0.17069971  0.94759736 -0.27003861]
 [ 0.38628013  0.18776473  0.90306814]]
[[ 0.90303107 -0.25580695 -0.34510533]
 [ 0.16366155  0.94764779 -0.27418708]
 [ 0.39717727  0.19111898  0.89762116]]
[[ 0.91058551 -0.25846459 -0.32253696]
 [ 0.1712168   0.94613304 -0.27480371]
 [ 0.3761899   0.19500853  0.90578851]]
[[ 0.90914431 -0.25791814 -0.32700897]
 [ 0.16983642  0.9465118  -0.27435562]
 [ 0.38027914  0.19389081  0.90431971]]
[[ 0.90990113 -0.25485496 -0.32730548]
 [ 0.16781129  0.94771728 -0.27142462]
 [ 0.37936697  0.19204401  0.90509657]]
[[ 0.91084197 -0.25827757 -0.32196212]
 [ 0.16857022  0.94478345 -0.28101302]
 [ 0.37676384  0.20168522  0.90408632]]
